fold,date,row_index,squared_price_error_full,absolute_price_error_full,absolute_percentage_error_percent_full,brier_full,zero_one_full,squared_price_error_zero,absolute_price_error_zero,absolute_percentage_error_percent_zero,brier_zero,zero_one_zero
1,2006-01-19,772,9.3656252953253905,3.0603309127160401,0.53950302560000707,0.067353493578081083,0,64.655872863811936,8.0408875669177178,1.4175209461291702,0.026209458800301535,0
1,2006-01-20,773,0.65958222542081857,0.8121466772823851,0.14646468481197208,0.051147775487059594,0,6625.1967485488822,81.395311588253549,14.67904627380587,0.021283057408109127,0
1,2006-01-23,774,52.243320149604934,7.2279540777183229,1.297075653246895,0.031323926036067241,0,40669.200285067469,201.66606131193089,36.189513021432191,0.0027792955181899495,0
1,2006-01-24,775,35.413982470720732,5.9509648352784552,1.0593617864314115,0.0082149138499008137,0,1588.7787461695077,39.8594875301917,7.0955919056861063,0.010876743993885569,0
1,2006-01-25,776,19.472960138517138,4.4128177096405352,0.78554832392354867,0.058417294217694114,0,688.1108977407298,26.231867980392281,4.6696694224107302,0.090601595397709039,0
1,2006-01-27,777,8.2794760251746986,2.8774078656274469,0.5050299018214035,0.50681742772128857,1,76359.551991995148,276.33232165636207,48.500626881327264,0.07596189236830693,0
1,2006-02-06,778,10.717384100018238,3.2737416055666699,0.58595697253743861,0.036661437880946057,0,33923.706230467811,184.1838924294625,32.966510189629943,0.02104870920706076,0
1,2006-02-07,779,16.64213188532424,4.0794769131990734,0.74341264933012718,0.17357191922377069,0,678.45888410044961,26.047243310961903,4.746650261678707,0.19219697880495057,0
1,2006-02-08,780,73.34039785029816,8.5639008547681215,1.537504641789609,0.012445645946054689,0,718.79606387151784,26.810372318778377,4.8133523013964767,0.010691921172392217,0
1,2006-02-10,781,9.704643027618383,3.1152276044646214,0.56712681676035348,0.04615703271703156,0,1950.1182939768159,44.160143726858678,8.0393489398978133,0.12522719739572505,0
1,2006-02-13,782,0.62351911003893878,0.78963226253677021,0.14630947981040765,0.11556584558209966,0,30.783747370158032,5.5483103166782257,1.028036004572582,0.033649896276438482,0
1,2006-02-14,783,0.54568532073427001,0.73870516495708216,0.13711464778785748,0.24520717710166498,0,59.099152022302235,7.6875972853878238,1.4269322107448397,0.22062179629623452,0
1,2006-02-16,784,182.61099968582377,13.513363744302296,2.4494043400946701,0.51417847001674355,1,593.97925048372838,24.371689528707861,4.4175619954155989,0.22116111406045244,0
1,2006-02-17,785,33.440766811548485,5.7827992193701903,1.0438265738935362,0.0048454207577003933,0,666.88252779860409,25.82406876924324,4.6613842543760358,0.0072729260859254507,0
1,2006-02-21,786,89.897109602476775,9.4814086296539699,1.7145404393587649,0.015469300101681543,0,321.00033464738851,17.916482206264391,3.2398702000478106,0.1589261829267487,0
1,2006-02-22,787,7.7630437779899921,2.7862239281848815,0.50548329611481879,0.13818245063124171,0,186.65454006112168,13.66215722575032,2.478620686819724,0.0067534732696498722,0
1,2006-02-23,788,40.741175228256779,6.3828814205072604,1.1518327926567284,0.11351938078368566,0,47.314061721022291,6.8785217685940552,1.2412743424332862,0.015904492014403533,0
1,2006-02-24,789,16.951199012746841,4.1171833834245035,0.74418136166733007,0.26492136425930657,1,2128.9341919639792,46.140374857211327,8.3398779678646768,0.26561277287087592,1
1,2006-02-27,790,1.9943721041262967,1.4122223989606937,0.25399683434544851,0.00058443411235437992,0,1216.2339574452938,34.874545981923461,6.2724003564610538,0.0072640422315183445,0
1,2006-02-28,791,102.82407164330048,10.140220492834487,1.7971148414416458,0.089000524014776788,0,1116.0183063434145,33.406860168884691,5.9205777880167814,0.16295009180416745,0
1,2006-03-01,792,16.760473716750695,4.093955754127137,0.72620057722876052,0.0099187164651715516,0,45.046089253364087,6.7116383434571389,1.1905345176864104,0.2374636593451841,0
1,2006-03-02,793,82.13601646877656,9.0628922794423943,1.6040517308747602,0.61391096134409728,1,2376.7014925327444,48.751425543595587,8.6285708926717852,0.050958842166172871,0
1,2006-03-03,794,41.883560457478602,6.4717509576217935,1.1449360385000962,0.014489179843091947,0,423.82597115216032,20.587034054281844,3.6421112877986452,0.31511696334022893,1
1,2006-03-06,795,51.686832158721131,7.1893554758908067,1.3000642813545762,0.048942775616011097,0,40.218245759182778,6.3417856916788651,1.1467966892728509,0.17207525486975145,0
1,2006-03-07,796,204.98048559354447,14.317139574424232,2.6282036850709924,0.43783791019952678,1,1956.8659475795739,44.236477567495967,8.1205098793016912,0.023512752815988157,0
1,2006-03-08,797,1.2489095999667452,1.1175462406391716,0.20315328860919316,0.084761291793970392,0,1689.592057733099,41.10464764151493,7.4722137141455969,0.19328997487179855,0
1,2006-03-09,798,50.587213135181095,7.1124688495051487,1.3294334298140464,0.06685028097211862,0,1632.8950959422493,40.409096697924952,7.5531021865280286,0.046247692480675076,0
1,2006-03-10,799,2.0423442106433836,1.4291060879596671,0.26294500238448337,0.39819663240439079,1,1172.2518643034689,34.238163857068457,6.2995701668939201,0.044496376355324135,0
1,2006-03-13,800,5.0574886135461314,2.2488860828299266,0.41203482646206058,0.014392660834242286,0,10.229393933988085,3.1983423728531761,0.58599164031754791,0.27090924016742191,1
1,2006-03-14,801,17.238593443718802,4.1519385163702509,0.75114220106200835,0.043677557517344291,0,3719.6208870544679,60.988694747915929,11.033685164706636,0.28298809111118772,1
1,2006-03-16,802,16.186851146365576,4.0232885984435143,0.72786767950131415,0.26010848019454419,1,268.50052339505135,16.385985578995587,2.9644478659422142,0.16119295398024194,0
1,2006-03-17,803,26.324483158927425,5.1307390460758597,0.9232099048269653,0.065948124980397343,0,120.03977252581231,10.95626635883832,1.9714379413114387,0.0031370529406333498,0
1,2006-03-20,804,57.512586233566246,7.5837053103061862,1.3769778139457443,0.35531999547702692,1,2405.1299947449111,49.04212469647814,8.9046072984980746,0.11755484066763472,0
1,2006-03-22,805,50.596198229852483,7.1131004653282162,1.3015737356501769,0.75945395711188945,1,1672.6424391418734,40.897951527452733,7.4836141861761627,0.011796343832755537,0
1,2006-03-23,806,51.443007333433947,7.1723780807647017,1.2882582991943785,0.061067243288627567,0,118.23257138345862,10.873480187293239,1.9530274247495716,0.058806524684079695,0
1,2006-03-24,807,3.9602169635857387,1.9900293876186197,0.3522175907289592,0.0033291294617015174,0,118.3894115386547,10.880689846634482,1.9257858135636252,0.085983919463591282,0
1,2006-03-27,808,26.26449113124918,5.1248893774645694,0.90306420748274341,0.00024404628773623223,0,2.2407769392883177,1.4969224894056197,0.26377488800099025,0.022284463196192834,0
1,2006-03-28,809,706.67934762331242,26.583441229895584,4.7050338459992185,0.0035893354435171695,0,466.24223147540113,21.592642994209882,3.8217067246389171,0.047270088368159234,0
1,2006-03-29,810,123.74016702592502,11.123855762545872,1.9113154231178475,0.46033613265943618,1,408.9285351025207,20.221981483092122,3.4745672651361033,0.001509434848434049,0
1,2006-03-31,811,18.258510483172717,4.2729978332749852,0.72793830209113886,0.01852651382240348,0,238.35698179288605,15.438814131690492,2.6301216578689086,0.15754102603178655,0
1,2006-04-03,812,84.688232463301134,9.2026209561896621,1.5650715911887179,0.18798867296189162,0,7.4821036261970937,2.7353434201571645,0.46519445921040209,0.036049344635116401,0
1,2006-04-04,813,424.36592956441137,20.600143920963546,3.5123860052793767,0.10478324423990194,0,340.80719553921466,18.460964101021773,3.1476494630898162,0.11126036921891108,0
1,2006-04-05,814,392.89305890983178,19.821530185882011,3.3610055423284462,0.51817066665931955,1,245.71703542759951,15.675363964756912,2.6579676074195695,0.098397931465434435,0
1,2006-04-07,815,383.24923352216746,19.576752374236321,3.2778153828775753,0.18305874872227926,0,183.45873998164913,13.544694163459326,2.2678433090764885,0.13241061761280207,0
1,2006-04-10,816,513.17813714672354,22.653435438068186,3.7929569590737859,0.063900660948161922,0,21.00228240862107,4.5828247193866218,0.76732100785041801,0.071481155036775629,0
1,2006-04-12,817,883.54601199045783,29.724501879601917,5.0125635547389402,0.2271797198556495,0,97.983500959823232,9.8986615741636115,1.6692515302130881,0.15596245399210906,0
1,2006-04-13,818,11.408122675747254,3.3775912535040788,0.54942517340448616,0.53191935937957346,1,843.06407775531272,29.035565738509604,4.7231501811321035,0.39881583265640658,1
1,2006-04-18,819,5.4847130958922392,2.3419464331816471,0.37486137385860702,0.0002487084506081221,0,111.90219948036967,10.578383594877323,1.69321866264543,0.017253578003733318,0
1,2006-04-19,820,1053.5012789570983,32.457684436156228,5.193229509784997,0.0054655083785550857,0,317.27401412218484,17.812187235771603,2.8499499577234562,0.0039491392520865677,0
1,2006-04-20,821,701.83727513230917,26.492211593830916,4.2489513382246855,0.01231106076626063,0,1.2164974876921424,1.1029494492913727,0.17689646339877671,0.00044546659549918316,0
1,2006-04-21,822,1222.1483522301448,34.95923843893263,5.6159419179008241,0.072352076794203524,0,42.379616058312706,6.5099628307934836,1.0457771615732505,0.59735168419703155,1
1,2006-04-24,823,514.08347530974584,22.673408991806809,3.5720218970944164,0.50407463370055416,1,2.54575550257143,1.5955423850751913,0.25136548012212545,0.19939923393036321,0
1,2006-04-25,824,1118.0648408752581,33.437476592519033,5.2616013520879674,0.026656669242541228,0,4.0606809032404358,2.0151131241794928,0.31709097154673371,0.00027137478326878166,0
1,2006-04-26,825,1721.3320548380648,41.488938945676409,6.5029684867831365,0.0010868456840632708,0,227.96231637327068,15.098420989403849,2.3665236660507598,0.00012125155699511619,0
1,2006-04-27,826,552.75381391434053,23.510717001281364,3.6507324536151184,0.0019978227700189022,0,908.33190089478023,30.138545102489275,4.6798983078399496,0.0044407960934305787,0
1,2006-04-28,827,180.51021160737938,13.435408873844494,1.9889576423159874,0.00041078282906067959,0,2373.7311144486875,48.720951493671464,7.212576090846996,0.0020874699424459874,0
1,2006-05-08,828,26.115986081909021,5.1103802287020699,0.73929551228963042,0.00011208519103859997,0,1779.0541496571525,42.178835328362879,6.1018206623309768,0.00019844111258591213,0
1,2006-05-09,829,347.12682702806933,18.631339914994555,2.6620002736097383,0.014725526356789077,0,1169.735933603534,34.201402509305581,4.8866127317196151,0.0011586228045140645,0
1,2006-05-10,830,646.66110966490874,25.429532234488875,3.5540925554841194,0.023038845714788762,0,2267.8954146798183,47.622425543852955,6.6558246741932852,0.00023989742659382747,0
1,2006-05-11,831,36.672722241206543,6.0558007101626572,0.83528285657415957,0.022524826387927622,0,2679.3201791416159,51.762150062971841,7.1396069052374962,0.0011346759093603101,0
1,2006-05-12,832,3086.1444656590725,55.553077913461038,8.0804476965034233,0.0019655238703255883,0,570.32062708797503,23.881386624062998,3.4736562362273453,0.00018207524144982806,0
1,2006-05-15,833,1722.0510292502368,41.497602692809096,5.9967633949146091,0.87440460918945584,1,652.9839834135023,25.553551287707592,3.6927097236571664,0.064278723888310671,0
1,2006-05-16,834,608.22871561187185,24.662293397246572,3.5257031304140916,0.00039221885281666619,0,3816.4260669808336,61.777229356623252,8.8316267843635821,0.013719302289696018,0
1,2006-05-17,835,645.84896579049052,25.413558699845453,3.6645362220397195,0.015095502829111949,0,1654.9624257390935,40.681229402994859,5.8660748958896693,0.052504720389805123,0
1,2006-05-18,836,2085.712890481379,45.66960576227234,7.0099164638944504,0.66153114730985729,1,262.20716269340147,16.192812068735975,2.4854661655772792,0.31307482814071702,1
1,2006-05-19,837,875.72420343558622,29.592637655937096,4.535270138840934,0.32634969228670913,1,73.745784721436195,8.5875365921453977,1.3160975620146202,0.35977248052037858,1
1,2006-05-22,838,26.296595914018724,5.1280206624016955,0.76910696099013054,0.0065195378266336527,0,515.216458260997,22.698380080106972,3.4043314705822234,0.010427230712085242,0
1,2006-05-23,839,1132.4651705932042,33.652119852888973,5.1892243412319159,0.0026693785454435788,0,54.494237228994237,7.3820212156965681,1.1383224696525163,0.052065660845428428,0
1,2006-05-24,840,1667.9469335749384,40.840506039653064,6.3564989944985317,0.50101686992145356,1,8.9078249501231745,2.9845979545196997,0.46452886451668479,0.085012158553821993,0
1,2006-05-25,841,729.88825631923567,27.01644418348269,4.206530818759469,0.57222379711786175,1,2.8175751526066377,1.6785634192983707,0.26135670210951667,0.042161005447410263,0
1,2006-05-26,842,132.26501053513471,11.500652613444799,1.7412040292876307,0.78177056787071464,1,116.09930374225249,10.774938688561178,1.6313306114399968,0.060883564799633937,0
1,2006-05-30,843,324.56605792340486,18.015716969452114,2.7589153092575982,0.045000856461595289,0,124.62566156501914,11.163586411410051,1.7095844427886757,0.071196813358236355,0
1,2006-05-31,844,1187.0782177087606,34.454001476007988,5.5126402361612783,0.013233764042475031,0,1119.202745912761,33.454487679723343,5.352718028755735,0.026965218792438083,0
1,2006-06-01,845,708.93378823203216,26.625810564789049,4.2112788556408143,0.066128919457092206,0,54.893087533140523,7.4089869437825655,1.1718445146354393,0.0028986316265731528,0
1,2006-06-02,846,455.14982538896504,21.33424067992496,3.3241260018580494,0.23319692650246923,0,49.457405297579221,7.0325959145666275,1.0957612830424786,0.066828286694828418,0
1,2006-06-05,847,1010.0223448061162,31.780848711230419,5.068715902907563,0.053096555004684028,0,727.25244047459466,26.967618368602643,4.3010555611806449,0.0057259687085296452,0
1,2006-06-06,848,1683.5305459638789,41.030848711230419,6.6419827942096994,0.01861828668839376,0,761.08799934966487,27.587823389127038,4.4658556680092332,0.014637714039349181,0
1,2006-06-07,849,1648.3914624617992,40.600387466892471,6.6124409555199462,0.034633481531501545,0,1860.9260508918755,43.138452115159112,7.0258065334135367,0.011263238458424401,0
1,2006-06-08,850,889.70285478750475,29.827887199523616,4.842189480442145,0.32565550063213966,1,8579.8847615890409,92.627667365582738,15.036958987919274,0.32340550864119433,1
1,2006-06-09,851,689.43420509038936,26.257079142402517,4.3100917830601633,0.080610460893800834,0,19345.883308090888,139.08947950183324,22.831496963531389,0.22078681766944941,0
1,2006-06-12,852,2158.1902455711502,46.456326216901289,7.9209422364708084,0.064581200263214705,0,44577.573244112551,211.13401725944721,35.998979924884431,0.035676855361147085,0
1,2006-06-13,853,2306.1859273185905,48.022764678000271,8.4584349939234293,0.0028835977770920829,0,1055.5982738023777,32.489971895992426,5.7225842177001187,0.020429546556031387,0
1,2006-06-14,854,405.48815945926145,20.13673656428125,3.5358624344655398,0.0024450617464440993,0,1029.7957768611554,32.090431235200867,5.6348430614926901,0.013327377991639199,0
1,2006-06-15,855,426.40415413030041,20.649555785302027,3.5974835862895516,0.016593298836189881,0,3178.7225165040118,56.380160664049299,9.8223276418204364,0.10102760588716507,0
1,2006-06-16,856,1487.2250239053003,38.564556576023278,6.7538627979025003,0.0071180277465028386,0,14975.771124956296,122.37553319579979,21.431792153379998,0.12275419128881419,0
1,2006-06-19,857,1365.4594977828385,36.952124401485207,6.5171295240714651,0.52019833701006712,1,7128.7800155556997,84.43210299143152,14.89102345527893,0.13645213772060807,0
1,2006-06-20,858,66.855621956310216,8.1765287228939769,1.4229949047848898,0.29740612006929412,1,40758.140334464093,201.88645406382295,35.135129492485717,0.32082118352252204,1
1,2006-06-21,859,26.804350626699531,5.1772918235984662,0.88576421276278294,0.085158669352002614,0,53041.568675438451,230.30755236300536,39.402489711378166,0.043013388223478527,0
1,2006-06-22,860,41.039480261645572,6.4062063861263141,1.1052806049217243,0.12832359483419842,0,62857.198836084593,250.71337985054686,43.256276716795519,0.023021058770079081,0
1,2006-06-23,861,519.23119350170509,22.786645069024644,3.9051662500470687,0.0015515127702648724,0,4378.0052266620978,66.166496254993717,11.339588047128315,0.00038954430788978991,0
1,2006-06-26,862,5.0851913629877004,2.2550368872787203,0.3830211273509504,0.83574805579444889,1,5247.7646538963181,72.441456735051361,12.304281398734839,0.57463757064449661,1
1,2006-06-27,863,0.1519220845528792,0.38977183653116754,0.066884914033662382,0.30379219034396526,1,1038.9075999566819,32.232089599600613,5.5310321063235719,0.027989542959638278,0
1,2006-06-28,864,1.5244429720875001,1.2346833489148139,0.209534721920206,0.17414614710315501,0,1540.2656529331928,39.246218326524058,6.6603679807423095,0.28897666258758431,1
1,2006-06-29,865,588.73166428720822,24.263793279023957,3.9549785295882574,0.0009851542109961637,0,500.8680669154877,22.380081923788566,3.6479351139019669,0.066897817282279337,0
1,2006-06-30,866,25.817052005888545,5.0810483176101116,0.81564303998878096,0.00088501372741721699,0,1.4120482966221115,1.1882963841660512,0.19075309160703927,0.023734153828283592,0
1,2006-07-03,867,607.88268178137957,24.655276956087505,3.9575083396609161,0.32451920729060085,1,37383.048488861743,193.34696400218377,31.034825682533512,0.27581455078863432,1
1,2006-07-05,868,700.59509195733369,26.468756902380846,4.2282359268978986,0.12112698700794779,0,5398.3788808973104,73.47366113715384,11.737006571430326,0.21400390054632989,0
1,2006-07-06,869,1013.3006417840827,31.8323835391584,5.0407574883861281,0.24460989924216472,0,42379.858808953773,205.86368987500873,32.59915912510035,0.15969823136314298,0
1,2006-07-07,870,1465.2384534716996,38.278433268247795,6.1147656978031621,0.11444822537920787,0,1.263475743060158,1.1240443688129744,0.1795598033247563,0.030017535923869288,0
1,2006-07-10,871,1866.2491672816823,43.20010610266695,6.8490061201215937,0.1081566747108456,0,623.34771210133749,24.966932372667202,3.9582928850839796,0.018696566971144843,0
1,2006-07-11,872,453.86296466572935,21.304059816516883,3.2775476640795205,0.39602390216869932,1,34.617661418351396,5.8836775420098775,0.90518116030921192,0.031784769683902266,0
1,2006-07-12,873,313.76360414496941,17.713373595816506,2.7272322703335652,0.0057048366636753695,0,2264.6016731442937,47.587831145622658,7.3268408230365916,0.020721044975826986,0
1,2006-07-13,874,239.99193619587425,15.491673124484464,2.3357215415732324,0.076888623177027979,0,190.68263693823107,13.808788395012471,2.0819884500584198,0.038258704528790356,0
1,2006-07-14,875,1248.9946463303245,35.341118351437672,5.4792431552616545,0.025173484374769312,0,1140.8650460511155,33.776693829490114,5.2366967177504051,0.086376811262789219,0
1,2006-07-18,876,1204.0431969952438,34.699325598565224,5.408249002270141,0.12651198964160296,0,5365.020643691616,73.246301228742027,11.416194081786475,0.098389478120858756,0
1,2006-07-19,877,307.38180018886499,17.532307326443515,2.7287637862168896,0.15646228069515161,0,11.988132748004839,3.462388301159308,0.53889312080300511,0.010196947673845847,0
1,2006-07-20,878,1788.7079059249886,42.293118895690213,6.6708389425378893,0.10311326324867669,0,24.300343680452915,4.9295378769670606,0.77752963359101901,0.34255149135625879,1
1,2006-07-21,879,1573.284866021145,39.664655122932118,6.5485644911560366,0.055473014726680828,0,3161.9539807350193,56.231254483027669,9.2836807797635235,0.0253932967348065,0
1,2006-07-24,880,1866.3668408493138,43.201468040441796,6.9820554408794822,0.054827498079142625,0,43.245573066748598,6.576136636867318,1.0628099615139099,0.061656857298284712,0
1,2006-07-25,881,723.27178136613691,26.893712673525329,4.3779444365172271,0.019053819976158286,0,13748.542854628366,117.25418054222359,19.087445961618688,0.092810574341132338,0
1,2006-07-26,882,2.326601342734449,1.5253200787816468,0.2387042376810089,0.67355975604315055,1,20358.580935853835,142.68349917160651,22.32918609884296,0.49131339157679771,1
1,2006-07-27,883,34.007991255860922,5.8316370991224176,0.91534093535118777,0.010291083007748475,0,43590.345247631165,208.78300995921859,32.770838166570179,0.010297597147762459,0
1,2006-07-28,884,642.17270585457675,25.341126767659262,4.0065022557564047,0.82436527365035361,1,330.54001208820512,18.180759392506275,2.8744283624515847,0.51404422468759203,1
1,2006-07-31,885,723.23712714617932,26.893068384737717,4.2201755017242393,0.19361916162107862,0,38.946276702113515,6.2406952098394868,0.97931662767194783,0.029479413787699131,0
1,2006-08-01,886,234.19790208955749,15.303525805825188,2.3385583444109397,0.04710774223044438,0,370.82321970051925,19.256770749544671,2.942660566861961,0.1581025793028302,0
1,2006-08-02,887,641.12067178689153,25.32036081470585,3.9292924914192819,0.25982757755046565,1,108.61468802598162,10.421837075390386,1.6172931526055843,0.074207565301702375,0
1,2006-08-03,888,1402.0164761891654,37.44351046829297,5.7406685271434217,0.020045894098091887,0,317.66732340929229,17.823224270857736,2.7325755877129527,0.0042039231285980611,0
1,2006-08-04,889,417.17174467954987,20.424782610337616,3.1434832797749315,0.013134798110180541,0,162.18289137235271,12.735104686352315,1.9600007212546851,0.4947290657422207,1
1,2006-08-07,890,626.01470910536989,25.020285951710662,3.8731092804505667,0.025394682694907949,0,292.27896034755184,17.096168001852106,2.6464656349616265,0.012881444465420045,0
1,2006-08-08,891,232.99995285189488,15.264335978086137,2.3519778086419318,0.00860038704408643,0,620.30171955401443,24.90585713349401,3.8375742886739617,0.0028018531517074782,0
1,2006-08-09,892,271.57492429420017,16.47953046340217,2.5559566441880062,0.26147522911266602,1,3.0285775809947477,1.7402808914065417,0.26991560936898668,0.034531607914078319,0
1,2006-08-10,893,133.71702309664704,11.563607702471018,1.7941982470862712,0.19486006069289163,0,730.99231973929443,27.03686963646669,4.1950146837031328,0.22843923559676513,0
1,2006-08-11,894,378.06638377798913,19.443929226830392,3.1130210097390956,0.57006050925784835,1,49.127120886934371,7.0090741818684137,1.1221700579360252,0.18978858736790435,0
1,2006-08-14,895,106.87611219395397,10.338090355280997,1.6416181588377921,0.084757623751727712,0,199.97688518847616,14.141318368118164,2.2455447984308319,0.022603377988012385,0
1,2006-08-16,896,435.06633764707004,20.85824387735147,3.3346512993367652,0.031658628451844237,0,197.85876331553544,14.066227757132879,2.2487974032186853,0.034178478324047405,0
1,2006-08-17,897,867.80326875473872,29.458500789326308,4.7985829596556941,0.65932650245691837,1,273.44443515193353,16.53615539210773,2.6936236181964048,0.74947689759813185,1
1,2006-08-18,898,581.95051639329347,24.123650561084105,3.859784089773457,0.40249263769040772,1,1160.205750825296,34.061793124045835,5.4498868998473338,0.11682621735701998,0
1,2006-08-21,899,534.09724005478893,23.110543915165408,3.7110467948880621,0.018856898819800412,0,7086.232374320577,84.179762261012456,13.517424690648328,0.06239472883039459,0
1,2006-08-22,900,350.0766237686608,18.710334678157437,2.9788783120772866,0.79859282947414523,1,2943.2591568861494,54.251812475586007,8.6374482527600716,0.76091789608523042,1
1,2006-08-23,901,354.02473581077004,18.815545057498866,3.0165202496992172,0.31154720467143115,1,100.7303586403541,10.036451496438076,1.6090503401103129,0.01062871652483377,0
1,2006-08-24,902,601.45224630330154,24.52452336546628,3.9476093948436666,0.63351978100281248,1,509.65698684805056,22.575583865053204,3.6338967992037348,0.09410790373141148,0
1,2006-08-25,903,492.13672470102142,22.184154811509529,3.6165886552835884,0.013225376525286613,0,0.19689194676208421,0.44372508015896983,0.072338617567487745,0.0010819948839029139,0
1,2006-08-29,904,145.60617571742569,12.066738404284138,1.9533368521706413,0.027509613721280492,0,194.75600423049457,13.955500859177164,2.2590855296118435,0.0024719266448158606,0
1,2006-08-30,905,78.936299702125837,8.8846102729453378,1.4249575417715057,0.17120386250385577,0,100.22557099281318,10.01127219651994,1.6056571285517143,0.018659095688740478,0
1,2006-08-31,906,343.26631435780723,18.527447594253431,2.9832457280820277,0.023530624348696388,0,209.55967662951275,14.476176174304896,2.330919599759262,0.068211387464737122,0
1,2006-09-01,907,0.059840933866121576,0.24462406640827794,0.038357360471701754,0.015936019555110533,0,117.61932122213926,10.845244175312018,1.7005478910720531,0.0071784795102830465,0
1,2006-09-05,908,224.46161476694837,14.982043077195726,2.3578915765180555,0.0069858353884993344,0,2198.9257881170074,46.892705062909386,7.3800291254185373,0.047091264161144911,0
1,2006-09-06,909,1459.0482162735727,38.197489659316261,6.1460160352882163,0.033270766042221428,0,15719.260641269297,125.37647562947882,20.173206054622497,0.0004682517636485869,0
1,2006-09-07,910,2512.276462880538,50.122614286173643,8.2168220141268264,0.00036756109455619043,0,3072.109054985598,55.426609629180803,9.0863294474066887,0.0070388719760001222,0
1,2006-09-08,911,2313.3335096899905,48.097125794479552,8.179783298380876,0.0019281524668465619,0,4359.9965431312703,66.030269900487838,11.229637738178203,0.0099602647407110133,0
1,2006-09-11,912,689.42116560681291,26.256830837075768,4.4450365392036169,0.00054987177338003998,0,93496.06090049175,305.77125584412238,51.764221405810453,0.003965074178420543,0
1,2006-09-12,913,1131.9412233033554,33.644334193194481,5.7121110684540719,0.0041870999755881707,0,33131.815646056253,182.02147028868944,30.903475431016886,0.099570873414809358,0
1,2006-09-13,914,947.75351052318695,30.785605573436214,5.2678996532231714,0.37738509993194808,1,13685.083495438896,116.98326160369652,20.017669678935064,0.12909284034610743,0
1,2006-09-14,915,806.7435400538925,28.403231155167759,4.9517488066889399,0.062991649705320882,0,918.18229274923863,30.301522944387443,5.282692284586374,0.0018559298970020428,0
1,2006-09-15,916,175.36113284313745,13.242399059201375,2.2694771309685304,0.23551827493976407,0,573.68263440803923,23.951672893725799,4.1048282594217307,0.0083325292570014496,0
1,2006-09-19,917,697.68912623574226,26.413805599264606,4.5521422833717544,0.032081488800457254,0,9842.9456336526109,99.211620456741912,17.098081939981373,0.04322516577469819,0
1,2006-09-20,918,307.69587988839027,17.541262209099727,3.0308876387213353,0.33386016315002404,1,433.78461309986028,20.827496563434124,3.5987035098806262,0.02615430645126119,0
1,2006-09-21,919,0.00057512143539286548,0.023981689585866661,0.0040715941571929813,0.66484641821102231,1,506.21056243005989,22.499123592488218,3.8198851600149775,0.0080785566065957257,0
1,2006-09-22,920,103.22335846765586,10.159889687770033,1.737475790982477,0.10299167655422971,0,20.342022700304483,4.5102131546418605,0.77130622567624807,0.19407782339395907,0
1,2006-09-25,921,14.171428859315418,3.7644958306943863,0.63697052972832258,0.24240141517483488,0,1.1348005983908485,1.0652701997103122,0.18024876475639801,0.015243335436301634,0
1,2006-09-26,922,1.1560330053752608,1.0751897531948771,0.18108459001176877,0.052107629492176878,0,388.94207205722518,19.721614336996481,3.3215350462309861,0.016032491701539375,0
1,2006-09-27,923,95.475591379628213,9.7711612093767144,1.6204247445069178,0.010400706019890873,0,141.02916284091307,11.875570000674202,1.9694145938099836,0.095798403604124172,0
1,2006-09-28,924,54.254736029269672,7.3657814269274695,1.2291666961914842,0.0019695904666491692,0,50.658919334734399,7.1175079441286471,1.1877359940139587,0.21335831279340547,0
1,2006-09-29,925,1288.0542245085867,35.889472335332357,6.2809717072685265,0.8984147427382484,1,17366.799107632767,131.78315183525081,23.063204731405463,0.003421340469211726,0
1,2006-10-10,926,100.98695346886942,10.049226510974336,1.7504313727528888,0.025713705463886065,0,460.40529571453322,21.457057014290967,3.737512108394176,0.00092677054238631635,0
1,2006-10-11,927,415.18103009175593,20.375991511868961,3.5560194610591553,0.075701290112912309,0,264.3945318343882,16.26021315464186,2.8377335348415111,0.40434629282164142,1
1,2006-10-12,928,60.719840711066603,7.7922936745907236,1.3295160680072895,0.1248421622016888,0,9.9869471827713152,3.1602131546418377,0.53919350872578697,0.06506206513395249,0
1,2006-10-13,929,10.535730855332696,3.2458790574099794,0.5454342223844697,0.00020602246350484048,0,14.349734648653422,3.7881043608450682,0.63654921203916448,0.042081826536121095,0
1,2006-10-16,930,5.5938607209868332,2.3651343980811816,0.40087023696291219,0.00053274605229600949,0,2.9281449085936431,1.7111823130787798,0.29003090052182712,0.28227621948356341,1
1,2006-10-17,931,2.1395868422766,1.4627326626135755,0.24625129000228543,0.60304955433584195,1,21.003906827523451,4.5830019449617794,0.77154914898346461,0.24875896296308872,0
1,2006-10-18,932,50.977104464949704,7.1398252405048197,1.1954500193394424,0.01098948344495379,0,7.4172583774922192,2.7234644072379979,0.45600073792180795,0.3362884142039344,1
1,2006-10-19,933,1099.189582657385,33.154028151302896,5.5571619428935461,0.00025300707015922161,0,21818.890468024249,147.71218794677793,24.758998985380142,0.019815340387163139,0
1,2006-10-20,934,1688.146337248447,41.087058026201476,7.0505462078423813,0.58084467559788389,1,12.67372973727969,3.560018221481414,0.6108997377059483,0.1471072334369419,0
1,2006-10-23,935,319.02961643753611,17.861400181327781,2.9956226719208017,0.63551097204038642,1,1.1595635894341929,1.0768303438491102,0.18060047695582562,0.0040081251406084645,0
1,2006-10-26,936,255.33504454408873,15.979206630621206,2.6799507975884622,0.00061318521461656793,0,47.420139334634293,6.886228237187197,1.1549229747903056,0.10512646130327856,0
1,2006-10-27,937,78.823063523792754,8.8782353834415062,1.4590362174924414,0.72639765035943993,1,238.73877749454249,15.451173984346383,2.5392233334998164,0.075159515693500767,0
1,2006-10-30,938,620.53704826735657,24.910581050376095,4.1259761574121896,7.873128327772604e-05,0,253.31427041215079,15.91584966039045,2.63616557521995,0.10721754196913783,0
1,2006-10-31,939,318.57233859539735,17.848594863333005,2.9064639087010269,0.55489324497696324,1,145.13226323125809,12.047085258736161,1.9617465003641361,0.042616840903156344,0
1,2006-11-01,940,46.857837191863325,6.8452784597752725,1.1027432073741881,0.00091872601113130684,0,0.064519327390454143,0.25400654989675786,0.040919299218164777,0.015078821892578942,0
1,2006-11-02,941,244.42057161243579,15.633955725037595,2.4970381288991526,0.022733114920224031,0,29.814120238898845,5.4602307862304542,0.87210202623070665,0.13449287402387156,0
1,2006-11-06,942,622.94926048062632,24.95895151004197,3.9886458665668352,0.40011424526915912,1,143.53968516157971,11.980804862845389,1.9146312205905534,0.058047912246704012,0
1,2006-11-07,943,963.54867043229456,31.041080368316671,4.9809179024898373,0.022983272926573487,0,1827.5610956787195,42.749983575186548,6.8597534620004081,0.0188006525288958,0
1,2006-11-08,944,436.06947671493509,20.882276617144385,3.3398283274121363,0.63031316425854678,1,20936.759534747544,144.69540260404801,23.142007613602242,0.074127790747775202,0
1,2006-11-09,945,738.10488226389464,27.168085730575399,4.3171914397863338,0.028745670726013459,0,1888.5168489931084,43.457069033623384,6.9056203771847109,0.02616658426284817,0
1,2006-11-10,946,638.55280591759515,25.269602409171284,4.0528632572848897,0.11634344975549846,0,20.965663567464787,4.5788277503597783,0.73437493991335656,0.19203042728999184,0
1,2006-11-13,947,527.24790511933691,22.961879389965816,3.6621817208876895,0.62267012792072396,1,72.483764350344671,8.5137397394062191,1.3578532279754736,0.29173056300132127,1
1,2006-11-14,948,378.8617916893275,19.464372368235445,3.1508494323327305,7.4656976029045656e-05,0,325.64022923778305,18.045504405191423,2.9211662331349935,0.035426193359828009,0
1,2006-11-15,949,41.112195030033327,6.4118792120589205,1.0263111984087909,0.67815847958288722,1,151.20452459847394,12.296524899274345,1.9682312763944529,0.0093018738106989702,0
1,2006-11-16,950,99.226016320527791,9.961225643490252,1.6053546564851335,0.006757907919244935,0,360.63114612282305,18.990290838289525,3.0604820045591499,0.47315885845308098,1
1,2006-11-17,951,47.534618002891236,6.8945353725172254,1.1022438645111472,0.82727080150917975,1,28.11175110870111,5.3020515943077271,0.8476501349812513,0.039351738706463649,0
1,2006-11-20,952,27.009393227555584,5.1970562078503235,0.83219474905529611,0.00049485947940745162,0,303.14568176764277,17.411079282102037,2.7880030876064108,0.35374928392219868,1
1,2006-11-21,953,4.120911898702257,2.0300029307127261,0.32130467406026053,0.16615130310269208,0,322.59004437913683,17.960791863922282,2.8427970661478765,0.062411718867237238,0
1,2006-11-22,954,47.457309438854267,6.888926581032365,1.0772363691997444,1.8030460269660908e-05,0,193.9414505420352,13.926286315527022,2.1776835520761568,0.0070136233053048891,0
1,2006-11-24,955,110.962131917693,10.533856459896015,1.6491360406882216,0.00049101910350213046,0,37.109870108979401,6.0917871030576407,0.95370443883485567,0.085089101917836113,0
1,2006-11-27,956,133.62879730360473,11.559792269050718,1.8147240610754658,0.80811260172813137,1,1896.2929696636602,43.546446119788698,6.8361767848961845,0.017625560290263291,0
1,2006-11-28,957,317.41756791483027,17.816216430960594,2.7947006166212698,0.69389422836302084,1,324.5021656001702,18.013943643749144,2.8257166499998658,0.249877402830605,0
1,2006-11-29,958,2.3561178102469125,1.53496508437388,0.2373534999804979,0.00027892444626839393,0,4117.7143841164252,64.169419384286357,9.9225946164042611,0.020096454447536879,0
1,2006-11-30,959,61.294332717083272,7.8290697223286543,1.2067930207828368,0.00023025886843950908,0,2220.2474137283752,47.119501416381468,7.2631216056079335,0.14173921943257151,0
1,2006-12-01,960,49.314674225855519,7.0224407598680045,1.0870651331065022,0.00098830413304021401,0,4693.7293691917066,68.510797464280813,10.605386604377836,0.053662685218609243,0
1,2006-12-04,961,479.34503366443334,21.893949704528723,3.3896810194346996,0.87152828475394295,1,7339.2965255414238,85.669694323847239,13.263615780128077,0.2009353804856219,0
1,2006-12-05,962,672.95546766388077,25.941385230243213,4.078834155698619,0.95293818658239882,1,9370.4159329224185,96.800908740168438,15.220268669837806,0.35420258264318666,1
1,2006-12-06,963,1210.5548030569541,34.793028081168131,5.5424975039694351,0.4941344068659746,1,4281.5264383311187,65.433374040554554,10.42347654967018,0.072021284126404572,0
1,2006-12-07,964,732.55717962903759,27.065793534072441,4.2462807552670911,0.54792454218845499,1,495.0785540615214,22.250360762502737,3.4908002451369216,0.032273597833373184,0
1,2006-12-08,965,636.86908834462736,25.236265340668524,4.0265281756152413,0.00012539083608020717,0,6434.1820998745497,80.213353625656055,12.798301336363153,0.079236273340497043,0
1,2006-12-11,966,392.48042451894912,19.8111187094255,3.1546367371696658,0.82851523060090604,1,37.124940262663017,6.0930239013697474,0.97022673588690256,0.23362169198409327,0
1,2006-12-12,967,768.20101446948752,27.716439426259058,4.4417370875415152,0.031093382959270971,0,110.08858120841973,10.492310575293686,1.681460028091937,0.15397059835248819,0
1,2006-12-13,968,723.29291882280381,26.894105652034682,4.2865963742484352,0.85108484443317756,1,665.68585701596214,25.800888686554231,4.1123507629190676,0.15511322372782946,0
1,2006-12-14,969,472.20968790718115,21.730386280671155,3.4838294638350553,0.0026968508900852232,0,1334.5873313484105,36.532004206564011,5.856834341733709,0.047473820110626286,0
1,2006-12-15,970,805.59560952311335,28.383016216095029,4.6226410775399076,0.51873574058796224,1,4045.2677307266054,63.602419220707361,10.358700198812274,0.04381481059171214,0
1,2006-12-18,971,643.31751709304956,25.363704719402676,4.0876236453509556,0.79854954707973269,1,62.258143798767911,7.8903829944285917,1.271616920939338,0.09743582426335877,0
1,2006-12-19,972,1085.9249456429677,32.953375330047265,5.3214978328699658,0.0014054983969198722,0,3863.1079524228307,62.153905367425068,10.036964936201061,0.008667236610430458,0
1,2006-12-20,973,915.78552001118953,30.261948384252946,4.8770263310641333,0.017296542379653546,0,1000.4352638410999,31.62965797856657,5.0974468942089555,0.014846563392322225,0
1,2006-12-21,974,474.89425835722028,21.792068703021755,3.5162676406650677,0.049269130629671955,0,4383.7941471391878,66.210226907473952,10.683376669217258,0.10910916417302204,0
1,2006-12-22,975,172.68094403706402,13.140812152871831,2.0908213449278965,0.58252368514793307,1,2721.8717697664802,52.171560928981989,8.3009643482867137,0.13367303001988948,0
1,2006-12-27,976,348.90529102947772,18.679006692794928,2.9555390336700835,0.16018291146000896,0,17.096279483633712,4.1347647434447481,0.65423492776024494,0.32451603397136469,1
1,2006-12-28,977,213.09776075361563,14.597868363347288,2.2963455031221156,0.2432050057875052,0,41.991119811171828,6.4800555407474576,1.019357486353226,0.0039354934284236637,0
1,2006-12-29,978,176.69758212172488,13.29276427691866,2.114325477480302,0.33958811520323351,1,16.172718590877668,4.0215318711751706,0.63965832212107054,0.4954809821478936,1
1,2007-01-04,979,474.96482147066848,21.793687651947948,3.5756665548725102,0.9435205994984609,1,248.43493029442578,15.761818749574104,2.5860244051803289,0.0080066867692944535,0
1,2007-01-05,980,804.09239444096954,28.356522961057294,4.6516605907246218,0.55869048058280246,1,15.637653373161722,3.9544472904771055,0.64869542166619176,0.23913088024663334,0
1,2007-01-09,981,1120.0715251734653,33.467469655972877,5.5008990230067187,0.013174627797253183,0,14.594277169732893,3.8202456949433099,0.62791678089140535,0.18676595139300592,0
1,2007-01-10,982,614.72379493352128,24.793624078248854,4.0512457644197477,0.77160715352472309,1,0.048508166141051509,0.22024569494328716,0.035987858650863916,0.29487584493656749,1
1,2007-01-11,983,684.9314112044151,26.171194302217373,4.2228631387200277,5.1603649593959421e-05,0,84.904035610063858,9.2143385877698165,1.4867831525243755,0.11362999061262445,0
1,2007-01-12,984,530.54318305307254,23.033523027384945,3.6733152104911806,6.6910640159090689e-05,0,0.19717415573523739,0.44404296609138783,0.070814602677838748,0.066793115124086117,0
1,2007-01-16,985,651.35903857415201,25.521736590094179,4.0737009720820714,9.5550201050467295e-05,0,0.22449301986113876,0.47380694366074749,0.075627604734357146,0.024875784422961435,0
1,2007-01-17,986,232.78804975799551,15.257393281881264,2.4027390995088602,0.65458290423093968,1,48.902949707802158,6.9930644003757152,1.1012699843111362,0.014899816663575493,0
1,2007-01-18,987,178.56982606315594,13.36300213511754,2.1244836462825978,0.039324315932774155,0,68.303356963840699,8.2645845003751219,1.3139244038752182,0.36988287188273927,1
1,2007-01-19,988,80.849091599740348,8.9916122914492007,1.4071380737792176,0.29299589836810341,1,42.374731463345256,6.5095876569369011,1.0187148132921597,0.03967310070280021,0
1,2007-01-22,989,109.77570943542101,10.477390392431744,1.6307222400671975,0.00056637940202706192,0,3.1937195308057036,1.7870980753181129,0.2781475603607958,0.019646602493126362,0
1,2007-01-23,990,542.42079316359002,23.289929007268142,3.6271498220321043,0.019821676131314674,0,1951.9326177027406,44.180681498849026,6.8806543371513822,0.06434830656393796,0
1,2007-01-24,991,336.57338817688151,18.345936557638083,2.8148732731320418,0.61379600707378601,1,19.578720040257878,4.4247847450760673,0.67890828463000652,0.34996693646482246,1
1,2007-01-25,992,155.3356703877248,12.463373154476471,1.9330551616093792,0.0093774670764781264,0,2.4554462133123343,1.5669863475194461,0.24303782047606762,0.52534484049474217,1
1,2007-01-29,993,98.325627722761809,9.9159279809184682,1.5243548010635617,0.48988726960618645,1,182.51626752918975,13.509858160957492,2.0768421461886999,0.028976569769223012,0
1,2007-01-31,994,249.57522368646468,15.79794998366765,2.4466393036499379,0.050231287257168758,0,127.27278571207331,11.281524086402214,1.7471773403131816,0.057304100890694369,0
1,2007-02-02,995,125.99246369377791,11.224636461541991,1.728462651915921,0.3434110613337864,1,75.675188274802593,8.6991487097762956,1.33956709420639,0.038096107712830382,0
1,2007-02-05,996,23.602790157387247,4.8582702845135373,0.74370765932086302,1.005077055447208e-05,0,356.02785864606426,18.86870050231505,2.8884348262250366,0.022838000295247449,0
1,2007-02-06,997,18.99451987287371,4.3582702845135373,0.6666570224877304,2.7907204225777764e-05,0,418.99308466759777,20.469320571714093,3.1310624201474715,0.059796588745196486,0
1,2007-02-07,998,39.847464285028465,6.3124847948354272,0.9622690236029614,0.054169458687834522,0,369.06820308973556,19.211147885791092,2.9285286411266909,0.33567507691369092,1
1,2007-02-08,999,0.0017666809784407512,0.042031904292343825,0.0063253430086296194,0.0019538663840959255,0,1495.4314076727071,38.670808210751261,5.8195347194509051,0.30289863548624102,1
1,2007-02-09,1000,10.456902727434258,3.2337134578428959,0.48423382118042768,0.00016447898015102005,0,607.7410721440682,24.652404997161398,3.691585054980743,0.091062784359150009,0
1,2007-02-13,1001,104.7053341265397,10.232562441858818,1.5312476531027037,1.028849178951514e-05,0,4.7837749549417294,2.1871842526275032,0.32730029968237984,0.0078147436300430341,0
1,2007-02-14,1002,222.13092965865465,14.904057489779575,2.2420545302413801,1.6129424967342594e-05,0,287.75070622873938,16.96321627017528,2.551818919921065,0.011980258043353613,0
1,2007-02-15,1003,3.259225357860732,1.8053324784816596,0.26326394144829157,0.56358003528692013,1,1508.8342890994204,38.843716211240917,5.6644135925980192,0.032278857851145766,0
1,2007-02-26,1004,226.9195750572602,15.06384994140808,2.2277210797704941,0.0055019727403249757,0,418.84400534039611,20.465678716827256,3.0265718303500817,0.002629367106581351,0
1,2007-02-27,1005,698.02546591074702,26.420171572318509,3.9777433863773721,0.87202136553612841,1,23367.302573329842,152.86367316445671,23.014705384591494,0.26355295971298592,1
1,2007-02-28,1006,544.06916028531896,23.325290143647067,3.4793093889688347,0.064145252241797041,0,1420.5403459907996,37.6900563277743,5.6220251085582191,0.010103735015572692,0
1,2007-03-01,1007,687.80855246331134,26.226104408838751,4.0230256801409343,0.00039297549331799198,0,77.947940540143165,8.8288130878472657,1.3543201546015133,0.02392872507290382,0
1,2007-03-02,1008,3712.0515607670654,60.926607986716817,9.5683718864101799,0.14463910924140919,0,21641.068487847922,147.10903605097792,23.103107349976902,0.0022908629967552238,0
1,2007-03-05,1009,482.43529707169552,21.964409782001781,3.4119471506022183,0.4751238213987769,1,89.31929696563833,9.4508886865542081,1.4680992134453139,0.093094121506405253,0
1,2007-03-06,1010,137.79464230072259,11.738596266194804,1.8159957094979589,0.011547726042625764,0,49.244290980845484,7.0174276612477797,1.0856169030395699,0.083702175321240843,0
1,2007-03-07,1011,58.1441748986717,7.6252327766876533,1.1654922088937949,0.00085174700593902935,0,5063.2765518542792,71.156704194715758,10.876072479131182,0.045053775330078948,0
1,2007-03-08,1012,328.45358144684701,18.123288372887714,2.7785800495036739,0.03534284182022869,0,661.70715221034811,25.723669104743749,3.9438358152155994,0.05901841022407088,0
1,2007-03-09,1013,45.080735325579496,6.7142188916939176,1.0365447922337194,0.5609102434598503,1,120.63807191764484,10.983536403073686,1.6956443694440271,0.057284662426285209,0
1,2007-03-12,1014,0.91862998027749954,0.95845186643748548,0.14727287437576606,0.61976846080929648,1,238.78785475148925,15.452762042802874,2.3744256365708165,0.015874435361090296,0
1,2007-03-13,1015,488.08473125133821,22.092639752898208,3.4345339685811438,0.035611208980417274,0,2361.2178775416087,48.592364395464529,7.5541957863139571,0.10674107899612315,0
1,2007-03-14,1016,34.243158393630402,5.8517654082875197,0.90235395655937078,0.54899145136643135,1,335.64722147835448,18.320677429569969,2.825085185747104,0.016303760525191991,0
1,2007-03-15,1017,8.252428389345317,2.8727040204910281,0.43978934790125962,0.027352181420829152,0,336.82581032707492,18.352814779403047,2.8096777065834426,0.024688459228828837,0
1,2007-03-16,1018,62.158258585285338,7.8840508994605898,1.1963658421032761,0.05409727857795902,0,1151.8893481330517,33.939495401862587,5.1501510473236101,0.051791814364219285,0
1,2007-03-20,1019,0.3676736356065084,0.60636097797146249,0.091457161081668556,0.00072341413931337607,0,318.05694627690218,17.83415112296916,2.6899172131175204,0.0040258042227157478,0
1,2007-03-22,1020,149.02247399287273,12.207476151640549,1.8601868421547503,0.045533465636637932,0,30.614513976443561,5.5330384036660689,0.84312966151101998,0.26793873882870484,1
1,2007-03-23,1021,151.90512329244501,12.324979646735528,1.8589712891003813,0.6972463554352053,1,66.95985955722476,8.182900436717091,1.2342232936224873,0.0019569106416372057,0
1,2007-03-26,1022,582.22442818908939,24.129327139170073,3.618946702537694,0.01546478496803994,0,3331.734220032291,57.721176530215416,8.6570943427394695,0.11928605694029218,0
1,2007-03-28,1023,2264.0039569984565,47.581550594725854,7.198419152000886,0.034702110377413366,0,9622.3012670525604,98.093329370821948,14.840140600729493,0.058602137866867327,0
1,2007-03-29,1024,554.9543165828145,23.557468382294701,3.5598743305318781,0.10431907988422862,0,13459.167680197819,116.01365299048996,17.531341592820546,0.016319113052975859,0
1,2007-03-30,1025,1020.7028541281662,31.948440558627681,4.8097012508284047,0.17357046663159467,0,16719.393995514536,129.30349568172755,19.466088924610847,0.083788353410728406,0
1,2007-04-03,1026,1473.7761713867337,38.389792541595398,5.7106422523756635,0.064224578604796329,0,10483.495595643719,102.38894274111692,15.23078359852985,0.037198531170176651,0
1,2007-04-04,1027,281.68897557956274,16.783592451545132,2.4919959096577777,5.7950767484438069e-06,0,5307.2297215087683,72.850735902314455,10.816738812518849,0.014287566920203127,0
1,2007-04-05,1028,173.20130241719238,13.160596582875428,1.9428102425266354,0.00013666466241617862,0,5712.4274274834124,75.580602190531749,11.157455298277496,0.29461610481438932,1
1,2007-04-10,1029,286.55868481688043,16.928044329363047,2.496025409814663,0.0022947850078355926,0,1387.2287833242438,37.245520312169674,5.4918195682939652,0.043896056355169889,0
1,2007-04-11,1030,949.83538957041685,30.819399565377921,4.550668079051742,0.39408049748131735,1,1400.6353140685985,37.425062646154629,5.5260336133118679,0.3735516176185788,1
1,2007-04-12,1031,608.81849181519851,24.674247543039655,3.6192515648022963,0.0047240153182069641,0,447.19876188613313,21.147074546757835,3.1018811216366462,0.0097928303079756786,0
1,2007-04-13,1032,386.29865044056191,19.654481688423175,2.8629980609502077,0.034931338373783836,0,1937.2623278767021,44.014342297445523,6.4114118423081612,0.46764564130390401,1
1,2007-04-16,1033,530.31338526885429,23.028534153715782,3.3471706618772941,3.3603391711111249e-06,0,211.17196096569469,14.531756981373405,2.1121739798507857,0.01378542741382351,0
1,2007-04-17,1034,381.79547133841118,19.539587286798337,2.8369636714044772,0.00013885867331215866,0,5.4940493091352263,2.3439388450075285,0.34031779963811665,0.083640603089429277,0
1,2007-04-18,1035,833.54500243789914,28.871179443138431,4.2339315798707187,9.2433454663932643e-06,0,947.38601769373338,30.779636412630566,4.5138050172504132,0.0081712393743973381,0
1,2007-04-19,1036,244.08279264511319,15.623149255035401,2.2596397534040209,0.90662451025500046,1,2980.6601756958794,54.595422662489568,7.89635849905837,0.014978434945193464,0
1,2007-04-20,1037,74.463810392666758,8.6292415884981892,1.2529754012629866,1.1978610739972665e-05,0,1077.6370043101301,32.827381928964883,4.766572082033524,0.0078739931262123402,0
1,2007-04-23,1038,88.044637295338802,9.3832103938544833,1.3630462512862409,0.91630567978827182,1,656.5300222886442,25.6228418074312,3.7220862590690293,0.10370352644182246,0
1,2007-04-24,1039,183.9582468766821,13.563120838386794,1.9829124032729233,0.86565855965953242,1,450.40901438325056,21.222841807431223,3.1027546502092429,0.028875835305749407,0
1,2007-04-25,1040,1170.230870804364,34.208637371347663,5.0830070388332338,0.41904991477949882,1,9.1683089587002975,3.0279215575540093,0.44991405015661357,0.016279272467706819,0
1,2007-04-26,1041,264.56626450363416,16.265493060575636,2.4008107838488022,0.66454004108104003,1,860.71689373403103,29.337976987754814,4.3303287066796772,0.10188172216431567,0
1,2007-04-27,1042,380.7308641064086,19.512325953263712,2.8516369679596218,0.03268709734522781,0,1418.7635647176105,37.666477997253878,5.5047830467305632,0.025687636149123155,0
1,2007-05-08,1043,919.42140676831548,30.321962449160765,4.4395259808434497,0.00029865156234623033,0,3020.971122349456,54.96336163617957,8.0473443098359549,0.27331093309934534,1
1,2007-05-09,1044,1157.2017702720511,34.017668501413368,5.0508787678416285,0.97912961518155994,1,1599.2029620402743,39.99003578443353,5.9376445114229446,0.054763144011478762,0
1,2007-05-10,1045,1217.2510372211386,34.889124913375781,5.2151158315957815,0.37846758425499349,1,633.85369784385239,25.176451255962434,3.7632961518628454,0.060093664256054245,0
1,2007-05-11,1046,1273.3820343380733,35.684478899629084,5.3244522380825252,0.058852815133483664,0,698.65708059448014,26.43212213566062,3.9439155678395434,0.0026808828919461067,0
1,2007-05-14,1047,1345.6983565332359,36.683761482885529,5.4895265967655114,0.0069260194317943488,0,552.38304607835266,23.502830597150478,3.5170715446540184,0.0020960639730431274,0
1,2007-05-15,1048,737.24657595749431,27.152284912277537,4.0662351047963359,0.37178777138126207,1,407.17797285077171,20.178651413084367,3.0218871453514589,0.025088317051301601,0
1,2007-05-16,1049,547.96054998513728,23.408557195716639,3.5643025802385444,0.96570313832652865,1,42199.208094054666,205.42445836378556,31.278943032171387,0.093630083667335023,0
1,2007-05-17,1050,1316.2488384830222,36.28014385973438,5.5220919116795102,0.82831604321134555,1,5311.7994901161082,72.882093068984432,11.093164850682562,0.0082932104529062963,0
1,2007-05-18,1051,655.00561711282,25.59307752328391,3.8895254594656397,0.022285485249701902,0,4562.386883721585,67.545443101082583,10.265264908979116,0.23339883706989106,0
1,2007-05-21,1052,293.58367770446512,17.13428369394137,2.5882603767283037,0.0022313886615690573,0,6502.4020952999599,80.63747326956593,12.180887200840775,0.22036706546714444,0
1,2007-05-22,1053,103.5778842495447,10.17732205688435,1.5372437213026735,0.1184840651742794,0,498.18279460112416,22.320008839629168,3.3713479102226676,0.1424542578454388,0
1,2007-05-23,1054,133.41412930873562,11.550503422307429,1.7527319305474096,0.026928387848547796,0,8907.5762795996725,94.379956980280895,14.321693016734582,0.35847793406721196,1
1,2007-05-24,1055,291.03932986675198,17.059874849094058,2.6033686630694426,0.29821699874736624,1,12875.523474010135,113.47036385774982,17.315788777315706,0.14913633751727981,0
1,2007-05-25,1056,258.8308000914156,16.088219295230147,2.4370551079648788,0.068793870829522014,0,2129.3595507539276,46.144984025936424,6.9900755928101823,0.0022157848805168783,0
1,2007-05-29,1057,991.58146672814837,31.489386572750959,4.8248504669809176,0.051717670349266935,0,1104.355889000389,33.231850520252237,5.0918333747417819,0.066935544772239383,0
1,2007-05-30,1058,1140.1120083823619,33.765544692516983,5.1229774984853558,0.46059217202193375,1,12746.142629733982,112.89881589163804,17.129239249224401,0.00016581907280390585,0
1,2007-05-31,1059,464.23220601960253,21.546048501282144,3.2327154540558354,0.0057250919333666078,0,311.14828900857214,17.639395936612232,2.6465710332501473,0.06000191937584342,0
1,2007-06-01,1060,278.52581445335323,16.68909267915285,2.4868265056106167,0.10190516951937041,0,1751.7407547480825,41.853802154022787,6.2365969533635504,0.15386609544492441,0
1,2007-06-04,1061,53.053337325214848,7.2837721906450952,1.0847017409746977,0.0025845473183104557,0,1107.6128615956973,33.280818223050005,4.9561903533953844,0.10672629991063487,0
1,2007-06-05,1062,1322.2879230376602,36.363277121811507,5.4297860417816191,0.079691316990037495,0,2740.0883824620837,52.34585353647492,7.816313802669093,0.0078792864544058976,0
1,2007-06-06,1063,1528.5639758970926,39.096853785146095,5.8462585099283881,0.055990327308395683,0,3064.7616880760847,55.360289812067322,8.2781741775053952,0.013046437984439108,0
1,2007-06-07,1064,1543.8071790125121,39.291311749705073,5.9963848530644901,0.10070503736960436,0,3983.1931848103309,63.1125437992348,9.6318266004173676,0.0017302110568756029,0
1,2007-06-08,1065,1413.065806515971,37.590767570188973,5.7805270752251232,0.25671250353464542,1,11162.183968746798,105.6512374217491,16.246538124211764,0.0020055780288102021,0
1,2007-06-11,1066,1013.1061234638653,31.829328039779057,4.9176250351145701,0.83608343308371968,1,1622.4272237903203,40.279364739160428,6.2231540732576942,0.068797687642941863,0
1,2007-06-12,1067,420.86885612131931,20.515088498988234,3.1676196246411235,0.42174599974640076,1,2.7496042478863387,1.6581930671325154,0.25603228088203744,0.0012369897417212527,0
1,2007-06-13,1068,293.05661429335044,17.118896409913532,2.6205735032397293,0.039444432938211822,0,408.5402387248414,20.212378353989948,3.0941260396463757,0.017183096899860216,0
1,2007-06-14,1069,229.61904206791758,15.153185871885739,2.3201938251241372,0.0038312193441705994,0,30.925349595075122,5.5610565178817524,0.85148622230619386,0.14201115496095534,0
1,2007-06-15,1070,935.78804653542124,30.590652927576116,4.663209287740262,0.66797439602274078,1,214.23206339583612,14.636668452753725,2.2311994592612385,0.062801785984791386,0
1,2007-06-18,1071,592.80706553317634,24.347629567027184,3.7098323277506,0.0044955336477243415,0,5940.0252324728499,77.071559167262535,11.743342856508082,0.22646296049285083,0
1,2007-06-19,1072,668.0265709609514,25.846209992201011,3.9297871358067527,0.35232326593117547,1,2210.7278869937441,47.018378183362984,7.1489095611012594,0.4220659006390684,1
1,2007-06-20,1073,427.80050997414543,20.683338946459912,3.179606294613361,0.033517052216262208,0,18253.652200656088,135.10607758593278,20.769573802603041,0.15166549030277879,0
1,2007-06-21,1074,388.24336520529033,19.703892133415934,3.0181346608586863,0.37518731837870262,1,3466.958380580259,58.880882980643719,9.0190523061413366,0.025199176863559849,0
1,2007-06-22,1075,978.32851345789084,31.278243452244737,4.8064915024578925,0.050251043846582792,0,4433.6642446729793,66.585766081595693,10.232157676772292,0.42146134148560616,1
1,2007-06-25,1076,570.13647745205083,23.877530807268386,3.6904993519734752,0.23131430459786753,0,4947.1199902849476,70.335766081595693,10.871061218175532,0.014878162834496096,0
1,2007-06-26,1077,751.49618093013703,27.413430666921954,4.2693397705843257,0.32736609833183228,1,3057.9235728769941,55.298495213495585,8.6121313212109616,0.0080920837840619559,0
1,2007-06-27,1078,788.25271360510817,28.075838609115635,4.3377116429688121,0.09164019935583087,0,24399.293313372302,156.20273145298165,24.133291842870861,7.49615619429203e-05,0
1,2007-06-28,1079,159.86924133687694,12.643940894233765,1.943726501803807,0.0024267591715118816,0,945.65649617343854,30.751528355082428,4.7273679254546392,0.14504073082521857,0
1,2007-06-29,1080,243.35584016009105,15.599866671228028,2.3825684110313903,4.3182847464564115e-05,0,171.50182563129093,13.095870556449881,2.0001329601298021,0.048874829026528163,0
1,2007-07-02,1081,1459.9905841723278,38.209823137150579,5.8402480912725379,0.26519238784643628,1,2289.8477754291243,47.852353917327036,7.3140777863702002,0.0082751241738686348,0
1,2007-07-03,1082,955.36992373718044,30.909058926748003,4.74793531900891,0.17323883953877736,0,2839.7893701820713,53.289674142201989,8.1858178405840221,0.097022426946288098,0
1,2007-07-05,1083,1366.5194468401596,36.966463813031396,5.698106175419098,0.63113774223372632,1,581.22652583362435,24.108640066034923,3.7161680255930514,0.0094520853282539074,0
1,2007-07-06,1084,669.8812495151509,25.882064243702644,3.9141117948888686,0.68144763105178352,1,817.04016348464893,28.583914418509039,4.3227091748217834,0.041246881883319063,0
1,2007-07-09,1085,555.54944237852544,23.570096359126865,3.5620517393270159,0.0012931932516841787,0,1732.1328359259358,41.618899984573545,6.2896932121162967,0.15009449742955541,0
1,2007-07-10,1086,575.41286100973184,23.987764818959931,3.6180640752579083,0.026661168248581453,0,302.39127344973929,17.389401181459334,2.6228357739757668,0.1014434213504285,0
1,2007-07-11,1087,872.34898113651673,29.535554525630914,4.4264600263216058,0.096811097806179233,0,6372.3255325479704,79.826847191580669,11.963558964643038,0.52404578228038212,1
1,2007-07-12,1088,1156.7602141271318,34.011177782122331,5.1029524054197051,1.1366723438474285e-05,0,21173.148793842545,145.50996114989016,21.831952160523656,0.22737998438573143,0
1,2007-07-13,1089,2142.0785059279574,46.282593984433902,6.9441251289473218,0.081715988577973728,0,12115.6110739016,110.07093655412223,16.514769175412187,0.11817104571734771,0
1,2007-07-17,1090,1533.1470537521566,39.155421767006374,5.872579192651874,0.17329857435430265,0,10595.97241252588,102.93673985767123,15.438581156006185,0.010778002330025904,0
1,2007-07-18,1091,1062.7004348378136,32.599086411091548,4.8330743381900003,5.3500912050626428e-05,0,30421.451522443826,174.41746335285302,25.858778851423725,0.080414393544308155,0
1,2007-07-19,1092,583.23868037175305,24.150334995021353,3.5431829511474993,4.2658555006684603e-05,0,26856.696675424861,163.88012898281738,24.043446153582362,0.069153121640878293,0
1,2007-07-20,1093,371.98426735233858,19.286893667782238,2.8279902738683633,0.00016662034579037111,0,24517.952214583747,156.58209416974773,22.95925134453779,0.026821691621737781,0
1,2007-07-23,1094,494.57320372309277,22.239001859865311,3.2498906707387567,0.0031879721445286996,0,3333.8107740026162,57.739161528399563,8.4376971399093339,0.050123852004583663,0
1,2007-07-24,1095,688.22211832511948,26.233987846401078,3.8879567019490295,0.00058669351551240967,0,3685.4248643365531,60.707700206288109,8.9970656104169109,0.099234711828498856,0
1,2007-07-25,1096,1760.9658914057927,41.963864114328089,6.2632633006459839,0.00099389094835554588,0,14396.504587194262,119.98543489605004,17.908273865082094,0.0016875029971330393,0
1,2007-07-26,1097,2103.9090717501917,45.868388588985681,6.9444948658570302,0.090712996654722669,0,573.36156421297312,23.944969497014881,3.6252792576858264,0.034790344486411398,0
1,2007-07-27,1098,2025.6737146976068,45.007485096343771,6.8038526222741913,0.016875014717510337,0,94.583579467791409,9.7254089614674513,1.4702054363518446,0.00094702101545045573,0
1,2007-07-30,1099,1386.6441324739117,37.237670878747394,5.5954426564609161,0.00099551936955594687,0,369.11556279761476,19.212380456299911,2.8869091594740661,0.10223203565396465,0
1,2007-07-31,1100,1317.2911504232347,36.294505788386687,5.4516719171440764,7.817069584222552e-05,0,2127.6268893194379,46.126206101514981,6.9284575443507288,0.047525985284061545,0
1,2007-08-01,1101,1306.0813937529797,36.139748114132999,5.4243524373933205,4.2427142454413817e-05,0,452.70239653886654,21.276804189982727,3.193516576357633,0.19447518767505381,0
1,2007-08-02,1102,714.19896696542617,26.724501248207162,3.9857570839980849,3.5139536861780337e-06,0,58.852571390396299,7.6715429602131735,1.1441525667730312,0.22851044539437226,0
1,2007-08-03,1103,843.44596351414384,29.042141166142414,4.3249651773853186,2.155835949758025e-05,0,9.2116519032380495,3.0350703292078833,0.45198366778970711,0.066643199358131053,0
1,2007-08-06,1104,1211.8152054239267,34.811136227131783,5.2112479381933809,0.020800652816614799,0,14.249762997047894,3.7748858256969697,0.56510266851751045,0.1358133274710758,0
1,2007-08-07,1105,969.1562678189938,31.131274754159904,4.6086269066113852,0.15260061931459765,0,2167.5132371813988,46.556559550523048,6.8921627757991182,0.010804614330596317,0
1,2007-08-08,1106,956.28756779461889,30.923899621403166,4.667053972442373,1.0145725918398275e-05,0,1288.0196617079137,35.888990814843396,5.4163885926416233,0.16638257945678303,0
1,2007-08-09,1107,401.31408648599989,20.032825224765475,2.99668290572408,0.07146823322056188,0,115.76327811263035,10.75933446420504,1.6094741158122723,0.0090985498661471584,0
1,2007-08-10,1108,1316.2506245161269,36.280168474197126,5.4250719213752712,0.069736710261369669,0,7.3477533667764563,2.7106739691037092,0.4053344252865359,0.31489109894979123,1
1,2007-08-13,1109,407.3464340534286,20.182825224765452,3.0197987917656097,0.008871950985618238,0,119.01357845189136,10.909334464205017,1.6322786659991046,0.070597997606082999,0
1,2007-08-14,1110,818.76990955703161,28.614155754748936,4.3207483208378914,0.78806836479591691,1,289.31745891519336,17.00933446420504,2.568415925134774,0.049114294924488329,0
1,2007-08-16,1111,1236.393000872931,35.162380477904662,5.3478905669816976,0.056020666781789817,0,2799.4690667818636,52.91000913609696,8.0471496784938346,0.023265314922817672,0
1,2007-08-17,1112,1379.0822693598252,37.135996948511092,5.6480603723971239,0.019024641086249808,0,2738.1390412313831,52.327230399012933,7.9585141291274422,0.043466217013126113,0
1,2007-08-21,1113,661.36150998971277,25.716949857821646,3.8994616918607496,0.8241290229289181,1,173.89372851164075,13.186877132651261,1.9995264795528827,0.080507854364538584,0
1,2007-08-22,1114,553.01318822280621,23.516232441077932,3.5590211791264368,0.16122513022377924,0,142.48903568001259,11.936877132651261,1.8065648327886887,0.3104042494384765,1
1,2007-08-23,1115,984.79001487912217,31.381364133496845,4.748636473253665,7.7990909987357321e-06,0,154.24785192264963,12.419655869735266,1.8793456714436354,0.20055396566732642,0
1,2007-08-24,1116,1176.5945572749347,34.301524124664411,5.1503789976973584,2.8601750771739966e-05,0,277.22493758701131,16.65007320065024,2.500010991088625,0.3802702191608906,1
1,2007-08-28,1117,1315.5999260887957,36.271199678102676,5.460474170583768,0.037980992835660803,0,1633.696788826574,40.419015188727371,6.0849100773394618,0.16091545707472749,0
1,2007-08-29,1118,1179.4765955363812,34.343508783122047,5.1566830004687763,0.4034186585440665,1,2476.1563466678435,49.76099221948698,7.4716204533764232,0.013158115355997512,0
1,2007-08-30,1119,1087.3223783236856,32.974571692801192,4.9069303114287495,0.57769364397653133,1,7634.8413182519171,87.377579036340421,13.002615928026847,0.19296482233261991,0
1,2007-08-31,1120,778.52609451279386,27.902080469255225,4.1108037523764605,0.00055919996432092327,0,7065.5141534470467,84.056612788328835,12.38403135003003,0.076177126564436051,0
1,2007-09-04,1121,542.68167492785255,23.295529075937566,3.4245540721701677,5.5829416717513568e-06,0,203.71132928673086,14.272747783336285,2.0981621144191527,0.028532444408648917,0
1,2007-09-05,1122,288.31373449387848,16.979803723655891,2.467456764318229,0.00014062034161186905,0,1236.3181538224103,35.161316156003181,5.10954241894982,0.35563862503222499,1
1,2007-09-06,1123,171.50437672644938,13.095967956835011,1.8615448410568602,0.00059783350936535532,0,4720.0322325627722,68.702490730415093,9.765812470563624,0.0223365076701077,0
1,2007-09-10,1124,2677.6521192996493,51.746034817168834,7.3487232574265189,0.00044257192612385843,0,2275.6806396126399,47.704094579109665,6.7747063238102196,0.0098385443876478264,0
1,2007-09-11,1125,3376.5018379681032,58.107674518673548,8.2305487986789725,0.0076364193081642408,0,6139.6040815176029,78.355625717095791,11.098530554829432,0.012513086469681828,0
1,2007-09-12,1126,2652.2591576067839,51.50008890872698,7.3101616619910548,0.00022629617916256574,0,7037.1755761260702,83.887875024499635,11.907434354080856,0.007200593877590364,0
1,2007-09-13,1127,2621.9682356973863,51.205158291888779,7.1480642551669957,0.98969588048123391,1,9676.8884694402022,98.371177025794509,13.732278498749844,0.60102643606413764,1
1,2007-09-14,1128,2831.6430431168947,53.213184861619538,7.4450066263196284,7.7272820093825817e-05,0,20448.821266222545,142.99937505535661,20.006908017538525,0.0046194905599210041,0
1,2007-09-18,1129,792.36224727933381,28.148929771473263,3.8818078702990091,0.96373256318662692,1,12866.946813975321,113.4325650506737,15.642634634306516,0.27570588654342865,1
1,2007-09-19,1130,102.46982242196702,10.122737891596671,1.3781807885087367,3.3602022666038237e-05,0,9686.4786718364576,98.419909936132626,13.399579296954748,0.001338303007909917,0
1,2007-09-20,1131,193.28534158016166,13.902709864632925,1.8863921118904918,5.8294447472165436e-05,0,10863.99309861549,104.2304806600041,14.142534689281424,0.0054756820024902857,0
1,2007-09-21,1132,806.2447163693239,28.394448689300589,3.8976593945505269,0.00013314663853251777,0,10478.011459675594,102.36215833830192,14.051085564626209,0.002320544395346878,0
1,2007-09-25,1133,631.16957010524402,25.123088387084181,3.4192702806511308,0.95641628864380002,1,2.7210141198275748,1.6495496718279128,0.22450488898644611,0.72310384101075864,1
1,2007-09-26,1134,53.690262922244436,7.3273639818316951,1.0013479988837302,0.0001438717278638213,0,88.52665005270363,9.4088601888169023,1.2858025539893272,0.0091046580006871151,0
1,2007-09-27,1135,14.317419116810855,3.7838365605309718,0.51046698961631998,0.98807111262073366,1,26.286826400939599,5.1270680121234591,0.69167865256302996,0.17058407295956973,0
1,2007-10-10,1136,150.4205718975019,12.264606471367188,1.6374641483801318,0.00018825910690570724,0,490.95722547546404,22.15755459150364,2.9582849921900722,0.0028886908311282176,0
1,2007-10-11,1137,185.89054102824511,13.634168145810918,1.8191018206552259,0.0010281843173251942,0,920.23411852443837,30.335360860296987,4.0474130567440945,0.01407048964253107,0
1,2007-10-12,1138,698.86071302633457,26.435973842972658,3.4836889824039874,0.00015547565760775053,0,310.18711331125678,17.612129721054657,2.3208973737964893,0.0024365514522364938,0
1,2007-10-15,1139,309.52316394515356,17.593270416416431,2.3248457768637505,0.00019108398021657416,0,377.85059379862145,19.438379402579358,2.568665927000906,0.0054756820024902857,0
1,2007-10-16,1140,205.94474481552118,14.350775059749253,1.8820688602949842,0.95812482616029093,1,552.48833356161879,23.505070379848235,3.082632180963703,0.28101732091660336,1
1,2007-10-17,1141,19.179309319251693,4.3794188335042463,0.57310983884109745,0.00018328448619333635,0,580.38011947232269,24.091079665974348,3.1526637003172611,0.010372989210832821,0
1,2007-10-18,1142,18.210567595378848,4.2673841630885363,0.55929019175472305,0.00021045282538387569,0,160.68705556389168,12.67623980381768,1.6613682573810851,0.010551017164473901,0
1,2007-10-19,1143,197.44191848404429,14.051402723004003,1.8704030246927124,0.74911925403368096,1,83.792246940516492,9.1538105147810711,1.2184772731821725,0.63325630043622716,1
1,2007-10-22,1144,120.82096695689353,10.991859121954462,1.451070511149104,0.99217148347426887,1,358.34948017220233,18.930120976163948,2.4990258714407854,0.079418219503449336,0
1,2007-10-24,1145,905.06121829072799,30.084235378196468,3.9197700818497028,0.00010025499368778629,0,2226.2483081616233,47.18313584493535,6.1476398495029771,0.020343965322574063,0
1,2007-10-25,1146,1715.9748014579591,41.424326204030876,5.3166047877855203,0.00018078760125946972,0,61.877032706324329,7.8661955675106583,1.0095868019650462,0.013101925335899036,0
1,2007-10-26,1147,1343.1937847996301,36.649608248924437,4.648016264923835,0.000186450581782349,0,3.9610947171715392,1.990249913244952,0.25240962755167429,0.010129652366830378,0
1,2007-10-29,1148,852.03515455116155,29.189641219980103,3.7267336380440605,0.00011766953896526963,0,699.52332140047338,26.448503197732634,3.3767638937417979,0.0077199181713756872,0
1,2007-10-30,1149,38.744869384966371,6.2245376844361999,0.78841515952326779,0.97381528402059392,1,24.089110611686781,4.9080658727941682,0.62166762163320688,0.17619860374215526,0
1,2007-10-31,1150,20.012344606312368,4.4735159110382483,0.56608869484824409,0.00019048924084594742,0,73.0430062100057,8.5465201228339538,1.0814957447433031,0.039871842810585499,0
1,2007-11-01,1151,1043.5055057027889,32.303335829334856,4.0556604933251545,0.00011193360454986334,0,64.42688340539118,8.0266358709855012,1.0077383391067798,0.024512429147059169,0
1,2007-11-02,1152,1500.1378203816994,38.731612674683447,4.8128751382023545,4.2154550774884688e-05,0,59.650311738314159,7.7233614274041429,0.95972183005953937,0.0074047138320755849,0
1,2007-11-05,1153,1549.9604092667278,39.369536564032956,4.7865697950192043,0.00046070763630451595,0,112.09172416979575,10.587337917049581,1.287214336419402,0.13942118493850097,0
1,2007-11-06,1154,1762.0232328105499,41.97646046072191,5.0301330689900432,0.00015249558129667271,0,11.109165604150361,3.3330414945137363,0.39940581120596003,0.029188004830830436,0
1,2007-11-07,1155,1611.3962127406439,40.14219989911669,4.7725835095846731,0.00031694144339311725,0,0.66414081273488113,0.81494834973443631,0.096890779899469301,0.0025575462421616071,0
1,2007-11-08,1156,1244.8305284794187,35.282155949990056,4.3910586123198581,0.00017091570932794087,0,588.79356629828749,24.265068850062789,3.0199214499144729,0.020029424519123359,0
1,2007-11-12,1157,1012.1642483498654,31.814528887756069,3.9558009185895018,0.68793184764377935,1,38.39260687314016,6.1961767948582747,0.77042919426276346,0.090004753234805862,0
1,2007-11-13,1158,1346.3704096974091,36.692920430205731,4.5105003601973861,3.6684575233767293e-05,0,3451.3766807275779,58.748418538098349,7.2216863599383343,0.013941688659325345,0
1,2007-11-14,1159,1238.5505690393156,35.193047168997964,4.4323736988662423,0.00020746802319716501,0,2739.5598957549928,52.340805264678465,6.5920409653247445,0.040044187350768271,0
1,2007-11-15,1160,1231.397346116044,35.091271651452644,4.443339240449844,0.94857571268850882,1,6650.830786122403,81.552625868959012,10.326385041970118,0.12066552665113778,0
1,2007-11-16,1161,901.23323933880715,30.020546952692371,3.8544709446867014,0.98120516783035516,1,10818.95458633465,104.01420377205534,13.354844164095184,0.19793581466727281,0
1,2007-11-19,1162,1297.4542286094925,36.020191956866256,4.5279939606368638,0.88503812825364359,1,1847.1498141333557,42.97848082626183,5.4027002924276344,0.048476320393285879,0
1,2007-11-20,1163,1408.1724853555254,37.525624383286754,4.7024591959005955,0.00036200956617670382,0,12346.132249821505,111.11315066103339,13.923953716921478,0.017995306481522023,0
1,2007-11-21,1164,3690.9229734289547,60.752966787054561,7.3196345526571758,0.0090645202298645627,0,842.73367035364458,29.029875479471912,3.4975753589725196,0.056669042359420108,0
1,2007-11-26,1165,2146.4623429744756,46.329929235586746,5.7144531897115938,0.00057343146906691585,0,89.788236080170194,9.4756654689879269,1.1687530643216684,0.038439216688650205,0
1,2007-11-27,1166,24.233742322200907,4.9227779070562292,0.61400410440364561,0.55536094346426945,1,13045.613597855847,114.21739621378106,14.246011376835805,0.073639969607863051,0
1,2007-11-28,1167,268.97553039197322,16.400473480725282,2.0642509100975812,0.6215539924518082,1,1185.9649589485716,34.437841961257845,4.3345301398688285,0.10967391825033979,0
1,2007-11-29,1168,200.06672146827114,14.144494387155419,1.8052960289923956,0.35999560959088323,1,12522.330792906389,111.90322065475323,14.282478705137617,0.036633039728501599,0
1,2007-11-30,1169,660.01695108741774,25.690795065303405,3.2758425330319931,0.55192226546901979,1,12918.422560448542,113.65923878175738,14.492730479025488,0.0091445394813982703,0
1,2007-12-03,1170,1415.3588744612275,37.621255620476404,4.7173988238841886,0.0030204255042310738,0,8942.1807900793992,94.56310480350885,11.857442608590452,0.023812638014341289,0
1,2007-12-04,1171,1428.1413447501241,37.790757398471442,4.7655431776130444,7.8982755566451169e-07,0,316.16211779204832,17.780948169095154,2.2422381045517219,0.010738331548918248,0
1,2007-12-05,1172,1706.5643616698574,41.310584136149146,5.154158968951859,0.98092004639053942,1,11166.983745650918,105.67395017529589,13.184522791677592,0.089769230738278527,0
1,2007-12-06,1173,1099.8057699474894,33.163319646071159,4.1846460121225437,1.6480758169668541e-05,0,149.58454040667101,12.230475886353361,1.5432777143663545,0.053101070240437934,0
1,2007-12-07,1174,2055.1812276291957,45.334106670686651,5.6002602434449233,0.60408440296141375,1,1708.9771384351232,41.33977671002981,5.1068285003125151,0.054413267196006893,0
1,2007-12-10,1175,2202.3984376227713,46.929718064599228,5.8027472104604918,0.0035272185568955977,0,2.4656917232274362,1.5702521209116185,0.19415791294115839,0.29855471573289788,1
1,2007-12-11,1176,2815.1991638319091,53.058450446954339,6.5182371556454965,0.001775602868339318,0,2404.0422085924574,49.031033117735319,6.0234684419822253,0.0028387019368259839,0
1,2007-12-12,1177,1556.4789393775952,39.452236177149643,4.9272182062132686,0.098301095454012749,0,363.30292938249693,19.060507059952442,2.3804804620897269,0.27680775697300442,1
1,2007-12-13,1178,739.69627727642387,27.197357909848961,3.444883839119564,0.33128436950215862,1,75.098773684401124,8.6659548628181255,1.0976510275893763,0.026433977027198852,0
1,2007-12-14,1179,3064.9900241322534,55.362352046605224,7.0012459116794465,0.0074892740566477427,0,182.38743525324796,13.505089235293781,1.7078835580516953,0.0084172580380690813,0
1,2007-12-17,1180,1290.5882183123865,35.924757734915715,4.4668644992123987,0.50758512188890625,1,1354.8932178138825,36.808874172050992,4.5767950478148576,0.10212592234405941,0
1,2007-12-18,1181,1046.6938112611138,32.352647670030251,4.0453451291066269,0.003578702035948371,0,3842.6006018161397,61.988713503476902,7.7510113789905466,0.097234120785462633,0
1,2007-12-19,1182,956.29943541139778,30.924091505028855,3.8886000006323611,0.98678701241875,1,3898.610266256831,62.438852217644353,7.8514746579873433,0.13613276663413626,0
1,2007-12-20,1183,1852.2934465972389,43.038278852635813,5.191589728906612,0.94620608447140764,1,2379.0068042273642,48.775063344165574,5.883602333433724,0.15477092847031887,0
1,2007-12-27,1184,4552.106334400075,67.469299198969566,8.0922697689918515,4.445767951776344e-05,0,3816.9822699841993,61.781730875592984,7.4101026537442856,0.016055779448309472,0
1,2007-12-28,1185,2336.7852169381081,48.340306338893924,5.6538369987010437,0.00072525888411989416,0,60.804310897279855,7.7977119014028631,0.91201308788337576,0.30264673846023438,1
1,2008-01-04,1186,4255.1813352560275,65.231750974935721,7.591707998246811,0.0001586623267636449,0,3.909214824225391,1.9771734431317327,0.23010456131879342,0.028051748068335026,0
1,2008-01-07,1187,756.89959024435427,27.511808196560878,3.1496059755650689,0.00010961842954993876,0,3.3174841596271687,1.8213962115989943,0.20851702479667938,0.021783484282819982,0
1,2008-01-08,1188,223.00469812566908,14.933341827121922,1.7027755789192613,0.0029201658255680785,0,2082.3352318516031,45.63261149497805,5.2032624281616933,0.018669454464787551,0
1,2008-01-09,1189,2283.0075472250505,47.780828239211701,5.4035429165068365,0.00185147321145526,0,13.541774025044559,3.6799149480721098,0.4161622785492915,0.01869940806019724,0
1,2008-01-10,1190,2698.8199565883242,51.950168013090433,5.8305463538822035,0.0015241864778258976,0,188.00735182783117,13.71157729175718,1.5388975636091111,0.017962926559489334,0
1,2008-01-11,1191,3807.3317992583488,61.703580117026831,6.7583329810544175,0.0016526280929115031,0,287.37947703354376,16.952270556876556,1.8567656688802361,0.02347994267608525,0
1,2008-01-15,1192,1970.860151502098,44.39437071861812,4.9895330956581194,0.0061096299721174752,0,10.729782136241095,3.2756346158021188,0.36815224678866182,0.013949959247777838,0
1,2008-01-16,1193,1007.5730215629259,31.742290742208979,3.5735762164040508,0.6184412093280508,1,1024.6737880462315,32.010526206956229,3.6037744111405834,0.016572942114990916,0
1,2008-01-17,1194,2268.6434759746221,47.630278982750269,5.4002583880669235,0.77187418300913813,1,258.83969024632694,16.088495586795148,1.8240924701581798,0.25038304432935926,1
1,2008-01-18,1195,2037.2874390239049,45.136320619030357,5.1584366421748982,0.78688671554429235,1,550.88871127530581,23.471018539366924,2.6824021187847915,0.19280654801763877,0
1,2008-01-22,1196,1303.1163550766239,36.09870295559972,4.0640251005459858,0.97908769367422177,1,4464.985702857899,66.820548507610283,7.5227186611438537,0.40498361345995054,1
1,2008-01-23,1197,4065.0083920690527,63.757418329705388,7.0120889007099692,0.00025156997117001657,0,2392.6179618243837,48.914394219129235,5.3796419267670315,0.0053365290712406995,0
1,2008-01-24,1198,4558.616559715867,67.51752779623871,7.3528481128493013,0.00074234619373776136,0,1053.6253012682685,32.459594903021639,3.5349409096674806,0.073359385069532171,0
1,2008-01-25,1199,8973.318309403694,94.727600568174921,10.276929814827765,8.4314233985036227e-05,0,2.4803996037326859,1.5749284440039446,0.17086286346666066,0.096525489074341553,0
1,2008-01-28,1200,6355.7244256667864,79.722797402416745,8.6233420662430227,7.4378045100452654e-05,0,0.3797509735307712,0.61623938005516266,0.066656504062213379,0.15195044964892634,0
1,2008-01-29,1201,4566.1188047404648,67.573062715408014,7.3528903934067484,0.00069565460526750797,0,179.47448398611849,13.396808723950585,1.4577593823667665,0.10022626087597773,0
1,2008-01-30,1202,5124.7452017334126,71.587325705975445,7.7538397731898661,0.5482081879911197,1,184.8858184901911,13.5972724651009,1.4727617075657622,0.21065497678815814,0
1,2008-01-31,1203,5312.274198072424,72.88534968066233,7.9677889784818072,0.0010506126368295472,0,187.78813214080407,13.703580996980463,1.4980684336682659,0.04147945819991012,0
1,2008-02-01,1204,1209.8657902614696,34.783125079001593,3.8918181906575207,0.97031920594742571,1,779.15023356143479,27.913262682127197,3.123162258140106,0.066986337554336944,0
1,2008-02-04,1205,3574.8340962964353,59.789916342945617,6.6507137200161974,0.96148593500139734,1,391.05588578602112,19.775133015634083,2.1996810918391638,0.16533189420405386,0
1,2008-02-13,1206,5623.6091206639994,74.990726897823833,8.2771221741527423,0.00016931696898496635,0,5981.3002737017459,77.338866514203232,8.5362987322520123,0.020189049121925744,0
1,2008-02-14,1207,5234.2409764660024,72.34805440691548,7.928553907607176,0.00025945681755284354,0,22297.22581336588,149.32255627789755,16.364115756481922,0.0075104385411462081,0
1,2008-02-15,1208,4065.135911754398,63.758418359887173,6.9002617272605162,0.00061909444827133394,0,1340.6782411664817,36.615273331855406,3.96269191903197,0.071506309555502176,0
1,2008-02-19,1209,6810.9595695947437,82.528537910196519,8.9704932511083175,0.00048952011894520461,0,171.54797906310861,13.097632574748332,1.4236557146465578,0.0050922842526430175,0
1,2008-02-20,1210,6540.944870398871,80.876108155615839,8.5583183233455919,0.86251612465303684,1,7274.2067755602257,85.288960455384995,9.025286820675662,0.25141189910944978,1
1,2008-02-21,1211,2438.0645041030893,49.376760769648399,5.2361358186265532,0.0051382533784469038,0,292.37782346395693,17.099059139729206,1.813261838783585,0.20976726256281172,0
1,2008-02-22,1212,5.7446613314636448,2.3968023138055514,0.25559075593767544,0.97356360717896906,1,339.20606416880241,18.417547724081032,1.9640146866522028,0.1116180949763757,0
1,2008-02-25,1213,81.053064151781925,9.0029475257707645,0.96082684373220528,0.90585855410329708,1,122.80640970944494,11.081805345224438,1.1826900048265143,0.29278549627265232,1
1,2008-02-26,1214,846.80356711784952,29.099889469168943,3.0328180791213075,0.85792023329198142,1,197.61311001325976,14.057493020210245,1.4650852548421307,0.17211971125675446,0
1,2008-02-27,1215,30.046603266158261,5.4814782008285192,0.57113604593159872,2.3555065560163219e-05,0,669.07457094073141,25.866475812153681,2.6951264196044473,0.037339075271880399,0
1,2008-02-28,1216,161.61055837857583,12.712614144170971,1.3085552387206352,0.00014976045884051889,0,39.948144713523448,6.3204544704889258,0.65058718172814478,0.028707874405220019,0
1,2008-02-29,1217,325.58621942452299,18.044007853703761,1.8253928026002793,0.0010225744002059195,0,47.158028253951137,6.8671703236450412,0.6947061531254467,0.034263617493762104,0
1,2008-03-03,1218,439.0734812603074,20.95408030098929,2.1278578625020859,0.00086862636324253376,0,18619.727475356485,136.45412223658354,13.856727315215389,0.0025957319211505803,0
1,2008-03-04,1219,17.786235886577519,4.2173731026051655,0.43277302232992976,0.989385833057149,1,2747.4892747386202,52.416498115942659,5.3788094526364967,0.49557049900087574,1
1,2008-03-05,1220,179.96448467571605,13.415084221715347,1.379443107631398,0.95909877153313428,1,645.62175431450453,25.409088026029281,2.6127596941932425,0.23929539039454073,0
1,2008-03-07,1221,4.1800480263719848,2.0445165752255434,0.21093800105499547,0.97490932803327579,1,25.256871120963968,5.0256214661436616,0.51850621265346009,0.061075693164296986,0
1,2008-03-10,1222,185.46086344032952,13.618401647782662,1.4039589327610993,0.9694446852124543,1,794.50561243193863,28.186975936271324,2.9058738078630233,0.16266449522025195,0
1,2008-03-11,1223,154.19159055943135,12.417390650190214,1.2729257457908985,0.00012379949541517832,0,107.44311189822832,10.365476925748681,1.0625809252433296,0.0020878697124248613,0
1,2008-03-12,1224,1101.2470312142841,33.185042281339406,3.3351801287778295,0.0010727430263150731,0,1489.0559721820189,38.58828801828372,3.8782199013350471,0.06595214587470187,0
1,2008-03-13,1225,1420.6843536092904,37.691966698612191,3.7560504931352456,0.0015695887308174773,0,2188.2209190862204,46.778423649009596,4.6615270203298049,0.076797550478332671,0
1,2008-03-14,1226,294.81770444105024,17.170256388331836,1.6979239939017885,5.3172258421653148e-05,0,30256.801219079804,173.94482234053362,17.200971306851283,0.026825875671377349,0
1,2008-03-17,1227,2.8187116676944588,1.6789019231910061,0.16676453172992364,4.1950635897494129e-05,0,1608.8956023217015,40.111040902994546,3.9842106682885072,0.11000729677226301,0
1,2008-03-18,1228,1226.8826257763224,35.026884328702749,3.6543436962652844,0.94942856509934204,1,144.837054632101,12.034826738765332,1.2555896441069727,0.087279652679245256,0
1,2008-03-19,1229,3643.7888051458663,60.363803766378624,6.5134937972893034,0.61694924956923713,1,0.25817534829931194,0.50810958296347053,0.054827038895437878,0.026490042889182414,0
1,2008-03-25,1230,146.15270722020671,12.089363391850156,1.2769330226406292,0.7092508122793485,1,38.677581967398375,6.2191303224324201,0.65689256112304406,0.026174692485530289,0
1,2008-03-26,1231,443.32544719115788,21.055294991786695,2.2239551087178975,0.00031069015237425852,0,25504.809855595846,159.7022537586613,16.868471482298528,0.35625428336961745,1
1,2008-03-27,1232,925.51257503610736,30.422238166119655,3.2563273391618575,0.96653348514594484,1,23008.882135001881,151.68678958631131,16.236209749672071,0.028248232472281115,0
1,2008-03-28,1233,983.57486046802205,31.36199707397509,3.3596140411328435,0.96698980280884694,1,13113.845544169593,114.51569998986861,12.26734868664902,0.077087019069943363,0
1,2008-03-31,1234,5740.3790164509046,75.765288994703269,8.5129538196295798,0.98275132032818047,1,5043.2296450510239,71.015699989868608,7.9792921336931011,0.063820450137481555,0
1,2008-04-02,1235,3502.6939970990256,59.183561882494246,6.6016243036803397,0.80776181927563484,1,1132.1374434157417,33.647250161279771,3.7531790475493336,0.088669995332353993,0
1,2008-04-03,1236,335.02875201626091,18.303790646100083,1.9755845273718387,0.025468556392571947,0,504.24068953346546,22.455304262767527,2.4236701848642772,0.11425529352109512,0
1,2008-04-07,1237,818.96365156036927,28.617540976826945,3.1276001067570434,9.5745261599498464e-05,0,4716.6450354409371,68.677835110324622,7.5057743289972265,0.20685976395717798,0
1,2008-04-08,1238,192.68348869990481,13.881047824278426,1.5137456733128054,0.90469257876726261,1,860.80201891892614,29.339427719690207,3.1995013870981683,0.059512667484944187,0
1,2008-04-09,1239,152.75252350530587,12.359309183983783,1.3318221103430801,0.0084789503001471925,0,2.8068430490225906,1.6753635572682697,0.18053486608494285,0.16856589836353314,0
1,2008-04-10,1240,37.422624199213303,6.1174033869946243,0.65938058604091876,0.0072334689987786334,0,2277.2542763224774,47.720585456619006,5.1436901597002436,0.025726963004639482,0
1,2008-04-11,1241,533.36392858258137,23.094673164662481,2.4839659225235255,0.71331844444952985,1,11.191271992052949,3.3453358563906477,0.35981025613236328,0.037851327016347844,0
1,2008-04-15,1242,390.15971870834517,19.752461079783075,2.0902075216701665,0.015935103096190555,0,1338.4316180552664,36.584581698514285,3.871384306721088,0.1195448255343745,0
1,2008-04-16,1243,224.37664860855452,14.979207208946491,1.5834257091909609,0.00642155887862566,0,663.69881754128937,25.762352717507952,2.7232930991023205,0.05079552719149364,0
1,2008-04-17,1244,1342.4775134435167,36.63983506299553,3.9890947265101282,0.07375239476512585,0,1983.0594694455219,44.531555883951796,4.8482913319490253,0.081096417962760417,0
1,2008-04-21,1245,906.52086070406551,30.108484862311911,3.2797913793368099,0.36746574298383261,1,596.52831092220674,24.423929063977539,2.660558721566181,0.031160481024080332,0
1,2008-04-22,1246,350.94090479334261,18.733416794416939,2.0849656977648232,0.78403028997033597,1,4352.0227528857267,65.969862459199703,7.3422217539454309,0.020348700129028358,0
1,2008-04-23,1247,3.612082170175412,1.9005478605326971,0.21223315025490755,0.96290549182296381,1,3218.9995967717082,56.736228256482718,6.3357038812376016,0.088773171035974194,0
1,2008-04-24,1248,199.0084964158209,14.107037123925807,1.582393395841369,0.877116958835095,1,1073.2263594654498,32.760133691202327,3.6747205486486063,0.03959618960203222,0
1,2008-04-25,1249,2072.1703083441139,45.52109739828461,5.111858214293612,0.98954869371889898,1,140.94797985521004,11.87215144172319,1.3332006110862651,0.05513757109486582,0
1,2008-04-28,1250,677.36927499299566,26.026318890557604,2.9880963134968548,0.98655993669339015,1,43.306127324273852,6.5807391168677896,0.75553836014555564,0.20296034551341838,0
1,2008-04-30,1251,723.0394830280128,26.889393504279951,3.0969644116648376,0.51658018823297769,1,4803.893600027267,69.310126244490903,7.9827384099615202,0.12115754187630909,0
1,2008-05-07,1252,2239.1440568885787,47.319594851272541,5.3956208496319888,0.91518117821052603,1,3531.2810937091572,59.424583243882807,6.7758931863036258,0.18533775460931631,0
1,2008-05-08,1253,467.84625342610127,21.629753891944802,2.4691499876649319,0.023722500677333055,0,5798.3449453942803,76.14686431754285,8.6925644198108269,0.21830741795463224,0
1,2008-05-09,1254,512.67206688563192,22.642262848170276,2.5627914938506255,0.76210936513629934,1,8541.9226993072989,92.422522684177466,10.460953331542441,0.19988758829936748,0
1,2008-05-12,1255,122.39974907164478,11.063442008328366,1.2790106368009673,0.0056327658388087877,0,9256.1140705101334,96.20870059672427,11.122393132569281,0.147358544670603,0
1,2008-05-13,1256,950.01905897867903,30.822379190754873,3.5571124282463793,0.23323495100168321,0,54.234526874137117,7.3644094721937563,0.84990299736800412,0.044579376859110252,0
1,2008-05-14,1257,1839.8086613137382,42.892990818008229,4.8672897382136995,0.016433075384612562,0,0.44194271502390869,0.66478772177583778,0.075436904598676635,0.091565047081906076,0
1,2008-05-15,1258,1800.7784923393881,42.43558049961598,4.7308339464454825,0.0014288437418041244,0,25.714520359503119,5.0709486646487676,0.56532315101992947,0.2215245498698179,0
1,2008-05-16,1259,3179.941888714925,56.390973468410039,6.1663174924450557,0.00044137975616922651,0,1948.47397709903,44.141522142978147,4.8268476919604311,0.17743122708554443,0
1,2008-05-20,1260,6329.1859085640435,79.55618083193815,8.6193045321709807,0.0011768057816308347,0,660.48822236109561,25.699965415562247,2.7843949529319878,0.23523135105275081,0
1,2008-05-21,1261,430.63415617954496,20.751726583095319,2.2489001986556834,0.00019578668949034528,0,24.251295358847482,4.9245604229055289,0.53368305856467391,0.11157271953948233,0
1,2008-05-22,1262,215.6612997718349,14.685411120286517,1.5833327353408644,0.89621251429255233,1,2004.5980346150998,44.772737626987919,4.8272493398369729,0.068594213143255242,0
1,2008-05-23,1263,2401.6121886419155,49.00624642473565,5.4046039619228727,0.005749963009849951,0,4.9073358434040877,2.2152507405266988,0.24430667113611235,0.16343750530630352,0
1,2008-05-27,1264,1522.5286821474965,39.019593567174638,4.3235006722631173,0.93294611150435136,1,141.52609017047382,11.896473854486203,1.3181688481425156,0.033232699945053831,0
1,2008-05-28,1265,2900.7205001841003,53.858337332154065,6.0994719515463265,0.9387476112757196,1,423.51310406878656,20.57943400749366,2.3306267279154769,0.041309817604958339,0
1,2008-05-29,1266,57.738421201468455,7.5985802095831332,0.85786962569383385,0.78144007639293722,1,837.19984885208407,28.934405970264606,3.2666560508342766,0.037884330223366243,0
1,2008-05-30,1267,2112.6890851205267,45.96399770603648,5.1746690352982245,0.00023758588808620238,0,2481.360833366984,49.813259613952027,5.6080224727218724,0.096639721879206872,0
1,2008-06-02,1268,700.20901668788542,26.461462859938138,3.00954937275384,0.0010127419824495023,0,3308.9814051668141,57.523746445853249,6.5423652483199604,0.085573723746991542,0
1,2008-06-03,1269,1923.2321090451906,43.854670321930257,4.9637431037838438,0.96039317513653166,1,507.05074410841127,22.517787282688573,2.5487025786857469,0.071291268064487892,0
1,2008-06-04,1270,1503.6604861671665,38.777061340013461,4.4127523573272782,0.00097991582600343496,0,1048.2361302551583,32.376474951037494,3.6843783728065427,0.29936804765761932,1
1,2008-06-05,1271,2805.8082481935403,52.969880575602019,5.9483302162382952,0.97398835979748155,1,13.454002304175319,3.6679697796158734,0.41190003139987352,0.019136210021947774,0
1,2008-06-06,1272,3017.5060425025413,54.931830867927033,6.2564727640008009,0.00024986141611697355,0,3.4003718291547296,1.8440097150380552,0.21002388553964182,0.017513340047397796,0
1,2008-06-10,1273,784.53446358117878,28.009542366507503,3.1965240931820258,0.84516778764001144,1,1351.5012717018333,36.762770185363252,4.1954659270029389,0.12612570028077796,0
1,2008-06-11,1274,606.13237595377984,24.619755806136254,2.8552920621787479,0.45830368483312617,1,3.2174300122916297,1.7937196024718105,0.20802778805123928,0.023527876834902699,0
1,2008-06-12,1275,1167.6780941124407,34.171305127437563,3.9458781902352844,0.70874530732705088,1,229.51369140854368,15.149709284621395,1.7493890628893065,0.052006011259345279,0
1,2008-06-13,1276,1591.6957923530379,39.896062366517299,4.4915353072352708,0.00014939193327496062,0,249.10404534874516,15.783030296769539,1.7768680322847779,0.13961751002803691,0
1,2008-06-16,1277,880.96265112734432,29.681014994897737,3.3671032325465386,2.9665100048435148e-05,0,8.2748667402520955,2.8766068101588189,0.32633089167995677,0.071111493204520565,0
1,2008-06-17,1278,1802.7946133554301,42.459328931995969,4.7841497388164473,0.97642171203680928,1,275.41925976450591,16.595760294861634,1.8699448219562402,0.11055688038043339,0
1,2008-06-18,1279,1684.6203223026519,41.044126526247965,4.5453074779898079,3.2897423193851829e-05,0,388.98559700253531,19.722717789456283,2.1841326455654801,0.13566772322082307,0
1,2008-06-19,1280,2732.1052071017139,52.269543781266293,5.7597293422882965,0.38691845993146029,1,11792.715454288998,108.59426989620124,11.966310732363773,0.048434353374362582,0
1,2008-06-20,1281,610.53079564898337,24.708921377692377,2.8046448782851732,0.00042455567536601519,0,3593.2262018090414,59.943525103292359,6.8040323613271685,0.086467540417920943,0
1,2008-06-23,1282,1970.3871280926526,44.38904288326853,4.9903364680459275,0.19769222319901222,0,2.2052113614327267,1.4849954078827068,0.16694720718186698,0.040816424139719955,0
1,2008-06-24,1283,2491.1951318143083,49.911873655617342,5.6541346537091295,0.14916137589220349,0,45.963804787799603,6.7796611115747965,0.76801598545169036,0.16853137997162387,0
1,2008-06-25,1284,4381.4750040391964,66.19271110960176,7.2779231566357074,0.29961279930492191,1,1163.8232900997164,34.114854390715436,3.7509460572529343,0.059595820056639402,0
1,2008-06-26,1285,5925.4337233669539,76.976838876164265,8.3715974851728401,0.00028812118586129067,0,18071.926181899089,134.43186445891126,14.620104889495517,0.33581686510156045,1
1,2008-06-27,1286,1353.1007427082361,36.784517703895972,3.9542615107654902,0.00086642163805383961,0,21012.806011849163,144.95794566649033,15.582686983766767,0.29962533098965383,1
1,2008-06-30,1287,98.386539088694747,9.9189988954881301,1.0580265488520673,0.00028611918718143885,0,2859.2795403264936,53.472231488189209,5.7037046920735159,0.28576447751474865,1
1,2008-07-01,1288,603.64723721576081,24.569233549619753,2.6270231007345366,0.0003461769191276676,0,859.70886574724875,29.320792379252794,3.1350753680035064,0.19886679492023518,0
1,2008-07-02,1289,221.25339322689732,14.874588842280559,1.5925683985311092,0.94557479640814168,1,91.656853737966145,9.5737586003599517,1.0250276874047057,0.16503057462457238,0
1,2008-07-03,1290,1734.7877022575478,41.650782732831658,4.5433087246066712,0.64913171058409802,1,17.338632049035454,4.1639683054792158,0.45420979607081713,0.12875075603045361,0
1,2008-07-07,1291,1293.5545146058837,35.966018887359269,3.9051051994961208,0.86633731841295702,1,2212.2307463420971,47.034357084392013,5.1068791622575471,0.057178388992175179,0
1,2008-07-08,1292,398.65519841922185,19.966351655202857,2.1532867786684129,0.001201541112978165,0,847.41102767027746,29.110325104166691,3.1394257324525956,0.54884757763606018,1
1,2008-07-09,1293,9.753096989128677,3.1229948749763707,0.33241031133330184,0.00051915241787339728,0,869.75376822110229,29.49158809255789,3.1390727080955707,0.26618868557178937,1
1,2008-07-10,1294,344.19984422748445,18.552623648085046,1.9270447829742972,3.5927780528419597e-05,0,25067.787721410747,158.32810148994633,16.445401349254357,0.0074054641867932385,0
1,2008-07-11,1295,655.44970324394069,25.60175195653494,2.6448090864188987,6.4613192173322814e-05,0,10346.691959537691,101.71869031568235,10.508129164843218,0.0015785874314981486,0
1,2008-07-14,1296,970.847174016758,31.158420595671373,3.1600832247131208,7.307378737693226e-05,0,58.800613532103711,7.6681558103695124,0.77770342904356105,0.016807193358329899,0
1,2008-07-15,1297,98.189133361602103,9.9090430093729083,1.0137128398335455,0.00018433775886850468,0,0.38055629532134955,0.61689245036825469,0.063109202083708918,0.034601775092785531,0
1,2008-07-16,1298,228.59504413841501,15.119359911663423,1.5659616687377962,0.92382810207738242,1,195.51056084293029,13.98250910398167,1.4482143038820994,0.53026278732883347,1
1,2008-07-17,1299,405.08549992937645,20.12673594822013,2.0970811094785233,0.80047362940956712,1,122.10326431727043,11.050034584437753,1.1513450986650433,0.07363973690994241,0
1,2008-07-18,1300,147.32663242323375,12.137818272788309,1.2623835957138125,0.95782119189894133,1,67.402323102688698,8.2098917838598027,0.85386290003742105,0.081122702325815726,0
1,2008-07-22,1301,2849.1011120047474,53.376971738800876,5.761141040345481,1.2667194342589867e-05,0,1739.3793043133167,41.705866545527101,4.5014426924476094,0.020322376808087652,0
1,2008-07-23,1302,588.69267396521695,24.262989798563922,2.6145463145004224,0.96554690188279912,1,512.36095909273706,22.635391737116834,2.4391585923617276,0.14948491453323279,0
1,2008-07-24,1303,1505.4308455903538,38.79988203062419,4.2150876730716123,0.00043844195444687833,0,7186.2912046933961,84.771995403513984,9.2093422491595849,0.17378389459588031,0
1,2008-07-25,1304,1038.5301480461528,32.226233848312972,3.4895759445926338,0.95784171655470041,1,9283.4428913885622,96.350624758683125,10.433202464394491,0.31155962021502503,1
1,2008-07-28,1305,4.1146961807733122,2.0284713901786517,0.22126767277650958,0.00023754071322100383,0,1887.6861112171114,43.447509839081818,4.7392975008543026,0.20150233342761248,0
1,2008-07-29,1306,1864.535464485808,43.180267072886522,4.8111718187060193,0.97647938782773303,1,74.925786281181317,8.6559682463131367,0.96445328649728546,0.03065059880296148,0
1,2008-07-30,1307,318.36075036551165,17.842666571045697,1.9436455959744767,0.94232001968192614,1,117.52006157895138,10.840667026477263,1.1809005475465428,0.12391804700998925,0
1,2008-07-31,1308,344.24854813664132,18.553936189839646,2.0333080755988653,9.2740003469970035e-05,0,0.03583906796181479,0.18931209143056549,0.020746530567733203,0.24435476465663164,0
1,2008-08-01,1309,1203.1063885783765,34.685824029109881,3.8295141075473236,0.98417267456265645,1,1643.8360520928229,40.544248076549934,4.4763177561744341,0.060042890401959724,0
1,2008-08-04,1310,2087.2647941303726,45.686593155217565,5.1798858452627625,0.97018364865434337,1,3332.3525464104428,57.726532430161114,6.5449583254150925,0.133729016023199,0
1,2008-08-05,1311,0.3348275314317401,0.57864283580784104,0.065792249665473673,0.025184166034557365,0,195.51237343505647,13.982573920242885,1.5898321683050467,0.49674773171724385,1
1,2008-08-06,1312,328.29645522192737,18.118952928409726,2.0790536923017471,0.49605527005388933,1,2274.9236649244845,47.69615985511291,5.4728812226176604,0.19924317115348936,0
1,2008-08-07,1313,1349.8048868858698,36.739690892628232,4.3096411604255991,0.092616858896380466,0,2878.9629284493635,53.655968246313137,6.2939552195088719,0.033694635805931905,0
1,2008-08-08,1314,211.17357036021866,14.531812356351793,1.704611420099917,0.48811972161779793,1,1389.6101535869302,37.277475150376404,4.3727243578154145,0.021278381009301253,0
1,2008-08-11,1315,29.347419659118369,5.4173258771388646,0.66246724269506141,0.55292641439316592,1,22.011493918741429,4.6916408556859324,0.57372557085734421,0.0034467901910794751,0
1,2008-08-12,1316,148.01697517833503,12.166222716124139,1.4864047301312326,0.5848170061803698,1,29.611455202270328,5.4416408556859324,0.6648308925700589,0.01314665783015519,0
1,2008-08-13,1317,108.72383231681312,10.427072087446845,1.2747031891744309,0.0046377414224969219,0,627.58735773748879,25.051693709956794,3.0625542432710016,0.34703891690063032,1
1,2008-08-14,1318,768.22153383206432,27.716809589706827,3.4809180018470109,0.71448206294905514,1,2190.3985341206094,46.801693709956794,5.8777637312347624,0.021278381009301253,0
1,2008-08-18,1319,368.35114173874848,19.192476175281513,2.3527399540645435,0.77743709146963591,1,745.38247943229442,27.301693709956794,3.3468211719223775,0.12132561083495523,0
1,2008-08-20,1320,3.7586806650122639,1.9387317155842538,0.23260128561298785,0.00081691210415286194,0,129.97590632837304,11.400697624635654,1.3678101529256934,0.43948141803378155,1
1,2008-08-21,1321,116.57347780858768,10.796919829682338,1.3103058045730993,0.00029678268578051294,0,6.6677384931657269,2.5821964474388324,0.31337335527170296,0.3788457509669288,1
1,2008-08-22,1322,313.08805616554844,17.694294452324129,2.1395761127356869,0.31968744321508552,1,462.00726122141333,21.494354170837823,2.599075474103727,0.19065942795508059,0
1,2008-08-26,1323,124.22611696282665,11.145677052688484,1.3477239483299255,0.0057905079873653417,0,16789.455698918864,129.57413205929208,15.667972437641122,0.074126961221151255,0
1,2008-08-27,1324,135.562507370368,11.643131338706439,1.3889807740777143,0.6219053862778724,1,3697.4954312177019,60.807034389268665,7.2540452596801268,0.010709817136160421,0
1,2008-08-28,1325,252.92067691069138,15.903480025160889,1.9091812755295183,0.012726219614849356,0,240.82489702371259,15.518533984359237,1.8629692658294401,0.25033413346699701,1
1,2008-08-29,1326,77.4044704015555,8.7979810412136885,1.1018135305214387,0.38297269550491803,1,63.530941494565646,7.9706299308502366,0.998200367044488,0.021110611815106376,0
1,2008-09-02,1327,2405.9844235735313,49.05083509557744,6.0875997636459749,0.03919221380546347,0,15153.555401878506,123.09977823651229,15.277664069067612,0.015509037399326273,0
1,2008-09-04,1328,164.02199433210407,12.807107180472258,1.5840577836081953,0.002203620511743457,0,17241.357853789781,131.3063511555697,16.240736073663538,0.11663449076009784,0
1,2008-09-05,1329,72.001359292675218,8.485361470949556,1.0501684988798954,0.0024992682658820735,0,9150.1616287429242,95.656477191787303,11.838672919775656,0.068760042127790202,0
1,2008-09-08,1330,1404.5581403398785,37.477435082191505,4.7940435026787984,0.92427234183045415,1,17535.844952222189,132.42297743300514,16.939299959450612,0.27622865186696699,1
1,2008-09-09,1331,1919.7396630992582,43.814833824850439,5.6480610795811073,0.7064384101557637,1,18301.932040718762,135.28463342419479,17.439205082074739,0.021209959750276893,0
1,2008-09-10,1332,256.70726830009681,16.022086889668799,2.1629546931716233,0.97378430129271754,1,10863.118948114809,104.22628722215336,14.070372895329511,0.04520766288609504,0
1,2008-09-11,1333,412.06159672246122,20.299300399828098,2.7056714961450314,0.55523176253418216,1,32376.240235951125,179.93398855122155,23.983204072138829,0.063235929149119866,0
1,2008-09-12,1334,136.07844609399928,11.665266653360277,1.4965063057550065,0.0001020096939883225,0,12980.509015911412,113.93203682859098,14.616040645104681,0.42000935698433839,1
1,2008-09-16,1335,3756.8044483532994,61.292776477765301,7.5390868976341077,0.00032116537760434817,0,5097.9494035428297,71.399925795079298,8.7822786955817094,0.14459717148594467,0
1,2008-09-17,1336,6428.5212144118623,80.178059432814052,9.290621023501048,1.1100975003302198e-05,0,10087.601740951803,100.43705362540163,11.638129041182113,0.029299919795826419,0
1,2008-09-18,1337,5025.2617204548833,70.889080403507023,8.1575466517269302,0.00071394408276736771,0,10444.916054539066,102.2003720861087,11.760687236606294,0.081601317448525071,0
1,2008-09-19,1338,3270.3281731042971,57.18678320297704,6.4327090217072032,0.00037231290802105973,0,4460.8119573883096,66.789310202968181,7.5128582905476016,0.051119253886359489,0
1,2008-09-22,1339,7399.4567233956577,86.020094881345358,9.6004570180072939,0.0067804187762486902,0,25.759446124311541,5.0753764514872728,0.56644826467491882,0.20854068184577604,0
1,2008-09-24,1340,390.63713630551149,19.764542400610026,2.2244842319200933,0.010956819019686436,0,552.72809439312823,23.510170020506621,2.6460517749585395,0.14926738665054828,0
1,2008-09-25,1341,493.0138662810138,22.203915561923168,2.4616314370203072,0.31773776201221327,1,2360.5026575202414,48.585004451170335,5.3863641298415006,0.22154613250802468,0
1,2008-09-26,1342,2323.8076651089191,48.205888282541991,5.5060980334142764,0.0084814315834103454,0,6.7332602950986393,2.5948526538319356,0.29638522602306516,0.2911153897620618,1
1,2008-10-06,1343,946.30455377823614,30.762063548764672,3.5086471113504047,0.78080129445477742,1,7601.7132599056813,87.187804536561657,9.9444316551538812,0.04176188391436849,0
1,2008-10-07,1344,14589.55199393417,120.78721784168295,13.368812157352844,0.0028938213332023533,0,120.9331867331945,10.996962613976393,1.2171513684533917,0.19826931052616173,0
1,2008-10-08,1345,17665.373468480459,132.91114877421103,14.759705582921825,0.00056705286003723844,0,645.16972628297492,25.400191461541681,2.8206764532528243,0.0020278571269829876,0
1,2008-10-10,1346,5900.5253710867264,76.814877277040068,9.2270122855303374,0.92372559664185638,1,324.88099700292815,18.024455525838448,2.1650997628634769,0.20794564327996309,0
1,2008-10-14,1347,8828.1366361780201,93.958164286974124,11.093053634825752,0.46065096812992512,1,1.282444066483821,1.1324504697706743,0.13370135416418824,0.17711399136545056,0
1,2008-10-15,1348,3289.5623357136587,57.354706308320146,7.1470039013483051,0.00010084148703065385,0,3297.5757540702566,57.424522236325629,7.1557037054611374,0.09262687397604942,0
1,2008-10-16,1349,4940.9199454002201,70.291677639676664,8.9600608845986827,0.7177806905046874,1,1220.4319548467874,34.934681261559945,4.4531142462154163,0.070241581409548504,0
1,2008-10-17,1350,8305.1918053478348,91.132825070595914,11.463248436552945,0.6706157502406751,1,594.99843369836753,24.392589729226529,3.0682502804058527,0.19042455028077288,0
1,2008-10-20,1351,2153.1544230798249,46.402095028994381,6.2368407297035455,0.00015707126097707348,0,141.3346424767708,11.888424726462745,1.5979065492557454,0.086729802783881413,0
1,2008-10-22,1352,96.777775186703664,9.8375695772230074,1.3663291079476398,0.46894956084907247,1,146.69025560655905,12.111575273537255,1.6821632324357298,0.049813857588594891,0
1,2008-10-23,1353,1236.2263085699192,35.160010076362596,4.9347382563315927,0.10670605642026286,0,226.18371251515191,15.039405324518384,2.1107937297569666,0.043058971092667597,0
1,2008-10-24,1354,27.027333559758421,5.1987819303908509,0.71167446001243684,0.30174441780184197,1,403.55126336942305,20.088585399908652,2.7499774674755169,0.057014604556390715,0
1,2008-10-27,1355,84.251289379672045,9.1788501120604451,1.2014201717356603,0.0050400003245754266,0,19.641758868640213,4.4319023983657644,0.58009193695886974,0.24902649483030798,0
1,2008-10-29,1356,57.174424049240216,7.5613771265054766,1.0347419947321899,0.00089494388509583109,0,10.307918170230902,3.2105946754816159,0.43935609654213015,0.19148055334035388,0
1,2008-10-31,1357,25.241190760099663,5.0240611819622245,0.67778228424448228,0.49221190295704664,1,85.146610381190527,9.2274920959700921,1.2448555947345823,0.021465873852683687,0
1,2008-11-04,1358,1428.3557833013733,37.79359447447905,5.0140755521696914,0.12182874882800071,0,342.61389746777144,18.509832453800641,2.4556991646833355,0.040787390990525474,0
1,2008-11-05,1359,366.51633398994062,19.144616318692329,2.537391162185862,0.13485930363447396,0,74.615125461813847,8.6380047153155601,1.1448647734016648,0.054369888264715581,0
1,2008-11-06,1360,72.910652186639453,8.5387734591473645,1.1613428710163025,0.14242716734065364,0,59.893186278329772,7.7390688250156927,1.0525765147930217,0.10321358527265685,0
1,2008-11-07,1361,1146.9561456066886,33.866740994767838,4.497575165307814,0.84875023469297639,1,807.66067872881638,28.419371540004477,3.7741529269594261,0.0011275660783951044,0
1,2008-11-10,1362,2.4456109567802948,1.5638449273442347,0.21313048413550048,0.026521007138487866,0,2703.4241270396833,51.99446246514799,7.08612776356361,0.17728237485282561,0
1,2008-11-11,1363,22.366268795620009,4.7292989750723109,0.65254211453222632,0.88921548233033987,1,459.9730505223099,21.446982317386983,2.9592248799430125,0.017676410788484299,0
1,2008-11-12,1364,317.94072414813843,17.830892410312458,2.3854036669314325,0.88384888169645626,1,628.97070556310348,25.079288378323326,3.35508874626399,0.14129151593278547,0
1,2008-11-14,1365,17.315011410498997,4.1611310253942975,0.5669115838411849,2.8284325756198352e-05,0,1005.8134905366937,31.714562751781614,4.320785116046542,0.057655553658035243,0
1,2008-11-17,1366,7.6522812386603514,2.7662756982376777,0.37483410545225981,0.97565236007068956,1,186.97202857186221,13.673771556226257,1.852814574014398,0.24145250186667477,0
1,2008-11-18,1367,761.9058168906887,27.602641483935713,3.6223938955296213,0.0044813389794407894,0,243.08959333785603,15.591330710938564,2.0461063925116223,0.19667622288578396,0
1,2008-11-19,1368,55.420232631033329,7.4444766525950854,1.0087366737933721,0.0012698872214140266,0,260.00937443853883,16.124806182975931,2.1849330871241102,0.4522155664669244,1
1,2008-11-20,1369,1945.0478246190521,44.102696341823048,5.6943442662134345,0.5858484721140782,1,126.59550616686865,11.251466845121513,1.4527394248058763,0.010035614520991854,0
1,2008-11-21,1370,8187.1399145203322,90.482815575778432,11.027765457133263,0.021774847176241913,0,435.45897600017406,20.867653821169597,2.543285048283924,0.059482254028344436,0
1,2008-11-25,1371,4871.6262585107152,69.797036172825528,8.5904044520400653,0.0010778091357742309,0,804.3207025234027,28.360548346662881,3.490529027281585,0.048344583357179977,0
1,2008-11-26,1372,621.76186961378266,24.935153290360631,3.0614061743843624,0.94510513653809225,1,354.50088882086487,18.82819398723268,2.311626026670679,0.023989628035426917,0
1,2008-11-28,1373,484.24924403320364,22.00566390803067,2.8284915048882606,0.031924273706058756,0,150.18540963623681,12.25501569302287,1.5751948191546103,0.36535568739406959,1
1,2008-12-01,1374,18.987048492287141,4.35741305045633,0.55864269877645256,0.67398050754381955,1,1821.1175811502153,42.674554258365902,5.4710966997905004,0.0067496615404937224,0
1,2008-12-02,1375,9940.2525416942844,99.700815150600874,13.011525631399786,0.00017680474590032458,0,548.48620582786248,23.419782360813315,3.0564153162562238,0.34599082796549108,1
1,2008-12-03,1376,9345.3409013211349,96.671303401377259,12.501946770304203,0.93524941682187002,1,258.71656736045782,16.084668705337322,2.0801382095489585,0.11753214000216625,0
1,2008-12-04,1377,18667.469134224226,136.62894691178815,18.241514941493744,7.9168881862919753e-06,0,328.65002454901327,18.128707194640583,2.4203881434767132,0.019036295371799673,0
1,2008-12-05,1378,10691.430100104071,103.39937185546182,13.47662063935638,0.98916657788352025,1,2296.2685814771617,47.919396714453342,6.2456040031871414,0.22705973983415764,0
1,2008-12-08,1379,8007.8355243098576,89.486510292389084,11.154441918652426,6.7835744079258231e-07,0,346.39089755724109,18.611579663135558,2.3199226753674735,0.053885695188778726,0
1,2008-12-10,1380,2387.9897317232667,48.867061828221949,5.9036015497700935,5.8582799959189666e-07,0,1294.7120855486633,35.982107853051957,4.3469776929087232,0.012388869532478532,0
1,2008-12-11,1381,1534.0964108595485,39.167542823868189,4.738964648985867,8.6345531289081876e-06,0,231.70617139558496,15.221897759332933,1.8417299164347165,0.018272290156153205,0
1,2008-12-12,1382,1270.9111680234826,35.649841065893725,4.3159613881227274,0.98514048345521799,1,455.41696975108187,21.340500691199395,2.5835957253268029,0.054321025203886514,0
1,2008-12-15,1383,547.55256190908631,23.399841065893725,2.7915110129309544,0.98403974253481241,1,1008.2530528953035,31.753000691199304,3.788010819111161,0.046185479332110896,0
1,2008-12-16,1384,441.40458680068951,21.009630810670842,2.4149000931805569,2.4869443277551281e-05,0,279.95684451979719,16.731910964375743,1.9232081568247981,0.24355543717623476,0
1,2008-12-17,1385,369.76628792027941,19.229308045800281,2.2483844543467151,3.8790627166059164e-05,0,109.21310440164268,10.450507375321195,1.221924276564887,0.22523961211867877,0
1,2008-12-18,1386,1586.6861504148417,39.833229224039087,4.766165626567644,0.98754670999198724,1,4.0164234813154298,2.0041016644161118,0.23979678904171245,0.030760104902481097,0
1,2008-12-19,1387,91.018435316475617,9.5403582383721641,1.1237171069931877,0.95218598257665488,1,1563.208183136557,39.537427624170959,4.6569408273464026,0.2834975597483812,1
1,2008-12-22,1388,1932.2119127581739,43.956932476665997,5.2532933942833582,2.9636588259671288e-06,0,401.07782388114214,20.02692746981279,2.3934182814236977,0.24199530259403948,0
1,2008-12-24,1389,45.761463300874915,6.7647219677437533,0.76850008153862581,0.9422646501591686,1,3260.5898342254663,57.101574708806993,6.4869724179275199,0.057064687213729808,0
1,2008-12-29,1390,158.31424688575527,12.582298950738505,1.4466569647299228,6.5355616420985872e-06,0,403.07167747921653,20.076645075291253,2.308323664879707,0.01327488031801184,0
1,2008-12-30,1391,395.35417158177785,19.883515071077795,2.3296444137173751,0.98952984519157783,1,33.15464969132379,5.7580074410618636,0.67463473240326455,0.023914423238711419,0
1,2009-01-05,1392,237.53150142024057,15.412057014566244,1.8169239038686995,0.91891345402615499,1,429.06507620539372,20.713886072038576,2.4419553282686208,0.31739389944619384,1
1,2009-02-03,1404,240.63975479210174,15.512567640210364,1.714095871846449,0.95402747461038018,1,5770.5119735096087,75.963885982153442,8.3937995560390544,0.013262959442463775,0
1,2009-02-04,1405,97.286761001893453,9.8634051423376832,1.0721092546019222,0.00013958581371001063,0,6741.0223389097182,82.103729141310737,8.9243183849250798,0.26889018155533773,1
1,2009-02-05,1406,265.57570521477339,16.296493647860984,1.7849390632925504,1.3005316261788076e-05,0,54.598083761072679,7.3890516144545018,0.80931562042217986,0.019799169988535856,0
1,2009-02-06,1407,610.92186106501731,24.716833556607071,2.7616573806264881,0.97815559099092375,1,1.7211085320451227,1.3119102606676734,0.14658215202990763,0.044700165701599986,0
1,2009-02-09,1408,190.11566202265894,13.788243616308023,1.5156079820069275,0.97361641218787576,1,5510.3202849471872,74.231531608523255,8.1595528011567193,0.038099544647822892,0
1,2009-02-10,1409,19.802333176478825,4.4499812557446603,0.4717711376352674,4.8347160752817948e-06,0,710.65761864264516,26.658162326811748,2.8262032681486082,0.039365180089775423,0
1,2009-02-12,1410,328.5692593759893,18.126479508608099,1.937624747045227,2.4245422266826407e-06,0,420.86345091827093,20.514956761306394,2.1929403272374555,0.0080442735942017635,0
1,2009-02-13,1411,830.98292118160714,28.82677438045414,2.9779725599642708,0.9872728080971227,1,354.87665257023184,18.838170096116869,1.946091952078189,0.033355683612575203,0
1,2009-02-17,1412,222.59109994438083,14.919487254741057,1.5476646529814375,5.272407106627462e-07,0,1.6869436367915462,1.298823943724301,0.13473277424525942,0.038718352107031166,0
1,2009-02-18,1413,864.68815474274015,29.405580333377884,2.9990392996815789,0.89594364665573523,1,11843.01642779294,108.8256239485579,11.098992753550016,0.05680963992285723,0
1,2009-02-19,1414,80.184386440269733,8.9545734929291712,0.90978648645457671,2.2265998963710304e-05,0,12010.804760405126,109.59381716321923,11.13475409329126,0.025203222698322338,0
1,2009-02-24,1415,0.49912545681289217,0.70648811512501197,0.072201135935105978,0.00015285649269240599,0,10783.538363028105,103.84381716321923,10.612551575188474,0.023614627608419796,0
1,2009-02-25,1416,38.947935191211421,6.2408280853754832,0.66639915487191492,0.95590875896336291,1,5732.0197116267391,75.710103101414006,8.0843676563175659,0.27681288094051149,1
1,2009-02-26,1417,3.152083503351454,1.7754107984777647,0.18649273093253832,0.83914849860701302,1,8926.2534824363865,94.478852038095738,9.9242491636655181,0.017592670069864095,0
1,2009-02-27,1418,252.58771409013644,15.893008339837252,1.6957064112923181,4.8647901441438671e-06,0,225.38266326350353,15.012750023346939,1.6017871457292012,0.015264963814749621,0
1,2009-03-02,1419,56.661461820793868,7.5273808074783801,0.82378996525071191,0.98426326478276849,1,1549.1175164037118,39.358830221485391,4.3073959202719987,0.079397385403574688,0
1,2009-03-03,1420,11793.304082068689,108.59698007803297,11.953437542986569,0.34980041078969398,1,9.5639112153919434,3.0925573908000388,0.34040257466153429,0.42338824455878871,1
1,2009-03-04,1421,16500.433407106368,128.45401281044656,14.069442805087245,0.44391316427848299,1,15.945770448401278,3.9932155524591053,0.43737300684108493,0.21663119278823359,0
1,2009-03-05,1422,15269.361970002339,123.56925981004474,13.201843996799653,0.12998243628758369,0,63.739881121376911,7.9837260174292624,0.85296218134928026,0.068186861831806306,0
1,2009-03-06,1423,10056.040525852544,100.27981115784246,10.85573057189093,0.049759597033263846,0,2.5300920137385594,1.5906262960666027,0.1721922918610666,0.0095624141655886764,0
1,2009-03-09,1424,13272.995046527167,115.20848513250735,12.451606066739513,0.14232945590911145,0,51.254101786886793,7.1591970071291371,0.77375812019769108,0.32413181703780181,1
1,2009-03-12,1425,13162.152371098469,114.72642403168709,12.362761210311108,0.44947047204255108,1,211.35542937153033,14.5380682819806,1.5666021855582544,0.10125956236087083,0
1,2009-03-13,1426,24698.891182452808,157.15880879687529,17.091768221519878,0.087247106882508307,0,683.91061410490511,26.151684727850807,2.8441201444100934,0.064709581062766405,0
1,2009-03-16,1427,29900.032713289744,172.91625925079961,18.887630721004872,0.11412573506646259,0,1933.6431506755689,43.973209465259288,4.8031905478164161,0.0017621674825264177,0
1,2009-03-17,1428,13702.684143000595,117.05846463626881,13.104781935210614,0.3544052125067827,1,202.82812156738865,14.241773820960248,1.5943771420050656,0.090943641521919513,0
1,2009-03-18,1429,61721.181214220393,248.4374794877383,25.973599528252826,0.20015582237332463,0,4111.2324384486255,64.118892991446955,6.7034911648141096,0.011482595738743143,0
1,2009-03-19,1430,22480.697149134172,149.93564335785595,15.795169171225279,0.049498762278984219,0,145.37936160954888,12.057336422674325,1.2701960940399606,0.0092192082119592136,0
1,2009-03-23,1431,14566.943456220471,120.69359326915605,13.065612261884283,0.5725354168263288,1,61.854414838070277,7.8647577736425092,0.85139461690311324,0.10232935815093122,0
1,2009-03-24,1432,17410.304858514995,131.94811426661238,14.203241578752678,0.45672343902080836,1,20.802133926377991,4.5609356415518505,0.49095109166327783,0.056823695795720587,0
1,2009-03-25,1433,16384.672025503452,128.00262507270486,13.642699181743122,0.13538107350612053,0,1.7543898562293216,1.324533826004199,0.14117067156985869,0.26982957906590455,1
1,2009-03-26,1434,16882.125151728593,129.93123239517354,14.001210387410943,0.20946638667488382,0,139.37724516210079,11.80581404063696,1.2721782371376036,0.084293469307937116,0
1,2009-03-30,1435,11648.815026087561,107.92967629937357,11.776287648595044,0.29588786777501669,1,0.31078136672476692,0.55747768271453424,0.06082680662460821,0.094675417949635521,0
1,2009-03-31,1436,8239.8499239131979,90.773619096702305,10.111235766828438,0.42721155002282141,1,10.699966613986778,3.2710803435542175,0.36436428221155304,0.20839650604226739,0
1,2009-04-02,1437,11728.48036503969,108.29810877868408,12.306603270305009,0.45753334463760492,1,142.8860375020403,11.953494781947256,1.3583516797667337,0.22090774314491649,0
1,2009-04-08,1438,7915.6425411405953,88.969896825502701,9.9853980724469924,0.49540621628888665,1,196.72334327260131,14.025809897207409,1.5741649716282164,0.048652271493897094,0
1,2009-04-15,1439,5387.9745341682619,73.402823747920365,8.3364933274185535,0.26310281056159551,1,295.10996875545885,17.17876505327024,1.9510238561351776,0.19493871662020601,0
1,2009-04-16,1440,8709.8903902725524,93.326793528292569,10.64159561326027,0.58436833069350658,1,83.842512289459563,9.1565557001232492,1.0440770467643385,0.1562430614319002,0
1,2009-04-20,1441,12313.339281789295,110.96548689475162,12.524321319949394,0.11399952521645393,0,79.862507613878066,8.936582546694126,1.0086436282950482,0.064003599424266269,0
1,2009-04-22,1442,15428.362965262573,124.21096153424855,13.839661452283961,0.14360357632868606,0,8.0193286005556992,2.8318419095273839,0.31552556095012635,0.11634618332345656,0
1,2009-04-23,1443,11290.522772997023,106.25687165071736,11.70874618740687,0.10823602113412641,0,7.3900135590188443,2.7184579376953479,0.2995545936854378,0.017789738920620055,0
1,2009-04-24,1444,9640.0050511067875,98.183527391853204,10.819121475686304,0.030198427776715598,0,32.202766326538956,5.6747481289074813,0.6253165982267197,0.10067699856304015,0
1,2009-04-27,1445,17335.583456063127,131.66466289807272,14.777178776439136,0.037167389243622069,0,564.44017254924199,23.757949670567996,2.6664365511299657,0.080951505036858787,0
1,2009-04-28,1446,12840.178800666514,113.31451275395625,12.421431926988902,0.11583935232737652,0,210.08735461290408,14.494390453306551,1.5888616556104744,0.047878803408857598,0
1,2009-05-07,1447,17397.56437242519,131.89982703713144,14.542428559771933,0.16810745060301541,0,71.019951730800344,8.4273336074229519,0.92914372738952067,0.18512161084202378,0
1,2009-05-08,1448,21980.325366860736,148.25763173226778,16.238513880861753,0.024062571242442848,0,1030.0137955934524,32.09382799844002,3.5152056953384472,0.051514748281829656,0
1,2009-05-11,1449,29533.967393705072,171.85449483125274,18.740948182252207,0.28792678281226713,1,3912.6970127318655,62.551554838643824,6.8213255003973643,0.06486454316222505,0
1,2009-05-12,1450,29530.718452710011,171.84504197884212,18.597948266108453,0.24077110541906657,0,2933.4257881295221,54.161109554084305,5.8615919430827166,0.13272312809802328,0
1,2009-05-13,1451,23660.736947813195,153.82046985955151,16.624746810002865,0.39183411215295699,1,712.84059054417673,26.699074713258824,2.8856065618220832,0.15334568135790488,0
1,2009-05-14,1452,21274.400073937079,145.85746492359272,15.836858297892803,0.12313129672412329,0,42.555386271213017,6.5234489552086643,0.70830064660246084,0.37002875241638844,1
1,2009-05-18,1453,10914.243983652861,104.47125912734498,11.297243484979182,0.31236007181026065,1,102.43526054794746,10.121030607005764,1.094461271371264,0.21060977888466501,0
1,2009-05-19,1454,18640.610821613634,136.53062228530871,14.532264213444249,0.094601842029814767,0,580.24743926219412,24.088325787862345,2.5639516538437834,0.08952691759177446,0
1,2009-05-20,1455,25492.144993241742,159.66259735217182,17.030677050898326,0.12629071016521068,0,976.60461326868869,31.250673805034808,3.3334052058703794,0.14497632068899313,0
1,2009-05-21,1456,25333.079564455242,159.16368795819994,16.583869545006504,0.48152636251437247,1,282.93511091456804,16.8206751028182,1.7526100654147641,0.030605841080420505,0
1,2009-05-22,1457,18323.519679466484,135.36439590773671,14.324274699231399,0.77970727203764367,1,40.482163773045528,6.3625595300197801,0.67328672275341594,0.039662352006697162,0
1,2009-05-26,1458,26159.657922167989,161.73947546028455,17.007305516328554,0.17400793446211096,0,251.75789712999978,15.866880510358669,1.6684416940440241,0.20237662453083036,0
1,2009-05-27,1459,26651.283561469718,163.25220844285604,16.628694519262137,0.099169315997928303,0,571.4018285475729,23.904012812654969,2.4348370575660776,0.13785614005442445,0
1,2009-06-01,1460,28664.324898892646,169.30541898856234,17.276063162098197,0.054591079415012969,0,8203.8663153265516,90.575197020633368,9.2423670429217708,0.018435647539251823,0
1,2009-06-02,1461,18285.673840720538,135.22453120909881,13.844333883706048,0.65177228696569711,1,65545.255364684257,256.01807624596404,26.211218453643621,0.30460165245008952,1
1,2009-06-03,1462,13725.621782215232,117.15639881037328,12.06864783006678,0.57089605724776427,1,64485.244505131624,253.93945047024818,26.159098683517712,0.061171100264607044,0
1,2009-06-04,1463,19618.455158292632,140.06589577157115,14.559864425319248,0.36316174678041246,1,6443.9453403643147,80.274188506420387,8.3445102397526387,0.1372841345151718,0
1,2009-06-05,1464,19544.351192952367,139.80111298896145,14.813362965717769,0.54902067821036094,1,4552.4671609539346,67.471973151479233,7.1493481485011117,0.23377353064619213,0
1,2009-06-08,1465,18672.983848632135,136.64912677595908,14.293841712966429,0.67918765226426192,1,286.79665769150995,16.935071824220586,1.7714510276381366,0.28275154825933763,1
1,2009-06-09,1466,25430.158810777179,159.46836304037606,16.720142913800899,0.078859857032545597,0,702.70482492313283,26.508580213265532,2.7794055269478934,0.014156313318203386,0
1,2009-06-10,1467,24875.394556950105,157.71935378053672,16.645842087655591,0.11695757440932775,0,205.90290121777505,14.349317099352675,1.5144397994039762,0.15184208563778984,0
1,2009-06-11,1468,16750.280048824254,129.42287297392318,13.808788794230267,0.062260414963597757,0,180.80597577127514,13.446411259933825,1.4346664454450602,0.055775708061592447,0
1,2009-06-12,1469,17205.559484921891,131.16996411115576,14.070256273655755,0.0049422773951337574,0,57.69980940540254,7.5960390602867847,0.81480708611282215,0.039312450039163283,0
1,2009-06-15,1470,24986.417168365904,158.07092448760432,16.924081850921233,0.28194204569333464,1,139.04646876481053,11.791796672467285,1.2625049970521718,0.26378907361647175,1
1,2009-06-16,1471,21085.100685995589,145.20709585277018,15.605276287240214,0.36838401170811769,1,47.57568478776507,6.897512942196272,0.74126952629728882,0.13486640962391502,0
1,2009-06-17,1472,34002.378991973397,184.39733998074212,19.606309407840737,0.2085759185365765,0,2320.1252740602572,48.167678728170586,5.1214969407943203,0.016507863000670274,0
1,2009-06-18,1473,28253.97943659488,168.08920083275689,17.972649113366145,0.70164504737847622,1,679.93297383342588,26.075524421062482,2.7880806651764218,0.052388775404579022,0
1,2009-06-19,1474,13652.545303093366,116.84410683938393,12.710808467705622,0.25312306575727661,1,414.82927386950979,20.367358048345636,2.215649502131698,0.0043990435156622161,0
1,2009-06-22,1475,23120.418466899391,152.05399852322,16.514145916179203,0.33638425585983911,1,513.11258383871962,22.651988518421945,2.4601670940452833,0.075173349469388723,0
1,2009-06-23,1476,19731.189093720357,140.46775108088104,15.047429146318269,0.066454327414155176,0,0.81473849196011017,0.90262865673548731,0.096692946624047926,0.11325347241138234,0
1,2009-06-24,1477,26853.18387736156,163.86941104843686,17.484066262836688,0.327335064271843,1,1621.6045306566625,40.269151104246816,4.2965218569481802,0.10163987310069229,0
1,2009-06-25,1478,29491.899253181571,171.73205656831101,18.230579253536199,0.083118145308916119,0,1473.6899513455262,38.388669569881245,4.075230315274017,0.32748517647972653,1
1,2009-06-26,1479,28256.487013528516,168.09665973340611,17.968643477648971,0.33570535368521393,1,2053.7531648441768,45.318353509854887,4.8442921977396995,0.15718490573627358,0
1,2009-06-29,1480,23023.156622884526,151.73383479924485,16.236900460058305,0.034124800653293687,0,2155.3971807312232,46.426255295158398,4.9680315992678867,0.032278390615779765,0
1,2009-06-30,1481,23557.023963723514,153.48297613651982,16.512423468157056,0.061054495060160953,0,1540.2912430266094,39.246544345032589,4.2223286008641834,0.087991127374769038,0
1,2009-07-02,1482,17826.240204134654,133.51494374838592,14.441854380571758,0.026496364241570945,0,1195.0547015074028,34.569563224134072,3.7392713060177467,0.0015751951167775565,0
1,2009-07-06,1483,22338.526930815238,149.46078726815017,16.175409877505427,0.048105196387214763,0,1290.6958195328968,35.926255295158398,3.8881228674413846,0.20251232876002789,0
1,2009-07-07,1484,21767.015664759543,147.53648926540018,16.071512991873657,0.11386814762744202,0,1132.5200084587293,33.652934618822314,3.6658970173009058,0.093619463668883879,0
1,2009-07-08,1485,15819.442135892938,125.77536378755951,13.794939817664877,0.13822714631164712,0,273.85013092697397,16.548417777146369,1.8150170306713869,0.1388555735319113,0
1,2009-07-09,1486,16626.318885351993,128.94308389887374,14.123010284652107,0.061805363293407509,0,266.01461860515548,16.309954586238291,1.7864134267511818,0.1647009632122893,0
1,2009-07-10,1487,14385.836077616497,119.94096913739065,13.202087962288459,0.035884825362348105,0,87.164083881977902,9.3361707290504228,1.0276467505834257,0.042843447488248115,0
1,2009-07-13,1488,7215.4975695623807,84.944084959238808,9.1856269217884634,0.031979438174981716,0,60.850536967436014,7.8006754173876516,0.84354424627062996,0.1583199057677577,0
1,2009-07-14,1489,15586.616759429939,124.84637263224727,13.309847828597791,0.17240743327759186,0,855.8957740933115,29.25569643835729,3.118944183193741,0.14680969173111177,0
1,2009-07-15,1490,21150.781065872332,145.4330810574827,15.554340220051625,0.067019025635755292,0,1620.9699770627749,40.261271428790906,4.3060183346300436,0.04368559051264434,0
1,2009-07-16,1491,25061.494107914983,158.30822501662692,16.886210668440206,0.20066173741046239,0,2307.7863505801429,48.039424960964539,5.1242053291695511,0.028513527460907444,0
1,2009-07-17,1492,20909.294695744902,144.60046575217143,15.257237219960057,0.034729166563794649,0,2617.3230612204698,51.15977972216524,5.3980247662532568,0.038205713360637543,0
1,2009-07-21,1493,22503.370587657788,150.01123487145151,15.819798035481309,0.0057741361408687533,0,3550.189303784518,59.583465019957657,6.2835185889752339,0.0095387857820160276,0
1,2009-07-22,1494,23640.359654683321,153.75421833134635,16.159140129411075,0.059539497871512137,0,80253.534238450346,283.29054738633681,29.773047544544067,0.39434202978890559,1
1,2009-07-24,1495,33512.370369994504,183.0638423337457,19.16898872604667,0.03951448147436807,0,27625.747726706275,166.20995074515326,17.404183324099819,0.20730425737658248,0
1,2009-07-27,1496,20917.561875962361,144.62904921198356,15.316817496635801,0.25625329778542155,1,37.738360829704739,6.143155608456027,0.65058571442478441,0.10399129563145702,0
1,2009-07-28,1497,28215.012239419444,167.97324858268189,18.042239375153802,0.3531895173451105,1,54955.934836443041,234.42682192198708,25.180109766056614,0.13201733835226095,0
1,2009-07-29,1498,20844.146488357816,144.37502030599967,15.482575904128652,0.64144140564810304,1,875.55217225722993,29.589730858141138,3.1731614861277362,0.018228499274674615,0
1,2009-07-30,1499,31035.12742111292,176.1678955460186,18.761224232802835,0.016537562450938674,0,1727.9758085495698,41.568928402709275,4.4269359321309132,0.050234728469452671,0
1,2009-07-31,1500,28362.023608095598,168.4102835580286,17.547307481951403,0.24980953994653674,0,4663.4461012877236,68.289428913176039,7.1153351303126904,0.20614045499647984,0
1,2009-08-03,1501,23395.290969111811,152.95519268436692,15.924538540798222,0.14047374291775175,0,2743.0768301804901,52.374390976702443,5.4528257133474689,0.012085318492559834,0
1,2009-08-04,1502,21507.194755223052,146.65331484566946,15.268434653375268,0.14362294906673784,0,244.98214124544174,15.651905355113854,1.6295580796578713,0.0037505965760959619,0
1,2009-08-05,1503,24881.403966410428,157.73840358774532,16.362904936488103,0.31116072932409977,1,1.8722359416161554,1.3682967301050439,0.1419394948241747,0.21302892338322349,0
1,2009-08-06,1504,29209.682261147671,170.90840313205103,17.877448026365169,0.044399891208785749,0,30341.078336713872,174.18690632970629,18.220387691391871,0.0097064318962851153,0
1,2009-08-07,1505,31648.616295773641,177.90057980730035,18.825458180666704,0.36944871752877229,1,45382.865332992056,213.03254524366002,22.543126480810585,0.055847150232665524,0
1,2009-08-10,1506,28671.839540839537,169.32761009604883,17.961029975714542,0.11969309115583805,0,2005.353376288442,44.781172118295899,4.7500580342928558,0.051005704794816017,0
1,2009-08-11,1507,36868.711343923576,192.01226873281712,20.270495511514081,0.022485983708170326,0,2293.9509212844805,47.895207706872725,5.056237287608627,0.0771173388224657,0
1,2009-08-12,1508,26876.129383136122,163.93940765763466,17.19343551731879,0.65242451015047898,1,212.09260141035477,14.563399376874713,1.5273622838882763,0.1671442802986001,0
1,2009-08-13,1509,26600.002159162421,163.09507092233787,17.10488420790119,0.54427504139970473,1,140.2537427732336,11.842877301282556,1.242042716442848,0.096453428269527741,0
1,2009-08-14,1510,27246.90847025497,165.06637595299344,17.696743602572333,0.11247570254424102,0,1995.9677871981689,44.676255295158398,4.7897352232815225,0.3309357720697883,1
1,2009-08-17,1511,25153.04879283925,158.59712731584784,16.962259605973031,0.23097066913104383,0,1146.9658218043464,33.866883851401894,3.6221266151231974,0.18554446603975985,0
1,2009-08-18,1512,19685.810155082116,140.30613014078222,14.91824881879662,0.20156388524329139,0,2.4442176116122414,1.5633993768747132,0.16623066208130921,0.069414580833902312,0
1,2009-08-20,1513,26139.886769967114,161.67834354039849,16.974104308703254,0.054344476869617998,0,931.49538152435696,30.52040926207178,3.20424244221226,0.036596743041109922,0
1,2009-08-21,1514,30342.281540861964,174.19036006869601,18.30692170979464,0.19459689700534835,0,3086.3434664986789,55.554868972023314,5.8386620044165332,0.02907053868719621,0
1,2009-08-24,1515,31277.701667844718,176.85503008917988,18.606526048309298,0.089361703774011286,0,3392.1926348777179,58.242532867979889,6.1275678977359167,0.06060949781541116,0
1,2009-08-25,1516,23171.403586117493,152.22156084509675,16.185173933556275,0.27355584042192438,1,2660.499973703566,51.580034642326154,5.4843205361324987,0.048819823129103136,0
1,2009-08-26,1517,22762.62855469326,150.87288873317584,15.999245888990016,0.027930105862691689,0,2763.6359261678399,52.570295093026061,5.5747926927917346,0.00613948249744723,0
1,2009-08-27,1518,32417.451622129476,180.04847020213606,18.84337731053229,0.4821122303820175,1,3341.8677273642893,57.808889691502372,6.0501192769756535,0.10872123666448423,0
2,2009-08-28,1519,27.737045291814624,5.2665971264009386,0.55147613889015068,0.01080525553389618,0,15632.768119157658,125.03106861559513,13.092258493779596,0.0047769307322078364,0
2,2009-09-01,1520,45.50142928439309,6.7454747263919899,0.69919406337310086,0.49296347068233626,1,2392.9551147896691,48.9178404550903,5.0705198709603838,0.46077537353008696,1
2,2009-09-02,1521,35.181184346861009,5.931372888873284,0.60339500395455581,0.18980208207158383,0,16117.138072064168,126.95329090679047,12.914882086143486,0.036798382318741267,0
2,2009-09-03,1522,441.51472192515223,21.012251710017949,2.1245957239654145,0.01853264821186671,0,503.75331718038512,22.444449585151006,2.2694084514813957,0.020328411448095569,0
2,2009-09-04,1523,1087.9610073738002,32.984253930834939,3.2959534280124845,0.0034814592604233037,0,1664.807290769576,40.802050080474828,4.0771471476867172,0.079967493698454961,0
2,2009-09-08,1524,1053.035264524814,32.450504842372084,3.2466738211477821,0.01144660523702758,0,862.04847173019414,29.360661977043264,2.93753496518692,0.050353199434717111,0
2,2009-09-09,1525,561.71392978330255,23.700504842372084,2.3921781319578184,0.00089105244113674641,0,585.37139072841364,24.194449585151006,2.4420337708958875,0.0024510466652224072,0
2,2009-09-10,1526,1184.4754739305436,34.416209464880694,3.413459902294143,0.020298176893242276,0,11820.074634679795,108.72016664207149,10.783056448506967,0.0021473464845328436,0
2,2009-09-11,1527,1313.2401292815568,36.238655180367232,3.6265854571295706,0.0042586801356382454,0,4.702683286329858,2.1685671044101582,0.21701947504730129,0.023722629229830081,0
2,2009-09-14,1528,734.15142769214287,27.095228873219412,2.7204045053433141,0.52073853782077462,1,3281.9874908921552,57.288633173537619,5.7518708005559862,0.37139887459850734,1
2,2009-09-15,1529,1424.1643761291575,37.738102444732931,3.7152943583296016,0.60968825681615346,1,6184.5117399957653,78.641666691365117,7.7422266001836197,0.42363359843211412,1
2,2009-09-16,1530,1500.4955855187213,38.736230915239048,3.8032627310003972,0.0050070296445058624,0,7175.9858705995766,84.711190940746292,8.3172499696363555,0.00032283213342063451,0
2,2009-09-17,1531,865.14673223385466,29.413376756738671,2.9064601538279318,0.0063269379323452439,0,13361.356816465201,115.59133538663355,11.422068714094225,0.026970577603937285,0
2,2009-09-18,1532,543.08272414581779,23.304135344307838,2.3079113982973842,0.14217366998431438,0,29230.061300369613,170.96801250634462,16.931717009789018,0.10711497459936822,0
2,2009-09-24,1533,389.75371731113063,19.742181169038304,1.9911428309670502,0.48176442765323357,1,9609.8715837520103,98.029952482657109,9.8870350461580543,0.59612553227484211,1
2,2009-09-25,1534,945.11509823995482,30.742724313891813,3.1068948270734524,0.22084206307111048,0,20706.320044187993,143.89690769501613,14.542385820618103,0.084448179862270198,0
2,2009-09-29,1535,4576.2006697109264,67.647621315985134,6.4334399729895519,0.35768083998921091,1,35219.072009995056,187.66745058745551,17.847593969325299,0.072459042891426059,0
2,2009-10-09,1536,3486.8460090583931,59.049521666634973,5.5733385244582321,0.0044251958730673439,0,11307.68614180809,106.33760455176753,10.036583723621288,0.00062384219339933821,0
2,2009-10-14,1537,4835.2602227180696,69.536035425655882,6.6004779711111423,0.0019892230696238111,0,20066.2607809947,141.6554297617804,13.446172734862877,0.0017235379054039231,0
2,2009-10-15,1538,2073.6697891053063,45.537564593479374,4.347261536370346,0.21164390757702445,0,36400.596155706124,190.7894026294598,18.213785453886377,0.66254895239493172,1
2,2009-10-16,1539,2392.1324196948945,48.909430784817914,4.6064921859965073,0.059652703662240299,0,16710.31704634272,129.26839152067578,12.175030988526093,0.0044301862644970597,0
2,2009-10-20,1540,1928.027988389792,43.909315508099098,4.1669575808397727,0.092002080231827196,0,13696.078106943371,117.03024441119214,11.10607301648324,0.01515605858451757,0
2,2009-10-21,1541,1718.6622618545064,41.456751704089243,3.9370134571784656,0.58671649963252726,1,3801.1647275614368,61.653586493905095,5.8550414524126397,0.059060308884027468,0
2,2009-10-22,1542,2815.8849423120614,53.064912534668906,4.9978726192294705,0.19200021555990454,0,2852.9632650875947,53.413137570148365,5.0306698912313035,0.17444855679349791,0
2,2009-10-23,1543,3514.6140882974137,59.284180759266746,5.6246850815243592,0.010282970717991974,0,2.0249812341049456,1.423018353397083,0.1350112289750553,0.04312205312651464,0
2,2009-10-26,1544,2686.4911646191545,51.831372397604468,5.0006147995759251,0.71212702572025699,1,668.6750685627328,25.858752262294729,2.4948144970858399,0.25126030590340548,1
2,2009-10-27,1545,3630.9064524775004,60.257003347971931,5.8402717080660942,0.073573153920359929,0,32733.410236033829,180.92376912952545,17.535620947858053,0.21255773437713096,0
2,2009-10-28,1546,2639.3660464725031,51.374760792362849,4.9375070439560647,0.068609279196296211,0,181971.36505600749,426.58101816185808,40.997695162119953,0.18349982898023168,0
2,2009-10-29,1547,2866.0577921910931,53.535575015041104,5.1476514437539524,0.11226157725955244,0,179448.2592906137,423.61333700748105,40.732051635334713,0.01771303989802242,0
2,2009-10-30,1548,9007.7914722669848,94.90938558576272,8.7072830812626343,0.076229038564970486,0,66716.44669314356,258.2952703654164,23.69681379499233,0.032201051285381914,0
2,2009-11-04,1549,5554.1307846634127,74.52604098342681,6.8435299341989717,0.0063935860706951205,0,17514.249796622316,132.34141376236812,12.152563247233068,0.00031197856943683436,0
2,2009-11-05,1550,6580.3192656758829,81.119167067197395,7.3963225044173599,0.0671455010077672,0,7172.5044707198285,84.690639805824048,7.7219639667949895,0.21963245447691979,0
2,2009-11-06,1551,7000.9833744240141,83.671879233252639,7.5601426910551286,0.26667927516800571,1,44552.6372796695,211.07495654309514,19.071602127227933,0.032808489920525229,0
2,2009-11-09,1552,4852.300621258004,69.658456925616747,6.3239634067741042,0.25458761435660754,1,3738.4530783443975,61.142890660684316,5.550875230202843,0.031430146214726125,0
2,2009-11-10,1553,7556.4874490604707,86.928059043443909,7.7944908355475375,0.5914814726970139,1,25738.672868453883,160.4327674399899,14.3853635902255,0.058814703259701478,0
2,2009-11-11,1554,6959.5676727081054,83.424023354835299,7.4836531379085258,0.31524955792346615,1,9499.1242290185892,97.463450734203889,8.7430769889395723,0.18573840305804398,0
2,2009-11-12,1555,4997.9654702478028,70.696290357046337,6.403649488862893,0.089798091838759864,0,7499.8807898286568,86.601852115463771,7.8443706626325884,0.16545260427403832,0
2,2009-11-13,1556,10859.440369778928,104.20863865236379,9.2220034205631674,0.012592636365631548,0,67349.110366823035,259.51707143620251,22.966112516478098,0.016924572094891489,0
2,2009-11-16,1557,8353.536251352336,91.397681870780161,8.0544332999145336,0.0035504095915328011,0,140.27450507367769,11.843753842159913,1.043732438172277,0.0061285068338111344,0
2,2009-11-17,1558,10233.176406035896,101.15916372744437,8.8041047630499882,0.026511979174676344,0,45308.362647132897,212.85761120320058,18.525466597319458,0.02463284549741708,0
2,2009-11-18,1559,6631.7318098932001,81.435445660309369,7.1717697631272017,0.016863860146156314,0,9873.375657180135,99.364861279932029,8.7507583689944539,0.042077472575350973,0
2,2009-11-19,1560,9946.0315354590202,99.729792617146359,8.7482274225566989,0.38391528869965963,1,9860.2552611875217,99.298818025128185,8.7104226337831747,0.32661330325840565,1
2,2009-11-20,1561,12205.657926638965,110.47921943351594,9.4974613740396236,0.0045822902039018443,0,1229.5037331149138,35.064280017061719,3.0143374181871243,0.086863674594344617,0
2,2009-11-24,1562,6389.3920881261338,79.933673055390955,6.775475571552529,0.16936413026054017,0,27094.078290505717,164.6027894371955,13.952344940639586,0.011513975832556382,0
2,2009-11-25,1563,4272.1741613645745,65.361870852696484,5.6032465368792526,0.00065550322138120329,0,3299.8178071535563,57.444040658309859,4.9244784104852002,0.0097064092889650559,0
2,2009-11-27,1564,4247.1990571736742,65.170538260579633,5.5428907727475769,0.35390198886270069,1,7729.9642721826694,87.920215378391049,7.4777984587192048,0.6086061932175908,1
2,2009-11-30,1565,5400.7726772014448,73.489949497883345,6.1626792031768005,0.050902680746741473,0,15.521581030043176,3.9397437772072408,0.33037683666308099,0.089227873364683796,0
2,2009-12-01,1566,7494.7171898043453,86.572034686752886,7.1399616236497225,0.073340673462326381,0,22436.932090153558,149.78962610993312,12.353783596695516,0.075297598853710512,0
2,2009-12-02,1567,3388.2832989373137,58.208962359221914,4.8156328735654119,0.16698610707932368,0,54844.683182414999,234.18941731516179,19.374512290809662,0.13975756949688231,0
2,2009-12-03,1568,1576.8016916461029,39.708962359221914,3.3361867136502341,0.18730023099240808,0,53044.925694469617,230.31484036958977,19.350123114437284,0.22210098978900181,0
2,2009-12-04,1569,209.57586054200712,14.476735147884938,1.2671102974078721,0.13815549430895727,0,20957.512654795573,144.76709797048352,12.671080785162673,0.25035999191371755,1
2,2009-12-07,1570,6657.8832675896547,81.595853249963966,7.1154003270079755,0.26497149058879049,1,17183.182515081666,131.08463874566564,11.430969151573198,0.029655857930323385,0
2,2009-12-08,1571,16644.568108851905,129.01382913801103,11.307084061175376,0.083782071919531256,0,79728.703156017611,282.36271559116585,24.7469514102687,0.32579051911204115,1
2,2009-12-09,1572,14436.23237036605,120.15087336497413,10.64695377624937,0.10556058222608918,0,17825.319555510603,133.51149596761547,11.830881344050995,0.17175542874537231,0
2,2009-12-10,1573,12610.428923640553,112.29616611283109,9.9907621096824819,0.043238279207430612,0,55412.834739257625,235.39930913079934,20.942999032989267,0.051019167499004557,0
2,2009-12-11,1574,10704.854228027116,103.46426546410657,9.2070536564277266,0.037057671449667734,0,3776.9101008132166,61.456570851400556,5.4688828343849218,0.12854399564072544,0
2,2009-12-14,1575,9238.4406228739626,96.11680718206344,8.5665603549076152,0.087623233348540913,0,35090.177994728961,187.32372512505981,16.695519173356491,0.34679449472642343,1
2,2009-12-15,1576,11215.441153931399,105.90297991053603,9.3101520800471231,0.063796000947677844,0,156076.70547697489,395.06544454934919,34.731028092250476,0.11641404911301073,0
2,2009-12-16,1577,12764.641420172307,112.98071260251595,10.114656455014858,0.19701431610234221,0,21844.650611455789,147.79935930664851,13.231813724856625,0.73217270109615074,1
2,2009-12-17,1578,8241.5217588715441,90.782827444795657,8.2193596600086618,0.045870128358397162,0,38122.346850270151,195.2494477591938,17.677632209976803,0.2074395854989993,0
2,2009-12-18,1579,8204.2622503824805,90.577382664672314,8.1933408109156325,0.078687380596987183,0,52445.562411766805,229.00996138108667,20.715509849035428,0.18462805580495156,0
2,2009-12-21,1580,5541.3778826538819,74.440431773693263,6.8671985031082352,0.39227929207232459,1,1230.2976376735614,35.075598892585731,3.2357563554045878,0.075098866635669975,0
2,2009-12-22,1581,5885.8792192953288,76.719483961346668,6.9460827488770178,0.028157897245311751,0,45300.57243090243,212.83931129117673,19.270195680504909,0.14445722429383084,0
2,2009-12-24,1582,7220.083502680156,84.971074505858496,7.6827372970938956,0.088426556899016795,0,20588.599240952277,143.48727902135533,12.973533365402833,0.039509980261894076,0
2,2009-12-29,1583,4189.5218171654651,64.726515564839929,5.9518635002151665,0.40481635136136768,1,77781.078798447707,278.89259366008218,25.645295968743188,0.20017269058413245,0
2,2009-12-30,1584,6978.0447070482869,83.534691637955348,7.4484789690553139,0.03029889952262273,0,88529.206506290211,297.53857986199068,26.530412827640721,0.03471144451986044,0
2,2010-01-04,1585,8144.2982256471514,90.245765693727435,8.0343437074317769,0.19512254756371555,0,3171.1766168997688,56.313201089085396,5.0134165225092717,0.23683910230573516,0
2,2010-01-05,1586,13344.638811412331,115.51899762122389,10.222920143471141,0.37395402654968773,1,108972.7664112843,330.11023372698446,29.21329502008712,0.036074970299396589,0
2,2010-01-06,1587,12034.701068100198,109.7027851428586,9.7060637153601945,0.32650765679614402,1,3946.5063200446825,62.821225075962047,5.5581707654025259,0.028868567850347991,0
2,2010-01-07,1588,11298.14671252984,106.29274063890648,9.4335691714139323,0.4636451823989256,1,13263.495574452274,115.16725044235568,10.221189300408758,0.36062690113698909,1
2,2010-01-08,1589,15727.771509003764,125.41041228304675,10.893412576160413,0.023363021718789487,0,18209.464444844794,134.9424486395767,11.721385332427943,0.005289568079049246,0
2,2010-01-12,1590,9984.5892047151556,99.922916314102622,8.8643083889201701,0.20048898797902329,0,11329.305257842541,106.43920921278277,9.4423782845671109,0.15646025588938417,0
2,2010-01-13,1591,12909.361110641044,113.61936943426963,9.9819344989474743,0.00039799849629986708,0,4356.9435212861827,66.007147501510644,5.7990026357575788,0.0053666347960480663,0
2,2010-01-14,1592,10658.763866023341,103.24128954068397,9.1525965904861675,0.23717659774429389,0,45714.793017727505,213.81017987394216,18.954803180314023,0.53584595977686378,1
2,2010-01-15,1593,12031.748761532728,109.68932838491048,9.6813175979620905,0.14275864935321844,0,16398.714624609773,128.05746610256574,11.302512453889298,0.074663348502319385,0
2,2010-01-19,1594,8971.8020628174745,94.71959703681955,8.4552195524944924,0.43090102305744443,1,31207.167161881491,176.65550419356168,15.769292942964666,0.16469495078139537,0
2,2010-01-20,1595,7284.3884675042746,85.348628972610186,7.7012072161164165,0.059229271211037403,0,12825.097928726784,113.24794889412692,10.218628368520363,0.3446981062452274,1
2,2010-01-21,1596,4635.7141574585012,68.086079028377753,6.2810036004038521,0.027837837356156341,0,26890.659623213684,163.98371755516973,15.127649220956618,0.056573161590200531,0
2,2010-01-22,1597,4191.6986655724959,64.743329120246017,5.9112831883356334,0.00096372409360627931,0,100599.71530019389,317.17458173724117,28.959103559665937,0.0089527604144600641,0
2,2010-01-25,1598,6045.3948431074996,77.752137225336128,7.1022733249907404,0.1840732347282282,0,8824.6298878220259,93.939501211269089,8.5809089939501337,0.63279393424802466,1
2,2010-01-27,1599,2917.1651332878173,54.010787193743226,5.0079543063276057,0.00052770717991251575,0,637.40112325442578,25.246804218641728,2.3409183327437857,0.0069973140367848912,0
2,2010-01-29,1600,3606.5910787413804,60.054900538935044,5.5273723459673301,0.015576913707010994,0,10048.001123895121,100.23971829517041,9.2259289733244731,0.30668178392209061,1
2,2010-02-01,1601,7535.9422788983884,86.809805200209894,7.8136638344023304,0.10046562416036407,0,22750.617678216153,150.83307885943373,13.576334730822119,0.033348569324687577,0
2,2010-02-02,1602,6455.6691798356042,80.347179040932133,7.2044096875975905,0.17964906002163189,0,4204.9730085120382,64.845763227153384,5.8144598275860462,0.13619998915265483,0
2,2010-02-03,1603,5762.5682771573465,75.911581969797908,7.0077620096743969,0.30033274506875285,1,27823.108053239572,166.8026020577604,15.398347755159048,0.095497407481218183,0
2,2010-02-04,1604,3510.2970841834917,59.247760161743599,5.5999773309776559,0.0039383357089448571,0,66855.032083365135,258.56340051013626,24.438884736307777,0.010782349692427985,0
2,2010-02-05,1605,1477.4990587281075,38.438249943618757,3.612617475904019,0.0018578504560271996,0,48921.772466920542,221.18266764581836,20.787844703554356,8.8253282325266176e-05,0
2,2010-02-08,1606,1497.5676196573656,38.698418826321131,3.6124544995398953,0.3462908543708233,1,127141.84269960516,356.56954819446537,33.285372060160128,0.12848677745492512,0
2,2010-02-09,1607,1837.371029280418,42.864566127285343,4.0079070712749267,0.39786134995470529,1,110502.85855763248,332.41970242094931,31.081786107615645,0.13462881917697125,0
2,2010-02-10,1608,7606.5356300576805,87.215455224734569,7.8202604998641174,0.00075120469332360675,0,26305.264806344585,162.18897868333897,14.542836017335931,0.0022395793958692538,0
2,2010-02-22,1609,7806.5347110464809,88.35459643417812,7.9814450256710137,0.068657883414950244,0,17549.879091096969,132.47595665288463,11.967114422121467,0.0034071499014224648,0
2,2010-02-23,1610,5049.2122938571983,71.057809520538967,6.4422311442011759,0.24835271393756553,0,9111.3779233341374,95.453538034659232,8.6539925688720967,0.14581918626402293,0
2,2010-02-24,1611,6876.1060139790197,82.922289005906123,7.5762712659576179,2.3557193717537811e-05,0,6874.143444575071,82.910454374433812,7.575189983959234,0.0038434913335228587,0
2,2010-02-25,1612,6900.0107817902135,83.06630352790603,7.4952676316630749,0.0029401802132306772,0,34949.666416746593,186.94829878002793,16.868784009025756,0.036631727848375956,0
2,2010-02-26,1613,12547.716218831647,112.01658903408747,9.9437717739979998,0.38189198501221755,1,158.39962733352002,12.585691372885321,1.117238470739931,0.20479491410583023,0
2,2010-03-02,1614,11953.830504252002,109.33357446023615,9.6202001284853633,0.45266032126394179,1,8897.8741240973104,94.328543527912643,8.2999158405554461,0.70158905068929789,1
2,2010-03-03,1615,11628.844880729725,107.83712199762067,9.5052553545721175,0.027257281068895505,0,9838.4992242571898,99.189209212782771,8.7429889125414526,0.21193844600729297,0
2,2010-03-04,1616,12041.99429994781,109.73602097737921,9.6683718922801081,0.21281996398663827,0,10569.867761539082,102.80986218033308,9.0581376370337523,0.15123962063652754,0
2,2010-03-05,1617,10427.196028118866,102.11364271300317,9.0707210937599978,0.3488531144569843,1,361.52921445334636,19.013921595855663,1.6890003638335032,0.055065970398187065,0
2,2010-03-08,1618,8499.6359393514085,92.193470155707928,8.2629146453692979,0.047392926626903718,0,4533.1533968613467,67.328696681737028,6.0343891267521421,0.053781472772552033,0
2,2010-03-09,1619,9001.8095757668234,94.877866627400635,8.4674579765640914,0.045411187668794074,0,8771.770625883144,93.657731265940583,8.3585659318108512,0.1922422057543369,0
2,2010-03-10,1620,7381.9438190347428,85.918239152317028,7.7824491985794415,0.17660941137193292,0,86916.479002939785,294.8160087290712,26.704348616763696,0.29766585330366069,1
2,2010-03-11,1621,8093.2203047777703,89.962327141852938,8.1321877642352938,0.23693641380944436,0,51294.755480452914,226.48345520247813,20.473080696269207,0.36890502220982385,1
2,2010-03-12,1622,8123.2452812531747,90.129047932690241,8.1620147550545834,0.32756697774008769,1,26248.429449904041,162.01367056487561,14.671828894260866,0.13967358014443554,0
2,2010-03-15,1623,11918.177944398707,109.17040782372624,9.7321513549120766,0.087241199915105747,0,6655.1940019253343,81.579372404581136,7.2725092404351361,0.15618744131387835,0
2,2010-03-17,1624,9959.9756534693988,99.799677622071499,8.8888601756465366,0.41801239699316262,1,103170.61752897398,321.20183300998451,28.60849102738673,0.24836553536760286,0
2,2010-03-18,1625,7664.6717186005135,87.548110879678688,7.9193225580894335,0.2542398582989146,1,51379.305864875088,226.67003742196516,20.503847799363651,0.052409515053281744,0
2,2010-03-19,1626,6256.9220491593906,79.100708272172824,7.1811809597978042,0.19944736137795907,0,31064.000508980138,176.249824138863,16.000891887323014,0.18722842353275265,0
2,2010-03-23,1627,7965.0457184539719,89.247104818329944,8.1653343841106985,0.029731987290339858,0,83556.69074268805,289.06174209446681,26.446636971131454,0.04014237141190917,0
2,2010-03-25,1628,6666.9069732644384,81.651129650877692,7.4465234519724293,0.012509676018543451,0,6927.4001151366292,83.231004530382961,7.5906068883158193,0.033463380725499564,0
2,2010-03-26,1629,10227.275667550843,101.12999390660934,9.131376424976013,0.05834652360584873,0,15303.474476962001,123.70721271195953,11.169951486407182,0.108890832975459,0
2,2010-03-29,1630,9280.4039457539275,96.334853224333756,8.7023354312857961,0.30603977285406297,1,3080.8922830126303,55.505786031842035,5.014072812271186,0.097833558979098428,0
2,2010-03-30,1631,10940.916636158257,104.59883668644818,9.3768567177452429,0.010873919680268622,0,6446.3735101861203,80.289311307210255,7.197607468149732,0.037209272545826975,0
2,2010-03-31,1632,12644.266555939657,112.44672763553262,9.9268795087647419,0.17382880178886331,0,156619.0121353851,395.75119979020292,34.937205896288056,0.0050806924535836554,0
2,2010-04-06,1633,14270.929317493052,119.46099496276202,10.460682571170054,0.17220534753157551,0,1325.6014467163757,36.408810015110021,3.188161997820492,0.030419901399803231,0
2,2010-04-07,1634,11872.731661476146,108.96206524050535,9.4914690976049965,0.32548928740274252,1,4355.4223298870465,65.995623566165705,5.7487476974011935,0.076210399167552872,0
2,2010-04-08,1635,8160.7821349994911,90.337047411344429,7.8383555237609048,0.3696165118594375,1,3563.3308680175282,59.693641772114461,5.1794916938927944,0.50780479947431234,1
2,2010-04-09,1636,9682.7737153953876,98.401085946220064,8.4920031021549143,0.50645939243773586,1,18357.173635915948,135.48864762745234,11.692655674429544,0.5929263409113964,1
2,2010-04-12,1637,4775.8783981463694,69.107730379070972,6.0185264863114281,0.1502199208489019,0,67851.00929729738,260.48226292263621,22.68515244264195,0.72915125254406277,1
2,2010-04-13,1638,9258.1569522619466,96.219316939281725,8.3342847067372645,0.00578663545112816,0,2963.469156459807,54.437754880779266,4.7152667718301657,0.0019849516949424504,0
2,2010-04-15,1639,8943.7727615858257,94.571521937557009,8.2128981274474171,0.054275896987640612,0,53865.871046802677,232.0902217819671,20.155468674074434,0.16460892518861656,0
2,2010-04-16,1640,7283.8584263610164,85.345523762884113,7.5111572068544881,0.49937884763059825,1,15.995884218426495,3.9994854942137863,0.35198992248306149,0.11172812481059967,0
2,2010-04-19,1641,13109.043742827687,114.49473238026144,10.0017237283478,0.23442130529912406,0,1565.789069057749,39.57005267949171,3.456654525397834,0.15993663337186723,0
2,2010-04-20,1642,15409.706221067612,124.13583777889289,10.860528239623175,0.052213089246253237,0,3166.7937169986458,56.27427224761459,4.9233833987414339,0.037598474327530079,0
2,2010-04-21,1643,8474.4329545448873,92.056683377932359,8.1196633629929309,0.31617361773139901,1,89861.229204219286,299.76862611724277,26.440452138235305,0.33806516947339654,1
2,2010-04-22,1644,14057.169103022621,118.56293309050102,10.404820806538044,0.019852596314184481,0,101220.05333542774,318.15099141041151,27.920227416446821,0.14608235606737122,0
2,2010-04-23,1645,15239.715070621927,123.44924086693254,10.692874912683632,0.62207570449022387,1,87939.72060931391,296.54632118661311,25.686125698277447,0.51563157870476439,1
2,2010-04-26,1646,10994.543517121952,104.85486882888154,9.12178067236899,0.0095533051020521443,0,39462.634304077939,198.65204329197809,17.281604462112057,0.0082821536435681662,0
2,2010-04-27,1647,13636.111230822462,116.77376088326719,10.058032806482963,0.071863194787947574,0,29163.507449956636,170.77326327606625,14.709152736956611,0.07970646736953016,0
2,2010-04-28,1648,11904.25416658122,109.10661834454049,9.2522042268001279,0.019271351491509582,0,1698.6058505386004,41.21414624299041,3.4949456216231001,0.049813072601675848,0
2,2010-04-30,1649,5316.3067982965385,72.913008429885394,6.1516986652508248,0.014923642391393628,0,25618.784308952858,160.05869020129103,13.504213474059569,0.037283567542927096,0
2,2010-05-06,1650,5119.8723376141797,71.55328320639228,5.9516143236757983,0.16860254066269895,0,756.46793820329708,27.503962227346392,2.2877074009021747,0.020085764371544388,0
2,2010-05-07,1651,5454.0616451404076,73.85161910980969,6.1723041462440191,0.12293736308358831,0,8234.7416271477578,90.745477171855555,7.5842438087635227,0.26543595482261967,1
2,2010-05-10,1652,9531.2756031955196,97.628252074875945,7.9859510899694026,0.17993339004300335,0,48429.119170615879,220.06616998215759,18.001322697927002,0.16067913628527197,0
2,2010-05-11,1653,10331.220194673775,101.64261013312171,8.2135442531815528,0.01523179577341457,0,20142.46726084466,141.92416024357749,11.468619009582019,0.019454371717206473,0
2,2010-05-12,1654,8945.2551606103079,94.579359062166986,7.6427764898720802,0.017598224705802485,0,3469.5364803766029,58.902771415075222,4.759819912329311,0.046745535817314283,0
2,2010-05-13,1655,5270.6249687133341,72.599070026504705,5.8713360312579619,0.317008230483454,1,32053.805697653519,179.03576653186792,14.479237083046334,0.47190689368208416,1
2,2010-05-14,1656,3764.7677620373065,61.357703363451492,4.9642154824798936,0.11850348297521418,0,6755.9989414625397,82.194883912945215,6.650071513992331,0.037933840821394386,0
2,2010-05-17,1657,1595.9860157536232,39.949793688498858,3.2833198018080019,0.12959600331732921,0,41648.495460903228,204.07963019591944,16.772519432580189,0.068244282794592437,0
2,2010-05-18,1658,2791.6549586183428,52.836114151386482,4.4214321465595381,0.21090916898977924,0,14242.752836464499,119.34300497500681,9.9868623410047537,0.21354581772531631,0
2,2010-05-19,1659,9747.4328901628141,98.729088368944304,8.282641641689958,0.24278705562959185,0,39127.819864237172,197.80753237487488,16.594591642187488,0.26411006179630742,1
2,2010-05-20,1660,8809.0448405237585,93.856511977186528,7.9556272072207266,0.20557021806349635,0,2384.331833676561,48.829620453947427,4.1389803309131112,0.19794126473549722,0
2,2010-05-21,1661,15198.842545634949,123.28358587271441,10.386148767709722,0.10556058222608918,0,23207.071569458316,152.33867391262902,12.833923665764871,0.09121839668093662,0
2,2010-05-24,1662,18230.128473870434,135.01899301161461,11.26801527324136,0.2155944336250154,0,16716.783065079282,129.29339915509718,10.790185616949483,0.055852686554016137,0
2,2010-05-25,1663,15156.537663196352,123.11189082780083,10.157746767970366,0.02866951609256246,0,2021.3400484328242,44.959315480029545,3.7095144785502923,0.054631287834239442,0
2,2010-05-26,1664,12737.440794663591,112.86027110840905,9.346606302973834,0.00038372313511410506,0,3495.4349194864012,59.12220326989177,4.8962487180034593,0.0091431199246693705,0
2,2010-05-28,1665,15508.942529698366,124.53490486485452,10.143343910800613,0.16856703959232019,0,2405.2116434624822,49.042957123959013,3.9945393707154562,0.15089948950567622,0
2,2010-06-01,1666,1753.210830380167,41.871360503095275,3.4462025105428209,0.053432437431020142,0,70.239045210416933,8.380873773683561,0.68978384968588979,0.011679787326693329,0
2,2010-06-02,1667,2213.7736105615054,47.050755685339482,3.8724901798633318,0.020178164895868551,0,13901.656003949181,117.90528403743906,9.7041386039044504,0.010311276636629615,0
2,2010-06-03,1668,1175.1627546596792,34.280646940506813,2.8484127079773005,0.022530553792487348,0,108.61151186122659,10.421684694003488,0.86594804270905601,0.17692024444776364,0
2,2010-06-04,1669,7135.6683979354466,84.472885578364412,6.9525008706472766,0.58698253738754491,1,7081.4697197790338,84.151468910406038,6.9260468239017312,0.047351474008724116,0
2,2010-06-07,1670,11149.416222518777,105.59079610704134,8.4743817100354217,0.28546583109830859,1,1820.0972743927839,42.662598073638037,3.4239645323947063,0.27746189551774603,1
2,2010-06-08,1671,2913.544604872131,53.977260071924093,4.3759432567429339,0.0064253983247197638,0,733.41223174030154,27.081584734655053,2.1955074774750751,0.0084686565285498564,0
2,2010-06-09,1672,1691.1000038857999,41.122986320132441,3.3776580139739174,0.32986451421359447,1,190.07959252805099,13.786935574232984,1.1323971724216004,0.14072649236737328,0
2,2010-06-10,1673,2085.1787097364272,45.663757069873554,3.7429309073666852,0.030078023051162771,0,6182.0949187540909,78.62629915463458,6.4447786192323431,0.13324912822775681,0
2,2010-06-11,1674,4909.6858802925062,70.069150703376636,5.6280442332029423,0.056397942294766759,0,2036.2305618738317,45.124611487234233,3.6244667861232314,0.14008475729776318,0
2,2010-06-17,1675,3819.4153617149477,61.801418767815903,4.9204951248261066,0.14429783305327154,0,17014.429376721524,130.43937050109344,10.385300199131644,0.1509616014823415,0
2,2010-06-18,1676,211.13051847685455,14.530330983045587,1.158256754328066,0.15937977861123706,0,5557.6941285140065,74.549943853191508,5.9426021405493437,0.21481028490733844,0
2,2010-06-21,1677,37.594671341012692,6.1314493670756747,0.49607195526502224,0.29796808347623049,1,36816.261880558064,191.87564170722158,15.523919231975855,0.30318835453622539,1
2,2010-06-22,1678,1509.2539150468926,38.849117300743046,3.1674779698934405,0.14679527522859503,0,2609.113776518705,51.079484888932711,4.1646542918004661,0.077396263102382318,0
2,2010-06-23,1679,2542.2634091387145,50.420862836118886,4.0785328886648236,0.0076215652977786943,0,31824.418290109534,178.39399734887252,14.430252566137311,0.020427001688455387,0
2,2010-06-24,1680,2962.8052327471264,54.431656531352473,4.3406424666150301,0.44751644279761688,1,23789.736152508416,154.23921729738004,12.299778093889955,0.096632962948273574,0
2,2010-06-25,1681,1105.5117004320898,33.249236087947793,2.6367356136358282,0.019067482138041488,0,1116.322152475961,33.411407520126431,2.6495961554422229,0.0098797294597115989,0
2,2010-06-28,1682,3421.9300332508938,58.497265177535382,4.7385390990308123,0.0022665314088275543,0,6313.6800117345365,79.458668575143747,6.4365061624255775,0.0011430453764545031,0
2,2010-06-29,1683,1026.0125097376913,32.031430029545845,2.5748737965872865,0.18611526608629242,0,68380.397052599801,261.49645705553985,21.020615518934072,0.070761924403905191,0
2,2010-06-30,1684,8778.5982903546301,93.694174260487671,7.7981002297534481,0.39224265181267964,1,61863.098441911294,248.72293509427573,20.70103496415112,0.40601304711610575,1
2,2010-07-02,1685,1.8796447256536462,1.3710013587351568,0.11472814717449012,0.035188180300154533,0,28261.905472883198,168.11277605489477,14.068014732627176,0.025829354993913957,0
2,2010-07-06,1686,4337.2868141415147,65.858080856805373,5.5192190116744495,0.020126011560745952,0,6333.8538028663534,79.585512518713813,6.6696427838855072,0.075539645955561729,0
2,2010-07-07,1687,10130.593110985143,100.65084754230907,8.4332507366827869,0.082387910191152519,0,280.04601688008785,16.734575491481337,1.4021428983226927,0.072683460116662865,0
2,2010-07-08,1688,14661.216455895959,121.08351025592196,10.017250072878756,0.35717357671491828,1,3121.4164270686806,55.869637792531648,4.6221003344390192,0.20600191319655306,0
2,2010-07-09,1689,12531.861561453321,111.94579742649262,9.2862544526331501,0.090691829435558799,0,29178.579786765502,170.81738724955812,14.169837183704532,0.12542010841225504,0
2,2010-07-12,1690,13405.44327861925,115.78187802337311,9.5215360216589726,0.002980683248723586,0,5265.8814871853974,72.566393648750363,5.9676310566406547,0.084867809280587944,0
2,2010-07-13,1691,5430.4956795016633,73.691896973152097,6.1053767169140096,0.48122265841119238,1,4379.7810110510964,66.179913954696985,5.4830086126509521,0.063482681039432123,0
2,2010-07-14,1692,6080.2897437420088,77.976212678880529,6.4549844932848117,0.028999579030569999,0,175.02801194500611,13.229815264961417,1.0951833828610444,0.043253542546669542,0
2,2010-07-15,1693,2796.7867705488038,52.88465534111765,4.446891346741026,0.50775684306983271,1,227.51181624562761,15.083494828640596,1.2683199351390033,0.12450091568760221,0
2,2010-07-16,1694,3778.438238877457,61.469002260305615,5.1960272409387676,0.0087806513502122676,0,5250.2617021744272,72.458689625016177,6.1249948964510716,0.0065989677249010982,0
2,2010-07-20,1695,8262.3249990572949,90.897332188889322,7.6288151228610417,0.021887904033993804,0,1073.1688042094486,32.759255245036456,2.7494129454499752,0.064471803473366257,0
2,2010-07-21,1696,9593.4026065923917,97.94591674282492,8.1655620460879472,0.28537027753404959,1,3076.5664353448606,55.466804805620995,4.6241604673298031,0.21927127761124893,0
2,2010-07-22,1697,6957.5271721045183,83.411792764000211,7.0064504631667539,0.07732044295828587,0,2935.7700746454007,54.182747020111492,4.5512597244948756,0.15253577964037346,0
2,2010-07-23,1698,6207.4242860109352,78.787208898468634,6.6571363665795218,0.11608476310265718,0,3697.6901056626434,60.808635124155217,5.1380342310228322,0.046526813831931295,0
2,2010-07-26,1699,5590.3041748811511,74.7683367133518,6.401398691211627,0.13146036019082027,0,1338.6773482366291,36.58793992884307,3.1325291034968381,0.33686883713895666,1
2,2010-07-27,1700,4609.9900399205208,67.896907440033829,5.868358464998602,0.042424142503573806,0,59650.139874419416,244.23378119011181,21.109229143484168,0.21358144521447125,0
2,2010-07-28,1701,7067.6701045221835,84.069436209137166,7.2317794588505082,0.0007280815907451338,0,68435.090093248116,261.60101317320641,22.503312961136036,0.0010080587620301764,0
2,2010-07-29,1702,8987.3774795650716,94.801779938802156,8.1096475567837594,0.55808652202244668,1,34750.790877447907,186.41564010953562,15.946590257445306,0.021414562026846998,0
2,2010-07-30,1703,13462.370895628073,116.02745750738518,9.7625122008738057,0.18916431285984642,0,132176.70075784199,363.561137579145,30.589914815241482,0.17387426708387274,0
2,2010-08-02,1704,8601.9613585358347,92.746759288590965,7.8102534137760822,0.046544527739954267,0,75382.920145512646,274.55950201279256,23.12080016949832,0.099477051592037222,0
2,2010-08-03,1705,10775.433346586247,103.8047847962041,8.6540045682537823,0.12074203843361367,0,854.59465733740615,29.233450999452771,2.437136390116946,0.27677050496250782,1
2,2010-08-04,1706,3647.6855194469204,60.39607205313041,5.0646601302415437,0.3520676271551586,1,23937.329084782821,154.71693212051105,12.974166215556481,0.19444179022971111,0
2,2010-08-05,1707,4199.968955111196,64.807167467118916,5.3659422452592764,0.029164211382562123,0,256.63884705014198,16.019951530829985,1.326429437452286,0.040700814414551319,0
2,2010-08-06,1708,1387.6089749252401,37.25062381927637,3.0964774579614609,0.35762972861104214,1,698.05182486354158,26.420670409047943,2.1962319542018238,0.16243181824738909,0
2,2010-08-09,1709,841.27648146979857,29.004766530172219,2.43226553712136,0.079873309119115526,0,251.27816301548953,15.851755833833977,1.3292877009504382,0.047656670802021323,0
2,2010-08-10,1710,4745.3381893871256,68.886415129451507,5.7143438514683957,0.01061418129416975,0,208.93194658696964,14.454478426666583,1.1990442494124085,0.032177952479707991,0
2,2010-08-11,1711,5996.1310774314161,77.434689109154533,6.3837336446129047,0.46901661872606321,1,24231.524958655995,155.66478393861598,12.83304072041352,0.16259878628695607,0
2,2010-08-12,1712,2441.6539550822454,49.413094975747526,4.0694333931025346,0.13483470509354617,0,47604.981624664011,218.18565861363118,17.968759202275574,0.18150903470934798,0
2,2010-08-13,1713,2480.4864911413442,49.804482641036884,4.0706565297128634,0.19081930705394679,0,4973.4505828201736,70.522695515842088,5.7640127107349475,0.19657775778229108,0
2,2010-08-16,1714,2534.3631578218542,50.342458797935706,4.1062364435510359,0.016309764641747739,0,1711.7681813395698,41.373520291843306,3.3746753908518197,0.029923562801850677,0
2,2010-08-17,1715,741.96052566408105,27.238952359884934,2.236367188824707,0.072914481404032963,0,511.91662518769937,22.625574582487388,1.8576005404341043,0.11766941657807169,0
2,2010-08-18,1716,1250.306343184395,35.35967114078403,2.8841493589546516,0.4489857394699947,1,36214.17375286077,190.300220054683,15.522040787494534,0.078017037784042315,0
2,2010-08-23,1717,26.360869020640521,5.1342836910946517,0.42015414820741831,0.38673420568971911,1,23493.022716242711,153.27433808776573,12.542908190488195,0.076526482941061388,0
2,2010-08-24,1718,458.55753594161797,21.413956569060701,1.73042073285339,0.18388598412535007,0,9935.7526475862724,99.678245608489078,8.0548077259385114,0.13248238200164,0
2,2010-08-25,1719,3098.8699004559003,55.667494109721702,4.5002016256848592,0.025401395144902989,0,8683.5213897127178,93.185414039498255,7.5331781761922594,0.032301904981238375,0
2,2010-08-26,1720,7476.4191580557836,86.46628914239227,7.0013189588981586,0.47506242583374914,1,6286.3400312373178,79.286442922086735,6.4199548924766594,0.313737016634204,1
2,2010-08-27,1721,5082.0473134006434,71.288479527905793,5.7213867999924393,0.17305593822003112,0,162.11619216220325,12.732485702415033,1.0218688364699064,0.10633579024135485,0
2,2010-08-31,1722,11503.718480325844,107.25538905027497,8.6045237906357777,0.018505997208920259,0,10346.895088400417,101.71968879425663,8.1604242915568896,0.060802123966121883,0
2,2010-09-01,1723,10016.066456694463,100.0803000429878,8.0160432553454388,0.081967164389288222,0,9845.8074353273842,99.226042122657418,7.947620514429909,0.23948356843383486,0
2,2010-09-02,1724,11747.119822903634,108.38413086288801,8.7371326773791225,0.39731202949259098,1,4362.3940088661402,66.048421698524635,5.3243387100785684,0.28607090193461138,1
2,2010-09-03,1725,9025.1726491172722,95.000908675218852,7.5592527292793994,0.022048827014042358,0,319.74649799931342,17.881456819826326,1.422833246057396,0.11629938429320363,0
2,2010-09-07,1726,5850.7345144543333,76.490094224378709,6.0948282250500956,0.0515633415381095,0,1659.2718492310009,40.734160715927374,3.245749857842819,0.034163939387718244,0
2,2010-09-08,1727,7925.4255117261391,89.024858953699777,7.0936142592589455,0.33340628763797558,1,9625.1165394012187,98.107678289730302,7.8173448836438491,0.15217176598084442,0
2,2010-09-09,1728,10055.047338184384,100.27485895369978,8.0623002173828962,0.62107087321517096,1,17045.801876562375,130.55957213686929,10.497252031105068,0.21456424369790725,0
2,2010-09-13,1729,6374.4411801355636,79.840097570929629,6.308976497110204,0.19254168263591148,0,2590.3465127771078,50.89544687668149,4.0217658535504928,0.092457273771597709,0
2,2010-09-14,1730,2898.5894110286144,53.838549488527406,4.2492935665767488,0.16802739805067529,0,248.93167001357793,15.77756857103077,1.2452698161823812,0.033301426905731409,0
2,2010-09-15,1731,2635.6868030372029,51.338940415996149,4.0344943352452773,0.11569217562247069,0,190.03489428342792,13.785314442675144,1.0833253000137637,0.25968309936114542,1
2,2010-09-16,1732,8.7114151501084507,2.9515106555979855,0.23167273591820922,0.002774872929433703,0,76.644263282364705,8.7546709408386505,0.68717982267179367,0.033499911881404755,0
2,2010-09-17,1733,328.49349282826813,18.124389447048088,1.421520740944948,0.00049510677030450035,0,95.153605164042006,9.7546709408386505,0.76507223065401186,0.01953555621817795,0
2,2010-09-21,1734,720.32872265339154,26.838940415996149,2.0693092070929953,0.00044816474637984468,0,18333.380116145065,135.40081283413724,10.439538383510968,0.0066122379071592756,0
2,2010-09-27,1735,95.709815053186304,9.783139325042157,0.75603858771577714,0.00032363811121931014,0,9.4315093184366692,3.0710762475778211,0.2373320129503726,0.015452776789567229,0
2,2010-09-28,1736,880.99103294242332,29.681493105004392,2.2700950749525348,0.61893452390580428,1,27967.684434170227,167.23541620772266,12.790471602885098,0.30110092689038626,1
2,2010-09-29,1737,3.5082229626906951,1.8730250833052651,0.13962169834552851,0.0028807659618696126,0,12548.307097962132,112.01922646564799,8.3502964193550486,0.0042045437004351056,0
2,2010-10-08,1738,29.164175960526851,5.4003866491693771,0.40047361135850035,0.047551512257482373,0,1525.6110668978022,39.059071505833344,2.8964828702879752,0.029997788932050594,0
2,2010-10-12,1739,276.55186541727403,16.629848628814216,1.2178578270826963,0.0035071137950549941,0,77.616661426577565,8.8100318629717549,0.6451872473798429,0.0046033774090205159,0
2,2010-10-13,1740,412.40242115544788,20.307693644415849,1.4788052899629236,0.14578216137432748,0,2861.1220174293762,53.489457067999638,3.8950997318769081,0.026530718858107986,0
2,2010-10-14,1741,430.47782358937718,20.747959504235041,1.5172182452822698,0.055438903236078939,0,525.20136584613772,22.917272216521269,1.6758517160161805,0.031531041198076155,0
2,2010-10-15,1742,334.65198613664541,18.293495733091731,1.3379773803687498,0.23140724382983385,0,536.72250195439835,23.167272216521269,1.6944430218702702,0.26998791129216865,1
2,2010-10-18,1743,56.567009633423233,7.5211042828445898,0.56169561485023078,0.17275719601648756,0,4172.7979663262895,64.59719782100683,4.824286618447112,0.20547966935654358,0
2,2010-10-19,1744,4.3808292778641862,2.0930430664141113,0.15631389592338396,0.087631072008616182,0,7691.6446581507007,87.702021972989314,6.549814934502562,0.11057168789572684,0
2,2010-10-20,1745,6.7874870275984494,2.6052806043876444,0.19391742496372494,0.27027565787532176,1,8435.3423558256545,91.844119876155673,6.8361830946152349,0.33811717238467587,1
2,2010-10-21,1746,99.331143169204964,9.9665010494759372,0.74515895697016354,0.00084933472122327228,0,4075.4564756248374,63.839301966929725,4.7730319227611009,0.027029635881451446,0
2,2010-10-25,1747,85.085377950390736,9.2241735646284724,0.69380771452639878,0.35923635631154471,1,30910.824856316423,175.81474584435864,13.224125298560258,0.12579011353924696,0
2,2010-10-26,1748,157.61236940548761,12.554376504051788,0.94785779570039919,0.85788748183418206,1,464.67171618014441,21.556245410092743,1.627500597213495,0.74376983266750929,1
2,2010-10-27,1749,3.8906628910389651,1.9724763347221597,0.14791723544973076,0.088907127892828383,0,897.12565420398153,29.952055926162757,2.2461234290335774,0.015554913424923577,0
2,2010-10-28,1750,18.717468883431273,4.3263690184069219,0.32124514708794666,0.050820966726186981,0,3392.2536250271278,58.243056453341524,4.3247118212987958,0.031778163187429688,0
2,2010-10-29,1751,11.205278403813985,3.3474286256489449,0.24713389631959726,0.0011002054111090898,0,847.99125234340181,29.120289358854279,2.1498921638135311,0.0049772534264892684,0
2,2010-11-01,1752,2.5276284698608822,1.5898517131672634,0.11767962347648138,0.010488191393153299,0,73553.086969444907,271.20672368037799,20.074516926748924,0.025098101206568416,0
2,2010-11-02,1753,780.51305933339165,27.93766381309274,2.0230024484498723,0.41860526837949713,1,58049.012339389716,240.93362641895737,17.446316178056289,0.24794219628917105,0
2,2010-11-04,1754,3839.3267893978505,61.962301356533317,4.4625352075285072,0.0092711390685951342,0,10050.573024834572,100.25254622619104,7.2202049856817458,0.072685309116577224,0
2,2010-11-08,1755,4856.1371440360872,69.685989582096681,4.9040105265374159,0.57053847289021575,1,10528.556091198572,102.60875250775916,7.2208833573370281,0.22220316002929877,0
2,2010-11-09,1756,1328.9544351390393,36.454827322853134,2.6217063878355362,0.0052998799266454899,0,1489.4309414603501,38.593146301647266,2.7754869688347545,0.0030809860346624816,0
2,2010-11-10,1757,2367.5691487274748,48.657673071443469,3.4792758721089361,0.00057186838791031976,0,1462.9775042139433,38.248888927836106,2.7349938453940728,0.046623066012106334,0
2,2010-11-11,1758,1761.3387338063314,41.968306301378561,3.0225643717233392,0.53454003504718228,1,5.6209103934204192,2.3708459235936061,0.17074871613925863,0.035637059592386541,0
2,2010-11-12,1759,339.28652268171038,18.419731884088606,1.3459796773173989,0.0024426078085950809,0,11008.790082502464,104.92278152290123,7.6669917079211709,0.020901767833361957,0
2,2010-11-15,1760,0.096816244035019094,0.31115308777998507,0.02306546240029541,0.13836485519832042,0,7802.673345934073,88.332742207711817,6.5480164720320104,0.34403721092549994,1
2,2010-11-16,1761,251.34903417244354,15.853991111781397,1.1741522763770706,0.03527003509537717,0,0.79812167996066685,0.89337656112115837,0.066163789011009694,0.15904436966845012,0
2,2010-11-18,1762,42.609979841065162,6.5276320240241148,0.48622957348410534,0.36475562121234623,1,2130.5802641073437,46.158209065206847,3.4382278633301193,0.12755318275108479,0
2,2010-11-19,1763,292.50656096569196,17.102823186997284,1.2608052478435152,0.04483429939891713,0,128.75040224903839,11.346823443106814,0.83647795378597956,0.092282274162483108,0
2,2010-11-22,1764,849.5051744516378,29.146272050669495,2.1235899490469579,0.28964466458172583,1,3304.7807050382739,57.487222102292208,4.1885043426078115,0.048345942114503548,0
2,2010-11-24,1765,614.78291489468381,24.794816290803283,1.8298757410186925,0.27266835954897417,1,16332.86790862433,127.80010918862445,9.4317423755442409,0.34056020079761584,1
2,2010-11-26,1766,533.40833019742149,23.095634440244794,1.7019627443069119,0.56111907308568132,1,475.59406566588086,21.808119260171907,1.6070832174039724,0.27390521123277728,1
2,2010-11-29,1767,585.30382588021655,24.193053256673011,1.748684731237659,0.45976102339703667,1,20.802891828691081,4.5610187270708593,0.3296724775620426,0.10706769701743343,0
2,2010-11-30,1768,852.04714743398631,29.189846649716856,2.1068095741405166,0.031246018507168103,0,7364.7909975929388,85.818360492338343,6.1940354018288231,0.14619474140447775,0
2,2010-12-01,1769,1177.2139135419629,34.310551052729579,2.4701620628315033,0.34249844624564635,1,1989.8994441560733,44.608288962434699,3.2115398821047303,0.037551281786283253,0
2,2010-12-02,1770,2865.7996031192556,53.533163582206271,3.8142617443680993,0.40717543307766724,1,34622.573988062672,186.07142173924149,13.257671659368828,0.026387429645279039,0
2,2010-12-03,1771,5007.4406102714929,70.763271619332954,4.9833289872769688,0.0082165824243580158,0,71504.060242890293,267.4024312583756,18.831157130871521,0.087025794104718321,0
2,2010-12-07,1772,1630.561774547758,40.380215137462528,2.9144868377814888,0.20020749975918864,0,6.7058834951576314,2.5895720679598071,0.1869052376730283,0.0078226445033934677,0
2,2010-12-08,1773,1524.9162882682892,39.050176545929844,2.8068410814684523,0.00030593468975578759,0,2995.5048182176456,54.731205159558158,3.9339590411182868,0.00093431002636325819,0
2,2010-12-09,1774,823.98161612649562,28.705079970738552,2.0872626773850973,0.49595754610873805,1,29337.536531490721,171.28203797097558,12.454611014068394,0.43028770699967633,1
2,2010-12-10,1775,2189.36967388326,46.790700720156565,3.3445818956509341,0.086997502860728104,0,4690.7185269565653,68.488820452367008,4.8955554290469623,0.098158435926433349,0
2,2010-12-13,1776,1853.4157223201782,43.05131498944229,3.087222301143226,0.13674777249161479,0,260.24358123131196,16.132066861729527,1.1568351998371837,0.14278047717254128,0
2,2010-12-14,1777,1401.0937390282404,37.43118671680395,2.695314975107395,0.0092342510534971448,0,1872.6055785794726,43.273612959625552,3.1160117342664666,0.024104272864532591,0
2,2010-12-15,1778,726.95933590579023,26.962183440993613,1.9781499223032732,0.020096729023495855,0,1460.227218240017,38.212919519974093,2.8035891063810778,0.029545364120466308,0
2,2010-12-16,1779,229.00027229204215,15.132754947201192,1.0965764454493618,0.37249492826432817,1,12818.703935272986,113.21971531174677,8.2043271965033888,0.71304881539538878,1
2,2010-12-20,1780,987.27940005248684,31.421002530990108,2.2719452300065153,0.22695822416611164,0,9038.085199216297,95.068844524461838,6.8741030024918173,0.02430222759770731,0
2,2010-12-21,1781,986.27062754145641,31.404945908908303,2.2642354656747155,0.17805445137226014,0,2264.7694321379845,47.589593737895939,3.431117068341452,0.071071116275477006,0
2,2010-12-22,1782,3113.3233813285924,55.79716284300298,3.9502416172037509,0.088891452295117454,0,5166.8844827160283,71.881043973470696,5.0889234671483683,0.048661641479132794,0
2,2010-12-29,1783,4346.1845777086201,65.925598804323499,4.6905442052168977,0.0044540865070026442,0,9972.0044848503458,99.859924318268668,7.1049394747967742,0.024866497369059652,0
2,2010-12-30,1784,1841.7944667475927,42.916132942607874,3.0908270034287271,0.084166379538239883,0,152.67495844738903,12.356170865093645,0.88989347245903105,0.076993910869240012,0
2,2011-01-04,1785,837.3605222472105,28.93718234810035,2.1152911073172769,0.048360627819118741,0,33907.775408798349,184.14064029648193,13.46057312108786,0.12771830068120099,0
2,2011-01-05,1786,256.01243827828455,16.000388691475109,1.1691917202393212,0.04709659227843007,0,6249.2076547412653,79.051930113952722,5.7765385541799583,0.10292843024865425,0
2,2011-01-06,1787,179.36868168489121,13.392859354330994,0.9797263609605702,0.064286799564887878,0,3456.1339005049304,58.788892662686976,4.3005773710817108,0.020231312054260493,0
2,2011-01-07,1788,420.05111336763485,20.495148532460917,1.4916410867875485,0.036456823388090726,0,2807.9245003742972,52.989852805742885,3.8566122857163676,0.074780081331535381,0
2,2011-01-11,1789,497.66036825183141,22.308302675278355,1.618009260219645,0.21104279205518445,0,45.879007467802431,6.7734044222829652,0.4912713996216112,0.14877591238896248,0
2,2011-01-12,1790,1156.9977987197044,34.014670345598006,2.4621549291058997,0.22658492619510978,0,770.94461155138015,27.765889352790055,2.0098363628512526,0.13339192394757718,0
2,2011-01-13,1791,401.85866579630135,20.046412791227795,1.4664530205726258,0.29249284876924841,1,13626.940753542196,116.73448827806715,8.5394651264131056,0.028610862195508183,0
2,2011-01-14,1792,478.36795679334494,21.87162446626553,1.5970518047656466,0.29636250985628226,1,216.35066957612429,14.708863639864376,1.0740316641010863,0.14035940992655971,0
2,2011-01-18,1793,504.91964666209691,22.470417144817247,1.637785506182015,0.28570918144079294,1,427.02294716235554,20.664533557822097,1.5061613380336805,0.37076287257703272,1
2,2011-01-19,1794,48.140304909188885,6.9383214763506658,0.51566863443706179,0.13193907878350303,0,1071.5481830805816,32.734510582572966,2.4328881889686333,0.091023927043027419,0
2,2011-01-20,1795,30.261188166437609,5.5010170120112889,0.40945418771948561,0.010540045543697894,0,16819.455060584161,129.6898417786997,9.6531329943207815,0.0055470215618356319,0
2,2011-01-21,1796,1.6046612124785793,1.2667522301060217,0.094322578563367218,0.050714163515657905,0,5279.7857223055607,72.662134033522307,5.4104344030917577,0.074742384451720226,0
2,2011-01-24,1797,133.7275654953464,11.564063537327456,0.87341869617276868,0.025030961020827362,0,2141.4773983497121,46.276099644954002,3.495173689195922,0.29923901483061355,1
2,2011-01-25,1798,90.901460776156341,9.534225756513024,0.71444179516770512,0.00013206133944914029,0,16756.659904042615,129.447517952422,9.7000762796869235,0.0016203673107224742,0
2,2011-01-27,1799,355.14058642071342,18.845174088363137,1.4287470878213144,0.89008511983844041,1,22359.746254357236,149.53175667515325,11.336751832839518,0.21895002518754403,0
2,2011-01-28,1800,80.029863736156742,8.9459411878324318,0.67414779109513434,0.0020636614347772746,0,2034.5749069790884,45.106262392034751,3.3991154779227393,0.051362946376076239,0
2,2011-01-31,1801,22.025814858537899,4.6931668261993309,0.35247216118658137,0.70151075304844501,1,36174.439600919213,190.19579280551716,14.284325407849579,0.25072894889552655,1
2,2011-02-01,1802,608.47007845828159,24.667186269582544,1.8071198732294906,0.27938388895306954,1,0.32812754440894337,0.57282418280738057,0.041965141597610292,0.086167045301756756,0
2,2011-02-09,1803,37.202687884406544,6.0994006168152737,0.45072238069944748,0.47020943605776477,1,2438.3681499888453,49.379835459313199,3.6489810056762018,0.065846182769655759,0
2,2011-02-10,1804,301.09835708366364,17.352185945397878,1.2712224135822621,0.15198142561400216,0,2314.6514185644987,48.110824338858492,3.5246025156672891,0.0459461400149229,0
2,2011-02-14,1805,319.9685797836828,17.887665576695099,1.3030534020539135,0.53608304200774526,1,684.31108119043108,26.159340228500241,1.9056157514842644,0.11291028145783383,0
2,2011-02-15,1806,669.50448108596208,25.874784657769851,1.8763440651029626,0.58049558019827152,1,3977.190535541446,63.064970748755968,4.5732393581403894,0.025079024350654101,0
2,2011-02-17,1807,756.36738406903476,27.502134172988008,1.9878665827963864,0.46753243197032818,1,14565.352794263015,120.68700341902195,8.7233106916531948,0.17831894342782037,0
2,2011-02-18,1808,1652.762945694323,40.654187308250584,2.9017978092969727,0.6292578994207666,1,2504.7312036208446,50.047289673076648,3.5722547946521521,0.1606283977450533,0
2,2011-02-22,1809,3299.360522910978,57.440060262076486,4.0759311876584343,0.58096470174456627,1,233.69570730360016,15.28710918727279,1.084769145806123,0.35379355970072585,1
2,2011-02-23,1810,3541.501316848497,59.510514338631765,4.2161186212278965,0.29151979176529641,1,9439.4816822865523,97.156995024993194,6.8832444225995886,0.101504800444708,0
2,2011-02-24,1811,3157.0829094586229,56.187924943519874,4.006269158183235,0.23803681259289139,0,21307.376493381857,145.97046445559408,10.407876253518294,0.25945973009175771,1
2,2011-02-25,1812,3310.9445887114916,57.540808029706113,4.078016160857981,0.1845254202904334,0,27.919106804354538,5.2838534048887595,0.37447579056617714,0.048912774531089331,0
2,2011-02-28,1813,5539.7493625830248,74.429492558951551,5.2387466168538834,0.12770535162825164,0,28761.208678186544,169.59129894598527,11.936744602919957,0.049337931249851544,0
2,2011-03-01,1814,5634.7338110705268,75.064864024858707,5.2806798469826735,0.13453494019889584,0,3310.4092084459412,57.53615566273038,4.0475663498227492,0.44991823398164132,1
2,2011-03-03,1815,6013.0533946437117,77.543880446130061,5.4340490852228491,0.11908945384716529,0,5886.9127240351336,76.726219273695051,5.3767497739099541,0.042847870045379814,0
2,2011-03-04,1816,6695.3695564106793,81.825237894006023,5.6921904621917232,0.014777174326715785,0,31762.68468506548,178.22088734226827,12.397974771636054,0.093996940528354944,0
2,2011-03-07,1817,1715.9639797622533,41.424195583767869,2.90441336257794,0.043275213715404479,0,26967.545263017724,164.21798093697817,11.513968864994087,0.013713211668734029,0
2,2011-03-08,1818,3868.7747097418896,62.199475156482549,4.3465740850092622,0.41205784828553893,1,62706.446103255737,250.41255180852204,17.499130105417333,0.14567222145088693,0
2,2011-03-09,1819,996.4638743887956,31.566816031852113,2.2336328343783558,0.026760790571560292,0,35882.763756727814,189.42746304780576,13.403676847536229,0.039282673068874209,0
2,2011-03-10,1820,1804.96983380439,42.484936551728424,3.0099140312949646,0.14529497683338116,0,21531.256947912862,146.73532958327678,10.395701706218688,0.38199614950742561,1
2,2011-03-11,1821,2384.8307181435271,48.834728607247598,3.433624792212874,0.015531750736100402,0,9357.4458206838226,96.733891789195695,6.8014689252378764,0.17054161925169384,0
2,2011-03-14,1822,1151.736606589556,33.937245123750927,2.4232235004463356,0.0090046944003082073,0,17361.285319406135,131.76223024602359,9.4082277933611991,0.0038049747255752431,0
2,2011-03-15,1823,1619.4003588752535,40.241773803788192,2.8703119688864618,0.063398152587075401,0,10759.476729498687,103.72789754689279,7.3985661588368608,0.030562683334761611,0
2,2011-03-16,1824,5627.4085614022879,75.016055357518553,5.343975448442996,0.31598112669620082,1,14069.357710405357,118.61432337793508,8.4498182281699066,0.090975935637289673,0
2,2011-03-17,1825,8140.4758775918563,90.224585771240072,6.353844068397188,0.56260211604091681,1,28258.18233482584,168.10170235552596,11.838148053206053,0.055490462624435764,0
2,2011-03-18,1826,3596.3620776353455,59.969676317580252,4.2054471470953887,0.043503720303935747,0,857.58785887474255,29.28460105370641,2.0536185872164383,0.1103189353583547,0
2,2011-03-22,1827,4503.5225979119787,67.108290083356906,4.6619166435121162,0.00089947517287249632,0,5171.7210536932635,71.914678986235231,4.9958095857058167,0.0048506544976493204,0
2,2011-03-23,1828,1692.3107192462755,41.137704350708191,2.8429650553357422,0.17518990191185607,0,28890.091764739398,169.9708556333685,11.746430935270801,0.08199326176773937,0
2,2011-03-24,1829,1641.3324726924498,40.513361656278903,2.8212647392951884,0.34977672905439317,1,455.5565005957917,21.343769596671336,1.4863349301303159,0.062902781829035012,0
2,2011-03-25,1830,43.73854796874064,6.613512528811043,0.46672636053712369,0.04007048287794867,0,301.64253125126686,17.367859144156682,1.2256781329680086,0.056879858444554315,0
2,2011-03-28,1831,1861.221443593075,43.141875754226021,3.0435185717267035,0.0056344452328595867,0,4495.7609085215518,67.050435558030131,4.730189457356623,0.0073260754840265277,0
2,2011-03-29,1832,3316.4134415840845,57.588309938598513,4.039867410634761,0.30348654380466439,1,18655.370653200414,136.58466478049581,9.5815268172918842,0.052246901132879303,0
2,2011-03-30,1833,4799.5888723497292,69.279065180974612,4.8143895191782224,0.49066628392256229,1,45899.540958040212,214.24178154141691,14.888240551870529,0.33256952109167309,1
2,2011-03-31,1834,7747.305695296207,88.018780355650279,6.022496090020546,0.0051482103448744956,0,24260.436748451684,155.75762179890808,10.657380896264664,0.020003916010297898,0
2,2011-04-06,1835,1613.2490973858758,40.165272280738691,2.751988508443898,0.004105528204424419,0,35.754856069479594,5.979536442691824,0.40969759799190297,0.0037424336015392801,0
2,2011-04-07,1836,4562.0309865967538,67.542808548332914,4.5963122523533793,0.28211554387289173,1,114376.30777282428,338.19566492316881,23.014335823284711,0.1972664238566639,0
2,2011-04-08,1837,1730.0196377027617,41.593504753780508,2.8333450104755116,0.33222706715688688,1,4816.6502663427909,69.402091224564629,4.7276628899567186,0.35848286832093917,1
2,2011-04-11,1838,1167.7408098552783,34.172222781892287,2.3445778924111349,0.075735150044057703,0,515.19672139598731,22.697945312208049,1.5573204330846002,0.038671195022972615,0
2,2011-04-13,1839,4834.3899493825238,69.529777429404476,4.7082971003490419,0.075909864426353141,0,0.19902008645768013,0.44611667359299645,0.030209356600169053,0.085286868506540284,0
2,2011-04-15,1840,4434.6948753917868,66.593504753780508,4.4603821000522776,0.34376218862370528,1,1.3449068807674076,1.1597012032275416,0.077675901086908347,0.32360786183798551,1
2,2011-04-18,1841,2898.1058435113173,53.834058397183071,3.6118120360404613,0.0011525353516301162,0,56384.195291139957,237.45356449449218,15.931134820160494,0.0028711607610987454,0
2,2011-04-19,1842,2103.3119130683936,45.861878647395088,3.055421628740512,0.0012554683518185704,0,59812.989184761122,244.566942133971,16.293600408658961,0.10189089393157749,0
2,2011-04-20,1843,353.76080066526816,18.808529997457754,1.2505671540862868,5.8950101844111489e-05,0,19331.431869294502,139.03751964593766,9.2445159339054293,0.015585664418964661,0
2,2011-04-21,1844,185.93836698118071,13.635921933671398,0.91057909406820681,0.19784844149043065,0,48130.269632447489,219.38611996306304,14.650158261306379,0.035363455005166494,0
2,2011-04-26,1845,0.27376551183734904,0.52322606188658938,0.034627800257219676,0.01942621639378796,0,15144.00472898131,123.06097971729832,8.1443401533619006,0.39191283526949872,1
2,2011-04-27,1846,531.19493828229179,23.04766665591751,1.5009877340226316,0.24200071980583929,0,44360.092936664019,210.61835849864565,13.71659775308666,0.10076448474369641,0
2,2011-04-28,1847,10.368818086306529,3.2200649195794995,0.21662057985734942,0.002701416771135415,0,153.54876798838657,12.391479652906128,0.83360105300411214,0.020540676591588126,0
2,2011-05-06,1848,617.65773714763122,24.852720920406909,1.6546418721975307,0.48326701325104282,1,5587.2554059139211,74.747945830731169,4.9765609740833003,0.10260624791757303,0
2,2011-05-09,1849,1356.1874000633209,36.826449734712696,2.4331978681673401,0.15603923717637,0,9140.3918050010234,95.605396317368104,6.3168415141967689,0.090994510918457408,0
2,2011-05-10,1850,1046.5398979038189,32.350268900023366,2.1452432957575174,0.018517638833906641,0,1592.5432819220757,39.906682171311559,2.646331708972915,0.016477203575893655,0
2,2011-05-11,1851,153.6637207847628,12.396117165659689,0.8322334451601,0.080663190157539019,0,30367.267101574256,174.26206443622277,11.699366528111634,0.30411224704003131,1
2,2011-05-12,1852,608.72857612396751,24.672425420375021,1.6385472635148612,0.11430189820423772,0,19733.565450443908,140.47620955323328,9.329318250256236,0.043000931047215647,0
2,2011-05-13,1853,3012.7730136830828,54.888733030405092,3.6574201586143653,0.17080307823915114,0,42.74527347628181,6.5379869590174167,0.43564797328118721,0.43630279722490384,1
2,2011-05-16,1854,1238.0102136105133,35.185369311839167,2.3511773679812342,0.1244120834003983,0,112883.8602764157,335.98193444948151,22.451181720646943,0.048388416714206697,0
2,2011-05-18,1855,866.73147453217803,29.440303574049267,1.9718890538546061,0.078328703412886239,0,63734.440446044748,252.45680907047199,16.90936430478714,0.11063315845059896,0
2,2011-05-19,1856,3391.171270909012,58.233764011173207,3.9063400309356502,0.056494846004678835,0,76096.406503640843,275.8557711987205,18.50449580403961,0.30846927734538337,1
2,2011-05-20,1857,2399.8841627653696,48.988612582572387,3.243205070014723,0.085601254553021047,0,89540.411297010331,299.23303844497241,19.810197844751567,0.056975043979649136,0
2,2011-05-23,1858,2356.2134420042194,48.5408430293935,3.1788371335555663,0.16472267808940513,0,4996.0273986966231,70.682582003606967,4.6288527834713138,0.0040329824547837428,0
2,2011-05-24,1859,586.0580206365438,24.208635249359759,1.586151367689419,0.073416365337006836,0,83476.040583933529,288.92220507246157,18.930201806549487,0.013737631424972281,0
2,2011-05-25,1860,435.69621193612994,20.873337345430173,1.3746023935087373,0.088588066409100996,0,59255.470256790955,243.42446519770965,16.030587105545582,0.037105560182091456,0
2,2011-05-26,1861,1228.4240105678343,35.048880304053,2.2862935619082192,0.27487901813416388,1,8857.67238429602,94.115208039381287,6.1392829771285902,0.0087292164105956561,0
2,2011-05-27,1862,679.16936685642156,26.060878090663437,1.696119628419358,0.23119871154096819,0,4873.5661762035497,69.81093163827245,4.5435035234801457,0.064273393858281597,0
2,2011-05-31,1863,447.16790006873993,21.146344839445419,1.3787347898578919,0.70891164961934472,1,51977.830131379626,227.98646918486111,14.864643467635604,0.089168551904044158,0
2,2011-06-01,1864,639.92868982458492,25.29681185099389,1.643183621370178,0.053019377058325635,0,6170.9010848431772,78.555083125429746,5.1026361237693889,0.31143647880845815,1
2,2011-06-02,1865,843.55115738797247,29.043952165433211,1.8859709198333254,0.031574212026342335,0,20230.257316550484,142.23310907292466,9.2359161735665367,0.050915719594754237,0
2,2011-06-03,1866,1268.129400714884,35.610804550232842,2.3049064433807667,0.23036442270292182,0,45219.90286832206,212.64971871206899,13.763735838968866,0.12437415499226018,0
2,2011-06-07,1867,1450.2648522049656,38.082343050355576,2.4764976784493955,0.29520285813337999,1,20296.180657020679,142.46466459098087,9.2644880241249137,0.17566729520754928,0
2,2011-06-08,1868,3313.4637607331024,57.562694175421484,3.7433064006126795,0.027626280950960688,0,33407.858039198101,182.77816619935243,11.886078114085672,0.18490660745095441,0
2,2011-06-09,1869,3514.7045933832633,59.284944070001984,3.8767333052151041,0.75518062690523247,1,47827.527167932691,218.69505519771747,14.300804655727806,0.28158426667180986,1
2,2011-06-10,1870,159.51661500721696,12.629988717620336,0.83311271224408545,0.11387413326319716,0,2106.4956723291643,45.896575823574949,3.0274786163308014,0.54124605708693052,1
2,2011-06-14,1871,1333.0599712577209,36.511093810754573,2.3867359902438028,0.11527977851204349,0,17295.101273388078,131.51084089681763,8.5968845168699222,0.082162306883239306,0
2,2011-06-15,1872,562.34244492471089,23.713760666008056,1.5567871764981491,0.088170787272104978,0,320.76665848489927,17.909959756652142,1.1757728381192938,0.25521053613415501,1
2,2011-06-16,1873,2095.3003459313445,45.774450798795442,2.977200051954175,0.095341529237863973,0,22603.108646269829,150.34330263190918,9.7784261874412479,0.0748231881336755,0
2,2011-06-17,1874,814.84896177667781,28.545559405565655,1.8488056609822316,0.41943977086650891,1,1144.3459146234554,33.828182254201238,2.1909444465156245,0.71939547372853385,1
2,2011-06-20,1875,44.518881426700624,6.6722471047391991,0.43193054570248901,0.066079467764275854,0,105556.38529427304,324.8944217653991,21.032168426308406,0.0090546612683759641,0
2,2011-06-21,1876,90.018927129121408,9.4878304753574412,0.61113239776859518,0.3124647731524825,1,80089.114500368261,283.00020229739812,18.228676476482971,0.15118462633971153,0
2,2011-06-22,1877,1726.3233379511992,41.549047377180614,2.7281055401957066,0.59004109536281213,1,12723.800812504001,112.79982629642655,7.4064232630614928,0.41479428604334773,1
2,2011-06-23,1878,1213.5712393688921,34.836349397847243,2.299808509512939,0.010008621855672256,0,74373.969726073192,272.71591395823089,18.004021386910772,0.027782451354018106,0
2,2011-06-24,1879,1002.7496343065746,31.666222292950806,2.1139000195561288,0.0065312529080247244,0,27165.700699785179,164.82020719494676,11.002684058407661,0.026937139987426546,0
2,2011-06-27,1880,1227.9609458444895,35.042273696843495,2.3377100531583386,0.0018450778149915288,0,37495.185401143644,193.63673567054275,12.917727529722663,0.012756560684295992,0
2,2011-06-28,1881,969.63610403113,31.138980459082632,2.0700668412220464,0.85043570512674893,1,9.3921350754158066,3.0646590471724267,0.20373335862871375,0.29043365573252578,1
2,2011-06-29,1882,545.31124246308536,23.351900189558137,1.5511059574598565,0.44714670515858163,1,4203.7187904699549,64.836091727293024,4.3066151927793443,0.13452675448838688,0
2,2011-06-30,1883,684.93058222370337,26.171178464557215,1.7331906267918684,0.57748248408058089,1,54.060041764153326,7.3525534179734677,0.48692406741546146,0.099277678780818404,0
2,2011-07-05,1884,2804.3033590461664,52.955673530285367,3.4673873648901865,0.04014122829792701,0,1828.7748574949535,42.764177269005813,2.8000770842367531,0.011603032448668105,0
2,2011-07-06,1885,1185.0590612715519,34.424686799904975,2.253661983627167,0.050841251748583692,0,12003.65128409309,109.56117598900209,7.172581079476406,0.015299028811886814,0
2,2011-07-07,1886,820.47437048228994,28.643923796894342,1.8581851311640831,0.36523715679601026,1,112.2316578885024,10.59394439708376,0.68724906889936821,0.12220087877333473,0
2,2011-07-08,1887,3320.1333218185996,57.620598068907611,3.7043136013441087,0.69844550284448881,1,41319.889014956447,203.27294216141127,13.068012996554886,0.063387326005491851,0
2,2011-07-11,1888,91.284562429041841,9.5542954962174917,0.61620738447065415,0.4251674590736772,1,64593.208330796515,254.1519394590498,16.391611703260224,0.018648688892439359,0
2,2011-07-12,1889,377.81922548904254,19.437572520483172,1.2310052261230635,0.044071174979705682,0,63495.398061522523,251.98293208374753,15.958387085734485,0.20671082612995814,0
2,2011-07-13,1890,234.18464992065634,15.303092822062354,0.96215610324189593,0.29478678072208497,1,31063.369180058129,176.24803312394192,11.081297272803642,0.047519841602955921,0
2,2011-07-14,1891,8.1952520224174048,2.8627350597666918,0.1803865822159226,0.34086432027898045,1,7230.0419458968172,85.029653332803946,5.3578861583367328,0.048500711480442819,0
2,2011-07-15,1892,10.512697835888302,3.2423290758169969,0.2025189928680198,0.025986896318358051,0,41467.295966595069,203.63520316142558,12.719250665922896,0.059623779039037691,0
2,2011-07-19,1893,373.74622908799114,19.332517401724772,1.218948133778359,0.39609108340451121,1,129758.95897843696,360.22070870292418,22.712528922000264,0.32730135908939728,1
2,2011-07-20,1894,1920.9467128146825,43.828606101662444,2.7375768957940316,0.03990317084383288,0,67398.264127015034,259.61175652696284,16.215600032914608,0.26282690769652522,1
2,2011-07-21,1895,1.7203998008738561,1.3116401186582607,0.081875163461814018,0.032968837084639616,0,55089.433550731563,234.71138351330887,14.651147535162851,0.083818779038807523,0
2,2011-07-22,1896,434.91045166127378,20.854506747014511,1.2925011928735364,0.35861729573227674,1,14518.386654415368,120.49226802751855,7.4677575474136075,0.052736364147175759,0
2,2011-07-25,1897,263.89159517636682,16.244740538905717,1.0072696040245366,0.06995832624446971,0,7029.4119855196168,83.841588639049633,5.1986723694961796,0.0045328186320347527,0
2,2011-07-26,1898,738.06483010017018,27.167348602691618,1.6718368370887149,0.90563594641877754,1,503.41202621045301,22.436845282045624,1.3807289404335767,0.80145882849106487,1
2,2011-07-27,1899,837.18483508383895,28.934146524199377,1.7932535806755114,0.007970050370273464,0,10026.506042959061,100.13244250970342,6.2059152469602372,0.012005445276746051,0
2,2011-07-28,1900,72.649292980362205,8.5234554601031505,0.52339302794615605,0.12345936419760177,0,52028.997622372292,228.09865765140376,14.006672253693814,0.19967602797653666,0
2,2011-07-29,1901,6.0478287742365486,2.4592333712432719,0.15152392922016464,0.00053123722768220116,0,5184.8724712137582,72.006058572968414,4.4366024998748257,0.0082615165686019051,0
2,2011-08-01,1902,315.89571899227047,17.77345546010315,1.0852361752467197,0.15900795355753877,0,71679.13217312569,267.72958778051725,16.34740270374094,0.12883253705185446,0
2,2011-08-02,1903,23546.254481321008,153.44788848765893,9.192624740911123,0.033568044135167563,0,10627.705563884665,103.09076371763217,6.1758732195676007,0.037280284519359448,0
2,2011-08-03,1904,26796.998695318016,163.69788848765893,9.7468227739005009,0.018729853088406159,0,137282.8870656685,370.51705367724776,22.061152347558664,0.014157547238609541,0
2,2011-08-04,1905,21301.93128380593,145.95181151258771,8.7989034822961685,0.076029147456222385,0,66857.90178306475,258.56894976594685,15.58818084497042,0.071306067782504673,0
2,2011-08-05,1906,20100.96485215949,141.77787151794701,8.3743574434699948,0.1108280596385802,0,26577.594269207893,163.02636065743445,9.6294365420811854,0.36163319806024907,1
2,2011-08-08,1907,32267.899627862102,179.6326797324532,10.347504592883249,0.058830984147831167,0,118969.02657082219,344.9188695488001,19.86859847631337,0.010574701917649225,0
2,2011-08-09,1908,48766.247278760544,220.83081143436607,12.462235408259936,0.0054461537869108711,0,75263.523468351152,274.3419826937743,15.482053199422928,0.0041852945500600695,0
2,2011-08-10,1909,27713.692189364749,166.4742988853377,9.4587669821214604,0.0051060025849601152,0,5642.1280907479168,75.114100478857608,4.2678466181169101,0.0032533401049198926,0
2,2011-08-11,1910,16996.309803436307,130.36989607818327,7.5097866404483442,0.6810695616858522,1,3034.2028296765407,55.083598554166201,3.1730183498943667,0.15141112645854043,0
2,2011-08-12,1911,34309.47397229365,185.22816732963065,10.391482038127947,0.015868253058901372,0,16876.913108979057,129.91117391887065,7.2881443993756321,0.35910807985727827,1
2,2011-08-16,1912,23663.785444894678,153.83037881021642,8.5938759111852754,0.46383921632827874,1,1410.9454587444607,37.562553943315152,2.0984667007438631,0.15237592498719332,0
2,2011-08-17,1913,29513.520891720716,171.79499670165228,9.4185853454853223,0.0044378081867515184,0,4.187152611548715,2.0462533106995124,0.11218494027957852,0.0033053968554314392,0
2,2011-08-18,1914,53461.89664419349,231.2182878671008,12.315221723946781,0.018726948456309112,0,16644.446755537265,129.01335882588774,6.8715504035093327,0.0042955432823646609,0
2,2011-08-22,1915,40632.628392712395,201.57536653250168,10.744955572094971,0.010593903971910483,0,13348.291774222982,115.53480763052744,6.1585718353159615,0.0051103488434238765,0
2,2011-08-23,1916,7203.8236337579474,84.875341729844877,4.7952170468838915,0.53126370357640207,1,2248.1271283273722,47.414418991772664,2.6787807339984555,0.4607015253921109,1
2,2011-08-24,1917,6026.9472077447926,77.633415535739459,4.4900760865089335,0.017441458697112458,0,32930.941827768482,181.46884533651632,10.495595450347965,0.065751400859480183,0
2,2011-08-25,1918,28175.405349665925,167.8553107580035,9.3878809148771527,0.23329007112022351,0,88517.343909193412,297.5186446412954,16.639745226023233,0.03949889596404528,0
2,2011-08-26,1919,41757.5485985306,204.34663833430341,11.197076073112514,0.012757520796311881,0,103430.50911940121,321.60613974145645,17.622254232408572,0.014706121896704245,0
2,2011-08-30,1920,45282.61192903448,212.79711447534828,11.347666416496375,0.001640557140143522,0,32971.185937205679,181.57969582859664,9.6829593829407621,0.008801642550364806,0
2,2011-09-02,1921,63099.256572755708,251.19565396868575,13.255707333439881,0.0066756299271348921,0,69160.311484637685,262.9834813912039,13.877756273942158,0.018777464039414844,0
2,2011-09-06,1922,14390.318536774525,119.95965378732353,6.6276051816200843,0.0077720408867013912,0,65043.991169741232,255.03723486922695,14.090454965150659,0.018948061109428919,0
2,2011-09-07,1923,40064.549561813066,200.16130885316738,10.790367054079104,0.00336816613670392,0,76680.37188787006,276.91220971251892,14.927881925203176,0.020480583398083282,0
2,2011-09-08,1924,18186.86145556518,134.85867215557619,7.2857197274757537,0.048479225821332531,0,23187.382700910861,152.27403817102527,8.2265822890883449,0.039660060556364,0
2,2011-09-09,1925,9874.8864513900498,99.372463245056224,5.4600254530250671,0.2040309572262051,0,165592.28737300355,406.93032250374699,22.358808928777307,0.078538033397857837,0
2,2011-09-13,1926,30253.301046335975,173.93476089136402,9.5647380198715446,0.22231511443972368,0,47853.84448887586,218.75521591238885,12.029431724629577,0.067818120703221532,0
2,2011-09-14,1927,29890.508399409198,172.88871680768875,9.7019481934729939,0.063942970541779387,0,7331.1880780439542,85.622357349257527,4.8048460914285931,0.16650314222904028,0
2,2011-09-15,1928,36405.081115279958,190.801155958972,10.63551593974203,0.1642587589749688,0,1249.1781549880266,35.343714504675745,1.9701067170945232,0.016521347383685825,0
2,2011-09-16,1929,31864.542967285,178.50642276199756,9.9225360067814101,0.55137273787155872,1,10170.552546641407,100.84915739182657,5.6058453247263236,0.32363775197002659,1
2,2011-09-20,1930,25325.021965271444,159.13837364153073,8.8755367340507938,0.2704854821066921,1,54447.23265886095,233.3393080020187,13.013904517680908,0.010480795917637268,0
2,2011-09-21,1931,10727.569910007011,103.5739827852874,6.0147492906670967,0.079601915856835251,0,15736.099949878379,125.44361263084852,7.2847626382606574,0.31491429441675994,1
2,2011-09-22,1932,1431.1609388762256,37.830687792798926,2.3673772085606339,0.053329194654514286,0,10281.630950080764,101.39837745289992,6.3453302536232741,0.29912503707402649,1
2,2011-09-26,1933,444.43155038536929,21.081545256108939,1.2707381106756444,0.00078160083508757876,0,1359.9835674351743,36.877955033260378,2.2229026542049652,0.041669156280330327,0
2,2011-09-27,1934,3627.1599396721208,60.225907545441942,3.6656060587609214,0.40189158912106338,1,1980.4325901104316,44.502051526985042,2.7085849985992114,0.56678112257242175,1
2,2011-09-28,1935,1547.6558535883776,39.34025741639698,2.4389496228392424,0.12069683208314912,0,6342.3616238063087,79.638945396120789,4.9373183754569618,0.14316380298422593,0
2,2011-09-29,1936,2735.3578790620522,52.300648935381787,3.1449578433783398,0.051836536768588667,0,16538.860583286871,128.60350144256131,7.7332231775442768,0.039427279030301132,0
2,2011-10-11,1937,943.59277170663006,30.71795520060914,1.8262755767306267,0.54812414153276712,1,3433.5216010249646,58.596259275016564,3.4837252838892128,0.25750825147507528,1
2,2011-10-12,1938,37.524425256437326,6.1257183461564182,0.36991052814954212,0.48981640778988311,1,10.481508986760627,3.2375158666422976,0.1955021658600421,0.11181483684084004,0
2,2011-10-13,1939,353.46479933109174,18.800659545108829,1.120420711865842,0.004084213294115944,0,23.888416515792883,4.8875777759328685,0.29127400333330566,0.0081928507693610417,0
2,2011-10-14,1940,2.2477929874739515,1.4992641486655884,0.089135799563946988,0.44131553966294751,1,562.34687811367769,23.713854138745091,1.4098605314354988,0.12601864391196468,0
2,2011-10-17,1941,3274.1970279871425,57.220599682169905,3.5083138983549906,0.46032303638879857,1,242.21711825281221,15.563326066519721,0.95421986919188972,0.27702706291791335,1
2,2011-10-18,1942,1280.7287264433921,35.787270452542089,2.1656442028769796,0.0026790147324895763,0,21379.713412226694,146.21803381329778,8.848292515176869,0.056016228501193824,0
2,2011-10-19,1943,3842.9682032152009,61.991678499740601,3.8266468209716424,0.57860357146956687,1,23586.307456448551,153.57834305802544,9.480144633211447,0.1568360714273867,0
2,2011-10-20,1944,1337.2729443595749,36.568742723254445,2.2264074717354307,0.0066234931055666399,0,2235.733427156681,47.283542878645221,2.8787545131595262,0.03642265252949406,0
2,2011-10-21,1945,1170.5433511717108,34.213204339431741,2.0710172118300085,0.32928136662786089,1,19308.825739488628,138.95620079538958,8.4113922999630493,0.015622197340759397,0
2,2011-10-24,1946,2875.3862470804088,53.622628125451001,3.2380814085417273,0.30004622583221213,1,214.06617967369206,14.631000638155001,0.88351453128955315,0.019045623880786067,0
2,2011-10-25,1947,478.88149855886667,21.883361226257421,1.2569420577976693,0.14710985079375341,0,878.34204856754093,29.636836008041428,1.702288110743333,0.06497090900413037,0
2,2011-10-28,1948,15817.261138727956,125.76669328056596,7.3035245807529598,0.26429313960428991,1,14813.13379161977,121.70921818670831,7.06789884940234,0.039218775892986217,0
2,2011-10-31,1949,13144.119593936959,114.64780675589463,6.7479580197701381,0.0021397803446071757,0,4481.4120074295324,66.943349239708141,3.9401618151682252,0.030145934492200054,0
2,2011-11-01,1950,19911.887830980446,141.10948880560954,8.0957824902816728,0.010734602241055912,0,39803.87275530101,199.50907938061619,11.446304037901101,0.016413283017065773,0
2,2011-11-02,1951,53473.513530310571,231.24340753913521,13.221464124593208,0.71878217392530408,1,21109.679379352296,145.29170444093597,8.307130042363406,0.31516050400061696,1
2,2011-11-04,1952,44247.411825697935,210.35068772337763,11.718701265926331,0.77471231362396398,1,55498.227000414314,235.58061677568958,13.124268344049558,0.31939901855287589,1
2,2011-11-08,1953,16565.989153738516,128.70893191126447,7.2593870226319499,0.48827915066700056,1,17094.415395201071,130.7456132923819,7.3742590689442693,0.17988565016918937,0
2,2011-11-11,1954,21028.084213321079,145.01063482835002,8.1238450884229714,0.013576660110756419,0,60687.276982770964,246.34787797497052,13.801001567225239,0.29006211679549704,1
2,2011-11-15,1955,12689.063893635423,112.64574511997967,6.414905758540983,0.66349083119440522,1,115346.26199353139,339.62665088819426,19.340925449213799,0.3931475219259683,1
2,2011-11-16,1956,11502.29866327502,107.24876998490481,6.1548791956903761,0.01080033021759501,0,35068.534261398752,187.26594527943075,10.746969599967333,0.04101120529140484,0
2,2011-11-17,1957,5233.6745116450456,72.34413944228686,4.2085014218898698,0.060352868939214217,0,1030.0087907858533,32.093750026848738,1.8670011650290135,0.12011843887346615,0
2,2011-11-18,1958,10928.269933720723,104.53836584584974,6.1420896501674349,0.027094166369325112,0,10177.388859809402,100.88304545268943,5.9273234696057244,0.016950886090723826,0
2,2011-11-21,1959,31959.532023760134,178.77229098425778,10.522206650044602,0.0083466701592685693,0,3225.9949834774416,56.797843123462371,3.3430160755422231,0.021776193728909786,0
2,2011-11-22,1960,27192.630899093681,164.90188264266021,9.7661760522748118,0.036226834644548782,0,6544.9344261733686,80.900769008541374,4.791280367695669,0.10633817675614694,0
2,2011-11-25,1961,14579.582113463304,120.74594036017652,7.0446873022273344,0.020911316071652166,0,25019.402248866892,158.1752264068773,9.2284262781141955,0.038438698839924505,0
2,2011-11-28,1962,20996.608689727389,144.90206585734859,8.4392583492922881,0.60745812746613159,1,915.47287332179121,30.256782269795167,1.7621888334184721,0.248211695710289,0
2,2011-11-29,1963,35182.978184859741,187.57126161771089,10.742913036524106,0.6808789137479403,1,17510.248693868136,132.32629630526253,7.5788256761318742,0.065623916675315086,0
2,2011-11-30,1964,37496.900147563225,193.64116336038478,11.05257781737356,0.10861080861275543,0,41933.387076931991,204.77643193720314,11.68815250783123,0.022648623689886672,0
2,2011-12-01,1965,24223.05542093216,155.63757714938947,8.908848148219203,0.38537499674422537,1,60596.294000306181,246.16314508940241,14.09062078359487,0.20774479618605105,0
2,2011-12-02,1966,11816.667275422398,108.70449519418412,6.2330559170977136,0.014248439466710784,0,64671.811278054884,254.30653015220605,14.581796453681539,0.061294871835083538,0
2,2011-12-05,1967,11039.149800614072,105.06735839743033,6.0540108555131278,0.049772831185775052,0,74878.381988246038,273.63914556993859,15.767164826847512,0.018073116068571468,0
2,2011-12-07,1968,21025.02223190638,145.00007666172587,8.4548149656983007,0.070905467498433641,0,38304.240651521744,195.7146919664483,11.411935391629639,0.054912287802698821,0
2,2011-12-08,1969,18619.089824933752,136.45178571544511,7.9843057762109479,0.098156894893933991,0,46733.652418516496,216.17967623834693,12.649483688610118,0.053421603613359819,0
2,2011-12-09,1970,20339.60282733151,142.61697944961361,8.5939728502328165,0.071536231215816481,0,1609.1219678250152,40.11386253933938,2.4172258234009867,0.06922916402082073,0
2,2011-12-12,1971,3504.7560232074261,59.200979917628274,3.5396699502318851,0.00050552216543516221,0,4259.365601709459,65.263815408765822,3.9021713248888381,0.017332459730557963,0
2,2011-12-13,1972,6371.0945413781128,79.81913643593316,5.0711014254087141,0.15965733349931829,0,7408.0341811842854,86.069937731964728,5.4682298431997918,0.14096866931804833,0
2,2011-12-15,1973,4143.3267459486287,64.368678298910481,4.0381855896430663,0.0022832262606091048,0,29.499853172895989,5.4313767290527721,0.34073881612627177,0.030536023140309596,0
2,2011-12-16,1974,163.75743427142484,12.796774369794321,0.80079939735884353,0.57368096556702664,1,3105.6949437721269,55.728762266644026,3.487406900290615,0.068955778865401579,0
2,2011-12-19,1975,761.32956573132878,27.592201175899845,1.7100837419212793,0.57035337256827068,1,359.83095085700717,18.969210601841269,1.1756560645702676,0.23529828516581777,0
2,2011-12-20,1976,686.19304035307152,26.195286605667661,1.6290601122927648,0.31351339465834666,1,11882.236271530979,109.00567082281077,6.7789596282842517,0.044409320935727144,0
2,2011-12-21,1977,3374.2833984421745,58.088582341473739,3.6158470178321656,0.025556848953301448,0,7860.7974831146821,88.661138516909887,5.5189006235238018,0.028579630741431106,0
2,2011-12-22,1978,4621.9775694798327,67.985127560958745,4.3275065283869347,0.0060365259845921709,0,1614.1913750514466,40.17700057310708,2.5574156952964406,0.018887973575096723,0
2,2011-12-28,1979,4215.2665863797456,64.9250844156536,4.2406978716952057,0.0020571610222455583,0,17.183535113436399,4.1453027770521658,0.27075785611052683,0.0022785943102580442,0
2,2011-12-29,1980,85.378908513103312,9.2400708067148116,0.5868574662886511,0.0016032285337314797,0,559.53154305148223,23.654419101966596,1.5023448143516416,0.0012306242614620821,0
2,2011-12-30,1981,3036.0246669117741,55.100133093412524,3.4160032915940808,0.6412125656961648,1,10514.652492985015,102.54097957882504,6.3571593043288921,0.19268898847553642,0
2,2012-01-04,1982,1835.3380925814718,42.840846076863045,2.6792273969270197,0.093504320219840079,0,68541.631418745324,261.80456722285294,16.373018588045838,0.12625763126740117,0
2,2012-01-05,1983,936.14404883144277,30.596471182661617,1.8927603577272882,0.22498170575026588,0,3051.0192455161282,55.236032130450212,3.4170140507547306,0.41893925039277641,1
2,2012-01-06,1984,462.21756383514156,21.499245657351366,1.3133320499298331,0.19241225424449693,0,267.38032145781477,16.351768144693551,0.99888626418408988,0.020013674123702082,0
2,2012-01-10,1985,483.03890354328252,21.978146044270488,1.3446403208486075,0.31950907022649161,1,322.41933664605295,17.956039002131092,1.0985646376342055,0.039989143497426438,0
2,2012-01-11,1986,82.493645338229953,9.0826012429386083,0.54681524641412449,0.025321697442251576,0,21770.181435556853,147.54721764762917,8.8830353791468486,0.095839111973459346,0
2,2012-01-12,1987,1721.489173818476,41.490832406912205,2.5368897833636321,0.55192576316299857,1,2858.0099881696565,53.460359035173497,3.2687471131258632,0.09632669202902315,0
2,2012-01-13,1988,256.05326019084782,16.001664294405373,0.96628407574911679,0.037152456231473771,0,29086.592099585185,170.54791731236469,10.298787277316707,0.2687042928774519,1
2,2012-01-17,1989,1024.0550154486298,32.000859604839206,1.942978725248282,0.57606058465834509,1,426.42260909105102,20.650002641429637,1.2537949387631837,0.14651314309639765,0
2,2012-01-18,1990,407.44404965367704,20.185243363746622,1.2196521669937537,0.064215393266655929,0,2021.1623448144971,44.957339165196345,2.7164555386825584,0.012726262510181788,0
2,2012-01-19,1991,8483.8655481186233,92.107901659513573,5.3272354921638847,0.32805266398596866,1,30911.969182469376,175.81800016627813,10.168768083648242,0.16914011477910967,0
2,2012-01-30,1992,18159.337995620554,134.75658794886635,7.7268685750496768,0.092433069982728266,0,87372.889388134688,295.58905491938413,16.948913699505972,0.037659078801221969,0
2,2012-01-31,1993,22024.226035615258,148.40561322138478,8.5290582311140692,0.24961677608598304,0,64485.047126324083,253.93906183634704,14.594198956111898,0.16871260706066263,0
2,2012-02-01,1994,24805.176404753314,157.49659172424435,8.9946654325667819,0.01546869343254653,0,181131.00391689551,425.59488239039661,24.305818526007801,0.052057172130456457,0
2,2012-02-02,1995,13942.815163805206,118.07969835583594,6.8096711854576668,0.21932593052571031,0,3028.7121031933193,55.033736046113745,3.1738025401449681,0.048712126678720255,0
2,2012-02-03,1996,16011.966363310685,126.53839877013888,7.3611633955869049,0.078657853626755286,0,151266.7627911903,388.93028011610295,22.625379878772716,0.21590148501562281,0
2,2012-02-06,1997,26244.875405650706,162.00270184676151,9.3969084597889516,0.067200056607497269,0,33719.707982012515,183.62926777072471,10.651349638673127,0.15812636915772812,0
2,2012-02-07,1998,27144.876830076271,164.75702361379399,9.4362556479836179,0.3851486039416101,1,50003.981028877293,223.61569942398341,12.807313827261362,0.25469992488009435,1
2,2012-02-08,1999,25865.803267376483,160.82849022289702,9.2007145436439934,0.0020061760818479131,0,85950.843836112239,293.17374342889616,16.771953285405957,0.0049982767048391977,0
2,2012-02-09,2000,11701.954882488933,108.17557433399156,6.3205126692370177,0.0031407200478746756,0,28529.848432756706,168.90781045516133,9.8689927230593817,0.0031952889513780255,0
2,2012-02-10,2001,17747.862336206304,133.22110319392459,7.7454129763909645,0.11986537726855914,0,3022.2054691162598,54.974589303752509,3.1961970525437504,0.36228496342215311,1
2,2012-02-13,2002,17337.976700190622,131.67375099157243,7.6465592910320801,0.39866730544582979,1,11051.184635746809,105.12461479476065,6.1047976071289574,0.349431839075874,1
2,2012-02-14,2003,19673.885840353807,140.26362978460884,8.0936889662209364,0.56070116748567267,1,14210.485099016203,119.20773925805406,6.8786923980412045,0.033073865700068879,0
2,2012-02-15,2004,21174.226919089342,145.51366574686153,8.4453665552444317,0.66050566067102778,1,2761.8725397545227,52.553520717022593,3.0501172789914448,0.15284603830571708,0
2,2012-02-17,2005,24650.596066347985,157.00508293156622,8.9819841494031021,0.053158293497528118,0,3123.2162903537301,55.885743176178039,3.1971248956623595,0.18376296637403683,0
2,2012-02-21,2006,22562.405560014053,150.20787449402928,8.5735088181523569,0.012489294322905641,0,166730.28172633931,408.32619524877327,23.30628968314916,0.041122236782637371,0
2,2012-02-22,2007,15899.160571645876,126.09187353531502,7.095772286736918,0.12575291013788167,0,76621.97024243437,276.80673807267476,15.577194038980007,0.038097771067968952,0
2,2012-02-23,2008,16006.654818473076,126.51740915175697,7.1177164079750748,0.14123128685409697,0,219169.96472559901,468.15591924656792,26.337885752268235,0.12375155642603726,0
2,2012-02-24,2009,13652.305496448611,116.84308065285086,6.5938533099802967,0.44549891568148486,1,126425.06999243447,355.56303237602538,20.065633881265541,0.25049502946136776,1
2,2012-02-27,2010,16341.696381017744,127.83464468217426,7.177689201694232,0.30007650828002297,1,84275.557007610696,290.3025266986333,16.299973424965373,0.31156083783089639,1
2,2012-02-28,2011,12546.388004581249,112.01066022741429,6.3282858885544799,0.77851240035028191,1,86147.853035888053,293.50954505073264,16.582460172357777,0.28366974960950009,1
2,2012-02-29,2012,4544.694451252527,67.414349001177243,3.9331592182717179,0.10005904243778296,0,274834.1224801995,524.24624221848217,30.58612848415882,0.25640294746169828,1
2,2012-03-01,2013,26455.159267860483,162.65042043554786,9.5284370495341459,0.0078300281055812618,0,23.488393021461935,4.8464825411283528,0.28391813363376406,0.25618442429601918,1
2,2012-03-02,2014,9767.205553962076,98.82917359748626,5.796432469060778,0.013377479958042171,0,9814.8020767876278,99.069682934728462,5.8105385885471241,0.096627919017938699,0
2,2012-03-05,2015,3641.958558001983,60.348641724582194,3.6158563046484238,0.03444952993490822,0,4512.1122082371421,67.172257727704391,4.024700882426866,0.13852574140843354,0
2,2012-03-06,2016,30.119729893928877,5.4881444855186601,0.32716211538114215,0.1353535400906678,0,281.61622597920854,16.781425028262902,1.0003830121170134,0.07667499190421817,0
2,2012-03-07,2017,638.57687354620452,25.270078621686253,1.4974861405443705,0.29208040478347291,1,12492.835184096375,111.77135225135453,6.6234875408210092,0.090188498790283872,0
2,2012-03-09,2018,1.4070662789197508,1.1861982460447962,0.069879130842108755,0.17140643620443197,0,3170.3791621838232,56.30612011303765,3.3170026576163565,0.46403662060040324,1
2,2012-03-12,2019,518.47648043777326,22.770078621686253,1.3473419302772931,0.023787438135156831,0,2135.5065408685259,46.211541208539302,2.734410722398775,0.011399693793362878,0
2,2012-03-13,2020,5442.2925834755451,73.771895620727719,4.486659304894494,0.27959868775653768,1,643.41575637973722,25.365641257018069,1.5426876239633918,0.033735470712063849,0
2,2012-03-14,2021,2854.380181960229,53.426399672448724,3.2418931840078109,0.011232124638579619,0,9330.7186531729458,96.595645104595405,5.8613862320749641,0.027621025802789353,0
2,2012-03-15,2022,1595.7632810542009,39.947005908505844,2.4093489691499301,0.48266659974108772,1,1023.043271913837,31.985047630319968,1.9291343564728569,0.053443262770803537,0
2,2012-03-16,2023,1325.1089669698777,36.40204619207384,2.1909146068055274,0.64800789058725305,1,9235.1718461395776,96.099801488554476,5.7839182358443857,0.28472258888919444,1
2,2012-03-19,2024,666.01626214112719,25.807290871789064,1.5647895026096144,0.54385625477110766,1,1519.4815937099988,38.980528391877897,2.3635305982645383,0.11376021703941235,0
2,2012-03-21,2025,441.36069802112257,21.008586292778546,1.2503250285837553,0.046926448391658875,0,1009.7503530123232,31.776569245472729,1.8911810293392488,0.039787856468939911,0
2,2012-03-26,2026,52.826375340929502,7.2681755166568109,0.4295612007480385,0.3550089086957175,1,9867.2096834077456,99.33382950137252,5.8707937057548776,0.20690229999772666,0
2,2012-03-27,2027,523.88280290056684,22.888486251837776,1.3656614708733756,0.43415786271952461,1,161.04018865794669,12.690161096611291,0.75716951650425368,0.15431170130482022,0
2,2012-03-28,2028,1534.4212956700494,39.171689977202277,2.3632995461358841,0.002141605490347752,0,105.41881817532651,10.267366662164477,0.61944896905969693,0.041147738143863674,0
2,2012-03-29,2029,2411.9420737669784,49.111526893052087,2.954076805597118,0.0062623688506625178,0,279.59716660713639,16.72115924830382,1.0057840149355681,0.073774523641535236,0
2,2012-03-30,2030,882.86535013082573,29.713050165387358,1.7921019400113001,0.45567891866377563,1,220.85520260712497,14.861197886009222,0.89633280374000135,0.26146122377238135,1
2,2012-04-11,2031,1525.2376203145589,39.054290677396239,2.3406826896851207,0.0085603794585292041,0,41318.865229711468,203.27042389317603,12.182824326831048,0.058889272943419967,0
2,2012-04-12,2032,1707.7830505626023,41.325331826406455,2.4797678863730246,0.20646454356305835,0,51595.853391082703,227.14720643468786,13.630195405621834,0.10663904362074872,0
2,2012-04-13,2033,1309.7257285035796,36.190133026884268,2.1893607396784192,0.025348155106551688,0,57.910697453334336,7.6099078478871434,0.46036950077962147,0.14817631384409499,0
2,2012-04-16,2034,5971.8057528198988,77.277459539117217,4.7250051690074724,0.015795070466566488,0,36.656371854820335,6.0544505824079806,0.37018958009220304,0.17490863343115887,0
2,2012-04-17,2035,2724.1534317264754,52.193423261235466,3.1747824368148096,0.0046169047627787453,0,12762.393881792839,112.97076560682785,6.8717010709749298,0.0088604323312945679,0
2,2012-04-18,2036,2000.4702019342142,44.726616258489912,2.7107040156660553,0.37548109676006991,1,252.48188209681413,15.889678476823065,0.96301081677715539,0.032597671707234821,0
2,2012-04-19,2037,3172.4405110873868,56.324421977392603,3.4312776105630585,0.25270452207975669,1,185.85844061655558,13.63299089035695,0.83052031010398719,0.14471420027422416,0
2,2012-04-20,2038,1525.7743918079182,39.061162192232814,2.397861399154869,0.04923268825653733,0,71714.160627272038,267.79499739030234,16.439226359134583,0.036022955760495468,0
2,2012-04-23,2039,2015.5229382140719,44.894575821741228,2.7217081431792196,0.0078652444601572096,0,20047.257386436351,141.58833774868731,8.5837125037094459,0.0085524344223935362,0
2,2012-04-24,2040,4701.7330452794804,68.569184370819812,4.1867919017444546,0.35278928711460883,1,5717.4940926423551,75.614113052011362,4.6169508809043727,0.15013213473633158,0
2,2012-04-25,2041,2597.1156794335884,50.9619041974845,3.0820625459621711,0.0045680945299324148,0,980.90559794489843,31.319412477645528,1.8941283627242531,0.016802379879390917,0
2,2012-04-26,2042,731.9494762136494,27.054564794386351,1.6263639792237061,0.31316994233353918,1,10635.605116595785,103.12907018196074,6.1995233051975198,0.13364577298157437,0
2,2012-04-27,2043,1607.6265808007877,40.095218926959205,2.4329623135290781,0.33704139334388855,1,10.825242419741523,3.290173615440608,0.19964645724760971,0.011629974097348573,0
2,2012-05-02,2044,5461.5441236860552,73.902260612826012,4.6116855296615293,0.14451214369833623,0,1170.4003086541838,34.211113817795876,2.1348588965863264,0.14848926802815512,0
2,2012-05-08,2045,7812.5683944685725,88.388734545011857,5.5853860691950619,0.0013688942687079498,0,1531.6029427722522,39.135699083729833,2.4730299578976198,0.033376443175552127,0
2,2012-05-09,2046,3870.0753768574978,62.209929889507976,3.8917691516739428,0.00033600801184043374,0,6224.6587094735032,78.896506319820674,4.9356588251373585,0.0012253770788230188,0
2,2012-05-10,2047,2140.8531349295126,46.269354165900268,2.9228903452874455,0.32485523982380771,1,8981.6402499314026,94.771516026343079,5.9868298184676618,0.091510959330562344,0
2,2012-05-11,2048,86.845007153652219,9.3190668606707732,0.59795103372927649,0.099506304616844357,0,594.72394670433005,24.386962637940997,1.5647714236728263,0.04723052645404812,0
2,2012-05-14,2049,1328.5097329836972,36.44872745355724,2.3417107262163341,0.088097714375427419,0,373.80425497403678,19.334018076282973,1.242147001367361,0.022302964527356094,0
2,2012-05-15,2050,2504.5509050778369,50.045488358870443,3.2318687994104254,0.055853605518009677,0,1395.7379732448173,37.359576727324111,2.4126300760299717,0.076672930470173262,0
2,2012-05-16,2051,2753.8427137837584,52.4770684564578,3.3769027320757914,0.010168443518939677,0,39.622838012537791,6.2946674266825084,0.40506225396927337,0.012518640834813459,0
2,2012-05-17,2052,8853.5441848202336,94.09327385536244,5.9196774995509553,0.17050883190284954,0,1092.3954637905867,33.051406381432344,2.0793586902442494,0.026694112254377244,0
2,2012-05-18,2053,4534.1449527043987,67.336059824616996,4.2283240078252433,0.28838864888075766,1,202.09659308312894,14.216068130222538,0.89268873659168213,0.080803987778137881,0
2,2012-05-21,2054,288.06456803274591,16.97246499577318,1.0725096363837712,0.37521496071277749,1,5174.8711979941199,71.936577608294101,4.5457552991023134,0.075383316598230665,0
2,2012-05-22,2055,298.86720048891971,17.287776042305723,1.1160604288125062,0.094783399313404501,0,922.23313076066484,30.368291535097342,1.9605094599804613,0.064809784645738222,0
2,2012-05-23,2056,46.053682179694476,6.7862863319855933,0.43238523937467943,0.00093795027694755853,0,10338.858154666432,101.68017581941149,6.4785075386690982,0.011608471749160604,0
2,2012-05-25,2057,178.94793316341395,13.377142189698588,0.84692258244372198,0.49568583459655791,1,220.61731243479605,14.853191994813642,0.94037302911134169,0.16385515429465025,0
2,2012-05-29,2058,670.78633833697609,25.899543207110355,1.6817885199422309,0.66217613787560914,1,1785.3672085311277,42.253605864246992,2.7437406405355191,0.079488322489040697,0
2,2012-05-30,2059,1803.6120794107071,42.468954300885571,2.7258635623161469,0.0018961308995156544,0,5610.5448972021586,74.903570657226737,4.8076746249824609,0.00093395805230393021,0
2,2012-05-31,2060,8847.9005298850407,94.063279391508786,5.8569912448012937,0.76218464160246668,1,4763.9063170534109,69.021057055462506,4.2976996921209532,0.4857212368335061,1
2,2012-06-01,2061,6319.1062664490191,79.492806381766513,4.8619453444505512,0.39446205842964038,1,61758.042156605152,248.51165396537272,15.199489539166528,0.22615601533032212,0
2,2012-06-06,2062,1716.6730655087736,41.432753535201755,2.5798725737983657,0.15766704317892774,0,5902.8037989059712,76.829706487178328,4.7839169668230586,0.022016970171333052,0
2,2012-06-07,2063,6360.8760095653388,79.755100210364844,5.0589977932359558,0.0068913492781878336,0,129.03976712103204,11.359567206589873,0.72055611840087996,0.11020901374525201,0
2,2012-06-08,2064,3.1922366567494267,1.7866831439148427,0.11279565302492695,0.010201118935732272,0,18343.600414267257,135.43854847962325,8.550413414117628,0.045262865002147212,0
2,2012-06-11,2065,373.09015097378165,19.315541695064667,1.2045863233591934,0.84680840482562647,1,529.86022130358219,23.018692866963193,1.4355280864959896,0.24642976291438295,0
2,2012-06-12,2066,1585.3573915696275,39.816546705730616,2.4585703430522146,0.32671612423776436,1,695.67946992985037,26.375736386494509,1.6286345406912324,0.16030297043622294,0
2,2012-06-13,2067,1434.9894976907451,37.881255228552618,2.347769149584916,0.097996106372505429,0,2792.0470747161412,52.839824703684826,3.2748574343777399,0.063175566932518093,0
2,2012-06-14,2068,613.66300640307679,24.77222247605323,1.5223366093749104,0.2699085266865498,1,16085.685058810392,126.82935408969956,7.7940915095836267,0.037322344177702756,0
2,2012-06-15,2069,1083.2162662273131,32.912251005169992,2.037279542257505,0.51036930439070805,1,62.46797576894582,7.9036685006992684,0.48923977101202532,0.26491373917268712,1
2,2012-06-18,2070,2765.3643121057048,52.586731331256033,3.235111124654324,0.15775483172397575,0,7502.7811279818043,86.618595740070759,5.3287355115392652,0.19244261845522512,0
2,2012-06-19,2071,4764.7071414769925,69.026858116801122,4.3114839548283026,0.66720928447459671,1,116.21032261131076,10.780089174552813,0.67333473919755238,0.54135375335800029,1
2,2012-06-20,2072,6835.5470399532533,82.677367156636365,5.2261294030743599,0.053484145971167754,0,21099.929864191072,145.25814904572849,9.1819310395530014,0.13719075176497184,0
2,2012-06-21,2073,8301.5638522173995,91.112918141267983,5.8033705822463686,0.086169845417018442,0,12112.219492568031,110.05552913219776,7.0099063141527234,0.040217623207906811,0
2,2012-06-25,2074,13.519649501569953,3.6769076003579357,0.23330631981966599,0.20491237083782432,0,2949.6998809870765,54.311139566272004,3.4461382973522845,0.05116305751214837,0
2,2012-06-26,2075,60.098057022623038,7.7522936620475775,0.49267833886543227,0.50084422240068827,1,3.8975321219266803,1.9742168376160407,0.12546659279415576,0.22266216754105311,0
2,2012-06-27,2076,5.6278508081577074,2.3723091721269611,0.15221746372325706,0.062733344918087242,0,2612.9938791247582,51.117451805863311,3.2799134941201999,0.029361766403723105,0
2,2012-06-28,2077,1297.5704045824127,36.02180457143163,2.2534754189197139,0.021851964219444714,0,5765.049372463548,75.927922218796084,4.7499482151264365,0.15483479076651757,0
2,2012-06-29,2078,1798.3200405271389,42.406603737238129,2.6217374798910744,0.35856874251015969,1,2228.9690393447213,47.211958647621486,2.918822791197619,0.2178810062118634,0
2,2012-07-03,2079,3773.9427659434627,61.4324243860151,3.8299516450134101,0.24341172650181189,0,7069.0346086986174,84.077551157836524,5.2417425908875641,0.12026518599950593,0
2,2012-07-05,2080,4251.1634333342308,65.200946567777919,4.1084402374151177,0.22086222567267938,0,38266.366569974562,195.61790963501926,12.326270298362903,0.11659192017457601,0
2,2012-07-06,2081,8976.4394186077989,94.744073263755126,5.9775440544955911,0.015980503121098881,0,2076.6544301905938,45.570324007961517,2.8750993064959944,0.035914174590414946,0
2,2012-07-09,2082,6959.7422742753743,83.425069818822294,5.2295922155663561,0.04883123705506532,0,2574.7706542302335,50.742197964122852,3.1808304631952895,0.014675904395810603,0
2,2012-07-10,2083,10433.063826565221,102.14237037862995,6.477005096932781,0.48890566489444592,1,4209.1025291573042,64.877596511872298,4.1139883647350857,0.37957081573207446,1
2,2012-07-11,2084,1111.3832651672913,33.337415394227719,2.1421632381833073,0.094333770386999596,0,17.343616328442657,4.1645667635953032,0.26760268360451744,0.066537923396209162,0
2,2012-07-12,2085,769.32374458664833,27.736685897681582,1.7384322091934554,0.020616921215052163,0,1334.7034119531236,36.533592924226923,2.2897895909888391,0.015078906525070069,0
2,2012-07-13,2086,332.2724451497732,18.228341810207894,1.1498717432712755,0.59765343767914736,1,581.55191427991554,24.115387500098677,1.521235609531536,0.1284216893394465,0
2,2012-07-17,2087,469.70873713745016,21.672764870626224,1.3749573272403632,0.014808729408128225,0,122.73779853905781,11.078709245171922,0.70285229152557793,0.038089495443023536,0
2,2012-07-20,2088,66.49633455442482,8.1545284691651432,0.51865342465671127,0.019890043922552496,0,109.88268250466029,10.48249409752566,0.66671929384803053,0.013480890049393415,0
2,2012-07-23,2089,12.76004630692557,3.5721207016176777,0.22561949797048336,0.083494439036056606,0,2204.2813354608916,46.949774605006269,2.9654049963686258,0.098555290957424463,0
2,2012-07-24,2090,638.60356538328097,25.27060674743052,1.5784264052111505,0.28074154050376116,1,3974.5084925682327,63.043703036609713,3.9377703333297758,0.046764093764757812,0
2,2012-07-25,2091,725.64370578449825,26.937774699935744,1.6648810074125924,0.30009587309900931,1,47157.087837387735,217.15682774756988,13.42131197450988,0.16322607498296868,0
2,2012-07-26,2092,690.49189992476954,26.277212560025646,1.6238042675745805,0.49759482817631495,1,24356.059613447844,156.06428038935701,9.644015472847645,0.36675860722220244,1
2,2012-07-27,2093,922.10363282420133,30.366159336080045,1.87706130960161,0.444458693166149,1,1494.6944235979895,38.661278090590713,2.3898178390103979,0.110799281141832,0
2,2012-07-30,2094,614.30369269625703,24.785150649053094,1.5280610757739268,0.0036760184667335638,0,7056.8895795317876,84.005294949376776,5.1791180609973351,0.054893094896504041,0
2,2012-07-31,2095,2204.9811844765836,46.957227180452037,2.9366621125986265,0.58990237615616081,1,24213.412257185155,155.60659451702281,9.731494341277223,0.2684285680383765,1
2,2012-08-01,2096,3124.211609560924,55.89464741422853,3.49997792199302,0.045842742886800333,0,3428.3076531439237,58.551751922072526,3.6663589181009724,0.10003798235608741,0
2,2012-08-02,2097,3577.9057946370908,59.815598255280293,3.7338076314157482,0.15423260198426969,0,33217.168689153528,182.25577820511899,11.376765181343258,0.031966768791727523,0
2,2012-08-03,2098,2286.6223666611177,47.818640368177739,2.9701018862222197,0.13824889987906117,0,6781.2610374533333,82.34841247682516,5.1148082283742333,0.077007391231171257,0
2,2012-08-06,2099,2606.8392689467819,51.057215640365484,3.1692871285143065,0.35734634467073728,1,143.37058076932166,11.973745477891271,0.74324925374868223,0.22054538043265035,0
2,2012-08-07,2100,1015.3032971624532,31.863824270831856,1.9751324513145423,0.44452513333535854,1,119.85862454150123,10.947996371094632,0.67862986958590621,0.035569793224998099,0
2,2012-08-08,2101,475.26493458127686,21.80057188656474,1.3498806121711913,0.20442720034334069,0,45078.176183220748,212.31621742867583,13.146515011063521,0.029444629788244903,0
2,2012-08-09,2102,735.55843175774771,27.121180500814262,1.6756985171958148,0.47015524901791245,1,12222.479586698855,110.55532364702685,6.8307274418922983,0.10655352994716503,0
2,2012-08-10,2103,204.5063562828058,14.30057188656474,0.88139117944929057,0.32956165466330822,1,57037.421160986669,238.8250848654443,14.719573797562052,0.036322088621321288,0
2,2012-08-13,2104,678.1107526763459,26.040559761194572,1.6298269291938399,0.60206028540579604,1,79514.652132733478,281.98342528016337,17.648782680654882,0.46307586380956062,1
2,2012-08-14,2105,2045.257599838116,45.224524318538897,2.8186054421027671,0.07441753926101502,0,13016.469378755612,114.08974265356028,7.110610324310394,0.24470245060391857,0
2,2012-08-16,2106,880.9574919650629,29.680928084631432,1.838112901974388,0.32872396505234375,1,24708.873307499445,157.19056367193116,9.7346687519387611,0.067332197716929026,0
2,2012-08-17,2107,28.018570009074548,5.2932570322132051,0.32285800745429732,0.36201372353795724,1,1486.4042707449919,38.553913818768024,2.3515653442371471,0.024423808327101008,0
2,2012-08-21,2108,178.99880527444429,13.379043511194823,0.81480167546862503,0.00021592026945536794,0,150037.56430599469,387.34682689547708,23.589940736630759,0.0016646072565152609,0
2,2012-08-22,2109,52.559287253223403,7.2497784278709787,0.43535675891733844,0.28057397486253333,1,22511.842348657319,150.03946930277152,9.0100266808450105,0.23228380118640601,0
2,2012-08-23,2110,138.68457325731873,11.77644145136037,0.70644519804201378,0.51221036627591232,1,1892.9246751590144,43.507754195763937,2.6099432630932178,0.027575375012902057,0
2,2012-08-24,2111,23.045295560298154,4.8005515891716186,0.28780285306784287,0.14695817946347298,0,1048.5038190479913,32.380608688657958,1.9412834945238582,0.11237203602145747,0
2,2012-08-28,2112,198.57096786985983,14.091521133996139,0.8488868153009721,0.52537999042765182,1,657.71161509170099,25.645888853609677,1.5449330634704626,0.40747450702214078,1
2,2012-08-29,2113,182.60855172902325,13.513273168593287,0.81380747778339568,0.053641857032929653,0,114237.72279679395,337.99071406888379,20.35475543925828,0.19266864974128856,0
2,2012-08-30,2114,692.29345911385894,26.31147010552354,1.596085538703278,0.59904920551754337,1,95722.030762977825,309.38977158752004,18.767957026843803,0.17388479327631268,0
2,2012-08-31,2115,1500.0435949572866,38.730396266463458,2.2822861677350299,0.080015884109178689,0,109225.9369833019,330.49347494814765,19.47516057443416,0.087776909142102275,0
2,2012-09-04,2116,3080.6522426154279,55.503623689047799,3.2842380881093369,0.0083277912320613001,0,2272.8808802929575,47.674740484799258,2.8209905612307256,0.022573867724919278,0
2,2012-09-05,2117,10301.62724706673,101.49693220519885,5.9668978368723602,0.095588936974285901,0,8047.3549721099816,89.707050849473262,5.273783118722708,0.18568565419240615,0
2,2012-09-06,2118,15474.600671049919,124.39694799732797,7.1988974535490717,0.020531933625465987,0,7.4350008369692544,2.7267197943626797,0.15779628439598842,0.012562699773528665,0
2,2012-09-07,2119,16474.284341080227,128.35218868831271,7.4106344508263682,0.21611193071873538,0,6312.5086120183996,79.451297107211531,4.5872573387535525,0.031918791770584029,0
2,2012-09-10,2120,19652.147901008975,140.1861187885911,8.071750038208787,0.34603205799892067,1,10.298484616906856,3.2091252105374224,0.18477761396501641,0.079739688801701458,0
2,2012-09-11,2121,26123.022920752504,161.6261826584805,9.3049040102752159,0.2632171250879029,1,17242.416628909894,131.31038279172708,7.5596075297482486,0.069889723412382102,0
2,2012-09-12,2122,25145.941935722756,158.57472035517753,9.1489814138282153,0.28083105224447674,1,9225.3316787770527,96.048590196717896,5.5415312388125137,0.096955299598244407,0
2,2012-09-13,2123,40330.568305735258,200.82472035517753,11.310882588294989,0.10492725630572157,0,142.78515366191212,11.949274189753623,0.67300896591121506,0.30125388639791184,1
2,2012-09-14,2124,26246.418442161987,162.00746415570484,9.1555503902630591,0.13870364780169706,0,318.79280460961934,17.854769799961559,1.0090290929619419,0.040630925906595804,0
2,2012-09-18,2125,10235.528770244055,101.17079010388352,5.7532436794929493,0.86548143650972809,1,98.566595829345189,9.9280711031572082,0.56457612187416595,0.67221110246973537,1
2,2012-09-20,2126,29680.699400086185,172.28087357593176,9.6542938400634206,0.099535680292466316,0,462.79716693789834,21.512721049135052,1.205532140607176,0.055548935436733921,0
2,2012-09-21,2127,9243.3143371649658,96.142156919662284,5.454874151470201,0.11621973699516361,0,4411.6360094573502,66.420147616949407,3.7685190137276261,0.086108944756763409,0
2,2012-09-24,2128,19685.403411096151,140.30468064571528,7.9201061612032326,0.028370459923350647,0,7562.6515292508657,86.96350688220241,4.9090322823710082,0.12246986448510028,0
2,2012-09-25,2129,6332.085147913619,79.574400078879762,4.5607909487823335,0.047130327493208585,0,3048.4939425831349,55.213168199109305,3.1645317781406681,0.057754337505641046,0
2,2012-09-26,2130,31570.308624477027,177.68035520134754,10.078295814029921,0.089300836848489579,0,25522.591326612157,159.75791475420601,9.0617081539538287,0.46265385665233405,1
2,2012-09-27,2131,33660.017487122939,183.46666587454774,10.330330285729039,0.025137147553213838,0,11264.894139088256,106.13620559963624,5.9761377026822204,0.01427374615330676,0
2,2012-09-28,2132,12725.32879155055,112.80659906029678,6.3588838252703939,0.35192653348221697,1,93149.943416107039,305.20475654240227,17.204326749853564,0.04363004677534154,0
2,2012-10-09,2133,10631.881270545371,103.11101430276676,5.8544223876659629,0.0077495340564569474,0,122036.31085650633,349.33695890430249,19.834603770293967,0.13400371621263288,0
2,2012-10-10,2134,13661.102507465283,116.88071914334409,6.6071633207091072,0.019603346166172708,0,253286.55915398584,503.27582810421745,28.449735901877755,0.30007408982568978,1
2,2012-10-11,2135,14256.771308598401,119.40172238539276,6.7582692732640588,0.083089691232341972,0,290220.45725242386,538.72113124734938,30.492210626707195,0.038984333763407771,0
2,2012-10-12,2136,7859.1278818967476,88.651722385392759,5.1066660360249285,0.23533015074787383,0,236154.80334648601,485.95761476335156,27.992950159179237,0.47698007978321949,1
2,2012-10-15,2137,34834.928145612022,186.64117483988366,10.686583157164826,0.0092597952921968148,0,98580.424464917538,313.97519721296067,17.97739463000061,0.20090138680415034,0
2,2012-10-16,2138,29452.830320265737,171.6182691914405,9.8123653053996858,0.88092872622956808,1,34604.30100870342,186.02231320114106,10.635924139573531,0.35851783392925268,1
2,2012-10-17,2139,28812.553900077837,169.74261073778098,9.7385318839805493,0.84090154133201289,1,8519.8417444834649,92.302988816632933,5.2956390600477876,0.60610042893527871,1
2,2012-10-18,2140,27850.293819620492,166.88407299565915,9.6076035115520533,0.060445026235348948,0,85846.875058604477,292.99637379770502,16.867954737921991,0.12666799823142377,0
2,2012-10-19,2141,28687.388527415762,169.37351778662378,9.808803694027727,0.16673857306073964,0,117406.59236532277,342.64645389281759,19.843431527019987,0.12224497655103682,0
2,2012-10-22,2142,30305.83218559602,174.08570356464088,10.174500500563465,0.15310525583312418,0,36318.283997772327,190.57356584209765,11.138139441385016,0.28128152691749431,1
2,2012-10-23,2143,11499.837826860277,107.23729680880751,6.2510811313790455,0.01876613588114185,0,35396.327502636996,188.13911741750303,10.967013548091112,0.4256122746602482,1
2,2012-10-25,2144,10449.377509549468,102.22219675564338,5.9466083045749496,0.30681904190764309,1,25756.122160179271,160.48714017072916,9.3360756352954724,0.057045185492598127,0
2,2012-10-31,2145,9131.6563131892672,95.559700256903625,5.5679359217423823,0.36583340381241941,1,91538.401106700956,302.55313765800042,17.628733439650425,0.38544049711040762,1
2,2012-11-01,2146,4715.8955131472658,68.672378094451233,4.075512053083159,0.080719889111822124,0,5501.0028830951842,74.168745999209023,4.4017059940183394,0.046108087578138522,0
2,2012-11-02,2147,1475.97137191608,38.418372843160341,2.2820536289373532,0.001208097331347729,0,7322.6924856644346,85.572732138599122,5.0830253720581604,0.0033814934151937814,0
2,2012-11-05,2148,2892.541257981221,53.782350803783402,3.1805056655105504,7.8916252285194662e-05,0,6310.1019705574354,79.43615027528358,4.6975842859422574,0.0068863600202063394,0
2,2012-11-06,2149,5384.1821655956664,73.376986621117567,4.2779178907516435,0.49226153984920407,1,325.63000720428528,18.045221173603977,1.052046125847776,0.16139653417852695,0
2,2012-11-07,2150,10425.615652785766,102.1059041034639,5.9467620328167676,0.27697601903042629,1,12241.245846018366,110.64016380148018,6.4438068608899348,0.007191117069236491,0
2,2012-11-08,2151,8975.0173432860502,94.736568141800717,5.4501117872458344,0.2344748369567661,0,1379.4419139254214,37.140838896360719,2.1366799307556863,0.076786455584315516,0
2,2012-11-09,2152,40462.517668435466,201.15297081682752,11.592160830821353,0.30266061652969278,1,12818.187548688666,113.21743482648185,6.5245604279776312,0.14862123444525877,0
2,2012-11-12,2153,19199.165741430181,138.56105420149697,8.1029856258185351,0.086152355837728567,0,78226.09813815837,279.68928856529055,16.35609874650822,0.036178541686048671,0
2,2012-11-15,2154,35136.376416124855,187.44699628461603,10.939422018361016,0.0069650240287332443,0,7518.5411056235243,86.709521424256081,5.0603747548442417,0.13393836838911877,0
2,2012-11-16,2155,26211.890110182067,161.90086506928264,9.346275945693904,0.62380307362135823,1,167918.37167566974,409.77844218024666,23.655848877485735,0.2929824592457751,1
2,2012-11-20,2156,28893.81065263796,169.98179506240649,9.8597328922509568,0.13637651927070168,0,1192.0641680010751,34.526282278882491,2.0026845869421397,0.097573885831683874,0
2,2012-11-21,2157,27719.910334723292,166.49297382989857,9.5111667426391637,0.46981087923959486,1,577.58772349468597,24.033054809879786,1.3729251533778799,0.069900388167578806,0
2,2012-11-26,2158,36944.612547035496,192.20981386764697,11.007004373236763,0.44823280223804063,1,3505.3889357240373,59.206325132742677,3.3904839016602821,0.060465228795968391,0
2,2012-11-27,2159,24176.452407707737,155.48778861282881,9.0137848471205118,0.05966435726194437,0,11323.939015873904,106.41399821392815,6.1689274326914871,0.07452341212412826,0
2,2012-11-29,2160,13503.229073854467,116.20339527679243,6.7325257981919142,0.091807046478423762,0,7257.625308145175,85.191697413217298,4.9357877991435286,0.22361642371086057,0
2,2012-11-30,2161,12185.470223129467,110.38781736735928,6.4178963585674005,0.55726276364717131,1,2656.0682112736927,51.537056680350815,2.9963405046715592,0.089694392944299123,0
2,2012-12-03,2162,12839.126386910779,113.30986888577172,6.6741197988968768,0.13044965290495875,0,2999.9452298747756,54.771755767683544,3.2261378746978973,0.1009311301266575,0
2,2012-12-04,2163,2329.8563884095438,48.268585937538546,2.8493852383434799,0.011006480918003728,0,537.05024758656361,23.174344598856806,1.36802506486758,0.082127516877630383,0
2,2012-12-05,2164,2280.6840522051712,47.756507956562018,2.8187403250147276,0.012581048372432808,0,2256.7809700033254,47.505588829140152,2.8039302835555646,0.041763179982747339,0
2,2012-12-06,2165,4492.606607236552,67.026909575457466,3.9392835483665865,0.058554154580212507,0,1688.1327329046501,41.086892470770408,2.4147453700129535,0.35462657580444312,1
2,2012-12-07,2166,4804.4528021385368,69.31416018490404,4.0475422005783379,0.24892440417643885,0,234.88439922511088,15.325938771413348,0.89494532971756779,0.15630770922286369,0
2,2012-12-10,2167,9940.129592242798,99.700198556686928,5.8304209682273056,0.50910287035158741,1,4327.9757374060837,65.787352412193059,3.8472135913563195,0.23640692538785668,0
2,2012-12-11,2168,5298.9477132518596,72.793871398984265,4.2414491710988651,0.050069626396414033,0,2009.2692062617903,44.824872629621495,2.611791558900014,0.050317528276527433,0
2,2012-12-12,2169,1364.9465842844315,36.945183505897376,2.182554039633577,0.31975045671345798,1,12156.532123012827,110.25666475552771,6.5134641710546575,0.075192658888102976,0
2,2012-12-13,2170,4058.0972447750437,63.703196503590334,3.755531112960373,0.0094987309539611604,0,4.4110282873955509,2.1002448160620588,0.12381693830874334,0.029499782469767494,0
2,2012-12-14,2171,6048.9545283254056,77.775025093698332,4.5864676452129345,0.56275541081309088,1,26800.439510654451,163.70839780125652,9.6540408551529726,0.12059991085713649,0
2,2012-12-17,2172,5174.8254307388743,71.936259499218295,4.2465324379703837,0.065124483049663631,0,35615.036671034293,188.71946553292878,11.140464317174072,0.051562302914821494,0
2,2012-12-18,2173,1122.5136379344688,33.503934663476002,2.012248328136697,0.011908882037525902,0,10525.719623645564,102.59492981451649,6.1618576465175066,0.011737867776810516,0
2,2012-12-19,2174,599.5562296260257,24.485837327443505,1.4835405833046655,0.0036613114695909482,0,18226.255665293822,135.00465053209768,8.1796213591092215,0.011041826376158768,0
2,2012-12-20,2175,492.08272991988883,22.182937810846624,1.3431993830364288,0.011788903442809834,0,7109.680729646584,84.318922725842413,5.1055962897876119,0.0044486007821197791,0
2,2012-12-21,2176,227.75740234883239,15.091633521552012,0.91160576995179765,0.60007131181456397,1,3430.0407997674993,58.566550178130683,3.5376955710136326,0.12122951758474587,0
2,2012-12-27,2177,371.51615547094571,19.274754355657706,1.1628811074303291,0.66903167937755825,1,9449.1804515171407,97.206895082175834,5.8646693865566109,0.064090527062694053,0
2,2012-12-28,2178,2548.6597831272684,50.484252823303905,3.063364855783004,0.21808327802552741,0,4.9335484063255919,2.2211592483038203,0.13477908060095997,0.053494235139756083,0
2,2013-01-04,2179,2510.2822299243121,50.102716791849844,3.045295048889217,0.00049027114113450059,0,10855.481468060503,104.18964184630113,6.3327544048807862,0.0034937827670101264,0
2,2013-01-07,2180,2625.7015852407908,51.241600143250707,3.0942995255586174,0.00039614435774219526,0,19480.254643202108,139.57168281281884,8.4282417157499303,0.00039774030096532812,0
2,2013-01-08,2181,2279.5156460097364,47.744273436818958,2.8800647526357386,0.94563034696481296,1,1136.0735043560612,33.705689495336856,2.0332190918616715,0.027940388791153261,0
2,2013-01-09,2182,5528.0159610063365,74.350628517897121,4.4388434936057983,0.95090820088234429,1,2148.6072277384715,46.353071394875997,2.7673475459627461,0.078531511800993312,0
2,2013-01-10,2183,633.9995605327266,25.17934789728929,1.5191160119028229,0.8852032060285554,1,62685.335647028849,250.37039690632128,15.10530298077353,0.10615754546641504,0
2,2013-01-11,2184,272.35639219295905,16.5032236909326,0.98453236038374947,0.00035506394198359716,0,724.37552000831545,26.914225235148706,1.6056211922534651,0.0375205714868228,0
2,2013-01-16,2185,709.75880245902874,26.641298813290405,1.5905253022859944,0.80904453384655139,1,12966.190011327333,113.86917937408407,6.7981599626318845,0.40214543098336325,1
2,2013-01-17,2186,430.3967857883755,20.746006502177124,1.2286648802000073,0.0061744554591528127,0,6412.7146377082627,80.07942705656842,4.7426370776765427,0.24948680969507947,0
2,2013-01-18,2187,141.62398475909643,11.900587580413685,0.70396850520045462,0.58974069667872486,1,15163.268094268959,123.13922240402917,7.2841894353167209,0.077981503225060922,0
2,2013-01-22,2188,326.63374819332626,18.073011597222148,1.0692507970550007,0.73460506457730912,1,26645.208002937976,163.23359949145879,9.6573642651358558,0.12311996722408096,0
2,2013-01-23,2189,1175.796037838848,34.289882441309828,2.0520575967270993,0.074909015891300876,0,314.5981380936106,17.736914559573506,1.0614550903395275,0.2215859326616432,0
2,2013-01-24,2190,1373.9587844599555,37.066950029102145,2.237666769037256,0.0086279537484669558,0,411.94626349820868,20.296459383306455,1.2252616591190133,0.088066197468772076,0
2,2013-01-28,2191,341.10760334916739,18.46909860683968,1.1102554016735604,0.22880426747308713,0,1859.579783778295,43.122845265338128,2.5922960784693796,0.22198615961821447,0
2,2013-01-29,2192,19.972842357656365,4.4690986068396796,0.2664142239546754,0.67738348794861725,1,887.03977217113072,29.78321292559167,1.7754523353556884,0.072995743673872029,0
2,2013-01-30,2193,19.409973806773213,4.4056751817142867,0.2646448524832129,0.28276640682545889,1,13561.434949284663,116.45357422288362,6.9952590012244258,0.099181300449597484,0
2,2013-01-31,2194,101.23122415105593,10.061372876057021,0.60283839880509416,0.024453904180206917,0,3581.6401048768735,59.846805302178609,3.585788214630234,0.038710194515212008,0
2,2013-02-01,2195,104.23363267524738,10.209487385527609,0.61281436887920826,0.45605844616154578,1,27049.181406819756,164.46635341862407,9.8719299771082873,0.034383747555544956,0
2,2013-02-04,2196,63.377285760485321,7.9609852254909583,0.47570870782736535,0.001715807928338369,0,140.29596396169364,11.844659723339191,0.70777769485146047,0.013828110225016507,0
2,2013-02-05,2197,59.584483302114286,7.7190986068396796,0.46104814733998389,0.79382015459328015,1,82.044029785533922,9.0578159500805668,0.54100737345561101,0.10372889536078772,0
2,2013-02-06,2198,0.46750042074650427,0.68374002423911406,0.040991608167812596,0.89798129426210438,1,247.63879848123818,15.73654340956864,0.94343785429068583,0.21271874066852384,0
2,2013-02-07,2199,176.00104152464661,13.266538415300602,0.79523682992960298,0.00057663155709601784,0,43.320684626925967,6.581845077706248,0.39453589556159141,0.34511405710143334,1
2,2013-02-08,2200,5919.2350862322282,76.936565339455001,4.8433468894841045,0.43527055189531733,1,155.66283073628841,12.476491122759171,0.78542594414599753,0.16299573164197645,0
2,2013-02-20,2201,1209.3314925964837,34.775443815952713,2.2051644778663735,0.00014175846788790289,0,19527.703459037941,139.74155952699948,8.861227617438141,0.00027283702623362162,0
2,2013-02-21,2202,6995.534512351951,83.639312003100258,5.3053797654995405,0.0038081557809422845,0,7333.3059945731839,85.634724233649422,5.4319520604915583,0.54339784142362435,1
2,2013-02-22,2203,8413.2815896663469,91.723942292437187,5.7824392304136918,0.00068355194392212266,0,6876.4886828422214,82.92459636828039,5.2277129310184645,0.02168466425942352,0
2,2013-02-25,2204,7558.5025954574203,86.939649156512132,5.4661835370331424,0.95493481506303568,1,115.71444608743187,10.757064938329222,0.67633228156738279,0.8229572304389372,1
2,2013-02-26,2205,12781.015227546601,113.05315222295485,7.0471031462025779,0.88049354163485161,1,8985.0744840107891,94.789632787614437,5.9086571785952584,0.18119764754614195,0
2,2013-02-27,2206,8814.1551269445263,93.883731961104559,5.9102129028079675,0.49350977878313618,1,2787.5919594873858,52.797651079260959,3.3237425923362265,0.37024246446800663,1
2,2013-02-28,2207,6990.4864884642266,83.609129217234567,5.2841920819867001,0.0023217848421429235,0,3189.8855431017741,56.479071726629627,3.5695415848715202,0.0036401624162493212,0
2,2013-03-01,2208,5833.4529825021209,76.377044866256256,4.8516464898368268,0.00072145758101395884,0,917.95234038406204,30.297728304017483,1.9245817566471324,0.0013190710728337267,0
2,2013-03-04,2209,9341.0182366641257,96.648943277534727,6.1179897627811188,0.0019351494873184934,0,418.28904329805596,20.452115863598465,1.2946425613925283,0.0029402007112874855,0
2,2013-03-05,2210,9618.7152693530861,98.075049168242003,6.2309434033190598,0.54299502014729428,1,7.283984945592338,2.6988858711683861,0.17146670083661919,0.30822424266097248,1
2,2013-03-06,2211,12250.925432419523,110.68389870446163,7.0075276166167546,0.00028094561486308151,0,20394.559144890434,142.80952049807615,9.0414384614166607,0.0063834297098564596,0
2,2013-03-07,2212,12640.669480690811,112.43073192277461,7.1079963282930052,0.90831316208788215,1,28690.049529464799,169.3813730298134,10.708479407606347,0.64444485445594069,1
2,2013-03-08,2213,11265.490080316746,106.1390129985989,6.7219134261303921,0.81840883634228423,1,366.26089329919961,19.137943810639626,1.2120293736947199,0.16113023945672952,0
2,2013-03-11,2214,11267.859098442907,106.15017239007625,6.6593583682607438,0.0045455212259497913,0,29.978244651639752,5.4752392323659933,0.34349054155370096,0.05934364389460476,0
2,2013-03-12,2215,7338.8776492688012,85.66724957221868,5.390419982521232,0.89851419564234569,1,4201.5724509213105,64.819537571023375,4.0786243555780004,0.16703462845231387,0
2,2013-03-13,2216,6792.6030270493802,82.41724957221868,5.1965478923214805,0.00082278386090541401,0,5711.6077210711392,75.57517926588821,4.7651437115944644,0.049598154993797348,0
2,2013-03-14,2217,8497.7669916988343,92.183333589639915,5.7777081535343093,7.6043980893025919e-05,0,1678.6548685919092,40.97139085498452,2.5679342434963659,0.0012189739036072263,0
2,2013-03-15,2218,7261.7106886510155,85.215671614152143,5.3135258995574208,0.60142731836495278,1,1256.1588363459055,35.442331135887571,2.2099660879742835,0.12609890355830849,0
2,2013-03-18,2219,9204.3394845283383,95.939248926225901,5.9561849403213341,0.62186657638124465,1,505.10532555668544,22.474548394944122,1.3952847055684696,0.14867711169956085,0
2,2013-03-19,2220,6082.8212145016078,77.992443316654771,4.8329941636966547,0.66211877654233153,1,2073.3049119795505,45.533558086092398,2.8215992617253232,0.18271783090702215,0
2,2013-03-21,2221,5436.8868068894744,73.735248062846267,4.5862384116215997,0.20511136321027335,0,2.0792581166451449,1.4419632854705924,0.089688277746577033,0.068500933012636905,0
2,2013-03-22,2222,5081.6662684625244,71.285806921592211,4.4574523633948546,0.0075382330314902376,0,141.82963829906083,11.909224924362661,0.74467562447163738,0.026594696009185764,0
2,2013-03-25,2223,5557.5033056469238,74.548664009805861,4.6651229042431703,0.0064208413041870055,0,124176.26477124901,352.38652751098334,22.051722622714852,0.17345682874111243,0
2,2013-03-26,2224,7204.9089300062606,84.881734961099028,5.310917250811765,0.0012289667659332439,0,2362.6197662449163,48.60678724463196,3.0412505706010924,0.087708566051740919,0
2,2013-03-28,2225,4718.2129180490256,68.689248926225901,4.3378117414730601,0.75987813365216039,1,3819.7083024778658,61.80378873886184,3.9029863428393963,0.16823335815149545,0
2,2013-04-02,2226,3899.1198180699853,62.442932490955172,3.9652600407020273,0.0040745147713059024,0,12231.178759321185,110.59465972333919,7.0229979186117921,0.032052517817109147,0
2,2013-04-03,2227,8332.0155715294986,91.2798749535159,5.7955476160962478,0.011737790386458434,0,6687.0959335534171,81.774665597319427,5.1920422601472653,0.039778114844888968,0
2,2013-04-08,2228,4725.4197383158153,68.74168850352612,4.3583254717721429,0.73832957617798323,1,604.6289972704601,24.589204893010674,1.5589922265342002,0.0042160346236784453,0
2,2013-04-09,2229,4078.3797888712056,63.862193736757945,4.054742459476695,0.82179803776820093,1,10625.744472658991,103.08125180001934,6.5448413841282127,0.28737465072559631,1
2,2013-04-10,2230,958.19768354008363,30.954768348997277,2.0159406283944823,0.0082558824080223494,0,4417.2619038214534,66.462484935649627,4.3283936786486246,0.14637519550411024,0
2,2013-04-12,2231,5372.6156248469952,73.298128385702967,5.2543461208389219,0.00048100879993173495,0,47.086767530217742,6.8619798549848383,0.49189819748995262,0.00074681829784091415,0
2,2013-04-15,2232,1.5061346077820359,1.2272467591246823,0.088930924574252335,0.00039405845164578894,0,21381.931981580088,146.22562012718595,10.596059429506228,0.002938656974099986,0
2,2013-04-16,2233,5740.2096612501191,75.76417135592601,5.442828402006179,0.001853058057569206,0,8289.6321333629257,91.047416950525985,6.5407627119630734,0.0013746279350822107,0
2,2013-04-17,2234,45875.712950098998,214.18616423592584,15.367617164909477,0.7042226525147931,1,4613.2007005332389,67.92054696874311,4.8732231008963662,0.70757878186406054,1
2,2013-04-18,2235,75006.437113567838,273.87303100810755,19.225906002675153,0.42442176465633924,1,13617.49313403558,116.6940149880686,8.19192804409046,0.64002064978562945,1
2,2013-04-22,2236,68508.391667081087,261.74107753098497,18.589565165552909,0.33593350989301451,1,12353.287250302934,111.1453429087469,7.893845377041683,0.64002064978562945,1
2,2013-04-23,2237,87735.403922893136,296.20162714423623,20.413620065074863,0.032663316036819608,0,42484.026702254901,206.11653670255305,14.205136919541905,0.0064882335688432602,0
2,2013-04-25,2238,28856.438503255653,169.8718296341558,11.544127056347659,0.14922829723133277,0,14620.290431902215,120.91439298901605,8.2170841310918146,0.15241616375515304,0
2,2013-04-26,2239,4434.6359221279536,66.593062117070076,4.5324527559686967,0.82354608154563458,1,9876.7603000368217,99.381891207789067,6.7641239549286416,0.12295936972774084,0
2,2013-05-02,2240,3204.8607112047953,56.611489215571737,3.9197846090061788,0.00093760432226127277,0,5711.1161434306705,75.571926953271941,5.2326070246336815,0.015002180705663764,0
2,2013-05-07,2241,6803.7665329330748,82.484947311209908,5.6284508571279357,0.00023021479838330043,0,4099.0005166073852,64.023437244554316,4.3687094673868518,0.001141949653212373,0
2,2013-05-09,2242,955.28808301042704,30.90773500291516,2.1666831407581606,0.97683333634537772,1,2.5231301366709467,1.5884363810587274,0.11135200708438328,0.15738835463043202,0
2,2013-05-10,2243,2441.8378794222708,49.414956029751465,3.4537799077233249,0.00049905123639784491,0,26097.873379302153,161.54836235413268,11.291166336126695,0.00030300355555465467,0
2,2013-05-13,2244,1546.6856326927989,39.327924337457716,2.7430112877041126,0.78084895021488743,1,40946.229911088252,202.35174798130174,14.113461062340138,0.17311309948791775,0
2,2013-05-14,2245,583.15134452889492,24.148526756903721,1.7126614721208313,0.6937629853112236,1,39985.350413291329,199.96337267932677,14.181799480803317,0.31203094878623389,1
2,2013-05-15,2246,1158.6192331424427,34.038496340796883,2.4647716394494488,0.0023710375983275727,0,57001.011698504728,238.74884648622856,17.288113431298228,0.0094739288151210015,0
2,2013-05-16,2247,15856.164529015552,125.92126321243586,9.1997269926893779,5.9057756179327407e-05,0,15933.018741500127,126.22606205336569,9.2219954011591376,0.00076445367458241717,0
2,2013-05-17,2248,26266.550592403441,162.06958564889169,11.963062236493204,0.012654148474330889,0,25003.953200279364,158.12638363119345,11.671997315459933,0.36300332513744926,1
2,2013-05-20,2249,44280.470689577196,210.42925340735587,15.464211163502176,0.0044041081135092293,0,76.519167600845975,8.747523512448879,0.64284574774564607,0.063369446477489308,0
2,2013-05-21,2250,64511.904985209447,253.99193881934411,18.032796508295643,0.7635090870479303,1,810.155179134881,28.463225030464855,2.0208182485243062,0.31463027722438897,1
2,2013-05-22,2251,30506.731493961026,174.66176311362779,12.652065419313857,0.65148705107354987,1,887.77234344087913,29.795508779694956,2.1583128417019162,0.090468303013995152,0
2,2013-05-23,2252,34043.509083486148,184.50883199317627,13.271629706396423,0.013207415937598404,0,35702.558414619241,188.95120643864448,13.591167519413377,0.1928556863330492,0
2,2013-05-24,2253,13185.274896256791,114.82715226050323,8.3419652931713202,0.24829584056534756,0,3369.4599858696579,58.047049760256186,4.2170032517440017,0.1292199156919844,0
2,2013-05-28,2254,15455.731849346104,124.32108368794934,8.9924834493995913,0.0018761550121016838,0,84679.70206852979,290.99776986865345,21.048663281638586,0.082877219316419573,0
3,2013-05-29,2255,412.65665727892804,20.313952281102956,1.437138470541419,0.34992300921997976,1,511.89063441293968,22.625000208020765,1.6006367320849497,0.061511951512439475,0
3,2013-05-30,2256,15.343708431682829,3.9171045980012877,0.28089670835434116,0.082274944986395857,0,13.140626508150589,3.6250002080207651,0.25994981771393078,0.72824752675167315,1
3,2013-05-31,2257,142.01738199970345,11.917104598001288,0.84970442766497589,0.026871522253526108,0,135.14062983648284,11.625000208020765,0.82887702017973364,0.021386760785408597,0
3,2013-06-03,2258,55.824479528102707,7.4715781149702707,0.53387482064810798,0.21651480764696329,0,74.39062858835824,8.6250002080207651,0.61629154755418114,0.54843583780204808,1
3,2013-06-04,2259,143.31868256283514,11.971578114970271,0.8526765039152614,0.3756670884335172,1,172.26563046054514,13.125000208020765,0.9348290746453537,0.043895767311920929,0
3,2013-06-05,2260,81.143890863674386,9.0079903898524663,0.64342788498946191,0.50665316263879756,1,83.265628796379005,9.1250002080207651,0.6517857291443403,0.40681811020980779,1
3,2013-06-06,2261,36.341870423905398,6.0284218850297293,0.43495107395596894,0.25466055145756883,1,77.482674116616565,8.8024243317745459,0.63509555063308409,0.052034790886687853,0
3,2013-06-07,2262,31.168721069658364,5.5828954019987123,0.40309714093853516,0.053076511289054738,0,34.515622555756053,5.8749997919792349,0.42418771061221916,0.11408632294713399,0
3,2013-06-13,2263,0.60594063109323715,0.77842188502972931,0.055951258582550178,0.0060117486100690022,0,0.14062515601561706,0.37500020802076506,0.026954192849650678,0.010830804718368597,0
3,2013-06-14,2264,52.975425136479721,7.2784218850297293,0.52561270157282758,0.17984371373077715,0,37.515622451745671,6.1249997919792349,0.4423180929394645,0.36569345051081753,1
3,2013-06-17,2265,568.00690324261132,23.832895401998712,1.7437640681908697,0.0021727999832824915,0,582.01561496299814,24.124999791979235,1.7651362569584221,0.007963041225348251,0
3,2013-06-18,2266,297.66132937898021,17.252864381863674,1.2568103720170223,0.040443824653119562,0,328.51561745924732,18.124999791979235,1.3203423632838636,0.0624325077992001,0
3,2013-06-19,2267,2514.804289272739,50.147824372277,3.8799090423425144,0.015500541333221004,0,4650.3362857950442,68.193374207433408,5.2760831108265691,0.02843787311768638,0
3,2013-06-20,2268,1069.3152631215469,32.700386283980606,2.5246389719344222,0.013328301551528234,0,2362.1005860415912,48.601446336931076,3.7522830601761106,0.0497150152539809,0
3,2013-06-21,2269,121.34365831850843,11.015609756999766,0.85608002774429892,0.031797403476984655,0,531.48521022011028,23.053963004657362,1.7916427437075861,0.09795749416835027,0
3,2013-06-24,2270,179.40867555264649,13.394352375260496,1.0472519448991788,0.20793874588210626,0,948.88413679229939,30.803963004657362,2.4084412044298174,0.68715493393979543,1
3,2013-06-25,2271,3257.6214912976898,57.075577012393751,4.6168313053503534,0.45270289114240586,1,4958.1225657273699,70.41393729743686,5.6957684365975219,0.77844929311581301,1
3,2013-06-26,2272,1712.2796760700064,41.379701256413227,3.3566985403701661,0.40423980128813192,1,2788.6989081851902,52.808132973862939,4.2837666172267648,0.63410762352551786,1
3,2013-06-27,2273,5389.1189046112868,73.410618473156092,6.1586089323117532,0.22339046467815724,0,7258.4677760693949,85.196641812159442,7.1473692795435779,0.64634491707339981,1
3,2013-06-28,2274,113.80200687015221,10.66780234491398,0.85172074610091653,0.3513385531324833,1,27.957693369963117,5.2875035101608319,0.42215596887511636,0.069365877086040056,0
3,2013-07-02,2275,0.69849012065586125,0.83575721394186075,0.06686057711534886,0.19283700371656093,0,60.645210920767276,7.7875035101608319,0.62300028081286651,0.080991915121451805,0
3,2013-07-03,2276,611.80889741547253,24.734771020073595,2.0395605871015126,0.18293178131965343,0,2028.3767224277492,45.037503510160832,3.7136675745339791,0.09844740311049055,0
3,2013-07-05,2277,182.41205283422144,13.506000623212685,1.0933819569490131,0.1403727876674512,0,507.93906447051182,22.537503510160832,1.824529731646293,0.1226583943999008,0
3,2013-07-08,2278,18.025112624607704,4.245599206779616,0.33816003239981013,0.46971173124839793,1,99.463068104626075,9.9731172711758518,0.7943542231123738,0.11661286188507455,0
3,2013-07-09,2279,22.52071183138732,4.745599206779616,0.37783433174996939,0.071785158812181754,0,109.68618537580193,10.473117271175852,0.83384691649489273,0.10425538629651465,0
3,2013-07-10,2280,1123.0881443289607,33.512507282042634,2.607977220392423,0.31729275089762193,1,1558.1269871040013,39.473117271175852,3.0718379199358643,0.087491195253481785,0
3,2013-07-11,2281,2789.4847943900031,52.815573407755437,4.1270227316081609,0.059679824785471097,0,1023.6189611530342,31.994045714054892,2.5000231071736585,0.00051727464261291033,0
3,2013-07-12,2282,3229.5168632638492,56.828838306478247,4.4002197682135691,0.28731959255968192,1,1136.5324195774183,33.712496489839168,2.6103365458644343,0.12027286255634165,0
3,2013-07-16,2283,2706.709657755624,52.026047877535575,4.0104874062467193,0.10953288068478659,0,1013.167845233147,31.830297598878133,2.453674896810802,0.12263400057735679,0
3,2013-07-17,2284,42.785575590077343,6.5410683829231857,0.50972673936670065,0.21241471984596574,0,7.860462377329716,2.8036516148283681,0.21848054664549915,0.14701458671139675,0
3,2013-07-18,2285,360.89517427210626,18.997241227928498,1.4661193307295772,0.67845884976198401,1,124.03992136001452,11.137321103389922,0.85952700006868021,0.13861619805711375,0
3,2013-07-19,2286,1336.7209342161473,36.561194376225558,2.7551766673870053,0.010365607838265357,0,476.77723940910988,21.835229318903657,1.6454581250115792,0.082148777381091651,0
3,2013-07-22,2287,1940.7751841917802,44.05423003744113,3.3036542960210822,0.08748614121111109,0,720.17426137590053,26.83606270256314,2.0124531460489794,0.064913467861244245,0
3,2013-07-23,2288,873.76867699800027,29.559578430654255,2.2142006315096818,0.034532292353785,0,729.04589440951952,27.000849883096635,2.0225355717675382,0.51088738940693224,1
3,2013-07-24,2289,311.71547418033219,17.65546584433082,1.3314830953492323,0.42701775576376372,1,324.0305965137801,18.000849883096635,1.3575301570962772,0.52202090508437204,1
3,2013-07-25,2290,372.95571178749219,19.312061303431392,1.4509437493186621,0.12627288291173475,0,403.92676909336603,20.097929472793112,1.5099871880385509,0.12923294183996462,0
3,2013-07-26,2291,326.23805852891371,18.062061303431392,1.3583050425592322,0.32732152939681214,1,355.24444541138325,18.847929472793112,1.4174039836655847,0.29859042496256438,1
3,2013-07-29,2292,400.11341363851466,20.002835140012394,1.5106170101583953,0.18317420439570364,0,129.60088048196056,11.384238247768735,0.85973932317099533,0.077822243044304532,0
3,2013-07-30,2293,107.18119543627355,10.352835140012303,0.78758730620101192,0.51778293086215998,1,42.26104920255753,6.5008498830966346,0.49454924937973632,0.46013933812169228,1
3,2013-07-31,2294,84.649740971431925,9.2005293853903822,0.69966002930725335,0.29207527228586339,1,16.793025963986434,4.0979294727931119,0.31162961770289821,0.067853383246608681,0
3,2013-08-01,2295,11.906153039442529,3.4505293853903822,0.26355007717321999,0.0011136685620994834,0,2.7293370268656449,1.6520705272068881,0.12618449701790246,0.0086715165720190352,0
3,2013-08-02,2296,0.063165002228829342,0.251326485330992,0.019262424627782486,0.062517709683048373,0,37.847971771727636,6.1520705272068881,0.47151335713407844,0.13885592021904011,0
3,2013-08-05,2297,733.91177892625376,27.090806169736879,2.1156428090384134,0.65173802800737368,1,1624.9867934229776,40.311124933732344,3.148076917901784,0.2133170962528031,0
3,2013-08-06,2298,408.56384524493939,20.212962307512953,1.5760594391822966,0.025040402380736539,0,806.67761023243418,28.402070527206888,2.2145863958835781,0.053346756721748198,0
3,2013-08-07,2299,28.84952162950146,5.3711750697125353,0.41372424954458198,0.027598970671983088,0,80.411761919807404,8.9672605582645701,0.6907190878694065,0.41507250548118185,1
3,2013-08-08,2300,797.75944878296355,28.244635752350632,2.1062368197129482,0.046679955509905259,0,448.17751441056595,21.170203456995068,1.5786878043993342,0.044084697716016093,0
3,2013-08-12,2301,0.38935851652405523,0.62398599064727023,0.046969212694563056,0.00070893302123896634,0,3.8993242901599077,1.9746706789132986,0.14863911772023322,0.00067168245965394777,0
3,2013-08-13,2302,7.0967196127601744,2.6639668940811134,0.20082675417121099,0.47026937239271394,1,101.91391407308838,10.09524215029478,0.76104350925705089,0.40455797789425507,1
3,2013-08-14,2303,2688.9257689796018,51.854852897097317,3.7870989882853618,0.06249276712267942,0,1633.4187616339739,40.41557573057662,2.951657895240213,0.053159701341221,0
3,2013-08-16,2304,563.65529135443887,23.741425638626652,1.7392985815843702,0.31711757735846918,1,249.11785249508253,15.783467695506033,1.1562979996707718,0.06675136696988189,0
3,2013-08-19,2305,407.93807836763557,20.197477029758829,1.4715830258476379,0.18096913673061216,0,139.39641260569871,11.806625792566592,0.86022774444929639,0.13258899289954662,0
3,2013-08-20,2306,7.2206774886977092,2.687131833144349,0.19714833698784659,0.075214241469980139,0,5.3205225469334598,2.3066257925665923,0.16923153283687398,0.03251918524732475,0
3,2013-08-21,2307,275.46407218824049,16.59711035657233,1.2066237990964979,0.41277009071894699,1,219.23616736109827,14.806625792566592,1.0764540743414461,0.15484452898773626,0
3,2013-08-22,2308,308.86635170148759,17.574593927072328,1.2758325899871019,0.01209902019331217,0,282.46267053136461,16.806625792566592,1.2200817272280646,0.032170764491357293,0
3,2013-08-23,2309,776.60068007956852,27.867556047841163,1.963541028560237,0.24949522682514882,0,805.14063680517847,28.375000208020765,1.9992954171584123,0.044295992858025997,0
3,2013-08-27,2310,538.35474250173149,23.202472766964547,1.634552502075699,0.00047062892869376312,0,819.39063690918886,28.625000208020765,2.0165551396985393,0.00078604311485165601,0
3,2013-08-28,2311,77.403609940666115,8.7979321400353001,0.62496410158304383,0.001956879925791933,0,284.76563202070088,16.875000208020765,1.1987213786553552,0.0045767829710795637,0
3,2013-08-29,2312,789.62738197284943,28.100309286071024,2.0147201495659455,0.75768635440094179,1,621.81064609394275,24.936131337758525,1.787856701040224,0.2420883938993639,0
3,2013-08-30,2313,369.31133181971143,19.217474647302424,1.3731671773706626,0.086709124878722912,0,239.94152542928609,15.490046011206232,1.1068271533552148,0.099177384713891675,0
3,2013-09-03,2314,23.225008840277948,4.8192332211958728,0.34670742598531462,0.00082770796791732475,0,0.76562463596370445,0.87499979197923494,0.062949625322247127,0.0072686048520946098,0
3,2013-09-04,2315,96.417341052236679,9.8192332211958728,0.70896990766757206,0.41885063378486515,1,34.515622555756053,5.8749997919792349,0.42418771061221916,0.058258449928211109,0
3,2013-09-05,2316,19.205814993813572,4.3824439521588374,0.31596567787734947,0.59108812222490026,1,15.015623387839113,3.8749997919792349,0.27937994174327574,0.43740633240526156,1
3,2013-09-06,2317,1097.7588422429467,33.132443952158837,2.4393479810166636,0.0040792361218031066,0,1064.3906114266451,32.624999791979235,2.4019878367001093,0.011477467474608679,0
3,2013-09-10,2318,105.7407937985632,10.283034270027656,0.7540263442733387,0.49035646760682355,1,9.3429612357833491,3.0566257925665923,0.2241338802981919,0.2299079081132942,0
3,2013-09-11,2319,863.81421826780957,29.390716532058377,2.2131563653658417,0.0096384714604924593,0,1068.856717067272,32.693374207433408,2.4618504674272144,0.014560276513321743,0
3,2013-09-12,2320,1322.9497253981208,36.372375855834889,2.7586178123500105,0.24095096674006627,0,1780.2808270085068,42.193374207433408,3.2001042250613128,0.4976159103592826,1
3,2013-09-13,2321,221.95804548111977,14.898256457757725,1.1353215056397581,0.32219803202041913,1,5.9547075457437311,2.4402269455408714,0.18595747346472632,0.19409888853359014,0
3,2013-09-17,2322,9.6491712810270176,3.1063115234996985,0.23876337613372009,0.05025630771680957,0,77.612101271074124,8.8097730544591286,0.67715396267941041,0.080665489794772199,0
3,2013-09-18,2323,244.85173304878376,15.647738911701708,1.1906211840746972,0.030012500070484262,0,39.073124261009212,6.2508498830966346,0.47562106776462881,0.030014433220027576,0
3,2013-09-24,2324,517.88233973070817,22.757028358964362,1.7204330643707701,0.0048663298111882459,0,132.11284532207878,11.494035206231047,0.86894993054099767,0.026468128442511549,0
3,2013-09-25,2325,861.82939285094562,29.356930916751935,2.2023203988561093,0.13172777606197364,0,100.6042683419434,10.030167911951594,0.75245070607288778,0.021154764899060638,0
3,2013-09-26,2326,1041.1574629117454,32.266971703457784,2.4061873007798495,0.066763563160467262,0,325.0869549331689,18.030167911951594,1.3445315370582844,0.020487607725777797,0
3,2013-09-27,2327,315.66528351146962,17.766971703457784,1.3393872373507565,0.016648639639676572,0,12.462085486572676,3.5301679119515939,0.26612649166615859,0.035884345785266752,0
3,2013-09-30,2328,362.75999669977347,19.046259388650924,1.4325881450658837,0.097618850986832789,0,63.622313286274803,7.9763596512616459,0.59995183537131602,0.10645149597243975,0
3,2013-10-08,2329,0.71111229471140913,0.84327474449992224,0.064668308627294641,0.070926947467081419,0,246.89891616413439,15.713017411182818,1.2049859977900934,0.17247979725483409,0
3,2013-10-09,2330,3.4088502827781983,1.8463072016265869,0.14218769361775793,0.051036479405092684,0,449.99210768714539,21.213017411182818,1.6336555572724545,0.54919442910441096,1
3,2013-10-10,2331,936.55695740250337,30.603218088993572,2.4182708881069592,0.13440729850740718,0,1962.8411379180482,44.303963004657362,3.5009058083490605,0.20656868181167443,0
3,2013-10-11,2332,1015.8016064497589,31.871642669460243,2.5085905288831358,0.053374907173228021,0,2610.0387887612414,51.088538722116937,4.0211364598281731,0.017386528209027117,0
3,2013-10-15,2333,233.74774219361439,15.288811013077975,1.1589017254559768,0.010220191776408429,0,158.40897435285098,12.58606270256314,0.95403166212341406,0.068396827323133125,0
3,2013-10-17,2334,524.08597387708676,22.892924100627397,1.7389232131126013,0.0022627689895942365,0,21.035147948849566,4.5864090472666703,0.34837896295227272,0.016905995339789429,0
3,2013-10-18,2335,357.12453597484489,18.897738911701708,1.4343634847591431,0.11387374800603725,0,59.228985433682539,7.696036995342638,0.58413943038653793,0.035004962886140772,0
3,2013-10-21,2336,1183.788138331847,34.406222378108396,2.5811119563472165,0.24689872693520282,0,488.31848698453848,22.097929472793112,1.657759150247045,0.36122981144889638,1
3,2013-10-22,2337,977.00182183310233,31.257028358964362,2.3479457922226752,0.13382578498064765,0,399.76144382800658,19.994035206231047,1.5018993582145388,0.10881691219076139,0
3,2013-10-23,2338,1297.2222506876788,36.016971703457784,2.6783395949773405,0.26687642444099713,1,573.06973943837124,23.938875066267656,1.7801728995179518,0.15711631745314178,0
3,2013-10-24,2339,1216.6268312620455,34.880178199975489,2.5880302875144121,0.19385778323134098,0,614.05672174451547,24.780167911951594,1.8386323807791944,0.30789898560065965,1
3,2013-10-25,2340,886.99565764989711,29.782472322658123,2.1882786423701779,0.23009453209720815,0,819.4132713104774,28.62539556600882,2.1032619813379001,0.16090885399413449,0
3,2013-10-28,2341,97.316589219240356,9.8649170913515718,0.73114078868642374,0.1065416831455348,0,0.0011200866424845497,0.033467695506033124,0.0024804665929985641,0.1240071963294205,0
3,2013-10-29,2342,1.7373401308180103,1.3180819894141678,0.097293374380082509,0.021312305353510103,0,35.323696969584688,5.9433742074334077,0.43870634489266713,0.018433026906670227,0
3,2013-10-30,2343,461.1148271391362,21.473584403614041,1.621871933807707,0.16372269057738734,0,635.87350146358779,25.216532304493967,1.9045719263212963,0.037643184547794584,0
3,2013-10-31,2344,225.32117710306886,15.010702085614412,1.148704961592838,0.039785527005655137,0,656.62035239852048,25.62460443399118,1.9609416058152807,0.078880764360454478,0
3,2013-11-01,2345,27.267413490756624,5.2218208979968495,0.39945082409614452,0.042521966448883647,0,13.337619135693197,3.6520705272068881,0.27937047444688379,0.11534030433169276,0
3,2013-11-05,2346,393.77162364975186,19.843679690262888,1.5044488013846011,0.015707558992791738,0,65.576461746331333,8.0979294727931119,0.613944615071502,0.0056572434676753032,0
3,2013-11-06,2347,129.35226985379748,11.373313934548605,0.87001827764762707,0.00049356671326066719,0,1.2788148566325004,1.1308469642849559,0.086505791874924909,0.0056692524221793952,0
3,2013-11-07,2348,16.180454625231583,4.022493582994457,0.31291276413803631,0.54008625549175759,1,590.68261773175368,24.303963004657362,1.8906233375851702,0.19465502116550273,0
3,2013-11-08,2349,162.29284841114713,12.739421039087574,0.99332717653704294,0.12664098369110394,0,557.86439012452718,23.619153035715044,1.8416493595099448,0.40821672787142549,1
3,2013-11-11,2350,195.70390100886607,13.989421039087574,1.0918572518312253,0.043758231408732425,0,618.47477271381479,24.869153035715044,1.9410070662021499,0.083294776205521434,0
3,2013-11-12,2351,433.704657899143,20.825577012393751,1.6365875844710216,0.029024299295464413,0,928.97720270656896,30.479127328494314,2.395216293005447,0.099335890140493238,0
3,2013-11-13,2352,108.60706406130421,10.421471300219764,0.81037879472937513,0.34539077510112492,1,18.318162899285589,4.2799723012287814,0.33281277614531735,0.25317785838192591,1
3,2013-11-14,2353,11.946465196907068,3.4563658945353382,0.26929223954307274,0.26706315111247375,1,121.67942403516504,11.030839679515111,0.85943433420452753,0.13211778312646624,0
3,2013-11-18,2354,258.59940688557998,16.081026300755184,1.2605154850680136,0.0017611787962972289,0,955.67151922985784,30.91393729743686,2.4231971230599147,0.01900949686327701,0
3,2013-11-19,2355,288.64871837036139,16.989665045855418,1.3516042200362306,0.45632916984316041,1,1408.563927049466,37.530839679515111,2.9857469912104309,0.081906756999080038,0
3,2013-11-20,2356,5057.938710393475,71.119186654470923,5.7354182785863648,0.0031122991710869552,0,1966.3335914330132,44.343360173006886,3.5760774333070069,0.044436915524679439,0
3,2013-11-21,2357,2402.5459151695045,49.015772106226223,3.9330609513521542,0.15421181142642718,0,957.694639450095,30.946641812159442,2.4831808876356622,0.041769048820152067,0
3,2013-11-22,2358,3307.0363094867948,57.506837067315701,4.6264551140237895,0.19070863001352256,0,1270.0395694157901,35.637614530377732,2.8670647248896004,0.77022830190042035,1
3,2013-11-25,2359,3667.4709065893289,60.559647510444847,4.8544807623603079,0.32257608014513117,1,255.28685544010787,15.977698690365514,1.2807774501295002,0.02605445337182705,0
3,2013-11-26,2360,34.023371715631257,5.832955658637502,0.46851049466967887,0.039109480962465103,0,206.99747883714022,14.3874069532053,1.1556150163217107,0.15453810390674544,0
3,2013-11-27,2361,117.77308040960216,10.852330644133644,0.86610779282790451,0.66356436299040178,1,40.798967585855415,6.3874069532052999,0.50976911039148443,0.052209567796440676,0
3,2013-11-29,2362,455.0949971333938,21.332955658637502,1.7350919608489224,0.020111127430193391,0,893.25709438650449,29.8874069532053,2.4308586379182837,0.083425021427652582,0
3,2013-12-02,2363,1336.3503208028146,36.55612562625879,3.0031731876162491,0.00049728096794204868,0,892.62235195955975,29.876786171868616,2.4544494698598167,0.00045109904991754265,0
3,2013-12-03,2364,90.219500069298462,9.4983946048423604,0.77379996780793159,0.012385934370183951,0,0.0008681090871184348,0.029463690996180958,0.0024003006921532346,0.013981159684390124,0
3,2013-12-04,2365,169.11887564580451,13.00457133648797,1.0637686164816336,0.18552048200254978,0,25.295505019048928,5.029463690996181,0.41140807288312314,0.056656250705346078,0
3,2013-12-05,2366,0.80808487340057555,0.89893541113951869,0.072906359378711982,0.37886894592589182,1,29.926767508129128,5.470536309003819,0.44367691070590587,0.26851815649998528,1
3,2013-12-06,2367,225.29491894667623,15.009827412288132,1.213405611340997,0.090810109685789495,0,72.707729071119559,8.5268827288241482,0.68931954153792629,0.4220463582094609,1
3,2013-12-09,2368,217.93162125236179,14.762507282042634,1.1658446027279474,0.24662755910754358,0,429.44758943490689,20.723117271175852,1.6365739207246477,0.15537445086721427,0
3,2013-12-10,2369,1305.0187551864049,36.125043324353328,2.8653613582671689,0.026674080132747743,0,129.82647809202658,11.394142271010423,0.90375905381799904,0.061913925682005717,0
3,2013-12-11,2370,74.70695768214334,8.6433186729486806,0.70543306859405674,0.095198600489383473,0,1165.3625534887497,34.1374069532053,2.7861584944464641,0.29075113868458191,1
3,2013-12-12,2371,400.39319306955758,20.009827412288132,1.6241743029454654,0.0024780426091527549,0,248.25009546079204,15.755954285945108,1.2788923933397005,0.10426746704786381,0
3,2013-12-13,2372,353.98344426473932,18.814447753381955,1.5237455155603934,0.17319098391121859,0,153.18483594415821,12.376786171868616,1.0023718300764217,0.093214510803915435,0
3,2013-12-16,2373,1000.3026051003284,31.627560846520055,2.5676931882703515,0.024681850553417081,0,763.82626309708064,27.6374069532053,2.2437513256103347,0.023098195246290719,0
3,2013-12-17,2374,531.96875016848594,23.064447753381955,1.8743964041756975,0.052393142584884672,0,276.45001840504142,16.626786171868616,1.3512219562672585,0.011733346577010181,0
3,2013-12-18,2375,4332.6594967808815,65.822940505426232,5.5035903432630633,0.55383273262841659,1,3817.695590018137,61.787503510160832,5.1661792232575952,0.46981339527765392,1
3,2013-12-19,2376,655.21100869395275,25.597089848143924,2.1415678601249883,0.67476490295860803,1,1458.9348417907379,38.196005573760431,3.1956499120485615,0.073958909300663886,0
3,2013-12-20,2377,36.159263434287858,6.0132573065093311,0.50257060647800511,0.18182444056763949,0,35.577637748223765,5.9646993007379479,0.49851226917993713,0.049118747687750187,0
3,2013-12-24,2378,133.8988387849964,11.571466578830723,0.95277616952084998,0.0035116895019987175,0,181.51374667974699,13.472703762784477,1.1093210179320276,0.015006913415210137,0
3,2013-12-27,2379,54.494515806287509,7.3820400843051175,0.61287173800789685,0.11036927866152459,0,92.461289518286932,9.6156793581258171,0.79831293965345107,0.092248288531755498,0
3,2013-12-30,2380,839.77349519354584,28.978845649776076,2.3252835024895546,0.063171216540942696,0,941.10022845488277,30.677356933981173,2.4615732745421202,0.034513612513629367,0
3,2014-01-06,2381,17.107503660435025,4.136121814022772,0.33695493393260872,0.0013247703952008797,0,1.4046014606113524,1.185158833495052,0.096550617800004249,0.00059365152957325043,0
3,2014-01-07,2382,31.26366543457506,5.5913920837815567,0.45793546959717907,0.35167640567424596,1,572.81763547889159,23.933608910460862,1.9601645299312747,0.17479228864888016,0
3,2014-01-08,2383,62.159435246092102,7.8841255219645063,0.64307712250933979,0.093498171215323667,0,46.959932511428427,6.8527317553971443,0.55895038787904927,0.10959796976751357,0
3,2014-01-09,2384,843.14299095641206,29.036924612575831,2.333688938121425,0.36432813478145221,1,129.89772343943267,11.397268244602856,0.91599503673721971,0.24432300319762373,0
3,2014-01-10,2385,180.08562224128767,13.419598438153344,1.0857280289768079,0.088572687580769957,0,79.809368165065706,8.9336089104608618,0.7227838924321085,0.21792093437047882,0
3,2014-01-15,2386,14.073533497618719,3.7514708445646647,0.30217244015824929,0.020982037046555563,0,11.789670149996226,3.4336089104608618,0.27656938465250597,0.039630021687312583,0
3,2014-01-16,2387,67.834869399630307,8.2361926519254212,0.65889541215403369,0.018368541652327659,0,25.668318672161575,5.0663910895391382,0.40531128716313108,0.1859021059555088,0
3,2014-01-17,2388,9.799763441595827,3.1304573853665261,0.25286408605545446,0.063602588586453415,0,56.653963613471255,7.5268827288241482,0.60798729635090054,0.21585104900057264,0
3,2014-01-21,2389,7.2733134866807223,2.6969081346387611,0.21731733558732966,0.079968042441393175,0,20.492667240526366,4.5268827288241482,0.36477701279807806,0.17498232778308487,0
3,2014-01-22,2390,455.70328599263468,21.347207920302708,1.6901985685116951,0.009354335380370872,0,232.38092973219531,15.244045714054892,1.2069711570906485,0.10219467367498059,0
3,2014-01-23,2391,642.48094935505628,25.347207920302708,2.0005688966300483,0.039869542736281162,0,311.31575647965684,17.644142271010423,1.3925921287301044,0.0029670343002734653,0
3,2014-01-24,2392,77.457652088539504,8.8010029024276264,0.69821522431000604,0.01374054492929372,0,1.2378632877759137,1.1125930467947001,0.088266009265743753,0.19122617844701903,0
3,2014-01-27,2393,3.502332532478809,1.8714519850850593,0.14956659221459015,0.098073738329253493,0,149.51661526236651,12.227698690365514,0.97723865657266851,0.0044571008549426569,0
3,2014-01-28,2394,118.34280691280979,10.878548014914941,0.86064462143314402,0.15458187077259511,0,0.27279865804589892,0.52230130963448573,0.041321306141968807,0.028191134206343213,0
3,2014-01-29,2395,112.81524227146734,10.621451985085059,0.85484523018793235,0.2289180894109703,0,440.06384234376299,20.977698690365514,1.6883459710555746,0.054973260173862989,0
3,2014-01-30,2396,54.004869103928684,7.3488005214408076,0.58358550894904171,0.12116600207608719,0,17.873436216518286,4.2276986903655143,0.33573148226051336,0.14229505138887047,0
3,2014-02-07,2397,519.50357874009319,22.792621146767942,1.7848567851815145,0.0016313738363415474,0,182.85263270854253,13.522301309634486,1.0589116139102965,7.2573283462052426e-05,0
3,2014-02-10,2398,2206.2428363643371,46.970659313707074,3.6242792680329532,0.00097016924336631939,0,1057.7000824746531,32.522301309634486,2.5094368294471052,0.0060783275600363009,0
3,2014-02-13,2399,3112.4477614949069,55.789315836411788,4.2264633209402875,0.0172918735431884,0,1651.8894638870872,40.643443061422431,3.0790487167744263,0.0006934979629726715,0
3,2014-02-14,2400,222.15023905309286,14.904705265556004,1.1285031433318951,0.02117967097444581,0,335.34338538439658,18.312383388963781,1.3865139798571857,0.0074917808783932192,0
3,2014-02-18,2401,378.77177131583136,19.462059791189404,1.4785990344683309,0.046442040545491406,0,34.053943325681814,5.83557566360696,0.44334857843167791,0.026707217478452203,0
3,2014-02-20,2402,112.30358949151807,10.5973387929007,0.80085688969587754,0.18787116160902551,0,96.500950626516598,9.8234897376908066,0.74237594843686427,0.3697446812124483,1
3,2014-02-21,2403,724.70633941672713,26.920370343231298,2.0168848356045177,0.11525420390430889,0,551.4703040116658,23.483404864109161,1.7593860171649494,0.039263183324523838,0
3,2014-02-24,2404,648.62719938186751,25.468160502515047,1.9020284169167325,0.062752642805867703,0,688.23525644068718,26.234238247768644,1.9592410939334313,0.060220343021578804,0
3,2014-02-25,2405,927.15234041368569,30.449176350333119,2.2563302223292419,0.014939531293771418,0,719.59048811649461,26.825183841243188,1.9877868722670018,0.0063272527717479531,0
3,2014-03-03,2406,3.0115748695783942,1.7353889678047381,0.1300160305528929,0.016009191726819257,0,34.994036224187113,5.9155757305766201,0.4431972826803986,0.0027185935968333718,0
3,2014-03-04,2407,15.526218669652248,3.9403323044703029,0.29317948693975465,0.08185162244773854,0,12.763312418733401,3.5725778394225927,0.26581680352846676,0.0035601027800045812,0
3,2014-03-10,2408,220.92128507627075,14.863421042151458,1.1040609873464406,0.49484436282004424,1,41.45093483131474,6.4382400414488075,0.47823510057187057,0.0068968752954244464,0
3,2014-03-11,2409,891.70652706082024,29.861455541564283,2.1860509181233003,0.048522354367016532,0,908.4973300014791,30.141289454857088,2.2065365633131102,0.0021411865316542113,0
3,2014-03-12,2410,148.88883588277469,12.20200130645685,0.89147041508360547,0.00012334637344655675,0,381.55636021137775,19.533467695506033,1.4271026626853722,0.00095489721233488537,0
3,2014-03-13,2411,451.577059091911,21.250342564107314,1.5343207627514306,0.006305220423548516,0,590.81205741986355,24.306625792566592,1.7549910319542665,0.00075280290277004037,0
3,2014-03-14,2412,12.233559231482833,3.4976505302106489,0.25798639352466524,0.00039657481464391847,0,24.436948554717873,4.9433742074334077,0.36462284399287537,0.00078944945234763592,0
3,2014-03-18,2413,239.22702889213892,15.466965729972344,1.1559765119560794,0.089142783246951074,0,514.98923291860388,22.693374207433408,1.696066831646742,0.26057185436597663,1
3,2014-03-19,2414,557.87446616510238,23.619366337078191,1.779907033690896,0.2248893923965308,0,1135.2434654821388,33.693374207433408,2.5390636177417791,0.21745288999045359,0
3,2014-03-20,2415,2.4344792125255568,1.5602817734388736,0.11903732774662397,0.020172183753016559,0,0.25600037253365948,0.50596479376895331,0.038601166795266317,0.049151347960000702,0
3,2014-03-24,2416,3.2835661673934751,1.8120613034313919,0.13795670372526775,0.047529372328652453,0,5.035694006804416,2.2440352062310467,0.17084394413635681,0.055373197942995611,0
3,2014-03-25,2417,0.0091805188809577602,0.095815024296598494,0.0073477779368557134,0.00028514604582122671,0,15.443139200094734,3.9297759732705799,0.3013631881342469,0.00483539342373607,0
3,2014-03-26,2418,10.901463667672907,3.3017364624804486,0.25476361593213337,0.93616960353845158,1,190.70983181566541,13.809773054459129,1.0655689085230811,0.41480587200129082,1
3,2014-03-27,2419,0.0070939506994999006,0.084225594088138678,0.0065051627023084519,0.64172333325910735,1,175.53997882024046,13.249150116903365,1.0232979429931157,0.30021971753928534,1
3,2014-03-28,2420,15.40024553204878,3.9243146576247909,0.30251028387934403,0.51042684908468905,1,157.74789917951759,12.559773054459129,0.96818447134007535,0.15898816853822417,0
3,2014-04-04,2421,0.067205072392435297,0.25923941134101369,0.019914684950337137,0.36840117623144486,1,64.959941689385431,8.0597730544591286,0.61914907274508379,0.2321732497048426,0
3,2014-04-09,2422,186.819304343299,13.668185846823235,1.0350765503084616,0.12551103076745371,0,130.02253334101545,11.402742360547109,0.86351702843976597,0.066465981534675131,0
3,2014-04-10,2423,10.382406544372923,3.2221741952248522,0.24447452164073233,0.025431947713251586,0,0.7734200339679993,0.87944302485607295,0.066725570929899308,0.012143074961989382,0
3,2014-04-11,2424,349.57215850323672,18.696848892346452,1.440435199718525,0.034893946350859288,0,175.72060261364197,13.255964793768953,1.0212607699359748,0.12591026281939485,0
3,2014-04-15,2425,244.07214114425526,15.622808362911428,1.2003694477842048,0.40142876401948213,1,126.91738785803891,11.265761752231356,0.86559829060555948,0.34359220983114963,1
3,2014-04-16,2426,474.2572220770075,21.777447556520656,1.6764778719415439,0.32920197939043161,1,429.02909027596257,20.713017411182818,1.5945355974736581,0.53712278654913437,1
3,2014-04-17,2427,965.6195339743075,31.074419286195962,2.4149538982860665,0.13555900890853204,0,1160.1602317513232,34.061124933732344,2.6470662470357369,0.012083637059723417,0
3,2014-04-22,2428,375.69423347826296,19.38283347393417,1.5080983056941584,0.24357863382067335,0,602.89709923408236,24.553963004657362,1.9104425601756361,0.14177065330553584,0
3,2014-04-23,2429,74.950116620741184,8.6573735405572734,0.66531208765089511,0.1024639293375838,0,73.170283085046805,8.553963004657362,0.65736507240402398,0.19423116052389333,0
3,2014-04-25,2430,212.63408956144121,14.581978245815662,1.1225541374761865,0.0075457420960817357,0,116.72561660600493,10.803963004657362,0.8317138571714674,0.019181212323857763,0
3,2014-04-28,2431,410.18896083870203,20.25312224914228,1.5718371943455398,0.2855997342029799,1,453.85883970380956,21.303963004657362,1.6533925498375912,0.40863905380920185,1
3,2014-04-30,2432,316.96447278516149,17.803496083218079,1.3737265496310247,0.37429670872884446,1,190.54939463394911,13.803963004657362,1.0651206022112163,0.79631286857012196,1
3,2014-05-07,2433,473.19832758612887,21.75312224914228,1.690219288977644,0.051036333113612928,0,520.02072871778159,22.803963004657362,1.7718696973315744,0.028265405072597227,0
3,2014-05-08,2434,838.03779179629873,28.948882392871383,2.2419270004159833,0.13732705989606153,0,462.92800377878172,21.515761752231356,1.6662739014312762,0.25276026279078245,1
3,2014-05-09,2435,561.63702667114921,23.698882392871383,1.82791225552421,0.3910074570684437,1,264.57500538035248,16.265761752231356,1.2545901852858741,0.23954147931542588,0
3,2014-05-13,2436,159.53707657866372,12.630798730827109,0.9723478622653664,0.3550206574023072,1,189.4961966191957,13.765761752231356,1.0597199193403661,0.19493080060520071,0
3,2014-05-15,2437,405.24905754107039,20.130798730827109,1.5587145745897879,0.23445671175327498,0,452.23262290266604,21.265761752231356,1.6465940187558155,0.11908368561619619,0
3,2014-05-16,2438,331.199320349564,18.198882392871383,1.3977636246444995,0.27989606835771974,1,115.90162610580755,10.765761752231356,0.82686342183036532,0.11259880931652567,0
3,2014-05-19,2439,618.55944764791207,24.87085538633346,1.9197881425189856,0.032313716059680024,0,738.47063326223031,27.174816158756812,2.0976315058862842,0.022012370614092568,0
3,2014-05-20,2440,1101.6235289622507,33.19071449912235,2.5784202368710312,0.20034061692586352,0,1254.9175998817177,35.424816158756812,2.7519763960968584,0.032392066387994363,0
3,2014-05-21,2441,348.70980606144815,18.673773214362654,1.4381034435396729,0.11914287253615945,0,203.51195837142706,14.265761752231356,1.0986339431830079,0.031168184757223577,0
3,2014-05-22,2442,405.24905754107039,20.130798730827109,1.5587145745897879,0.085760478563156536,0,452.23262290266604,21.265761752231356,1.6465940187558155,0.03400669331321976,0
3,2014-05-23,2443,1310.4876283105566,36.200657843616,2.8381542801737356,0.07275924153491177,0,1388.7369989740694,37.265761752231356,2.9216590946476955,0.10476364010512453,0
3,2014-05-27,2444,1028.7129187273567,32.073554818999355,2.5384689211712983,0.23990181781320322,0,1863.1254830170608,43.16393729743686,3.4162198098485841,0.07258809217256447,0
3,2014-05-28,2445,866.58538747119655,29.437822396896081,2.345643218876182,0.2081399025905816,0,933.79949084828945,30.558132973862939,2.4349109939333018,0.2740015480173893,1
3,2014-05-29,2446,740.25160641032437,27.207565242232249,2.1757349254084164,0.12246375886398062,0,1163.6748615032266,34.112678896610078,2.7279231424718176,0.13661225437032851,0
3,2014-05-30,2447,896.43072438610329,29.940452975633207,2.4092096540441124,0.079730122743431026,0,1168.0011101372172,34.176031222732945,2.750032687405588,0.039777593442642249,0
3,2014-06-03,2448,270.31024093938925,16.441114346034738,1.3203063116671141,0.0038024995717643013,0,332.24899954675266,18.227698690365514,1.4637782525890797,0.11865675246411475,0
3,2014-06-04,2449,18.403851147324687,4.2899709960936434,0.34251265437873402,0.14199737832057546,0,90.949142267827412,9.5367259721472237,0.76141524727722343,0.097856766741507131,0
3,2014-06-05,2450,304.62430391198569,17.453489734491086,1.399077333426139,0.36333878670732922,1,255.28685544010787,15.977698690365514,1.2807774501295002,0.62656235364506641,1
3,2014-06-06,2451,92.236203699139736,9.6039681225595359,0.76617216773510455,0.036178066314052834,0,34.661560632650115,5.8874069532052999,0.46967745937018751,0.099537324278034356,0
3,2014-06-09,2452,16.249241937554174,4.0310348469784003,0.32005040468268359,0.64924244202412984,1,0.012677194186513517,0.11259304679470006,0.0089395035168479599,0.29559688211276941,1
3,2014-06-10,2453,36.081507065425392,6.006788415236997,0.47597372545459565,0.028816295040256956,0,73.168358955449506,8.5538505338502091,0.67780115165215604,0.028821852097641716,0
3,2014-06-11,2454,4.9238063503241714,2.2189651530215997,0.17530832731752713,0.24999921787274704,0,40.482590279120267,6.3625930467947001,0.50267375443766149,0.1413164091887199,0
3,2014-06-12,2455,89.661301069137366,9.4689651530215997,0.7438307268673684,0.31242501924471616,1,185.30268945764342,13.6125930467947,1.0693317397324982,0.36572900636984529,1
3,2014-06-13,2456,16.923045679632487,4.1137629586100957,0.32233206335828368,0.082491536770545063,0,45.427679015991899,6.7400058617179184,0.52811015566839714,0.056647607715267299,0
3,2014-06-16,2457,488.09168518060812,22.092797133468821,1.7430214700961595,0.24418709575270825,0,344.23798824442332,18.553651614828368,1.46379894397068,0.15913302687576728,0
3,2014-06-17,2458,393.73659807999843,19.842797133468821,1.5627325956659832,0.17118419144609845,0,265.80905597769566,16.303651614828368,1.2840048525165086,0.0589013224757284,0
3,2014-06-18,2459,133.88159845876197,11.570721604928622,0.89487406070600328,0.1535219051356182,0,70.347155291369944,8.3873211033899224,0.64867139237354388,0.17391771673106543,0
3,2014-06-19,2460,124.68717538141404,11.16634118148886,0.85076885192296081,0.0036594269924754988,0,132.32720172864305,11.503356107182071,0.8764461795948244,0.0087093452860484821,0
3,2014-06-20,2461,665.17668285031061,25.791019422471663,1.9635340253118891,0.021472993378866597,0,13.660689470941435,3.696036995342638,0.28138842750990772,0.17995660071450464,0
3,2014-06-23,2462,237.05460102612372,15.396577575101674,1.1677343629201118,0.015154322586962263,0,0.18093952026160495,0.42536986289769629,0.032261650580030062,0.17266218954578599,0
3,2014-06-24,2463,294.00512253897961,17.146577575101674,1.3021892975205371,0.062660613412373709,0,4.7322340404035419,2.1753698628976963,0.16520750809931242,0.058296966084400402,0
3,2014-06-25,2464,268.8477561763271,16.396577575101674,1.244522017085516,0.12180740053006017,0,2.0316792460569975,1.4253698628976963,0.10818746587458795,0.25214482387398202,1
3,2014-06-27,2465,463.35357777825772,21.525649299806446,1.6369315056887033,0.08662364496615485,0,15.408528560545479,3.9253698628976963,0.29850721390857005,0.10276078015650092,0
3,2014-06-30,2466,45.265042114194991,6.7279300021771178,0.50681205289469811,0.008702130467216667,0,73.52428198810307,8.5746301371023037,0.64592317416966505,0.010308320259481933,0
3,2014-07-01,2467,8.254686698606255,2.8730970569415604,0.21659231488439959,0.00034985844869371557,0,87.973951456521235,9.379443024856073,0.70708202222812455,0.00022357842681445722,0
3,2014-07-02,2468,140.97043372355435,11.87309705694156,0.90118383733901797,0.55356608921802397,1,0.1439770091119264,0.37944302485607295,0.028800229590593772,0.45641939159598205,1
3,2014-07-03,2469,268.07830723602837,16.37309705694156,1.2469990142377425,0.26779939948360587,1,16.978989785407268,4.120556975143927,0.31382764471774005,0.20865809039743452,0
3,2014-07-07,2470,3.4142604551144879,1.8477717540633876,0.13966528753313587,0.18426602057452232,0,137.92236292519431,11.744035206231047,0.88768217734172694,0.5550575812497891,1
3,2014-07-08,2471,11.392826351296335,3.375326110362721,0.25517490911833079,0.0091419500952701314,0,167.44947340210203,12.940226945540871,0.97828213536502517,0.0082505089802593443,0
3,2014-07-09,2472,85.329768159941878,9.2374113343480531,0.68923046702839419,0.26913591227911871,1,926.60741649603256,30.440226945540871,2.2712349894080113,0.19384721575861225,0
3,2014-07-10,2473,516.56598848054898,22.728088095582279,1.7402823962926708,0.00030135289613686373,0,14.514370726482838,3.8097730544591286,0.29171309758492564,0.00028163333379937485,0
3,2014-07-14,2474,345.04837271117447,18.575477724978555,1.4179753988533248,0.019731397159595314,0,0.81373123605531295,0.90207052720688807,0.068860345588312055,0.030027985178515609,0
3,2014-07-15,2475,760.40697176078845,27.575477724978555,2.1195601633342469,0.079177451585393951,0,98.051000725779303,9.9020705272068881,0.76111226189138259,0.045682581456965805,0
3,2014-07-16,2476,536.30946790101939,23.158356329865455,1.7779928084349677,0.32798640263984291,1,70.594789144158639,8.4020705272068881,0.64507259325964594,0.067703145243839705,0
3,2014-07-17,2477,249.13665686872392,15.784063382688373,1.2074250053691622,0.051767470332459035,0,13.337619135693197,3.6520705272068881,0.27937047444688379,0.047119002987564239,0
3,2014-07-18,2478,152.51011189599558,12.349498447143333,0.94252993300082666,0.0034648004224260833,0,1.3288149497997199,1.1527423605471085,0.087978810192490639,0.0082026107639215345,0
3,2014-07-22,2479,423.35028361108868,20.575477724978555,1.5730487557323054,0.00084841424883051882,0,10.601306738262902,3.2559647937689533,0.2489269720006845,0.00080679231139192849,0
3,2014-07-23,2480,890.99255754601222,29.849498447143333,2.3089923378180881,0.12342936480423668,0,342.47073294821598,18.505964793768953,1.4315192259732319,0.15108673490641622,0
3,2014-07-24,2481,680.18425695233805,26.080342347299393,2.0143149138674952,0.089886992707534738,0,679.18223281160567,26.061124933732344,2.0128306571718357,0.019760873398821866,0
3,2014-07-25,2482,118.57390300837949,10.889164477056056,0.83473855707597211,0.2073252041969956,0,40.98650703533108,6.4020705272068881,0.49076815080160124,0.010222985509954118,0
3,2014-07-28,2483,1283.9621594458199,35.832417717003409,2.787972590313434,0.017409598361985953,0,757.11714480555793,27.515761752231356,2.1408879013601521,0.04227103751520369,0
3,2014-07-31,2484,415.37695690648394,20.380798730827109,1.5783774428520512,0.12048121280779811,0,462.92800377878172,21.515761752231356,1.6662739014312762,0.018483401110363257,0
3,2014-08-01,2485,532.77771974030748,23.081978245815662,1.78860738053589,0.043975197527770217,0,372.64298768518012,19.303963004657362,1.4958514532861187,0.0085824183025492839,0
3,2014-08-04,2486,192.51431324173052,13.874952729351207,1.0630111265543924,0.29900801897478169,1,56.486674716303739,7.5157617522313558,0.5758101323295427,0.19371325210636572,0
3,2014-08-07,2487,160.08447717767396,12.652449453669988,0.96602019115632665,0.087440158662367332,0,0.0029120058716504767,0.053963004657362035,0.0041200996111748073,0.028081015184456354,0
3,2014-08-08,2488,7.8471753415819441,2.8012810179598091,0.21290374447727983,0.0038984334505706075,0,35.355355949983306,5.946036995342638,0.45191236901711102,0.012696364018544124,0
3,2014-08-12,2489,300.55826508262402,17.336616310071122,1.321388438267616,0.025394457711737539,0,1.2054491272277608,1.0979294727931119,0.083683648840938415,0.015124668270540679,0
3,2014-08-13,2490,147.82562864397937,12.158356329865455,0.92564570459577122,0.025325376695449844,0,6.7492375456070963,2.5979294727931119,0.19778678894504087,0.01238867976785662,0
3,2014-08-14,2491,850.20974385940485,29.158356329865455,2.2490055017250641,0.067410641292229928,0,207.41963547064128,14.402070527206888,1.1108423083075116,0.011514798403174637,0
3,2014-08-19,2492,189.1483715998524,13.75312224914228,1.0620171620959289,0.37248973061219826,1,219.15732064326383,14.803963004657362,1.1431631663828079,0.17807986220150485,0
3,2014-08-20,2493,992.44671144440326,31.50312224914228,2.4664805049240384,0.12874939094981191,0,1059.7605073086002,32.553963004657362,2.5487541988379223,0.1091424909991336,0
3,2014-08-22,2494,674.7236235324018,25.975442701374732,2.0198633515843492,0.18507191846595644,0,566.62865472709632,23.803963004657362,1.8510080096934185,0.026302778180358453,0
3,2014-08-26,2495,605.63312007759953,24.609614382952032,1.91850433700659,0.056129612067926299,0,571.8763970657418,23.91393729743686,1.8642710814606791,0.054970276057631613,0
3,2014-08-27,2496,4.3167187622793524,2.0776714760229424,0.16081048576028967,0.0073125299296614345,0,6.4051494834081506,2.5308396795151111,0.19588542411107671,0.026229490889116303,0
3,2014-08-28,2497,733.2002925634265,27.077671476022942,2.1371484985022051,0.012838449275218326,0,757.94713345916375,27.530839679515111,2.1729155232450759,0.0098177139746470042,0
3,2014-09-02,2498,358.64111713637885,18.937822396896081,1.4964695690949097,0.23417702351324776,0,614.04702724966558,24.779972301228781,1.9581171316656483,0.17527204207165195,0
3,2014-09-03,2499,167.38724837362585,12.937822396896081,1.0175243725439309,0.071632881641859353,0,352.68735963492026,18.779972301228781,1.4769934959676589,0.010056719912832315,0
3,2014-09-04,2500,524.54410193020476,22.90292780258028,1.809078025480275,0.55632317941398535,1,814.00881281819397,28.530839679515111,2.2536208277658067,0.28986744905120998,1
3,2014-09-05,2501,822.99115387585243,28.687822396896081,2.2845170134896344,0.27443344306724016,1,888.52479138749504,29.808132973862939,2.3737314731326253,0.095935380524920413,0
3,2014-09-09,2502,1118.0879666463652,33.437822396896081,2.6728874817662738,0.54775478809544609,1,1194.264554639193,34.558132973862939,2.7624406853607466,0.19985352922403296,0
3,2014-09-10,2503,1530.9573926532782,39.127450628085626,3.152261883430866,0.33749965954669015,1,1880.3219210905129,43.362678896610078,3.4934685918719093,0.046724418318036254,0
3,2014-09-11,2504,908.51742522113886,30.141622803378368,2.4475536178139157,0.68260741077855858,1,1022.5732135318043,31.977698690365514,2.596646259875397,0.53984752133210845,1
3,2014-09-12,2505,385.01522268206685,19.621804776372301,1.5923558349663056,0.17778830019720848,0,736.43885614387534,27.1374069532053,2.2022647152124408,0.12460199462609363,0
3,2014-09-16,2506,85.998249991197369,9.2735241408645379,0.75028512466541564,0.22194512238075817,0,178.37893567701062,13.355857728989577,1.0805710136722959,0.13346052469865183,0
3,2014-09-17,2507,454.78120505961664,21.325599758497219,1.7472838802537667,0.022956602945657628,0,832.66052527568752,28.855857728989577,2.3642652789012351,0.097202398979984728,0
3,2014-09-18,2508,14.493143370705317,3.8069861269389094,0.31211200056887967,0.38692515316640769,1,233.96483265038037,15.295909016805126,1.2540200054769524,0.093752086400641671,0
3,2014-09-19,2509,107.52270301705487,10.369315455566721,0.85449653527537883,0.65001949780656754,1,196.82585145698019,14.029463690996181,1.1561156729292279,0.18676451501328814,0
3,2014-09-22,2510,37.173174402881358,6.0969807612359546,0.50088155771090204,0.028136673603748361,0,105.66737377450883,10.279463690996181,0.84448253776924875,0.095511843634952048,0
3,2014-09-24,2511,1.6104264352802262,1.2690257819604085,0.10455413239632615,0.051950958276015792,0,12.882875480678267,3.589272277311693,0.29571759236347628,0.059165587771503804,0
3,2014-09-25,2512,92.10203973153304,9.5969807612359546,0.79068842523056271,0.058188629387813239,0,189.8736196114821,13.779463690996181,1.135280221709263,0.14157816593298833,0
3,2014-09-26,2513,44.917083187330888,6.7020208286255638,0.54957120365933276,0.49153970123953805,1,4.2893336353593918,2.0710706495335671,0.16982949155666807,0.25817886512754162,1
3,2014-09-29,2514,24.146216405480256,4.9138799746717723,0.40393587954556281,0.040691107442148496,0,108.91405905764539,10.436189872632895,0.85788654933274933,0.27079005774326165,1
3,2014-09-30,2515,19.482336430808484,4.4138799746717723,0.36268528961970192,0.17183905252532289,0,78.84067709032638,8.8792272800242245,0.72959961216304225,0.0079860348255836391,0
3,2014-10-08,2516,28.474176924708924,5.3361200253282277,0.43498023438583472,0.010440821916046275,0,0.034666668671053495,0.18618987263289455,0.015177491145946161,0.16050786220656346,0
3,2014-10-09,2517,19.778980716912773,4.4473565988025712,0.36018275754627022,0.060762971399937013,0,83.295673011164965,9.1266463178521917,0.73914932722026261,0.045744390774500744,0
3,2014-10-14,2518,2.0292064991822314,1.4245021934634678,0.11508803825194651,0.031604903284612185,0,37.535795104051822,6.1266463178521917,0.4949825342639621,0.14464372381704738,0
3,2014-10-16,2519,50.180968378694722,7.083852650831659,0.57393985422982863,0.22404541771452971,0,92.672319329017157,9.6266463178521917,0.77995919123777124,0.23340711581649387,0
3,2014-10-17,2520,0.063096138049942629,0.25118944653377184,0.020183965169447315,0.018958300982671917,0,1.0544881387573291,1.0268827288241482,0.082513678491293554,0.053339037616417902,0
3,2014-10-20,2521,142.56297631314234,11.939973882431332,0.95500690921266396,0.70544078933806675,1,22.307836757279624,4.7231172711758518,0.37777382692868239,0.30358806114264181,1
3,2014-10-21,2522,66.916596278555758,8.1802564922229521,0.65770906470134283,0.0669604086158756,0,3.1573122319935516,1.7768827288241482,0.14286494302103706,0.23099402502753999,0
3,2014-10-22,2523,91.394099368595064,9.5600261175686683,0.7780285751836149,0.30181801363114008,1,281.463794096718,16.776882728824148,1.3653617683681911,0.085493964959869023,0
3,2014-10-27,2524,81.154848611612081,9.0085985931004871,0.73285325142163815,0.33026509405105903,1,264.93691136789386,16.276882728824148,1.3241311961622249,0.049086779815798703,0
3,2014-10-28,2525,451.61305289246837,21.251189446533772,1.7369178133660623,0.67466224149829457,1,485.18356274937156,22.026882728824148,1.8003173460420228,0.72837293472304754,1
3,2014-10-29,2526,1827.6641990934206,42.751189446533772,3.5566713349861709,0.15887206632739928,0,1894.5895200888099,43.526882728824148,3.62120488592547,0.039989865571645612,0
3,2014-10-30,2527,2244.9523226335891,47.38092783635193,4.0696523801891287,0.17890223728742408,0,2628.2551688507783,51.266511182747536,4.4033937026195007,0.15531511231885717,0
3,2014-10-31,2528,1470.3596391916576,38.345268798010238,3.3577293168135061,0.36363845077887663,1,1020.4516069669464,31.944508244249846,2.7972424031742422,0.1814012544219695,0
3,2014-11-05,2529,54.109080546991471,7.3558874751447547,0.63714919663445246,0.21479173674975108,0,328.34904402409006,18.120404080044409,1.5695456110908972,0.26509384485223658,1
3,2014-11-07,2530,41.500494744111684,6.442087762838355,0.55439653724942817,0.0023763058576223165,0,28.693918810695699,5.3566704967447549,0.46098713397114932,0.13405144333629063,0
3,2014-11-10,2531,61.724618787347971,7.8565016888783248,0.67933434404481841,0.083775564925167648,0,194.31380625052694,13.939648713311499,1.2053306280424989,0.25434911199434984,1
3,2014-11-11,2532,95.849403568078358,9.7902708628555501,0.84072742489098762,0.34934053355682193,1,0.14450408203661452,0.38013692537901989,0.032643789212453402,0.16672486817062401,0
3,2014-11-12,2533,122.27560305068842,11.057829943107663,0.95182525871380785,0.42441157227054083,1,275.05364009145461,16.584741182528433,1.4275654127418491,0.3118371593483395,1
3,2014-11-13,2534,158.83196971349199,12.6028556174183,1.0780885900272283,0.30239677844434348,1,7.7539763212374577,2.7845962582100583,0.23820327272968847,0.17281246029311703,0
3,2014-11-14,2535,75.738931097354637,8.7028116776909883,0.73596716090410053,0.081683051276266738,0,0.33160102887424214,0.57584809531181236,0.048697513345607811,0.36230785659353515,1
3,2014-11-17,2536,400.65641269938237,20.016403590539994,1.6781725919547259,0.2052180420595105,0,117.1989869827664,10.825848095311812,0.90763765209069902,0.18776597174972523,0
3,2014-11-18,2537,10.348660843516845,3.2169334533864458,0.26897436901224464,0.13848719856993219,0,1.0283733444987611,1.0140874442072345,0.08478992008421693,0.16982052216764051,0
3,2014-11-19,2538,40.073852858250746,6.3303912089420464,0.53196564781025601,0.34020588178524408,1,121.60126230330764,11.027296237215523,0.92666354934584216,0.34984279397817358,1
3,2014-11-20,2539,55.050594612344469,7.4196087910579536,0.61637456208165764,0.27485793993154661,1,7.413115779880747,2.7227037627844766,0.226185151633186,0.42069117952310642,1
3,2014-11-21,2540,2.4251852745856413,1.5573006371878364,0.12988328917329744,0.42566895148443595,1,12.004141244534026,3.4646993007379479,0.28896574651692641,0.2895242683019793,1
3,2014-11-25,2541,1.3679847241200478,1.1696087910579536,0.09767088025536147,0.66892927510471378,1,12.441818745074791,3.5272962372155234,0.29455500937081613,0.2233216466257183,0
3,2014-11-26,2542,154.9664204163239,12.448550936407173,1.0525090624736566,0.26233815268122634,1,334.05955774293272,18.277296237215523,1.5453220238609617,0.09741465388801536,0
3,2014-11-28,2543,5.5167380155783157,2.3487737259213191,0.19671471741384583,0.0087655244409843708,0,0.9720235676698229,0.98591255579276549,0.082572240853665449,0.037445047366401807,0
3,2014-12-01,2544,143.20749627777965,11.966933453386446,0.99331259210512102,0.066003667027944496,0,95.337403618125364,9.7640874442072345,0.8104658596561306,0.11646614690830187,0
3,2014-12-03,2545,262.98893063156441,16.216933453386446,1.341350988700285,0.024263537660839583,0,196.39464689388686,14.014087444207235,1.1591470177177199,0.025833627971042165,0
3,2014-12-04,2546,12.848852938786491,3.5845296677230181,0.300211864968427,0.03458419053136403,0,71.033342626728384,8.4281280618372421,0.70587337201316935,0.12661185260629829,0
3,2014-12-05,2547,11.091505604598465,3.3303912089420464,0.27916104014602233,0.034983257448495085,0,64.437484880014495,8.0272962372155234,0.67286640714296098,0.0080750516734311353,0
3,2014-12-08,2548,1170.7985349534765,34.216933453386446,2.78866613312033,0.012564959047187905,0,1024.9017948853473,32.014087444207235,2.6091350810274845,0.028536237411591722,0
3,2014-12-09,2549,384.91214161101283,19.619177903546642,1.5963529620461059,0.0092922275248323912,0,231.75136869393734,15.223382301378933,1.2386804150837212,0.032673012139856072,0
3,2014-12-10,2550,15.974639174722418,3.9968286396494932,0.32861900428772811,0.055459477383495451,0,59.549142875758534,7.7168091123053273,0.63447556935706706,0.056963603942512007,0
3,2014-12-11,2551,10.541896215248178,3.2468286396494932,0.26678953489313828,0.037465164967843627,0,48.536429207300543,6.9668091123053273,0.57245760988540073,0.04344046574829695,0
3,2014-12-12,2552,120.93024012981532,10.996828639649493,0.90939248622282343,0.023017264269020173,0,216.5844704480331,14.716809112305327,1.217019566864199,0.030375545387673224,0
3,2014-12-15,2553,782.26890345928416,27.969070479000266,2.3259102269438889,0.12141031918392844,0,507.32029181508437,22.523771704913997,1.8730787280593761,0.12180267128088491,0
3,2014-12-16,2554,2.2440350932725019,1.4980103782258993,0.12527789071510761,0.25747481328824462,1,65.861845446681528,8.1155311253596665,0.67869798246787927,0.03161682552597217,0
3,2014-12-17,2555,7.126811097293908,2.6696087910579536,0.22265294337430805,0.084817710092678897,0,4.1099300334282196,2.0272962372155234,0.16908225498044399,0.057374765478407926,0
3,2014-12-18,2556,0.75219717890678461,0.86729301790501268,0.072546467411544344,0.057773682296969865,0,48.507036349699661,6.9646993007379479,0.5825762694050981,0.029772742754043419,0
3,2014-12-19,2557,6.085760663437175,2.4669334533864458,0.20639476706851673,0.097307748480408421,0,0.069742178187909204,0.26408744420723451,0.022094745384416189,0.042531858725811368,0
3,2014-12-22,2558,373.66402429074395,19.330391208942046,1.6423441978710323,0.16909843689643395,0,577.31096447091124,24.027296237215523,2.0414015494660598,0.10390568322840479,0
3,2014-12-24,2559,117.90617792110531,10.858461121222717,0.91593936071047799,0.3012956303248937,1,0.031224255161536495,0.17670386289364615,0.014905429177026246,0.12632124222788835,0
3,2014-12-29,2560,556.22644865631582,23.584453537368972,1.9555931623025682,0.057885913904565281,0,427.52608263380102,20.676703862893646,1.7144862241205345,0.075162726371309954,0
3,2014-12-30,2561,52.084128470608412,7.2169334533864458,0.60141112111553718,0.017575188599403241,0,25.141072898156636,5.0140874442072345,0.41784062035060288,0.019883161110408939,0
3,2015-01-05,2562,674.49192462480289,25.970982357716139,2.1459188066693771,0.10956931186702447,0,232.99236550440494,15.264087444207235,1.2612342445120623,0.42153656363684722,1
3,2015-01-06,2563,218.72395069837987,14.789318804406776,1.221752895861774,0.05544001151861018,0,165.6844708116023,12.871847995202643,1.0633496898143449,0.015843177472352112,0
3,2015-01-07,2564,391.61713874244759,19.789318804406776,1.6280805268948397,0.46699452713397438,1,319.40295076362872,17.871847995202643,1.4703289177460011,0.24980860651140607,0
3,2015-01-08,2565,2.445343117889065,1.5637592902646702,0.12841381977127245,0.46185039701968472,1,4.9884722967918123,2.2334888172524643,0.18341111207164559,0.39700655630876558,1
3,2015-01-09,2566,234.51122360016748,15.31375929026467,1.2435046114709436,0.051110459748091468,0,255.47191477123457,15.983488817252464,1.297887845493501,0.075058458670585262,0
3,2015-01-13,2567,73.257177326611256,8.5590406779388104,0.69303973100719118,0.014674126592464223,0,67.687796152573384,8.2272593342238451,0.66617484487642475,0.038949409729350702,0
3,2015-01-14,2568,1060.0911298676742,32.55904067793881,2.5861033104002233,0.48748217484680229,1,1038.5962441953179,32.227259334223845,2.5597505428295348,0.55171515902567581,1
3,2015-01-15,2569,2352.202588026068,48.499511214300583,3.7964392339961317,0.020174265327256,0,2167.8043988137179,46.559686412321525,3.6445938483226241,0.043538154725089838,0
3,2015-01-16,2570,1495.1336641234059,38.666958299346561,3.0003459398135064,0.0074690721439488392,0,1840.9646428379392,42.906463881773561,3.3293085456274345,0.02675156223625913,0
3,2015-01-20,2571,764.99578778301895,27.658557225260665,2.1382726884623628,0.013038448249235442,0,1275.382405536775,35.712496489839168,2.7609197131688572,0.028386589079302162,0
3,2015-01-21,2572,894.52179529669195,29.908557225260665,2.3082043006182262,0.064941897807158838,0,1441.1511397410511,37.962496489839168,2.9297701323433665,0.059565887927447964,0
3,2015-01-22,2573,268.13475490272651,16.374820759407612,1.264709075837622,0.023367552402503492,0,637.05789589955486,25.240005861717918,1.9494115359504089,0.05628176403006277,0
3,2015-01-23,2574,14.713262012782261,3.8357870134800578,0.29769398630035371,0.63685012407509667,1,15.111265360860644,3.8873211033899224,0.3016935276204829,0.37202620578891782,1
3,2015-01-27,2575,11.127474999302203,3.3357870134800578,0.25898967495963182,0.13950607438448268,0,11.473944257470722,3.3873211033899224,0.26299076889673312,0.21968275162567491,0
3,2015-01-28,2576,253.26217498031997,15.914212986519942,1.2543222058340842,0.48054989288342248,1,324.81389531889198,18.022594023028205,1.4205000215194643,0.12841819308725158,0
3,2015-01-29,2577,292.81530232261082,17.111846841373108,1.3578136751734267,0.32026755357921038,1,520.26318151443934,22.809278408455611,1.8099010837893761,0.26204024946808874,1
3,2015-01-30,2578,54.320269572516608,7.3702285970325647,0.57919281705560433,0.32666579013672398,1,214.6099054513185,14.649570145615826,1.1512432334472162,0.017833603373127664,0
3,2015-02-02,2579,243.99154142355391,15.620228597032565,1.2355332091779763,0.035670616347784359,0,470.23043588330046,21.684797344759772,1.7152301637144374,0.012820046221393653,0
3,2015-03-03,2592,461.36332404299736,21.479369731046518,1.79069359992051,0.53909667155682206,1,598.62474813798701,24.466809112305327,2.0397506554652214,0.044587065652368571,0
3,2015-03-04,2593,14.529569925729559,3.8117672969017349,0.31711874350264019,0.020202780847751452,0,8.8269370858533396,2.9710161705809242,0.24717272633784726,0.16218838253405826,0
3,2015-03-05,2594,680.10594389018297,26.078840923058351,2.2318220730045657,0.78039481029468427,1,848.4492392145803,29.128152004797357,2.4927815151730726,0.42093448551091178,1
3,2015-03-09,2595,60.221577362415701,7.7602562691199637,0.66783616773837895,0.00033699484629296493,0,17.76962870629664,4.2154037417899417,0.36277140635025318,0.00566799036248016,0
3,2015-03-10,2596,97.107743228994465,9.8543261174468171,0.85689792325624492,0.012540098386493233,0,21.497621482995875,4.6365527585692234,0.40317850074514988,0.03393319195004911,0
3,2015-03-11,2597,37.953261236898392,6.1606218222593725,0.53466017116592512,0.0067079314759095733,0,75.435622846669006,8.6853683195745361,0.75377464261874905,0.032981623385987126,0
3,2015-03-12,2598,0.17559526383930238,0.41904088564160702,0.036375076878611724,0.80501568476397423,1,71.927456702310693,8.4810056421576974,0.73619840643730006,0.48634241205725015,1
3,2015-03-13,2599,0.0016846736205798527,0.041044775801310607,0.0035667847752605349,0.01046871930474068,0,52.287442596916456,7.2310056421576974,0.62837329065024528,0.10468587699956486,0
3,2015-03-16,2600,5.658034979536378,2.3786624349697831,0.20670540386441738,0.029479128671761695,0,52.287442596916456,7.2310056421576974,0.62837329065024528,0.12340439571814396,0
3,2015-03-17,2601,11.882853897777842,3.4471515629252281,0.30047082701462002,0.013114117843180027,0,20.700842779741222,4.5498178842390189,0.39658469245927386,0.10401066110128609,0
3,2015-03-18,2602,247.72458491942444,15.739268881349744,1.3498515335634429,0.0040448227653579524,0,542.88151343870447,23.299817884239019,1.9982691152863652,0.044529870798814521,0
3,2015-03-19,2603,840.82632104442121,28.997005380632345,2.450934441774351,0.77102148699189754,1,1300.2897475957227,36.059530606979934,3.047885268107509,0.18371615504357844,0
3,2015-03-20,2604,271.91164831009746,16.489743730880036,1.3900732333723951,0.53574089299039651,1,401.38504722948448,20.034596258210058,1.6889016866773496,0.16700145319345944,0
3,2015-03-23,2605,1.4364623188393664,1.198525059746089,0.10058959796442207,0.58339911503289865,1,0.0075287419412390314,0.086768323374599277,0.0072822764057573885,0.18857739526312178,0
3,2015-03-24,2606,49.724138665599519,7.0515344901375556,0.58979043912157547,0.48739790379290338,1,16.106028490268795,4.0132316766253098,0.33566675113962113,0.21845232813578019,0
3,2015-03-25,2607,66.73844485002536,8.1693601248828145,0.67899764159770715,0.25119587074870242,1,30.490805282124448,5.5218479952027337,0.45894925779850665,0.26608059841277371,1
3,2015-03-26,2608,0.0084566902529976725,0.091960264533099689,0.0076905928942588081,0.40059510865888937,1,3.527454953124332,1.8781520047973572,0.1570689529414474,0.30164560795036266,1
3,2015-03-27,2609,89.42332644042699,9.4563907724050296,0.79767109003838299,0.090574579553962975,0,147.09207105147016,12.128152004797357,1.0230410801178706,0.27228529448719391,1
3,2015-03-30,2610,9.1978591809978578,3.0327972535264962,0.25550103231057258,0.074953304459061385,0,21.038443652312633,4.5867683233745993,0.38641687644267897,0.10965162000038127,0
3,2015-03-31,2611,439.62359101172603,20.967202746473504,1.7313957676691578,0.41121328401391721,1,376.87356413033189,19.413231676625401,1.6030744571945004,0.1034166648532851,0
3,2015-04-07,2612,151.1328278408082,12.29360922759497,1.0183151151455765,0.048738048497665762,0,92.579958842785118,9.6218479952026428,0.79700542515656592,0.073606478558137178,0
3,2015-04-08,2613,35.695835450930154,5.9745991874710853,0.50005014960420868,0.52925188167804671,1,58.747615370733484,7.6646993007379933,0.64150479584348796,0.26777756539763625,1
3,2015-04-09,2614,242.94519163503838,15.586699189855381,1.2909843201934303,0.3424888871008564,1,94.514328441823878,9.7218479952025518,0.80522201475980892,0.080628244030162263,0
3,2015-04-10,2615,18.354860338230893,4.284257267979001,0.35734900892309623,0.11251565645482249,0,0.027408480646337451,0.16555506831969069,0.013808913864349877,0.017381170213771998,0
3,2015-04-13,2616,2.8185068449351109,1.6788409230582602,0.14073609883965629,0.22117633007404797,0,22.355421380468407,4.7281520047972663,0.39635778395483823,0.15563390164494206,0
3,2015-04-15,2617,158.4249964959061,12.586699189855381,1.0451031004156084,0.6306184070237052,1,45.183240470608567,6.7218479952025518,0.55813077553888424,0.42843788280956918,1
3,2015-04-16,2618,23.228054866507946,4.8195492389338597,0.40051101000821537,0.21949671162803322,0,5.3949527696527433,2.3227037627843856,0.19301979995715177,0.20724662324558166,0
3,2015-04-17,2619,2.3827294475163412,1.5436092275949704,0.12901038258211203,0.51541009531072834,1,1.2727269459282964,1.1281520047973572,0.09428767277871769,0.21547470583892309,0
3,2015-04-20,2620,9.9802245556354183,3.1591493405085203,0.26429761068422325,0.14030471120004628,0,5.4202917574421656,2.3281520047974027,0.19477553792331656,0.076039393139374509,0
3,2015-04-21,2621,3.1738001872448987,1.7815162607298589,0.14980166161276928,0.22698266194132666,0,5.4604861971269356,2.3367683233745993,0.19649092481602684,0.023461198030566666,0
3,2015-04-22,2622,66.147283863129729,8.1330980482919131,0.68590327204654544,0.054248210163686562,0,34.067864460749128,5.8367683233745993,0.49224274285259112,0.095789827804000763,0
3,2015-04-23,2623,1.5515674026291282,1.2456192847853345,0.10529326160484655,0.060516210961206969,0,1.1574491241860545,1.0758480953118124,0.090942358014523453,0.10043691238982899,0
3,2015-04-24,2624,476.61888150513442,21.831602815760789,1.8193002346467324,0.42508211419770525,1,686.37370347120577,26.198734768518989,2.1832278973765824,0.18360945739504586,0
3,2015-04-27,2625,322.86640788841549,17.968483739270141,1.4862269428676709,0.020974389800704086,0,303.22063742383028,17.413231676625401,1.4403003868176512,0.036109191427355497,0
3,2015-04-28,2626,251.69715796161233,15.864966371272658,1.3442038865725616,0.036883484931131451,0,217.14711885197087,14.735912555792765,1.2485416272647969,0.064924645001350048,0
3,2015-04-30,2627,1.4785979920575267,1.2159761478160362,0.10244112450008729,0.34298855424832686,1,21.038443652312633,4.5867683233745993,0.38641687644267897,0.042276405860058451,0
3,2015-05-07,2628,0.046882516209201947,0.21652370819197131,0.018256636441144291,0.28200591483011866,1,42.674459273136456,6.5325691173638916,0.55080683957537024,0.18722655482370057,0
3,2015-06-02,2645,98.447496829162517,9.9220711965376722,0.83378749550736753,0.73855782924106383,1,21.871559021204352,4.6767038628936461,0.3930003246129114,0.20443572469638374,0
3,2015-06-03,2646,168.0274970826537,12.962542076408226,1.1022569792864139,0.42151829276208813,1,242.94734676655381,15.586768323374599,1.3254054696747108,0.11379420454869228,0
3,2015-06-04,2647,368.98116533700977,19.208882459347024,1.6493974291041582,0.68089443240530056,1,300.12623921671451,17.324151904688279,1.4875624166828336,0.23291563485637923,0
3,2015-06-05,2648,17.084720884022168,4.1333667734695609,0.35243577536404852,0.50996626760832076,1,30.633359957576737,5.534741182528478,0.47192540778721681,0.18251165136061603,0
3,2015-06-08,2649,0.21774656810233536,0.46663322653057548,0.039632514568589725,0.0017481381600506244,0,0.87374107831448244,0.9347411825283416,0.079390282191977371,0.0056436645689527491,0
3,2015-06-09,2650,133.787004197079,11.566633226530485,0.97321272415065074,0.0045786769886277598,0,103.33248682618346,10.165258817471567,0.85530154122604696,0.11331639415525085,0
3,2015-06-10,2651,8.3815405607022981,2.8950890419298503,0.24565880712175223,0.0074419376691200684,0,46.557370174650494,6.8232961371063539,0.5789814286895506,0.041019816333985486,0
3,2015-06-11,2652,1.7478304307236481,1.3220553811106583,0.11177336668165865,0.50865121442341732,1,0.76710988606124986,0.87584809531176688,0.074048706062881886,0.32617963075267181,1
3,2015-06-12,2653,3.5667214334275013,1.8885765627655928,0.15985919779630883,0.43182539332434716,1,0.27473521918815957,0.52415190468809669,0.044367014109369954,0.33227247020386663,1
3,2015-06-15,2654,65.964705973134059,8.121865916963543,0.68960865353118606,0.37411012061936572,1,17.423544123412025,4.1741519046881876,0.35441748288585756,0.0071301733618366319,0
3,2015-06-16,2655,5.5141227943126641,2.348216939363283,0.19933929875749434,0.39173192517401462,1,15.398968171067931,3.9241519046881876,0.3331198560855847,0.056287266029232952,0
3,2015-06-17,2656,312.00162358535169,17.663567691306071,1.4696981895665908,0.032844488336213576,0,397.03942231743775,19.925848095311721,1.6579313637568518,0.15590516183243094,0
3,2015-06-18,2657,175.51406104366473,13.248171988756212,1.1008951295293512,0.0015763308795736647,0,70.796867518767357,8.4140874442073255,0.69919290711378801,0.037457927845096127,0
3,2015-06-19,2658,283.78971950768693,16.846059465278131,1.4300559817723371,0.0015249594745934273,0,530.2563719964802,23.027296237215523,1.9547789675055622,0.12607413398524087,0
3,2015-06-23,2659,457.18115020024749,21.381794831123216,1.8216651613310515,0.45312336488658173,1,318.15030422173953,17.836768323374599,1.5196394737699339,0.062594758670417194,0
3,2015-06-24,2660,164.97645524483258,12.844316067616546,1.0953239302107658,0.42170075352529707,1,86.009893551229851,9.2741519046880967,0.79087126633591398,0.050343337517020699,0
3,2015-06-25,2661,5.7148819909194186,2.3905819356214124,0.20423596203514843,0.047854388602153505,0,0.4832829295335474,0.6951855360503032,0.05939218590775764,0.11771820520467631,0
3,2015-06-26,2662,37.782146854406776,6.1467183809254493,0.52268013443243611,0.45165723110866823,1,95.738323936178276,9.7845962582100583,0.83202349134439268,0.097525543219470226,0
3,2015-06-29,2663,12.547561501283642,3.5422537319175262,0.30249818376750864,0.00015852626984669973,0,0.62117331447723811,0.78814549067874395,0.067305336522522963,0.10721546509256188,0
3,2015-06-30,2664,0.29403910977848441,0.54225373191752624,0.04642583321211697,0.90401029607805305,1,4.8923003704047741,2.211854509321256,0.18937110525010753,0.074203666416930686,0
3,2015-07-01,2665,21.190201664509615,4.6032816190745507,0.3950466954794723,0.78516650660422638,1,0.9320043846620204,0.96540374178994171,0.082849495111773586,0.084518006157012354,0
3,2015-07-02,2666,0.93945659388785208,0.96925569066570461,0.083126560091398335,0.90296741072054076,1,0.046398771977107879,0.21540374178994171,0.018473734287302031,0.059785453242144446,0
3,2015-07-06,2667,0.67679881225292848,0.82267783016982321,0.071150515041714449,0.052033102869713195,0,99.309271736880973,9.9654037417899417,0.86187275604669766,0.23293574004675899,0
3,2015-07-07,2668,0.98604541891271391,0.99299819683255919,0.085714130067549341,0.80212117701555974,1,59.527454898826235,7.7154037417899417,0.66598219609753484,0.14137675180127243,0
3,2015-07-08,2669,51.472852889671231,7.1744583690806394,0.61623005102689621,0.047501638684133089,0,20.361771958534856,4.5124020165023921,0.38758016031800663,0.073043197196563603,0
3,2015-07-09,2670,0.068017889054462627,0.26080239464863553,0.022496540554527347,0.019662523442196649,0,47.822808911962959,6.9154037417899872,0.59651546120848686,0.26132054538883492,1
3,2015-07-10,2671,30.173029190405746,5.4929981968325592,0.47599637754181617,0.53307927914047504,1,149.2160885749357,12.215403741789942,1.0585271873301509,0.1115209374037226,0
3,2015-07-13,2672,4.3806414519439638,2.0929981968324682,0.18083620155801522,0.21620143666359654,0,19.652718296033004,4.4331386506664785,0.38302563078162072,0.071447559254974979,0
3,2015-07-14,2673,5.0480028772939498,2.2467761075135968,0.19581454658476527,0.054483794213964473,0,76.017500436588776,8.718801548182455,0.75987463379662312,0.15442133796561477,0
3,2015-07-15,2674,31.176331041962879,5.5835769039176739,0.48790430827662301,0.15614976876206424,0,6.972078615474798,2.6404693930198846,0.2307295869468616,0.044603819289319918,0
3,2015-07-16,2675,122.94988546498253,11.088276938505032,0.97883800657706854,0.33321012953049467,1,114.89684004345609,10.718994357842348,0.94623890870783445,0.01961538217221746,0
3,2015-07-17,2676,721.13744536439617,26.854002408661472,2.4289075984679336,0.26645687584467026,1,1134.15984492541,33.677289750296268,3.0460645577330201,0.022648422108105758,0
3,2015-07-21,2677,1579.4929435458155,39.742835122142651,3.6508207902023382,0.0052379684832996086,0,1539.3908410295801,39.235071569064075,3.6041770686261327,0.034247564609802536,0
3,2015-07-22,2678,358.9190029340395,18.945157770101559,1.7263675751869472,0.23684837123919597,0,0.93891536147179511,0.96897645042167824,0.088297471334215255,0.19350051154980147,0
3,2015-07-23,2679,321.05392694169109,17.917977758153711,1.6578439820645552,0.0095078097181917013,0,203.89335393574814,14.279123010036301,1.3211623806473263,0.12982477068521769,0
3,2015-07-24,2680,6.1759225765540577,2.4851403534919427,0.22592185031744932,0.20107619816086539,0,361.97652185782744,19.025680588557861,1.7296073262325331,0.17378773886336543,0
3,2015-07-27,2681,74.812832868070657,8.6494411881965334,0.78903860501701639,0.014532250630360425,0,231.82134938478904,15.225680588557907,1.3889509750554558,0.036418471240585365,0
3,2015-07-28,2682,5.6089021345044472,2.3683120855378093,0.21722651552743033,0.71851367311360326,1,58.146154449156818,7.6253625782094332,0.69941413237417416,0.32450556928383573,1
3,2015-07-29,2683,168.56724840452816,12.983345039107917,1.1938708081938314,0.33270994510255381,1,1.6633014226839749,1.2896904367653406,0.11859222407037615,0.16315346205418102,0
3,2015-07-30,2684,39.146290287631679,6.2566996322047999,0.56961941298295693,0.29611222424015443,1,181.13857462585676,13.458773147128113,1.2253070964246278,0.033127863006527584,0
3,2015-07-31,2685,78.103072402860434,8.837594265571397,0.80937762300315008,0.49240854612536306,1,86.032350957249633,9.2753625782095241,0.84946996778180439,0.30376867276357195,1
3,2015-08-03,2686,12.517293925540887,3.5379787909964762,0.32439176555232896,0.19852220873268253,0,72.526822422191799,8.5162681041751966,0.78084335984735664,0.010740248463543515,0
3,2015-08-04,2687,215.08087830961685,14.665635966763148,1.3515469511347478,0.25994326404962531,1,1.4551111195721571,1.2062798678466606,0.11116762214050879,0.12037369391801038,0
3,2015-08-05,2688,0.42719856655697158,0.65360428896769918,0.059977452532021025,0.3252052771979364,1,27.770554810663008,5.269777491570494,0.48357673701036874,0.0068838334362394983,0
3,2015-08-06,2689,0.010623341616195778,0.10306959598347021,0.0094256603551413076,0.085972541704124592,0,124.09406112653507,11.139751394287714,1.0187244073422692,0.16742313632762348,0
3,2015-08-07,2690,9.7017266535386177,3.1147594856647629,0.28393431956834664,0.045318498574760897,0,156.74482843843518,12.519777491570494,1.1412741560228346,0.082355697205773862,0
3,2015-08-10,2691,53.681995426719219,7.326799808014357,0.66111435217815084,0.091897507368174661,0,593.22836900087702,24.356279867846752,2.1977243282514549,0.079445711378664241,0
3,2015-08-11,2692,91.534897692702216,9.5673871925778258,0.85499438718300502,0.0099567049530183728,0,1232.4508861595821,35.106279867846752,3.1372904260810324,0.14731512897374277,0
3,2015-08-12,2693,181.42622535995326,13.469455273319454,1.2061298655311801,0.042059775847958676,0,216.28761737946212,14.706720143507937,1.3169214366248432,0.0040187611770284536,0
3,2015-08-13,2694,0.41646191827454798,0.64533860745700622,0.057709689913436724,0.59627048860532661,1,1.2997094728298531,1.1400480133879682,0.10194929697187285,0.18709278562415743,0
3,2015-08-14,2695,9.0079252706710697,3.0013205877864948,0.26826247656296881,0.13209165004327708,0,2.8562622875564645,1.6900480133879228,0.1510589929735362,0.17373555779933875,0
3,2015-08-17,2696,1.6760924039843184,1.2946398742446945,0.11496158364735555,0.19305361436517729,0,81.722468084361395,9.0400480133880592,0.8027392455168546,0.17768498989821371,0
3,2015-08-19,2697,326.84579316651667,18.078876988533239,1.5752267132990536,0.098248567035678108,0,360.54794544204248,18.988100100906422,1.6544480352798139,0.084412326264475632,0
3,2015-08-20,2698,268.5630596263714,16.387893690965029,1.4170249624699549,0.0022464011721748034,0,269.08786984448892,16.403898007622729,1.4184088203737768,0.0068589140527395643,0
3,2015-08-21,2699,224.43932065604201,14.981299030993341,1.2842948162017438,0.0050887787254289716,0,287.01775570189824,16.941598380964479,1.4523444818657933,0.052996524197659906,0
3,2015-08-24,2700,157.10093636385349,12.533991238382669,1.1018893396380367,0.013674177254018675,0,293.66144044722648,17.136552758569223,1.5065101326214703,0.081223004777930027,0
3,2015-08-25,2701,283.74252532986861,16.844658658751996,1.5029809198083424,0.24450007488986664,0,793.67373497297206,28.1722156560852,2.5136931212210749,0.52244942880960854,1
3,2015-08-26,2702,154.68333223749909,12.437175412347415,1.1114544604421284,0.38324080063091692,1,561.6986323202367,23.700182115760981,2.1179787413548685,0.0027115225489843455,0
3,2015-08-27,2703,117.99983640384349,10.862772961074143,0.95707250758362494,0.40445427135285023,1,39.540202879018786,6.2881001009063766,0.55401763003580418,0.13209450607919931,0
3,2015-08-28,2704,115.08987592428277,10.727994962912817,0.93915739848663382,0.0056703690601993774,0,161.18406056558894,12.695828471021059,1.1114268117850881,0.031721372328065184,0
3,2015-09-01,2705,21.660052230795976,4.6540361226354889,0.40905613031294125,0.0010060018982029717,0,33.281295900816325,5.7689943578423026,0.50705289895339956,0.0011055847922786959,0
3,2015-10-09,2720,449.47240127410248,21.200764167220541,1.819495723242408,0.0034033081331905184,0,511.51636952494539,22.616727648467304,1.9410167909772833,0.045228084857414586,0
3,2015-10-13,2721,806.97234064873908,28.407258590873198,2.4199044714944371,0.11584066450757222,0,322.42221771610787,17.956119227608951,1.5296123373037696,0.07984290244079785,0
3,2015-10-14,2722,208.97261861379596,14.455885258737908,1.2206785103430786,0.0033439665235580141,0,34.990286877675125,5.9152588174715675,0.49949409478332846,0.074612065790538779,0
3,2015-10-15,2723,76.008189937696656,8.718267599569117,0.7383044078053197,0.21914943328719741,0,6.3265269188680104,2.5152588174714765,0.21300409175352303,0.41484853211790823,1
3,2015-10-16,2724,2.3989917713158615,1.5488678998920022,0.13177368554466584,0.31473675913034527,1,42.564558075445319,6.5241519046880967,0.55505801469185778,0.16212710166405242,0
3,2015-10-19,2725,31.564930820369149,5.618267599569208,0.47703397151935539,0.046219983962655753,0,0.34192225054474967,0.58474118252843255,0.049649007219565486,0.0058636929610062149,0
3,2015-10-20,2726,41.49841776640276,6.4419265570481912,0.5519601197025269,0.35786176271751913,1,126.21940943840241,11.234741182528523,0.96262027097322633,0.041650604008873771,0
3,2015-10-21,2727,23.08331922169787,4.8045102998846687,0.41373608610416951,0.38982043582884252,1,24.655234318981552,4.9654037417899417,0.42759128024025328,0.44126764368373589,1
3,2015-10-23,2728,6.9983122199581054,2.6454323313889745,0.22680318341812195,0.35902733410841864,1,0.12665783396321986,0.35589019930762333,0.030511848363136428,0.31105623749645916,1
3,2015-10-26,2729,0.28647990373309951,0.53523817477184821,0.045915602193690327,0.00022245632464114741,0,1.1149041129939885,1.0558901993076688,0.090579926165194197,0.0027298653741072631,0
3,2015-10-27,2730,30.844927172794421,5.5538209525329876,0.47082239339886306,0.78506453070485238,1,1.6008798751893192,1.2652588174714765,0.10726168340721232,0.11233083312251101,0
3,2015-10-28,2731,504.36497910735619,22.458071580332899,1.955256101369746,0.01895077770686427,0,884.15483319195778,29.734741182528523,2.5887812278015434,0.009813693058783721,0
3,2015-10-29,2732,508.52283887789008,22.550450968392852,1.9740404401797043,0.1415002506424583,0,776.28293669859033,27.861854509321347,2.4389945734075673,0.071344991674134481,0
3,2015-10-30,2733,388.099087332576,19.700230641608641,1.7372337426462647,0.2498865755473739,0,364.04169313998966,19.079876654213194,1.6825288054861725,0.28947952953125528,1
3,2015-11-02,2734,2157.9021359245535,46.453225247818409,4.1673297970591561,0.2681708764308311,1,1158.6936449516656,34.039589376954382,3.0536995942365102,0.15711459406959757,0
3,2015-11-04,2735,1578.8755682112842,39.735067235519864,3.591708147475356,0.70299954279026877,1,1324.9732580605689,36.400182115761027,3.2902632302052814,0.07865731304610761,0
3,2015-11-05,2736,1140.8672367912284,33.77672625923401,3.1019125961276526,0.072603385249609395,0,846.9394194246081,29.102223616497213,2.6726259175771152,0.053029668374368379,0
3,2015-11-06,2737,35.815579516501543,5.9846118935568029,0.54924852180220296,0.83899256675852496,1,50.675297986428703,7.1186584400734318,0.6533276835603371,0.38839579888663328,1
3,2015-11-09,2738,2.9006529985230389,1.7031303527689943,0.15666731236951473,0.0054881898667293108,0,17.933833687796493,4.2348357332718933,0.38955346640344896,0.080563712640823126,0
3,2015-11-10,2739,23.73255597899799,4.871607124861157,0.45044911001952448,0.36617271553631836,1,0.035979524137466384,0.18968269329980103,0.017538852824761999,0.36542622105002814,1
3,2015-11-13,2740,29.992987535538813,5.4765853901440096,0.50487074350255901,0.17822659256747486,0,14.255763906812639,3.7756805885578615,0.34806919461238639,0.57660769591943228,1
3,2015-11-16,2741,15.122035185271294,3.888706106826703,0.36033229307141429,0.051896104572412609,0,32.961685776137756,5.7412268528719324,0.5319891450029588,0.27393969225151266,1
3,2015-11-17,2742,291.80626542525198,17.082337820838575,1.5998443288071718,0.17081655030579254,0,295.53828070690656,17.191226852871978,1.6100423182272985,0.077883354756721757,0
3,2015-11-18,2743,349.44527310033214,18.693455354758044,1.7267185807092227,0.033993658637703691,0,0.47735502867735663,0.69090884252364049,0.063819401674084661,0.16144092514346431,0
3,2015-11-19,2744,381.94664720341729,19.543455354757953,1.8066517545419876,0.19149647612595147,0,2.3744000609672651,1.5409088425235495,0.14244592951454121,0.029246245281300914,0
3,2015-11-20,2745,592.31849463557376,24.337594265571397,2.2610176761028793,0.32688097955383011,1,20.924398077895521,4.5743194114420476,0.42496464246024218,0.1845998602547938,0
3,2015-11-24,2746,786.75357856531321,28.04912794661027,2.6414095438939889,0.53187338527275518,1,394.31781676215462,19.857437316082724,1.8699912718789642,0.082678260006540161,0
3,2015-11-30,2747,501.41291128405794,22.392251143734029,2.101769395882676,0.48032497539774616,1,371.59648469678154,19.276838036793833,1.8093521716532599,0.11327612005357096,0
3,2015-12-01,2748,826.64435428434695,28.751423517529474,2.724220534160458,0.072348835931594954,0,447.26886080148546,21.148731895824994,2.0038593799341475,0.36574026292764683,1
3,2015-12-02,2749,805.35400119944848,28.378759683951102,2.6887829536170451,0.024126219947362342,0,445.15648761190488,21.09873189582504,1.9990271349495512,0.020273063409429592,0
3,2015-12-03,2750,315.26479386629154,17.75569750435875,1.6451885572720637,0.0077257738466975871,0,5.9520516439865707,2.439682693299801,0.22605352729208253,0.078740005105627231,0
3,2015-12-04,2751,504.20586144285193,22.45452875129763,2.087240077272507,0.016736886221129142,0,34.688362227755732,5.8896826932998465,0.54747004027698898,0.045206309526635118,0
3,2015-12-07,2752,568.87600034682771,23.851121574190756,2.2247105283267192,0.59411280626203711,1,78.753545016300365,8.8743194114422295,0.82775108771963712,0.19456086932171515,0
3,2015-12-08,2753,223.53603632622955,14.951121574190665,1.3830824767983965,0.13793784013883481,0,0.00065949262867816619,0.025680588557861483,0.002375632614048241,0.12283080782046374,0
3,2015-12-09,2754,292.62960182899371,17.106419900990204,1.5972380859934829,0.046019980582765754,0,99.487047721471455,9.9743194114421385,0.93130900200206701,0.51395998334176096,1
3,2015-12-10,2755,634.97285194552467,25.19866766211112,2.3495261223413633,0.092076223344319016,0,102.50828292272193,10.124637421790567,0.9440221372298897,0.091041381512218161,0
3,2015-12-11,2756,767.35213646809154,27.701121574190665,2.5931309687985644,0.19290285227732851,0,161.9083044844032,12.724319411442139,1.1911368510594091,0.063305674463815756,0
3,2015-12-14,2757,292.42050792757163,17.100307246583952,1.6109568767389497,0.58791768351387608,1,321.87402283275117,17.940847885001176,1.6901411102214956,0.056095464825382288,0
3,2015-12-15,2758,288.43158844322181,16.983273784615903,1.579472102731077,0.07536292555075691,0,34.119219016995345,5.8411658953496044,0.54323793493137451,0.11275496454358189,0
3,2015-12-16,2759,621.13067889390118,24.922493432517967,2.3749279047568099,0.05175066176856425,0,737.05364355138545,27.148731895824994,2.5870718406541826,0.12919537174131596,0
3,2015-12-17,2760,615.90264004161634,24.817385842219892,2.3357539616206955,0.18925908419661497,0,237.50606854689505,15.41123189582504,1.450468884312945,0.062553493813080022,0
3,2015-12-18,2761,160.69687429788829,12.676627086803819,1.1751218620443866,0.084484487697374738,0,8.6417343372863726,2.939682693299801,0.27250824503358528,0.17007357960026068,0
3,2015-12-21,2762,67.054907703980192,8.1887061068266576,0.76181096909727941,0.16871790816868795,0,46.099791075693602,6.7896826932997101,0.63165714887893853,0.12842067219221248,0
3,2015-12-22,2763,94.359210667390016,9.7138669265843873,0.90775319377482366,0.48850175554375808,1,156.86654254731894,12.524637421790658,1.1704174770386562,0.036663169372733652,0
3,2015-12-29,2764,588.56965507016776,24.260454552010515,2.2887221275481617,0.92393508006780334,1,439.92207477319852,20.974319411442139,1.9787093784379377,0.23731179866757729,0
3,2015-12-30,2765,54.273099917932562,7.3670278890426744,0.68071405766160087,0.74174608984038726,1,1.342896482100884,1.1588341046503956,0.10707637834607489,0.3042378771177327,1
3,2016-01-04,2766,46.786030041348432,6.8400314356988474,0.63510041185690314,0.010669765223925966,0,21.993123763835676,4.689682693299801,0.43543943298976795,0.32452196543126077,1
3,2016-01-05,2767,51.135455494143955,7.1509059212203283,0.65520486725493199,0.36754395890220476,1,0.17961993074373908,0.42381591610478608,0.038832317766610412,0.13395894812157114,0
3,2016-01-06,2768,276.90475474746614,16.640455364786931,1.5040859913035598,0.12505004217724736,0,100.03588881145873,10.001794279600972,0.90403527632313219,0.13212960424536302,0
3,2016-01-07,2769,92.947069675555838,9.6409060609237258,0.87497445758712411,0.15132834913157611,0,191.91505524713966,13.85334094170571,1.2572801145079378,0.025220307873341206,0
3,2016-01-08,2770,11.245133412994472,3.3533764198184599,0.30895305139289292,0.044778336985970439,0,6.7426382650208438,2.596659058294108,0.23923521819551388,0.073185074836954842,0
3,2016-01-12,2771,0.26316732446012447,0.51299836691759992,0.047144085550484757,0.18147709782787433,0,67.210577033980357,8.1982057203988461,0.75340768463896024,0.047804216000121337,0
3,2016-01-13,2772,22.174843200322382,4.7090172223429363,0.43265501859086142,0.18225506603228178,0,186.13908524255962,13.643279856491972,1.2535170761201737,0.17288390491608938,0
3,2016-01-14,2773,259.48686794936754,16.108596088715103,1.4727859281110951,0.0095434979147251599,0,33.10093199150819,5.753340941705801,0.52601974324167322,0.0069671881290365471,0
3,2016-01-15,2774,88.30910297047734,9.3972923212209025,0.86511321714346623,0.34883818672604411,1,3.0508178659211782,1.746659058294199,0.16079715151154883,0.023691843193950016,0
3,2016-01-19,2775,199.17672290461627,14.112998366917509,1.2809619575146365,0.22982826531753509,0,29.179381439130768,5.401794279601063,0.49029219692317338,0.38437839198149315,1
3,2016-01-20,2776,25.04092954396987,5.0040912805393418,0.45636947382939735,0.10226546702384934,0,30.727951567390669,5.5432798564920631,0.50554307856744762,0.00014439622899739256,0
3,2016-01-21,2777,330.6067830263803,18.182595607513804,1.6586176152806207,0.29795882742013624,1,16.037888049172704,4.0047332057420135,0.36531203701181425,0.048753047965632644,0
3,2016-01-22,2778,178.05583911787591,13.343756559450412,1.2058337754789819,0.33050444263974238,1,20.763698466250165,4.5567201435078459,0.41177662601733656,0.15090748863827683,0
3,2016-01-25,2779,342.54646260656108,18.508010768490522,1.6580524764605169,0.047038521320256224,0,201.83089723595418,14.206720143507937,1.2727184898999271,0.012812499393128424,0
3,2016-01-27,2780,0.21829622889445058,0.46722181979703237,0.041940917396502006,0.06834294636206395,0,9.6718013590321235,3.1099519866120318,0.27916983721831523,0.082422103726297352,0
3,2016-01-28,2781,170.00455908784605,13.038579642271088,1.1727450658635625,0.093008106769503232,0,316.98852383330433,17.804171528978941,1.6013825804082515,0.12026712949544782,0
3,2016-01-29,2782,0.99136407124132753,0.99567267274005644,0.088386389058149703,0.62563986172064501,1,9.6358808813231729,3.1041715289788954,0.27555894620318649,0.71579027748565005,1
3,2016-02-01,2783,66.845521348424541,8.1759110408825109,0.72449366777868951,0.075354946325527611,0,1.2191947654075916,1.1041715289788954,0.097844176249791359,0.030669470303587017,0
3,2016-02-02,2784,136.27800475865317,11.673817060355759,1.0312559240596959,0.042178407887054445,0,10.710282537463685,3.2726568010507435,0.28910395768999503,0.021324291463338717,0
3,2016-02-03,2785,443.95003565404357,21.070121870887306,1.8221232214197525,0.11777587787602972,0,264.18920044219914,16.253898007622638,1.4056209631705487,0.062656934787285748,0
3,2016-02-04,2786,27.175899920823191,5.2130509225235073,0.45317085430725501,0.012565544964911352,0,46.662638083189051,6.8310056421576064,0.59381976286848415,0.0036766098373811904,0
3,2016-02-05,2787,1454.6440796150944,38.13979653347792,3.1533523384438134,0.078311456847491093,0,2059.1725930558637,45.378106979642325,3.7518071086930407,0.10406196110750143,0
3,2016-02-16,2788,1085.2477792492546,32.943099114218967,2.7225701747288404,0.0083144161294677575,0,1870.0530324543306,43.244109800692286,3.5738933719580404,0.026926938300156546,0
3,2016-02-17,2789,467.4068026049062,21.619593025885251,1.7865955727530993,0.071654034863469079,0,613.88505430952443,24.776703862893555,2.047492262035663,0.020836354430990824,0
3,2016-02-18,2790,865.577884221614,29.420705025910138,2.429455410892662,0.070408560619242277,0,589.31796321854176,24.2758720382717,2.0046137108399424,0.064631379283464907,0
3,2016-02-22,2791,683.84732448597026,26.150474651255763,2.1411122652192875,0.13165914799933814,0,1198.9510144107596,34.625872038271609,2.8350490881624113,0.10547890585643899,0
3,2016-02-23,2792,1575.993906397546,39.698789734670072,3.1739987795059021,0.0083205239589884163,0,2198.1534216571181,46.884468874640334,3.7485084049282698,0.042951678729195683,0
3,2016-02-24,2793,144.35300935963068,12.01469971991105,0.97206308413519826,0.15297484971146499,0,362.00865773707716,19.026525109359227,1.5393628729255038,0.045347479769889523,0
3,2016-02-25,2794,6.3237146813207143,2.5146997199110501,0.20503055196991848,0.13841037832942385,0,90.754680659251832,9.5265251093592269,0.77672442799504504,0.34166113059628989,1
3,2016-02-26,2795,5.2844764590248037,2.298798916613805,0.18615263718631508,0.12543228858308866,0,97.539885336659168,9.8762282950860936,0.79975935663503872,0.24894331869625377,0
3,2016-02-29,2796,156.61770907954173,12.51469971991105,1.0121067302799069,0.085457406168105973,0,440.30680294375924,20.983488817252464,1.6970067785889578,0.0022275471660899555,0
3,2016-03-01,2797,12.240529396354786,3.4986467950272981,0.28233108416940755,0.010798174384414454,0,136.20141773977755,11.670536309003865,0.94177988290863979,0.0072298180153808943,0
3,2016-03-02,2798,211.66312356645676,14.548646795027253,1.1636590117998202,0.031141424326086301,0,439.80663703764151,20.971567348141662,1.677389909869359,0.046045961351123751,0
3,2016-03-03,2799,1539.7083289464967,39.239117331388798,3.0715551727114518,0.34044716777567896,1,1940.754424907147,44.053994426239569,3.4484535754394967,0.0008464254033056476,0
3,2016-03-04,2800,97.675858288188692,9.8831097478571337,0.78004023266433575,0.14312848974110126,0,461.09476534167067,21.473117271175852,1.6948001003295858,0.0019545806438405989,0
3,2016-03-08,2801,257.44549005235621,16.045107978831311,1.2873161086995595,0.30004878962952608,1,129.67523619392318,11.387503510160741,0.91363153964704269,0.22804336703716552,0
3,2016-03-09,2802,25.878898389741963,5.0871306637181988,0.40166842982378193,0.13359439687301727,0,50.588979849312317,7.1125930467947001,0.56159439769401498,0.055021751123320577,0
3,2016-03-10,2803,1.485876044280972,1.2189651530215997,0.09637992907860049,0.012130326317353633,0,28.757404185530863,5.3625930467947001,0.42400419425140934,0.072456250814683765,0
3,2016-03-11,2804,195.28076909198268,13.974289573784517,1.1244650632697257,0.21067463901812988,0,276.80331012656404,16.6374069532053,1.3387573488799276,0.16120981863066794,0
3,2016-03-14,2805,608.84565787695431,24.674798031127921,2.0028245155136299,0.42803015586089699,1,750.07005962047799,27.3874069532053,2.223003811136794,0.33729886671930337,1
3,2016-03-15,2806,415.28594527845348,20.378565829774516,1.6588169173605629,0.20748612827910276,0,954.03190829291509,30.8874069532053,2.5142374402283516,0.301021249981689,1
3,2016-03-16,2807,246.93363311520162,15.714122091774698,1.2407518430141884,0.0016394709088948967,0,50.588979849312317,7.1125930467947001,0.56159439769401498,0.014090760762715386,0
3,2016-03-17,2808,121.08731444230844,11.003968122559627,0.8788409969299279,0.015016843638059734,0,53.106300101626282,7.2874069532053909,0.58201477144041147,0.0069316160268389753,0
3,2016-03-18,2809,74.973209351736671,8.6587071408921474,0.6913139433846025,0.30266270012476953,1,27.957693369963117,5.2875035101608319,0.42215596887511636,0.19429154087181558,0
3,2016-03-22,2810,1803.9370640968973,42.47278027274524,3.488237538825989,0.29969549885035329,1,1615.0354383791964,40.187503510160923,3.3005505510973165,0.057686841098414696,0
3,2016-03-23,2811,150.27323946676523,12.258598593100487,0.99988569274881633,0.03634260323015296,0,473.32154689213331,21.755954285945108,1.7745476579074313,0.056161759668737682,0
3,2016-03-29,2812,4.0344683082052564,2.0085985931004871,0.16247511369872494,0.10380761046656091,0,132.38698403025862,11.505954285945108,0.93071419906532726,0.064039005013855024,0
3,2016-03-30,2813,60.08093783605652,7.7511894465337718,0.62661191968745122,0.29738007434217972,1,72.707729071119559,8.5268827288241482,0.68931954153792629,0.12962573875025327,0
3,2016-03-31,2814,182.28211647119488,13.501189446533772,1.0965433053022353,0.024829907556430494,0,272.44652688970967,16.505954285945108,1.3405851196706686,0.0082759253089980563,0
3,2016-04-05,2815,545.2780485679059,23.351189446533681,1.9118380093772456,0.33144331038710451,1,694.63632632282349,26.355954285945018,2.1578479028938116,0.18453443572636891,0
3,2016-04-06,2816,7.0288054814125296,2.6511894465338628,0.2134441225773982,0.79826664769951039,1,11.743525237113865,3.4268827288242392,0.27589427009292644,0.17301451001121937,0
3,2016-04-07,2817,180.81468043456641,13.446734935833547,1.0716664623099061,0.064223061905798212,0,85.065892197862297,9.2231172711758518,0.73505616825470022,0.16420225298566776,0
3,2016-04-11,2818,12.162641441959838,3.4874978769828431,0.27797687525767922,0.13909950435341059,0,82.321457016507878,9.0731172711757608,0.72318804967127059,0.14952281423573011,0
3,2016-04-12,2819,44.924728614067583,6.7025911865537182,0.53803661943036074,0.14476894166885143,0,0.04978131669695858,0.22311727117585178,0.017910276634625872,0.39324795201292478,1
3,2016-04-13,2820,265.36955485463352,16.290167428686345,1.3197899561440773,0.2623802878746111,1,126.04289580677097,11.226882728824194,0.90957487878345566,0.33366869970713647,1
3,2016-04-18,2821,187.415384901652,13.689973882431332,1.093448393165442,0.33318099005069157,1,41.901247206395105,6.4731172711758518,0.51702214626005205,0.070496817793939362,0
3,2016-04-20,2822,7.1837748641032837,2.6802564922229521,0.21454924892719249,0.092887167765934753,0,13.86160221492792,3.7231172711758518,0.29802819861323604,0.25860895484038759,1
3,2016-04-21,2823,61.818939634447872,7.862502123017066,0.63241521198609019,0.28098901775780877,1,5.1841949608176998,2.2768827288241482,0.18313957199470327,0.075749634004697572,0
3,2016-04-22,2824,136.66001451071594,11.690167428686209,0.94359249565632486,0.050609865969414997,0,43.915574701586586,6.6268827288240573,0.53490053505723278,0.024861481170753624,0
3,2016-04-25,2825,2.0731498132127655,1.4398436766582563,0.11595745161135994,0.19050157360269449,0,14.645031420172211,3.8268827288241027,0.30819704669598957,0.040479246528522576,0
3,2016-04-26,2826,10.177168223050378,3.190167428686209,0.25574534461168902,0.01711023356883809,0,3.5085683115776103,1.8731172711759427,0.15016171806765613,0.01337401092346417,0
3,2016-04-27,2827,16.562812219093431,4.0697435077770479,0.32402416463193057,0.020652302656792361,0,109.68618537580193,10.473117271175852,0.83384691649489273,0.021666114809598784,0
3,2016-04-28,2828,1261.3273122677333,35.515170170896454,2.7552498193092672,0.067991659944520208,0,1889.9119252734081,43.473117271175852,3.3726235276319509,0.047119002987564239,0
3,2016-05-06,2829,3.6599335121641747,1.9130952700177204,0.15120294566431303,0.11821535715232692,0,34.369997232325566,5.8625930467947001,0.46335451861645527,0.039041168778772263,0
3,2016-05-09,2830,0.12594834668910043,0.35489202116855267,0.028103581023800495,0.095624195506933934,0,11.645791303031224,3.4125930467946546,0.27024018425678292,0.029065615548040425,0
3,2016-05-10,2831,179.31185508234051,13.390737660126888,1.0487322442046354,0.37109680062635697,1,130.65170319891712,11.430297598878042,0.89519501890418152,0.086208645345946688,0
3,2016-05-11,2832,11.885969440952383,3.4476034344095297,0.26950192960011954,0.24209961904955182,0,94.867714186299409,9.7400058617179184,0.76138408143192637,0.15443373849663708,0
3,2016-05-12,2833,67.279632974695247,8.202416288795348,0.64795136178176371,0.35034859245754035,1,127.61411623222689,11.296641812159351,0.89238026796424286,0.0636435685168458,0
3,2016-05-13,2834,236.34377427571587,15.373476323711429,1.19568161179945,0.041310627885687824,0,50.586027068493969,7.1123854696222679,0.5531701706881017,0.15645448047723287,0
3,2016-05-16,2835,8.3959913634379966,2.897583711204561,0.22690553729088184,0.0382619281518711,0,0.038668002289349093,0.19664181215944154,0.01539873235391085,0.025956139599155839,0
3,2016-05-17,2836,21.397300025684959,4.6257215681107482,0.36340023317705616,0.25451590915063271,1,203.05024933482323,14.249570145615735,1.1194571565414198,0.39922910476254431,1
3,2016-05-18,2837,1056.8606338277923,32.509393009218002,2.6085771722542028,0.12764374775022555,0,1471.6951321244121,38.362678896610078,3.0782490589055227,0.04650421508044978,0
3,2016-05-19,2838,261.81515397393753,16.180703135956037,1.2901214428285788,0.35154594949321305,1,528.84553463675775,22.996641812159396,1.833570547931701,0.43589257598384235,1
3,2016-05-20,2839,737.15445708060656,27.150588521809368,2.1791948408226474,0.085516807397824232,0,979.47978871860096,31.296641812159351,2.5119706085688538,0.1077143453093294,0
3,2016-05-23,2840,982.89402189585326,31.35114067934137,2.5347568969027265,0.10796647732413976,0,1158.9759455055187,34.043735774816469,2.7524546852744045,0.062910788868704465,0
3,2016-05-24,2841,1426.2629624229546,37.765896817405974,3.0940436520896264,0.23540989839320611,0,1504.4629381535658,38.787406953205391,3.177732832476273,0.22904685284041285,0
3,2016-05-25,2842,1391.9396285248636,37.308707140892238,3.0484705757153443,0.25892387950624779,1,1262.9072929577308,35.537406953205391,2.9037387713531393,0.054232202699019336,0
3,2016-05-26,2843,2016.7919770664173,44.908707140892147,3.6923911318308038,0.19306765559480779,0,1725.3641978566234,41.537503510160832,3.4152109771971908,0.24828953485718142,0
3,2016-05-27,2844,566.91734371930215,23.810026117568668,1.9604797132621383,0.24568127950802163,0,962.66745186820617,31.026882728824148,2.5547042180999711,0.43563318120177108,1
3,2016-06-01,2845,212.21825687600133,14.567712822402882,1.2015599490599538,0.61743854449037172,1,228.90067157716902,15.12946369099609,1.2478937389472196,0.22001693391313781,0
3,2016-06-02,2846,183.12279625695692,13.532287177597027,1.0908736136716668,0.6137484241689759,1,168.23481214318642,12.970536309003819,1.0455893840390018,0.43329602525847521,1
3,2016-06-03,2847,97.08594696783409,9.8532201319078467,0.79205949613407134,0.084477825026607847,0,271.27856630621312,16.470536309003819,1.3239980955790851,0.020732424045345081,0
3,2016-06-06,2848,18.435779554783654,4.2936906682693916,0.34598635521912907,0.19667754837179624,0,57.062831791658482,7.5539944262395693,0.60870221001124658,0.072215740766675154,0
3,2016-06-07,2849,691.35816895863684,26.293690668269392,2.0818440750807117,0.78751022255791991,1,873.43858654619953,29.553994426239569,2.3399837233760543,0.1571974924369407,0
3,2016-06-08,2850,560.88968732904345,23.683109747857088,1.8490872695078926,0.18462315214890726,0,1244.1928020261209,35.273117271175806,2.7539910424091043,0.064821189275041297,0
3,2016-06-13,2851,399.47636068539168,19.986904729982371,1.5528030711247616,0.3308415932448755,1,770.76157268193845,27.762593046794791,2.1569042494499313,0.16197419826364789,0
3,2016-06-14,2852,184.17065067170142,13.570948775664192,1.0575039956100829,0.33575240457477551,1,571.81210622161211,23.912593046794655,1.8633673378629048,0.39845122178702741,1
3,2016-06-15,2853,1682.7182384556693,41.020948775664237,3.1295783921925793,0.47409604181534615,1,2638.1159644906434,51.3625930467947,3.9185651761811711,0.018887890222026634,0
3,2016-06-16,2854,3.4272445086526049,1.8512818555402646,0.14343238983034512,0.045343441133705316,0,189.72221587712895,13.7739687772671,1.0671704328865808,0.050394287865176697,0
3,2016-06-17,2855,159.95697902923723,12.647409973161984,0.98669136941504021,0.092258520284618298,0,72.326843304249408,8.5045189931147434,0.66348252403766139,0.085399820774794785,0
3,2016-06-20,2856,222.72164359003858,14.923861550886841,1.1727063924946441,0.061667284491150415,0,181.0007417731764,13.453651614828459,1.0571783447138505,0.27285634658400909,1
3,2016-06-21,2857,59.691569997560585,7.7260319697475097,0.6108259453490541,0.07339043647280287,0,68.167316560937493,8.2563500749990908,0.65275329683354477,0.075006681685747284,0
3,2016-06-22,2858,182.36898956804205,13.504406301946119,1.0699525652217343,0.011367057528223701,0,141.65294207855749,11.901804152251771,0.94297858037885907,0.013677548104736334,0
3,2016-06-23,2859,1394.0673956312739,37.337211942394333,2.8382525231770681,0.17529841543981234,0,1487.8514041146257,38.57267691144375,2.9321685223446408,0.26058202663316149,1
3,2016-06-24,2860,1063.5928683751893,32.612771553107677,2.4621774605041469,0.00019598830657450826,0,1427.1324023489408,37.77740597697175,2.8520936149614395,0.0031118674352110013,0
3,2016-06-27,2861,187.75575984871105,13.702399784297313,1.0462243097119426,0.0099854720557570956,0,377.1374758210431,19.420027698771264,1.4827844314553915,0.022177243653525434,0
3,2016-06-28,2862,2.3096800178431751,1.5197631453102076,0.11500288651609591,0.10163006879029313,0,76.286917768784676,8.7342382477686442,0.66093365476872068,0.19639909946910095,0
3,2016-06-29,2863,113.04739578426424,10.63237488918935,0.80502554527271242,0.027458258826860576,0,89.934967816609301,9.4834048641091613,0.71803178982465732,0.11321381667209052,0
3,2016-06-30,2864,483.04319853490676,21.978243754561163,1.6271141036136341,0.11598363491758523,0,1442.8023552632503,37.984238247768644,2.8120850081635127,0.054355595147208467,0
3,2016-07-05,2865,645.62672833968873,25.409185904701644,1.8597757295298549,0.030501539751268496,0,3023.1748104505432,54.983404864109161,4.0244029177756016,0.1758021060801368,0
3,2016-07-06,2866,396.76332396286233,19.918918744823031,1.4681888954686395,0.012851320348746706,0,1157.7131354303997,34.025183841243233,2.5079371888584974,0.049387704661257074,0
3,2016-07-07,2867,8.4404282260433678,2.9052415090734485,0.21452770973405563,0.23482138913350978,0,25.335797041702815,5.0334676955060331,0.37167935724615347,0.064242732336253966,0
3,2016-07-08,2868,123.40776063359309,11.10890456496918,0.81857671247285968,0.22783651586913597,0,355.72990431379498,18.8608033846333,1.3897872953086214,0.031634089952715772,0
3,2016-07-11,2869,0.87278544597842178,0.93422986784753448,0.06959400088256365,0.17414627572199676,0,100.50855625495112,10.02539556600891,0.74682624895775551,0.054969455351767157,0
3,2016-07-12,2870,0.13748955826709061,0.37079584445768887,0.027614659799492746,0.017623802240056073,0,37.881044188508021,6.15475784970522,0.45836960340385174,0.1842831242661595,0
3,2016-07-13,2871,65.138076629217736,8.0708163545714342,0.60976249279022621,0.014292654099838238,0,21.852166918704253,4.6746301371022128,0.35317544100198045,0.0057158819477251023,0
3,2016-07-14,2872,1.7922554479272068,1.3387514511391601,0.10088556527047174,0.12203246457610072,0,202.61353849423978,14.234238247768644,1.0726630179177576,0.16478934046242402,0
3,2016-07-15,2873,65.67843095882553,8.1042230323964759,0.60892802106818511,0.017927122780001251,0,328.85059682683851,18.134238247768735,1.3625545306010018,0.023033740884167851,0
3,2016-07-19,2874,239.13098557316414,15.46386062964757,1.1751546948588472,0.0017205403966121051,0,9.823449393776432,3.1342382477687352,0.238182099534063,0.00039979091332257975,0
3,2016-07-20,2875,104.32294896186465,10.21386062964757,0.77310378304110583,0.0991286464592743,0,70.295450995348148,8.3842382477687352,0.63461667848228698,0.077646823427886535,0
3,2016-07-21,2876,57.589148587166704,7.5887514511391601,0.57457894765392081,0.13994887790604502,0,63.748060397131709,7.9842382477686442,0.60452305491339353,0.025651897211824856,0
3,2016-07-22,2877,93.041013308750635,9.6457769676035241,0.7345525619771941,0.48243310165959447,1,0.14763903104838791,0.38423824776873516,0.029260804003254398,0.35737490496377089,1
3,2016-07-25,2878,13.158837586603401,3.6275112110927239,0.27418830015818019,0.25616006875367181,1,104.73963251209061,10.234238247768644,0.77356298169075166,0.053718299204577102,0
3,2016-07-26,2879,225.7414370130297,15.024694240250938,1.1305262784236974,0.11582970956501797,0,263.55049148531435,16.234238247768644,1.2215378666492585,0.10994239173345718,0
3,2016-07-27,2880,356.61920064817332,18.884363919607495,1.4074428112247062,0.096166184604687177,0,840.08606680341472,28.984238247768644,2.1601817214658947,0.1860315487287835,0
3,2016-07-28,2881,368.80218227802379,19.204223032396385,1.4310151290906397,0.079718653371691137,0,854.64068592729905,29.234238247768644,2.1784082151839526,0.052223719220628455,0
3,2016-07-29,2882,550.10526140527554,23.454322872453076,1.7378077925723761,0.01988507174501479,0,1360.447031118166,36.884238247768735,2.7328743191026366,0.029018405872462977,0
3,2016-08-01,2883,1147.5876370794958,33.876062892247319,2.4840376089640563,0.092032781636601002,0,2786.6839197888244,52.789051135522641,3.8708745103957942,0.049624630959055199,0
3,2016-08-02,2884,55.784055969281788,7.4688724697427915,0.54962634997003401,0.31897543961449587,1,228.83783344108318,15.127386867568475,1.1132082469327012,0.38699601064874978,1
3,2016-08-03,2885,10.623750120008724,3.2594094741239132,0.23917882767374157,0.18276899777901653,0,64.000818857668378,8.0000511784405717,0.58705200355461906,0.11085417976896728,0
3,2016-08-04,2886,307.86222763028934,17.546003181074866,1.3090124724764896,0.54111454524990887,1,205.92103118137223,14.349948821559337,1.0705721293314934,0.11549350189174358,0
3,2016-08-05,2887,60.017809142865325,7.7471161823523289,0.57952694362300494,0.082195779680283784,0,0.041925777015886838,0.20475784970517452,0.015317014490213535,0.16486956922331542,0
3,2016-08-08,2888,217.92855690606791,14.762403493539523,1.1008503723743119,0.47922094055608327,1,797.17220943176176,28.234238247768644,2.1054614651579899,0.17967209982162136,0
3,2016-08-09,2889,17.257902535375862,4.1542631759887172,0.30824836209755269,0.18549369377146596,0,626.25982628802149,25.025183841243233,1.8568808964341643,0.31894087845903374,1
3,2016-08-10,2890,248.80728327896091,15.773626193078144,1.1665157663864918,0.0066921664767610814,0,871.73648085921059,29.525183841243233,2.1834923710429841,0.0021756279326987011,0
3,2016-08-12,2891,98.158877672719626,9.9075162211686347,0.73716638550361868,0.041025627842501959,0,589.85752326950899,24.286982588817182,1.8070671569060404,0.022878070314059914,0
3,2016-08-16,2892,133.92961802788449,11.572796465326974,0.85721243400814595,0.20891889398816679,0,373.23728562339653,19.319350031080148,1.4310099648961259,0.12255144449545545,0
3,2016-08-18,2893,274.71444751378459,16.574511984181754,1.2310243600848003,0.036779919855162518,0,654.79052715705916,25.588875066267747,1.9005403346901177,0.028232850261516493,0
3,2016-08-19,2894,58.44682568444582,7.6450523663638705,0.5722772936869428,0.22466910069107174,0,10.770570044484108,3.2818546653506928,0.24566619248077645,0.11066677269626275,0
3,2016-08-22,2895,126.41192793821202,11.24330591677608,0.83780222926796433,0.1221585160977125,0,373.46273049784679,19.325183841243188,1.4400286021790751,0.03393296743635054,0
3,2016-08-23,2896,33.691214695836152,5.80441338085393,0.43732630482983087,0.11810740211653674,0,20.932307181172774,4.575183841243188,0.34471153446925507,0.23267144415322857,0
3,2016-08-24,2897,1.0141451436236595,1.0070477365168244,0.076216433551564697,0.11679403831684525,0,22.344607430808658,4.7270082960376385,0.35775435525903571,0.16549192919295638,0
3,2016-08-25,2898,31.52452087781738,5.6146701486211441,0.42575697809449431,0.16066622370235076,0,35.811107406057133,5.9842382477686442,0.45378109935686406,0.20508943618924455,0
3,2016-08-26,2899,120.55863912321104,10.979919814061077,0.83297954057285406,0.32334391207401686,1,38.892797804830714,6.2364090472667613,0.47311831333814514,0.13387508346161997,0
3,2016-08-30,2900,1.1444500845255707,1.0697897384652606,0.081710119416861612,0.32169652755287909,1,12.360580698452893,3.5157617522313558,0.26853249969305754,0.45359867203148924,1
3,2016-08-31,2901,5.4285263399539794,2.329919814060986,0.17792438442619216,0.13481429480773152,0,5.8254212871161819,2.4135909527333297,0.18431393300750895,0.1724249794319429,0
3,2016-09-01,2902,307.29808868740957,17.529919814061032,1.3233124340651492,0.30354555865568511,1,163.49225632402411,12.786409047266716,0.9652305463325066,0.25329118108072451,1
3,2016-09-02,2903,208.92456347025814,14.454223032396385,1.0808916083302587,0.06069756747317729,0,599.47792257349693,24.484238247768644,1.8309394838488424,0.054514231742900668,0
3,2016-09-06,2904,488.95838826109485,22.112403493539432,1.6399602101486583,0.10683227521553494,0,1266.2380116739544,35.584238247768553,2.6390950604641636,0.054826761246200374,0
3,2016-09-07,2905,39.128073026733432,6.2552436424757616,0.46562778342085465,0.14326806770756909,0,1128.6937017924372,33.596036995342729,2.5008215717837374,0.21377871941719487,0
3,2016-09-08,2906,28.549093116901275,5.3431351393073783,0.40148289734435727,0.47543269398714944,1,570.86546758859458,23.892791121771324,1.7953030861307679,0.47969302797970942,1
3,2016-09-09,2907,36.185533851859404,6.0154412848817174,0.45511188083084675,0.14136386341405643,0,0.85528492749770491,0.924816158756812,0.069969068186632274,0.22002535935578812,0
3,2016-09-14,2908,77.238551753353264,8.7885466234954492,0.668940982150666,0.16943628429585361,0,64.362838560437268,8.0226453592588314,0.61064434154809188,0.019128837702920343,0
3,2016-09-20,2909,37.315029625255264,6.1086029192651949,0.46064421380478054,0.30823637638397311,1,177.80190964825377,13.334238247768553,1.0055228299350392,0.061014062369579361,0
3,2016-09-21,2910,109.34968562933003,10.45704000323849,0.78116311233246094,0.14214248329784368,0,669.99378966725385,25.884238247768735,1.9336076082447788,0.09149432844418022,0
3,2016-09-23,2911,32.425278343360091,5.6943198314952497,0.42479073714996268,0.034113962535161177,0,769.18797118399311,27.734238247768644,2.0689472769689403,0.033958821246766475,0
3,2016-09-26,2912,49.617562815518916,7.0439735104214378,0.53081940545753103,0.0052685610898808039,0,202.61353849423978,14.234238247768644,1.0726630179177576,0.011124141592982983,0
3,2016-09-27,2913,0.87089325908235282,0.93321661959180346,0.070564583712045631,0.099087342087201963,0,94.755394264321964,9.7342382477686442,0.73604826070084273,0.022358923398921992,0
3,2016-09-28,2914,18.07533755228895,4.2515100320108559,0.32254836749949595,0.27917613283344817,1,28.454097683956924,5.3342382477685533,0.40469146861152822,0.096892661585442297,0
3,2016-09-29,2915,2787.6805428998455,52.798489967989099,4.1868672905903095,0.19662481647996483,0,2587.1048846069802,50.863590952733375,4.0334317396402506,0.1870634353053898,0
3,2016-10-13,2916,2062.53372264773,45.415126584076916,3.6281307436849946,0.0033149731999234703,0,2425.2319347060215,49.246643892817929,3.9342235983876912,0.0079306609330819233,0
3,2016-10-14,2917,807.95211013880612,28.4244984149027,2.2652612699157397,0.69693521459466146,1,1160.325184822012,34.063546274896453,2.714659409857862,0.27070319982781443,1
3,2016-10-17,2918,88.573719687801145,9.4113612027060753,0.74800200307630538,0.096541887059060152,0,161.130927920852,12.693735774816332,1.0088806052150956,0.13543897750461784,0
3,2016-10-18,2919,2.0696815890790483,1.4386387972938337,0.11336344488348242,0.16290037911162195,0,3.3993616073379163,1.8437357748164231,0.14528472280969412,0.16715212748280478,0
3,2016-10-19,2920,0.0071026311287854856,0.084277109162485431,0.0066273824686419553,0.10470736791886628,0,0.57193557829272224,0.75626422518371328,0.059471098587167315,0.049993983369779581,0
3,2016-10-20,2921,6.4802535283180038,2.5456342094491902,0.20114845003746909,0.1996146731722023,0,6.3454689147404277,2.5190214200638366,0.19904558650893578,0.21144962133240472,0
3,2016-10-24,2922,0.53032389643033817,0.7282334079334305,0.057368316364694381,0.14714070171269056,0,35.073652802099424,5.9223013096345767,0.46654335194852503,0.094547679289750206,0
3,2016-10-25,2923,10.853024791295031,3.2943929321340875,0.25929893208454052,0.37706004960158507,1,49.312715683294215,7.0223013096344857,0.55271950489055377,0.077313390389859168,0
3,2016-10-26,2924,28.297517963653071,5.319541142208891,0.42010196582103781,0.15575367978556293,0,7.6856545514010843,2.7723013096344857,0.21893791191585277,0.094380314825052034,0
3,2016-10-27,2925,503.76377245951397,22.444682498523207,1.7419909580133655,0.23394829584627286,0,623.61583269917458,24.972301309634531,1.9381661150711733,0.058527845332402052,0
3,2016-11-01,2926,1785.5964459438756,42.256318414455791,3.2411365993829948,0.48255956551782747,1,1739.9972301227369,41.713274027852776,3.1994841056838177,0.5690040947020879,1
3,2016-11-02,2927,436.1641649972741,20.884543686594498,1.60305063606037,0.11487340957331819,0,547.29367533735876,23.394308609945256,1.7956945509629458,0.086760355932870278,0
3,2016-11-04,2928,151.34938534252217,12.302413801466855,0.95884133911124714,0.45302569670774223,1,162.29884484002974,12.739656386262141,0.99291971367149678,0.062835158365616137,0
3,2016-11-07,2929,44.534121797363099,6.6733890788236749,0.5204030942272917,0.56446638266892446,1,115.29007980146915,10.737321816983467,0.83731600709505727,0.10462111801853954,0
3,2016-11-08,2930,13.491232338578877,3.6730412927952329,0.28664283539841051,0.24863637982119369,0,43.515701233999188,6.5966431792237472,0.51479968622005201,0.23586647310859418,0
3,2016-11-09,2931,1.7438356420059875,1.3205436918201485,0.1041849066524772,0.22133929569443025,0,16.914121837059422,4.1126781830164418,0.32447165152003482,0.086247525616986453,0
3,2016-11-10,2932,627.18598735812384,25.043681585544164,2.0254504092801295,0.29539775964221693,1,769.87609225260587,27.746641098565533,2.2440568642941914,0.27516515948779485,1
3,2016-11-11,2933,805.61836101709287,28.383417007419894,2.3133311876946814,0.10585799117112546,0,960.77893528387187,30.996434234986964,2.5262997053659042,0.20977141037031946,0
3,2016-11-15,2934,1047.4178132697766,32.363834959253154,2.6329185616053654,0.86564125125503366,1,573.81658049196812,23.95446890440212,1.9487852997398403,0.062727858894602029,0
3,2016-11-16,2935,1223.0441688542126,34.972048393741716,2.8507885383119396,0.0062151866847482687,0,960.20473821345388,30.987170542233343,2.5259564330330826,0.024018565886226879,0
3,2016-11-17,2936,1489.0486482786746,38.588193120158849,3.1864734203269074,0.81362733533079068,1,1551.6578605244101,39.391088592782125,3.2527736245071943,0.15780774895353131,0
3,2016-11-18,2937,1197.8641118876951,34.610173531603323,2.8503334182913997,0.39614885345542017,1,925.85008408468309,30.427784738371656,2.5058912693738238,0.073618184084996638,0
3,2016-11-21,2938,706.47581423833162,26.579612755612743,2.1925850901722206,0.026489526313873517,0,497.00825466309061,22.293681944961236,1.8390333631644658,0.059024821505061977,0
3,2016-11-22,2939,244.30298587359147,15.63019468444304,1.3160052778010474,0.20752223281200741,0,403.68139524556165,20.091824089553484,1.6916581703758089,0.23750534667287176,0
3,2016-11-25,2940,31.168588197690351,5.5828835020704446,0.47033559410871478,0.048375738601792659,0,34.326448923348181,5.8588777870295417,0.49358700817435064,0.37591182518495814,1
3,2016-11-28,2941,77.359457247989312,8.7954225167407003,0.74126016743843082,0.17118749295679123,0,1.2403216053217092,1.1136972682563737,0.093860121213296843,0.10397845802773649,0
3,2016-11-29,2942,7.6482276353604739,2.7655429187341269,0.23474602484798635,0.47709654524514167,1,58.395464018417108,7.6416924838949853,0.6486454871313968,0.099845007873649111,0
3,2016-11-30,2943,97.293071272119661,9.8637250200986273,0.84896716616591017,0.12666058761837606,0,74.102958291830092,8.6083075161050147,0.74091384568619145,0.056525822806889767,0
3,2016-12-01,2944,3.1907783038219746,1.7862749799014637,0.15221772304230624,0.21707496855453035,0,9.2518931665837982,3.0416924838950763,0.25919833693183436,0.20008739053517072,0
3,2016-12-02,2945,45.815090974471964,6.7686845822856867,0.5824027346657793,0.0087074931891901863,0,12.025288471250306,3.4677497705645237,0.29837805632116016,0.038628951978044446,0
3,2016-12-05,2946,1.8170443405322487,1.3479778709356651,0.1149661297173275,0.4246457359218872,1,7.5672077237398474,2.7508558166032344,0.23461456858023319,0.1144722343173756,0
3,2016-12-06,2947,42.223716411170784,6.4979778709357561,0.55177496462750009,0.080953135943184026,0,62.423522634754598,7.9008558166033254,0.67090016699387123,0.023163060329204836,0
3,2016-12-07,2948,66.567615055112299,8.1588979068935714,0.69671644309752545,0.14658615457442287,0,266.25055406418926,16.317185850022952,1.3933807992846552,0.03567362421870144,0
3,2016-12-08,2949,0.50253624239802219,0.70889790689352594,0.060922817711715878,0.41775374391680226,1,78.626984898846459,8.8671858500229064,0.7620475979737803,0.19798584163393276,0
3,2016-12-09,2950,1.8101416856083026,1.3454150607185511,0.11612921848159778,0.017622807966270422,0,14.840585996651491,3.852348114676488,0.33251461867649112,0.030787066309939586,0
3,2016-12-13,2951,25.456213134926038,5.0454150607185966,0.43410755523498357,0.065743392858936267,0,2.4865810147568643,1.5768896647377915,0.13567560032159962,0.1559496073290311,0
3,2016-12-14,2952,791.47846586037974,28.133227078676555,2.4964041952772131,0.019586945387177833,0,1137.2481706842657,33.723110335262163,2.9924229411475363,0.28642779534999169,1
3,2016-12-15,2953,180.81952324275628,13.446915008385986,1.1883099159054424,0.1146455951275778,0,654.46394105449917,25.582492862395156,2.2607363787906642,0.050528458537362798,0
3,2016-12-16,2954,10.662133887070423,3.2652923126529458,0.28737446095955516,0.3265442882566178,1,3.4446197808566517,1.8559686906994557,0.16334157893944604,0.23466115219423764,0
3,2016-12-19,2955,1.1351377889161529,1.0654284532131442,0.094645860638992996,0.0073715171079050392,0,80.652912554071122,8.9806966630696934,0.79778774656388851,0.11666533729915146,0
3,2016-12-20,2956,47.397325382827788,6.8845715467869013,0.60729251063263801,0.15018641570249242,0,1.0623356112629072,1.0306966630696479,0.090918419535980927,0.013824858582030806,0
3,2016-12-21,2957,8.6219997465775648,2.9363241896251111,0.25954162634243261,0.015312026370442084,0,11.093540261384499,3.3306966630698298,0.2944002000326893,0.3065617316927397,1
3,2016-12-22,2958,38.270606979140787,6.1863241896251111,0.54524274542791396,0.29739728849920588,1,0.0065119514306056347,0.08069666306982981,0.0071123447091335987,0.19075938730925476,0
3,2016-12-28,2959,121.77333621809007,11.035095659671015,0.96300686444462991,0.01837641366925713,0,60.746924050358572,7.7940313093006353,0.68016679547086434,0.15497179194876848,0
3,2016-12-29,2960,142.70804571379315,11.946047284093311,1.0306312901469512,0.17150453878455052,0,109.07890643131731,10.444084757953533,0.9010512257746125,0.1294068199267876,0
3,2016-12-30,2961,258.59137453512938,16.080776552614907,1.381213360757132,0.0052106558122300582,0,161.55586457149013,12.710462799264633,1.0917296799883731,0.11944010839922857,0
3,2017-01-04,2962,323.87045790742957,17.996401248789425,1.5293958739516804,0.0015382806452064125,0,160.22779249943179,12.658111727245569,1.0757297295186172,0.097471782350691039,0
3,2017-01-05,2963,116.79235899114308,10.807051355071053,0.90853731442379593,0.080297386462963721,0,162.09000291400625,12.731457218794958,1.0703200688352212,0.55149275737417369,1
3,2017-01-10,2964,142.90788427117621,11.954408570530632,1.0143318968673907,0.022014104531058905,0,71.829442296483876,8.4752252062398838,0.71912309246445927,0.17183915601282906,0
3,2017-01-11,2965,226.11093314129229,15.036985507118516,1.2478308374854583,0.57725883744025808,1,324.89250636577003,18.024774793760116,1.495769867952377,0.43203726811843784,1
3,2017-01-12,2966,324.81361347961712,18.022586203972423,1.5140577312531964,0.076025059356551211,0,40.168236462646078,6.3378416249261136,0.53243513461806313,0.40980636349589999,1
3,2017-01-13,2967,105.04578770981728,10.24918473391017,0.84282593099873937,0.57092915596407257,1,374.89317694144557,19.362158375073932,1.5922172916470485,0.13409475760269599,0
3,2017-01-17,2968,176.31331777884546,13.278302518727514,1.1101795509157237,0.010626147546603666,0,0.40684193848832695,0.63784162492606811,0.053329010068648305,0.0080428989903935395,0
3,2017-01-19,2969,61.192854918578981,7.8225862039723779,0.6515835412079779,0.32815530107548524,1,14.916267314153714,3.8621583750739319,0.32169908584181683,0.11219473009170097,0
3,2017-01-20,2970,20.047234300858072,4.4774137960275766,0.36916467790968188,0.02316237700107901,0,261.21536334097095,16.162158375073886,1.332576854110062,0.012864307531558834,0
3,2017-01-23,2971,3.9407159302573258,1.9851236561628411,0.16314296977012174,0.23083582680556847,0,279.32484173261162,16.713014142655766,1.3735218723418612,0.084952097804754018,0
3,2017-01-24,2972,243.45708887912858,15.603111512744135,1.3056997081794257,0.0052565346881299647,0,25.877425112819793,5.0869858573441888,0.42568919308319569,0.039961220753023712,0
3,2017-01-25,2973,32.80301511662131,5.727391650360687,0.47131267695529022,0.37867256785916814,1,155.5202214598128,12.470774693651265,1.0262322822293668,0.014098240513147368,0
3,2017-02-03,2974,359.57369841653332,18.962428600169687,1.5457451477619473,0.002767445009410752,0,710.91632317146377,26.663014142655811,2.1734676293177753,0.024727926701514368,0
3,2017-02-06,2975,65.806422078357059,8.1121157584416324,0.65898584552734629,0.015361965877156311,0,183.19525482679066,13.534964160528489,1.0995096799779438,0.025533224601963164,0
3,2017-02-07,2976,73.33447338553303,8.5635549502255799,0.68944166735573464,0.11301476175572865,0,305.32635119363204,17.473590106032361,1.4067780457316128,0.16123435839046124,0
3,2017-02-08,2977,238.48744610921779,15.443038758910689,1.2486286189287428,0.015060220957460679,0,148.19629606969011,12.173590106032407,0.98428121814621661,0.046628961504569938,0
3,2017-02-09,2978,573.26910501069949,23.943038758910689,1.9492826474729861,0.11769490810166031,0,13.49526426713919,3.6735901060324068,0.29907922380789764,0.076726003989949262,0
3,2017-02-10,2979,635.08519968338487,25.20089680315732,2.0618446965152235,0.3386938415665956,1,5.6473239841468512,2.3764098939675478,0.19442911793557355,0.14074616106682006,0
3,2017-02-13,2980,247.06064693902118,15.718162963241639,1.2771206957742547,0.17251438600353619,0,37.498355786698539,6.1235901060324522,0.49754947032561059,0.039767579316859383,0
3,2017-02-14,2981,487.003816572186,22.068162963241548,1.8023654821334161,0.086714015300042843,0,0.051261440086355033,0.22640989396745681,0.01849149738381712,0.044173653101839981,0
3,2017-02-15,2982,64.450781630244819,8.0281244154687101,0.64714234939895299,0.63201090371248381,1,253.56072186493316,15.923590106032407,1.283591157634308,0.13316226833559022,0
3,2017-02-16,2983,14.666511654118363,3.8296881928060884,0.30836089961802715,0.002514855812680209,0,110.21010506345397,10.49810006922462,0.84529168398281895,0.017724318514571739,0
3,2017-02-17,2984,75.748621167601868,8.703368380552547,0.70378590389783258,0.025771915359647648,0,27.020244329673471,5.1981000692246653,0.42033720690774795,0.029246894336615033,0
3,2017-02-22,2985,160.71432932721831,12.677315541044891,1.0158919417457239,0.37017851677614211,1,10.382671192271202,3.2222152616284347,0.25821101543620761,0.21116723890834599,0
3,2017-02-23,2986,70.64086611003313,8.4048120805900908,0.66853420940105712,0.12845204100076618,0,662.96465717480487,25.74810006922462,2.0480512304505742,0.066945709570805409,0
3,2017-02-27,2987,557.86354192266708,23.619135079902208,1.9041547146003071,0.1024967866856922,0,18.299442267844682,4.2777847383715653,0.34487139135533412,0.11678300133625287,0
3,2017-03-01,2988,52.611352864002114,7.2533683805527289,0.58584673132644616,0.41961081212089357,1,44.197234530422584,6.6481000692244834,0.53695986343788737,0.17812919699688365,0
3,2017-03-02,2989,355.449499292822,18.853368380552638,1.5371682332289147,0.26092364173326893,1,24.521312924413664,4.9518999307754257,0.40374235065433561,0.48534958981845056,1
3,2017-03-03,2990,63.57863126877298,7.9736209634502302,0.64776156330072143,0.012556652125062864,0,0.25190354051233144,0.5018999307753802,0.040773380785196815,0.047980765803981348,0
3,2017-03-06,2991,372.01813667137299,19.287771687558234,1.5853180197721801,0.089807437310509303,0,78.949587641351314,8.8853580480108576,0.73031340549959789,0.044482591777058038,0
3,2017-03-07,2992,302.12902585133338,17.381859102274802,1.4374676730296727,0.36424136410961666,1,202.77239903973472,14.239817380842169,1.1776230053624022,0.086139394895612412,0
3,2017-03-08,2993,503.83053283605551,22.446169669590745,1.8603596759015992,0.16944318190139357,0,326.7565946547295,18.076409893967593,1.4981898714489739,0.088732253751924076,0
3,2017-03-09,2994,501.20633087397078,22.387637902958204,1.8615256228294352,0.33198746452490274,1,219.48528692482265,14.81503583947142,1.2318659493178747,0.32174077034132315,1
3,2017-03-10,2995,8.2248738724651993,2.8679040905276452,0.23807936995912712,0.13374215754311086,0,29.050401880365477,5.3898424726855865,0.44743835901424428,0.042019736326818963,0
3,2017-03-14,2996,39.739267849801791,6.3039089341298222,0.52585159610692545,0.084398308186506774,0,1.6563325970040739,1.2869858573442343,0.10735617762297585,0.052827281813477754,0
3,2017-03-15,2997,593.71234328394326,24.366213150260819,1.9820403587473723,0.0076759908116153346,0,856.32399671326868,29.26301414265572,2.3803647572014253,0.01706510444724137,0
3,2017-03-16,2998,79.110804857043831,8.8944254933662705,0.7233592626355132,0.040218253256531951,0,168.99919801740555,12.999969154479004,1.057251883090355,0.043115163075130886,0
3,2017-03-17,2999,88.151363100691626,9.3888957338278942,0.75619327753124155,0.16891062776214488,0,258.71652363968747,16.084667346255173,1.2954790066249335,0.16705103103875432,0
3,2017-03-21,3000,123.63457432598069,11.119108522088482,0.89020523774776672,0.33760717975087334,1,596.51175366748407,24.423590106032407,1.9553732921846529,0.1537004405274337,0
3,2017-03-22,3001,0.0029030933982957183,0.05388036189833656,0.0043190670860390034,0.062687240772687655,0,171.36549299857512,13.090664345195592,1.0493518513182838,0.317966746703223,1
3,2017-03-24,3002,123.30958301853296,11.104484815538854,0.88302531235647519,0.80606157955349278,1,535.49034633700444,23.140664345195546,1.8401387098084012,0.21792982997700999,0
3,2017-03-27,3003,10.955753056851554,3.3099475912545131,0.26456299186751764,0.42735087835038188,1,278.57827628398036,16.690664345195501,1.3340791579566382,0.55402258308854002,1
3,2017-03-29,3004,16.397185790941879,4.049343871658948,0.32425879817896769,0.32262647636465758,1,349.54549379202086,18.696135798394835,1.4971281068541669,0.018664003798610992,0
3,2017-03-30,3005,648.50601827576224,25.465781320740234,2.0441307850971451,0.044521131674346827,0,10.761215323138497,3.2804291370396186,0.2633190830823261,0.1068582701688391,0
3,2017-04-05,3006,8.3479932258988505,2.8892893980871577,0.23068178827043176,0.75024228484904243,1,350.47100386426786,18.720870809454027,1.4946803041480261,0.57378603626639735,1
3,2017-04-06,3007,18.201625455946289,4.2663363036622286,0.33687364709717937,0.037227330260297835,0,474.02935739868417,21.772215261628389,1.7191531652752488,0.0030900705978674616,0
3,2017-04-07,3008,220.17203759593957,14.838195227046299,1.1870081378381905,0.003829275052681263,0,2.3815905045999872,1.54324026146287,0.12345428274571978,0.0075406441323348766,0
3,2017-04-10,3009,490.42487804495255,22.145538558476119,1.7675423863417763,0.23905865287451286,0,10.479898271490168,3.2372670991887844,0.25838192187634956,0.031771722896904456,0
3,2017-04-11,3010,24.237469165871527,4.9231564230553886,0.38634202488074937,0.20528170050512365,0,560.56225273718348,23.67619590933441,1.8579766074970112,0.06205311351707523,0
3,2017-04-12,3011,0.12509374606708362,0.35368594270494214,0.027542416595019437,0.016679486475060738,0,498.29569028789138,22.322537720606306,1.7383123249313792,0.0026135429639985515,0
3,2017-04-13,3012,8.8057345249879599,2.9674457914152299,0.23202203302828331,0.26678274073555241,1,239.39210781611843,15.472301309634531,1.2097659259263092,0.05702864814216467,0
3,2017-04-18,3013,75.865037824711976,8.7100538359250095,0.68097836956530311,0.0076707028594099787,0,242.49656807804251,15.57230130963444,1.2174896454113946,0.01455510703820731,0
3,2017-04-19,3014,6.9748663433841465,2.640997225175397,0.20598995594535507,0.20473003027709663,0,346.79010606681089,18.622301309634395,1.4524843077477885,0.059482490490393392,0
3,2017-04-20,3015,6.2158694621573831,2.4931645477499842,0.19449737081171622,0.51090116317379408,1,153.69148383084695,12.397236943401822,0.96713632198789423,0.49887622296386208,1
3,2017-04-21,3016,393.79655593836628,19.844307897691124,1.5632824876076195,0.035152995193324627,0,2.2312465649660123,1.4937357748162867,0.11767258348954518,0.03254946474200781,0
3,2017-04-24,3017,273.67629325393045,16.543164547749939,1.3048717895369883,0.11973760422529783,0,2.7316257212556021,1.6527630565981326,0.13036465188500809,0.073042324747152471,0
3,2017-04-25,3018,403.36587397501057,20.083970572947237,1.591629002888397,0.19554467944263509,0,95.309885305146992,9.7626781830165328,0.77367977041776226,0.1244741703271342,0
3,2017-04-26,3019,139.40781034373998,11.807108466671252,0.93499433533982046,0.1112286787077785,0,0.58258724159453124,0.7632740278527308,0.060442986051055657,0.055422247868647308,0
3,2017-04-27,3020,22.233949672763835,4.7152889278138446,0.3723233390827782,0.099669843202111752,0,19.476987644920268,4.4132740278528217,0.3484759783530989,0.096623474273694457,0
3,2017-04-28,3021,246.97030608466841,15.715288927813845,1.2517654170069572,0.0083785938252623239,0,43.384959032158193,6.5867259721471783,0.52465060115075701,0.0064429521323875793,0
3,2017-05-02,3022,1711.0871280815261,41.365288927813936,3.3635785434878795,0.36117016768726318,1,1039.2065014033144,32.236725972147269,2.6212982576148374,0.22617990051727285,0
3,2017-05-08,3023,862.19280424398335,29.363119797528043,2.4060242377522156,0.16442034245279977,0,997.99077780765356,31.590992035826503,2.5885768629815225,0.043000437840258587,0
3,2017-05-09,3024,600.34077296519354,24.501852439462482,2.0031764247608619,0.26469003643927796,1,564.38822104468284,23.756856295492526,1.9422684295051729,0.105582653473151,0
3,2017-05-11,3025,233.17327157811997,15.2700121669277,1.2402040338621481,0.4811443730492852,1,245.13714905770678,15.656856295492616,1.2716228463344257,0.36671423483789911,1
3,2017-05-12,3026,7.2594474321006421,2.6943361765193004,0.21846559446357744,0.13457271933750009,0,36.188321536170307,6.0156729911266211,0.48777045253601081,0.16645956010903262,0
3,2017-05-15,3027,279.0806864226268,16.705708198775255,1.3535657266873484,0.39532070745375764,1,109.78397302365305,10.477784738371611,0.84895355196658651,0.25637096083091271,1
3,2017-05-16,3028,112.72509950805087,10.617207707681473,0.84437789944977504,0.14851897751137416,0,161.85476116321146,12.722215261628435,1.0117874392896797,0.12632609001288958,0
3,2017-05-17,3029,302.8539272221401,17.402698848803311,1.3856755194524493,0.17547175032249218,0,543.03411618088467,23.303092416691925,1.8554894829757085,0.079232541948296265,0
3,2017-05-18,3030,2.9626957504926579,1.7212483116891235,0.13747989709977027,0.080007622966310324,0,53.614836337623032,7.3222152616283438,0.58484147457095403,0.091227166957443151,0
3,2017-05-19,3031,414.23235043007224,20.352698848803129,1.6167691820950176,0.082679332913885489,0,750.65588740323869,27.398100069224483,2.1764388187015515,0.044519394953988753,0
3,2017-05-22,3032,0.14236701751403297,0.37731554104493625,0.02994092533287861,0.072162189575381036,0,193.83076637388154,13.922311818583921,1.1047700221063261,0.051462417812296837,0
4,2017-05-23,3033,1.520552518237257,1.2331068559687992,0.098447715138621161,0.19776496900747648,0,48.110970554891104,6.9362072168362374,0.55376689288541281,0.13928549723420325,0
4,2017-05-24,3034,254.87735347906479,15.964878749275385,1.2701283861152302,0.0094479597361602705,0,35.421848470299821,5.9516256997815162,0.47349741038080395,0.020335007790143585,0
4,2017-05-25,3035,587.85299552507047,24.245679935301268,1.9165787862377985,0.28207595248249523,1,207.17690566694364,14.393641153889575,1.1377922733401507,0.081227002625988171,0
4,2017-05-26,3036,154.17923535029129,12.416893144031292,0.98064232696503639,0.14729105475602705,0,45.075013535263039,6.7137927831638535,0.53023162084693209,0.11665792735581802,0
4,2017-05-31,3037,4.2189222293077933,2.0540015163840053,0.16239091721421556,0.29480080349133431,1,13.488044929604095,3.6726073748229737,0.2903591235974996,0.12995244232491496,0
4,2017-06-01,3038,49.551524877470939,7.039284400950919,0.55212238918788337,0.065885806975002265,0,0.60456817574109012,0.7775398226078778,0.060985907102857194,0.19779432032787475,0
4,2017-06-02,3039,19.840932694883438,4.4543161871249595,0.3480070461443775,0.075731810340777181,0,4.3033133604912646,2.0744429036469683,0.1620721827920597,0.031454476168973129,0
4,2017-06-05,3040,373.47811999910175,19.325582009323853,1.494053498981357,0.031757523430736727,0,244.12321604932268,15.624442903646923,1.2079198224698047,0.11617512186623132,0
4,2017-06-06,3041,2.8632115503246678,1.6921027008797864,0.13106914801547534,0.0065417693824273808,0,13.326360649005748,3.6505288177202146,0.2827675304198462,0.0018269493708774518,0
4,2017-06-07,3042,735.78621948086163,27.125379619110618,2.1416745978532723,0.34998288518495424,1,837.05148967350999,28.931842141030529,2.2843031969547614,0.036572206553302802,0
4,2017-06-09,3043,364.32345114574821,19.0872588693544,1.5072061646679089,0.0012553294102979726,0,430.32699973834832,20.744324518729172,1.6380546840436807,0.0038157111283656131,0
4,2017-06-12,3044,34.936558892842676,5.9107155990491265,0.46836098249200692,0.13793366533912527,0,148.16878677019815,12.172460177392168,0.96453725652869793,0.080483763137549416,0
4,2017-06-13,3045,161.39165452828942,12.704001516384096,0.99600168689800828,0.00077965534403756111,0,48.684007845876025,6.9773926251771172,0.54703195806955052,0.00023470641304554213,0
4,2017-06-14,3046,178.50872131867587,13.360715599049172,1.0649807181100135,0.002223215072794129,0,385.04094341334326,19.622460177392213,1.5641034775331564,0.037280284519359448,0
4,2017-06-15,3047,54.700793569647402,7.3959984836158128,0.58913481628292275,0.20329712461083302,0,172.20282431375352,13.122607374822792,1.0452929245517597,0.0087382614972320773,0
4,2017-06-16,3048,2.674409574321055,1.6353622150218143,0.13102289108054435,0.013646316228281857,0,6.2818346654752952,2.5063588461102881,0.20080590042144678,0.31299550382426855,1
4,2017-06-19,3049,12.114649926696728,3.4806105680895598,0.2801972764522267,6.4785413298858933e-05,0,50.326614623968048,7.0941253600403797,0.57109365319919325,0.00010255883134693421,0
4,2017-06-20,3050,0.00076728831474544713,0.027699969580226025,0.0022293738092737242,0.0093774921184993053,0,10.55515446003203,3.2488697203846186,0.26147844832069367,0.018552640420722213,0
4,2017-06-21,3051,81.637820968663121,9.0353650157956054,0.72236688645631641,0.0028416340360231359,0,171.51672047534055,13.096439228864483,1.0470450294902849,0.0069908564333427065,0
4,2017-06-22,3052,257.15470964704303,16.036044077235601,1.2770601319770327,0.025949702973219704,0,278.266396197321,16.681318778721334,1.328447780418996,0.018974959370343818,0
4,2017-06-23,3053,30.555466953697231,5.527699969580226,0.44292467704969757,0.44984203786640969,1,0.283032387805432,0.53200788321737491,0.042628836796264016,0.20157143736391445,0
4,2017-06-28,3054,1.0561672274751974,1.027699969580226,0.082645755494992035,0.4189876885641331,1,25.321103336761805,5.0320078832173749,0.40466488807538198,0.69610918313511183,1
4,2017-06-29,3055,6.6876239694050978,2.586044077235556,0.20817420625764185,0.010637289117462083,0,20.670109661758289,4.5464392288645286,0.3659842406008878,0.22936004316700687,0
4,2017-06-30,3056,11.070025284721325,3.3271647516648954,0.27066623971241777,0.040632082456426986,0,96.349816899791477,9.8157942572056527,0.79851895523332539,0.25911903261555513,1
4,2017-07-03,3057,201.31213968933292,14.18845092634615,1.1627018705520078,0.44031226944837887,1,345.43643154265055,18.58592025008852,1.5230615627377302,0.12209187867513389,0
4,2017-07-05,3058,18.535466606633516,4.3052835686669368,0.35148041216972292,0.14032877517550824,0,1.0599167283902948,1.0295225730358197,0.084049520208655373,0.16678738589453213,0
4,2017-07-06,3059,183.74571262697185,13.555283568666937,1.1150646624165621,0.60616542109697924,1,105.66858432955296,10.27952257303582,0.84559886258674943,0.14556205945054038,0
4,2017-07-07,3060,186.87086041076091,13.670071704667862,1.1279867732212114,0.0084461991863181152,0,136.97287462944183,11.703541114954987,0.96571838558915635,0.016591781397512956,0
4,2017-07-10,3061,7.4103173356255061,2.722189805216658,0.22477930764350423,0.034413399195254324,0,66.630163119763978,8.1627301266037193,0.67402090141643367,0.02400740312151629,0
4,2017-07-11,3062,12.479221330044965,3.5325941360486013,0.28984198687632107,0.042788012402408621,0,25.630758697143868,5.0626829544366956,0.41538258569385428,0.15161390333730501,0
4,2017-07-12,3063,24.602311315446389,4.9600717046678255,0.40693015872244037,0.033834331130535931,0,22.123299020072004,4.7035411149549873,0.38588408523709794,0.0059892095181848723,0
4,2017-07-13,3064,1.1984040650302985,1.0947164313329267,0.088979633531084026,0.66021056823621804,1,19.101072939602251,4.3704774269640438,0.35523672494221276,0.1792034970901579,0
4,2017-07-14,3065,2.1335009974852088,1.4606508814515564,0.11772322236160036,0.63440513090277129,1,77.470180785526281,8.8017146503125332,0.70938663311001682,0.36099100423183095,1
4,2017-07-18,3066,27.072219432053632,5.2030971000024238,0.41887832387412338,0.092226880828356991,0,29.950912650772249,5.47274269912009,0.44058629788029546,0.036920868959644415,0
4,2017-07-19,3067,14.230247519504685,3.7723000304197285,0.30453701706787184,0.023943058497070343,0,96.668379015647716,9.8320078832173294,0.79373600413476464,0.0092135378604441039,0
4,2017-07-20,3068,119.9899072819466,10.953990472971327,0.87733694869819612,0.011962287139606504,0,1.8069848589042061,1.3442413692876016,0.10766420001502558,0.14718401046032972,0
4,2017-07-21,3069,322.34577390354519,17.953990472971327,1.4299701702816556,0.039617693459100725,0,31.987605688877782,5.6557586307123984,0.45046064519233792,0.22685056642918539,0
4,2017-07-24,3070,21.294881886548374,4.6146377849781857,0.36787609893002116,0.017755173584757433,0,14.014849089096693,3.7436411538897119,0.29844078076289154,0.033366112267571559,0
4,2017-07-25,3071,53.226945718356859,7.2956799353012229,0.58454290003214682,0.27451253014635163,1,6.5349705500872535,2.55635884611047,0.20482003414073152,0.25229540805621292,1
4,2017-07-26,3072,552.43756815352481,23.503990472971282,1.8637689693895236,0.23176455252091926,0,125.56902648978439,11.205758630712353,0.88857018719469927,0.07470826208584859,0
4,2017-07-27,3073,223.01947556421135,14.933836598952439,1.1806337733380059,0.0013475515541700271,0,169.26661095950172,13.010250226629068,1.0285595878432341,0.0037793358531181508,0
4,2017-07-28,3074,22.600530417781854,4.7540015163840508,0.37505435812268162,0.080258993543483328,0,0.94596510555994806,0.97260737482292825,0.076731282775663948,0.11636948910554146,0
4,2017-07-31,3075,0.27761402819321618,0.52689090729791133,0.041456462276085709,0.0020928628793513539,0,14.037799116984862,3.746705101417092,0.29479563329927155,0.038513192522903396,0
4,2017-08-01,3076,105.32756248573112,10.262921732417681,0.80835867457606181,0.08598485025900858,0,68.484845255001275,8.2755570963531682,0.65182396789171149,0.015936004573925234,0
4,2017-08-02,3077,138.36632768298418,11.762921732417681,0.927602060753701,0.55208241949273185,1,95.56151654406078,9.7755570963531682,0.77088219354571152,0.57442649365467868,1
4,2017-08-03,3078,252.09545506789573,15.877514133764635,1.262424595194771,0.25642333836353065,1,407.05310414820116,20.175557096353032,1.6041629240958124,0.34380584033294703,1
4,2017-08-04,3079,98.222283685235681,9.9107155990491265,0.78781523044905621,0.51914996156828441,1,261.54846818933549,16.172460177392168,1.2855691714938131,0.28386935178644435,1
4,2017-08-07,3080,64.270575682814467,8.0168931440312008,0.6353537124767159,0.078399471424025396,0,5.3536370434207106,2.3137927831637626,0.18337238731683014,0.407013993560427,1
4,2017-08-08,3081,68.12854103247021,8.2540015163840508,0.64938448655710246,0.011030928074725454,0,6.3877134817994499,2.5273926251770717,0.19884289565139623,0.024919114383065242,0
4,2017-08-09,3082,273.40761717404024,16.535042097740188,1.2873748129663802,0.0011140210763472876,0,161.2529341378883,12.698540630241268,0.98867491671140362,0.00084007780553897705,0
4,2017-08-10,3083,2.5825071756218256,1.6070181005893573,0.12532309916473192,0.0012642498800363433,0,19.575695007631211,4.4244429036468773,0.34503960880034917,0.0016140239520888511,0
4,2017-08-14,3084,165.58180496010499,12.86785937753848,1.0110280398773113,0.20652732999659526,0,231.13942301929347,15.203270142284964,1.1945213232987597,0.0082353410918035493,0
4,2017-08-16,3085,81.98820162389859,9.0547336583633751,0.70034292353340355,0.1297250043141632,0,24.470136285210319,4.9467298577151269,0.38260730587942815,0.039473834226461904,0
4,2017-08-21,3086,45.294084927108216,6.7300880326417882,0.52406852769364487,0.10374009523263425,0,127.27996209513026,11.281842141030438,0.87851130205812478,0.023561204833640527,0
4,2017-08-22,3087,3.5362056176257035e-07,0.00059466003881425422,4.6217700137119973e-05,0.25862333964148015,1,1.6985130637712336,1.3032701422848731,0.10129173763532219,0.012877526973962633,0
4,2017-08-23,3088,21.85917458279452,4.6753796191105721,0.36271370202564562,0.084457237421821041,0,42.014277541238641,6.4818421410304836,0.5028581955803324,0.098765646013159236,0
4,2017-08-24,3089,1091.1223141020785,33.032140622461611,2.504996824211247,0.0036349371842538353,0,942.28922395753932,30.696729857715127,2.3278906349459767,0.026885824662353421,0
4,2017-08-29,3090,33.633249258543778,5.7994180103303279,0.44321115860376981,0.094688390416813803,0,13.866603053220448,3.7237888035199376,0.28458454746044615,0.34033923460790749,1
4,2017-08-30,3091,1.4818919278312719,1.2173298352670372,0.092801969526741926,0.26914754664933549,1,2.7304628503380131,1.6524112231336403,0.12596998079921023,0.24805430138142637,0
4,2017-08-31,3092,108.69181587003118,10.425536718559442,0.78957412288393225,0.0020086607197554954,0,48.966248690127308,6.9975887768664506,0.52995976801472666,0.011600624574782286,0
4,2017-09-01,3093,633.11063126899717,25.161689753849942,1.8839945905319861,0.0093836240821957972,0,402.52313501518972,20.06297921583905,1.502225990478758,0.015318356624702994,0
4,2017-09-05,3094,169.65405788654465,13.025131780006859,0.97358685801897527,0.34304399964054361,1,188.53416090075157,13.730774228016116,1.0263313695867338,0.44150908426009661,1
4,2017-09-06,3095,26.304220174623385,5.1287640006753463,0.38174648311688475,0.006679855127963554,0,267.03710239871293,16.341269913893257,1.2163207974613515,0.028701968522803666,0
4,2017-09-07,3096,62.074922178337786,7.8787640006753463,0.58523780877811293,0.00066911953756503353,0,364.47658692512584,19.091269913893257,1.4181073287942996,0.0020542674173827592,0
4,2017-09-08,3097,40.778320182111706,6.3857904899950881,0.47862318168153861,0.00066758273320807553,0,49.579482000298988,7.0412699138933021,0.52775220460900174,0.01652021784052066,0
4,2017-09-11,3098,20.574751446285436,4.535939973840641,0.34194798144294314,0.30704562150570297,1,0.43392532634219749,0.65873008610674333,0.049659260166358334,0.21273407743820646,0
4,2017-09-12,3099,3.9270205531550189,1.9816711516180021,0.14927280717246072,0.054445723849558078,0,3.562605590326744,1.8874865801712986,0.14217819141812352,0.0096480632915522564,0
4,2017-09-13,3100,0.99460071453364496,0.99729670336046183,0.075293247016757534,0.011637457640029183,0,0.18556643552292029,0.43077422801616194,0.032522307803870137,0.00051321272330732992,0
4,2017-09-14,3101,2.3277708621326481,1.5257033991351818,0.1153345730154728,0.36462081397713542,1,1.6109340602680851,1.2692257719838835,0.095946310767198367,0.78264027906706068,1
4,2017-09-15,3102,215.72487878139549,14.687575660448374,1.1215314340598943,0.23547636362829238,0,210.80791701784099,14.519225771983884,1.1086763723261976,0.75720619791855248,1
4,2017-09-19,3103,14.709026183687573,3.8352348277110195,0.29247577424777088,0.51479189112454582,1,154.78589846043042,12.441298101903612,0.94877587904397265,0.61483801727694243,1
4,2017-09-20,3104,240.01070583054573,15.492278910171535,1.1989999930478705,0.0033665623354783734,0,546.95274115877839,23.387020784160995,1.8100008346227843,0.00024573100289089923,0
4,2017-09-21,3105,11.99731018642821,3.4637133522317072,0.26750952674016892,0.90636776353712689,1,0.1935056483068395,0.43989276910042463,0.033973800517487225,0.033035604258578474,0
4,2017-09-22,3106,0.14090985844363232,0.37537961911061757,0.029024945419517324,0.0012561700440426374,0,1.8239280874928836,1.3505288177202601,0.10442502263359314,0.00229432418698376,0
4,2017-09-25,3107,208.28668294650268,14.432140622461475,1.1101219662675648,0.67185663773487325,1,146.33087325053333,12.09672985771499,0.93048189359755329,0.55443960416926896,1
4,2017-09-26,3108,44.631764818209156,6.6807009226733953,0.52089204496303421,0.0093672508984854758,0,146.42279766847847,12.10052881772026,0.94347423630425797,0.0045363573403490237,0
4,2017-09-27,3109,73.331219281835175,8.5633649508727103,0.66726652517806606,0.039643547426398286,0,147.18159373488533,12.131842141030575,0.94532607168976313,0.16820686398338724,0
4,2017-09-28,3110,2.3193803107370576,1.5229511846205241,0.11869310144342017,0.017494005419799848,0,16.356560812795422,4.0443245187293542,0.31519947928683301,0.024565068682754543,0
4,2017-09-29,3111,133.10417495232446,11.537078267582501,0.89337759544544681,0.023376464903968889,0,182.91055585400807,13.524442903647014,1.0472698547039658,0.046529937953056474,0
4,2017-10-10,3112,213.70416390687836,14.618623871858745,1.1338858927173741,0.092298764413992582,0,129.37795136832383,11.374442903646923,0.88225269758750624,0.091051965501535576,0
4,2017-10-11,3113,227.87041442218089,15.095377253390552,1.1699575472498007,0.040265377496513051,0,153.12683717561768,12.374442903646923,0.95907327290423749,0.057448467290416395,0
4,2017-10-12,3114,361.36161905130012,19.009513908864164,1.4627203684875474,0.29188893817947059,1,135.64631637858878,11.646729857714945,0.89617804383771515,0.1147830118009794,0
4,2017-10-13,3115,197.94517652726324,14.069299077326605,1.0795134717506796,0.0016597459217188347,0,74.813351733087686,8.6494711822797399,0.66365926358319194,0.02027428789234199,0
4,2017-10-16,3116,51.606097626967482,7.1837384158227451,0.55915457605158547,0.12684970831416092,0,110.03785030722442,10.489892769100379,0.81649291839660465,0.0948335460585253,0
4,2017-10-17,3117,17.376500298562206,4.1685129601048629,0.32561419778978773,4.5391691753230618e-05,0,60.113197899246799,7.7532701422849186,0.60562960024097157,1.3938052969685403e-05,0
4,2017-10-18,3118,0.072158784532432144,0.26862387185883563,0.021070191533362273,0.00054625376017683968,0,8.853940033656615,2.9755570963529863,0.23339533268122878,0.00091129336922446391,0
4,2017-10-23,3119,72.919378080323696,8.539284400950919,0.66898698742221929,0.0016927355107104029,0,5.1871876435647231,2.2775398226078778,0.17842765659507837,0.0044042296937622221,0
4,2017-10-24,3120,50.257953317565388,7.0892844009508735,0.55602230595693125,0.79480929715600546,1,0.68482215800180257,0.82753982260783232,0.06490508412610449,0.322153408157415,1
4,2017-10-25,3121,34.097242315188204,5.8392844009508735,0.45843253393137379,0.010169849416339822,0,0.17847260148222177,0.42246017739216768,0.033166647881622588,0.11976576890350314,0
4,2017-10-26,3122,2.1336900613053156,1.460715599049081,0.11533938166126424,0.054941686842717032,0,59.636391191407171,7.7224601773921222,0.60977221188298958,0.01446392009640216,0
4,2017-10-27,3123,485.48995526933197,22.033836598952348,1.7322198584082034,0.0011702895739496295,0,441.06828203372157,21.001625699781471,1.6510712028130086,0.028247782355665108,0
4,2017-10-30,3124,267.87519118813998,16.366893144031337,1.2885795491895711,0.56268553878799221,1,113.71647652225846,10.663792783163899,0.83956956132455995,0.28635985651377327,1
4,2017-10-31,3125,541.34831657576615,23.266893144031201,1.8219249946385185,0.00043050099068900739,0,308.48681692991545,17.563792783163763,1.3753410424935408,0.0015246512384588032,0
4,2017-11-01,3126,646.01845709510485,25.416893144031292,1.9869366122601071,0.17937099486603511,0,388.63362589752325,19.713792783163854,1.5411032507163738,0.040262681874217519,0
4,2017-11-02,3127,4.9340467939847077,2.2212714363590749,0.17477940328578762,0.54771291005751288,1,14.414969627126226,3.7967051014170465,0.29874145105177796,0.36652685578372896,1
4,2017-11-06,3128,48.602136903816316,6.9715232843200283,0.54652894985262068,0.071382624746512746,0,2.0378699451309417,1.4275398226077414,0.11191124354090166,0.096929167143445655,0
4,2017-11-07,3129,287.42428460779104,16.953592085684704,1.3203732153960051,0.34563903017773401,1,96.580538964942789,9.8275398226078323,0.76538472138690283,0.3046391408356991,1
4,2017-11-08,3130,1.8284000207755158,1.3521834271930402,0.10524466276409093,0.13731071183560098,0,5.4958574491154044,2.3443245187293087,0.1824661051314842,0.15624081921975905,0
4,2017-11-09,3131,0.94223759476140567,0.97068923696588172,0.075581191074194642,0.29133171031576394,1,8.090181967844714,2.8443245187293087,0.22146885608730896,0.21448718644375078,0
4,2017-11-10,3132,31.574163327917418,5.6190891902440399,0.43969554288071044,0.35041864424100999,1,84.535603355705263,9.1943245187292177,0.71945886135836434,0.48927166641881081,1
4,2017-11-13,3133,32.865662445313404,5.7328581392978322,0.44977703901599192,0.15104755240685269,0,10.729274291469599,3.2755570963531682,0.25698706232176122,0.28176867562756824,1
4,2017-11-14,3134,184.18624425684439,13.571523284320165,1.0584560352768806,0.080219346050994594,0,64.441395603555321,8.0275398226078778,0.62607548140757119,0.026403527384815891,0
4,2017-11-15,3135,22.286762920884303,4.720885819513569,0.36881920464949758,0.12317114792991736,0,4.5132576508557687,2.1244429036469228,0.16597210184741584,0.46736711305561357,1
4,2017-11-16,3136,146.65749514830537,12.110222753868129,0.94290674301149446,0.14181633208380898,0,93.186102399004156,9.6532948985827716,0.75160936649533017,0.078494552961000483,0
4,2017-11-17,3137,13.355346780058115,3.6544967888969495,0.28413130064507458,0.18530874334377112,0,0.89174879667316875,0.94432451872921774,0.073419726226809034,0.28580332837218086,1
4,2017-11-20,3138,28.805199433935194,5.3670475527924282,0.41822236053864481,0.22271074638924723,0,14.778831005303331,3.8443245187293087,0.29956553562918325,0.27482455484555268,1
4,2017-11-21,3139,76.238841501642653,8.7314856411519486,0.67846347108682914,0.14308518579378335,0,82.345514011548815,9.0744429036469683,0.70511231233901617,0.067940850873821027,0
4,2017-11-22,3140,8.3336976201390538,2.8868144415841925,0.22369736083566,0.019716324920584543,0,11.260557935601591,3.3556754812707368,0.26002909579780992,0.27411177192496161,1
4,2017-11-24,3141,38.765552236355362,6.2261988593647857,0.48082468602708972,0.074064040851511623,0,37.559018085902096,6.1285412690053818,0.47328297698705546,0.11953076622736719,0
4,2017-11-27,3142,21.112705353813595,4.5948564018708566,0.35568033454896908,0.0045685045003214641,0,7.8429616588818929,2.8005288177203056,0.21678436488139535,0.04170294784536413,0
4,2017-11-28,3143,11.595002923879889,3.4051435981291434,0.26522908424887204,0.17821904960479643,0,116.65142274240678,10.800528817720306,0.84126095865718797,0.16490875769632934,0
4,2017-11-29,3144,81.553559154772472,9.0307009226733044,0.70541328875748355,0.35649396709903902,1,208.81778311176106,14.450528817720169,1.1287711933854216,0.045653612536818322,0
4,2017-11-30,3145,17.402334179865701,4.1716105019363567,0.3275833760207591,0.25584974078564116,1,19.585555613080679,4.4255570963530317,0.34752499873202963,0.078408762442604835,0
4,2017-12-04,3146,18.566429125138086,4.3088779427059762,0.34027307452467631,0.024186782406466458,0,61.975629244626234,7.8724601773922132,0.62168997689269634,0.044534697697519991,0
4,2017-12-05,3147,235.76735603804357,15.35471771274365,1.2150603555229602,0.011006088188481455,0,139.48201041559088,11.810250226629023,0.934577053622618,0.031289252048465409,0
4,2017-12-06,3148,44.285267836303468,6.6547177127436044,0.53025639145367365,0.032050179972813564,0,9.6736564722456055,3.1102502266289775,0.24782870331705004,0.082810332615641871,0
4,2017-12-07,3149,264.0369055773599,16.249212460219724,1.2992613808995099,0.0022732722554963682,0,134.19382269139163,11.584205742794438,0.92625480692395457,0.0032785712399235113,0
4,2017-12-08,3150,104.10319043207787,10.203097100002424,0.81811306579019549,0.0061064984757598518,0,83.862045254955817,9.1576222489768497,0.73428394731803304,0.0035151480830013962,0
4,2017-12-11,3151,36.772438543844096,6.0640282439846942,0.48867984881817178,0.0021247504433870574,0,49.082366651877159,7.0058808619528463,0.56458061583953956,0.0012483941371984426,0
4,2017-12-12,3152,16.899857532378803,4.110943630406382,0.33082071624402543,0.0011649937139711351,0,83.295542505297533,9.1266391681328969,0.73444969767294865,0.0011960521453121976,0
4,2017-12-13,3153,155.27511616016312,12.460943630406291,0.99607862753047882,0.26195507563026288,1,305.43291661311372,17.476639168132806,1.3970135226325184,0.26900915856736857,1
4,2017-12-14,3154,280.88643343754211,16.759666865350937,1.3358573940180885,0.055559121989632171,0,285.48965861470907,16.896439228864438,1.3467590649501386,0.0018739686097500833,0
4,2017-12-15,3155,785.27929535532724,28.022835248335014,2.2229759835264966,0.043738212832251988,0,358.38054937337637,18.930941587078451,1.5017405669584685,0.042815708503090334,0
4,2017-12-18,3156,287.91880366564709,16.968170309896323,1.3463062093780556,0.013234506309047834,0,415.86752640641737,20.392830269641763,1.618029140289742,0.0020760289345797896,0
4,2017-12-19,3157,119.85201114436602,10.947694330057175,0.8657383519874402,0.013849426034711735,0,29.222762698156863,5.4058082372719127,0.42748869062290246,0.12272547351110979,0
4,2017-12-20,3158,115.92598797498607,10.766893144031201,0.85144068198419998,0.10726440438178282,0,25.641997350821406,5.0637927831637626,0.40044227457702447,0.33075021768066937,1
4,2017-12-21,3159,133.83553233153123,11.568730800374396,0.91232449827486284,0.17601968684036703,0,73.338546832967737,8.5637927831637626,0.67535134917107076,0.11060695482047347,0
4,2017-12-22,3160,65.17915687822952,8.0733609406634059,0.63102711745063356,0.12759731299851831,0,27.327172596951677,5.2275398226079233,0.40859307664592182,0.12395467660997389,0
4,2017-12-27,3161,158.50627793352444,12.589927638136942,0.97520740806637807,0.097222852486068795,0,186.28667941723887,13.648687827671893,1.0572182670543682,0.015108817185003075,0
4,2017-12-28,3162,952.19752258866106,30.857697947006045,2.3474855798407033,0.045346650664373919,0,704.72886613849892,26.546729857715036,2.019530609183342,0.0015060642911635777,0
4,2018-01-04,3163,174.37439988799889,13.205089923510513,1.0072532359657143,0.0018934549741801041,0,140.72191899909024,11.862626985583347,0.90485331697813476,0.010357658501791531,0
4,2018-01-09,3164,36.40101573755031,6.0333254294419021,0.45715669099768153,0.40066086412066626,1,40.29188328019977,6.3475887768663597,0.48096903026075849,0.15996599173292167,0
4,2018-01-10,3165,6.8608753970417418,2.6193272794826044,0.19797643924890249,0.045973873645989809,0,53.63708752713665,7.3237345341797209,0.5535493393431633,0.094291094825665583,0
4,2018-01-11,3166,54.735940683662427,7.3983741919196291,0.55466313243015553,0.0082344393260999609,0,94.687967076622641,9.7307742280161165,0.72952537601800183,0.064964704517163879,0
4,2018-01-16,3167,5.7576268148411174,2.3995055354887427,0.17965077194540055,0.00086543536607880281,0,99.74988818910451,9.987486580171435,0.747762256592029,0.0014713228938901359,0
4,2018-01-17,3168,6.2718327472509774,2.504362742745343,0.18798699465135438,0.023130189878459839,0,25.414402344725783,5.0412699138933021,0.3784168979052171,0.0059373045538925317,0
4,2018-01-18,3169,0.012142221310816968,0.1101917479252279,0.008268929005345033,0.72208921956192351,1,29.607418275838938,5.4412699138931657,0.40831981944268092,0.48418877200329963,1
4,2018-01-22,3170,0.82844901799151272,0.9101917479254098,0.068260968046003428,0.00060601906079875444,0,38.953450138070274,6.2412699138933476,0.46807183995000351,0.0015897471082281149,0
4,2018-01-23,3171,449.87223398376125,21.210191747925364,1.5668310370041638,4.7779872786968862e-05,0,704.43900864213776,26.541269913893302,1.960646370236633,0.00049237032523862662,0
4,2018-01-24,3172,10.655063725205617,3.2642095100047754,0.24289984075639212,0.0021556022898097087,0,278.59849133843517,16.691269913893166,1.2420485853252348,0.040404624541715749,0
4,2018-01-29,3173,3.5286828349947283,1.8784788620037034,0.1396742406129603,0.83289470584544356,1,314.75265815761725,17.741269913893348,1.3191516033826565,0.71728259896427249,1
4,2018-01-30,3174,2.9876391763940893,1.7284788620038398,0.12850666235484479,0.00012632596739542651,0,320.09753913178037,17.891269913893211,1.3301564933566197,0.00068468381488837298,0
4,2018-01-31,3175,44.164494555009384,6.6456372572545206,0.49544393761915395,0.0086364087875378612,0,201.39214176896934,14.191269913893166,1.0579841140562243,0.017709269591585457,0
4,2018-02-01,3176,4.4120769954424333,2.1004944645112573,0.15779547492853976,0.89778849959607399,1,30.112508967561592,5.487486580171435,0.41223653083209516,0.21713631742051839,0
4,2018-02-02,3177,6.2511585492226969,2.5002316991076441,0.18747988145678196,0.72632479982254938,1,63.003693210398737,7.9374865801712531,0.59519245502183971,0.23848161444595659,0
4,2018-02-05,3178,10.647055040684084,3.2629825376002373,0.24507905494969484,0.003370980521156355,0,32.918752257647306,5.737486580171435,0.4309363512221297,0.0015960630455238013,0
4,2018-02-06,3179,12.159290783080881,3.4870174623997627,0.26324066450758787,0.86345702284468973,1,1.0251834253329359,1.012513419828565,0.076436297877066767,0.79637524479498278,1
4,2018-02-07,3180,61.276055477859792,7.827902367675506,0.5950741090634768,0.20196992854815571,0,75.155475485627193,8.6692257719837471,0.65903118871745381,0.50098542591137596,1
4,2018-02-08,3181,13.436476067005168,3.665579908691825,0.27894223489017772,0.64726348822488322,1,2.6447393653197975,1.6262654658203246,0.12375507692111139,0.56384057368071894,1
4,2018-02-09,3182,927.30984057669866,30.451762520036482,2.2788971015930017,0.62163292522519231,1,431.10130591736629,20.762979215839096,1.5538244502031129,0.43833283403932022,1
4,2018-02-14,3183,28.755660036107017,5.3624304224956632,0.40369107708779034,0.091982905532735248,0,17.899450568445367,4.2307742280161165,0.31849845507705926,0.00022219999785323097,0
4,2018-02-22,3184,13.618059454159543,3.6902654991422423,0.27789190098589872,0.17739480780354691,0,14.674831186033519,3.8307742280162529,0.28847277593405268,0.17221423601149691,0
4,2018-02-23,3185,35.142562353370451,5.9281162567353931,0.44455315011139057,0.33442889679836446,1,61.426195894365911,7.837486580171344,0.58773802625956839,0.47473191519925989,1
4,2018-02-26,3186,0.33546957588111703,0.57919735486370882,0.043688278699883752,0.034848844144337872,0,2.6594245827618574,1.6307742280162074,0.12300767324278389,0.016047672232988672,0
4,2018-02-27,3187,41.084696371487993,6.4097345008578941,0.48637815387622979,0.30600959115801324,1,39.303191780106921,6.2692257719838835,0.47571618712174257,0.27924243958190209,1
4,2018-02-28,3188,63.513157581402488,7.9695142625760127,0.60940655802531163,0.0043435168356690153,0,238.32981661234174,15.437934337609477,1.1804958392360525,0.01074891544128182,0
4,2018-03-01,3189,162.27774063053096,12.738828071315311,0.96477037801539767,0.033256136686258,0,48.966248690127308,6.9975887768664506,0.52995976801472666,0.078929576541650795,0
4,2018-03-05,3190,655.45024413234944,25.601762520036573,1.9229204236169875,0.15631759002139134,0,253.22290752372993,15.912979215839187,1.1952064905993078,0.35835973335454419,1
4,2018-03-06,3191,41.119263923350239,6.4124304224958451,0.48235522961455124,0.00041459901441936022,0,27.886576447281133,5.2807742280162984,0.39722989529233471,0.0015877457627490456,0
4,2018-03-07,3192,10.625869016082671,3.2597345008578031,0.24676264200286172,0.0026574742759938289,0,9.7295694166078874,3.1192257719837926,0.23612609931747106,0.0031308081345424741,0
4,2018-03-08,3193,23.730847794192965,4.8714318012462172,0.36888019091672103,0.43961465356773716,1,6.6974041357786716,2.5879343376095676,0.19596655592984763,0.092021190952144616,0
4,2018-03-09,3194,41.00474109161312,6.4034944437871673,0.48542580023402698,0.26919380105298663,1,13.417416735669862,3.6629792158391865,0.27767723275133127,0.079808690148831421,0
4,2018-03-12,3195,141.49595742336535,11.895207329986533,0.89927857342555539,0.064437978367586926,0,52.750867089710681,7.2629792158390956,0.54908177779921341,0.019552502794795555,0
4,2018-03-13,3196,125.18084482754335,11.188424590957538,0.84533448611367445,0.12709884120466397,0,65.011633835052507,8.0629792158390501,0.60919339774387449,0.31099836633607508,1
4,2018-03-14,3197,39.505146326585901,6.2853119514138598,0.47661133280863394,0.021159162482692982,0,10.647033362997918,3.2629792158390956,0.2474297035707371,0.032325118970357683,0
4,2018-03-15,3198,114.09106660491511,10.681341985205563,0.81530737998668534,0.20403878895725833,0,189.8878788497023,13.779981090324554,1.0518266613483365,0.16068031458929455,0
4,2018-03-16,3199,22.456491489485988,4.7388280713153108,0.36108107827760672,0.0064303494053101753,0,1.0048282602640985,1.0024112231335494,0.076380007858392968,0.095043842213998656,0
4,2018-03-19,3200,11.147772889802511,3.3388280713152199,0.25467796119872005,0.21985341857951396,0,5.771579685038474,2.4024112231336403,0.18325028399188714,0.61054187230570101,1
4,2018-03-20,3201,390.42828409612815,19.759258186888701,1.4866085984944286,0.35007657585218344,1,135.26321752454629,11.630271601495224,0.8750157319712013,0.072591034707759655,0
4,2018-03-22,3202,896.43433656961088,29.940513298365659,2.2234155130228475,0.017582288667243606,0,953.18748408699867,30.873734534179675,2.2927175504366315,0.23509190273022079,0
4,2018-03-23,3203,177.23550404644763,13.312982537600192,0.99243225894369469,0.00063504999065929152,0,249.24473251909171,15.78748658017139,1.1768971322204622,0.00033563252633849079,0
4,2018-03-27,3204,5.0821513758783059,2.254362742745343,0.16918929361291929,0.028005823800407229,0,27.997537301672434,5.2912699138933021,0.39710832780917121,0.14901254929728272,0
4,2018-03-28,3205,28.227783444844572,5.3129825376001918,0.39843882692265864,0.60929479778997164,1,60.644947236349481,7.7874865801713895,0.5840103926035014,0.27266199304372585,1
4,2018-04-03,3206,60.346933096603976,7.7683288483819979,0.5808964965514094,0.012805026869473379,0,135.43109390366706,11.637486580171299,0.8702225813333806,0.0088774778883459957,0
4,2018-04-04,3207,5.84831441891704,2.4183288483820888,0.18156303527775733,0.018615469878016908,0,39.532487495835312,6.2874865801713895,0.47205124668128606,0.022068898142377707,0
4,2018-04-09,3208,156.20784982480356,12.498313879272018,0.93344141896799859,0.33672677444753135,1,219.95186420239108,14.830774228016253,1.1076421246511261,0.17168954106728027,0
4,2018-04-10,3209,450.21747911808166,21.218328848382043,1.5708553654178823,0.024717163379617161,0,629.38198291027732,25.087486580171344,1.8573005056576972,0.15511785033791381,0
4,2018-04-11,3210,8.8730349717188535,2.9787640006752554,0.22207209159989977,0.00092941417593562288,0,201.39214176896934,14.191269913893166,1.0579841140562243,0.00057789872349540234,0
4,2018-04-12,3211,18.120492363300158,4.2568171634802638,0.31679818140062987,0.11061772774994823,0,325.35092212986297,18.03748658017139,1.3423745315302069,0.40676239792020147,1
4,2018-04-13,3212,76.811368335258152,8.7642095100047754,0.64951343313482612,0.0097383780035814119,0,492.45246039125999,22.191269913893166,1.6445896108417508,0.059715766365068708,0
4,2018-04-16,3213,78.313748222642673,8.8495055354885608,0.65937750804623807,0.034724852708459313,0,223.24154663980909,14.941269913893166,1.1132754574095198,0.010789081813426847,0
4,2018-04-17,3214,144.16365839724426,12.006817163480264,0.88843961400571703,0.25974018367513962,1,664.9944641225195,25.78748658017139,1.9081347130986266,0.13569453915545707,0
4,2018-04-18,3215,64.227554070250989,8.0142095100047754,0.59426141999145599,0.037064371565484935,0,459.72805552042024,21.441269913893166,1.5898909916871695,0.019665274773422121,0
4,2018-04-19,3216,345.9427149603772,18.599535342593299,1.3913996889914568,0.64693941814405687,1,91.992458561153953,9.5912699138932567,0.7175066327954559,0.20112714585409766,0
4,2018-04-20,3217,187.76161806183617,13.70261354858394,1.0347061503121604,0.12137339403950369,0,1.8564428192133033,1.3625134198287014,0.1028855561299329,0.18741347217934645,0
4,2018-04-23,3218,28.061352363433134,5.2972967033604164,0.39863767192387528,0.18421515465733693,0,22.380224796461484,4.7307742280161165,0.35600513436551279,0.042178125672095584,0
4,2018-04-24,3219,79.32946904426953,8.9067092152079113,0.6739083127308978,0.040471168079543145,0,0.15176140531384516,0.3895656623906234,0.029475705549171369,0.084195404239088403,0
4,2018-04-25,3220,37.431368703395371,6.1181180687688084,0.46324813120078806,0.10351378879654553,0,9.2494941446419627,3.0412981019035215,0.2302792535703431,0.15562355929358077,0
4,2018-04-26,3221,24.375391807039811,4.9371440942147728,0.37855728371528696,0.15848802229293765,0,127.39683818207921,11.287020784160859,0.86543634290452842,0.25420522056647094,1
4,2018-05-02,3222,0.42311872164657716,0.65047576561050846,0.049783848584915691,0.36498925065110543,1,46.272798448615745,6.8024112231337313,0.52061925785502317,0.066779465982703595,0
4,2018-05-08,3223,369.37978675508407,19.219255624375364,1.4628196235776814,0.034373389648620599,0,216.46139281691265,14.712626985583256,1.119810251214618,0.31623288300551644,1
4,2018-05-09,3224,34.020041250565519,5.8326701647329173,0.44227101643410049,0.019034019391100557,0,29.133964604153196,5.3975887768663142,0.40928031368413065,0.12874785247333001,0
4,2018-05-10,3225,100.44805080647689,10.022377502692507,0.75677709840242435,0.31444193765136746,1,119.84970002736829,10.947588776866269,0.82663863607552912,0.17294714611426903,0
4,2018-05-11,3226,51.504995877797192,7.1766981180621769,0.54375104125939899,0.20691442724071099,0,19.035587637843136,4.3629792158390046,0.33056629282410915,0.28729912594928947,1
4,2018-05-14,3227,107.69315102624968,10.377531066021902,0.80135375027196154,0.34045005237836029,1,419.71802061064091,20.487020784160904,1.5820093269622322,0.020919007942326935,0
4,2018-05-15,3228,234.69489410528436,15.319755027587235,1.1864282693194375,0.0012660221551276335,0,414.68978076031738,20.363933332249871,1.5770713132429715,0.0095543163368204918,0
4,2018-05-16,3229,5.0393802650209771,2.2448564018709476,0.17408735183179119,0.0057157632194355023,0,26.527947102166394,5.1505288177202146,0.39942061401475099,0.023259172241410875,0
4,2018-05-17,3230,31.344245338377174,5.5985931570687626,0.43457216153603689,0.019098648763945094,0,1.335585818010244,1.1556754812706913,0.089705463111906483,0.064778272079961743,0
4,2018-05-18,3231,3.9337852699184719,1.9833772384290569,0.15394708258074724,0.26191298059270562,1,12.087718027970961,3.4767395686146756,0.26985986483600544,0.036891786728962012,0
4,2018-05-21,3232,91.894917533763874,9.5861836793253588,0.74136218083796912,0.11230622782446871,0,246.44879951069223,15.698687827671847,1.2140820407309731,0.6368424190991141,1
4,2018-05-22,3233,3.725239813747224,1.9300880326418337,0.14973530121348594,0.18013404917061521,0,42.014277541238641,6.4818421410304836,0.5028581955803324,0.17132863479875809,0
4,2018-05-23,3234,193.76394917899856,13.919911967358075,1.0667825395530579,0.00017370693862967445,0,87.762381670570605,9.3681578589694254,0.717949025479513,0.0019357986823029904,0
4,2018-05-24,3235,279.2658918821337,16.711250458362883,1.2820291874463279,0.044468156795554464,0,78.313140206000384,8.8494711822797854,0.67890074279093104,0.15359602463380068,0
4,2018-05-25,3236,193.52288931530279,13.911250458362929,1.0695202935621533,0.14811225780878209,0,36.596101585234138,6.0494711822798308,0.46509350213576001,0.0051099239943370473,0
4,2018-05-30,3237,255.65677677520753,15.989270676775959,1.2249029514517915,0.0017536407039027016,0,102.21426822028695,10.11010723089953,0.77451313677554146,0.0037480250661737729,0
4,2018-05-31,3238,8.4874498229813859,2.9133228147566115,0.22503652207296554,0.30301378415435165,1,20.58775387195729,4.5373730144167439,0.35048455232633585,0.48391850042215612,1
4,2018-06-01,3239,22.40559267429137,4.7334546236645565,0.36539076179432295,0.051716389534916495,0,0.0010139219454023123,0.031842141030438142,0.0024579984584845531,0.038450535155098671,0
4,2018-06-04,3240,1.7781012333721413,1.3334546236644655,0.10320456821829385,0.6913831030359483,1,11.777540480953006,3.4318421410305291,0.26561217762706779,0.1015653413961761,0
4,2018-06-05,3241,165.18679437179054,12.852501483049537,0.98857791577951981,0.032861955326905008,0,147.54304623630372,12.146729857714945,0.93429196659602698,0.076440815706307064,0
4,2018-06-06,3242,59.613938028957342,7.7210062834424207,0.59518260038099213,0.24054235378977931,0,86.429186047330234,9.2967298577150359,0.71664905436230764,0.094338873988769861,0
4,2018-06-07,3243,64.045709496547232,8.0028563336190928,0.6164341485552931,0.19061162301761839,0,89.842744588236428,9.4785412690052908,0.73010138794571855,0.044331939057692268,0
4,2018-06-08,3244,78.915766050704761,8.8834546236644201,0.68355298735491077,0.12566663246526238,0,16.959224151391641,4.1181578589694254,0.31687887495917405,0.018538666578746685,0
4,2018-06-11,3245,70.557457849527523,8.3998486801565377,0.64681389752100538,0.080510550073905604,0,15.995769737887192,3.9994711822798763,0.30797144590766379,0.087784215927940543,0
4,2018-06-12,3246,87.633010144200995,9.3612504583629743,0.72223511617968394,0.40326366830424248,1,2.24841382648781,1.4994711822798763,0.11568654725763811,0.058105418148557221,0
4,2018-06-13,3247,240.09057491460109,15.494856401870948,1.1893960009112221,0.28467839529165967,1,65.601433432580706,8.0994711822797854,0.62172106561349338,0.02951440699358578,0
4,2018-06-14,3248,18.758353236172368,4.3310914601486274,0.33698435791858605,0.48365334481214184,1,192.85912924154786,13.887373014416653,1.0805191997211945,0.20617986600768282,0
4,2018-06-15,3249,22.534108369296931,4.7470104665248982,0.371979035891149,0.061605767749721853,0,139.31718605175357,11.803270142284873,0.92491244307368825,0.002470992740779708,0
4,2018-06-19,3250,33.114764902219292,5.7545429794397478,0.45162007372780943,0.0019167027980203956,0,0.00075844182927337696,0.027539822607877795,0.0021613422231892792,0.47331282248816164,1
4,2018-06-20,3251,11.816258112832418,3.4374784527080919,0.27149061743933117,0.013117330559911091,0,5.6292657550634999,2.3726073748227918,0.18738754293115284,0.0018065602721632249,0
4,2018-06-21,3252,165.11047226952977,12.849531986400507,1.0124517973762366,0.0044894807853449164,0,169.53551523657012,13.020580449295267,1.0259292005905738,0.00026274366689214802,0
4,2018-06-22,3253,153.74839348176818,12.399531986400461,0.97734152962879006,0.15442009136080689,0,158.01949283220324,12.570580449295221,0.99082371319423201,0.26272157357973053,1
4,2018-06-25,3254,14.582704925728079,3.8187308003743965,0.30300172977659257,0.089212761101116381,0,0.66225869392942271,0.81379278316376258,0.064571354690451693,0.014144690618069304,0
4,2018-06-26,3255,190.32078487727276,13.795679935301223,1.0996078379803302,0.00043864496818686133,0,22.144164290523797,4.7057586307123529,0.37508039460484244,0.00010860639180429118,0
4,2018-06-27,3256,294.09548800575072,17.149212460219587,1.3702379018193112,0.0002423595605757406,0,155.85539302841823,12.484205742794302,0.99749955996918249,0.00076385080879932986,0
4,2018-06-28,3257,352.17272017793738,18.766265482986682,1.5007609646916455,0.0019781739810402653,0,96.1820556146033,9.8072450573340575,0.78429725757399804,0.0031290639993211155,0
4,2018-06-29,3258,259.73401311810505,16.116265482986591,1.2915744095998229,0.00057903742852190938,0,98.811218563776663,9.9403832201669502,0.79663273122030387,0.00068934988381282611,0
4,2018-07-02,3259,1066.1624742287361,32.652143485975557,2.6085195515059363,0.0022095545483789979,0,396.37409432263615,19.909145996818552,1.5905049727835872,0.0026027259511029661,0
4,2018-07-03,3260,626.68945978511886,25.033766392317375,1.9939280280619174,0.42012810774258225,1,276.02764593642019,16.614079749911525,1.3233038430833552,0.12579700912372774,0
4,2018-07-05,3261,315.20417771435501,17.753990472971282,1.4142661785933233,0.4868763043223675,1,2.3635188922936559,1.5373740248533068,0.12246576849908844,0.12616387667005141,0
4,2018-07-06,3262,451.37891591326292,21.245679935301268,1.683426166578287,0.10416555951737051,0,55.879460458873304,7.4752565480305293,0.59231064918430565,0.11487535741984573,0
4,2018-07-09,3263,234.90801622269854,15.326709243105597,1.2222256174725357,0.0096606122899590991,0,127.19879481600141,11.278244314431277,0.89938152427681639,0.0013707971724652721,0
4,2018-07-10,3264,149.24436386621355,12.216561049092888,0.97623150464223163,0.060790974364762627,0,54.320329045053633,7.3702326316781637,0.5889589764805947,0.40440949121788844,1
4,2018-07-11,3265,98.503076013729952,9.9248715867627197,0.79660258341461743,0.002587452604079834,0,10.101236922215312,3.1782443144313675,0.2550962608902293,0.09677577852582811,0
4,2018-07-12,3266,53.278502539426206,7.2992124602196782,0.58784025611819912,0.0037010991332707432,0,0.00095738181094177975,0.030941587078586963,0.0024918730030270568,0.16264367349060702,0
4,2018-07-13,3267,0.2602464969082936,0.51014360420208504,0.041380889373952387,0.0030321508952914343,0,37.038425290437516,6.0859202500885203,0.49366647064313113,0.055267200735379017,0
4,2018-07-17,3268,0.01737880649766485,0.13182870134255609,0.010765920893634633,0.0046981991305583854,0,1.1011876877070634,1.0493749033148561,0.085698236285410873,0.007555875422776203,0
4,2018-07-18,3269,64.321550148016257,8.0200717046679983,0.6587057373141143,0.0026893316255829974,0,36.645360030452125,6.0535411149551237,0.49719035070059742,0.0020254067573962178,0
4,2018-07-19,3270,10.111943963453379,3.1799282953320471,0.25879375750413403,0.0055647058918607776,0,26.48603905545782,5.1464588850449218,0.41883693876255723,0.0046980285853396768,0
4,2018-07-20,3271,0.38448891892976456,0.6200717046679074,0.050620164469399355,0.32072016930215663,1,1.8129515291165363,1.3464588850449672,0.1099194975341824,0.027989458153611445,0
4,2018-07-23,3272,7.7280013271872354,2.7799282953319562,0.22631402249619054,0.042833283777309966,0,22.528871947421017,4.7464588850448308,0.38640932022996954,0.070394235334796759,0
4,2018-07-24,3273,3.6666787792960696,1.9148573783172651,0.15548983989583964,0.52932896964949627,1,31.030218764316462,5.5704774269640893,0.45233271838928857,0.28003215549538379,1
4,2018-07-25,3274,11.963444989434702,3.458821329504417,0.28160564457597531,0.47365700431837543,1,5.3846154890498807,2.3204774269640893,0.18892549781918089,0.1108775389182128,0
4,2018-07-26,3275,0.0016563165570422623,0.040697869195355452,0.0033251251436215079,0.16222756200003782,0,3.9185096171585325,1.9795225730358652,0.16173230712331918,0.51007521335804817,1
4,2018-07-27,3276,29.703300749220261,5.4500734627360998,0.44534020777382743,0.040566995488215157,0,4.5348663890696796,2.1295225730359562,0.17400903522111097,0.056415644296938509,0
4,2018-07-30,3277,27.521977149415697,5.2461392613440694,0.42967683044711658,0.17768389332242948,0,24.795645055373722,4.9795225730358652,0.40784000761995703,0.23358402473097378,0
4,2018-07-31,3278,43.165842204478459,6.5700717046679529,0.53897224812698541,0.011573408972085,0,21.192590797081845,4.6035411149550782,0.37764898399959623,0.057801053740447236,0
4,2018-08-01,3279,102.41585130762,10.120071704667907,0.83261933478694372,0.024348754285353959,0,66.480232713262154,8.1535411149550328,0.67082488913201144,0.24791891650262296,0
4,2018-08-02,3280,5.3719325274884664,2.3177429813265462,0.19055685121487678,0.014819577710406519,0,6.5673439249603911,2.5626829544366956,0.21069497282222277,0.17995123535246238,0
4,2018-08-03,3281,24.214790185498828,4.9208525872554674,0.4067997013396823,0.73061179442521496,1,16.706160630951224,4.087317045563168,0.33789253466400759,0.14322568722591,0
4,2018-08-06,3282,8.5112569750182718,2.9174058639514442,0.24064056286975249,0.0083678431016893026,0,1.9246485849106219,1.3873170455633499,0.11443205720817833,0.021495834798969129,0
4,2018-08-07,3283,32.688729813145841,5.7174058639513987,0.47268867462704306,0.48812333334271951,1,17.533624040065,4.1873170455633044,0.34618800757003054,0.16889818198748557,0
4,2018-08-08,3284,48.39507689553453,6.9566570201163813,0.57284725132710645,0.010085056885720449,0,216.56114524166927,14.716016622770894,1.2117932001622935,0.023526931186752986,0
4,2018-08-10,3285,222.52899770985294,14.917405863951444,1.2427546852127667,0.69389945278541931,1,179.22025767843101,13.38731704556335,1.1152844624953848,0.17035246558898073,0
4,2018-08-13,3286,123.09838136352991,11.094970994262667,0.92689816159253691,0.0061438918785159261,0,34.659946562198925,5.8872698733962352,0.49183541131129788,0.037002922682229142,0
4,2018-08-14,3287,18.479052080089719,4.298726797563404,0.3641754318505086,0.0026970658123105229,0,21.339489544864662,4.6194685348928033,0.39134772406750279,0.038949363989320238,0
4,2018-08-16,3288,0.018216462762872247,0.13496837689945096,0.011395987410769703,0.00011221105799171404,0,0.44818811921176011,0.66946853489298519,0.056526240967027075,0.00037545938744893835,0
4,2018-08-20,3289,9.8941548885267849,3.1454975581816598,0.26411667645003228,0.56292852150485029,1,18.905377621562,4.3480314651071694,0.3650893375126722,0.47629135901466763,1
4,2018-08-21,3290,7.3956794267566828,2.7194998486406803,0.22807899095405548,0.40446621173146785,1,30.669792508515147,5.5380314651069966,0.46446357739816307,0.014994443559955859,0
4,2018-08-23,3291,13.541397102077138,3.6798637341723861,0.30724419588982099,0.18629514205715278,0,188.59037676444265,13.732821150966856,1.146599411452522,0.011112823834798105,0
4,2018-08-24,3292,94.039640766865233,9.6974038158089115,0.79995082002960705,0.084505912582260492,0,365.56671972550453,19.119799154946804,1.5772158510989323,0.0093315164945101271,0
4,2018-08-28,3293,0.28480991960053431,0.53367585630280701,0.044317875461119996,0.0045773972298052074,0,1.7232603852932558,1.3127301266038103,0.10901263300147901,0.010806968720632665,0
4,2018-08-29,3294,55.259536736580621,7.433675856302898,0.62086994540239693,0.020278573293700464,0,31.217584638161689,5.5872698733962807,0.46665579832926424,0.030893045377091512,0
4,2018-08-30,3295,1.653130042431685,1.2857410479687132,0.10692677849130634,0.051017271827949254,0,3.2682898578356898,1.8078412147740437,0.15034647717360752,0.03104760725134826,0
4,2018-08-31,3296,274.50150075261666,16.568086816304913,1.3912824298866284,0.60384326160066892,1,78.039262309163377,8.8339833772292877,0.74182167168235202,0.019246600727639885,0
4,2018-09-04,3297,0.18915476210683668,0.4349192592962936,0.036343215450513382,0.023561097755036887,0,12.743466006659242,3.5697991549468497,0.29830359780620452,0.39077222018989127,1
4,2018-09-05,3298,2.0001283834007619,1.4142589520313322,0.11735128009221527,0.03443687926401829,0,20.320632417615936,4.5078412147740892,0.3740481446105538,0.051572580229776371,0
4,2018-09-06,3299,84.547491585330107,9.1949709942625759,0.76695062092439537,0.0074600258269193372,0,15.898321043292505,3.9872698733961442,0.33257735202236582,0.0066571689491521976,0
4,2018-09-07,3300,117.57808697939529,10.843342979883801,0.90617942335649349,0.61670015722171601,1,9.5109534710265624,3.0839833772292877,0.25772884650085975,0.10936687467169171,0
4,2018-09-10,3301,162.1353514303471,12.733238057554217,1.0701548983110658,0.49742560028709742,1,96.707229063621952,9.8339833772292877,0.82648933707856354,0.09566327946343578,0
4,2018-09-11,3302,76.510299686174633,8.7470166163197973,0.73160058684508178,0.26551310197571443,1,26.818888172887451,5.1786956053515496,0.43314616973499076,0.2950476351064652,1
4,2018-09-12,3303,37.450909608890434,6.1197148306837335,0.50914886897822142,0.22218637851976794,0,0.87847481557610951,0.93726987339618972,0.077979106734572132,0.052150394768148492,0
4,2018-09-14,3304,62.330567000248124,7.8949709942626214,0.65780461541931523,0.071869579291983524,0,7.2214193724627735,2.6872698733961897,0.22390183914315862,0.012016264328101258,0
4,2018-09-18,3305,22.991746835820745,4.7949709942627123,0.39848508221247508,0.11571498656034235,0,0.1703461574063222,0.41273012660371933,0.034299852622265384,0.39059666472236487,1
4,2018-09-19,3306,88.265479983035988,9.3949709942626214,0.78376332645888214,0.053190386806121211,0,17.533228992651342,4.1872698733961897,0.34931758349847247,0.10556080773974433,0
4,2018-09-21,3307,38.377665619754652,6.1949709942625759,0.51543148300712005,0.24418352695142148,0,0.97470180291563868,0.98726987339614425,0.082142430601226737,0.029588792969719873,0
4,2018-09-25,3308,161.37877955280325,12.703494777139213,1.063721563922061,0.0034047619415150943,0,74.602430865878219,8.6372698733962352,0.72323800488978307,0.0044721795769151135,0
4,2018-09-26,3309,513.91597050451992,22.669714830683688,1.9124105644241343,0.54702926259211404,1,305.80460762498842,17.487269873396144,1.475221011759418,0.14939787549408493,0
4,2018-09-27,3310,115.65965890916607,10.754518069591313,0.90583432887692672,0.2926669666761752,1,34.576761978164321,5.8802008450531957,0.49527907728390785,0.50531774544494434,1
4,2018-09-28,3311,174.89308367555071,13.224714880690271,1.1154919556906306,0.01400606772918834,0,74.829844211725216,8.6504245104922575,0.72965497115197653,0.083285019326700557,0
4,2018-10-09,3312,159.43174070042673,12.626628239574757,1.0623109742196497,0.46733398546998733,1,20.522719696521513,4.5302008450532867,0.38113754375343151,0.36645549564021201,1
4,2018-10-10,3313,86.209725651649549,9.2849192592962027,0.77018118363371102,0.17122322585861768,0,154.25141104921622,12.419799154946759,1.0302185023389123,0.079892001487854886,0
4,2018-10-11,3314,96.307597279115228,9.8136434253092375,0.80456187131045187,0.13559955746524005,0,248.63038844683302,15.768017898481503,1.2927253862251693,0.01869843662990097,0
4,2018-10-12,3315,184.19294298273442,13.571770075518316,1.1034407964159776,0.0040470858908703451,0,192.84047844889469,13.886701496355954,1.1290460178345425,0.0016302141291397482,0
4,2018-10-15,3316,45.01473508241974,6.7093021308046445,0.545161463460197,0.031606312603943219,0,22.75745488117435,4.7704774269641348,0.38762309473991508,0.016131410172324143,0
4,2018-10-16,3317,19.923322886546973,4.4635549606280165,0.36317114524453981,0.041856206237482617,0,48.951627421483195,6.9965439626635089,0.56926438815861924,0.29083393321614232,1
4,2018-10-17,3318,70.23459017134131,8.3806079833948388,0.68254330605487967,0.35288654753308618,1,85.060914770905242,9.2228474329192522,0.75113795927183724,0.092127808737675856,0
4,2018-10-19,3319,125.74381485502519,11.213554960628016,0.9174142976869849,0.30318543871349279,1,188.96747091744058,13.746543962663509,1.1246456649483358,0.3324415570506003,1
4,2018-10-22,3320,2.197339259522106,1.482342490628298,0.11993547397777403,0.14154703604261318,0,16.013720142526324,4.0017146503125787,0.32377641897427717,0.065307905549360737,0
4,2018-10-23,3321,32.269307061008661,5.6806079833947933,0.46163162678434799,0.19650171206213712,0,42.547538633140682,6.5228474329192068,0.53007577367187086,0.020039233620395669,0
4,2018-10-24,3322,51.626974498123346,7.1851913334387518,0.58378220128686653,0.73206876872097704,1,39.348614916681079,6.2728474329192068,0.5096561125218726,0.52810800618849174,1
4,2018-10-25,3323,17.099807364147338,4.1351913334387973,0.33514538504994917,0.018102205931965605,0,10.386745575874214,3.2228474329192522,0.26120253133843274,0.0002417777722991163,0
4,2018-10-26,3324,51.626974498123346,7.1851913334387518,0.58378220128686653,0.0028242025704073269,0,39.348614916681079,6.2728474329192068,0.5096561125218726,0.046069356312393915,0
4,2018-10-29,3325,97.380153718544761,9.8681383106716112,0.80529935618341852,0.27179285616304411,1,86.906521172616195,9.3223667151971767,0.76076111597822549,0.52470400101728298,1
4,2018-10-30,3326,368.58335466080536,19.198524804286535,1.5801905267119252,0.33029036471020856,1,390.94648552023898,19.772366715197222,1.6274222573107719,0.38010068966941551,1
4,2018-10-31,3327,80.504318680824781,8.9724198899084513,0.72878364861377176,0.14709378226014669,0,0.1827793729301144,0.42752704350732529,0.034725828981628987,0.21771721297668695,0
4,2018-11-01,3328,5.6058020816848568,2.3676575093718384,0.19216439488449302,0.022649742962867467,0,6.8768071889749844,2.6223667151973586,0.21283716542466999,0.010027359672191269,0
4,2018-11-02,3329,4.9180048288729017,2.2176575093717474,0.17996814845784115,0.021558920098552942,0,6.1125971744153276,2.4723667151972677,0.20063840253173201,0.010379800074337399,0
4,2018-11-05,3330,478.52167774963408,21.875138348125574,1.8057733488629331,0.14369023878937809,0,659.09509531393928,25.67284743291907,2.1192708793890596,0.040584482562393449,0
4,2018-11-09,3331,519.06755700906297,22.783054163326369,1.8898473031667182,0.012441410570444643,0,415.32494030488209,20.379522573035956,1.6904751004135836,0.021954979150449482,0
4,2018-11-12,3332,173.38057718602289,13.167405863951444,1.0953669298686834,0.078268447491369506,0,135.42714801895929,11.63731704556335,0.96808227647977285,0.1110063023780032,0
4,2018-11-13,3333,25.784156374245178,5.0778101947832965,0.42200791147170552,0.024094038833904638,0,0.13157314474598325,0.3627301266037648,0.030145865497923523,0.026315715017994436,0
4,2018-11-14,3334,32.690879276113264,5.7175938362315719,0.47180705831840347,0.35961730875717551,1,148.01196046553329,12.166016622770712,1.0039209987020434,0.44311795592045555,1
4,2018-11-15,3335,12.231682756847261,3.4973822720496628,0.28610784293599989,0.0091991037381716628,0,40.153785853920361,6.3367014963559996,0.5183819941390706,0.0043535447869176057,0
4,2018-11-16,3336,57.840338159838062,7.6052835686671187,0.62256741721243614,0.015777402865783396,0,18.744765710428279,4.3295225730360016,0.35441409405992158,0.0037386385484221014,0
4,2018-11-19,3337,38.505544167569006,6.2052835686670278,0.50738213971112245,0.54985322810397363,1,8.582102505926942,2.9295225730359107,0.23953577866197145,0.55133800080901874,1
4,2018-11-20,3338,227.67394709525564,15.088868317248171,1.233355265428165,0.097416387739648419,0,66.871948547293655,8.1775270435073253,0.6684262746041626,0.020055080917098154,0
4,2018-11-26,3339,50.880461696946355,7.1330541633262783,0.58410204416363232,0.35766863858853504,1,22.368383768855789,4.7295225730358652,0.38728484875825947,0.32952306159400013,1
4,2018-11-27,3340,227.49852289383554,15.083054163326324,1.2431942438348504,0.46469848261102992,1,160.7702926801272,12.679522573035911,1.0450873746578124,0.15521283564094043,0
4,2018-11-28,3341,8.7337009712333238,2.9552835686670278,0.24100171813798391,0.0010402644095087736,0,0.10270578119352321,0.32047742696408932,0.026134754492484348,0.15281300046082621,0
4,2018-11-29,3342,116.27425708923015,10.783054163326369,0.88563542879769774,0.12083404100043897,0,70.216398552019129,8.3795225730359562,0.68822821017912661,0.08343269124337177,0
4,2018-11-30,3343,7.866434260189112,2.8047164313329631,0.22797012365544689,0.19035507709487945,0,19.101072939602251,4.3704774269640438,0.35523672494221276,0.13862481812335103,0
4,2018-12-03,3344,2.0485413406320157,1.4312726297362133,0.11539729337549087,0.30725582135217538,1,69.751137600244235,8.3517146503124877,0.67336246475147044,0.17211996165488169,0
4,2018-12-04,3345,53.025509662506508,7.2818616893282524,0.58604174394014352,0.060613462740740594,0,61.271842841350903,7.8276332848026868,0.62996525570823603,0.00052878499718201992,0
4,2018-12-06,3346,0.68508723964303175,0.82769996958018055,0.066572827924087558,0.0060517007868700701,0,27.373906490049233,5.2320078832174204,0.42081620551897536,0.034075165223220225,0
4,2018-12-07,3347,8.2811571149215109,2.8776999695801351,0.23107559879392425,0.082039834667365696,0,10.125174168858099,3.1820078832174659,0.2555111320686928,0.0085320911481135617,0
4,2018-12-10,3348,59.351469207632974,7.7039904729713271,0.61864534433239593,0.01516107161429279,0,21.107053759273615,4.5942413692876016,0.36892647308179566,0.0097995722682290565,0
4,2018-12-11,3349,81.32970166126907,9.0182981577052033,0.72392519829060431,0.81341556248243851,1,17.174736526914398,4.1442413692875562,0.33267038886514599,0.81789134735878422,1
4,2018-12-12,3350,0.077117273104858455,0.27769996958022602,0.022345602058356551,0.0078036809942853506,0,33.431615161587871,5.7820078832173749,0.46525913363245819,0.001152857633465066,0
4,2018-12-13,3351,50.727157723318811,7.1223000304198649,0.57654106370015512,0.89592793179788355,1,173.76533183320743,13.182007883217466,1.0670666518166889,0.78311498744708463,1
4,2018-12-14,3352,82.316339443433563,9.0728352483351955,0.73070794896590785,0.24610916037088545,0,6.6781193210917547,2.5842057427944383,0.20812674608741899,0.074960717376045496,0
4,2018-12-17,3353,14.651287057124115,3.8276999695801806,0.30712508782638054,0.00091752583618338966,0,4.9818591907447098,2.2320078832174204,0.17909073924556049,0.0010265704910559412,0
4,2018-12-18,3354,70.946058446001345,8.4229483226481534,0.67115126076877718,0.044422311162214449,0,26.068771195094609,5.1057586307124438,0.40683335702888002,0.0011219314201211122,0
4,2018-12-19,3355,87.534827084936538,9.3560048677272789,0.74268742748380867,0.00033670282009162637,0,1.8712207592823389,1.3679257140950085,0.10858707791982604,0.0011567236762540037,0
4,2018-12-20,3356,25.581770998294211,5.0578425240703382,0.4020063207145681,0.0010797049192843207,0,0.053858474178269514,0.23207428590490053,0.01844567705797405,0.00055248682432381562,0
4,2018-12-21,3357,132.68115925149482,11.518730800374442,0.90841725555003483,0.50617452893130788,1,72.484667554652134,8.5137927831638081,0.67143476207916475,0.24004482724710685,0
4,2018-12-27,3358,89.524576899554802,9.4617428045553424,0.73977660708016757,0.0058718465919254097,0,109.77575622211585,10.477392625177117,0.81918628812956351,0.00050857419487872289,0
4,2018-12-28,3359,1.4994676072861937,1.2245275036871135,0.095673685732253572,0.042961989489230766,0,4.0983690701267523,2.0244429036470137,0.15817195903172229,0.00017203764809107638,0
4,2019-01-04,3360,0.2421650682131358,0.49210270087974095,0.038082549209080711,0.024098643893878582,0,10.77048783864325,3.2818421410304381,0.25397323487311857,0.071674544050666256,0
4,2019-01-07,3361,0.11475125195932581,0.33874954163707116,0.026332118748266249,0.0041343933788424748,0,77.26221489228233,8.7898927691003337,0.68326734572663794,0.0038802741445099968,0
4,2019-01-08,3362,3.2806282229194257,1.8112504583627924,0.14055955753242219,0.010514402580171611,0,36.608898974063877,6.0505288177203056,0.46954282304208489,0.024106424812261502,0
4,2019-01-09,3363,0.33104189697627495,0.57536240490344426,0.044536140947708358,0.089841652305444664,0,7.5654087771088614,2.7505288177201237,0.2129057061475442,0.011291662460166916,0
4,2019-01-10,3364,5.6389037080461701,2.3746375950966012,0.18423038869596192,0.0034973555227633436,0,32.496028801658113,5.7005288177201692,0.44226143897902703,0.0001171174697485606,0
4,2019-01-11,3365,0.23741194537955934,0.48724936673079355,0.03764287443841112,0.40966917155945387,1,22.442703077722264,4.737373014416562,0.36598988059460458,0.096150419108421398,0
4,2019-01-15,3366,0.00025189012341490173,0.015871046701931846,0.0012281240193400794,0.019390071926608302,0,46.749669738273688,6.8373730144166984,0.52908558495834546,0.015936004573925234,0
4,2019-01-16,3367,1.2519563205524322,1.118908539851418,0.086690054997398153,0.70462729346489106,1,71.189263384405592,8.4373730144166075,0.65370519984633202,0.21843963807336178,0
4,2019-01-17,3368,28.956145302483996,5.381091460148582,0.41902285159232067,0.87456262836943632,1,223.12511257182149,14.937373014416607,1.1631656295294039,0.81944879599565701,1
4,2019-01-18,3369,61.431228387331828,7.8378076263284129,0.61132576447456621,0.63684625765219194,1,179.07369908746176,13.381842141030575,1.0437440247274452,0.36463649438712731,1
4,2019-01-22,3370,9.4406728307180714,3.0725677910695595,0.24008187146972648,0.16654856367489421,0,66.475814013076217,8.1532701422850096,0.63707377264299181,0.038448547952312132,0
4,2019-01-23,3371,0.053143321084625578,0.23052835201906419,0.017958117318615269,0.85457039112961486,1,18.090306903252372,4.2532701422849186,0.33132898202733652,0.40976721442083053,1
4,2019-01-24,3372,3.2531284150117656,1.8036430952413411,0.13939586484591862,0.028710878900355456,0,0.56329350622836671,0.7505288177201237,0.058005164055964425,0.0029440257296944224,0
4,2019-01-25,3373,235.96801564455669,15.361250458362974,1.1796836354001439,0.0024763720002539446,0,56.242068013846328,7.4994711822798763,0.57592989918825599,0.24461113390877098,0
4,2019-01-28,3374,99.195885833472516,9.9597131401196748,0.76170801423423007,0.0035634579040145372,0,70.772292798564393,8.4126269855833016,0.64338855000445883,0.0055837331569111998,0
4,2019-01-29,3375,1.8955224991738717,1.3767797569596496,0.10504156229187835,0.0051423816876647903,0,0.070060312969521976,0.26468908736387675,0.020194482899509935,0.0031740893091375673,0
4,2019-01-30,3376,24.833532335722772,4.9833254294419476,0.37789682486099546,0.0017715211829919194,0,28.064446848780896,5.2975887768664052,0.40172812443060624,0.10828357010893093,0
4,2019-02-01,3377,6.2836438889432031,2.5067197467892584,0.19135265242666094,0.0024056266071723381,0,11.576402131305754,3.4024112231336403,0.25972604756745343,0.34567172496543552,1
4,2019-02-12,3378,11.454876718347329,3.3845053875488702,0.25780814956953613,0.31054144003789369,1,0.36289928175742336,0.60241122313368578,0.045887509379470275,0.48985518095506386,1
4,2019-02-13,3379,10.008104393538307,3.1635588177775844,0.24122603360994199,0.0028031732724648475,0,103.64749777616842,10.180741514063129,0.77629658119357414,0.0067530453934435235,0
4,2019-02-14,3380,8.0277329891218816,2.8333254294418566,0.21520834221578039,0.26422478332979843,1,9.9073151082547799,3.1475887768663142,0.23907855963437122,0.20826891564789232,0
4,2019-02-15,3381,792.51868497164435,28.151708384601534,2.0950108565284862,0.0096166985315556484,0,394.81765147086338,19.870018909675537,1.4786990816502725,0.0027031386669282283,0
4,2019-02-20,3382,12.434151805721912,3.5262092685661628,0.26487956946975871,0.00043087072110033296,0,50.847941090940139,7.1307742280162074,0.53564501243314233,0.13575073420331243,0
4,2019-02-21,3383,17.64415374639086,4.2004944645113937,0.3160524031835818,0.26174804668431245,1,11.475065330840639,3.3874865801712986,0.25488029646524196,0.11946126041869687,0
4,2019-02-22,3384,2.1159464414244114,1.4546293140949729,0.10928434800307825,0.26270287543386789,1,29.025011651525833,5.3874865801712986,0.40475463582670063,0.59648127746067559,1
4,2019-02-25,3385,9.2479337151175169,3.0410415510343682,0.22950390936450463,0.027269248480625903,0,0.37517268947025106,0.61251341982870144,0.046225683546183269,0.041100833433336342,0
4,2019-02-26,3386,0.49379192310813869,0.70270329663958364,0.053120406443631835,0.22132645325652678,0,1.6109340602680851,1.2692257719838835,0.095946310767198367,0.3346742179949197,1
4,2019-02-27,3387,19.383796318239455,4.4027032966394017,0.33375304526698263,0.29360623668453101,1,24.693204772947016,4.9692257719837016,0.37669906924790214,0.50218606391102683,1
4,2019-02-28,3388,7.0924297439022368,2.6631616067941195,0.20299261456565568,0.72836744619946403,1,14.260180868346163,3.7762654658201882,0.28783608108694603,0.1823270771054171,0
4,2019-03-01,3389,285.71665605937727,16.903155210178284,1.316650195527207,0.52168908289292382,1,1019.2864265940285,31.926265465820279,2.4868566338853624,0.38300188108463162,1
4,2019-03-05,3390,34.220420878005697,5.8498222945663656,0.45493815721634451,0.016278585955618086,0,92.772383029732438,9.6318421410305746,0.7490642097469048,0.009050026315323232,0
4,2019-03-06,3391,9.6883368304763966,3.1126093282769034,0.24216986915715424,0.021048318169830986,0,7.0398424479411146,2.6532701422850096,0.20643197247996653,0.014149647811184945,0
4,2019-03-07,3392,192.58312471346127,13.877432208930486,1.0701702108294187,0.8537332067090716,1,77.382456189615198,8.7967298577150359,0.67836744613187094,0.71720122866507419,1
4,2019-03-08,3393,30.193446877182136,5.4948564018709476,0.4250517425543181,0.20132763891666527,0,3.6120097869849968,1.9005288177202146,0.14701441250978262,0.029995601280120736,0
4,2019-03-11,3394,50.293895434099902,7.0918189087215069,0.54676526800983061,0.17386361547845236,0,5.7574619545909327,2.3994711822797399,0.18499450154425351,0.14567544505684413,0
4,2019-03-12,3395,201.62514679551217,14.199476990210314,1.086459083378118,0.0012948249425648586,0,61.037140415865849,7.8126269855833925,0.59777550675874314,0.0010079248950888096,0
4,2019-03-13,3396,107.61963838229671,10.373988547434237,0.80074011403915235,0.10718332970109398,0,221.57248096584675,14.885310912636214,1.1489568841523843,0.13507057407863232,0
4,2019-03-14,3397,115.55125556306002,10.749476990210269,0.8246625999394146,0.0084720161801118948,0,19.03251421534004,4.3626269855833471,0.334685614544177,0.0077283032734676215,0
4,2019-03-15,3398,0.035975016796839024,0.18967081166283606,0.014527482510940264,0.25569363345530266,1,23.380231621859298,4.8353109126362597,0.37035163240167429,0.4869654352622349,1
4,2019-03-18,3399,1.3890029299555069,1.178559684511356,0.090124622200149565,0.041577915667336741,0,7.4819257887862616,2.7353109126361232,0.20916960408626775,0.075759762222986471,0
4,2019-03-19,3400,0.0087953547586895591,0.093783552708828211,0.0071936452181351699,0.024691903379583709,0,55.452243105784603,7.4466262901923983,0.57119170746279035,0.1304739301011448,0
4,2019-03-20,3401,18.357750470473082,4.2845945514684445,0.32674403656435941,0.19371822026025046,0,0.8491178188595907,0.92147589163232624,0.070271935608352501,0.094095803521823229,0
4,2019-03-22,3402,141.34423290929169,11.888828071315174,0.90097594417151117,0.082782513462618834,0,37.792847769452663,6.1475887768663142,0.46588524700589706,0.039994382621537372,0
4,2019-03-25,3403,0.025680613993866001,0.16025172072045279,0.01217440710479775,0.050656607491228148,0,8.3960207198216228,2.8975887768663142,0.22013133608343952,0.12326851062457413,0
4,2019-03-26,3404,90.824442914451893,9.5301858803725281,0.72766174546633022,0.068445809019079554,0,36.315875464537008,6.0262654658201882,0.46012563684967461,0.17389022245727778,0
4,2019-03-27,3405,53.680450934965968,7.3266944070956015,0.56570238251133853,0.083684443403350739,0,413.59441437538891,20.337020784160813,1.5702444337845665,0.19891752375189167,0
4,2019-03-28,3406,3.433873026946328,1.8530712417352788,0.14361553450633796,0.0099531462356714177,0,78.099161795940489,8.8373730144166984,0.68490839451419816,0.029244224352041465,0
4,2019-04-02,3407,1.5620557679947942,1.2498222945662292,0.096851663727089712,0.034809221997008956,0,17.644442348497602,4.2005288177201692,0.32550883937542474,0.066963458268415196,0
4,2019-04-03,3408,57.252608932142593,7.566545376335398,0.58968517915562468,0.078536236579404978,0,152.07433059129306,12.331842141030393,0.96106005853021026,0.13003345253221835,0
4,2019-04-04,3409,258.98406641476004,16.092981899410688,1.2379216845700529,0.11026417683515319,0,489.4909737967327,22.124442903646923,1.7018802233574555,0.083398749423998358,0
4,2019-04-08,3410,167.76763144164187,12.952514483359664,0.99405329879966731,0.00088450683050229862,0,14.919887229756695,3.8626269855833471,0.29644105798797749,0.028136040917925032,0
4,2019-04-09,3411,348.24226866975062,18.661250458362929,1.4294879511557645,0.01464610979986389,0,116.62857781689253,10.799471182279831,0.82726042225131791,0.028726217614500223,0
4,2019-04-10,3412,50.751212823974171,7.1239885474342373,0.54850543173962407,0.25197112193254323,1,135.38046003371136,11.635310912636214,0.8958508556079624,0.54162638381785688,1
4,2019-04-11,3413,9.400193131632312,3.0659734394857878,0.23688275048178845,0.19154873178182544,0,23.400177680606895,4.8373730144166984,0.37374434168405302,0.017926106813758929,0
4,2019-04-12,3414,25.669882050465599,5.066545376335398,0.39408434459887204,0.0034540352286095916,0,96.665119886141099,9.8318421410303927,0.764737070044755,0.076905034793343735,0
4,2019-04-15,3415,193.13060208403348,13.897143666380998,1.0888191848929367,0.0012812127835340656,0,154.29263700580694,12.4214587309948,0.97320160857090943,0.032362960678945667,0
4,2019-04-16,3416,18.101135963900045,4.2545429794397478,0.33350654381435663,0.018278330602386206,0,2.3333779096529068,1.5275398226078778,0.11974130458633518,0.11922580488128436,0
4,2019-04-18,3417,34.465534459804992,5.8707354275086345,0.46244469692860457,0.069827267525428144,0,21.831884109315649,4.6724601773921677,0.36805515379221487,0.022396629383054388,0
4,2019-04-23,3418,123.7574912501473,11.124634432202583,0.87481889137754743,0.039154443946951979,0,147.95785487175016,12.163792783163899,0.95653621540234324,0.00092424338664097092,0
4,2019-04-24,3419,126.82685099595301,11.261742804555297,0.87927411028695324,0.29817088278852977,1,150.73436967275234,12.277392625177072,0.95857219122244475,0.31121751393777963,1
4,2019-04-25,3420,213.52578597006897,14.612521547291863,1.1378696112203599,0.019093765437205101,0,245.78063952395928,15.677392625177163,1.2207905797521539,0.22406957923011075,0
4,2019-04-26,3421,12.804871399852173,3.5783894980636433,0.27929983594002833,0.0021293223294043852,0,11.051920619608685,3.3244429036469683,0.25947884043451203,0.027749433443768994,0
4,2019-05-07,3422,36.01537226329345,6.0012808852188755,0.46695307230149974,0.004191088139855745,0,53.647463848784433,7.3244429036469683,0.56990685524797446,0.029454861507657373,0
4,2019-05-08,3423,55.1236086530037,7.4245275036869316,0.5772900632677811,0.22531448017055461,0,67.641461075346726,8.2244429036468318,0.6394870463919472,0.14067127211736807,0
4,2019-05-09,3424,62.430239627123022,7.9012808852187391,0.61388243999834824,0.13899343629832062,0,85.090346882640389,9.2244429036468318,0.71668424393184926,0.10919053008417852,0
4,2019-05-10,3425,97.056394533327264,9.851720384446935,0.76039830074459214,0.70517535645518159,1,115.06294177288376,10.726739568614676,0.827936058090049,0.35628382932694991,1
4,2019-05-13,3426,59.035474953912953,7.683454623664602,0.59176329510663905,0.2302591492250923,0,8.5156452898660824,2.9181578589696073,0.22475029720961237,0.19758376689412752,0
4,2019-05-14,3427,140.30062318094102,11.844856401870857,0.91177402831736265,0.028874743714879102,0,19.797793801937463,4.4494711822796944,0.34250413226693055,0.19365627139329028,0
4,2019-05-15,3428,24.120381064770079,4.9112504583629288,0.38021602991119674,0.179238020046153,0,12.530840816728828,3.5398927691003337,0.27404914214603493,0.35354348685693543,1
4,2019-05-16,3429,41.668878872467076,6.4551435981290979,0.50399309791763724,0.013312051271636753,0,191.83714853049938,13.85052881772026,1.0813966909525499,0.040243860906259116,0
4,2019-05-17,3430,240.26843481482379,15.500594660038814,1.2194150698217217,0.055791111988224687,0,282.34988747460233,16.803270142284873,1.3218951455205816,0.0088813014676479909,0
4,2019-05-21,3431,2.4672097832308757,1.57073542750868,0.1233109928959554,0.00040859695350322446,0,0.13872658374303889,0.37246017739221315,0.029240083010850463,0.0036188814346898831,0
4,2019-05-22,3432,170.07086451324426,13.04112205729416,1.0159406424877622,0.41817440793422278,1,89.823761089119031,9.4775398226079233,0.73832741188080264,0.058035325525280526,0
4,2019-05-23,3433,38.640227242949379,6.2161263856962705,0.4846882172082862,0.035576803189823959,0,60.891411274249329,7.8032948985828625,0.60844404667312768,0.059081288899320607,0
4,2019-05-24,3434,9.739533547791078,3.1208225755065087,0.24413851017026589,0.46290682673083206,1,12.983734126152953,3.603294898582817,0.28188178820173798,0.10063493659471189,0
4,2019-05-28,3435,39.429163571346315,6.2792645724914564,0.48993598661814503,0.059621471236644769,0,55.913601798687331,7.4775398226079233,0.58343071997877138,0.015420638751736028,0
4,2019-05-29,3436,31.128193169857767,5.5792645724914109,0.4355567799282884,0.75611812429023861,1,45.935046047035627,6.7775398226078778,0.52910260530136832,0.23684798068274934,0
4,2019-05-30,3437,1345.0938122844641,36.675520613679964,2.784566138765467,0.0013300051297389062,0,1842.7736752215735,42.927539822607741,3.2592468166887665,0.0033317249472615477,0
4,2019-06-03,3438,1059.5140686553148,32.550177705433725,2.4580085108879537,0.23439662380810233,0,876.1286942706115,29.599471182279785,2.2351875538818033,0.015100452777271537,0
4,2019-06-04,3439,483.79663599481444,21.995377605188196,1.6469769827920775,0.002496310519012333,0,488.30342975149011,22.09758877686636,1.654630383891154,0.0037192761925114964,0
4,2019-06-06,3440,3.8703152166386241,1.9673116724704869,0.14807403827114912,0.010574612327364709,0,8.6288274086862042,2.9374865801712531,0.22109638568201515,0.0020445167819541326,0
4,2019-06-10,3441,5.4414348333922247,2.3326883275294676,0.17614500698704733,0.22398047881118452,0,1.8564428192133033,1.3625134198287014,0.1028855561299329,0.31170683886424427,1
4,2019-06-11,3442,7.9429774976219418,2.8183288483819524,0.2115306674959247,0.27580143812212843,1,44.722476759970604,6.6874865801712531,0.5019316681180811,0.10856386942145251,0
4,2019-06-12,3443,60.263897879086223,7.7629825376002373,0.5811050630736011,0.03031965734676393,0,104.80613147919023,10.237486580171435,0.76633629614278276,0.19434138037086335,0
4,2019-06-13,3444,528.56280386821345,22.990493771735601,1.7014241459193784,0.0018261540910979764,0,654.71946949044866,25.587486580171344,1.8936160281347898,0.0018599345149039877,0
4,2019-06-14,3445,54.99020470013788,7.4155380587073978,0.55286200392957563,0.04541345023138138,0,199.97551477758131,14.141269913893211,1.0542958259817499,0.085878058845031066,0
4,2019-06-17,3446,0.20516269264567311,0.45294888524608723,0.033768135478889717,0.58761228020219769,1,201.39214176896934,14.191269913893166,1.0579841140562243,0.61544168944456945,1
4,2019-06-18,3447,133.63803324879959,11.560191747925273,0.8601013167609296,0.023179783652275018,0,285.31499930399394,16.891269913893211,1.2567441623372055,0.024667783800285895,0
4,2019-06-19,3448,1514.3157017885533,38.914209510004866,2.8208923167817956,0.0035092743340920025,0,2739.6085361990272,52.341269913893257,3.7942203634572862,0.014302323596542002,0
4,2019-06-20,3449,1067.8295448093259,32.677661250605524,2.3388799520885746,0.00025335053142922832,0,4377.9478139143293,66.166062402974603,4.7357880258364959,0.00014221840249835336,0
4,2019-06-21,3450,3.1511921084596071,1.7751597416738605,0.12628297230375332,0.00079298533814775747,0,2083.2746485954995,45.642903595142798,3.2469875218853805,0.00044647304658294981,0
4,2019-06-24,3451,846.4439936670417,29.093710551716185,2.0325353186891286,0.0051445971634595175,0,5089.8098933858455,71.342903595142843,4.9841346650232525,0.0083098143654377274,0
4,2019-06-25,3452,928.70061888821374,30.474589724690532,2.1706321254097749,0.0012454989867999491,0,0.00078332011594330943,0.027987856580011794,0.0019935080722256345,0.00093475140177745543,0
4,2019-06-26,3453,1165.1343645823761,34.134064577521031,2.433801395901678,0.10349212466987436,0,2.0221185360340383,1.4220121434200337,0.10139124017255143,0.086772881752374145,0
4,2019-06-27,3454,2.7676639138219246,1.6636297406039375,0.11807166363406228,0.085354414954849522,0,810.38802001830663,28.4673149421983,2.020391408246863,0.035911252123172477,0
4,2019-06-28,3455,13.250641294363129,3.6401430321297994,0.26186195468885687,0.11117877559308739,0,902.57605642703584,30.042903595142661,2.1612044885362685,0.033890039519863593,0
4,2019-07-01,3456,46.082271146442586,6.7883923830640924,0.48800491593142536,0.25600328312459292,1,960.56007325780968,30.992903595142707,2.2280222562195973,0.18810389226898047,0
4,2019-07-02,3457,98.033156662946425,9.9011694593591528,0.70047184006785657,0.0088045892624563239,0,2978.8616982129856,54.578949222323672,3.8612627677625522,0.004444858802665346,0
4,2019-07-03,3458,5.4586277195915152,2.3363706297570843,0.16824762393382667,0.00011452529745343384,0,1262.2615974541648,35.528321061572342,2.5584791748512825,0.00095775719810173949,0
4,2019-07-05,3459,32.145996613565167,5.6697439636693616,0.40495278649163363,0.26250955503513962,1,1603.4341283298891,40.042903595142661,2.8600031137163535,0.050496270377173816,0
4,2019-07-08,3460,145.1743173970807,12.048830540640893,0.86585681726426589,0.064162009374991127,0,1064.6483273529736,32.628949222323627,2.344791723065907,0.015547850932299495,0
4,2019-07-09,3461,133.47622719643292,11.553191212666434,0.82036435508531103,0.35782773291093162,1,3044.6471151739429,55.178321061572206,3.91808002993483,0.43243131727966067,1
4,2019-07-10,3462,103.046241392626,10.151169459359153,0.71803143832779159,0.004062597433839835,0,2882.9278964772934,53.692903595142752,3.7979065319287533,0.012378102617151965,0
4,2019-07-11,3463,72.630308354619558,8.522341717780364,0.60545195494319148,0.11535023713115228,0,1898.1294134944158,43.567527052776541,3.095163899742579,0.0061775812914349245,0
4,2019-07-12,3464,185.407105966101,13.616427797557662,0.96580684452655696,0.15479907979473537,0,1799.6470360107667,42.422246946746782,3.0089901015531288,0.27830676943144428,1
4,2019-07-16,3465,141.94720713065962,11.914159942298056,0.84476618869770326,0.11821352050171295,0,440.51526329230165,20.98845547657811,1.4881735368226405,0.011914913492239419,0
4,2019-07-17,3466,62.82916398022779,7.9264849700373361,0.55920737733516779,0.12314262849922271,0,1362.8881425414613,36.917314942198345,2.6044879849164584,0.14303046211037568,0
4,2019-07-18,3467,624.48759800337166,24.989749858759524,1.7357609126039817,0.1455365416294209,0,3711.9132477326079,60.92547289707818,4.2318172464456607,0.055949665732045212,0
4,2019-07-19,3468,98.035363362509486,9.9012808950412818,0.6934884184935235,0.0010516416292071923,0,756.86796159551955,27.51123337103445,1.9268943001950236,8.5468461612703793e-05,0
4,2019-07-22,3469,265.15959549217501,16.283721794853136,1.1422764403109773,0.65983786873955508,1,169.91392090734649,13.035103409921476,0.91439117603181064,0.50186248072910522,1
4,2019-07-23,3470,167.86947500606692,12.956445307493368,0.90798173078898126,0.49136963268382416,1,120.80779258680379,10.991259827099157,0.77026243576153031,0.20480369825750402,0
4,2019-07-24,3471,419.08888820521537,20.471660611812013,1.4456366507882221,0.051339364816274068,0,32.484332505656035,5.6995028296910277,0.40247883833705439,0.0083518661570621423,0
4,2019-07-25,3472,469.4616301765185,21.667063256854135,1.52541982940398,0.13352188093964371,0,180.72356276684891,13.443346412513847,0.9464479310415268,0.081481715050422565,0
4,2019-07-26,3473,30.028915698972689,5.4798645694006609,0.38616430495054166,0.084478163630779826,0,1483.583550356489,38.517314942198254,2.7143028746131748,0.016907905516422191,0
4,2019-07-29,3474,115.22014235438979,10.73406457752094,0.75279224191885397,0.33516290896901385,1,343.51450396045493,18.53414427375742,1.2998207639916837,0.18344280909552257,0
4,2019-07-30,3475,469.23115223034046,21.661743979429275,1.5174070245826259,0.24407259235635034,0,134.35730437932065,11.591259827099066,0.81196874555000287,0.016866645255181972,0
4,2019-07-31,3476,3651.3437385769362,60.426349704222048,4.2953049263734746,0.017427530402763985,0,2069.3388625193452,45.48998639832007,3.2335787886209886,0.070786548326008614,0
4,2019-08-01,3477,221.65571914024986,14.888106633828556,1.0326413479333141,0.048167550776039,0,854.69127138880492,29.235103409921521,2.0277512335648704,0.14935897856451263,0
4,2019-08-02,3478,1691.1768071831928,41.123920133946285,2.8066145800338704,0.11338811166237721,0,5538.7629430807747,74.422865727414546,5.0791923376498582,0.0065414494605430711,0
4,2019-08-05,3479,1.4695576338450396,1.2122531228440039,0.082733535085753554,0.014316841640322915,0,1879.2879269532259,43.350754629570474,2.9585910001413049,0.00061164243789647453,0
4,2019-08-06,3480,5183.850378500445,71.998960954311315,4.7806487802072519,0.11375147377462025,0,7081.3495047261686,84.150754629570429,5.5875140021626395,0.079249371778515154,0
4,2019-08-07,3481,1381.0277877708609,37.162182225629067,2.4845182835118882,0.0022000470295895618,0,2081.6537885944404,45.625144258341152,3.0503188539756745,0.00067029302519557162,0
4,2019-08-08,3482,1529.7627984508179,39.112182225629113,2.6114830891119123,0.39390995266961953,1,2263.3943512019755,47.575144258341197,3.176546989272965,0.61737295309582108,1
4,2019-08-09,3483,1585.0098535667023,39.812182225629158,2.6569795932747704,0.014759570648428073,0,2330.4895531636575,48.275144258341243,3.2217795153724795,0.01622550803490793,0
4,2019-08-13,3484,2462.7758454797763,49.62636240426832,3.279455635504267,0.0092578794951173691,0,3984.7838376363807,63.125144258341152,4.171494746957948,0.090897237353101012,0
4,2019-08-14,3485,2552.9243797070135,50.526472068679141,3.3345304120560395,0.11127626042841909,0,4241.2844146697453,65.125144258341152,4.2979801523406138,0.030303671201733141,0
4,2019-08-16,3486,200.8322715065525,14.171530316326198,0.9469150284863157,0.060623179572692504,0,572.30751220555589,23.922949488003269,1.5984865353470046,0.26037102390009043,1
4,2019-08-19,3487,850.04962144853835,29.155610462628601,1.93782928201978,0.063304026220517853,0,898.87649297342534,29.981269035406513,1.9927067252937098,0.27638672174140511,1
4,2019-08-20,3488,96.585968989581517,9.8278160844402009,0.65377123462100117,0.033951841003826901,0,86.260293428000296,9.2876419735043783,0.61783748368563973,0.00064156060511992184,0
4,2019-08-21,3489,255.61887618343286,15.988085444587568,1.0644176588387584,0.12289725875761365,0,65.409952691589055,8.0876419735043328,0.53844026320723903,0.10435088875719212,0
4,2019-08-22,3490,91.046497401319286,9.5418288289677093,0.63451448523525134,0.41231964762162016,1,56.876218020704314,7.541632318053189,0.5015050085153071,0.087605427820589693,0
4,2019-08-23,3491,931.96723546486896,30.52813842121509,1.9914634150634456,0.062013499754688166,0,466.92155387820731,21.608367681946902,1.4095937690040055,0.0031042835618623854,0
4,2019-08-27,3492,167.22698962490421,12.931627493278029,0.84127297227193365,0.00010517124838379984,0,211.56327308739526,14.545214783130405,0.94624563530757588,5.7076141444067688e-05,0
4,2019-08-28,3493,737.79667993389046,27.162412999103935,1.7635640176018657,0.010196355162981629,0,598.61583388682095,24.466626941342383,1.5885357058396561,0.1363278843819993,0
4,2019-08-29,3494,22.653835747901915,4.7596045789437085,0.31141092508137319,0.024826523926857674,0,1.9697393880439527,1.403474042525886,0.091826357139877385,0.015139426343289636,0
4,2019-08-30,3495,201.91286228993283,14.209604578943527,0.92399158428608297,0.89899890493876433,1,117.79789879177925,10.853474042525704,0.70575635091365896,0.896662354218978,1
4,2019-09-03,3496,504.43383784250102,22.459604578943527,1.4526618316372504,0.15459139965552154,0,364.94272049345335,19.103474042525704,1.2355911029380833,0.077984586949778278,0
4,2019-09-04,3497,11.210632535144063,3.3482282680761273,0.2189672531604295,0.054862086023957812,0,75.340522061203373,8.6798918231279458,0.56764710111359273,0.088213429077258945,0
4,2019-09-05,3498,48.00794258055322,6.9287764129428524,0.45473363607946787,0.26986020284168577,1,198.24335375098136,14.079891823127809,0.92405931765621907,0.48414523180333774,1
4,2019-09-06,3499,160.99350190160609,12.688321476917508,0.84073161124552787,0.40072561407768392,1,316.71633615505152,17.796525957474159,1.1792026210889319,0.52680293040039317,1
4,2019-09-09,3500,527.41713381397244,22.965564086561699,1.5406409342610068,0.23856606789988247,0,428.14364798549752,20.691632318053053,1.3880946109450945,0.19496465872250499,0
4,2019-09-11,3501,35.841451894232961,5.9867730785651929,0.39511437952515788,0.76126473105376136,1,14.88700116909231,3.8583676819469019,0.25464411839670681,0.50221574746962727,1
4,2019-09-12,3502,23.986823968555132,4.8976345278670124,0.32605249503142353,0.18296627619274006,0,85.407767902085993,9.2416323180532345,0.6152474747389145,0.06757822984175739,0
4,2019-09-17,3503,8.9883787009032243,2.9980624911604536,0.1994055531200834,0.21028141154563881,0,61.491197411535516,7.8416323180531435,0.52155851799488817,0.29543754330834815,1
4,2019-09-18,3504,33.617528651401237,5.7980624911604082,0.38635719938431451,0.12287006771250916,0,113.24433839263216,10.641632318053098,0.70911123596009173,0.0067974226898802701,0
4,2019-09-19,3505,21.142178672615842,4.5980624911603627,0.30614970977830497,0.30892038470443911,1,89.144420829303854,9.4416323180530526,0.62864586976849668,0.16810823025312652,0
4,2019-09-20,3506,130.7997784505946,11.436773078565238,0.75209766077435558,0.0012921932141294035,0,86.645708902314382,9.3083676819469474,0.61213084417498742,0.024034701514936974,0
4,2019-09-24,3507,143.04214264760603,11.960022685915192,0.7823399958080256,0.30507387892106874,1,303.05126534985175,17.408367681946856,1.138732145998159,0.19557868866761147,0
4,2019-09-25,3508,52.064365087278965,7.2155640865616988,0.47899389847063845,0.0060029847821790197,0,24.419729966826385,4.9416323180530526,0.328042506509098,0.0015776511863564526,0
4,2019-09-26,3509,412.64329778767552,20.313623452936099,1.3634219379110073,0.10697125520994009,0,459.7435964625771,21.441632318053053,1.4391323121050439,0.038076292296701411,0
4,2019-09-27,3510,381.70056887601299,19.537158669469136,1.3153678495569339,0.018866306698633682,0,678.16661378867229,26.041632318053189,1.7532910737260612,0.11047957361478639,0
4,2019-09-30,3511,967.71136601777516,31.108059502607603,2.0638951403289174,0.039370239013024971,0,1195.2888363000318,34.57294948800336,2.2937767117600503,0.060397374000455077,0
4,2019-10-09,3512,201.29480314981024,14.187839974774533,0.94914637240932132,0.03065676901514669,0,409.30424678299835,20.231269035406513,1.3534432054727397,0.031133938852929473,0
4,2019-10-10,3513,6.1098677183629091,2.4718146610057374,0.1671104797353708,0.10839367193267638,0,20.988025974775766,4.581269035406649,0.30972308659748155,0.15803831637123314,0
4,2019-10-11,3514,23.267638588413643,4.8236540701436752,0.32421387754696029,0.23027461571724955,0,175.06648028730717,13.231269035406513,0.88931771981492891,0.12122865151220237,0
4,2019-10-15,3515,47.085792873429746,6.8619088359894249,0.46205028859938219,0.00035159021538647519,0,110.90762749611106,10.531269035406467,0.70912861325206844,0.013318297734312751,0
4,2019-10-16,3516,109.64411989386706,10.471108818738685,0.70151132675032213,0.02774969841589052,0,326.9322899307553,18.081269035406649,1.211353568177848,0.079565625032565063,0
4,2019-10-17,3517,22.1462450985359,4.7059797171827995,0.31583756491159731,0.09118983601206436,0,15.700281130134279,3.9623580264956217,0.26593006889232362,0.10404852490801524,0
4,2019-10-18,3518,2.1379830751606899,1.462184350607231,0.097840968289821056,0.54032890053177163,1,0.23779469432328909,0.48764197350442373,0.03263019662781784,0.28571427061202476,1
4,2019-10-23,3519,90.529188114076902,9.5146827647629379,0.63577446558838246,0.016531335035247816,0,6.695890983041398,2.5876419735043328,0.17290715134839013,0.024637268085687957,0
4,2019-10-24,3520,828.66669283357487,28.786571397677335,1.902049714075611,0.32759370915293445,1,379.76818968749137,19.487641973504424,1.2876303791670964,0.11624033746837673,0
4,2019-10-25,3521,169.9640471609043,13.0370260090599,0.8737367474740233,0.28095940029931432,1,370.24041426315068,19.241632318053234,1.2895672085016578,0.20601822214311577,0
4,2019-10-30,3522,885.87936952473046,29.763725733260117,1.9698683433111694,0.030443649686814529,0,288.57997981996925,16.987641973504424,1.1243020598632929,0.0034780727963725886,0
4,2019-10-31,3523,13.417378458303974,3.6629739909401451,0.24277399197641472,0.052348092849619034,0,6.459894840172427,2.541632318053189,0.16845389170554009,0.044676112475139501,0
4,2019-11-01,3524,253.62939215064299,15.925746203887684,1.0695957690914863,0.038533605576991224,0,179.50182175977386,13.397828994272686,0.89981725338478036,0.081198126878872678,0
4,2019-11-05,3525,7.87889391112257,2.8069367486857573,0.18888575409210709,0.10303179636334558,0,62.605409539450413,7.9123580264956672,0.53244224800616857,0.051570246449457097,0
4,2019-11-06,3526,109.32751184613809,10.4559797171828,0.70446216723481891,0.065890172044733061,0,94.329898434833922,9.7123580264956217,0.65436132905478339,0.066961432950514557,0
4,2019-11-07,3527,523.73774495743226,22.885317235236926,1.563044581172484,0.86154291575869901,1,888.77669109995247,29.812358026495531,2.0361546307752301,0.74407755599505643,1
4,2019-11-08,3528,1106.3545794136623,33.261908835989288,2.2802432875841014,0.0076159475054169926,0,251.81662242664527,15.868730964593396,1.0878680307529578,0.010902005553462579,0
4,2019-11-11,3529,1136.2171199705172,33.707819863801888,2.3041779932874351,0.1572900766957272,0,964.8700861661913,31.062358026495531,2.1233411734565268,0.06968189458760618,0
4,2019-11-13,3530,3718.9862106832534,60.983491296278316,4.1580125657981322,0.01088887962970014,0,1997.3419992520442,44.691632318053053,3.0471913761328913,0.014325343736346733,0
4,2019-11-14,3531,2965.938488153347,54.460430480793548,3.7126205249705868,0.013996585078257177,0,1975.0586830930176,44.441632318053053,3.0296293079319003,0.030044774379219426,0
4,2019-11-15,3532,2884.8103424321566,53.710430480793548,3.6596211958432558,0.068927520752445917,0,1908.9587346159381,43.691632318053053,2.9769790016729503,0.12176182336864018,0
4,2019-11-18,3533,1680.6883628337166,40.996199370596742,2.7918008356155632,0.061007852922058611,0,1149.0628105249539,33.897828994272686,2.3084087980028389,0.16796373528642605,0
4,2019-11-19,3534,858.73263919356896,29.30414030804468,1.9911762117309697,0.36696973075316092,1,495.61258489987199,22.262358026495576,1.5126967470609212,0.28426094802190816,1
4,2019-11-20,3535,620.60320185264573,24.911908835989379,1.698095418424006,0.70442835510538027,1,56.531315317936915,7.5187309645934874,0.51250679694580881,0.66540291273401331,1
4,2019-11-21,3536,1278.5405621973664,35.756685559449807,2.4416460486496505,0.040688045357251706,0,870.97927628405785,29.512358026495576,2.015252007681763,0.022832358490888632,0
4,2019-11-22,3537,1066.5093508395378,32.657454751396926,2.2392659593662181,0.026394440681105961,0,203.83417132210093,14.277050511996549,0.97895299725703155,0.02137772345073638,0
4,2019-11-25,3538,2537.74960435196,50.376081669299765,3.4631067039700105,0.0025000750426467273,0,324.97455016207505,18.027050511996549,1.2392706501217852,0.00090001208515066847,0
4,2019-11-26,3539,2711.5053357371571,52.072116681935995,3.5804391433929932,0.0042055459644054147,0,335.88078046927967,18.327050511996731,1.2601540559010371,0.48284547114195786,1
4,2019-11-27,3540,2141.1087822266827,46.272116681935813,3.1689974784738424,0.013268349401590577,0,156.92699453011301,12.527050511996549,0.85792901496397966,0.1779202994432843,0
4,2019-11-29,3541,2049.5645488628111,45.272116681935813,3.0983893975249499,0.30229806180424434,1,132.87289350611991,11.527050511996549,0.78890261177815746,0.013005711752199625,0
4,2019-12-02,3542,768.73560473268799,27.726081669299901,1.8768078027008666,0.59513954903938526,1,21.371661968630107,4.6229494880033144,0.31293234197544945,0.39223528783786898,1
4,2019-12-03,3543,1179.6614112047894,34.346199370596878,2.3283980320382947,0.10053226098234318,0,742.44418490113469,27.247828994272822,1.8471852073942665,0.20764638648648143,0
4,2019-12-04,3544,439.40927290504192,20.962091329470013,1.4202440007771275,0.067089847806700492,0,324.44504167465959,18.012358026495576,1.2203908009414666,0.11126531810824761,0
4,2019-12-05,3545,1081.4905138541242,32.886023077503978,2.2530074385985666,0.26758666869187292,1,1177.3379133384124,34.312358026495531,2.3507250386390939,0.078562450699354983,0
4,2019-12-06,3546,1100.2281837992596,33.169687725380527,2.2692541373319099,0.0017277029927061647,0,1040.8597454297835,32.262358026495576,2.2071805450157744,0.0024495541131207112,0
4,2019-12-09,3547,1299.9010333521721,36.05414030804468,2.4611174653090333,0.28848647015414053,1,841.71691825756227,29.012358026495576,1.9804333271781001,0.011965775660275407,0
4,2019-12-10,3548,833.31191461278672,28.867142473975264,1.9680353472849239,0.10537386172631898,0,737.79369355953361,27.162358026495667,1.8518106099328926,0.29972126237713997,1
4,2019-12-11,3549,1102.5149335963235,33.204140308044771,2.2621706164358066,0.23724307503845121,0,684.46897750654227,26.162358026495667,1.7824198137686109,0.080430208843563292,0
4,2019-12-12,3550,1183.6448703356341,34.404140308044816,2.345843468433439,0.055160068981469863,0,748.69863677013439,27.362358026495713,1.8657001245394595,0.21036780132180025,0
4,2019-12-13,3551,497.58822064816451,22.306685559449761,1.5093501292002003,0.042906521031221195,0,257.99934537132538,16.062358026495531,1.0868365942550597,0.44379643847014627,1
4,2019-12-16,3552,1194.8711763683982,34.566908689791717,2.3422488609426559,0.029877143425413328,0,704.78722430915036,26.547828994272777,1.7988771509874495,0.059582490331211727,0
4,2019-12-17,3553,2326.2428464060631,48.231139799988796,3.2720151826592581,0.19301465286626496,0,1390.6658409448692,37.291632318053189,2.5298756702997314,0.25585281054064107,1
4,2019-12-18,3554,2077.6403054661146,45.581139799988705,3.086689225976075,0.13830396510210022,0,1200.042689659181,34.641632318053098,2.345881514055197,0.15996451671447665,0
4,2019-12-19,3555,1300.4873096142755,36.062269889931713,2.4382873488797641,0.090214160237820168,0,1045.9811809961395,32.341632318053144,2.1867229423971022,0.082524696036546719,0
4,2019-12-20,3556,1086.5112362967047,32.962269889931804,2.2240246872634644,0.10948508043746205,0,855.07306062421537,29.241632318053234,1.9729864596217013,0.50522676809019307,1
4,2019-12-23,3557,337.20810296811305,18.363226921434944,1.2317286730009689,0.010338624814663961,0,419.90699505828377,20.491632318053234,1.3744932299059756,0.11670587853036908,0
4,2019-12-24,3558,0.34626364006815158,0.5884417049021522,0.038930976176126508,0.004311603506841461,0,0.025080322685220688,0.15836768194685646,0.010477517826454282,0.0013668578711678607,0
4,2019-12-27,3559,33.595738451973865,5.7961830933791134,0.38264948627688489,0.0010619105773725338,0,11.616970255339787,3.4083676819468565,0.2250118951607101,0.017948397904055381,0
4,2019-12-30,3560,3893.0248565272987,62.394109149240194,3.9663155011912905,0.00019687280522497503,0,3814.0959787385268,61.758367681946766,3.9259022110448649,0.0015856978577494284,0
4,2020-01-06,3561,0.90812883058846439,0.95295793747072821,0.06078119319263503,0.00042174500965623486,0,336.13639533616828,18.33402289013975,1.1693735300022166,0.0009013653167987526,0
4,2020-01-07,3562,1.1338790768804663,1.06483758239483,0.067739914271753549,0.5617071795824482,1,265.36430996124483,16.290006444481378,1.0362929129095313,0.45406072633853756,1
4,2020-01-08,3563,277.64703555172701,16.662743938251197,1.0744958206191324,0.014457979425157716,0,1.5228124933890848,1.2340228901398405,0.079575875553109174,0.07505950277382889,0
4,2020-01-09,3564,475.11104267567032,21.797042062529272,1.4107204752138549,0.51099222714035086,1,111.51346389259771,10.559993555518759,0.68345049223472654,0.18644355023550863,0
4,2020-01-14,3565,20.914771664819099,4.5732670668592164,0.29523996558161503,0.12222853579537056,0,0.26623237789964316,0.51597710986015954,0.033310336337001908,0.11077540202150153,0
4,2020-01-15,3566,369.44172386239245,19.220866886339763,1.2364264183422704,0.15023558728183126,0,110.63971995958347,10.51854172210119,0.67662936040019239,0.067837603483606332,0
4,2020-01-16,3567,173.53496521479522,13.173267066859125,0.84574133711216792,0.018090664902411235,0,65.351426088303427,8.0840228901397495,0.5190050648523209,0.42466961505663803,1
4,2020-01-17,3568,47.241800172370873,6.8732670668591709,0.44306498207046807,0.0022955116215388673,0,3.1827376725427472,1.784022890139795,0.11500179785597854,0.011192411428786946,0
4,2020-01-21,3569,155.58239132119698,12.473267066859307,0.80116045133658587,0.85406261519073556,1,1.5376159823554614,1.2400064444814234,0.079645863220593707,0.77744397851190561,1
4,2020-01-22,3570,341.2615961235087,18.473267066859307,1.1819865037340398,0.032090939968774344,0,179.13206872378964,13.384022890139931,0.85635823726021698,0.15606386234464553,0
4,2020-01-23,3571,61.668948367685942,7.8529579374708192,0.49867965946790405,0.0093739553235297427,0,364.4283460503388,19.090006444481332,1.2122563228754617,0.0021396112525004945,0
4,2020-02-03,3572,73.051928018644631,8.5470420625292718,0.54846742147330652,0.020401793639732182,0,7.2361346713506105,2.6900064444812415,0.17261888821389557,0.0027674068671853253,0
4,2020-02-04,3573,184.87955285018904,13.597042062529226,0.87536484018085547,0.14085387680777703,0,5.5695695820898568,2.359993555518713,0.15193417598137599,0.27443106973045839,1
4,2020-02-05,3574,356.20020977699096,18.873267066859171,1.2072709695425812,0.41170242177532668,1,58.369698471715594,7.640006444481287,0.48871019282807443,0.21158905772638287,0
4,2020-02-06,3575,796.55280392726513,28.223267066859307,1.7946311682103016,0.036978080417936383,0,288.66031898352031,16.990006444481423,1.0803425075179742,0.00041791758888560403,0
4,2020-02-07,3576,39.727278761526975,6.3029579374708646,0.40064568633809206,0.027036560060346857,0,307.65182607244827,17.540006444481378,1.1149254032851117,0.025770131509648631,0
4,2020-02-10,3577,10.221077949580549,3.1970420625291354,0.2044536715820896,0.0086135953877818708,0,5.2598971516366531,2.2934465661176091,0.14666793925417976,0.0079274225551267102,0
4,2020-02-12,3578,66.470723130167698,8.1529579374707737,0.51763169026194555,0.21675323736125979,0,82.021160100765272,9.0565534338822999,0.57500101164295103,0.06572852681324283,0
4,2020-02-13,3579,8.0297955818870115,2.833689394038629,0.17918865524463318,0.018453815946156294,0,2.5385046027223264,1.5932685281277372,0.10075050765952556,0.021418922194384765,0
4,2020-02-14,3580,99.018700959534229,9.9508140852663018,0.62589641068442314,0.010439525032630717,0,47.014766477361071,6.8567314718720809,0.43128166002277457,0.00014012683495907149,0
4,2020-02-18,3581,280.87836335215394,16.759426104498743,1.0351714703211083,0.00046529854385692239,0,1296.48471128751,36.006731471872172,2.2240105912212584,0.00036475660184389892,0
4,2020-02-20,3582,2993.0252190546839,54.708547952350955,3.3150668334454925,0.0018535891005726872,0,2458.3905272789461,49.582159364825429,3.0044330948812599,0.0027222152110326983,0
4,2020-02-25,3583,20.334075630012887,4.5093320602959466,0.27581699555299688,0.0013976765911005733,0,69.799714922323062,8.3546223686246321,0.5110173324744407,0.0018345875937803263,0
4,2020-02-26,3584,466.96323209213034,21.609332060295856,1.3080709479597976,0.23668915237754318,0,647.9377999292808,25.454622368624541,1.5408367051225509,0.1863187607331423,0
4,2020-02-27,3585,767.65540819463592,27.706595030689641,1.7210668714904893,0.008617604881362137,0,2180.6132266415939,46.697036593788198,2.9007073077484362,0.010786690470192642,0
4,2020-02-28,3586,84.314551860715042,9.1822955659636136,0.57401903953762468,0.035790724003620038,0,723.36133793428644,26.895377631375368,1.6813288926562289,0.079140842688479596,0
4,2020-03-02,3587,396.35028157105921,19.908547952351,1.2323458961529559,0.065245820335066804,0,218.51223548709748,14.782159364825475,0.91502069729653202,0.082015572368597189,0
4,2020-03-03,3588,3335.5385731628967,57.754121698480503,3.5176247342010845,0.035343350384200764,0,1691.8545340133926,41.132159364825384,2.5052324734187281,0.0019929776951416885,0
4,2020-03-04,3589,3781.8625929071704,61.496850268181788,3.7055224311991921,0.25756597849283946,1,1092.608059932368,33.05462236862445,1.9917222444338669,0.44253856970706973,1
4,2020-03-05,3590,918.52265052286884,30.30713860665287,1.8000854457074136,0.0071665594479091805,0,1101.1647255848188,33.183802156847833,1.9709442079320423,0.0041957230758182373,0
4,2020-03-06,3591,638.43725753687943,25.267315993925422,1.5107513299805932,0.056806651019556231,0,218.98289544367017,14.798070666261538,0.88478748378245353,0.0014534931385605282,0
4,2020-03-09,3592,163.55145675107698,12.788723812448097,0.77331663264992279,0.25178415676867527,1,29.330172922141422,5.4157338304371478,0.32748201544593486,0.354597597570811,1
4,2020-03-11,3593,3297.7758232813007,57.426264228846549,3.6560937307472177,0.0082833688296108914,0,7369.7136919351869,85.847036593788062,5.4655272549683618,0.24745440107744987,0
4,2020-03-12,3594,553.90122862343117,23.535106301511178,1.5059576594261055,0.00012242835117125616,0,1437.7626384344958,37.917840635174571,2.4262759556676845,0.0015711173646286113,0
4,2020-03-13,3595,9446.6501347325102,97.19387910116825,6.5331638839260773,0.20067777652243182,0,5205.5402667070766,72.149430120459556,4.8497297923277243,0.13716325403205429,0
4,2020-03-16,3596,23.60214980879104,4.8582043811259155,0.31624816958247071,0.48882826418272018,1,2.4960581727861135,1.5798918231278094,0.10284414940292992,0.27936491318579754,1
4,2020-03-17,3597,782.48125922655208,27.972866482120708,1.8670982834148115,0.054718730734616652,0,595.59354148153898,24.404785216869641,1.6289404096161821,0.033733814627028604,0
4,2020-03-18,3598,240.87570409179219,15.52017087830518,1.0527502715485961,0.67663892213944787,1,388.57705896474636,19.712358026495622,1.3371109395621925,0.20378593543572754,0
4,2020-03-19,3599,103.21529525026575,10.159492863832611,0.66602155918661399,0.7652124328233777,1,197.6377018808104,14.058367681946947,0.92161843988114234,0.58612813709147205,1
4,2020-03-23,3600,9598.1434357932885,97.970115013677969,6.1012059793665241,0.0026190080312344642,0,10692.008968697664,103.40217100572727,6.4394937571681314,0.017401034956583954,0
4,2020-03-24,3601,3729.3379366121094,61.068305499760754,3.7355215010864176,0.0063145342052137723,0,9412.9013906519649,97.0201081768721,5.9346775248881887,0.023138172108351257,0
4,2020-03-26,3602,1537.0352741650556,39.205041438124454,2.4241044604046533,0.26242042325005699,1,2632.3624252638197,51.3065534338823,3.1723584637285787,0.081789162272557059,0
4,2020-03-27,3603,553.2801124381615,23.521907074856017,1.4534948448900709,0.00013701687364250288,0,309.13232793011855,17.582159364825429,1.0864585901764463,0.14402498326277668,0
4,2020-03-30,3604,250.7875132417465,15.836272075262741,0.98426129309566734,0.86766353969189669,1,309.59731399070625,17.595377631375413,1.0935938115774519,0.09019760561713204,0
4,2020-03-31,3605,672.98130224216231,25.941883166843581,1.6082005558764854,0.0010848558237513868,0,180.77817965029399,13.44537763137555,0.83351172471486901,0.043613961961502801,0
4,2020-04-03,3606,858.92593644231806,29.307438244280547,1.7770161130380806,0.83804854873006718,1,2355.3704926128171,48.532159364825475,2.9426805738866442,0.14160308447068687,0
4,2020-04-07,3607,1713.5649218916744,41.395228250266655,2.5121512471335512,0.28698711681372324,1,1659.5565140337594,40.737654743906887,2.472245099156869,0.0058652659690637014,0
4,2020-04-08,3608,2097.8228690352753,45.801996343339397,2.7252548920560136,0.019223222396857316,0,1955.7381743938674,44.223728635132829,2.6313467191344317,0.65750832019885597,1
4,2020-04-09,3609,2156.0099180116808,46.432853864604112,2.7017050513254071,0.17540848801028552,0,3856.7780638333047,62.102963406211984,3.6134735639142339,0.010305095403248629,0
4,2020-04-15,3610,1131.6994065260362,33.640740279102602,1.9451136327899738,0.049730344417264705,0,2131.5945458241254,46.169194771233833,2.6695111171572035,0.59073622009877258,1
4,2020-04-16,3611,562.97743697778458,23.727145571639767,1.4018578814002405,0.78626349683686636,1,4983.6334308047353,70.594854138277924,4.1709169087044948,0.10416693870620138,0
4,2020-04-17,3612,1065.078219501688,32.635536145460946,1.9354487098482354,0.00012144048136365533,0,38417.2717021563,196.00324411130623,11.623961814215765,0.008649364740263326,0
4,2020-04-20,3613,2118.0650959471395,46.022441221073223,2.7360923409573572,0.0033602592436195438,0,701.52248673990107,26.486269777752796,1.5746422388010342,0.3090565144266903,1
4,2020-04-21,3614,39.072969119367635,6.2508374734404697,0.36542851559091927,0.00064953436329041208,0,517.68024323998145,22.75258761635655,1.3301328588089534,0.074138260471234299,0
4,2020-04-22,3615,293.66094859131687,17.13653840748816,0.98698565341904454,0.013159694616720273,0,1011.6005703978553,31.805668840599083,1.8318599764203933,0.0018773711662391319,0
4,2020-04-23,3616,2.1048646424351496,1.450815164807409,0.084551265505414586,0.025431618288324364,0,38339.909784393334,195.80579609499136,11.411259169822912,0.0034952733426023589,0
4,2020-04-24,3617,282.40215177069143,16.804825252607998,0.97990176113635952,0.026066333617851871,0,15621.284922482546,124.98513880650989,7.2879756731397354,0.35034084131712567,1
4,2020-04-27,3618,449.44647197527115,21.2001526403767,1.2532974278251723,0.0049761817778651921,0,447.85199549934492,21.16251392201184,1.2510723255009808,0.27033752656499976,1
4,2020-04-28,3619,78.589904689686946,8.8650947366447781,0.52063395898662623,0.0013810832158200478,0,672.41425648904635,25.930951708123757,1.5228866074364267,0.10381449640545318,0
4,2020-04-30,3620,348.35276024679973,18.664210678375866,1.0961216078916969,0.048909440795628097,0,4673.0920562453157,68.360017965513407,4.0146831869336905,0.017912291816807879,0
4,2020-05-11,3621,19.66903881733359,4.4349790097962796,0.26051333469198068,0.10706974675023412,0,1865.0474136558869,43.186194711457119,2.5367830540094638,0.30246111188027996,1
4,2020-05-12,3622,10.663649669762883,3.2655244096106344,0.19114518904300129,0.81018394427074902,1,266470.64912719518,516.20795143739815,30.215871659880477,0.7875539640406326,1
4,2020-05-13,3623,647.32040909973409,25.442492195139494,1.4693053935746996,0.05380534932835148,0,207113.3729887153,455.097102812922,26.281883969330217,0.0020483133434640341,0
4,2020-05-14,3624,254.30905309691479,15.947070360944508,0.9189541222776102,0.00073688829261955217,0,6223.9237795614999,78.891848625580451,4.546163518920129,0.00014831324595679179,0
4,2020-05-15,3625,327.98535482475012,18.110365949498373,1.0440056464805658,0.0030130546900339226,0,32059.485343254095,179.05162759174823,10.321763278477444,0.0013573607914135393,0
4,2020-05-18,3626,736.98197277257123,27.147411898237578,1.5620364163662694,0.45989466017228869,1,59142.592476617392,243.19250086426882,13.993066593645894,0.74857300768900137,1
4,2020-05-19,3627,961.90566260326284,31.01460402138423,1.7739863879988691,0.15447321557358715,0,77796.636955485214,278.92048500510896,15.953811417097121,0.10612393557918336,0
4,2020-05-20,3628,24.58811256771714,4.9586401934116111,0.28747406767995887,0.0073702657467172999,0,24648.325150827714,156.99785078410378,9.1018523267495954,0.011967783203434048,0
4,2020-05-21,3629,647.77355422108883,25.451395918909611,1.4681662437720062,0.0064569793452126595,0,12715.952152304211,112.76503071566208,6.5048617412628467,0.058932444902207635,0
4,2020-05-22,3630,54.534739170978149,7.3847639888474532,0.4292843475568931,0.0029805736892384192,0,2588.1145239126313,50.87351495535404,2.9573326525420165,0.0019655188135964822,0
4,2020-05-26,3631,340.13223706300397,18.442674346824106,1.0883202140224304,0.0011119367669723782,0,4349.8019759075096,65.953028557508333,3.8919525880743739,0.028746952244333789,0
4,2020-05-27,3632,286.76605027171786,16.934168130490434,0.9860638850840211,0.0065643770578384412,0,873.35543482242781,29.552587616356504,1.7208249696542059,0.066630349973003516,0
4,2020-05-28,3633,208.52520477128638,14.440401821669866,0.83533301450048392,0.076773857641387083,0,134.31820325847559,11.58957304038745,0.67042130157849533,0.095417487521045993,0
4,2020-05-29,3634,0.063020820576964551,0.25103948011610555,0.014505921652380998,0.00094413770674423015,0,27847.321377712655,166.87516704924269,9.6426191522733564,0.0050100218432767765,0
4,2020-06-01,3635,144.92085523218739,12.038307822621391,0.69100294593584888,0.019749319467554659,0,8411.6217248910325,91.714893691761063,5.2644659582562383,0.070274717614170965,0
4,2020-06-02,3636,1849.746483136903,43.008679160570637,2.529847896271912,0.016548828616856366,0,3731.159936821382,61.083221401800529,3.5930249934884575,0.0021032288780357634,0
4,2020-06-04,3637,205.79371265164494,14.345511934108345,0.85214956987783086,0.0010756557225438518,0,13272.395129569375,115.20588148861748,6.8434394540151171,0.0035749264092338304,0
4,2020-06-05,3638,32.787028745753929,5.7259958737108718,0.33874616935610213,0.0058534885879803116,0,49.269095236515106,7.0191947712337424,0.41525096999046007,0.048309336470592296,0
4,2020-06-08,3639,1863.4855286057398,43.168107771892664,2.519294296579671,0.0023596603417936055,0,3113.4246900771163,55.798070666261538,3.2563799630149717,0.015767580835546916,0
4,2020-06-09,3640,302.01532346587771,17.378588074578374,1.0091802255787217,0.053363011951713717,0,2544.4142882388519,50.442187583795885,2.9291941339563827,0.23044363754635186,0
4,2020-06-10,3641,315.11445334931688,17.751463414302407,1.0212261420568045,0.020581775101092936,0,6704.119888982983,81.878690078572845,4.7104093242383342,0.016496335968457801,0
4,2020-06-11,3642,46.608236986086993,6.8270225564360771,0.39382881779267825,0.013659979184989325,0,742.27128313295157,27.244656047249919,1.5716559588837564,0.0040963102315384357,0
4,2020-06-12,3643,236.65919887373514,15.383731630320881,0.89939674531970426,0.0054236164183081052,0,2654.0570336868659,51.517541029118092,3.0119290846922211,0.018521811771949049,0
4,2020-06-15,3644,16.620116458347269,4.0767777052897145,0.2370426319324194,0.00052021560402164832,0,4976.8550122330143,70.54682850584436,4.1019175222167261,0.0042987407496663044,0
4,2020-06-16,3645,7.3641873575465153,2.7137036237486427,0.15737545299670269,0.01037617921170143,0,5365.314155377223,73.248304795245758,4.2478791889840091,0.0011783392104323912,0
4,2020-06-17,3646,3.413595509700396,1.8475918136050495,0.10744936397819423,0.0591426513205833,0,13976.238860622689,118.22114388138311,6.8753209584985822,0.073581248241767247,0
4,2020-06-18,3647,37.827911060315849,6.1504399078696679,0.35454330064099537,0.1322112598043938,0,3180.9907281717178,56.400272412211962,3.2512046353775448,0.34794823766332644,1
4,2020-06-19,3648,884.22236656425446,29.735876757954429,1.6877643816417078,0.06799448304969509,0,2815.8033285332913,53.06414352963111,3.0118422981315724,0.12535603612063234,0
4,2020-06-22,3649,3000.1800481093524,54.773899332705469,3.096494959167023,0.0062720404309112038,0,24329.340069445359,155.9786526081225,8.8178332640693373,0.0004919976074410716,0
4,2020-06-23,3650,323.43740881567402,17.984365677323012,1.0183384206179333,0.018766013565059816,0,78241.624597333008,279.71704380915548,15.838568772636986,0.0082536169782835254,0
4,2020-06-24,3651,384.50383732485369,19.608769398533241,1.1068395460901581,0.25785912957916185,1,103.53865557598147,10.175394615246205,0.57436185455216782,0.072396618546949856,0
4,2020-06-29,3652,289.77650365207404,17.0228230224036,0.9627749008768508,0.46761379467105846,1,254.51086893455982,15.953396783586868,0.90229041250986186,0.1973623828262033,0
4,2020-06-30,3653,105.25021055763339,10.259152526287608,0.57926950262768462,0.006743369391879998,0,1532.5030567981439,39.147197304508836,2.2103948112424177,0.0013950153465942825,0
4,2020-07-01,3654,190.43855519500693,13.799947651893717,0.77639020236258216,0.63902970901391043,1,2716.8729131773503,52.123631043676824,2.9324949249586103,0.37625879385668054,1
4,2020-07-02,3655,336.57913854520041,18.346093277458294,1.0261252462362713,0.10060531042481861,0,8008.4580512234552,89.489988553041258,5.0053128560345241,0.056754480990051627,0
4,2020-07-06,3656,1879.7767625789215,43.356392407336216,2.4227538994348419,0.0059391799290113524,0,54246.393438062871,232.90855166365805,13.014922838906879,0.0075764309396936565,0
4,2020-07-07,3657,3877.4356587025813,62.269058598172023,3.4381899728436873,0.042623624488001083,0,15789.118262132026,125.65475821524637,6.9380353495249496,0.11758072318810196,0
4,2020-07-08,3658,2527.521788080106,50.274464572783927,2.7743758386835125,0.00035073939956693041,0,10838.118043215647,104.10628243874453,5.7450627690935674,0.00021937926766093946,0
4,2020-07-09,3659,909.12981985301019,30.15177971286289,1.6722189403173917,0.006758358361855267,0,24218.715995077291,155.62363572117602,8.6308932239574077,0.070749339713391535,0
4,2020-07-10,3660,1258.5593836207713,35.476180510601353,1.9627209134495907,0.028949699422044919,0,56888.426294189419,238.51294785438677,13.195737087379628,0.010769112803739695,0
4,2020-07-13,3661,606.45824026584626,24.626372860529955,1.3666892091975111,0.011074434794572844,0,93763.478822335921,306.2082278815119,16.993630494561955,0.051863353684432983,0
4,2020-07-14,3662,1909.590834671013,43.698865370522071,2.421526397568551,0.55935250073991549,1,68125.776517874721,261.0091502569876,14.463545952398738,0.34505886832388705,1
4,2020-07-15,3663,1092.5925120142292,33.054387182554592,1.8285327865549921,0.027362270135913518,0,130453.82568949736,361.18392224668219,19.980302165551926,0.0057175567581901048,0
4,2020-07-16,3664,1287.3500905013084,35.879661237270739,1.9852082461764873,0.00043365989997957012,0,32656.083835066071,180.70994392967441,9.9986136569936317,0.040178835520192774,0
4,2020-07-17,3665,1747.8235354402996,41.806979506301332,2.302590229741488,0.48965424711859856,1,1.0971903781137295,1.0474685571002738,0.057691105504930673,0.24616429191613728,0
4,2020-07-20,3666,2852.1247734962594,53.405287879537354,2.8984444318763321,0.0016193382467777099,0,26825.245948438904,163.78414437435299,8.8889932091043935,0.016698595544827596,0
4,2020-07-21,3667,350.73845807200229,18.728012656766396,1.0110134234920318,3.486183192692171e-05,0,46888.723882191618,216.53804257495176,11.68959417917036,4.5059484918283394e-05,0
4,2020-07-22,3668,4574.4795568966128,67.634898956800498,3.4923656291431335,0.00038778674322444671,0,25746.074286412058,160.45583282140933,8.2852261803324989,0.010207930396195932,0
4,2020-07-27,3669,2650.477166331415,51.482785145438811,2.6525212605203157,1.1421528174537595e-06,0,100431.22931342211,316.90886594322683,16.327933739153323,5.9278361539707593e-05,0
4,2020-07-28,3670,1488.3300176417181,38.578880461227982,1.9774914378608837,0.00076129654474281657,0,134.13849061345667,11.5818172414115,0.59366534632279966,0.00063370369241801529,0
4,2020-07-29,3671,5410.2187497122495,73.554189205729472,3.7572696450197665,0.0015744936141162339,0,2621.677638981389,51.202320640586095,2.6154992281861462,0.00081748521081941613,0
4,2020-07-30,3672,5335.1078291004851,73.041822465629139,3.7173302695113812,0.011121506261941135,0,1174.3086470172559,34.268187098492035,1.7440168506535718,0.00087026083796458485,0
4,2020-07-31,3673,2795.6246108942973,52.873666516464482,2.699633224398891,0.0012576784492810274,0,14920.385864328926,122.14903136877069,6.2367073278073422,0.00012480981405976329,0
4,2020-08-03,3674,649.1291134317878,25.478012352453788,1.2881345038906815,0.64591237625658471,1,638.13898354775756,25.261412936487886,1.2771835247731373,0.84372601271044689,1
4,2020-08-04,3675,6504.3886473847861,80.649790126105017,3.9376896284991338,0.00054730515001915692,0,62470.335475748965,249.94066390995476,12.203240187972304,0.0003005448257624418,0
4,2020-08-05,3676,7638.8464437607126,87.400494528124455,4.228067364638485,3.2728109107619853e-05,0,1582.8333285765254,39.784837923215491,1.9246226893653333,0.0029807203989093592,0
4,2020-08-06,3677,61.500139084339068,7.8422024383676217,0.38609666634013345,0.00036267514877143307,0,170726.32227732762,413.19041890795052,20.342683647586369,0.00028620485002759863,0
4,2020-08-07,3678,4467.6325012890302,66.840350846543515,3.4598245688981581,0.60509749389933865,1,165043.97376815512,406.25604459276065,21.028834028301706,0.74257426673208327,1
4,2020-08-12,3679,1001.4548599874818,31.645771597284238,1.6276595909622857,0.00041919139963818254,0,1581.6831556355758,39.770380380825827,2.0455384019969562,0.00090691596842765025,0
4,2020-08-13,3680,1793.6511734297276,42.351519139574293,2.1777359115348656,0.095459314757173272,0,24041.050692168508,155.05176778150098,7.9728380399280621,0.20001893281707767,0
4,2020-08-14,3681,6434.8415787726744,80.21746430031726,4.0660701168521305,0.0047790160530407867,0,17785.230951234866,133.36127980502761,6.7598286643702057,0.0056911755520405857,0
4,2020-08-17,3682,12244.430584563626,110.65455519120587,5.508627514185731,0.00032655587059562502,0,104403.07584855934,323.11464814916599,16.085358961999553,0.0033897354292538105,0
4,2020-08-18,3683,15.221892618010571,3.9015243966955495,0.19694721840966936,6.3815182560109592e-05,0,1343.6770343167484,36.656200489368075,1.8503887172825881,0.0002962830705917017,0
4,2020-08-19,3684,1630.528278507416,40.379800377260608,2.0953117493324651,0.81316324919739269,1,420521.9017815516,648.47660079724665,33.649513571711935,0.58091190725130548,1
4,2020-08-20,3685,2016.4696450676988,44.905118250236228,2.3335213578733716,0.0015034925362889698,0,198775.33463678608,445.84227551544063,23.168460805749508,0.023965015477848087,0
4,2020-08-21,3686,3669.1032896089982,60.573123492263448,3.115981557769667,0.003379839116949068,0,32024.759219285104,178.95462894064826,9.2057218004911778,0.039754099236266806,0
4,2020-08-24,3687,494.2143212048303,22.230931631509065,1.163222752348537,0.66242458779248881,1,28900.684700574191,170.00201381329043,8.895273202694213,0.041767802364869565,0
4,2020-08-25,3688,1331.323483406911,36.487305784435648,1.887648712301697,0.071059564447562035,0,14396.56164370745,119.98567266014493,6.2073862572826464,0.063442062105039138,0
4,2020-08-26,3689,503.86927083694673,22.447032561943388,1.166776649008155,0.070385053248898682,0,22620.254682663533,150.40031476916374,7.817673663183915,0.14000279325113782,0
4,2020-08-27,3690,4011.8691834722235,63.339317832387678,3.2359730161896278,0.2272212832431294,0,49674.124528829067,222.87692686509536,11.386667017400841,0.10158325652004828,0
4,2020-08-28,3691,1863.4228662061832,43.167381970721635,2.1886268649439318,0.15562209626537693,0,2686.1340856042575,51.827927660714522,2.627724676690979,0.054969883657708142,0
4,2020-09-01,3692,2371.857466721026,48.701719340501995,2.5013080989446599,0.42530027463943654,1,127.70321861001401,11.300584879111966,0.58039520706258019,0.17073849377457459,0
4,2020-09-02,3693,2708.7217467165533,52.045381607944364,2.682129485838046,0.0080762881177700654,0,30.652947103335453,5.5365103723677294,0.28532094990170986,0.011943462915041069,0
4,2020-09-03,3694,288.94552487936602,16.998397715060264,0.88243771557183526,0.014027911152050024,0,2056.7587328507175,45.351501991121722,2.3543322426995652,0.13998610246457283,0
4,2020-09-04,3695,467.48640363430832,21.621433894039228,1.1314494829293926,0.0014013819936517929,0,14.402577955965198,3.795072852524072,0.1985961355621064,0.17358309482519924,0
4,2020-09-08,3696,6079.9111213661363,77.973784834174467,4.0044055481806939,0.001620231081096181,0,33501.546114260949,183.03427579079539,9.399870367234767,0.024420745904759247,0
4,2020-09-09,3697,3223.8565119670579,56.779014714655432,2.8876803414955083,0.11569291663167525,0,30223.139520628698,173.84803571115981,8.8416038505357815,0.0072859234481879318,0
4,2020-09-10,3698,454.93674689970334,21.329246280628468,1.0952678587156448,0.10379574114072669,0,968.31117618776557,31.1176987611193,1.5979099702741757,0.042410633635857974,0
4,2020-09-11,3699,808.98865671663555,28.442725901654285,1.4521226273372279,0.07661095033513847,0,160.05034114138365,12.651100392510671,0.64589270396235621,0.049275536005625009,0
4,2020-09-14,3700,3277.7995490899243,57.252070260296477,2.9369825972912245,0.38438679323445218,1,7455.8340373619003,86.347171565500048,4.4295365924795469,0.079430542987849989,0
4,2020-09-15,3701,4768.7284496534512,69.055980549503829,3.5200316316395059,0.0014560096801392781,0,91.223518707819224,9.5511003925107616,0.48685392968247332,0.14400372123801083,0
4,2020-09-16,3702,1676.7194772892035,40.947765229487231,2.1147974295409804,0.85288849183086335,1,171333.03719990037,413.92395098604811,21.377608830783636,0.01250793153446926,0
4,2020-09-17,3703,577.06177070952242,24.022110038660685,1.2313663294800055,0.0081446329510233527,0,2448.0674943725385,49.477949577286836,2.5362252134857544,0.026364769411866933,0
4,2020-09-18,3704,3068.7047055947469,55.395890692313515,2.9569707853268663,0.00034571656172655067,0,875.68874698669299,29.592038574364778,1.579589974077334,0.0048396527281172105,0
4,2020-09-23,3705,611.04094633539808,24.719242430450777,1.327742308604849,0.0017022522194663247,0,3282.1508945172159,57.290059299299173,3.0772154853927312,0.016085528311660768,0
4,2020-09-24,3706,19.897687157068077,4.4606823645119675,0.23986031964897389,0.045132844102148906,0,2121.3315378352208,46.057915040036505,2.4766314480849871,0.048094485012852205,0
4,2020-09-25,3707,2502.8029588334116,50.028021736157143,2.6554856411346979,0.044264388571097359,0,592.12237183923526,24.333564717057698,1.2916247627090791,0.044218385155019441,0
4,2020-09-29,3708,1007.2901946900427,31.737835381292825,1.6820094006726813,0.024080530694178634,0,54196.017883827029,232.80038205257961,12.337716998917781,0.037091123817283009,0
4,2020-09-30,3709,1009.5698201086634,31.773728457778816,1.6520851921372062,0.024298692379590914,0,13626.941679453925,116.73449224395472,6.069647328426087,0.054487086419922622,0
4,2020-10-09,3710,277.82064360936818,16.667952592006259,0.86564282482504595,0.049140655617413813,0,9074.5638374835617,95.260505129269404,4.947312652779507,0.04150920077285053,0
4,2020-10-12,3711,434.81157793959039,20.85213605220315,1.1025292683446914,0.030169350830297134,0,29407.553805977695,171.48630792566996,9.0671129871342444,0.21749553292458726,0
4,2020-10-13,3712,434.16270269096407,20.836571279626696,1.0908914049174994,0.00013311864967053186,0,5718.8155686493974,75.622850836565249,3.9592079179375017,0.0042437210249640983,0
4,2020-10-14,3713,1.8577095571158746,1.3629781939253007,0.072042824352518658,0.5740839319551152,1,475568.96868063702,689.61508733541859,36.450926969470828,0.012835928960525515,0
4,2020-10-15,3714,980.57238164945625,31.314092381058344,1.6437412341438991,0.0087393629502313802,0,24491.69292416333,156.49822019487419,8.214914054480154,0.091583210533812853,0
4,2020-10-16,3715,1054.9538205419826,32.480052656083899,1.7044528052101122,0.013145421520499783,0,355683.68274812109,596.39222223979505,31.296821066320064,0.34603449250501078,1
4,2020-10-19,3716,8.0713026507255492,2.8410038104032083,0.1496525395281926,0.34366167521160318,1,250973.34485500056,500.97239929461239,26.389190860441019,0.58468402141043485,1
4,2020-10-20,3717,795.1539580801724,28.19847439277828,1.4655029177963401,0.16641210032685888,0,7136.173156041079,84.475873218576908,4.3902956224086953,0.17194271694154639,0
4,2020-10-21,3718,87.785721450523269,9.3694034735688092,0.49288005857959488,0.2046679030314929,0,1163.1944703079039,34.105636928635477,1.7941364543325955,0.31021583028627447,1
4,2020-10-22,3719,0.48658089834746165,0.69755350930768145,0.036642949560459194,0.0013358988806577868,0,196968.38523374411,443.81120449324408,23.313697606873326,0.0013094888050730869,0
4,2020-10-23,3720,68.91190145764574,8.301319260072205,0.43726825884654347,0.69576181485041522,1,214382.5924750604,463.01467846609398,24.38908996634591,0.6616866763428062,1
4,2020-10-26,3721,1450.8204478385417,38.089637013740912,1.9987215728467709,0.018771684988824328,0,2823.8032987830661,53.139470253127911,2.7884488772171858,0.38130449982246351,1
4,2020-10-27,3722,736.13158413094914,27.131744951826249,1.4509342470026605,0.056622293665768299,0,92070.253646154393,303.4308053678044,16.226680144806245,0.4037323393247581,1
4,2020-10-28,3723,855.96924551342363,29.256952088579283,1.5642919365117511,0.00070248248807669304,0,0.90811204471223106,0.95294913018074112,0.05095167246862755,0.0038142601354540832,0
4,2020-10-29,3724,592.79248240405605,24.347330087795171,1.2882866864805105,0.22378340259098131,0,15663.958653647547,125.15573759779272,6.6223470870306747,0.14244139624757338,0
4,2020-11-02,3725,1.0582294698482637,1.0287028092934634,0.054137979069729406,0.030697172025391663,0,11754.660440560545,108.41891182151085,5.7058080583906978,0.46202896853078651,1
4,2020-11-04,3726,1327.3451869321752,36.432748824816599,1.8794783886515825,0.062409924852817017,0,21914.548588001995,148.03563283210565,7.6368042937452936,0.50351163756237116,1
4,2020-11-05,3727,1116.9417358310127,33.420678267070116,1.7220052693255419,0.0097502096278471728,0,16296.681454776861,127.65845626035457,6.577620376151823,0.048891873863855108,0
4,2020-11-06,3728,1240.3978933452242,35.219282976023578,1.8861073729997098,0.34214754489386395,1,1982.996650287454,44.530850545295607,2.3847721600865213,0.26911771869812495,1
4,2020-11-09,3729,55.012784079619173,7.4170603394888985,0.39479748440351831,5.6354290464004909e-05,0,26541.158407569084,162.91457395693328,8.671665191724772,0.00036417838992201405,0
4,2020-11-10,3730,62.776866859338398,7.9231853985211274,0.42576025140498819,0.9228574421930924,1,14105.882408140829,118.76818769409942,6.3821267467744667,0.58342325644797854,1
4,2020-11-11,3731,118.79718042991863,10.899411930462975,0.58134847750289231,0.016033043717747525,0,4851.3903180247071,69.651922572350486,3.7150664091714267,0.00518964548760429,0
4,2020-11-12,3732,54.65198657837449,7.3926981933780098,0.39096188023576128,0.081716797115253439,0,1730.5721050153022,41.600145492717957,2.2000182713373504,0.027489320476077349,0
4,2020-11-13,3733,46.868495998128388,6.8460569671985922,0.36240739880885064,0.008590043446018528,0,1233931.710504401,1110.8247883912211,58.803355569795457,0.033487736588038219,0
4,2020-11-17,3734,886.03720929738847,29.766377161108949,1.5866093044671898,0.54559513896876388,1,1351920.1192235798,1162.7209980143903,61.975427643216797,0.028206334393171804,0
4,2020-11-18,3735,1013.4172217626165,31.834214640267419,1.7139588467584148,0.0031114675208125035,0,109.36599844710319,10.457819966278976,0.56305058100406358,0.0095570683065233607,0
4,2020-11-19,3736,597.09677251249616,24.435563683133978,1.302743705450444,0.0015859160847814396,0,7275.303445673042,85.295389357649583,4.5473897402382892,0.15696065682693361,0
4,2020-11-20,3737,1240.9755304196347,35.227482601225347,1.9575173705948739,0.45716305927195988,1,705.10747726556258,26.553859931572333,1.4755423389404498,0.66342837383513342,1
4,2020-11-24,3738,293.91528669404789,17.143957731342198,0.94707533594863536,0.00074272974561491608,0,9062.194764612479,95.195560635002721,5.2588421519723081,0.078891365567341054,0
4,2020-11-25,3739,710.39377547471452,26.65321322982868,1.4979606154009262,0.14718331255576567,0,82.83331888804048,9.1012811673983833,0.51150908601126188,0.048247596915281001,0
4,2020-11-27,3740,663.44490384132655,25.757424247026847,1.4224726907097527,0.15823192865436528,0,7185.9135154612295,84.769767697341422,4.6814727431915744,0.46178284482370102,1
4,2020-12-01,3741,288.34550969755924,16.980739374289897,0.93167669122626462,0.0089770635789963391,0,483.2454279862082,21.982843946728281,1.2061255320272293,0.039955994483467316,0
4,2020-12-02,3742,4.8852665485099243,2.2102639092447589,0.12062454821648479,0.043730489694865426,0,6311.298924236301,79.443683979510297,4.3356173208999538,0.012560250590562181,0
4,2020-12-03,3743,19.53463749472467,4.4198006170781809,0.2398155516591525,0.029720686234051847,0,9705.5519368726837,98.51675967505571,5.3454563035841405,0.024461461652805886,0
4,2020-12-04,3744,204.83333509172724,14.311999688783089,0.7694830338870986,0.11043891863113597,0,2428.6438967750692,49.281273286869009,2.6496020477361761,0.24338226017791509,0
4,2020-12-07,3745,19.571793018877084,4.4240019234712236,0.23681192214068586,0.29935677125683646,1,136.60476353312768,11.687804050938212,0.6256352033261896,0.18269942820554502,0
4,2020-12-08,3746,672.6207558877752,25.934933119014886,1.4081679445644026,0.86891823330121432,1,2790.7390272785951,52.827445776590366,2.8683288055702656,0.62890723500641854,1
4,2020-12-09,3747,1.5630728876341344,1.2502291340526881,0.067786978287889404,0.00015205032923234341,0,32.208179314723722,5.6752250452932458,0.30770868030977017,0.0029180931203119597,0
4,2020-12-10,3748,105.68705388873197,10.280420900368426,0.55811188384193411,0.036217246166471581,0,1384.5976216787722,37.210181693708137,2.0200967260427869,0.23055430889718295,0
4,2020-12-11,3749,342.98809163633922,18.519937679061968,1.0113828839287862,0.029468333460077701,0,5792.4287482402069,76.108007123036714,4.1562956133051197,0.0037946527663752648,0
4,2020-12-14,3750,210.75626236257108,14.517446826579771,0.7844512374884377,0.028551149282966586,0,15123.223148951112,122.97651462352928,6.6450444235014334,0.028741793189203238,0
4,2020-12-15,3751,234.27573217841623,15.306068475556231,0.82648389403365252,0.015632175369625901,0,331114.09894766391,575.42514625941044,31.071311118518878,0.33781621509427773,1
4,2020-12-16,3752,375.30700915352583,19.372842051529915,1.0246115060970471,0.0044334221723604742,0,71772.039575846458,267.90304137102748,14.169141418539072,0.1474134714750793,0
4,2020-12-17,3753,7.4221311447777696,2.7243588502210514,0.14493197766836288,0.029974514012106806,0,54719.601470736474,233.92221243553695,12.444325704776537,0.16080555993340401,0
4,2020-12-18,3754,75.862396647311868,8.7099022180109387,0.46329267117079459,0.19133767172741442,0,2541.3315005767163,50.411620689844085,2.6814691856300046,0.071806751984596698,0
4,2020-12-21,3755,254.78709861261146,15.962051829655593,0.8503570310402,0.47514982067566441,1,27052.895538722125,164.4776444952995,8.7623272332480706,0.39477928317737115,1
4,2020-12-22,3756,114.7808053196389,10.713580415511842,0.5713909554939649,0.27799191663421485,1,124.19506043793089,11.14428375616535,0.59436180032881869,0.0065481832679709301,0
4,2020-12-23,3757,116.51396830788453,10.794163622434326,0.57590373058925071,0.2152099173255769,0,8639.4230426804916,92.948496720928688,4.9591045574843244,0.0035920953737483461,0
4,2020-12-29,3758,5.9636396812220358,2.4420564451343125,0.12937361968289429,0.093174069622680503,0,75.312749057994267,8.6782918283493018,0.45975269275001601,0.036400228567856699,0
4,2020-12-30,3759,2301.7799428223802,47.976868830952071,2.4689619612470191,0.095234812606331085,0,42613.741083165529,206.43095960433243,10.623248229947119,0.29246742507523021,1
4,2021-01-04,3760,924.25498372603192,30.401562192197161,1.566808163073526,0.00016820907868573133,0,2276.2387497726759,47.709943929674409,2.4588318566070253,0.0051359816741159909,0
4,2021-01-05,3761,1584.8448207286899,39.810109529222473,2.0606180040488873,0.25157150133528733,1,58979.098742358357,242.85612766071677,12.570518267072996,0.0018457269927266921,0
4,2021-01-06,3762,930.08858941942526,30.497353810116465,1.5883211192186066,0.49981444912620948,1,56322.209100036896,237.32300583811275,12.359929474408247,0.051668516259763604,0
4,2021-01-07,3763,2877.1304366503518,53.638889219020484,2.87932198287726,0.015223227381698496,0,90347.065920292109,300.57788661225914,16.134944796406632,0.051378293265491461,0
4,2021-01-08,3764,803.66092835678285,28.348914059568187,1.5396558891822505,0.0077170220505318656,0,2153.5288347851379,46.406129280356254,2.5203600423818742,0.0076964840133829171,0
4,2021-01-12,3765,1304.875955449269,36.12306680570282,1.9433018697421967,0.42114742866961369,1,74.950009348441782,8.6573673451252944,0.46573781343977699,0.0083584917054988026,0
4,2021-01-13,3766,3.5925447394353998,1.8954009442425104,0.10291304163119372,0.0288265569479897,0,28721.603820118475,169.4744931254213,9.2018185489573128,0.32189166076684939,1
4,2021-01-14,3767,58.59096022286132,7.6544732165486948,0.41623019122070115,0.33180346135513716,1,27435.141990178035,165.63556982175669,9.0068281577899221,0.025771679708586216,0
4,2021-01-15,3768,660.38872374629648,25.698029569332675,1.4006665705201218,0.70667619763844824,1,22703.263870313396,150.67602287793966,8.2125700592979598,0.062878939251678992,0
5,2021-01-19,3769,6.5859552203684588,2.5663115984557408,0.13822641379164824,0.28011860272356676,1,409623.32620590599,640.01822333891869,34.472596323328595,0.074370272545505947,0
5,2021-01-20,3770,243.95301370907305,15.61899528487902,0.8387839151967682,0.022670126258453018,0,715459.85875377455,845.84860273796903,45.424445665537242,0.012665187617314484,0
5,2021-01-21,3771,0.17012004107453613,0.41245610805822253,0.02226243364053665,0.0030028698196750974,0,1085087.5740977551,1041.6753688639062,56.224718997350145,0.0015274644284499627,0
5,2021-01-22,3772,30.041957400027773,5.4810544058627784,0.2951802464314715,0.18047739427316131,0,793265.83388026839,890.65472203333002,47.965895039089325,0.16850650194045996,0
5,2021-01-25,3773,17.398034176591569,4.1710950812216652,0.22466309820217953,0.2610089001145165,1,3316.4802630349723,57.588890100738809,3.1018469299116025,0.11729917489170662,0
5,2021-01-27,3774,2.6584517027621439,1.6304759129659487,0.087957917298697133,0.071378117537252886,0,47688.904726874309,218.37789431825354,11.780649205278824,0.03061301332708468,0
5,2021-01-28,3775,167.09712277386097,12.926605230061796,0.6935618215506919,0.0055192870104851591,0,16146.314314660563,127.06814830893131,6.8176922582321779,0.0019251274369239237,0
5,2021-01-29,3776,78.228799317710184,8.8447045918849199,0.47476875879035507,0.045765709239440171,0,139333.14953922635,373.2735585856924,20.036692266872024,0.39545118659508849,1
5,2021-02-01,3777,563.87816855899712,23.746119020989454,1.295407725764522,0.51862294725078917,1,66363.233493146123,257.61062379712939,14.053277169665016,0.40993454239569621,1
5,2021-02-02,3778,7.9785160479634492,2.8246267094898485,0.15389287147510683,0.040562279387603699,0,13177.64177548577,114.79391001044337,6.2542651671493834,0.07339400267090429,0
5,2021-02-03,3779,1480.4149509477631,38.476160813518845,2.1544409436989107,0.33472610820245097,1,8578.0841191574655,92.617947068359626,5.1860656849968993,0.084446245273822773,0
5,2021-02-04,3780,122.19153429228557,11.054027966867352,0.61310784918424543,8.137585214742043e-05,0,369.85882614420416,19.231714071923079,1.0666803889138954,0.00019214041806940664,0
5,2021-02-05,3781,1354.2825804753836,36.800578534520128,2.0052079299561441,0.012498431423300337,0,888.1306213968619,29.801520454447655,1.6238398286036047,0.24312782037603617,0
5,2021-02-08,3782,897.10742357324784,29.951751594410098,1.6281665358996575,0.0019534762658086641,0,3854.3489932997313,62.08340352541677,3.3748316767458562,0.01422212860079012,0
5,2021-02-09,3783,915.21488502544457,30.252518655897802,1.6417940822129977,0.053671881947095615,0,2167.5991847608411,46.557482586162678,2.5266590283647288,0.025605045378967427,0
5,2021-02-10,3784,2230.4620996807157,47.227768311457567,2.6634953789277596,0.012619331142063228,0,2253.9502102102902,47.47578551441029,2.6774827574886664,0.040030073288263697,0
5,2021-02-18,3785,0.0012021364317271192,0.034671839174279739,0.0019182737654861676,0.00094951914031549979,0,2134.1771979026707,46.197155733904992,2.5559299418465233,8.8111730373109537e-05,0
5,2021-02-22,3786,124.57239884315557,11.161200600435222,0.62422822150085133,0.045846751082722383,0,304.44943845155859,17.448479545552345,0.97586574639554513,0.13884840538345353,0
5,2021-02-24,3787,26.184861028499487,5.1171145217299454,0.28753488167504537,0.017221163517139624,0,460.685284563918,21.46358042275142,1.2060562707696132,0.006240827102559781,0
5,2021-02-25,3788,819.82627951251027,28.632608674595303,1.6428613291215712,0.01092365295817044,0,1427.1830500649462,37.778076315039471,2.1676034262867989,0.22959612637861326,0
5,2021-02-26,3789,362.30867957573145,19.034407781061418,1.0976217617311892,0.12504273612887032,0,821.98527236028031,28.670285529800367,1.653275987071497,0.043968681916701481,0
5,2021-03-01,3790,154.601683000316,12.433892512013927,0.72128622049563063,0.22367019022885737,0,349.14240687535869,18.685352736177038,1.0839314752546358,0.12434197812113236,0
5,2021-03-02,3791,109.17228862372347,10.448554379612688,0.61052672546527331,0.12595667282328249,0,123.74249946995931,11.123960601780254,0.6499918547259701,0.030806241759000187,0
5,2021-03-03,3792,1.6168516914619568,1.2715548322671566,0.074268724505995948,0.22519836536372886,0,15.26777127529056,3.9073995540884425,0.22822262450139844,0.085517237246391306,0
5,2021-03-04,3793,212.53106350859045,14.578445167732752,0.85945144688181296,0.13654141276963702,0,390.35483713989061,19.757399554088352,1.1647693178534031,0.12323550143913546,0
5,2021-03-05,3794,44.173083844236366,6.6462834610206301,0.39395889043126342,0.2803066323348839,1,838.5309889351189,28.957399554088397,1.7164517681211817,0.065488165730952064,0
5,2021-03-08,3795,990.91700307225301,31.478834207642649,1.8334692881147794,0.44181769970500734,1,0.79673555604183599,0.89260044591173937,0.051989076003945436,0.021251960132898685,0
5,2021-03-09,3796,54.324267444295771,7.3704998096666259,0.42946625158295215,0.209176617251151,0,0.037094931765383324,0.1926004459116939,0.011222494226296113,0.10459074276271134,0
5,2021-03-10,3797,36.342151140360919,6.0284451677327979,0.35361597652116367,0.1586088397663164,0,125.6058047649808,11.207399554088397,0.65740260171799603,0.0027852457782312967,0
5,2021-03-12,3798,364.02624031779675,19.079471699127225,1.1069226176501741,0.0036347078459845017,0,58.40934157585032,7.6426004459117394,0.44339630701776694,0.0009079434687901376,0
5,2021-03-15,3799,925.95274788797917,30.429471699127134,1.7538600402955122,0.41675598259528768,1,360.71887169804336,18.992600445911648,1.0946743772859739,0.7872684029268644,1
5,2021-03-16,3800,354.250926304046,18.821554832267338,1.0881712966361599,0.4741639612166601,1,186.12054692679118,13.642600445911739,0.78874919468746496,0.83823117720215579,1
5,2021-03-17,3801,227.15176506204097,15.071554832267338,0.87325771089097493,0.0413521506135077,0,97.863543582453147,9.8926004459117394,0.57318503076144267,0.00013960839314603338,0
5,2021-03-18,3802,593.97268494221123,24.371554832267293,1.4045386602274834,0.0078593143191557132,0,368.35591187640978,19.192600445911694,1.1060742534527257,0.029559160675532683,0
5,2021-03-19,3803,641.18113912352135,25.321554832267338,1.4584888881875031,0.67630370690842179,1,405.72435272364379,20.142600445911739,1.1601877974778527,0.60088302599899401,1
5,2021-03-22,3804,236.28469796139996,15.371554832267293,0.8904851600201189,0.83280491624980435,1,103.88910384999926,10.192600445911694,0.59046463016520068,0.13701607463500173,0
5,2021-03-23,3805,386.97006951889688,19.671554832267248,1.1367555522835739,0.066991704758902745,0,210.03546768483852,14.492600445911648,0.83748052273398721,0.50659272998927474,1
5,2021-03-24,3806,700.74321523772903,26.471554832267202,1.5237181161726359,0.067144710333176941,0,453.37483374923499,21.292600445911603,1.2256144848852588,0.11962184981301156,0
5,2021-03-25,3807,439.80611208278981,20.971554832267202,1.2109686356546485,0.30877487551069865,1,249.40622884420736,15.792600445911603,0.9119182611104979,0.050099841221874601,0
5,2021-03-26,3808,722.4508146348137,26.878445167732707,1.5961545869968057,0.20074701112042698,0,1487.9504365076989,38.5739606017803,2.2906832507960626,0.047076177540841903,0
5,2021-03-30,3809,50.723231198633727,7.1220243750378813,0.42115989326382319,0.14962075150818538,0,622.87179250241172,24.957399554088397,1.4758522547581916,0.018953076504756916,0
5,2021-03-31,3810,2160.2022181945854,46.477975624962255,2.6640286375469153,0.051956954315419218,0,820.39856030414342,28.642600445911739,1.6417390563099612,0.070427854060039569,0
5,2021-04-06,3811,377.78869664892784,19.436787199764467,1.1183100140827058,0.0049333656037598515,0,141.46121906682532,11.89374705745945,0.68431558686225658,0.0072079005051885704,0
5,2021-04-07,3812,504.06756522442561,22.451449067363683,1.2789204823334481,0.52289704640521228,1,7.9286951485775541,2.8157938753711278,0.16039839791347923,0.36999963997440577,1
5,2021-04-08,3813,24.899406423418373,4.9899305028645813,0.28657997374595573,0.034814553694049087,0,534.70952040587781,23.12378689587581,1.3280373820282454,0.13862482662016781,0
5,2021-04-09,3814,97.252678280132116,9.8616772549162306,0.56910161034805273,0.67691971671610229,1,393.39573259426908,19.834206124628963,1.1446002899632954,0.16720776157182171,0
5,2021-04-12,3815,172.43208640020279,13.131339855483247,0.74728772225604645,0.020745976441675768,0,20.392394324839799,4.5157938753711733,0.25698804207666592,0.0015045801246863653,0
5,2021-04-15,3816,606.7435601171494,24.632165152847392,1.3881577476315137,0.14520828782432518,0,135.25025865836969,11.629714470199588,0.65539826257147771,0.24646171770558942,0
5,2021-04-16,3817,564.29088190812411,23.754807553590581,1.3386761089653749,0.073680923539476098,0,136.41573010538858,11.679714470199542,0.6581974905719663,0.010796782073459221,0
5,2021-04-19,3818,493.47088343184629,22.214204541955723,1.2494982446188219,0.018499060382412176,0,8.9752542142974807,2.9958728635069747,0.16851100281277806,0.27891935538383084,1
5,2021-04-20,3819,1031.3221333625754,32.114204541955814,1.7963476180649318,0.031463522089070703,0,166.30353691173792,12.895872863507066,0.72134654529475961,0.022094454999735214,0
5,2021-04-22,3820,684.56559931329889,26.164204541955769,1.468414218316072,0.21573552050326048,0,48.245149836003215,6.9458728635070202,0.38982337319042654,0.1550901274791936,0
5,2021-04-23,3821,112.69698399923196,10.615883571292215,0.59863442474932849,0.28494405613621165,1,52.970394847538515,7.2780763150394705,0.4104139800400074,0.089153022190351289,0
5,2021-04-26,3822,534.64000431946647,23.122283717649225,1.2959831694447901,0.50581615982241213,1,40.976269817595941,6.4012709533026282,0.35878546945619078,0.17270049188955372,0
5,2021-04-27,3823,274.37287210775116,16.56420454195586,0.93466902956527809,0.033706718197221534,0,7.0443908566679418,2.6541271364928889,0.14976453766464781,0.024188289308947827,0
5,2021-04-28,3824,144.34111077595389,12.014204541955905,0.67967100624874299,0.44910606386070917,1,51.899447798752576,7.2041271364928434,0.40755393525261469,0.75225740471850344,1
5,2021-04-30,3825,2821.582453883987,53.118569765045322,2.9296290855718126,0.19623837474777023,0,1466.5738783779038,38.295872863507157,2.112118294873957,0.54331223455568722,1
5,2021-05-06,3826,1490.6797312190376,38.609321817652244,2.1022744721163185,0.0063237414145712852,0,112.69980307415489,10.616016346735478,0.57804123746892144,0.00010511529194590135,0
5,2021-05-07,3827,1335.0620012524359,36.538500260033061,1.9853025216676934,0.00061282113386841195,0,9353.9260725676613,96.715697136336985,5.2550026969674253,0.00020011686946605817,0
5,2021-05-10,3828,196.82497774735722,14.029432552578783,0.76701287805908824,0.00023843927410524982,0,60661.777164311847,246.29611682751283,13.465426539145636,0.00027041479228436411,0
5,2021-05-11,3829,880.18015747414734,29.6678303465917,1.6205730237937237,0.16716107351588039,0,19137.751469619361,138.33926221293564,7.5566320103204037,0.00046725371383516708,0
5,2021-05-12,3830,101.49333675565394,10.074390143113078,0.54808716300054827,0.32947463875968985,1,21071.310328905405,145.15960295104628,7.8972636391407587,0.30644026476182207,1
5,2021-05-14,3831,736.04897114833318,27.130222467726526,1.4635713690309395,0.15344739934810206,0,4572.1146584224143,67.617413869671282,3.6476999444177203,0.4943599169380386,1
5,2021-05-17,3832,718.29608762013925,26.801046390395641,1.4357062483136811,0.10633255267466073,0,28614.423415560203,169.15798359982955,9.0616302986382511,0.018516925346834703,0
5,2021-05-18,3833,1760.8589305613064,41.962589655088095,2.2220651674700465,0.023933377914223706,0,253595.70074860286,503.58286383534028,26.66646529351268,0.0085850056726703549,0
5,2021-05-19,3834,1055.2883017844463,32.48520127357142,1.7295001476639205,0.013344212758046902,0,16069.50560769561,126.76555371115455,6.7489513768383418,0.0014541621440929975,0
5,2021-05-20,3835,0.95340874803332676,0.97642651952583037,0.052051096515050396,0.87612113301225492,1,462.3154436463725,21.501521891400444,1.1461976593315444,0.8207627129156484,1
5,2021-05-21,3836,283.4430870121318,16.835768085006748,0.89544813365990739,0.19891444403951086,0,17.703010122820803,4.2074945184540411,0.22378504472802918,0.061768225017198877,0
5,2021-05-24,3837,87.936249836278819,9.3774330088931492,0.49694928504998143,0.030303845312129801,0,136.63471884596115,11.68908545806562,0.61945338940464334,0.14701151135374685,0
5,2021-05-25,3838,273.12277350528512,16.526426519525785,0.87374376904098894,0.0088790076040638349,0,1176.3982819086391,34.298662975524849,1.8133528761280948,0.01392372313918812,0
5,2021-05-27,3839,297.69730320380756,17.253906896810577,0.90812426099689869,0.0041118225054272914,0,9.1845429324943808,3.0306010843551121,0.15950951784810716,0.00073687569470885447,0
5,2021-05-28,3840,122.87222224651593,11.084774343509025,0.58360883162708432,0.21448870749374352,0,56.326702237405634,7.5051117405009791,0.3951410609156279,0.012730625535252737,0
5,2021-06-01,3841,17.87424891694581,4.2277948054447734,0.22219391961344229,0.92581269457715853,1,159.05484882116497,12.611694922617062,0.66281408081025162,0.39746987166425246,1
5,2021-06-02,3842,350.56462507941791,18.723371092819207,1.0031004308922455,0.0024702283742594213,0,93.669679494718295,9.6783097436855314,0.51851328620639858,0.0014584514516269283,0
5,2021-06-03,3843,322.54464471319523,17.959527964654171,0.94993800722808475,0.52691119097473516,1,1384.2828035034343,37.205951183962952,1.9679441015531023,0.29975852776551054,1
5,2021-06-04,3844,621.53340325221814,24.930571659154111,1.320195491376515,0.0070956771018098955,0,41.968478943494397,6.4783083396434904,0.3430580565369355,0.0049971836999610454,0
5,2021-06-07,3845,550.16237700187435,23.455540432952603,1.238968937112886,0.013153950476868776,0,0.058990797919074328,0.2428802131073553,0.012829422555389445,0.02171243171630112,0
5,2021-06-08,3846,134.01489170990166,11.576480108819851,0.61102502421724114,0.0057858815005741408,0,11386.263364376289,106.70643544030645,5.6321353024546852,0.0093043903474922373,0
5,2021-06-09,3847,117.19997731870065,10.825893834630961,0.57320804991030416,0.0038468570811289273,0,311.50636734677221,17.649542978410864,0.93450575693807025,0.0050643307791904402,0
5,2021-06-10,3848,78.568064641193118,8.8638628509918362,0.47121888578144316,0.73683426455384293,1,6401.2052851822655,80.007532677756444,4.2533442852532595,0.76371115340391771,1
5,2021-06-11,3849,1.3393160148042738,1.1572882159618985,0.062049660391501719,0.69765132500096205,1,8536.9666204403784,92.395706720823227,4.9539277637029242,0.29750517315406177,1
5,2021-06-15,3850,80.128299452349879,8.9514411941513572,0.48106630090830893,0.678479205488979,1,47102.004103207801,217.02996130306019,11.663574435204096,0.64533966959012312,1
5,2021-06-16,3851,3221.100757911383,56.754742162319644,3.1907990196390421,0.50936728159831535,1,496503.70491420588,704.63019018078262,39.614897969347425,0.1815731285811826,0
5,2021-06-17,3852,0.56299855196511794,0.75033229436371585,0.042317539583989393,0.0011480185275410258,0,6460.0322918099118,80.374326073752627,4.5329832538352397,0.023856975677957037,0
5,2021-06-18,3853,151.68098814162661,12.315883571292261,0.69383305097277603,0.44981383844208456,1,31.11493537640381,5.578076315039425,0.31424896848198219,0.26488543773566503,1
5,2021-06-21,3854,126.93002177836361,11.266322460251331,0.63470451312646581,0.051511692137599423,0,0.26333522668662412,0.51316198873905705,0.028909720218532272,0.13149719164068036,0
5,2021-06-22,3855,844.13140465756237,29.053939572071158,1.6216755733462356,0.091255883208903987,0,291.15149705394788,17.063161988739012,0.95239796766795115,0.04477085837222123,0
5,2021-06-23,3856,643.50105629978964,25.367322608028417,1.4212579548997628,0.073014156463160618,0,99.917474303395124,9.9958728635069747,0.56003993968719923,0.023062095999713744,0
5,2021-06-24,3857,571.96948699561358,23.915883571292397,1.3385880598490134,0.0196357486188448,0,36.263564867490793,6.0219236849607114,0.33705111157533435,0.030819599791128933,0
5,2021-06-25,3858,371.42091969356215,19.272283717649088,1.0825301195107055,0.063942356203265022,0,6.508983477165005,2.5512709533024918,0.14330567619516327,0.15365387074589279,0
5,2021-06-28,3859,43.195617502850268,6.5723372937525255,0.37439615447620411,0.026663291849898983,0,633.93552692594471,25.178076315039334,1.434280458858944,0.0064713960437726703,0
5,2021-06-29,3860,113.67397681392252,10.661799886225708,0.60470180564476694,0.0023073569521885762,0,136.98659202718818,11.704127136492843,0.66381913827484007,0.0099889886000791052,0
5,2021-06-30,3861,962.64382183348732,31.026501927118488,1.7415942703967717,0.21301865188517669,0,207.21945276078773,14.395119060319985,0.80803362673701851,0.061997163461754351,0
5,2021-07-01,3862,1320.0262246937816,36.332165152847438,2.0341049269572786,0.61073710588062302,1,362.71656002176707,19.045119060320076,1.0662664983523262,0.61936258997007343,1
5,2021-07-02,3863,3416.3024726591993,58.449144327861632,3.2295021315502188,0.45346090701985409,1,1827.1452034809231,42.745119060319894,2.361804517519126,0.26388870237553941,1
5,2021-07-06,3864,1902.9036367430847,43.622283717649225,2.4172157325602872,0.037176386921353048,0,723.6783789030037,26.901270953302628,1.4906641705207451,0.086494034215060328,0
5,2021-07-07,3865,893.83533119553294,29.89707897430003,1.6538739267743556,0.065120309829546211,0,291.33362307630728,17.068497973644526,0.94421076360261791,0.033817482329794903,0
5,2021-07-08,3866,795.07526268291019,28.197078974299984,1.5613000539479505,0.11435993677068097,0,397.36370428861539,19.933983653264477,1.1037643218861837,0.30865494522420039,1
5,2021-07-09,3867,213.07471458195334,14.597078974300075,0.81438735629882142,0.003418138204415882,0,3.1275850827849543,1.7684979736445712,0.098666479225874321,0.0047020938742458893,0
5,2021-07-12,3868,1299.3919025794135,36.047078974299893,1.9873241433580449,0.010736139328263176,0,70.585545946500801,8.4015204544475637,0.46318716842338475,0.0011234569124519704,0
5,2021-07-13,3869,2060.8947793988336,45.39707897430003,2.4899670345710856,0.11785612486687029,0,315.11647844467507,17.7515204544477,0.97364636103815816,0.092876667806426214,0
5,2021-07-14,3870,492.11012817906624,22.183555354790769,1.2163704101324617,0.12110286418958821,0,81975.313102959582,286.31331282872543,15.699153547839639,0.1824802167482302,0
5,2021-07-15,3871,781.57949871548988,27.956743349601538,1.5324641423889458,0.12996723925984474,0,33488.369070600456,182.99827614106221,10.031150366774225,0.22738114093212594,0
5,2021-07-16,3872,323.55273706915722,17.987571739096893,0.99110539088086913,0.011162187576168983,0,5203.2723582273848,72.133711662629594,3.9745281647820589,0.058458348741408483,0
5,2021-07-19,3873,35.618288069224405,5.968105902983325,0.32736929338105508,0.06882690461479514,0,6559.4396362759981,80.990367552419457,4.4425752202309026,0.10782584616097732,0
5,2021-07-20,3874,254.0370832170195,15.938540812038582,0.88537611443387298,0.56285477726049715,1,263.02073190835085,16.217913919747843,0.90089511830617941,0.39710522012448107,1
5,2021-07-26,3875,23.053988307056002,4.8014568942203368,0.26669574772796051,0.011524470003219833,0,6554.4823148958776,80.959757379181156,4.4968899035843677,0.023667673898042398,0
5,2021-07-27,3876,248.3869381777393,15.760296259199549,0.87722900251583824,0.11427866443195658,0,78.295590268059854,8.8484795455524363,0.4925124983609282,0.065136042877562153,0
5,2021-07-28,3877,2348.4003135293942,48.460296259199595,2.6491169441425462,0.16313374247782308,0,568.89502798893272,23.851520454447609,1.303860517927492,0.028107732785163469,0
5,2021-07-29,3878,698.83385079043683,26.435465775931334,1.4479236355432745,0.026465500215907139,0,34125.54613411356,184.73101021245338,10.11808901615519,0.0016615480748231359,0
5,2021-07-30,3879,197.14743479698271,14.040920012484321,0.77512048427968316,0.080932892983142796,0,5896.724852175219,76.790135122782658,4.2391528953480719,0.0022799397215216366,0
5,2021-08-02,3880,5.4372612875086839,2.3317935773795853,0.12864003405950322,0.071039949912096695,0,1534.1976106232587,39.168834685541242,2.1608603252443239,0.09478049117559785,0
5,2021-08-03,3881,2863.1860203545843,53.508747138711669,2.9254139816692186,0.0080860660865112004,0,573.06763460958359,23.938831103660505,1.308776507772156,0.023766440131220298,0
5,2021-08-04,3882,15.588149118256087,3.9481830147874462,0.21925214576079113,0.33104808142504422,1,10791.209232391118,103.88074524372223,5.7687488681783829,0.29846671430937283,1
5,2021-08-05,3883,1334.1290239825012,36.525730984916663,2.0719116787632119,0.0099793769691642713,0,955.19600133723145,30.906245345192474,1.7531479576375557,0.0053595593572146275,0
5,2021-08-06,3884,1769.5923508478013,42.066522923196317,2.4409738545969373,0.092487709138785359,0,3227.122342125575,56.807766565194015,3.296356895882671,0.006279772324268156,0
5,2021-08-10,3885,51.053775096227518,7.14519244640951,0.40979539151236005,0.028894800294627536,0,552.47942798853717,23.504880939680106,1.3480661240926879,0.037015837406365271,0
5,2021-08-11,3886,123.5678456844641,11.116107487986255,0.6361512812170228,0.16883560921962362,0,23.664793001422005,4.8646472638231444,0.27839345678282845,0.36050169391968451,1
5,2021-08-12,3887,1411.2124317989233,37.566107487986073,2.1177724998159975,0.016426913454530637,0,980.60713325765494,31.314647263822962,1.76534922703853,0.23011890599262139,0
5,2021-08-13,3888,2826.6349854241034,53.16610748798621,2.9710865063559311,0.016570410193238849,0,2200.9841278889444,46.914647263823099,2.6217355759492076,0.14166779327867249,0
5,2021-08-17,3889,958.6330521946835,30.961799886225663,1.7360621203973008,0.0068318162598256403,0,73.889030285577945,8.5958728635071111,0.48198003103575154,0.0063363347529699207,0
5,2021-08-18,3890,155.47600183260991,12.469001637364954,0.7008797750127852,0.13805104234172558,0,2.4903248560884106,1.578076315039425,0.088703314411591863,0.24291344651768068,0
5,2021-08-20,3891,2108.5548033155242,45.919002638510392,2.5482243417597332,0.085358391803769293,0,930.06797173197458,30.497015784039831,1.6923982122108674,0.092217313434827128,0
5,2021-08-23,3892,2316.8880066984616,48.134062852604302,2.6616197767482817,0.53276600496952886,1,942.56803814810087,30.701270953302583,1.6976566094336356,0.33791586214307306,1
5,2021-08-24,3893,711.69768746830732,26.677662706247474,1.4914553981241949,0.57583754837376189,1,65.15595197582897,8.0719236849606659,0.45127319757145784,0.56444645983320774,1
5,2021-08-25,3894,569.58039863847569,23.865883571292215,1.335826909845081,0.64391924217063823,1,18.464166793789069,4.2969950888718813,0.24051243081114304,0.83783028416200511,1
5,2021-08-26,3895,1330.6198765107545,36.477662706247429,2.0282270061855674,0.16922214039907335,0,319.40565620105639,17.87192368496062,0.99371274311707647,0.24858017360384935,0
5,2021-08-27,3896,2716.065320416486,52.115883571292215,2.8716358691512918,0.10856036080989045,0,1171.1400606992624,34.221923684960529,1.8856612769628638,0.16296102762965689,0
5,2021-08-31,3897,243.08220262388514,15.59109369556495,0.86053061571723988,0.0023375355726760784,0,79.068617729196106,8.8920536283355887,0.49078560703916485,0.0092071275249736399,0
5,2021-09-01,3898,207.05876029050381,14.389536486298084,0.79388356107683,0.10986170617227094,0,9792.8963187735717,98.959063853563066,5.4596598082018746,0.065336787507778701,0
5,2021-09-02,3899,228.77774810559197,15.125400758511887,0.82937987380116729,0.01247783427925169,0,74374.688576898843,272.71723190311764,14.954062175967408,0.020773780411702268,0
5,2021-09-03,3900,4.6302934187411253,2.1518116596814707,0.11940247258449466,0.12627724894681649,0,3797.7440402488537,61.62583906324403,3.4195732354822863,0.053610374111063473,0
5,2021-09-07,3901,63.720293214375964,7.9824991834873344,0.44694844252448679,0.077817290388700042,0,1165.9705206928159,34.146310498980938,1.9118874859451813,0.14291118223508675,0
5,2021-09-08,3902,54.912490649108179,7.4102962591996402,0.41438815932893275,0.007936880251382639,0,295.78769867878242,17.198479545552345,0.96174917072849686,0.11145027489418528,0
5,2021-09-09,3903,971.31229877935334,31.165883571292397,1.7373255795357823,0.010296047849173512,0,176.14395829942112,13.271923684960711,0.7398363166821289,0.0055491299333507195,0
5,2021-09-13,3904,900.95326656537543,30.015883571292306,1.6742927664923892,0.014188994601731253,0,146.94103382400928,12.12192368496062,0.67616364160985187,0.019571012182029213,0
5,2021-09-14,3905,1170.7266885642339,34.215883571292352,1.9041088272513065,0.50187367406079642,1,266.40519277767999,16.321923684960666,0.90831262333179363,0.72976001007233304,1
5,2021-09-15,3906,218.57009857758339,14.784116428707648,0.84579744436097415,0.091716468684202385,0,1067.8566716515347,32.678076315039334,1.8695086424119303,0.0093644633645378061,0
5,2021-09-16,3907,53.416829948234522,7.3086818201529695,0.41622380023081351,0.017347239640106326,0,489.50907625426424,22.124852005251114,1.259993280289935,0.0045189789270624215,0
5,2021-09-17,3908,556.11851329617207,23.582165152847438,1.3297713518014795,0.0019992099383184863,0,22.959600127796506,4.7916176942444508,0.27019384765109117,0.0079288486424982322,0
5,2021-09-22,3909,4.3084334713081613,2.0756766297542981,0.11882737747620209,0.26267126917234662,1,103.40452464822654,10.168801534508702,0.58213885587982039,0.025412309412087393,0
5,2021-09-24,3910,126.14299494936441,11.231339855483156,0.6398530083451921,0.76532715330969248,1,2.7848985615785997,1.6688015345087024,0.095072154874306522,0.13582563485348997,0
5,2021-09-27,3911,106.47474717803942,10.318660144516798,0.59516424770104093,0.0028254026104937934,0,539.11274469890157,23.218801534508657,1.3392243134539961,0.02518216248569206,0
5,2021-09-28,3912,141.28214743618548,11.886216699866509,0.68423663471010032,0.32974574032668219,1,29.002024093047545,5.3853527361768556,0.31001080713679624,0.17570531016584146,0
5,2021-09-29,3913,1022.1803183926683,31.971554832267202,1.8344936213143908,0.36591651295506067,1,411.11777367815381,20.276039398219609,1.1634174545684879,0.31548420507252295,1
5,2021-09-30,3914,3896.4505076777464,62.421554832267248,3.5201779124357673,0.22171420286350219,0,3276.7153058102845,57.242600445911648,3.2281178878280921,0.14250240387175192,0
5,2021-10-08,3915,223.15348643629252,14.938322745083951,0.84990315165612895,0.01543366439136758,0,24.659108812674308,4.9657938753712187,0.28252461385208766,0.011144066791297711,0
5,2021-10-11,3916,560.80585735089721,23.681339855483202,1.3396317270814992,0.67429848362567824,1,226.97814509517019,15.065793875371128,0.85225817425377615,0.63185580422961618,1
5,2021-10-12,3917,1165.4820738185554,34.139157485482201,1.9118081136519125,0.3926264118325935,1,152.50704386228219,12.349374229582736,0.69157048942054855,0.37554426416800357,1
5,2021-10-13,3918,2135.5304487245662,46.211799886225663,2.5691777331531473,0.024528358327255969,0,568.62565262254486,23.845872863507111,1.3257281849951137,0.0076450621299803583,0
5,2021-10-14,3919,9.8497307863017216,3.1384280756935823,0.17752796197039242,0.01998679792805905,0,97.984836739933854,9.8987290466975537,0.55993037003691226,0.0077030249845174989,0
5,2021-10-18,3920,365.7754954988655,19.125258050517004,1.0756613076781216,0.03716746717745735,0,6.9067851176709638,2.6280763150393796,0.14781081636891899,0.059043464173640682,0
5,2021-10-20,3921,674.88454732765467,25.978540130801321,1.4600427207779083,0.066840382638440068,0,2.4064415705600215,1.5512709533024918,0.087184339532540428,0.17006360274480353,0
5,2021-10-21,3922,3553.1949483362296,59.608681820152924,3.2964845469461039,0.071352988815119089,0,1115.2843243155276,33.395872863507066,1.8468614883731267,0.077092400867376829,0
5,2021-10-22,3923,2019.0700044417897,44.934062852604256,2.489077017177912,0.26168534566141871,1,756.31990404696182,27.501270953302537,1.5234051213572932,0.14718387260294102,0
5,2021-10-25,3924,147.3407010414887,12.138397795487208,0.67981281932666171,0.087525259555144577,0,242.22503557545551,15.563580422751556,0.87164069461799198,0.25763563601566691,1
5,2021-10-26,3925,748.33622028254013,27.355734687310814,1.5237841352073982,0.32491839374983611,1,34.381575374074785,5.8635804227515109,0.32661637224628942,0.13436847962778359,0
5,2021-10-27,3926,1803.8948841924837,42.472283717649134,2.3549921662128712,0.52230515170552871,1,663.12795571040294,25.751270953302537,1.4278497894817044,0.095283681458303307,0
5,2021-10-28,3927,12.423747577481668,3.5247336888737664,0.1992331734942637,0.021254435975832486,0,131.7462358938659,11.478076315039289,0.648790453892507,0.11306379644332878,0
5,2021-10-29,3928,1009.8198470720258,31.777662706247384,1.7715276344211943,0.0050187210507029491,0,173.49957356242538,13.171923684960575,0.73430280326461006,0.081346953474167566,0
5,2021-11-01,3929,865.67077916184405,29.422283717649179,1.6432898834175307,0.037784508107956055,0,161.32228382920789,12.701270953302583,0.70938987144587018,0.044749949531438932,0
5,2021-11-02,3930,3554.0535739858692,59.615883571292215,3.2713739715911996,0.063384909399940959,0,1603.7618156481285,40.046995088871881,2.197546853725787,0.010931986126160788,0
5,2021-11-08,3931,1261.2707651511819,35.514374063908008,1.943543701850162,0.0011125184259795323,0,594.9722802075994,24.392053628335589,1.334868583611645,0.0052244292397781826,0
5,2021-11-09,3932,3153.2590156397205,56.153886914796203,3.0200003718831989,0.039679163781836654,0,51.510568170842063,7.1770863287856628,0.3859893690860311,0.13658203813924416,0
5,2021-11-10,3933,2712.5130660119512,52.081792077576893,2.8032613207156944,0.00094466086791111369,0,24384.527591555365,156.15545969179357,8.4049442753535466,0.0037410594669424727,0
5,2021-11-11,3934,2187.9613881620412,46.775649521541027,2.5140764570444776,0.10230464234818969,0,2598.6727252861747,50.977178475138999,2.7398983351771786,0.1657595509452322,0
5,2021-11-12,3935,1738.427678837648,41.694456212278965,2.2417579553889437,0.58672165895704376,1,39053.97511449,197.6207861397429,10.625344703464858,0.73703258143183814,1
5,2021-11-15,3936,1924.0748274318444,43.864277349932991,2.35930923784063,0.24186571276470428,0,1945.3581307584986,44.106214196624251,2.3723221921592219,0.036165962964300184,0
5,2021-11-16,3937,1846.2401700711832,42.967896970542824,2.3040322253494998,0.038909316325854128,0,0.82890137848664724,0.91044021137395248,0.048819787193627132,0.071144451008117601,0
5,2021-11-17,3938,676.4804006399296,26.009236833093155,1.3981205629787214,0.14142327505046387,0,4861.4357906773521,69.723997236800415,3.7479974862549272,0.073038861586797191,0
5,2021-11-18,3939,314.41211506683919,17.731669833008937,0.97638665416750292,0.22152805754494595,0,5289.5541045845312,72.729320803817018,4.0048082819204875,0.53432514064775383,1
5,2021-11-22,3940,1478.0939676061519,38.445987665895018,2.1574022988072739,0.08286695284948499,0,67572.145955639047,259.94642901113116,14.586932409928519,0.11670100466802884,0
5,2021-11-24,3941,14.98401922675092,3.8709196874581266,0.21495555794414298,0.1900547289767576,0,2768.3130047536583,52.614760331618527,2.9217436878952983,0.24679307416755758,0
5,2021-11-26,3942,97.363846371096159,9.8673120134662895,0.55249654321040842,0.21859102081399032,0,380.19070458832141,19.4984795455523,1.0917707408131414,0.37454608010566798,1
5,2021-11-29,3943,1795.8662964444818,42.37766270624752,2.3485736370121657,0.12700785860104591,0,565.10435568359605,23.771923684960711,1.3174420131323825,0.27011312853394687,1
5,2021-11-30,3944,703.09208156632928,26.515883571292306,1.4819552086791845,0.031229230767149459,0,74.337568029284924,8.6219236849606204,0.48187361659693284,0.04278463773376398,0
5,2021-12-01,3945,2.0106447931807532,1.4179720706631542,0.080338360944088055,0.15742455295638599,0,244.23676930869485,15.62807631503938,0.88544341728268439,0.026965470127474942,0
5,2021-12-02,3946,75.260102243059308,8.675258050516959,0.49080693901258571,0.085987062739928427,0,171.0360801019952,13.078076315039425,0.73989852140190804,0.44703676521961039,1
5,2021-12-03,3947,778.67828460293106,27.904807553590672,1.5688756952514926,0.5992990635243779,1,205.24038190478097,14.326213104124236,0.80545431108561183,0.25908866314741436,1
5,2021-12-06,3948,936.65424539230946,30.60480755359049,1.7180681816369885,0.16894943844253765,0,202.92341704268912,14.245119060319894,0.79968108795688064,0.031979056146525874,0
5,2021-12-07,3949,1634.7999558080667,40.432659519354729,2.2666587913081475,0.0057870648343298636,0,641.49224035973759,25.327697099415445,1.4198731415750334,0.020206256836461926,0
5,2021-12-08,3950,659.2827512133241,25.676501927118579,1.4456268855174719,0.0022897399907458559,0,56.875997446140985,7.5416176942444508,0.42460477404748759,0.051250083890889919,0
5,2021-12-09,3951,895.93451073732899,29.932165152847347,1.6818185224243487,0.23482805914916213,0,159.89903604966779,12.645119060319985,0.71049973649782183,0.12466460586518369,0
5,2021-12-10,3952,1373.0587628336302,37.054807553590535,2.0726483697052545,0.56814006179050924,1,428.28795292081765,20.695119060319939,1.1575746202214978,0.61108029639514438,1
5,2021-12-13,3953,595.93597368512951,24.411799886225708,1.3738420781262708,0.55047652743369258,1,4.1855957736349723,2.0458728635071566,0.11513719756357456,0.26221735299603616,1
5,2021-12-14,3954,261.20377556240533,16.161799886225708,0.91379299953216908,0.010980710145524909,0,38.491193525766889,6.2041271364928434,0.3507832039404542,0.0016780046796572056,0
5,2021-12-15,3955,1924.5347005831632,43.869519037518103,2.4430316332081139,0.0063895187622251236,0,817.68083407387792,28.59511906032003,1.5924218444239031,0.0042429745431607265,0
5,2021-12-16,3956,2988.0487120517055,54.663047043242159,3.0239003730288299,0.0663262557068523,0,1078.8513641656727,32.845872863507111,1.8169980009684745,0.13876578971378845,0
5,2021-12-17,3957,1126.6685399215478,33.565883571292261,1.8686123460052475,0.50393863465170019,1,245.60919198722826,15.671923684960575,0.87245580832603553,0.26884721669682515,1
5,2021-12-20,3958,961.98503370796004,31.015883571292306,1.729108491779362,0.092978886076658523,0,54.222316642329318,7.3635804227515109,0.41051319429973576,0.057932348068420306,0
5,2021-12-21,3959,903.95735492250185,30.065883571292261,1.677035005092161,0.031722988305556449,0,148.15572619250423,12.171923684960575,0.67893371736727881,0.28984338835084877,1
5,2021-12-22,3960,1504.0456903118668,38.782027929336891,2.1483507605438117,0.011287395885434483,0,603.77943357953097,24.571923684960666,1.3611745892400102,0.068335170730955214,0
5,2021-12-23,3961,993.25091727925235,31.515883571292306,1.7564934413427509,0.35155687608065617,1,185.55680487889114,13.62192368496062,0.75919875630266798,0.094388750488413303,0
5,2021-12-29,3962,1858.9794161332259,43.115883571292215,2.387567271439611,0.20407964293237588,0,1603.1136096362734,40.038901204157355,2.2171775731183296,0.28384056322032181,1
5,2021-12-30,3963,1128.7637156053561,33.597078974300075,1.8547575893949471,0.11546254102491578,0,35.420595719709901,5.9515204544477456,0.32855915062646268,0.20294414307954869,0
5,2022-01-04,3964,1241.7339630723804,35.238245743401876,1.929541176914545,0.066969691584644331,0,365.82651611624505,19.126591858359006,1.047315091491253,0.052993348931853694,0
5,2022-01-05,3965,10.310992985348241,3.211073494230277,0.17945474581441737,0.019150609461397745,0,6633.6627467439666,81.447300426373658,4.5517813969527294,0.053980951313757845,0
5,2022-01-06,3966,707.82047949294167,26.604895780531479,1.4841512763880107,0.066354976473722585,0,69.775915621944449,8.3531979278563995,0.46598225637935964,0.013899401462011799,0
5,2022-01-07,3967,673.93698186541246,25.960296259199595,1.4368107294221606,0.18955715648374491,0,1.826607538790272,1.3515204544476092,0.074801884793425338,0.14828873070625484,0
5,2022-01-11,3968,1165.3216326727331,34.136807593457434,1.8742070711242689,0.28403189186903111,1,254.45100480866481,15.951520454447746,0.8757834882204758,0.072189124578798752,0
5,2022-01-12,3969,256.91763735070543,16.028650515583195,0.88052575139853306,0.13274293529094619,0,9.262590820417584,3.0434504793765882,0.16719040181155209,0.15317017896573598,0
5,2022-01-13,3970,112.65644329541905,10.613973963385206,0.58224163928715578,0.36979823089433617,1,2247.6420341205767,47.409303244411603,2.6006913653370418,0.69963264748641874,1
5,2022-01-14,3971,1858.7018041902265,43.112664081337243,2.3724123858212818,0.039393254792325069,0,5333.4452643270224,73.030440669127984,4.0187338378939597,0.018586088544565296,0
5,2022-01-18,3972,571.08835195829136,23.897454926378487,1.3080519404679101,0.089690944906341941,0,12928.151383113467,113.7020289313848,6.2235982884799697,0.11366104930602952,0
5,2022-01-19,3973,1672.1727031771181,40.892208343119819,2.2159594842777697,0.12843828214980602,0,18198.03999333211,134.90011116871665,7.3102723693996623,0.26190289348448209,1
5,2022-01-20,3974,887.50978846811984,29.791102505078925,1.6211962617043385,0.001151779766307999,0,17741.539960601378,133.1973721985587,7.2484421091945306,0.00015110435818448909,0
5,2022-01-21,3975,709.96888881013604,26.645241391478066,1.4547522052565007,0.28710159424966425,1,21572.573464074256,146.87604795906736,8.0190024000364364,0.25380607505154751,1
5,2022-01-24,3976,1944.3270092983539,44.094523574910681,2.3869714488664906,0.28396879206956915,1,6180.4604428663979,78.615904515984539,4.2557194021536588,0.073592759456490006,0
5,2022-01-25,3977,903.16929513076161,30.052775165211642,1.6633610164777441,0.13167332012239713,0,593.17441153259404,24.355172172099174,1.3480100828614459,0.042112163009083742,0
5,2022-01-27,3978,1288.8775656483058,35.900941013409465,2.0077141746167526,0.098239910214881515,0,115773.46919598932,340.25500612921087,19.028325706971501,0.2535634999499336,1
5,2022-01-28,3979,997.81726914554099,31.588245743401785,1.7331419808735755,0.025762797955515938,0,239.52489555022146,15.476591858358915,0.84914911984850849,0.013058525125192484,0
5,2022-02-08,3980,1114.3755906185418,33.38226461189447,1.826363092892793,0.047746060077334292,0,81.228714828164584,9.0126974224237983,0.4930899125956778,0.094132481193234294,0
5,2022-02-09,3981,1328.5304295569351,36.449011365974457,1.9859433549990171,0.035470842737092438,0,162910.52154177637,403.62175553576935,21.991541424565852,0.031008239989998677,0
5,2022-02-10,3982,3680.5568753326675,60.667593287789714,3.250949456784809,0.031193757399136768,0,9613.885472442018,98.050423111998953,5.2541555133295264,0.019856230049311703,0
5,2022-02-14,3983,1316.5282234063263,36.283994038781429,1.9628354136367117,0.14396134461916549,0,9062.6367546642559,95.197882091274778,5.149867847300575,0.0010039540900111756,0
5,2022-02-15,3984,2230.5813979251266,47.229031304115551,2.5356507733338107,0.034716517286792689,0,13650.397981953902,116.83491764859468,6.2726789245460477,0.10395971603444923,0
5,2022-02-16,3985,4852.0074494419168,69.656352541903289,3.6788060176874637,0.17517226881614623,0,25744.705125418328,160.45156629157077,8.474032390164556,0.24918656216541482,0
5,2022-02-17,3986,1892.1152241868481,43.498450825136842,2.2971298492362084,0.23397886241084451,0,3082.9045452843811,55.523909672179798,2.9321878787589668,0.10174541089619057,0
5,2022-02-18,3987,3414.2090591206684,58.431233592323451,3.0751662329521317,0.40640312134338702,1,384527.29625263985,620.1026497706971,32.635263921409248,0.25741797219490059,1
5,2022-02-22,3988,7032.8437726308121,83.862052041616607,4.3310464309051593,0.532425917700869,1,175903.80828335934,419.40887959526958,21.660325341903093,0.41529286318360198,1
5,2022-02-24,3989,392.30604602168302,19.806717194469229,1.0508657255130109,0.0021410544902651873,0,106.89638508197991,10.339070803606091,0.54855002141373577,0.0016824253445389785,0
5,2022-02-25,3990,2519.1152787606029,50.190788784005008,2.6279963758412972,0.031436695002065251,0,57258.874848399551,239.28826726022226,12.529165497825604,0.0011628829141881974,0
5,2022-02-28,3991,922.03809942928751,30.365080263837399,1.5745439597530411,0.24083817459817727,0,9323.9157136846461,96.560425194199752,5.0070223071921056,0.094276747498977603,0
5,2022-03-02,3992,725.99293166765608,26.9442560050868,1.396364842718014,0.0018233538161954793,0,2290.1573197781413,47.855588177120353,2.4800781600912289,0.0031854928534949521,0
5,2022-03-03,3993,1031.3190252450047,32.114156150286817,1.6508587955732699,0.011882411878598505,0,2051.4270935413797,45.292682560667345,2.3283135023218704,0.0072843358561009213,0
5,2022-03-04,3994,5152.5691688115294,71.78139848743217,3.6235845673758633,0.0053092063810636992,0,9682.3048719888811,98.398703609289896,4.9672482197576873,0.0044066722748652733,0
5,2022-03-07,3995,5064.9945215012394,71.168774905159353,3.4902908170549694,4.4987313085942217e-05,0,14740.747188904896,121.41147881854044,5.9543159225394398,0.0020467567737824524,0
5,2022-03-08,3996,1425.7559887444058,37.75918416417926,1.8984958602332576,5.5302819597112312e-05,0,12410.264775973268,111.40136792684939,5.6011548055130662,0.0012110457527292442,0
5,2022-03-09,3997,426.68965240400831,20.656467568391463,1.0345821681053522,0.32838833730001799,1,5800.6643431777202,76.162092560392011,3.8145894300506868,0.0073961876631727036,0
5,2022-03-10,3998,126.96011312652982,11.26765783677024,0.56944750779654518,0.0028843937582671906,0,3394.4714295157019,58.262092560392148,2.9444631606808587,0.12775158034934295,0
5,2022-03-11,3999,331.31106110409848,18.201952123442652,0.93149879089289689,0.0019821239992050743,0,13.009577525415693,3.6068791947354839,0.18458479541134998,0.0012235799927614488,0
5,2022-03-14,4000,499.18105672919495,22.342360142321468,1.1675259395564219,0.31767681134006587,1,5.6681242823852021,2.3807822837011372,0.12441053921569446,0.04003050224880704,0
5,2022-03-15,4001,5.3272382409243777,2.3080810732997179,0.12063982193705404,0.32430480289052316,1,80.541664305225567,8.9745007830645136,0.46908325230318382,0.062627247531858998,0
5,2022-03-16,4002,1791.2837003215418,42.323559636702839,2.1708285916294123,0.40675883331660229,1,6593.3730755076986,81.199587902326812,4.1648289642924015,0.2940294474754156,1
5,2022-03-17,4003,241.78978723245427,15.549591223966445,0.81188310789538942,0.0031626704789329101,0,7.9037162078268448,2.8113548704898221,0.14678787993681358,0.00031595216708680017,0
5,2022-03-22,4004,90.026869736769697,9.4882490342934034,0.49117375614305175,0.32472351348804313,1,187.37900548166272,13.688645129510178,0.70861369895225457,0.36313458713928054,1
5,2022-03-23,4005,3547.723051404259,59.562765646033085,3.0308755162850134,0.0098239162801029532,0,3368.4233564909564,58.038119856616277,2.9532932961844227,0.0092718596717716092,0
5,2022-03-24,4006,668.21417835298882,25.849839039208518,1.3230545111684164,0.18096401627251274,0,1854.2310783879573,43.060783531979041,2.203950431568177,0.043866043214023084,0
5,2022-03-25,4007,20.642969802792244,4.5434535105789564,0.23455530371332473,0.22042429118455828,0,22012.378787792073,148.36569275877787,7.6593630912355328,0.38626057977003131,1
5,2022-03-28,4008,17.563218500313994,4.1908493769537927,0.21941619774627188,0.018388152889019984,0,24951.339960272842,157.95993150249478,8.2701534818060107,0.031297586073478142,0
5,2022-03-29,4009,1586.9232871676854,39.836205732570534,2.0599428979791887,0.09624991191839441,0,726.19785650522442,26.948058492314885,1.3934926955200706,0.021458636026273039,0
5,2022-03-30,4010,2033.5190800622402,45.094557100189377,2.3218884792724235,0.23671669280228422,0,15931.93390272828,126.22176477425865,6.4990739527976027,0.0022675984496336788,0
5,2022-03-31,4011,380.80892225663001,19.514326077439364,1.0110264009242476,0.078725129779731465,0,557.08284814362889,23.602602571403622,1.2228377365180749,0.027296856454460523,0
5,2022-04-06,4012,106.91919240900241,10.340173712709202,0.53509489301951985,0.13911538803315218,0,4564.8091790708049,67.563371578620945,3.4963450413279316,0.10895415119735166,0
5,2022-04-07,4013,472.55223885987516,21.738266694009326,1.1197211648299847,0.0031103815060425353,0,3248.2099891835346,56.993069659244838,2.9356685721255196,0.0096872347237234747,0
5,2022-04-08,4014,2143.1008336258456,46.293637074935532,2.3721471176723905,0.019705022058277726,0,3380.193394131692,58.139430631299547,2.979141227808642,0.023793823984725432,0
5,2022-04-11,4015,1604.5145420515883,40.056392024888964,2.0428075592161035,0.39676170855895021,1,6195.6956953255958,78.712741632632742,4.0142153470501434,0.021686583956997556,0
5,2022-04-12,4016,1681.0332387452563,41.000405348548156,2.0741320525381637,0.027057047553591708,0,7114.5574935288505,84.347836329860002,4.2669956408175036,0.059864854762922325,0
5,2022-04-13,4017,1531.5600673205158,39.13515130059568,1.9926248116392913,0.0026295677972303648,0,1749.3723847458673,41.825499216935441,2.1296079031026189,0.0060932948625899855,0
5,2022-04-19,4018,208.74928059937207,14.448158380893119,0.74110222260999303,0.0119585095008204,0,837.3904696863259,28.937699799505936,1.484327142135669,0.2901925088049267,1
5,2022-04-20,4019,236.01296294747087,15.362713397947346,0.79038500786887611,0.004954786573048757,0,41.508147657139361,6.4426817131641201,0.33146482035108915,0.0012548743392706311,0
5,2022-04-21,4020,45.13400232808609,6.7181844517760965,0.34602170697515366,0.029074299035860458,0,627.54487089047063,25.050845712080672,1.2902498370930791,0.025750788910350285,0
5,2022-04-22,4021,67.667590315031219,8.2260312614912436,0.43409135944544824,0.15657193965224747,0,3517.7230776016004,59.310396033086818,3.1298362022737107,0.39507669773646042,1
5,2022-04-25,4022,515.89376521108898,22.71329489992786,1.1925493489408725,0.00063768862811079891,0,44883.740594045186,211.85783108973146,11.123481628149296,0.054705335241286589,0
5,2022-04-26,4023,221.89766606429066,14.896229927880768,0.78991568182632133,0.08901790251973099,0,1002.9988399218365,31.67015692922655,1.6794016825340201,0.026327251822874018,0
5,2022-04-27,4024,2108.4899941751614,45.91829694332273,2.4314692583173274,0.0097146982188497048,0,29620.047994945628,172.10475878064972,9.1133046746438815,0.088709094859457466,0
5,2022-04-28,4025,533.68953353343545,23.101721440910751,1.2272808691747417,0.39684723473119188,1,3955.5494262062539,62.893158818795655,3.3412042828802111,0.20272123043575205,0
5,2022-05-06,4026,219.31592429591697,14.809318832948293,0.79581486554614922,0.15879236009569531,0,20649.976747066219,143.70099772467211,7.7221235813139932,0.15573658341416266,0
5,2022-05-09,4027,172.55254705242891,13.135925816341569,0.70724019793477644,0.041150876503421467,0,92484.093130695197,304.11197465850501,16.373433906291492,0.022548403318514952,0
5,2022-05-10,4028,127.10436064527998,11.274056973657707,0.60876681193648363,0.36138419742108691,1,22861.999986606184,151.20185179622035,8.1644672802300455,0.23310693386416631,0
5,2022-05-11,4029,372.48991544774645,19.299997809526985,1.0505973059811646,0.18971022940849674,0,120091.85434462196,346.54271647896735,18.864087339972638,0.10379448132064314,0
5,2022-05-12,4030,984.81996470329591,31.381841321109505,1.7323199095310371,0.21757214511385259,0,136403.52728784681,369.32848155516899,20.387429635128427,0.017807760062270618,0
5,2022-05-13,4031,28.156739593260721,5.3062924526698225,0.29075575083122318,0.058031011216779851,0,6344.1557814913549,79.650208923086666,4.364395009484201,0.14346236806933646,0
5,2022-05-17,4032,565.18429527927094,23.773605012266671,1.3129873256712601,0.70107141696346076,1,569231.87019513536,754.47456563832247,41.668713756845463,0.23690328533052155,0
5,2022-05-18,4033,91.047872738054096,9.5419008975179622,0.51745666472440144,0.039965877663883008,0,11452.998762027781,107.01868417256765,5.8036162783388097,0.50232765684340608,1
5,2022-05-19,4034,89.542570481647886,9.4626936166002906,0.51590304310327606,0.14389787288813494,0,297071.51119630423,545.04266915197036,29.715552783337166,0.010417398374438518,0
5,2022-05-20,4035,332.46982523615327,18.23375510519304,0.98231629701503276,0.021632845079302805,0,210527.34645820042,458.83259088495493,24.718919883900167,0.028139955134377184,0
5,2022-05-23,4036,924.62211497414921,30.407599625326384,1.6286004833874128,0.38956805256071647,1,10545.240854707221,102.69002315077751,5.4999744604347658,0.063836279367767049,0
5,2022-05-24,4037,3.4525344699023192e-06,0.0018580996932087146,0.00010059006567825436,0.54638312638560838,1,83695.701144074483,289.30209322449514,15.661655111763487,0.045581622883893037,0
5,2022-05-25,4038,343.9613479330946,18.546194971828982,1.0034462313988357,0.0055145838122171208,0,46550.772663798933,215.75628070533412,11.673544201560077,0.056234423748837616,0
5,2022-05-26,4039,581.06413177700767,24.105271866896828,1.3017211290040409,0.29540522729511093,1,30.983222460973458,5.566257491436545,0.30058632095456017,0.16479454625511072,0
5,2022-05-27,4040,15.734530579264533,3.9666775239820709,0.21573272007299021,0.072561045516811085,0,23993.757820502738,154.89918599044586,8.4243860330910891,0.24658000720875944,0
5,2022-05-31,4041,453.72941893501059,21.300925307014495,1.1545842759507017,0.084238908357955347,0,2252.4298829729078,47.459771206495589,2.5724847529131978,0.0040652201086815217,0
5,2022-06-01,4042,863.66461311764806,29.388171312921941,1.5909577367324568,0.019224332340574263,0,47765.178215924119,218.55246101548278,11.831553757875854,0.019449818287991718,0
5,2022-06-06,4043,202.80703154870716,14.241033373625214,0.76995206388544624,0.07998645706360441,0,12661.772905391594,112.5245435689103,6.0837231600838182,0.0044080671019335604,0
5,2022-06-07,4044,126.06982938423423,11.228082177479564,0.60595710502061917,0.1374705833197406,0,43195.297439650662,207.83478399837372,11.216426994704321,0.16971717377890996,0
5,2022-06-08,4045,64.0882448936581,8.0055134060007731,0.43393844518528735,0.034968241178463498,0,5008.4670023381477,70.770523541501007,3.8361126130309247,0.0093495400322419243,0
5,2022-06-09,4046,0.84800363618810803,0.92087112897957013,0.05032082672019509,0.2291601020504247,0,11683.093814911359,108.0883611445347,5.9064678221057214,0.25438422825917273,1
5,2022-06-10,4047,416.19593069863151,20.400880635370413,1.1142846566005087,0.023871088603463951,0,14229.231597472641,119.28634287911018,6.5153531353802974,0.0061556711527570905,0
5,2022-06-13,4048,183.34280753671553,13.540413861352818,0.74467435854109976,0.36181175068587751,1,10335.333954805656,101.66284451462911,5.5910930272578296,0.073194518646381393,0
5,2022-06-14,4049,429.61318085765697,20.727112217037302,1.1365106081994407,0.0065661156135953811,0,30011.02875632553,173.23691510854587,9.498939827747547,0.0087925597908346999,0
5,2022-06-15,4050,384.00891717963492,19.596145467403403,1.0728795766440407,0.84880147189148958,1,630861.15579124738,794.26768522409839,43.485775265485813,0.093833434524708534,0
5,2022-06-16,4051,616.16734388341763,24.822718301657005,1.3479252967151043,0.50552122558579338,1,977.13279611621829,31.259123406074877,1.6974354976011989,0.062572541970407028,0
5,2022-06-17,4052,111.2222283838309,10.546194971828982,0.57308490541116597,0.14476517042927337,0,13407.687297673214,115.79156833583875,6.2921651045150799,0.064139596555891285,0
5,2022-06-21,4053,500.49092746772368,22.371654553647204,1.2146295601513264,0.075964491644415086,0,10140.297978068309,100.69904655987716,5.4672772788162538,0.058977245974728004,0
5,2022-06-22,4054,426.62338342254998,20.654863432677303,1.121388969687676,0.27865602729683253,1,60.852135994408719,7.8007779095682963,0.4235179928100492,0.064149809384133269,0
5,2022-06-23,4055,35.176296698663421,5.9309608579608266,0.32490404327485423,0.78588907971600552,1,1007.7928338924835,31.745753005598772,1.7390645049493971,0.048458185974122228,0
5,2022-06-24,4056,701.76312877714929,26.490812157749133,1.4505181053358776,0.0066052667312628153,0,22321.741630021283,149.40462385756769,8.1807273644838023,0.084393445647039836,0
5,2022-06-27,4057,691.0672419843421,26.288157827895475,1.445158617294493,0.36849759164790663,1,7.0266372252574696,2.6507804936013599,0.14572334425119485,0.12028611298086027,0
5,2022-06-28,4058,342.27646416055489,18.500715233756637,1.0177810608585689,0.029389419094674549,0,132834.15702469417,364.4642054093847,20.050293242161171,0.026507505221399972,0
5,2022-06-29,4059,384.03015418088188,19.596687326711162,1.0785188402152539,0.061603569090937969,0,387056.57308942382,622.13870888204974,34.239884913706646,0.0025278974162616617,0
5,2022-06-30,4060,43.994206527096225,6.6328128668835689,0.36901237124167952,0.23948593138279853,0,2921.0018065757145,54.046293180714201,3.0068315213616068,0.077056599337099532,0
5,2022-07-01,4061,310.10243953846492,17.609725708779933,0.99377684586794202,0.0026996978770223775,0,9585.7153347453095,97.906666446903955,5.5252069100961601,0.032755108166720434,0
5,2022-07-05,4062,1.784349505731597,1.3357954580442311,0.076144072168057408,0.011697387992068429,0,638.99514916568205,25.278353371327057,1.4409367480662976,0.0033349136564821249,0
5,2022-07-06,4063,0.0012712757531689576,0.0356549541181721,0.0020398154477057179,0.011400787398440771,0,907.50670833828201,30.124852005251114,1.7234390002718105,0.00036330024398901079,0
5,2022-07-07,4064,34.441171891839389,5.8686601445167526,0.33762858960515202,0.00036815346747409939,0,209.79222706073523,14.484206124628827,0.83328766106482732,0.0068062658094150998,0
5,2022-07-08,4065,329.47497810987443,18.151445620387221,1.0431865299073115,0.0014948442901107973,0,575.64487615715984,23.992600445911648,1.3788850830983705,0.010389385759296946,0
5,2022-07-11,4066,78.348089570672926,8.8514456203872669,0.51143731555944216,0.50934191761118697,1,215.8725078632045,14.692600445911694,0.84893976113200975,0.05649253101115452,0
5,2022-07-12,4067,7.5704530019475209,2.7514456203871305,0.15954108897060945,0.25145562476327699,1,73.832782423079493,8.5926004459115575,0.49823729826693486,0.0068860328979658044,0
5,2022-07-13,4068,102.58540151576803,10.128445167732707,0.5955456675329398,0.0014998574064780815,0,234.31648110850287,15.307399554088306,0.90006465303041716,0.001490435970872203,0
5,2022-07-14,4069,4.5310121539794217,2.1286174278106955,0.12476144698946139,0.031848791978562156,0,97.168325968939442,9.8573995540882606,0.57775691200001533,0.013702458086913651,0
5,2022-07-15,4070,4.9353058727697565,2.2215548322672021,0.12968417922811371,0.87513551847457327,1,8.74621212252225,2.9573995540883971,0.17263941823580148,0.024113710187671927,0
5,2022-07-19,4071,2.336144630765741,1.5284451677327979,0.08941936276445317,0.82885976234100267,1,44.98920877818523,6.7073995540883971,0.39240622208438525,0.022776837054611431,0
5,2022-07-20,4072,32.815084039721768,5.7284451677328434,0.33595948435475009,0.0043112064372337255,0,118.97136503252875,10.907399554088443,0.63969266049430784,0.0010701461716255641,0
5,2022-07-21,4073,1220.0559593027749,34.929299439049373,2.0109559537723811,0.00031942914929090048,0,438.59251343710071,20.942600445911694,1.2057111860394192,0.003818436125895267,0
5,2022-07-22,4074,65.149997410298226,8.0715548322673385,0.46957675445152941,0.83602711892211168,1,8.367137339688794,2.8926004459117394,0.16828206678176386,0.10742978882441946,0
5,2022-07-25,4075,85.037073524510589,9.2215548322672021,0.53612132393053713,0.0018156708561147155,0,16.342618365284689,4.0426004459116029,0.2350280774344701,0.0006985813243367521,0
5,2022-07-26,4076,10.378415537304161,3.2215548322672021,0.1879498749900646,0.94224484483804727,1,3.8314130143454554,1.9573995540883971,0.1141973427897901,0.1947624243606057,0
5,2022-07-27,4077,1820.8615918031903,42.671554832267248,2.433507546750342,0.0029760229094296891,0,1405.6950881967743,37.492600445911648,2.1381579952045424,0.015255797356097089,0
5,2022-07-28,4078,564.85498257978645,23.76667798788435,1.3554624151867427,0.041839947980185907,0,429.61623988349601,20.727186009767365,1.1821139505969751,0.017763738264508732,0
5,2022-07-29,4079,802.6648180068961,28.331339855483293,1.5984732484474888,0.14103663934137561,0,388.71252813612529,19.715793875371219,1.1123783499983761,0.027489092114865707,0
5,2022-08-01,4080,743.20573303661104,27.261799886225617,1.5317769285700584,0.11960603140680325,0,23.969571095624875,4.8958728635070656,0.27508767318483301,0.0097458721677961407,0
5,2022-08-02,4081,31.519292638917296,5.6142045419558144,0.31876250060785322,0.063299930898293541,0,185.07227514586344,13.604127136492934,0.7724131802125157,0.021143317128587382,0
5,2022-08-03,4082,943.21465225157067,30.711799886225663,1.7222857719956068,0.0039663612428539026,0,69.65359385382439,8.3458728635071111,0.46802786358833054,0.021567799289326253,0
5,2022-08-04,4083,189.53917179353286,13.767322608028508,0.77638926310607681,0.50479044554974506,1,2.5732238700330212,1.6041271364929344,0.090462548230251488,0.67321497906011107,1
5,2022-08-05,4084,961.80908690634556,31.013047043242068,1.7383507773460423,0.32829805846096255,1,84.564077721784798,9.1958728635070202,0.51544927908449989,0.30873289087932665,1
5,2022-08-08,4085,1109.7006447042636,33.312169618688358,1.8557794835067747,0.70741526480988859,1,361.36719698884929,19.00966062266366,1.0590045192425648,0.0548925541908531,0
5,2022-08-10,4086,522.17992942684396,22.851256626865052,1.2751105756857906,0.084223915108608369,0,160.22840511612711,12.65813592580389,0.70632977656402496,0.04388951304454175,0
5,2022-08-12,4087,1.1055540852561057,1.0514533205312091,0.059498263950385308,0.22179652345678516,0,180.31323352252033,13.428076315039334,0.75985040261653081,0.14598488061629525,0
5,2022-08-17,4088,12.444404169048614,3.5276627062473835,0.19980531314589697,0.17975919768973989,0,227.3483853621529,15.078076315039425,0.85401582028486445,0.13067870382293231,0
5,2022-08-18,4089,4.446539018643449,2.108681820152924,0.12044448494376261,0.0043584258903723236,0,581.00894501221512,24.104127136492934,1.3767886412390653,0.086552534558342081,0
5,2022-08-19,4090,184.84016883297051,13.595593728593485,0.78439888813463066,0.099599833866256274,0,1146.1529634399092,33.854880939680015,1.9532601147947506,0.093672881698609808,0
5,2022-08-22,4091,105.39296295488467,10.266107487986119,0.58779350651204476,0.25416175963468157,1,0.50138401573716351,0.70808475180388086,0.040541911299641062,0.56709333375519888,1
5,2022-08-23,4092,87.72396947651221,9.3661074879862554,0.53653982688318136,0.0090641882706312456,0,9.7010275780409998,3.1146472638231444,0.17842335312480417,0.011985880731464969,0
5,2022-08-24,4093,298.1184677866903,17.266107487986119,0.98463730649175218,0.018338739417462342,0,121.32245434644368,11.014647263823008,0.62813419998420394,0.037562800407685754,0
5,2022-08-25,4094,51.571642119951498,7.181339855483202,0.41006937076278094,0.0060062410921987728,0,2.0569472079229683,1.4342061246288722,0.081896138451327469,0.0031733543281818838,0
5,2022-08-26,4095,35.806969595335794,5.9838925120138811,0.34582977009847315,0.32844330099765645,1,149.70385657867379,12.235352736176992,0.70712320038010712,0.41255932513733817,1
5,2022-08-30,4096,1762.6472304603353,41.983892512013881,2.4779491537516312,0.12005700126416465,0,2326.6492535834172,48.235352736176992,2.8469192431196952,0.085703712058558645,0
5,2022-09-01,4097,2.7940955572759862,1.6715548322672475,0.097609041300277227,0.048434510662279488,0,12.301851632019167,3.5073995540883516,0.2048116527934804,0.0209376090792333,0
5,2022-09-02,4098,67.707309878385985,8.2284451677328434,0.4832870414503021,0.14880453818971279,0,179.75836280297096,13.407399554088443,0.78746620193165995,0.027312323603130954,0
5,2022-09-06,4099,3.6884289544532671,1.9205283008727747,0.11279642327388334,0.035941995479680133,0,178.42012284755725,13.357399554088261,0.78450647837713328,0.10384210439539353,0
5,2022-09-07,4100,331.36902431392821,18.203544278901518,1.0649395547372698,0.32552327791912478,1,44.32096882277699,6.6573995540884425,0.38946965537124889,0.036102656111957884,0
5,2022-09-08,4101,388.23644544845456,19.703716538979506,1.1499776198774079,0.034393249156668755,0,6.7985324346596601,2.6073995540882606,0.1521769320700514,0.0035029571693452519,0
5,2022-09-09,4102,124.40539263190092,11.153716538979324,0.65423448039295695,0.042121557802628398,0,124.48756480957297,11.157399554088443,0.65445051201504201,0.045904518835333502,0
5,2022-09-13,4103,22.032104092063058,4.693836819922808,0.27547607370871574,0.018438585319690327,0,146.5891239623366,12.107399554088261,0.71056984295370973,0.0036469985147551428,0
5,2022-09-14,4104,218.96051060483236,14.797314303779331,0.87604726207917427,0.00090285044357237443,0,724.00815076335891,26.907399554088443,1.593002164116301,0.02764806969293427,0
5,2022-09-15,4105,815.63800340622015,28.559376803533723,1.7156385308343329,0.0019222031008768949,0,2637.582488958265,51.357399554088261,3.0851770374606229,0.36967971110568426,1
5,2022-09-16,4106,2.3048226098100897,1.5181642235970685,0.091227607102548944,0.033709068956200003,0,1132.4675575576332,33.652155318161022,2.0221828151405234,0.10982624421320725,0
5,2022-09-20,4107,639.13022816799878,25.281025061654418,1.5122491438106427,0.0087583972138424986,0,256.85177038038074,16.026595720251407,0.95867179424264437,0.4049597180465288,1
5,2022-09-21,4108,190.71696304034327,13.810031246899598,0.82603291245623711,0.24318712452656338,0,71.115585848067496,8.433005742205296,0.50441162438049447,0.025405009692910329,0
5,2022-09-22,4109,215.79518196706618,14.689968753100402,0.8939038399063135,0.23116070844325054,0,402.68425854236563,20.066994257794704,1.2211028848264038,0.088952416906765266,0
5,2022-09-26,4110,33.683308823443625,5.8037323183830267,0.35512037682084235,0.0013282224766357591,0,291.13363029901564,17.062638433109214,1.0440334353000804,0.068647861093193069,0
5,2022-09-27,4111,168.75217025972822,12.990464589833891,0.78627634233174293,0.059817040833932918,0,140.7345936964681,11.863161201655657,0.71804383389254345,0.54202864020536501,1
5,2022-09-28,4112,478.47915411508808,21.874166363888889,1.3218616366865414,0.24963197110726096,0,210.63184806523913,14.513161201655521,0.8770341552849602,0.13682597024614312,0
5,2022-09-29,4113,639.13022816799878,25.281025061654418,1.5122491438106427,0.78682264480323505,1,415.64451165913738,20.387361566890831,1.2195221514515229,0.27793463552987063,1
5,2022-09-30,4114,44.356016209680831,6.6600312468997345,0.40007396208924934,0.050419751496898008,0,1.6461037345321126,1.2830057422054324,0.077071288652936401,0.023656213734346565,0
5,2022-10-11,4115,159.01288804778881,12.61003124689978,0.75479790781431055,0.042114613460980735,0,52.316372066777419,7.2330057422054779,0.4329456045374841,0.12489510139559394,0
5,2022-10-12,4116,98.802978812612366,9.939968753100402,0.60311684686004507,0.38249088037344653,1,234.61031309331594,15.316994257794704,0.92937286923091467,0.094875450974702888,0
5,2022-10-13,4117,76.387053805170595,8.7399687531003565,0.52991989044445265,0.002167620287955474,0,199.28952687460736,14.116994257794659,0.85593853500240458,0.0075658688214962242,0
5,2022-10-14,4118,607.43851063391958,24.646267681617019,1.4804786113000161,0.3195538235701379,1,179.22144972266574,13.387361566890831,0.80416648547174241,0.21760165762168357,0
5,2022-10-17,4119,19.456411341476155,4.4109422283086133,0.26684465990977696,0.12732755878926397,0,7.4169308709529504,2.7234042797485927,0.16475524983355069,0.010867721275740476,0
5,2022-10-18,4120,218.12262072947854,14.768974938345536,0.9051280834924027,0.043511414178543352,0,386.61935015118002,19.662638433109123,1.2050400461548767,0.21235691141926444,0
5,2022-10-19,4121,23.075844186677568,4.8037323183830267,0.29375235848975889,0.00583589637653582,0,258.00835343279721,16.062638433109214,0.98224414071480548,0.056496170788213944,0
5,2022-10-20,4122,221.25693737854522,14.874707976244281,0.90520054624946178,0.091882324683136965,0,211.17202543113984,14.531759199461703,0.8843303940034507,0.076779650506252461,0
5,2022-10-21,4123,366.57956613613231,19.146267681617019,1.1539109646898911,0.13527771633786689,0,62.210472486866593,7.8873615668908315,0.47535703280945196,0.062153793244450535,0
5,2022-10-25,4124,176.38562668829275,13.281025061654418,0.80018226007859128,0.0039945122769636755,0,70.347834053757424,8.3873615668908315,0.50533885024195402,0.0056686644896772895,0
5,2022-10-27,4125,2.4996402455792128,1.5810250616543726,0.095933076159969211,0.19196003777292162,0,10.973573388512269,3.312638433109214,0.20100351525191679,0.061023878149017975,0
5,2022-10-28,4126,55.785586629634388,7.4689749383455819,0.45570316890455043,0.03525115670119193,0,152.83482902778792,12.362638433109169,0.75427934308170641,0.30461096046475911,1
5,2022-10-31,4127,26.484071050855807,5.1462676816170188,0.31279548285166503,0.0016930175897537326,0,37.364348613923312,6.1126384331091685,0.37153249859347631,0.093024012052221439,0
5,2022-11-01,4128,89.23197311276131,9.4462676816169733,0.57265725086338537,0.18034336391999581,0,3.2856580891846265,1.812638433109214,0.10988684387312989,0.041308502006405859,0
5,2022-11-02,4129,780.14216099477233,27.931025061654509,1.6681214203090364,0.027573398835523417,0,530.72002796366303,23.037361566890922,1.375857714219477,0.0099395825052734071,0
5,2022-11-04,4130,437.22940674632326,20.910031246899734,1.2454231065189396,0.088444631661494841,0,241.27426738738694,15.533005742205432,0.92516190131960041,0.22392380323894545,0
5,2022-11-07,4131,2650.5485197158637,51.483478123722989,3.0015145386225326,0.035117667100482496,0,1699.0323524288126,41.219320135451198,2.4031085926512872,0.014568157709754854,0
5,2022-11-09,4132,2873.3399592601654,53.603544278901609,3.0722765025878553,0.00011783198135328937,0,826.1370803933205,28.742600445911648,1.6473764405165008,8.6198653343795694e-05,0
5,2022-11-10,4133,1131.019247798748,33.630629607528135,1.9115371931411111,0.20816359147706445,0,273.60820770461112,16.541106604596052,0.94018282914690388,0.035114687147884481,0
5,2022-11-11,4134,329.5970373079129,18.154807553590672,1.0263331761880645,0.32142536330023019,1,36.962928039154804,6.0797144701996331,0.34370029228331916,0.21668751493245936,0
5,2022-11-14,4135,335.3676920079954,18.313047043242022,1.0338468988761129,0.17391160457499982,0,4.0025034732582165,2.0006257704174004,0.11294356114925908,0.081903058378873544,0
5,2022-11-15,4136,513.12586502899853,22.652281673796097,1.2776244598869768,0.02944460019522456,0,9.2436635293816494,3.040339377336295,0.17147994232015198,0.011748630704732229,0
5,2022-11-16,4137,68.100152823669404,8.2522816737960056,0.46925290991675234,0.051623308487373759,0,304.16543759667013,17.440339377336386,0.99171723969841852,0.13763894932933843,0
5,2022-11-17,4138,1.5682093905253254,1.2522816737960056,0.071493587222882252,0.52305397817169785,1,597.33018887937953,24.440339377336386,1.395315104894747,0.18294411359403012,0
5,2022-11-18,4139,98.957099897491176,9.9477183262038125,0.57157655287312181,0.94041639161501211,1,1270.2337909317016,35.640339377336204,2.0478246022371986,0.44795882519215791,1
5,2022-11-21,4140,83.762313381062015,9.1521753360095772,0.52509683789033401,0.41775948714372718,1,583.45827321011473,24.15488093967997,1.3858619547135587,0.20270779458434748,0
5,2022-11-22,4141,18.516554351947754,4.3030866075350787,0.24563099623455656,0.014161779967040787,0,232.71139248381539,15.254880939680106,0.87078693607786672,0.017613779351673013,0
5,2022-11-25,4142,35.26222059123063,5.9382001137744282,0.33999599861294716,0.00075808265142998492,0,422.50313044442265,20.554880939680061,1.1768847693842182,0.062662786113095503,0
5,2022-11-28,4143,168.34846507089733,12.97491676547088,0.74028166631316705,0.45977835674841105,1,102.42017920468761,10.120285529800412,0.57741116733042808,0.34271548474259894,1
5,2022-11-29,4144,4.4064069091940432,2.0991443278617226,0.11971168108706716,0.067788958937894439,0,185.09278538286858,13.604880939680015,0.77587002792586335,0.01316955890708508,0
5,2022-11-30,4145,2746.2638547288739,52.404807553590672,2.9062921860960356,0.2407879985564976,0,1299.2506080726496,36.045119060320076,1.9990083498499889,0.007830875404416543,0
5,2022-12-01,4146,751.18774178741512,27.407804395598987,1.535666305958761,0.0099303104030777269,0,75.858188161978717,8.709660622663705,0.48800451730851402,0.0039966229292079034,0
5,2022-12-02,4147,378.60615189738951,19.457804395598941,1.0951038043448302,0.32052153715751802,1,0.57708426162573889,0.75966062266365952,0.042754424958558059,0.28650532098820947,1
5,2022-12-05,4148,122.45377921339596,11.065883571292261,0.62385181933094269,0.84490073754084183,1,46.622626164002376,6.828076315039425,0.38494059730744307,0.84412302715294851,1
5,2022-12-06,4149,617.91043936986262,24.857804395599032,1.3947819770844481,0.18630881043896294,0,37.941418986394382,6.1596606226637505,0.3456211773461873,0.11636905996774001,0
5,2022-12-07,4150,1076.3520292598903,32.807804395599078,1.8326846574644067,0.027802921077280565,0,199.0825228867493,14.109660622663796,0.78818314792971511,0.03616120370212416,0
5,2022-12-08,4151,1116.6212748501691,33.415883571292397,1.860417201864677,0.76393474604357536,1,191.73927299124705,13.846995088872063,0.7709264309145708,0.46851743958176723,1
5,2022-12-09,4152,569.58039863847569,23.865883571292215,1.335826909845081,0.039161900709718193,0,18.464166793789069,4.2969950888718813,0.24051243081114304,0.031936038499481914,0
5,2022-12-12,4153,3698.5716945569761,60.815883571292261,3.3350269294119856,0.54143776347500205,1,1701.3146038614248,41.246995088871927,2.2619064510911095,0.7398258662675925,1
5,2022-12-13,4154,1233.5808741616099,35.122369996365705,1.94255523886871,0.00055223310476787283,0,359.49050805537689,18.960234915616866,1.0486565590341455,0.0091382809597234278,0
5,2022-12-14,4155,202.33980124404712,14.224619546548411,0.79754531953398633,0.077496613749942045,0,952.24345936936277,30.858442270622845,1.7301697328711192,0.015507117909890565,0
5,2022-12-15,4156,34.086543708911449,5.8383682402629802,0.32570183483099385,0.074437765692988184,0,1058.6810176354575,32.537378776346713,1.8151448370392298,0.32486870003845897,1
5,2022-12-16,4157,929.278088001524,30.484062852604211,1.7022594847333155,0.019747426288371842,0,170.33567349651733,13.051270953302492,0.72879556361975051,0.07090728838053631,0
5,2022-12-19,4158,2617.9476416310495,51.165883571292397,2.8207665015321899,0.17399455742890227,0,1107.0209056978495,33.271923684960711,1.8342755215260329,0.091790596442271791,0
5,2022-12-20,4159,1616.9720526226818,40.21159102326942,2.2124063174751409,0.0032288484353952844,0,4136.1574169294663,64.312964610018298,3.5384426623761822,0.0018156367473927174,0
5,2022-12-21,4160,65.364083381484903,8.0848057108062221,0.4489812689957362,0.06077002713708584,0,431930.6856109614,657.21433764865583,36.497714091667454,0.0066671225602240401,0
5,2022-12-22,4161,10.020693375105665,3.1655478791365113,0.17611816396664687,0.48621112353864115,1,121082.07413867326,347.96849589966223,19.359546895496951,0.72961428982814258,1
5,2022-12-23,4162,475.17534881597749,21.798517124244427,1.2087790569908463,0.12076497814152543,0,4.4036164031019593,2.0984795455524363,0.11636562761263407,0.16397641196361734,0
5,2022-12-28,4163,1036.7445050002675,32.198517124244518,1.7752456029907386,0.14719150282097862,0,68.915241855612791,8.3015204544476546,0.4576992669578307,0.0058236439365628324,0
5,2022-12-29,4164,680.25564637831394,26.081710955731296,1.4391100480443235,0.008838317175411033,0,89.152376720364401,9.4420536283355432,0.52098400575692028,0.049628505795430981,0
5,2022-12-30,4165,1414.2530975624616,37.606556576778758,2.0247971020717577,0.010945810805268907,0,264525.68262584845,514.32060295680208,27.691843157099129,0.1198546292845188,0
5,2023-01-04,4166,2132.4735432496077,46.178713096508091,2.5179232877049125,0.082982368205797047,0,137008.42874805641,370.14649633362251,20.182469810993595,0.001688521687760267,0
5,2023-01-05,4167,3322.9244589650607,57.644812940671954,3.1122347986541383,0.042336224129757252,0,4272.8877519198841,65.367329392594002,3.5291723028071478,0.056017771885558787,0
5,2023-01-06,4168,3969.8493438038922,63.006740463254346,3.3538307009423973,0.051118355128462516,0,9866.8719892394347,99.332129692458693,5.2874207378946947,0.02839941557422699,0
5,2023-01-10,4169,1114.9065298032724,33.390216079014408,1.7833319667270759,0.10143997053364875,0,25192.36744703363,158.7210365611113,8.4771029220557743,0.27449701499788526,1
5,2023-01-11,4170,875.04509848551231,29.581161209214088,1.5713346901391245,0.075502889613249635,0,3030.390059456468,55.048978732184196,2.9241708710092267,0.0078760649543470947,0
5,2023-01-12,4171,2311.9281344519477,48.082513811696117,2.5211710569014558,0.15129406355090438,0,0.35872435547997256,0.59893601952126119,0.031404767297866509,0.29042500363423696,1
5,2023-01-13,4172,1308.8066591129484,36.177433008893104,1.8903455433636276,0.02572002443717239,0,2400.9972093498573,48.999971523969862,2.5603496459384401,0.064510667265162844,0
5,2023-01-17,4173,511.46346057583332,22.615557932004094,1.1774643584112092,0.63421187088574793,1,1402.4607167498971,37.449442142038606,1.9497809206038739,0.17989719621604372,0
5,2023-01-18,4174,268.04512199943082,16.372083618141914,0.85333491181809207,0.001757145967156585,0,1973.1256515808766,44.419879013577656,2.315223549128409,0.0020450703167637116,0
5,2023-01-19,4175,59.081030165444183,7.6864185525798803,0.39931521391136582,0.0095869007451583037,0,335.2500094720636,18.309833682261115,0.95120960477225391,0.10931344345971426,0
5,2023-01-20,4176,31.313476121493554,5.5958445405044586,0.29082919497450543,0.004695672085267103,0,1.9282076972273186,1.388599185232124,0.072168763849702403,0.016763830197180224,0
5,2023-01-30,4177,0.1856794235741008,0.43090535338296831,0.022397492249231678,0.27293980202184975,1,1.756891172271553,1.3254777147396908,0.068895353954971192,0.29969291979455376,1
5,2023-01-31,4178,2.4620580100422274,1.5690946466170317,0.081473318792098848,0.86005346762450807,1,11.058802031230316,3.3254777147396908,0.1726713596105556,0.13509618365079362,0
5,2023-02-01,4179,233.05550875044145,15.266155663769496,0.79442956125046149,0.15926449126271416,0,0.85474145594294459,0.92452228526030922,0.04811085708949648,0.0042456394540042082,0
5,2023-02-02,4180,2128.6680470609713,46.137490688820208,2.4602069314432087,0.75534162129754123,1,750.58283478312524,27.396766867335373,1.4608882004604673,0.54564981826425263,1
5,2023-02-03,4181,1165.4604661013984,34.138841018719404,1.8224391308538319,0.10464832604591685,0,371193.41629987478,609.25644543153976,32.524032853678889,0.2050039761803478,0
5,2023-02-06,4182,27.227097519611831,5.2179591335705027,0.27893083517242223,0.41031063344265067,1,264935.14907797065,514.71851441148942,27.514754605842167,0.2681612941442405,1
5,2023-02-07,4183,656.0819132795848,25.614095987943529,1.3677994279733814,0.69616112671920094,1,165111.94609443232,406.33969298412421,21.698645928717283,0.47021058477058297,1
5,2023-02-08,4184,1028.1062515240446,32.064095987943347,1.706353892179413,0.0046213815813744199,0,159911.76655493726,399.88969298412439,21.280916022783483,0.0054030801160156634,0
5,2023-02-09,4185,292.642723127907,17.106803416416142,0.91986897975028981,0.0084107513084337848,0,56116.249317885085,236.88868549993072,12.738005350321597,0.39284781176977934,1
5,2023-02-10,4186,0.92245507614067235,0.96044524890317007,0.051746733595709707,0.50065676826737004,1,674497.88381407282,821.27820122907974,44.248711038446146,0.045311068255726998,0
5,2023-02-13,4187,37.924226553056442,6.1582648979283476,0.33043219927715556,0.87475957840385099,1,2523.7751051283335,50.23718846759175,2.6955619717546684,0.23396542942546072,0
5,2023-02-14,4188,601.37720056151045,24.522993303459316,1.3391761305952008,0.0010280606065128186,0,7090.1883162270069,84.203255971648787,4.5982555685697237,0.00039579970916527306,0
5,2023-02-15,4189,137.80389068656103,11.738990190240429,0.64184314444027613,0.0099092584673072127,0,64.941589617053083,8.0586344759551594,0.44061535175675437,0.10659697835589135,0
5,2023-02-16,4190,34.721213863176331,5.8924709471643837,0.32129943276340051,0.093837255693560648,0,8315.8597397261892,91.191335880807173,4.9724003315688634,0.11985351196896972,0
5,2023-02-17,4191,0.2696409129405708,0.51926959562501906,0.028269569949915294,0.28982671861170833,1,40409.384621669378,201.02085618579326,10.943781810479532,0.040594693328289896,0
5,2023-02-21,4192,16.748318453384918,4.0924709471644292,0.22293182335091538,0.41137497624495334,1,68033.663744985141,260.8326355059603,14.208505270650159,0.093043102894085905,0
5,2023-02-22,4193,289.12865208306005,17.003783463778291,0.93894273523721195,0.2419237019349236,0,13814.262116641978,117.53408916838544,6.4901896335285594,0.20419762170568825,0
5,2023-02-24,4194,433.62503597337241,20.823665286720598,1.1450067515311135,0.0020614303016459109,0,292373.98231595167,540.71617537849897,29.731733724383414,0.079397206445215501,0
5,2023-02-27,4195,132.34336211282118,11.504058506145611,0.63049756144610392,0.11677192955851902,0,312523.67456858541,559.03816915179004,30.638943831622829,0.10956092539871151,0
5,2023-02-28,4196,230.66908410824615,15.187793918415082,0.82486321349165426,0.50237341738242602,1,6193.9137600745262,78.701421588650646,4.2743474046789212,0.028116266725918979,0
5,2023-03-01,4197,41.96551506480359,6.4780795815429428,0.35279814734467607,0.013127834850380648,0,277.63590114330134,16.662409824011092,0.90743981178581268,0.018747177542617493,0
5,2023-03-02,4198,622.4789562821037,24.949528177544835,1.3551056772965175,0.15288402499304862,0,23404.337352260307,152.9847618302565,8.3091959824162345,0.24589009881494076,0
5,2023-03-03,4199,161.55099554227971,12.710271261553771,0.68739467626909878,0.63536622036175283,1,5418.8360311378456,73.612743673482555,3.9811115801888839,0.36829023528871657,1
5,2023-03-06,4200,742.72880357932115,27.253051270992046,1.5004708071900041,0.11287127858042954,0,633728.46582266607,796.07064122643419,43.829248539692465,0.081138427585625769,0
5,2023-03-08,4201,395.712066346489,19.892512821322725,1.0861915922967524,0.010146560490570139,0,453.26605241809045,21.290045852888397,1.1625011386310142,0.0034598044066072083,0
5,2023-03-09,4202,4271.8322079163681,65.359254952274114,3.5115785065023033,0.39781768713764615,1,42234.021390302063,205.50917592726137,11.04146009011478,0.47367159404469855,1
5,2023-03-10,4203,5856.1567435020806,76.525530011245792,4.0038471203498034,0.39808910252875901,1,80655.481962336402,283.9990879603954,14.858948776246294,0.23140234755693329,0
5,2023-03-13,4204,2976.2206280500627,54.55474890465598,2.8599380831252645,0.00058153607354271858,0,328310.19703218283,572.9835922888044,30.037670954302868,0.0071631015503817027,0
5,2023-03-14,4205,1268.5114142058776,35.616167876483814,1.8517296389978066,0.0049890106501695028,0,10288.617489468321,101.43282254511269,5.273620804050779,0.019679838105109534,0
5,2023-03-15,4206,43.725939226336422,6.612559203994806,0.34391154357013681,0.50099142230942328,1,11454.402128255273,107.02524061292866,5.5662587758641875,0.45892884984983279,1
5,2023-03-16,4207,1661.6043946001625,40.762781978174189,2.0775078731040311,0.083754770641124618,0,5966.2256861836286,77.241346998765039,3.9366671932503463,0.05939591225799689,0
5,2023-03-17,4208,810.78873545078818,28.474352239353721,1.4458756564020474,0.46185439991917737,1,12323.693600311926,111.01213267166759,5.6369935598886736,0.27934072465361764,1
5,2023-03-20,4209,820.50656418584003,28.644485755304459,1.4481905890090476,0.70307201339132042,1,80165.197147589817,283.13459193039239,14.314547482514339,0.25961007801620123,1
5,2023-03-23,4210,918.83917778073328,30.312360148637936,1.5203310336361691,0.044439198511737082,0,52171.401622930993,228.41059875349697,11.456043673061339,0.01920167802124469,0
5,2023-03-24,4211,348.37261347492648,18.664742523670839,0.95901053429265704,0.0069935838732711406,0,54752.447633667973,233.99240935053422,12.02273137318095,0.0096637234901775469,0
5,2023-03-27,4212,611.45146394459812,24.727544640432825,1.2597776009594635,0.096701689360520954,0,26492.833740213744,162.76619348075246,8.2923398874469498,0.17701703584205131,0
5,2023-03-28,4213,466.31061395119059,21.594226403165976,1.0989428194995408,0.0015656097060951211,0,232.67540407390092,15.253701323741097,0.77626978746774034,0.0025774947369940414,0
5,2023-03-29,4214,644.33042807744062,25.383664591178331,1.282197534534441,0.015443763003192222,0,1277.7145557947031,35.745133316225065,1.8055833366785405,0.13679980412332457,0
5,2023-03-31,4215,867.50700935115242,29.453471940522604,1.4850739646307973,0.0004331454670564152,0,1850.6037795138386,43.018644556910886,2.169043743100433,0.013149687196097229,0
5,2023-04-03,4216,527.56685360763629,22.968823513790085,1.1473511920570501,0.00070558626295896723,0,44260.514579272349,210.38183043997014,10.50910786952246,0.023995697879599143,0
5,2023-04-06,4217,469.33686726455079,21.66418397412076,1.0817488377750417,9.7258381396320243e-05,0,40.687263205378549,6.3786568496336713,0.31850286361580227,0.009689056022638946,0
5,2023-04-11,4218,1100.3608448073196,33.171687397648611,1.6518119409246395,0.00018867322106191011,0,332.18815515282597,18.226029604739097,0.90758040059451728,0.00077942282009513014,0
5,2023-04-12,4219,4268.1855568505753,65.331352020684335,3.1893066474985647,0.0049567904237327138,0,2765.625023948644,52.589210147601989,2.5672684296713122,0.0003997404600103306,0
5,2023-04-13,4220,461.73619909145862,21.488047819461372,1.0767982671174048,0.0039241739083673817,0,1.2218263307808308,1.1053625336426194,0.055391372485912124,0.0086143497324175748,0
5,2023-04-17,4221,171.26895416621869,13.086976509729766,0.65454518904320114,0.068964718311640791,0,366.60608783783846,19.146960276708114,0.95763530442673372,0.0053975656219760453,0
5,2023-04-18,4222,86.202467330222788,9.2845283849112548,0.46643030242451855,0.12277373297808689,0,139.83793888595159,11.825309251176122,0.59407245490824767,0.11146867625325013,0
5,2023-04-19,4223,1605.7160430159768,40.071386836694046,1.9964320970876142,0.020659547425013088,0,24586.658391156496,156.80133414979764,7.8121383130208315,0.047590010514841692,0
5,2023-04-20,4224,18.330252911945706,4.2813844620573036,0.2169272394830544,0.001178493377588695,0,654.98193780421275,25.592614907512143,1.2967149650400092,0.010005544810381115,0
5,2023-04-21,4225,724.24325703046225,26.911768002687268,1.3604169448330434,0.35692670522032721,1,60582.588848165164,246.13530597654039,12.442387320621796,0.42979644884091189,1
5,2023-04-24,4226,674.00139643876025,25.961536865886046,1.3063065747150069,0.00019134239459200141,0,223.923114938532,14.964060777026134,0.75294660244672096,0.016983592458288739,0
5,2023-04-25,4227,1727.3613466543973,41.561536865885955,2.0749643966992486,0.0040733577465129605,0,1031.7769595836926,32.121285148382412,1.6036587692652229,0.01915816133833537,0
5,2023-04-26,4228,274.74659367116874,16.5754817025379,0.83476351333507415,0.001012231931643535,0,3582.439210683121,59.853481191014453,3.0143016740621182,0.00042875337240088214,0
5,2023-04-27,4229,660.71038178888205,25.704287225847793,1.2965265554890315,0.23026047926157489,0,302.313891159447,17.387176054766542,0.87701072128150825,0.57593995859466007,1
5,2023-04-28,4230,7303.2610552989045,85.459119205026354,4.2093941092023623,0.06902715200042385,0,466.9524210259392,21.609081910760096,1.0643819284188796,0.60112527235515667,1
5,2023-05-09,4231,4388.3712089798364,66.24478250383072,3.2518362665405456,0.011159042303599176,0,1768.9997346283733,42.059478534907839,2.064623544408013,0.003456273198017893,0
5,2023-05-10,4232,400.76711406903655,20.019168665782217,0.99303894768135204,0.30100057131858265,1,449.53485853818472,21.202237111639533,1.0517243538599437,0.041898721231128734,0
5,2023-05-11,4233,657.54956106823897,25.642729204751959,1.269504886615771,0.014581573254302135,0,27.653897939079705,5.2586973614270391,0.26034444088455067,0.17522489744297592,0
5,2023-05-12,4234,657.54956106823897,25.642729204751959,1.269504886615771,0.24953469227892983,0,1.4941299417184393,1.2223460809927928,0.060515178028258468,0.25108207787786202,1
5,2023-05-15,4235,174.04810386991406,13.192729204751913,0.65718843332346566,0.47114884379965877,1,414.42554351726142,20.357444425007316,1.0140947184242355,0.049467524558416603,0
5,2023-05-16,4236,4.0558577236048698,2.0139160170188006,0.10200141901432337,0.0038479003994254467,0,95263.887250906031,308.64848493214095,15.632520509123832,0.033895628339926064,0
5,2023-05-17,4237,45.625332862840416,6.7546526826210993,0.34457239619553637,0.0017309784817716668,0,5798.39710243216,76.147206793369378,3.8844670098132625,0.00088281384376672487,0
5,2023-05-18,4238,150.29218310723473,12.259371236210882,0.62496794638106046,0.1690268870927204,0,24961.874637231031,157.99327402529207,8.0543063838342217,0.15992746214837064,0
5,2023-05-19,4239,439.29524261730597,20.959371236210927,1.0637654791763147,0.66709542414553258,1,9135.7262815804606,95.580993307144809,4.8510883270133895,0.14381833958975584,0
5,2023-05-22,4240,394.39462589764554,19.859371236211018,1.0084994533928,0.1908251398704007,0,401.03959199798896,20.02597293511576,1.0169598281086614,0.17115344005129474,0
5,2023-05-23,4241,656.13049878383777,25.615044383795976,1.3004871111007528,0.31676421556225781,1,383.21871635638297,19.575972935115715,0.99388078770927391,0.075271498230901235,0
5,2023-05-24,4242,4.6708925256007747,2.1612247744278648,0.11093159370860337,0.27721588682923948,1,14.951310829717217,3.8666924922622457,0.19847003681571904,0.10597603992267708,0
5,2023-05-25,4243,401.06222454208165,20.026538006906776,1.0281091435344103,0.0098944724664132375,0,6859.8114171231464,82.823978515422368,4.2519625502039302,0.00067593679613955372,0
5,2023-05-26,4244,77.419486568772314,8.7988343869385517,0.45065606734812941,0.0065798586294335843,0,6126.8157126328097,78.273978515422414,4.0090132149567168,0.00015841461620763204,0
5,2023-05-30,4245,14.877149376428028,3.8570907918310695,0.19634956179144111,0.59948876114880811,1,27599.655480697089,166.1314403738711,8.4571085508995676,0.70061245010523021,1
5,2023-05-31,4246,827.97996604929165,28.774641023812819,1.4574235076765933,0.60338845426274956,1,206.16101830250321,14.358308337074504,0.72724229934279661,0.34797549024313346,1
5,2023-06-01,4247,147.2060502582024,12.132850046802787,0.61799821962576273,0.050956237230267369,0,136.54862124092236,11.685402057307329,0.59520703207983339,0.11659512294768015,0
5,2023-06-02,4248,65.865813637987571,8.115775602983831,0.41414413813608708,0.013910769359511327,0,595.28903457789727,24.398545747193566,1.2450460922712507,0.046480528682587625,0
5,2023-06-05,4249,27.068838363157187,5.2027721805934561,0.26582052270243739,0.0058719003989843215,0,19487.952810186012,139.59925791416663,7.1324183376761594,0.0029294287254209802,0
5,2023-06-06,4250,176.70966081056406,13.293218602376328,0.67569159541394919,0.0084933730227204299,0,29430.687762103997,171.55374598680146,8.7200419847409698,0.0036287114088020844,0
5,2023-06-07,4251,253.96794020747836,15.936371613622669,0.81043386969195841,0.48519829606088155,1,4291.4360812427894,65.509053429604592,3.3314205364933174,0.22945495420377271,0
5,2023-06-08,4252,81.063770429309116,9.0035421046002284,0.45929409297557666,0.10736189312166014,0,656.03365626297193,25.613153969454288,1.3065935810566898,0.098482341417581026,0
5,2023-06-09,4253,163.23547640452324,12.77636397432866,0.65422520222892422,0.055117559245910608,0,8888.7089597765244,94.279949935161312,4.8276895865206262,0.17135813875368153,0
5,2023-06-12,4254,51.050664181420267,7.1449747502297214,0.3655840539413488,0.0040845446440589015,0,28338.012643283146,168.33898135394293,8.6133330614993309,0.0021553400762761676,0
5,2023-06-13,4255,189.32895687450525,13.759685929355555,0.70353236166047428,0.41856565575799803,1,71382.565408688519,267.17515866690997,13.660658485883525,0.028353800821894589,0
5,2023-06-14,4256,106.28962396195098,10.30968592935551,0.52806545595592536,0.88438906802881434,1,73237.976503490223,270.62515866691001,13.861508370267114,0.35979525567970971,1
5,2023-06-15,4257,457.08247684573894,21.379487291460919,1.0909293170792662,0.0013036478398592171,0,224008.02829162509,473.29486400300721,24.150777599337019,8.8844104695620017e-05,0
5,2023-06-16,4258,23.593357904964986,4.8572994456760625,0.25161487972628466,0.064828088532222175,0,110507.74387999412,332.42705046369815,17.220184436980919,0.097903357148889744,0
5,2023-06-20,4259,45.491505385287446,6.7447390894894852,0.35025778773346583,0.0053131971663767071,0,239596.71729618314,489.48617681828682,25.41927021100858,0.00012807065980477403,0
5,2023-06-21,4260,189.61161792581663,13.769953446755608,0.71610346074968056,0.017344126413016383,0,338477.5786582054,581.7882592990386,30.255773014667355,0.0035213537229586748,0
5,2023-06-26,4261,8.3430269568758622,2.8884298428170041,0.15052529276236407,0.0032486129937562454,0,100927.78943431814,317.69134302703014,16.555909272345101,0.0012553142007461972,0
5,2023-06-27,4262,78.030028857270153,8.83346075200825,0.46287260280906778,0.0052303410663640517,0,75585.851463979925,274.92881162944695,14.406246679388332,0.0028186471992515507,0
5,2023-06-28,4263,66.280151742115365,8.141262294147964,0.42574256996459475,0.017513733402413759,0,461385.80466248095,679.2538587762906,35.521184927508983,0.0063994465835874722,0
5,2023-06-30,4264,215.1928241568061,14.669452074184846,0.7605678327509966,0.19116521009612275,0,301971.39463371789,549.51923954827816,28.490952147674825,0.073561278239257427,0
5,2023-07-03,4265,14.103951152887308,3.7555227536106486,0.1951275688364455,0.20886150213740234,0,455769.13987274008,675.10676183307487,35.076858744866591,0.29793703280671985,1
5,2023-07-05,4266,12.147556720641099,3.4853345206222457,0.18259296524634566,0.011854628908536485,0,418683.69705050945,647.05772312098202,33.898665293429488,0.1041172563850364,0
5,2023-07-06,4267,754.01750518595168,27.45937918427785,1.4284648173686652,0.063723715159468494,0,468701.30337056203,684.617632967894,35.614505174420955,0.19558038814124679,0
5,2023-07-07,4268,9.7938505764574089,3.1295128337262668,0.16275810452081688,0.026492827300122108,0,657619.06433276553,810.937151900667,42.174805070764876,0.002506560862008993,0
5,2023-07-10,4269,460.60039756295834,21.461602865651912,1.1097289415782161,0.7873393482306793,1,713741.23933638446,844.83207759671654,43.68427713212423,0.11142241409772194,0
5,2023-07-11,4270,727.2892852729716,26.968301490323256,1.3806533297662036,0.44330917231234684,1,87643.254427356791,296.04603430439124,15.156198960957932,0.04528117742108391,0
5,2023-07-12,4271,104.18532278859011,10.207121180263812,0.52129011926476909,0.00045006369290543789,0,182394.39215277438,427.07656474310829,21.811320688598773,0.00046420924309710889,0
5,2023-07-13,4272,93.159907272196605,9.6519380060274216,0.49403378236307627,0.0021405064980150709,0,142426.49430560911,377.39434853427406,19.316903748491278,0.0028032913964707723,0
5,2023-07-14,4273,1751.645687511842,41.852666432520664,2.1191223510137047,0.13712148804733029,0,765953.48163132381,875.18768366066706,44.313300438514787,0.070613658791136166,0
5,2023-07-18,4274,987.37596782293474,31.422539168929916,1.5907327394603445,0.002543010071748108,0,97708.305157368304,312.58327715565383,15.824197086878469,0.0008153549550833656,0
5,2023-07-19,4275,402.71287185359273,20.067707189751218,1.0155208334472556,0.22366987506588862,0,162247.54465909096,402.79963338996595,20.38356527452892,0.30075372967206659,1
5,2023-07-20,4276,9.7334613398550704,3.1198495700682543,0.15912728603836859,0.024361705011353024,0,4910.8445484350732,70.077418248927188,3.574284313420748,0.0066406145416088337,0
5,2023-07-21,4277,404.43924103589421,20.110674803096344,1.0260548368926707,0.33844540817151514,1,28550.017458599268,168.96750414976032,8.6207910280489966,0.22838878453868983,0
5,2023-07-24,4278,353.84148654784542,18.81067480309639,0.96036528325401482,0.7665932813678844,1,6558.8326405043945,80.986620132614462,4.1347128264979052,0.81379675501497173,1
5,2023-07-25,4279,697.52374355490576,26.410674803096299,1.3431660887502568,0.76803937569234304,1,4461.9742386438338,66.798010738672701,3.397142386140096,0.89250024736562494,1
5,2023-07-26,4280,36.183708116398059,6.0152895288920263,0.30921374194319928,0.0066883808847922211,0,8899.3978980452266,94.336620132614598,4.8493392002783349,0.011218660235685431,0
5,2023-07-27,4281,124.31891614278933,11.149839287756095,0.57054313868522932,0.44631092426581054,1,34291.696195452991,185.18017225246604,9.4757667776623276,0.45050334493097832,1
5,2023-07-28,4282,417.14541775036673,20.424138115239202,1.036416315187334,0.027910174004209941,0,2519.315727800888,50.192785615075081,2.547016751583238,0.049609875090782324,0
5,2023-07-31,4283,61.862779373300697,7.8652895288921627,0.4039281804073625,0.090115517402520134,0,8553.7749035545276,92.486620132614462,4.7497237126445384,0.031641576062828337,0
5,2023-08-01,4284,253.84639287246779,15.932557637506534,0.8194917003140898,0.17628058133726401,0,3814.4251496010452,61.761032614432906,3.1766810315005096,0.0047930124174337518,0
5,2023-08-02,4285,76.502554337634962,8.7465738628125109,0.45186753094890664,0.11386464817925997,0,3867.1259672353285,62.186220075152733,3.2126789489397742,0.035512671033024461,0
5,2023-08-03,4286,178.59638485022884,13.363995841447604,0.68799690295490767,0.033151109281329916,0,34662.916563360959,186.1797963350507,9.5847922126721752,0.0031290639993211155,0
5,2023-08-04,4287,2.2086052388749988,1.486137691761769,0.076934187076759794,0.18777004697849714,0,38781.344684564545,196.9297963350507,10.194636658645271,0.028343286503640274,0
5,2023-08-07,4288,13.770421474187126,3.7108518529021239,0.19263142924118168,0.0021965159439207974,0,44310.679867783045,210.50102106114127,10.927170943788479,0.0045650786005071893,0
5,2023-08-08,4289,50.279810270955181,7.0908257820196923,0.36878563422284188,0.29579001524470344,1,160.60957259944229,12.673183207049533,0.65911757675462401,0.27083680154901463,1
5,2023-08-09,4290,51.648028895810086,7.186656308451802,0.37412964279513777,0.04505280593656872,0,741.44434234958953,27.229475616500395,1.4175373843771353,0.090255437095527705,0
5,2023-08-10,4291,187.52452898124443,13.69395958009386,0.71931501405614506,0.0044013600032861812,0,3491.0132032742604,59.08479671856594,3.1036006155517235,0.010546904231254192,0
5,2023-08-14,4292,115.59759715096004,10.751632301700056,0.56696455304664517,0.01332623093754106,0,487926.65868376975,698.51747199606234,36.83483913813707,0.0031640570742665227,0
5,2023-08-17,4293,1289.9433099343619,35.915780792492342,1.896592955193132,0.048690200995770948,0,1055676.3220087332,1027.4611048641857,54.256804396904769,0.011349183652880764,0
5,2023-08-18,4294,1439.5813280466793,37.941815033636431,2.0076627792489581,0.033980356446300874,0,1423461.6526075886,1193.0891218209931,63.131418992036046,0.084145250336622249,0
5,2023-08-21,4295,1693.5063182843862,41.152233454387215,2.1742033260804234,0.1227277893863786,0,1298532.7636578968,1139.5318177470504,60.205088772793566,0.30395625296772194,1
5,2023-08-22,4296,2821.3692531465354,53.116562889051238,2.7713230318029498,0.37982506022062423,1,1244634.3527695877,1115.6318177470503,58.207383598833914,0.60617953918869472,1
5,2023-08-23,4297,1145.9253428493353,33.851519062655598,1.765813049354769,0.00018031240360870705,0,525838.82361358113,725.14744956703885,37.826214734463832,0.00087515518195166583,0
5,2023-08-24,4298,235.54920967695415,15.347612507388703,0.80123270725078066,0.71076173680319277,1,1600589.157498721,1265.1439275824396,66.047712220435372,0.38942384292855847,1
5,2023-08-25,4299,208.9919121005957,14.456552566244682,0.74904417441682292,0.0044304370766231563,0,1327126.8263189702,1152.0099072138964,59.689632498129356,0.010224558763023743,0
5,2023-08-29,4300,498.39293111296621,22.32471570060784,1.1462974352703572,0.10520996635189363,0,226484.56872727859,475.903949056192,24.436032402566919,0.0032347869625982584,0
5,2023-08-30,4301,98.11419370528489,9.9052609105103784,0.50997584876231161,0.00056645573510090733,0,78898.093817793342,280.88804498909053,14.461619986052131,0.0001481015498445558,0
5,2023-08-31,4302,358.9941826682317,18.947141807360595,0.97637998543508764,0.019468272054839277,0,138521.48948809793,372.1847518210518,19.179343578936479,0.021010709140301218,0
5,2023-09-01,4303,338.81296362256558,18.406872727939572,0.95565509204815802,0.62468792161536091,1,116265.06651282245,340.97663631519163,17.70295604149274,0.59223920451614032,1
5,2023-09-05,4304,146.03311027579059,12.084416008884773,0.62872537181055499,0.040952092009822888,0,127194.10310418262,356.64282286929961,18.555335338274219,0.13181372417831291,0
5,2023-09-06,4305,2.7772431829429673,1.6665062804991067,0.086871857611963754,0.13749392252992323,0,634706.78308365517,796.68487062555369,41.529693258558332,0.18719491804892946,0
5,2023-09-07,4306,111.65175167934717,10.566539247991614,0.54811387322292837,0.058140173988211981,0,160085.59591148203,400.10698058329604,20.754589717984025,0.027339211929051446,0
5,2023-09-08,4307,621.14343572426526,24.922749361261594,1.2947219076475542,0.049049741688146666,0,37181.704102075761,192.82557948072076,10.017173406099939,0.13416605781045099,0
5,2023-09-11,4308,52.721592536407755,7.2609636093570771,0.38044398152299269,0.81372190948832979,1,1399.1146890867738,37.404741532147682,1.9598512762121865,0.20780120213432279,0
5,2023-09-12,4309,23.156948369988804,4.8121667022235215,0.25144564229404959,0.085926700516742116,0,222830.02394366893,472.04875165989893,24.665521562331431,0.07081093334378756,0
5,2023-09-13,4310,52.386230846401276,7.237833297776433,0.38058805299205645,0.36206890836161176,1,474310.03823923785,688.70170483253332,36.214103054162393,0.26164911167592259,1
5,2023-09-14,4311,2167.7097548840638,46.55867002915852,2.4152445935134366,0.010426469167758896,0,1182878.3338364037,1087.6021027179029,56.419676439171184,0.41567841774929121,1
5,2023-09-15,4312,328.50531922785871,18.124715700607794,0.93265318653911,0.0014120872254759524,0,230499.80189935066,480.10394905619205,24.70496560352958,0.0012297343757450331,0
5,2023-09-20,4313,302.57694799141666,17.394739089489576,0.90834146681407713,0.0089610100165254981,0,393382.65972015791,627.20224785961818,32.752075606246379,0.0095772385123749169,0
5,2023-09-21,4314,45.071541400552412,6.7135341959769903,0.34832978939875947,0.10671793576617318,0,530541.32381308777,728.38267676619535,37.79192553330715,0.010741211553272565,0
5,2023-09-22,4315,23.860328885595887,4.8847035616909125,0.25377060870669987,0.014249292384849017,0,464494.28132506856,681.53817305054054,35.407339431672106,0.095957022860076652,0
5,2023-09-25,4316,184.59205304388536,13.586465804022964,0.71243364379659502,0.12841884838186438,0,459879.84989500861,678.14441669529992,35.559865587965703,0.045761163803796814,0
5,2023-09-26,4317,493.69225872014783,22.219186724993961,1.1773002026701616,0.00029872495823627781,0,476763.62783123011,690.48072227342459,36.585636744207314,0.00073575472807209516,0
5,2023-09-27,4318,68.397931040537856,8.2703041685622338,0.44142425708212935,0.0099962291520207698,0,1250636.3587667581,1118.3185408311704,59.689815635086887,0.0011255707247428757,0
5,2023-09-28,4319,61.654568853450229,7.8520423364529961,0.42283480540942359,0.16887261764776598,0,1502926.7304112276,1225.939121820993,66.0171848045769,0.25863255410789499,1
5,2023-10-10,4320,29.446390424340869,5.4264528399628489,0.28999079973081354,0.16063851476980714,0,953825.78592045303,976.64004931215732,52.191853002653701,0.16880659937867531,0
5,2023-10-11,4321,24.648528258076386,4.964728417353399,0.26492680989078971,0.64771157225213416,1,8364.0249560208176,91.455043360226,4.8802050885926356,0.057248002353381983,0
5,2023-10-12,4322,1630.9014374503811,40.384420726938515,2.115253547398833,0.32391013407824237,1,1417.130620648991,37.644795399218083,1.9717575633363755,0.021786809208202085,0
5,2023-10-13,4323,1163.7344093226338,34.113551696102149,1.7785538279034514,0.024224609883833206,0,206673.728525724,454.61382350927693,23.701875525105027,0.0083088016365341719,0
5,2023-10-16,4324,795.04323139538667,28.196510979115601,1.4623229425949382,0.0018557820446590382,0,477633.01878972101,691.1099903703614,35.842235783132523,0.0012023841142644895,0
5,2023-10-17,4325,1089.5329564754375,33.008074110366351,1.6877882144688015,0.017828068981546562,0,63733.710635490825,252.45536364967734,12.908695794328237,0.002957597957931231,0
5,2023-10-18,4326,31.172937271279661,5.583272989141733,0.28580138666231902,0.68592947423977846,1,30116.178927191326,173.54013635810975,8.8833219706744,0.34853651608513958,1
5,2023-10-19,4327,1115.0672063748229,33.392622035036766,1.6792870020134152,0.22526099158544097,0,351375.05128122389,592.76896956674773,29.809855145423569,0.14792482545084415,0
5,2023-10-20,4328,119.91520615557614,10.950580174382367,0.55502180306043425,0.067507086359226559,0,176847.87135259729,420.53284218072349,21.314386324415789,0.0049604973925220352,0
5,2023-10-23,4329,634.81946970263812,25.195624018917215,1.2703889486672322,0.051370407481979068,0,7682.8742486255278,87.652006529374603,4.4195031780050726,0.14534517869055136,0
5,2023-10-25,4330,20.389812883091277,4.5155080426338827,0.22863331861437383,0.60737054132373225,1,16625.684940807256,128.94062564144497,6.5286392729845559,0.36820453117818142,1
5,2023-10-26,4331,178.98056343163867,13.378361761876477,0.67468665902851765,0.0051029107785503305,0,6385.2142265901093,79.907535480642309,4.0298318362318977,0.007778100691051856,0
5,2023-10-27,4332,739.03068786670951,27.185118867989331,1.3608890102117208,0.0016096210320940493,0,89.144292527970293,9.4416255236039888,0.47264845432538988,0.0018004562104662065,0
5,2023-10-30,4333,309.178407106245,17.583469711812995,0.88053831998662901,0.0027596122757710989,0,2381.9233052806167,48.804951647149664,2.4440358379062377,0.0031252958920822923,0
5,2023-10-31,4334,27.088076254680264,5.2046206638601689,0.26201931501800635,0.80986489144245077,1,15353.255472455681,123.90825425473349,6.2379869738330855,0.71978861978368902,1
5,2023-11-01,4335,200.70828663721187,14.167155206223015,0.71421431771642552,0.19781622255321141,0,28095.298848195194,167.616523195642,8.450117120167473,0.14645533114765463,0
5,2023-11-02,4336,352.76077211401082,18.781926741258758,0.94638348993544075,0.83982788198440206,1,80841.314974458932,284.32607157005305,14.326618541270436,0.53037783142182993,1
5,2023-11-06,4337,32.179388969906491,5.6726879845366511,0.28931952795107108,0.00081684432027146544,0,15482.271971458746,124.42777813438101,6.3460895667048005,0.03392929959937057,0
5,2023-11-07,4338,378.7178637918654,19.460674803096254,0.99322095608728678,0.48247525099166477,1,9404.0317237154995,96.974386946840241,4.9493141575951336,0.23184951354151953,0
5,2023-11-08,4339,81.557055034424778,9.0308944758769485,0.46136016122388562,0.68369184844009734,1,1161.2407645780388,34.076982914836208,1.7408865061603722,0.20919723057250753,0
5,2023-11-09,4340,76.759059548046991,8.7612247744277738,0.45122574997696668,0.84409602386709881,1,375.98134143370521,19.39023830265387,0.99864745462126903,0.48025959175522248,1
5,2023-11-10,4341,582.73810168473278,24.139968966109564,1.2500307571193103,0.086399581913742612,0,14411.755314969849,120.04897048692192,6.2164498090216664,0.046981255591214709,0
5,2023-11-13,4342,55.828587349600546,7.4718530064235438,0.38156740917289061,0.027456984315675548,0,31989.787120247744,178.85689005528343,9.1337396616935678,0.046232286355505893,0
5,2023-11-15,4343,1697.6332041449537,41.202344643781544,2.0808214051705241,0.0017956235784145293,0,363.27451595961571,19.059761697345948,0.96256561271379981,0.00088330240433392255,0
5,2023-11-16,4344,1005.9280527161704,31.71636884506438,1.6009878016740808,0.0029538925391995137,0,239.90514002146702,15.48887148960398,0.78185161856611296,0.042368646488530497,0
5,2023-11-17,4345,157.75893564910058,12.560212404617232,0.63799524582807088,0.12776776865819992,0,601.30558556465792,24.521533099801445,1.2455698227155709,0.085547984057492296,0
5,2023-11-20,4346,3826.5506288216434,61.859119205026218,3.0827827770869241,0.57327888000836891,1,2043.8610872138281,45.209081910760233,2.2530191324010884,0.064166929584438231,0
5,2023-11-21,4347,519.2475679508924,22.787004365446819,1.1407476341241432,0.035805851684109949,0,8.7557477543445614,2.959011279860988,0.14813202572456199,0.0052695736224986226,0
5,2023-11-22,4348,836.35663887050896,28.919831238624283,1.4453772765886641,0.0036451898200712952,0,129.01267251369555,11.358374554208694,0.56767746478789982,0.0024946560015090108,0
5,2023-11-24,4349,3039.8223861753436,55.134584302190433,2.7218218498847495,0.46684617095902275,1,1079.469458556669,32.855280527742707,1.6219623591312766,0.42314420409711312,1
5,2023-11-28,4350,3038.0001542896857,55.118056517711921,2.6926918839107903,0.0074029342985701407,0,3247.9314110033192,56.990625641444922,2.784172825005248,0.0012498085141874034,0
5,2023-11-29,4351,244.76177566110667,15.644864194396405,0.76861943031744351,0.46402416368553251,1,402.7738577398232,20.069226635319637,0.98598475203614111,0.37027999729196848,1
5,2023-11-30,4352,288.28601300474884,16.978987396330467,0.83010596442409634,0.18268834897129413,0,45067.713530136112,212.2915766820156,10.378976077149487,0.0091473550239223843,0
5,2023-12-01,4353,606.6277048662788,24.62981333397147,1.2020113386189437,0.11953969468865584,0,3466.3267013300879,58.875518692662808,2.8733080545942169,0.078995569136362367,0
5,2023-12-04,4354,0.10836573304531488,0.32918950931843938,0.016269528718137711,0.28802024629080986,1,2.0809824622751227,1.4425610774851521,0.071295676847068085,0.024819343001712738,0
5,2023-12-05,4355,301.86399042764543,17.374233520579992,0.85739407424891378,0.0028453488100403817,0,16664.798259947285,129.09220836265558,6.3705195599415507,0.042286448683988259,0
5,2023-12-06,4356,345.22229729300699,18.58015869934934,0.91667860769398291,0.08843175920384197,0,33578.994536035556,183.24572174006016,9.040688822342501,0.010995409732540434,0
5,2023-12-07,4357,0.048330197471853784,0.21984130065084173,0.010947726739248133,0.00084675169770034007,0,1292.2805826019633,35.948304307741182,1.7901650469469244,0.059326437349803293,0
5,2023-12-08,4358,7.5939662479590684,2.7557151971782332,0.13871166019068448,0.7909411007822984,1,4220.578049173112,64.965976088819843,3.2701269015085619,0.52444273133441865,1
5,2023-12-11,4359,138.6619693268006,11.775481702537718,0.59446609801538319,0.30741840651233526,1,2222.3580792071793,47.141893038010039,2.379882022263677,0.16613939410926951,0
5,2023-12-12,4360,589.27585625673032,24.275004763268953,1.2244643007954075,0.10674069216008253,0,331.28842099136165,18.201330198404776,0.91809988390440223,0.016750498115020433,0
5,2023-12-13,4361,7722.0164621445256,87.875004763268862,4.2947561098318197,0.7130756633460843,1,158.67478959899807,12.596618181043596,0.61564039788102221,0.3504447716000505,1
5,2023-12-14,4362,1309.993016022948,36.193825661609026,1.7809292752846051,4.3682319169627928e-05,0,4.453030261508248,2.110220429601668,0.10383410075292369,0.0066683251294024004,0
5,2023-12-15,4363,590.03151848627635,24.290564392090118,1.2001563473450489,0.17946305967259274,0,7035.0557712403834,83.875239321508843,4.1441359382153138,0.47080864052506471,1
5,2023-12-18,4364,2151.7355877449208,46.386804025982656,2.2723591753487966,0.19269504966069945,0,187.19095262446115,13.681774469141828,0.67023168340273986,0.13040418218136132,0
5,2023-12-19,4365,413.15872244327852,20.326306168196879,0.99856580129188077,0.10887830112197494,0,431.57515301704427,20.774386946840195,1.0205785633779665,0.024222007255519085,0
5,2023-12-20,4366,640.88751663595212,25.315756292000287,1.2399351663809712,0.0043896798032260625,0,2151.0045036556317,46.378923054073084,2.2715836339360869,0.0031840640020996641,0
5,2023-12-21,4367,1155.731318462945,33.996048571311121,1.6538260639867253,0.32398192102493756,1,7674.2039688220202,87.60253403196748,4.2616527550091199,0.24671752143596398,0
5,2023-12-22,4368,1561.4836573670834,39.515612830463397,1.9095202875453461,0.0038260037015203628,0,87393.812396961614,295.62444485691913,14.285514876626998,0.0016210064102130902,0
5,2023-12-27,4369,1679.9835934354694,40.98760292375573,1.9720748134986397,0.0035518379918042541,0,7654.1004496822006,87.487715993059282,4.2093781751856856,0.0050904757631021957,0
5,2023-12-28,4370,219.87490992226739,14.828179588953844,0.7189769001626185,0.015025515410294493,0,3275.7882851626568,57.234502576353862,2.7751407377983832,0.0067871633591829322,0
5,2023-12-29,4371,159.61343527177252,12.633821087532169,0.61944159679989064,0.0036917427363376849,0,128966.04712389717,359.1184304987662,17.607728690091744,0.041723741020911045,0
5,2024-01-04,4372,1006.3077309994621,31.722353806101182,1.5426534299171437,0.20411486867813872,0,32189.639136253772,179.41471270844477,8.7249112606533306,0.052660143240702277,0
5,2024-01-05,4373,154.99734510930901,12.449792974556203,0.61181350309873717,0.056947554585357843,0,16451.278789710916,128.26253852825039,6.3031371825765588,0.05889161015998641,0
5,2024-01-09,4374,94.987790929650885,9.7461680125909425,0.48086481214678023,0.00080700782551324033,0,17728.640412345994,133.14894071056665,6.569416849741792,0.044389179149545425,0
5,2024-01-10,4375,214.10219419114509,14.632231346966364,0.72110151279926882,0.21205442878571515,0,35405.32497474581,188.16302765087994,9.2729974447862364,0.15446672145395549,0
5,2024-01-11,4376,1691.8604555803624,41.132231346966364,2.0009355360575176,0.095984840829352894,0,62784.987796525224,250.56932732584255,12.18929911832474,0.14944221899531265,0
5,2024-01-12,4377,180.8561468871759,13.448276725557662,0.65982762434353026,0.0041102099513668517,0,56545.542318878943,237.79306617073371,11.667103312844182,0.0066681943384298455,0
5,2024-01-16,4378,204.88690094942308,14.313870928208871,0.71151340515515693,0.14251774534153894,0,14151.671682742108,118.96079893285059,5.9132993131776113,0.19984739067789278,0
5,2024-01-17,4379,41.527091248222767,6.4441517089701392,0.32009495872094867,0.29810723948348911,1,91715.224723586638,302.84521578454337,15.042977140102492,0.26347882679952656,1
5,2024-01-18,4380,682.22574239392281,26.119451418318931,1.2875921923698668,0.1584537110990929,0,25857.772989234894,160.80352293788496,7.927017965437626,0.17891683936866332,0
5,2024-01-19,4381,8.2641908404477498,2.8747505701273894,0.14210685237536219,0.0013118508128075229,0,288.62501282786241,16.988967385567094,0.83981153194923708,0.0048727508372440392,0
5,2024-01-23,4382,364.89075923045448,19.102113998991172,0.9434773417129465,0.51676577979162208,1,99.392805839859278,9.9695940659516964,0.49241074091579762,0.44128940243605075,1
5,2024-01-24,4383,206.64010218377584,14.374981815076353,0.71031411068938122,0.079205215144271923,0,8501.1246287561626,92.201543526972273,4.5559749735378521,0.077116879520062256,0
5,2024-01-25,4384,110.89230506401182,10.530541537072622,0.52066954447825076,0.67239242632064855,1,717.54922465328309,26.787109300058546,1.3244553424009171,0.52076326880369583,1
5,2024-01-29,4385,863.00858263514726,29.37700772092262,1.4378995972160553,0.39273296287909376,1,3553.7098360040936,59.613000561992294,2.9178434478839135,0.098005579570034473,0
5,2024-01-30,4386,1488.4874570285224,38.580920893992698,1.8790172114449142,0.0057358080110054875,0,22557.349871167542,150.19104457712365,7.3147957909228607,0.040332051217156717,0
5,2024-01-31,4387,420.92384362040121,20.516428627331834,1.0028315187981443,0.085933197723769256,0,18614.265700559718,136.43410754118531,6.6688226185294779,0.11414005006012473,0
5,2024-02-01,4388,316.91452199387317,17.8020931913602,0.87516128070005639,0.33539176170346868,1,74021.718871536461,272.06932732584255,13.375086759867392,0.14691303180520196,0
5,2024-02-02,4389,1.8750489046602572,1.3693242511035351,0.067855512938728199,0.084423085561137298,0,168.58131251016434,12.983886648849193,0.64340369915010864,0.051948146463877486,0
5,2024-02-05,4390,1139.1702585112857,33.751596384634695,1.6619852464366109,0.0029882474774125737,0,6169.9538365563603,78.549053696122655,3.867887221593592,0.0017064978908602733,0
5,2024-02-06,4391,1334.7619499323268,36.534394068224628,1.7894981420564573,0.27774830320336724,1,50.795034411980872,7.1270635195696741,0.34909206110744878,0.35062942391412227,1
5,2024-02-07,4392,413.31535274072968,20.33015869934934,1.0021521060483247,0.0082609965209083022,0,4682.2640657436386,68.427071146905291,3.3730348333574196,0.0032497491070964469,0
5,2024-02-08,4393,106.68004202375928,10.328603101279441,0.51043257233898898,0.26210978062378748,1,179.97399949520457,13.415438848401664,0.66298190503591126,0.097012058810940702,0
5,2024-02-09,4394,1214.0157784356625,34.842729204751777,1.717151900091261,0.22292323305631651,0,0.01879724808951443,0.13710305645577137,0.0067568407893041924,0.23766130047460121,0
5,2024-02-20,4395,275.28471511978955,16.591706214846909,0.81863605352642943,0.012530657448609962,0,5797.6004034230536,76.141975305497908,3.7568508846921382,0.046872611911153571,0
5,2024-02-21,4396,191.59283093813153,13.841706214846909,0.68387876555567728,0.46308255084661265,1,7936.1071646776891,89.084831282759296,4.40142447049206,0.36417159142013872,1
5,2024-02-22,4397,1069.3944430438792,32.70159694944391,1.6131411281296324,0.025381800434124462,0,3574.6619701055174,59.788476900699834,2.9493131857093449,0.047353474953502235,0
5,2024-02-26,4398,1455.822048848504,38.155236191753602,1.8749041149727821,0.028384536310212954,0,40.703314331638779,6.3799149157052852,0.31350162972434514,0.0073242182896414449,0
5,2024-02-27,4399,344.94436521330397,18.572677922510366,0.91380737152256464,0.011370752997799079,0,522.6151301323805,22.860777111296557,1.1247891515804351,0.046816082708435375,0
5,2024-02-28,4400,563.87330489850308,23.746016611181403,1.1594451605762262,0.036162200383964373,0,1098.2107640485592,33.139263179023146,1.6180885807974974,0.081089775845506085,0
5,2024-02-29,4401,792.01943840939134,28.142839913722128,1.3729554060748428,0.0066471695171486864,0,446.63846817456408,21.133822848092677,1.03101877490939,0.051459079410471072,0
5,2024-03-01,4402,5609.0914334127792,74.893867795786718,3.5696893684986875,0.0011453246779851867,0,4814.1148730155073,69.383822848092677,3.30706240785933,0.044514908610400888,0
5,2024-03-04,4403,608.3476383184792,24.664704302271275,1.1555802240569375,1.9096207501072048e-05,0,12658.266004137606,112.5089596616092,5.2712218732013305,7.9472929022173807e-05,0
5,2024-03-05,4404,25.358060015584684,5.0356787045625424,0.23499912287666158,0.00024187977491593282,0,2409.5132014667993,49.086792535943914,2.2907246207594523,0.0005327197930004089,0
5,2024-03-06,4405,269.2915893397539,16.410106317137434,0.76203795384789219,0.045332823528401164,0,5306.9192412238199,72.848604936702941,3.3828788658526059,0.0010775178005361188,0
5,2024-03-07,4406,0.62444110193283997,0.7902158578090166,0.036240952913802964,0.5200163220072247,1,4493.5928043404701,67.034265896931174,3.0743317157894556,0.032564145820094426,0
5,2024-03-11,4407,1677.0427774661837,40.95171275375651,1.8948160903993756,0.013369730333590818,0,3716.1946003848507,60.960598753496924,2.8206176404162835,0.011407159971028431,0
5,2024-03-12,4408,1250.5567954790301,35.363212459829356,1.6308435925027374,0.02076279053872318,0,1056.2585570327069,32.5001316463904,1.4988070303629588,0.051051625039628859,0
5,2024-03-13,4409,1942.8684454531196,44.077981413094676,2.0398917721720968,0.010796229388690968,0,11544.910748479933,107.44724635131388,4.9725678615010125,0.00053138724200732816,0
5,2024-03-14,4410,1716.277643963748,41.42798141309504,1.9149035759132425,0.54092546602553382,1,1046.4932981237241,32.349548654095997,1.4952760014835564,0.33651339928422097,1
5,2024-03-15,4411,4019.568478821961,63.400066867645819,2.9377043703007586,0.0015953460709999714,0,4686.0902115559229,68.455023274818359,3.1719307404405788,0.0059364458399274204,0
5,2024-03-18,4412,2385.9527932840283,48.846215751929321,2.2667509282068456,0.85570718954763048,1,22400.541294464452,149.66810379791832,6.9454779246330842,0.4260607102052163,1
5,2024-03-19,4413,1097.3649736442721,33.126499568234976,1.5262151379053202,0.93285459645527014,1,648.57097744755038,25.467056709552253,1.1733267316080283,0.23836981268576088,0
5,2024-03-21,4414,1430.9365188766476,37.827721566024138,1.7419286040718427,0.005152299706710931,0,12231.296962300285,110.59519411936617,5.092797666207689,0.2040080383229482,0
5,2024-03-22,4415,573.42124883794361,23.94621575192923,1.0985510483498133,0.00022231320812010575,0,130.9349310412577,11.442680238530556,0.52494174871688015,0.004911868411399469,0
5,2024-03-26,4416,490.57592217092457,22.148948556780852,1.0101221579231474,0.00046878889952432399,0,786.60641641761856,28.046504531182109,1.2790853528153467,0.14717895796541561,0
5,2024-03-27,4417,251.51147876815293,15.859113429449735,0.71619723302322291,0.00011134487742143584,0,2469.7425626178128,49.6965045311822,2.2442931122533567,0.00033652585752741107,0
5,2024-03-28,4418,136.44003182355448,11.680754762580818,0.51582047969003397,0.00093672660787308133,0,1066.1689447859744,32.652242569017744,1.4419184177088868,0.086782564887057795,0
5,2024-04-02,4419,645.67530980983497,25.410141869140261,1.1144065903181923,6.530676166469674e-06,0,11924.685678849151,109.20020915203941,4.7891677807179089,0.000207508900936533,0
5,2024-04-03,4420,10.115323650562118,3.1804596602632955,0.13707400755363844,0.00010226641153404553,0,3950.5472627823647,62.85337908802012,2.7089054665669696,0.001706378860757902,0
5,2024-04-08,4421,72.934868920989643,8.540191386672177,0.36606049664261364,4.8753956939709628e-05,0,5715.8709295268782,75.60337908802012,3.2406077620240086,0.0047183692157289755,0
5,2024-04-10,4422,2626.4561384711656,51.248962316042707,2.1340396550507061,0.001015401276694235,0,27338.201461303175,165.3426788863153,6.8849751774439012,0.0042571614246368454,0
5,2024-04-12,4423,788.76702973988415,28.084996523764858,1.1980631568878448,0.00033951519681207996,0,5296.8511180907335,72.77946906986017,3.1046612520203127,0.01204915185641799,0
5,2024-04-15,4424,19.498265519316437,4.4156840375321735,0.18638262826465921,0.02428607465019799,0,3984.2172264055303,63.120656099295502,2.664274364193719,0.091832495618868554,0
5,2024-04-16,4425,32.218283380687325,5.6761151662635712,0.2382219820482466,0.0015289849074251976,0,40989.076011586578,202.4575906494656,8.4969820224730608,0.017906538287651805,0
5,2024-04-18,4426,0.5336602727467169,0.73052054916115594,0.030698010218143296,0.0012736724065514546,0,36988.940493325099,192.32509064946544,8.0819048892492944,0.00054493863635664177,0
5,2024-04-19,4427,4535.2104066551292,67.343970826311761,2.8841718591966323,0.6683697382342324,1,21778.407380197939,147.57509064946544,6.3202676994995803,0.86080808257637609,1
5,2024-04-22,4428,3195.2828927161991,56.5268333865979,2.4276593178551358,0.63343497386413228,1,2139.5070670551095,46.254805880633739,1.9865062973494705,0.88271969179508947,1
5,2024-04-23,4429,2663.3007019354318,51.607176845235699,2.2242076002687514,0.94814478009650704,1,1448.1682506127302,38.054805880633921,1.6401166202191109,0.21444245044621205,0
5,2024-04-24,4430,4015.9786463974938,63.371749592365632,2.7330723936846351,0.95612996834227015,1,2.3431922755232013,1.5307489263504976,0.06601754976281958,0.19222831992550327,0
5,2024-04-25,4431,53.210309811240442,7.2945397257976765,0.31132003439023842,0.95042106727054088,1,8115.1138363189775,90.08392662578035,3.8446471181674005,0.53938056227951925,1
5,2024-04-26,4432,4206.4533883341774,64.857176845235699,2.8113210596114304,0.00068464809737635562,0,2914.2643339376464,53.983926625780441,2.3400054887637816,0.0091282293735805986,0
5,2024-04-30,4433,512.79116826442771,22.644892763367807,0.97624128140057809,0.95465261834426751,1,1002.7813357006355,31.666722844346168,1.365180326105629,0.40254854016515135,1
5,2024-05-07,4434,1230.6891729352037,35.081179754039113,1.5192906067014189,0.003054950036233127,0,77.338292185276799,8.7942192481923485,0.3808587621832506,0.0093769542775374963,0
5,2024-05-08,4435,8.3614807025319688,2.8916225034627132,0.12433342664413784,0.32216054201611932,1,2417.113881942596,49.164152407446181,2.1139507420323422,0.59955155755417444,1
5,2024-05-09,4436,1535.2419664367189,39.182163881499946,1.6515485629412612,0.0025890382517402429,0,165.18568812677984,12.852458446802302,0.54173780045110764,0.016718091953779959,0
5,2024-05-10,4437,1649.1042796985994,40.609164971698192,1.7326207428832747,0.0092826119378368738,0,1118.5205944741576,33.444290910021664,1.4269259710735414,0.011845810696604927,0
5,2024-05-13,4438,363.74509872683382,19.07210262993658,0.80990732445534031,0.10851595415918583,0,149.96903200476356,12.246184385544893,0.52004095316240495,0.062923393230726196,0
5,2024-05-14,4439,552.5042774545293,23.505409535988292,0.99704812453820968,0.23878244864793458,0,5679.3606112546877,75.361532702398563,3.1966715886489321,0.35680728975509868,1
5,2024-05-15,4440,12.998977922194657,3.6054095359882012,0.15165346748499203,0.099630981857964332,0,63.301621511756728,7.9562316150145307,0.33466104210543157,0.053153866566653024,0
5,2024-05-16,4441,290.09659975416815,17.032222396216184,0.70890794956364711,0.34172320952516555,1,631.31308120575022,25.125944384355989,1.045781419477066,0.14971041639298605,0
5,2024-05-17,4442,1916.2665909532118,43.775182363448948,1.8034516690746485,0.61080902133201098,1,934.96389103963827,30.577179252501992,1.2597198225395292,0.30667452806375095,1
5,2024-05-21,4443,122.23067620622615,11.055798307052555,0.45914690423408588,0.0097735299709612467,0,1756.9159066818966,41.915580715074157,1.7407525526423089,0.13009285511432125,0
5,2024-05-22,4444,5814.946775445921,76.255798307052828,3.255038985232972,0.040125202050504322,0,3.3790065259810969,1.838207421914376,0.078465335805454228,0.063260487959033204,0
5,2024-05-24,4445,1805.5921749490815,42.49226017699084,1.8076812871754979,0.0063906137182557403,0,20495.449867358948,143.16231999852107,6.0903290578572333,0.010258212963262188,0
5,2024-05-28,4446,1645.0678513284552,40.559436033165639,1.7308313326291693,0.0034415662714964638,0,3060.1287528468315,55.318430498766247,2.3606559198910215,0.0039409175530858015,0
5,2024-05-29,4447,962.03159397366665,31.016634149656966,1.3206716548362591,0.48792641174251161,1,2511.8570756596355,50.118430498765974,2.1340159033772315,0.47414086365734415,1
5,2024-05-30,4448,980.73157446347227,31.316634149657148,1.3336158479572935,0.0006912522758629391,0,939.4000269393099,30.649633389965857,1.3052116848702591,0.016040974617606323,0
5,2024-05-31,4449,2406.5137974326017,49.056230974592836,2.0984827383579088,0.38101602007255791,1,1697.4097914676045,41.199633389966039,1.7624003674537383,0.21258151415915863,0
5,2024-06-03,4450,2869.3842941232151,53.566634149657148,2.3029507373025426,0.81411563303452394,1,391.27501144215563,19.780672674157358,0.85041585013574206,0.67040328325020926,1
5,2024-06-04,4451,2147.8748264594096,46.345170476106887,1.9805205220446949,0.021719354178047507,0,1144.5144135859896,33.83067267415754,1.4457243509394047,0.070323256081488345,0
5,2024-06-05,4452,665.39081989143051,25.79517047610716,1.0927378834240091,0.2191617607009205,0,2957.2575604938347,54.380672674157267,2.3036801098939788,0.0080928716362683051,0
5,2024-06-06,4453,4664.6577500361527,68.298299759482688,2.9556127643882069,0.010816449495047781,0,369.61974385233776,19.225497232902399,0.83198447433366784,0.057835213453800542,0
5,2024-06-07,4454,4021.9289672141581,63.418679954837899,2.7376939328658709,0.0031659008404900258,0,33673.969976499036,183.50468652461996,7.9216355072143312,0.0068119955900765739,0
5,2024-06-11,4455,53.916014254521485,7.3427524985199852,0.31564760874884407,0.1192458375759818,0,27.705956762179508,5.2636448172515884,0.22627167403553311,0.041199867000448628,0
5,2024-06-12,4456,1640.5097547784715,40.503206722165487,1.7527785495138257,0.078714627532503023,0,12006.055408470316,109.57214704691296,4.7417408277182345,0.061023689405735389,0
5,2024-06-13,4457,2567.3763350708005,50.669283940774221,2.17422746425687,0.0087938065284866168,0,354552.92982173013,595.44347323799775,25.550579211654306,0.047421785877465469,0
5,2024-06-14,4458,1012.0834308643558,31.813258727523589,1.368694849206169,0.15492781654448015,0,9934.5173921721253,99.672049202231847,4.2881687010231619,0.12726019988228238,0
5,2024-06-18,4459,87.518031408888035,9.3551072366321932,0.3978188142810084,0.073676979296946568,0,3121.2164056159272,55.867847690920826,2.3757376973516258,0.029758353313201084,0
5,2024-06-20,4460,2697.757698355771,51.939943187837343,2.2243610709765247,0.0079206402430946291,0,24724.55110757631,157.24042453382117,6.7339210952151412,0.0053395669455535578,0
5,2024-06-21,4461,2594.4771284007688,50.936010134292701,2.1872682827393537,0.076575562456134089,0,55095.807276414373,234.72496091471476,10.079440082220708,0.026503987492642711,0
5,2024-06-24,4462,2887.1444417511611,53.732154635294137,2.3110107152660859,0.015286335824836289,0,3938.3388407937737,62.756185677539179,2.6991327359643522,0.087441141049900806,0
5,2024-06-25,4463,6261.8978972241175,79.132154635294228,3.4410521007672572,0.0052696219068040289,0,7771.51307321278,88.15618567753927,3.8334609909133679,0.0462031060538068,0
5,2024-06-26,4464,4257.2195636817651,65.247372082573293,2.8080294406340722,0.012248224119866863,0,1815.4463064115496,42.608054478132999,1.8337086623400327,0.0047020938742458893,0
5,2024-06-27,4465,232.87719777942303,15.260314471839138,0.65469623200648408,0.018548738929781216,0,609.13560364890225,24.680672674157449,1.0588473411196297,0.015461278366763455,0
5,2024-06-28,4466,1279.0485801138636,35.763788671138627,1.5355196715958366,0.12623368050419928,0,1113.4132595244903,33.367847690920826,1.4326498514842998,0.12259839227234846,0
5,2024-07-01,4467,1249.1676790489191,35.343566303486114,1.5157528167035967,0.77522099079450102,1,651.8152471949652,25.530672674157358,1.094914663842923,0.72088141285508045,1
5,2024-07-02,4468,331.84575974245831,18.216634149657239,0.77144998198730552,0.022988404266775959,0,3039.3910695050708,55.130672674157267,2.3347099190783775,0.10699706081894129,0
5,2024-07-03,4469,1.2246951252991112,1.1066594441376765,0.046516863627821037,0.0020198236720482899,0,27360.989552634692,165.41157623526442,6.9528415222573887,0.0087246113214773102,0
5,2024-07-05,4470,54.282542145103974,7.3676687048960048,0.31000225968889006,0.56715455208098764,1,5.0608503892488628,2.2496333899657657,0.094655645129310823,0.23434395038305009,0
5,2024-07-08,4471,474.55681857821656,21.784325065932535,0.91998501059726068,0.031111085627583305,0,261.72879950618824,16.178034475985896,0.68322287579652419,0.36288358748725374,1
5,2024-07-09,4472,28.455023909038083,5.3343250659327168,0.2237224009030854,0.32403138748532284,1,1355.4033869338828,36.815803494340344,1.5440603726105793,0.1358427467163616,0
5,2024-07-10,4473,0.283290735988461,0.53225063268018857,0.022092422077045849,0.11558446987962172,0,568.5252907968196,23.843768384985196,0.98969651274220471,0.29325134550523879,1
5,2024-07-11,4474,194.17439690835849,13.934647355005382,0.57895786422109319,0.38086509500834947,1,464.47443004242257,21.551668845878794,0.89543049404320152,0.29723694118937821,1
5,2024-07-12,4475,17.407346646514636,4.1722112418374309,0.17076830557618825,0.042741580713168324,0,3352.6032551378003,57.901668845878703,2.3699111348182185,0.19373702900590059,0
5,2024-07-16,4476,488.64684159190449,22.105357757609454,0.8972058510272527,0.00030185186652187911,0,12883.824119084695,113.50693423348503,4.6069865343568885,0.010912245101666882,0
5,2024-07-18,4477,1225.6344492952555,35.009062388119673,1.4565867438368909,0.011942868849246644,0,4683.9422492579561,68.439332618443586,2.8474862749508461,0.034296606920204746,0
5,2024-07-19,4478,3120.6441889413945,55.862726293490141,2.334715020415854,0.0037883743447763908,0,2039.9498052893582,45.165803494340253,1.8876500812613475,0.049473918841683881,0
5,2024-07-22,4479,531.14314369238957,23.046542987884095,0.9590338724099744,0.00074828930555469707,0,11607.794210923488,107.73947378246976,4.4833537423523682,0.097291930756637918,0
5,2024-07-23,4480,261.0334650429553,16.156530105284219,0.66722542713185162,0.003162772082699104,0,1513.9212532481863,38.909140998590374,1.6068529599450896,0.0026385754437105139,0
5,2024-07-24,4481,7117.069587670333,84.362726293490141,3.5683413540939917,0.026935710872615485,0,216.07922179940445,14.699633389966039,0.62175930081913711,0.038725718127284467,0
5,2024-07-25,4482,270.63384840935589,16.450952811595926,0.68944942842277879,0.26488519021212475,1,83534.253402820934,289.02292885309453,12.112775191865158,0.15898584570595928,0
5,2024-07-26,4483,131.12432029339664,11.450952811595926,0.47889895075889455,0.0063931918683772133,0,86449.482691351892,294.02292885309453,12.296555094019261,0.028299663324058189,0
5,2024-07-29,4484,311.64258751165454,17.653401584727362,0.7385587944661588,0.00055370100434477874,0,128.83082218217797,11.350366610034143,0.47486106516197657,0.0040057461503460933,0
5,2024-07-30,4485,338.43483325281841,18.39659841527282,0.75821614867381681,0.20170051781258833,0,1914.8624209345448,43.759140998590738,1.8035338168648039,0.32397811474088156,1
5,2024-07-31,4486,1147.8236849364264,33.879546705002213,1.3802752726569925,0.00010817550368738786,0,5722.9779682325961,75.650366610034325,3.0820462655083141,0.0013078933949408663,0
5,2024-08-01,4487,792.7241704589635,28.155357757609181,1.1399622551008839,0.0034281069885154854,0,7148.9847046231507,84.551668845878794,3.4233523835811401,0.014176300494610173,0
5,2024-08-02,4488,3025.1054794776478,55.000958895983331,2.297594205818382,0.72540501820972547,1,776.49058858830256,27.865580715073975,1.1640487380192566,0.38864012551817867,1
5,2024-08-05,4489,1942.1903407623652,44.070288639426508,1.8389054532317917,0.00085042336145620145,0,24114.690450839938,155.28905451074115,6.4796918282840386,0.0011506651399243585,0
5,2024-08-06,4490,103.8933349164422,10.192807999586876,0.42462071693169512,0.49762518059952005,1,8879.4196726241516,94.230672674157177,3.9255419889669509,0.40427024454294236,1
5,2024-08-07,4491,0.6515589255309413,0.80719200041312433,0.033473304460516468,0.045722451897862899,0,11073.49447145561,105.23067267415718,4.363792435014501,0.067440348604765901,0
5,2024-08-08,4492,449.97975680252409,21.21272629349005,0.87390472298968214,0.039229448757625733,0,11612.027232360666,107.7591167018395,4.4393728428879031,0.07042616577116434,0
5,2024-08-09,4493,142.08653064469055,11.920005480061263,0.48228866420105854,0.00090901505787252101,0,6086.6769141979257,78.01715781927669,3.156608517702522,0.079186879710937422,0
5,2024-08-13,4494,36.242712391895296,6.0201920560639337,0.24505198258085781,0.00033223750662478491,0,36000.206682523167,189.73720426559248,7.7232549462935038,0.0087131520401553617,0
5,2024-08-14,4495,2.2106704986792836,1.4868323707396485,0.059813032856209203,0.077018559456795546,0,5647.0659487646417,75.146962338903904,3.0230494142289768,0.044184816092477416,0
5,2024-08-16,4496,0.17636265888554031,0.41995554393952261,0.016834921887295209,0.49506140456095971,1,6238.1637455471182,78.982046982508109,3.1661841607708046,0.1882765067910023,0
5,2024-08-19,4497,5561.2911974250628,74.574065179692752,2.9478828018457457,0.84925730918768705,1,17146.773849548837,130.94569045810113,5.1762304756636475,0.35922032466325576,1
5,2024-08-20,4498,1167.7032974515569,34.171673904735144,1.3679887069290877,0.87824084544315251,1,60782.689618532095,246.54145618644361,9.8697514436415315,0.31316991730907656,1
5,2024-08-21,4499,671.72473465775124,25.917652954265577,1.0438039852704621,0.001592364726834326,0,7079.1677056142107,84.137789997207619,3.3885537654936617,0.00786178482885053,0
5,2024-08-22,4500,1282.8450386563854,35.816826194630721,1.4262832986074674,0.086602357376202921,0,30145.392887919454,173.62428657281635,6.9139967574393264,0.26181890357154097,1
5,2024-08-23,4501,2310.1382446742227,48.063897518555677,1.9160031699011648,0.024568498869062087,0,33588.55875969684,183.27181659954385,7.3058865320421686,0.013482668838594326,0
5,2024-08-27,4502,1591.9114059244564,39.898764466139255,1.5926061058233414,0.37535329320347033,1,6009.97919909748,77.524055615644102,3.0944638505396309,0.20785993423247834,0
5,2024-08-28,4503,3503.3145078599005,59.188803906312387,2.3505342880073226,0.16335735347726874,0,11026.525578115947,105.00726440640165,4.1700990590684111,0.27657943141992625,1
5,2024-08-29,4504,2604.576172396773,51.03504847060276,2.0305587550720259,0.0082675397009541341,0,16927.641602714193,130.10627042043052,5.1766077315308463,0.036439921738145448,0
