fold,date,row_index,squared_price_error_full,squared_price_error_zero,absolute_price_error_full,absolute_price_error_zero,absolute_percentage_error_percent_full,absolute_percentage_error_percent_zero,brier_full,brier_zero,zero_one_full,zero_one_zero
1,2006-01-19,772,12.619756581696274,284.88849031043003,3.515742445976533,15.441791894453255,0.61978712137091796,2.7222198139185991,0.047504622058503677,0.080794630116030428,0,0
1,2006-01-20,773,37.19934020101838,29221.9059056527,5.1903120411205537,149.04728246103221,0.93603463320478886,26.879582048878671,0.024620913819105455,0.026300816074525377,0,0
1,2006-01-23,774,41.152638993607489,50352.602146453952,6.0483510041223099,197.57521524772827,1.0853927329066506,35.455399775276497,0.043167142385337233,0.014328731209493227,0,0
1,2006-01-24,775,23.626316664043145,33704.306259811819,4.7428051405127007,118.83419976455411,0.84429107975303974,21.154285672372783,0.052053091217412167,0.0095412085243446569,0,0
1,2006-01-25,776,8.2540410850900141,1138.7620548645493,2.5196244654105917,28.298197395638756,0.44853128000188541,5.0375073245462847,0.055825930486219505,0.03744302872529693,0,0
1,2006-01-27,777,18.001284132175154,29254.671432229847,4.0379315677999257,128.71925118808102,0.70871988903903915,22.592233644244146,0.52262466674354291,0.17475228305562199,1,0
1,2006-02-06,778,3.7383247904885857,11493.697186339961,1.3774828469552556,71.892882875339225,0.24655143135050214,12.867886678958156,0.017152878655204911,0.021602471347053235,0,0
1,2006-02-07,779,21.789104447195687,592.7697398605867,4.4630291315399218,24.302555876306617,0.8133082699844959,4.4287117770034845,0.22146176125756725,0.16666771208260045,0.33333333333333331,0.33333333333333331
1,2006-02-08,780,25.765146539475097,771.39219776016489,3.6779802297901747,25.945612967060356,0.66031961037525588,4.6580992759533855,0.1244629773832255,0.21316354040462385,0.33333333333333331,0.33333333333333331
1,2006-02-10,781,19.2142888573681,1201.884010527526,4.1216252673024956,33.849415170300553,0.75034139219051443,6.1622820262698994,0.051800091574481955,0.064360020406565091,0,0
1,2006-02-13,782,22.120533738701738,227.71489143306621,3.9745460443140246,13.646295845344525,0.73643617645247816,2.5284965435139011,0.056347515659866676,0.05843803829927776,0,0
1,2006-02-14,783,34.426912483303909,527.94954564578222,5.0190960818055528,15.802825696347895,0.93161876228409335,2.9332391083708393,0.2261370214669621,0.22415008183975157,0.33333333333333331,0.33333333333333331
1,2006-02-16,784,62.423445709617596,429.82132209556931,5.2819916708347892,19.148573483552468,0.95740287671466173,3.4708307927410673,0.37506412506076975,0.23547680726822651,0.66666666666666663,0.33333333333333331
1,2006-02-17,785,12.107749231719595,515.14623741708635,2.5226549395572797,21.305078099956592,0.45535287717640432,3.8456819675011906,0.062593870428286166,0.020187257299207128,0,0
1,2006-02-21,786,31.725520892982065,444.73619944270541,4.2313881263684534,17.788388172919742,0.76516964310460267,3.2167067220469701,0.063042011729912834,0.12893878245836388,0,0
1,2006-02-22,787,5.1479135018742452,85.582507274774841,1.8699399799898326,8.1897141445880006,0.33924890783560091,1.4857971960428156,0.30331139257474893,0.068746770629228668,0.66666666666666663,0
1,2006-02-23,788,24.70136188036334,81.93652871922059,4.7696415151373612,8.8425575878512745,0.86071307680905196,1.5956974804387396,0.11018305437495261,0.029543533883192599,0,0
1,2006-02-24,789,8.5200594216402017,971.42063906830845,2.4580440598220243,25.37646340806312,0.44429174149516931,4.5867986277565516,0.43239122861487383,0.20585732673854348,0.66666666666666663,0.33333333333333331
1,2006-02-27,790,2.711260994734269,799.00641052932212,1.5965955096412092,26.015227961522594,0.28715746576280743,4.6789978348062222,0.047548103667906051,0.01377872483165655,0,0
1,2006-02-28,791,100.8309286320777,381.25857167707994,10.034906684449462,13.612293943668078,1.7784504536020316,2.4124579430514976,0.30143324628908774,0.13083162310841714,0.33333333333333331,0
1,2006-03-01,792,35.718002638103165,258.66797427208814,5.8296735967366731,13.549603914434746,1.0340884428801196,2.4034774127600436,0.021390154794551586,0.083242707819134842,0,0
1,2006-03-02,793,43.467195318896394,975.68949531997157,5.8110912616416117,27.291732369908839,1.0285117277241791,4.8303951097183777,0.27576298339511063,0.049696306573732009,0.33333333333333331,0
1,2006-03-03,794,34.162586800419014,181.09703059402258,5.4970267312084315,10.5250108705798,0.97249477774585247,1.862009884224644,0.22630651986989467,0.22810007967725979,0.66666666666666663,0.33333333333333331
1,2006-03-06,795,25.194515502214703,232.4075579552383,4.1372070946795247,11.820753241970957,0.74813871513192121,2.13756839818643,0.21000285952369499,0.20130770422251509,0.33333333333333331,0.33333333333333331
1,2006-03-07,796,117.61600226269196,1297.6320521516732,10.460508018781374,31.330581836196341,1.920240113589972,5.7513688547400337,0.15407599437274017,0.108648435247579,0.33333333333333331,0.33333333333333331
1,2006-03-08,797,10.210629036447679,575.66060537195881,2.5899699184188116,15.778583457787098,0.4708180182546467,2.8683118447167963,0.040472954081232672,0.065500173755826299,0,0
1,2006-03-09,798,98.3029707679935,1031.4898170760696,9.6825036128840338,30.181385068125945,1.8098137594175763,5.6413803865655971,0.21517370327732802,0.1384771746465531,0.33333333333333331,0.33333333333333331
1,2006-03-10,799,32.792515164631901,506.27053198151879,4.9572158542429934,20.179200656677835,0.91209123353136956,3.7128244078524077,0.23107639669487745,0.04563067396971171,0.66666666666666663,0
1,2006-03-13,800,20.159557670597881,49.773863696847933,3.5374145530739347,6.1581248722241071,0.64811552822900975,1.1282749857501113,0.018125234457688953,0.10129608046817386,0,0.33333333333333331
1,2006-03-14,801,9.9332421285301482,1388.4169598053666,3.0290889233293306,30.239731263616743,0.54800342348789333,5.4707790617126628,0.035500375896701443,0.12030013827239534,0,0.33333333333333331
1,2006-03-16,802,8.4415431121557134,122.56120195733605,2.7558402874811541,9.0031228500669158,0.49856902532449637,1.6287874898357153,0.1007916966896848,0.064774169767374865,0.33333333333333331,0
1,2006-03-17,803,9.8247264316755185,116.56307081518169,2.3816925548249706,10.789165106811273,0.42855466573548723,1.9413702396421544,0.15867958307561308,0.17065316535105915,0.33333333333333331,0.33333333333333331
1,2006-03-20,804,49.238400939649374,812.84826308360732,6.9742843375663597,18.630951209807147,1.2663248910696978,3.3828327208002089,0.41391139882009886,0.21612946022085852,0.66666666666666663,0.33333333333333331
1,2006-03-22,805,36.997416621985671,802.7147289302867,5.7798808385786442,26.312518399786921,1.0576177197765131,4.8147334674815951,0.25606414916044146,0.0061804969467289155,0.33333333333333331,0
1,2006-03-23,806,18.348679315779908,232.35707631810274,3.140235409083592,12.121101846305502,0.56402970975906463,2.1771175296462508,0.031739992599525507,0.029143976948465489,0,0
1,2006-03-24,807,17.120446592043709,108.06616619198832,3.7465838240846474,9.227843066962123,0.6631121812539198,1.6332465605242696,0.22702220672042631,0.085810641630156656,0.33333333333333331,0
1,2006-03-27,808,101.88481137442028,82.401760404276956,9.5780061178805536,7.873458326397933,1.6877543820053837,1.3873935376912658,0.079218800060479447,0.11036964729304322,0,0
1,2006-03-28,809,365.03785153771554,186.31520342589462,17.105643283166085,11.165616800009843,3.0275474837462095,1.9762153628336006,0.17042683427152808,0.1715128351294499,0.33333333333333331,0.33333333333333331
1,2006-03-29,810,242.28804063101998,313.21666549125968,15.151883903733998,16.63850955753162,2.6034164783048106,2.8588504394384224,0.45135575126382904,0.0029162121215419619,0.66666666666666663,0
1,2006-03-31,811,421.57106979601286,242.26082875401221,15.905880586115927,15.522081072901946,2.7096900487420661,2.6443068267294625,0.058778007833542041,0.12836022258730642,0,0
1,2006-04-03,812,165.91325994454806,530.85654332159572,10.104097556655196,19.153440254871345,1.7183839382066657,3.2573877984475081,0.11093330183444823,0.040001391887299988,0,0
1,2006-04-04,813,182.84538019337705,1503.8661250648465,12.08333277469986,36.069492661407061,2.0602442923614421,6.1499561230020561,0.045533269204531511,0.041517155733046582,0,0
1,2006-04-05,814,198.84754514754653,1352.964014877846,13.22870067516798,33.634717563981894,2.2431031242336554,5.7032162041512322,0.37947368350990773,0.04860849622959907,0.66666666666666663,0
1,2006-04-07,815,135.15100816475896,226.01267963848582,8.3916202246741332,12.758878370865318,1.4050431518918594,2.1362709704253358,0.064322154488158936,0.046538488107536996,0,0
1,2006-04-10,816,212.435430597866,859.04375478159784,12.37953467746604,25.173856411116503,2.0727559108356703,4.2149613078470489,0.033937300977380173,0.045185489819888791,0,0
1,2006-04-12,817,296.58661330018214,42.343592182117469,11.034492063233111,5.8208284112678257,1.8607912416919243,0.98158995130992011,0.46385361740408282,0.22688683325474832,0.66666666666666663,0.33333333333333331
1,2006-04-13,818,61.753195031031318,527.55079454551139,6.2545489079395793,22.265091616586648,1.0174134051142056,3.6218123817139731,0.35018950004455335,0.17099432432442108,0.66666666666666663,0.33333333333333331
1,2006-04-18,819,68.683581343482359,231.09421075863474,6.0959705002859819,14.121589110596082,0.97574557827706787,2.2603584010557953,0.0027236057090354281,0.019290420617227896,0,0
1,2006-04-19,820,572.92427474847398,772.55175483418498,21.117388003348804,22.767298015491331,3.3787820805358084,3.6427676824786133,0.0035880485829832541,0.0029648479348915618,0,0
1,2006-04-20,821,526.46877168409571,754.1716653402882,22.76073055848163,20.912703846614438,3.6504780366450085,3.3540824132501101,0.0387702609701489,0.0020760432018362284,0,0
1,2006-04-21,822,838.04702706424325,462.86024159124491,28.586007231368246,18.879769667879447,4.5921296757218064,3.0328947257637666,0.2794246785006978,0.37587232447312985,0.66666666666666663,1
1,2006-04-24,823,684.57009527658181,2771.0432233413644,25.233399801833837,42.097028903111855,3.975328838414153,6.6320644195528713,0.61513324244779366,0.24242256048866154,1,0.33333333333333331
1,2006-04-25,824,671.47612510796648,1319.8460996431036,25.246167210302549,29.353694755639896,3.9726462958776634,4.6189920937277575,0.041695952471451518,0.00085279021209529789,0,0
1,2006-04-26,825,874.84441281874012,836.54241113807723,27.932796951889866,21.007157297904428,4.3781813404216088,3.292657883684079,0.0039400027169838245,0.0044088911891879785,0,0
1,2006-04-27,826,531.75249693009198,1355.3647347253761,21.987311116218468,34.938691839744671,3.4141787447544201,5.4252627080348859,0.0036606080107066904,0.0084662775991078271,0,0
1,2006-04-28,827,1145.6903631404934,2352.1607735839389,30.664139592650297,42.528482261202726,4.5394729226721386,6.2958522962550285,0.0020163669198925136,0.0026177705669610386,0,0
1,2006-05-08,828,1833.171910486016,2032.2220227778134,35.621032883312672,45.023629865353165,5.1531331476763356,6.5133641758196248,0.0016522322141828301,0.0014727827973246531,0,0
1,2006-05-09,829,1451.0816348382396,3664.2647853787203,35.131877527871929,57.830896760892415,5.0195567263711869,8.26273707113765,0.10381166890812576,0.0092195544008019086,0.33333333333333331,0
1,2006-05-10,830,1388.155686107395,4541.6759458800416,36.21492506166252,65.742110546923115,5.0614849841596827,9.1882754083749987,0.16812047544699582,0.0014932947051947058,0.33333333333333331,0
1,2006-05-11,831,1027.3771409387216,5780.8907383468068,26.834346575681177,73.956615710261531,3.7012891828525762,10.200912511760214,0.098843951122060292,0.009142763052959647,0,0
1,2006-05-12,832,1124.6020879250559,2326.1845640658921,24.581674008485265,44.216010797986918,3.5755162194160381,6.4314197524344614,0.11433606299134942,0.0041084289830557409,0.33333333333333331,0
1,2006-05-15,833,846.0803870864969,3046.8431226988105,24.914330576242453,51.8551027348243,3.6003367884743427,7.4935119558994652,0.43727760021251227,0.29354397801811827,0.66666666666666663,0.33333333333333331
1,2006-05-16,834,461.61096099539463,5842.209608216247,20.066575019368127,74.116950773258097,2.8687026475151001,10.595704184883216,0.091509762620354096,0.011955291991395361,0.33333333333333331,0
1,2006-05-17,835,560.71415885209581,4515.1901930132817,23.644173747254399,64.6785661614811,3.4093978006134678,9.3263974277550243,0.012725257099193378,0.038015463270740922,0,0
1,2006-05-18,836,707.70642745668101,1216.5193054572467,18.095271695976482,32.665264803331034,2.7774783877170353,5.0138549199280176,0.52899465554630565,0.27296172311638367,0.66666666666666663,0.66666666666666663
1,2006-05-19,837,316.34946093937793,902.22979192247203,13.016300142906781,27.008047062827131,1.9948352709435679,4.139164300816419,0.12966368394698499,0.15711716763374647,0.33333333333333331,0.33333333333333331
1,2006-05-22,838,24.992537234151474,1718.3061517571914,4.7512959211311072,38.674271441943652,0.71260531250560299,5.8004156643335065,0.21883647252835323,0.062471504643559196,0.66666666666666663,0
1,2006-05-23,839,391.12226690507509,732.34070433297711,14.175122539854101,23.725691711693873,2.1858323114655516,3.6585492230830958,0.020696042696926233,0.057909141980208724,0,0
1,2006-05-24,840,577.25509179101027,484.4959644453802,17.37098529220653,18.881725771021973,2.7036552983979036,2.9387900032719023,0.18929134952620985,0.10506762374162382,0.33333333333333331,0
1,2006-05-25,841,291.63243290443205,787.54620073060585,14.652016505341559,21.573428177774343,2.2813571826144892,3.359039031183237,0.26717032911432403,0.071094340379762019,0.33333333333333331,0
1,2006-05-26,842,421.81393486843649,3512.0188893490963,17.218276992350905,51.689357499333518,2.6068549572067981,7.8257922027757045,0.4252907639133266,0.096382126626137987,0.66666666666666663,0
1,2006-05-30,843,276.89320560814934,976.28880988621802,13.899121591867015,28.09099902720008,2.1285025408678435,4.3018375233078219,0.13234973562462995,0.072576126521803216,0,0
1,2006-05-31,844,630.99607341483795,1049.1844022631456,23.619285983071183,29.522364944045119,3.7790857572913894,4.7235783910472184,0.010380129700500285,0.012120610006831104,0,0
1,2006-06-01,845,344.89190345748602,1193.6840004696317,17.001845658405614,29.780398237535792,2.6891017253310578,4.7102251067672265,0.054728502924881794,0.07519478562647762,0,0
1,2006-06-02,846,514.79672399413994,1395.0918114015183,18.920879180818059,32.039641348267047,2.9480958524178962,4.9921535288667878,0.45713937525973919,0.1169980879997994,0.66666666666666663,0
1,2006-06-05,847,445.1028654528065,721.86673737780472,18.606693110185876,23.44459222857904,2.9675746587218303,3.7391694144464185,0.37039849835259447,0.045435286667268572,0.66666666666666663,0
1,2006-06-06,848,617.9918301767301,547.21877776006329,19.827947439745305,20.29590323186331,3.2097041585989969,3.2854558044295121,0.037281161068794873,0.012704331197372723,0,0
1,2006-06-07,849,653.15503794260417,756.67061789649358,21.115256985464764,22.659367340201168,3.4389669357434465,3.690450706873154,0.015573763560354744,0.010699624955699793,0,0
1,2006-06-08,850,740.985745612144,2923.2306358013798,22.474998651748553,36.44978190891576,3.6485387421669735,5.9171723878110001,0.13627432696454372,0.1638737755981613,0.33333333333333331,0.33333333333333331
1,2006-06-09,851,529.03651440867668,6526.7903413307477,20.263369896013121,51.732761102382518,3.3262261812234275,8.4919174495046814,0.5275537816132162,0.20430178924629636,0.66666666666666663,0
1,2006-06-12,852,1060.5339007642278,41813.278194564919,29.079648971047277,198.15722710789566,4.9581669174846175,33.786398483869675,0.032994425213156764,0.041784623902952567,0,0
1,2006-06-13,853,1112.2143653730634,3957.6018158735983,30.149838214215038,54.833978252808983,5.3104074353527144,9.6581203439557868,0.033255677793239485,0.053415032341509967,0,0
1,2006-06-14,854,268.52598465709394,445.42045841385738,16.10370857386128,16.962589895531817,2.8276924624866164,2.9785056884164738,0.047473449981203279,0.12069217521550273,0,0.33333333333333331
1,2006-06-15,855,335.15512635755783,1188.5579935008016,18.211104795412705,27.514044437273053,3.1726663406642341,4.7933875326259674,0.03739688295023709,0.11549933400890106,0,0
1,2006-06-16,856,590.84566015948587,5742.6361563714117,19.855576361603539,61.696486451559167,3.4773338636783784,10.804988870675862,0.065701807117196476,0.16960988796390775,0,0.33333333333333331
1,2006-06-19,857,505.42005080957819,4065.460938981254,18.079751455920132,60.900181713511266,3.1886686871111345,10.74077278897906,0.26290615118050636,0.057152627262138968,0.33333333333333331,0
1,2006-06-20,858,23.284937830694329,14824.244730818007,3.4421904495083786,95.752858877694393,0.59905855369098127,16.664263640392338,0.35135446857278402,0.17086113512139897,1,0.33333333333333331
1,2006-06-21,859,11.361940821739935,20262.793594849645,2.787380554295813,117.22271009124238,0.47688290064941197,20.055211307312643,0.054943076848904232,0.13857189221606311,0,0.33333333333333331
1,2006-06-22,860,21.689177595025281,24811.97635118675,4.0555873268438818,128.68871403497121,0.69972176101516259,22.203021745164111,0.15482142624659989,0.072472594093240972,0.33333333333333331,0
1,2006-06-23,861,190.08001877512541,2553.049749974361,10.77384529854036,46.457711027993923,1.8464173605039178,7.9619042035979293,0.0035992790156809504,0.00026499031704947722,0,0
1,2006-06-26,862,55.22809855036428,1758.4974113568112,6.6327555379416481,26.625598149147777,1.1265826816036768,4.522394590088795,0.36024994382032532,0.25274424018859049,0.33333333333333331,0.33333333333333331
1,2006-06-27,863,34.679085757524867,625.69474659963043,4.714748275841619,22.902328244107593,0.80905161318603513,3.9300434567323195,0.3434243021891567,0.1365295725493397,0.66666666666666663,0.33333333333333331
1,2006-06-28,864,86.137636064301532,655.43106899912493,7.4819453317553934,22.754585324646353,1.2697404042011697,3.8616182137711248,0.06031393724610231,0.10338120934806216,0,0.33333333333333331
1,2006-06-29,865,760.24489027824063,479.91091524156565,27.443669858853088,21.421871741769564,4.4732958205139512,3.4917476351702632,0.17917459286759949,0.036354365170370932,0.33333333333333331,0
1,2006-06-30,866,746.98066314743448,141.19094596837186,23.866528375396722,9.2629235729669208,3.8312109118543574,1.4869449511143624,0.029868791498812376,0.039999076712460675,0,0
1,2006-07-03,867,613.99955749629726,36878.574086152417,22.228959288026392,189.43516085398096,3.5680512500844936,30.406927905935948,0.18947433422963086,0.16673642716545642,0.33333333333333331,0.33333333333333331
1,2006-07-05,868,391.39414013966916,4795.7504610952856,18.872792389072401,58.652540171683235,3.0148230653470289,9.3694153628886969,0.11330479549248122,0.14627948580567193,0,0
1,2006-07-06,869,682.81678907490323,20516.794526096073,24.401403757838921,118.51049059429586,3.8640385998161393,18.766506824116526,0.13226882177693819,0.12341075472103591,0,0
1,2006-07-07,870,603.11920542600137,48.403991562640478,19.810748069042045,5.56497096523655,3.1646562410610297,0.8889729976416213,0.1039916872296734,0.082988862634778171,0,0
1,2006-07-10,871,853.87557023737963,956.33415227366856,25.389064117183313,27.195640737637405,4.0252182508415872,4.3116354716825063,0.040160884908976256,0.020610015328717993,0,0
1,2006-07-11,872,952.68085559815609,1682.982757368007,29.570166199010185,35.304452574427309,4.5492563383092586,5.4314542422195871,0.1484147232015337,0.040213125030958266,0.33333333333333331,0
1,2006-07-12,873,648.26588782824012,1527.0368988676012,24.230233492437645,37.313006598272899,3.7305979203137247,5.7448816933445572,0.033354625325506676,0.053733954541685371,0,0
1,2006-07-13,874,1030.0568151118125,901.39688169566534,28.874690344582898,26.949977763159609,4.3535153176905981,4.0633211855498841,0.48681497112782574,0.097880925984972778,0.66666666666666663,0
1,2006-07-14,875,592.63279708269158,517.09852752539473,20.919400845886759,20.511201515361563,3.2433179606025981,3.1800312426917152,0.076338865254851535,0.059711481568926618,0,0
1,2006-07-18,876,531.46181645728268,1816.3076502873907,18.713936152029419,28.013498716163479,2.9167606221990989,4.3661936901751055,0.24105831529126909,0.13905585300657328,0.33333333333333331,0.33333333333333331
1,2006-07-19,877,141.46602069730861,473.44640985219229,10.877249312339018,14.667890260246585,1.6929570914146332,2.2829401183263163,0.056397728055910833,0.0047957684276186286,0,0
1,2006-07-20,878,813.92880100990294,203.2523196238445,24.462382031067175,12.685571633203077,3.8584198787172199,2.0008788064989083,0.15510974715815082,0.16177065486162071,0.33333333333333331,0.33333333333333331
1,2006-07-21,879,657.63842211064787,11819.391451323536,21.631703518847228,100.67115605762426,3.5713560374520763,16.620630024372499,0.27065765460192731,0.025607475934943707,0.33333333333333331,0
1,2006-07-24,880,1212.6554585387248,1888.9054585650665,28.539828524293512,31.556664833169179,4.6124975392797589,5.1000670437445139,0.1204483446087522,0.11646501268281111,0.33333333333333331,0
1,2006-07-25,881,546.88205947826873,4772.2787270159533,19.449467020433911,49.299881443587573,3.1661186749851713,8.0253754588291688,0.057684042259888678,0.083954962842827649,0,0
1,2006-07-26,882,802.30448701512398,7720.7735221961238,20.107801715726737,69.666953047510717,3.1467608318821179,10.902496564555667,0.37548036762098791,0.21322777275250634,0.66666666666666663,0.33333333333333331
1,2006-07-27,883,273.51383482573794,17488.787590659656,12.768922300722997,105.75816499166213,2.0042257574514202,16.599931720555979,0.012672157595414622,0.011119431628817124,0,0
1,2006-07-28,884,432.31366824299158,1044.6517108989776,18.52790742193103,29.703876339287529,2.9293134263922576,4.6962650338794516,0.68006770068164279,0.44486197595530275,1,1
1,2006-07-31,885,384.38209417670822,1003.5753835860851,17.449388395177682,27.060124135598283,2.7382327807261952,4.2463906058216212,0.089325405629163024,0.10094628334796955,0,0.33333333333333331
1,2006-08-01,886,690.98884352612731,1153.3340485508809,24.579804456047935,32.540947375258384,3.7560825880268851,4.9726386575883845,0.4399295350754624,0.28785119610051918,0.66666666666666663,0.33333333333333331
1,2006-08-02,887,337.88409436641842,1602.2665589166991,16.428893377546235,35.238288753984875,2.5494868680239349,5.4683874540634507,0.35906086378427515,0.10381599275135867,0.66666666666666663,0
1,2006-08-03,888,627.35496429572413,455.34619551424083,21.55840047562943,20.376841769777645,3.3052357954203799,3.1240845948298421,0.0086225903841810735,0.0019863066660759277,0,0
1,2006-08-04,889,298.35310733573203,853.19807811448663,15.122747954218577,27.299609195996521,2.3274717897989348,4.201555859329976,0.26103490900885412,0.25438233237304758,0.66666666666666663,0.33333333333333331
1,2006-08-07,890,318.62456145788207,1461.0470799651787,15.798636601012808,34.736442829530461,2.4456093809617347,5.3771583327446528,0.014356215671022724,0.0068734189558657391,0,0
1,2006-08-08,891,236.27746963988025,1327.1842645066824,15.146071529264191,35.601436133147068,2.3337552433380879,5.4855833795295945,0.010050651813306886,0.0018839793936519633,0,0
1,2006-08-09,892,177.86009790108588,832.19588510182575,12.640975580852265,18.152105299905354,1.9606010982322244,2.8153711205746959,0.36552620412897047,0.20574924812573692,0.66666666666666663,0.33333333333333331
1,2006-08-10,893,198.4139485763836,1088.4106944185435,13.653350847495895,32.742292613712266,2.1184407831646079,5.0802626243153242,0.22996998946040537,0.1724948602716331,0.33333333333333331,0.33333333333333331
1,2006-08-11,894,134.11367281795586,295.87163147084146,8.4537910731231332,15.902506634424148,1.3534727942880453,2.5460305210413297,0.24746365358940112,0.089391460174685008,0.33333333333333331,0
1,2006-08-14,895,155.68684349264967,447.08368073617584,12.35587757585184,20.487716735886806,1.9620289917986247,3.2533095253492346,0.094165254503139784,0.020298448009458566,0,0
1,2006-08-16,896,351.3328367697672,1098.4631098403136,16.796830639782456,29.848957768968223,2.6853446266638614,4.7720156305304906,0.25904100428118859,0.17105839289038519,0.33333333333333331,0.33333333333333331
1,2006-08-17,897,333.22019724515428,889.00410047285311,14.931660846796413,28.570306910191977,2.4322627214198427,4.6539024124762962,0.22894246391955131,0.3107957902752489,0.33333333333333331,0.33333333333333331
1,2006-08-18,898,322.40397234923438,983.39586155315953,15.132671593427441,31.296436621764315,2.4212274549483905,5.0074298594822908,0.16022267975194268,0.069792376185972463,0.33333333333333331,0
1,2006-08-21,899,314.63056979387108,2927.2955656911295,15.088577434214434,47.090824748646128,2.4228948107931649,7.5617542751740068,0.32743227210463594,0.24507679101270616,0.66666666666666663,0.66666666666666663
1,2006-08-22,900,335.94357131827439,1499.4031939771369,15.668649000496581,36.22763555099425,2.4946105716440985,5.7678133340223292,0.44872984213185535,0.31208569204947284,0.66666666666666663,0.33333333333333331
1,2006-08-23,901,244.83061202067196,1314.5330589583211,12.984224138171498,32.402520603331254,2.0816391403882162,5.1947928822975955,0.28498596587889652,0.098054774969072347,0.66666666666666663,0
1,2006-08-24,902,319.09616419602122,1431.5819299262428,14.62461822072593,32.390472952241716,2.3540632950866685,5.2137582216888072,0.30490711578330776,0.070615688592851625,0.33333333333333331,0
1,2006-08-25,903,224.06831070308877,822.68018406334397,13.562784427876826,23.508135126227899,2.2110832128915594,3.8324315497600097,0.0081018115433685658,0.0024379767190790959,0,0
1,2006-08-29,904,271.81218783146812,1079.107786259857,14.108397975002276,28.6823934508155,2.2838361756377625,4.6430422421392956,0.10776732266518339,0.0052957370811841627,0.33333333333333331,0
1,2006-08-30,905,176.79834009075603,1459.8624724577603,10.189755183855974,34.174877086140022,1.6342831088782637,5.4811350579214162,0.10812927636531477,0.13246303706145965,0,0.33333333333333331
1,2006-08-31,906,226.87524979073567,2614.8498155618558,13.456207045156399,45.823193646048175,2.1666865864513967,7.3783421054743066,0.11837144020027258,0.20407395667712649,0.33333333333333331,0.33333333333333331
1,2006-09-01,907,524.1078551617353,1475.4659934006947,16.613905793137899,33.743955258419568,2.6050812690141743,5.2910945132762954,0.1530587979404068,0.026278822233376232,0.33333333333333331,0
1,2006-09-05,908,335.67425978219939,1008.7291125436896,18.130770017982815,27.304341928193896,2.8534419291757658,4.2971894756364328,0.10314964580189395,0.10907140519045945,0,0
1,2006-09-06,909,498.77593972220211,5274.6564060225155,15.102098908962185,46.119868961292696,2.4299435090848247,7.4207351506504748,0.22518811207807188,0.0053548025346301584,0.33333333333333331,0
1,2006-09-07,910,858.3566246840536,1031.0745474084051,20.025876669359263,20.393393199525992,3.2829306015343054,3.3431792130370481,0.16006893790756097,0.0062691578835341322,0.33333333333333331,0
1,2006-09-08,911,964.45236351874507,1741.1719928277669,24.830605753686012,35.494447560324183,4.2228921349806141,6.0364706735245219,0.042855637981796403,0.0050520713062896508,0,0
1,2006-09-11,912,279.94565579978286,42669.762760986378,14.028505507774677,169.30856928577862,2.3748951257448243,28.662361483964549,0.10282620555432657,0.007688379819536309,0.33333333333333331,0
1,2006-09-12,913,388.56879826698577,11439.364265044167,13.831000397222548,75.835072279325502,2.3482173849274277,12.875224495641005,0.1249617957780156,0.2794147622966861,0.33333333333333331,0.33333333333333331
1,2006-09-13,914,385.9623220855915,5187.9859576782546,15.524802916062223,59.07636134695705,2.6565371177382313,10.108891400916676,0.47023902385314492,0.050186769424182924,1,0
1,2006-09-14,915,440.16260961446613,916.12214176725877,20.129055216430896,29.186054787171162,3.5092495147194724,5.0882243352808851,0.20980688720683638,0.0016438423627100956,0.33333333333333331,0
1,2006-09-15,916,93.201674960348711,356.26477691091623,9.0523698345221728,18.387824219101578,1.5513915740397894,3.1512980666840753,0.52809746388612255,0.011584966294302819,0.66666666666666663,0
1,2006-09-19,917,249.02177988250048,3878.19857672236,12.0146699548305,52.569407982323128,2.0706023187988798,9.0597859512836063,0.17976111266594538,0.29144446355796255,0.33333333333333331,0.33333333333333331
1,2006-09-20,918,361.78214290418219,25739.226638955533,17.672587474004597,105.10281833037668,3.0535788292016584,18.160314182354501,0.1285539996360964,0.012031111767674284,0.33333333333333331,0
1,2006-09-21,919,5.7927701290844533,20382.857759673934,1.8902636194076574,92.488516741612216,0.32092760940707254,15.702634421326353,0.26676042965159485,0.017992107951862207,0.33333333333333331,0
1,2006-09-22,920,39.024376266956885,83.381025177569796,5.1361597817801039,7.5437424836610871,0.87835139491750391,1.290079945901853,0.24508848068853109,0.10720921894879228,0.33333333333333331,0
1,2006-09-25,921,24.618852031966668,26.166819928506921,4.8844942921602597,4.3621622108050433,0.82647957566163444,0.73809851282657257,0.12346884025186768,0.0092859838018498706,0,0
1,2006-09-26,922,42.887963075662675,179.02123474221284,5.6496594708795174,12.08352163147913,0.95152159509549783,2.0351194326701689,0.083806834322342316,0.11298806233643478,0,0
1,2006-09-27,923,213.70113405407642,159.84276113192598,14.268067149765253,12.593726322223688,2.3661802901766591,2.0885118278977921,0.088564365984089191,0.07030692453628555,0,0
1,2006-09-28,924,51.281252569494164,51.915493095313998,6.7164627091911298,6.3523937416811505,1.1208114658641852,1.0600573619826699,0.2870004578589665,0.1504710142389234,0.33333333333333331,0
1,2006-09-29,925,686.80040185515463,6355.9101680727026,23.626155656615197,61.026722224889603,4.134783979106615,10.680210399875675,0.37986916057850006,0.001821945887138899,0.33333333333333331,0
1,2006-10-10,926,93.909724741221225,370.51981032769936,8.8381040404054456,19.121893832109095,1.5394711793076894,3.3307601170717809,0.0086847527426446337,0.00061265231086060927,0,0
1,2006-10-11,927,204.75443221455848,151.87858062623295,13.383580355770277,11.761745234340234,2.3357033779703804,2.0526605993612974,0.17315268263858127,0.15898792968468228,0,0.33333333333333331
1,2006-10-12,928,32.444080666297118,51.58065670910085,5.4488165126625363,5.6136621646164331,0.92967352203762765,0.95779937973322526,0.11629310489691108,0.04309474790415075,0,0
1,2006-10-13,929,89.849888682781753,14.993214385660695,8.5561956911104371,3.2422163554282784,1.4377744397765815,0.54481874566094413,0.0067719751956528199,0.027094360777979717,0,0
1,2006-10-16,930,61.649250486284672,78.572219897404622,7.0950572600875148,6.9105484320496471,1.2025520779809347,1.1712793952626519,0.0061216989370545668,0.11426414258384905,0,0.33333333333333331
1,2006-10-17,931,17.39421124869499,30.106102332962731,3.571713421508965,4.3652854663997687,0.60129855580959013,0.73489654316494424,0.32476646364548578,0.10200937381316022,0.66666666666666663,0
1,2006-10-18,932,34.67398791882021,275.47560793435144,4.8397815868236194,13.045337160761884,0.81034434270801503,2.1842339323167659,0.040499734712765724,0.15196782178994767,0,0.33333333333333331
1,2006-10-19,933,417.86661329439266,8483.9874832429541,16.889764783944202,75.699437133257035,2.8310031484988607,12.688474209396082,0.23921822798239492,0.17438565202986467,0.33333333333333331,0.33333333333333331
1,2006-10-20,934,637.30907672528281,1056.6280765053123,20.167472507376413,25.523183637660889,3.4607417430075351,4.3797826920053007,0.34947117894619795,0.097682009556095906,0.66666666666666663,0
1,2006-10-23,935,156.92247986924278,51.265792238370487,10.483298806148468,5.8670350169444418,1.7582052505070804,0.98398910137432993,0.21249329575176337,0.0025216789307657677,0.33333333333333331,0
1,2006-10-26,936,88.101824786358407,248.89532604840733,6.6128041745201545,14.738706711957056,1.1090656896469862,2.4719004967642859,0.01512587951330592,0.102983594977706,0,0
1,2006-10-27,937,146.36500508599818,362.76256195129673,9.7616772058382058,18.880878718673216,1.6042197544516361,3.1028559932084168,0.30271228902273167,0.050488960862170619,0.33333333333333331,0
1,2006-10-30,938,223.7119503073809,415.96807739664359,11.126164061649243,19.426874728200044,1.8428429087617795,3.2177018183354114,0.031509792437164938,0.099583601886454265,0,0
1,2006-10-31,939,187.05418088835725,93.060895092397573,12.422819902087554,9.4718937506116081,2.0229311027662522,1.5424024996924945,0.25107251409194969,0.03611041224291843,0.33333333333333331,0
1,2006-11-01,940,201.21753893170975,117.99943600103154,13.299427744195214,6.9972823187662998,2.1424772846065587,1.1272303372962222,0.21140948790112254,0.22810100451164983,0.33333333333333331,0.33333333333333331
1,2006-11-02,941,219.76914642825878,479.35142702727171,14.789292531293199,16.797393517559726,2.3621294571623062,2.6828611272256389,0.015547460055664033,0.080659533768898617,0,0
1,2006-11-06,942,276.94989694638861,931.6016408546451,13.20899010871968,25.751525672488771,2.1109053309979515,4.1153057407093518,0.18095919515588096,0.031287573245575899,0.33333333333333331,0
1,2006-11-07,943,366.87438826367435,13489.485210295468,14.465628097410066,95.539061167378875,2.32118550985399,15.330401342647443,0.073118030326789471,0.07567043375058928,0,0
1,2006-11-08,944,161.37796282521404,7832.4469633761628,10.22887432643366,72.083811109638191,1.6359655060269747,11.528798258238815,0.58214717801862648,0.15585158993850859,1,0
1,2006-11-09,945,314.1223352777688,2400.3044996535696,15.772875045661408,40.899481809238409,2.5064158661467357,6.4992025757569385,0.025514751574135852,0.029965026422149262,0,0
1,2006-11-10,946,222.24097554076241,521.65940889126261,10.918583527159436,18.836639931201756,1.7511761871947777,3.0211130603370897,0.055496702760238999,0.070569604931406807,0,0
1,2006-11-13,947,190.97472194626388,233.15057753418282,10.591558805159176,11.944446567669123,1.6892438285740312,1.9050154015421252,0.42843662798065868,0.19748565499272686,0.66666666666666663,0.66666666666666663
1,2006-11-14,948,132.90198186255415,728.57100725502016,8.4815550733369118,26.172623266005228,1.3729753255098196,4.2367662106038404,0.087505734918824504,0.042817537749241817,0.33333333333333331,0
1,2006-11-15,949,293.14464246889457,133.89325911910291,13.988851936097376,9.7477526673780712,2.2391119545574032,1.5602645325935285,0.42368313111247691,0.068429438658014985,0.66666666666666663,0
1,2006-11-16,950,228.02303097329732,240.66324776030447,12.846977679065199,14.268574053975803,2.0704234776897987,2.2995284535013378,0.007660100585609504,0.18814372409970181,0,0.33333333333333331
1,2006-11-17,951,229.54842027101927,11.278830743536695,12.785532833784865,2.7956205724626293,2.0440500133948625,0.44694173820345789,0.32085534798735244,0.038171111397382995,0.33333333333333331,0
1,2006-11-20,952,225.11709420120829,111.89385069444505,11.524533943569054,7.7334916031164767,1.8454017523729469,1.23834933596741,0.080459483609057164,0.15820776322632704,0,0.33333333333333331
1,2006-11-21,953,342.51058525465538,168.73343605254024,14.300609718109058,12.179952318398326,2.2634709905205854,1.9278177142130939,0.19752732613815902,0.21919280073987521,0.33333333333333331,0.66666666666666663
1,2006-11-22,954,161.00979842632211,67.866153639480743,12.13369831742159,5.9953279204409,1.8973726845068946,0.93750241132774048,0.014588460530632877,0.026077256405421478,0,0
1,2006-11-24,955,98.528144889793637,194.74899060016844,9.6336373902178511,10.62476170124315,1.5082015483707008,1.6633677810165401,0.13906205392766127,0.22540936549552196,0.33333333333333331,0.33333333333333331
1,2006-11-27,956,110.50557563430489,668.04295063880807,10.124275055520306,19.237204810128066,1.5893681405840354,3.019969357947891,0.43453015843659887,0.068681745409510817,0.66666666666666663,0
1,2006-11-28,957,134.27450375558035,2789.1827297695022,10.263135538487139,42.191558582287485,1.6099036138803353,6.6182836991823502,0.43023431973774667,0.20567453119754633,0.66666666666666663,0.33333333333333331
1,2006-11-29,958,60.112695950662975,1440.586766173941,5.5606022915563171,27.442603138370185,0.85984263051744492,4.2434827800170369,0.35049502335591648,0.01614303720457937,0.66666666666666663,0
1,2006-11-30,959,131.58284536960375,767.99181638617074,10.003140525089899,19.881633065426172,1.541909907528308,3.0646062528595253,0.027414389782269826,0.10034704554471248,0,0
1,2006-12-01,960,193.13554512657308,11119.464270676906,13.17332734543902,80.684258969233269,2.0392147593558856,12.489823369850351,0.028649173813622402,0.038387600855495967,0,0
1,2006-12-04,961,264.60387711152612,15490.726181610686,14.907864755811525,96.035318459691965,2.3080762897989668,14.868449986018264,0.48766883894167345,0.16757191712824315,0.66666666666666663,0
1,2006-12-05,962,229.16261537268622,10662.846875777828,10.071572017271706,88.509176146540128,1.5835805058603312,13.916537129959138,0.55770243575765999,0.24622185061343516,0.66666666666666663,0.33333333333333331
1,2006-12-06,963,498.46749596113438,1543.4707398934161,18.937141845903017,28.416291149317999,3.0166693502035868,4.526689151623736,0.42850702207048902,0.066956555757475417,0.66666666666666663,0
1,2006-12-07,964,282.46757533736405,380.53144834552239,13.255973608265208,16.499447977428151,2.0796946357491697,2.5885547501456156,0.48921198751707728,0.11134600185816128,0.66666666666666663,0.33333333333333331
1,2006-12-08,965,255.76562196895694,2675.6752710925052,13.516415620352669,44.980179346299643,2.1565880527088424,7.1767338406541112,0.042028537722853414,0.094832612224945823,0,0
1,2006-12-11,966,166.67567576901797,99.680194790605881,10.43153454422505,8.7725853687071176,1.6610723796536704,1.3969084982017703,0.54508737381185746,0.18090186405358169,0.66666666666666663,0
1,2006-12-12,967,271.86197480768675,164.43424744484972,12.168090919467128,10.131747482867695,1.9500145704274245,1.6236774812287973,0.099160742708336705,0.11329972762933592,0,0
1,2006-12-13,968,290.87547433102151,240.5696276732441,13.730932799457719,11.662206429004755,2.1885452342138536,1.858815178355874,0.46916879966596631,0.22781785309870603,0.66666666666666663,0.33333333333333331
1,2006-12-14,969,195.47931989161421,528.97085961933146,11.061791649332994,19.624219988486441,1.7734335309551896,3.1461675332242791,0.14080165608385084,0.10675765204963968,0.33333333333333331,0.33333333333333331
1,2006-12-15,970,287.67802696132384,2089.6783953580434,12.504860472361429,41.897639447991345,2.0366222267689627,6.8237197798031515,0.34524913939582241,0.026216534171306927,0.66666666666666663,0
1,2006-12-18,971,315.20443431580912,793.83761274891719,14.895531904524054,25.075452199885792,2.4005692029853432,4.0411687671048817,0.34745577580577924,0.053516158239646762,0.33333333333333331,0
1,2006-12-19,972,427.40314332074416,2183.5452552902975,15.833754138269947,41.932977530611311,2.5569243662930878,6.7715748939218914,0.23983790296203619,0.20548247766411151,0.33333333333333331,0.33333333333333331
1,2006-12-20,973,359.54645599277592,1182.2669326179328,14.562141330797393,32.856254187196406,2.3468398599189997,5.2951255740848353,0.205923150257173,0.031514241189775784,0.33333333333333331,0
1,2006-12-21,974,238.40011941553408,2401.2972324607167,12.442458357440463,46.493056585528926,2.0076576615474728,7.5019050561563416,0.053707926780001712,0.11469105755506137,0,0
1,2006-12-22,975,230.36911679650629,1551.1959134369165,13.687107270964512,37.456821908200446,2.1777418092226752,5.9597170896102538,0.21515364267185985,0.047669813554612028,0.33333333333333331,0
1,2006-12-27,976,434.42857781648598,10.736303773972168,18.765917417879262,3.1259078281128723,2.9692907306770984,0.49460566900520125,0.12220284568541251,0.36018020939910683,0,0.66666666666666663
1,2006-12-28,977,237.49203171891372,63.461042751131878,13.893299784590226,6.6839833741502543,2.1855120000928467,1.051436742826845,0.49918676680061053,0.13665098280168878,0.66666666666666663,0
1,2006-12-29,978,109.40063736563123,17.544798373109561,10.018735189034336,4.1474504711874642,1.5935637329464505,0.65968672994869793,0.22651102742799678,0.2040185753823506,0.33333333333333331,0.33333333333333331
1,2007-01-04,979,188.69800693056879,181.4339026328945,11.647881873826995,13.3093039334157,1.9110552705212462,2.1836429751297293,0.43209854416263233,0.010925996052889712,0.66666666666666663,0
1,2007-01-05,980,278.86600289624647,122.83937649150262,12.13253344404086,10.040785675915155,1.9902449875395112,1.6471105111409374,0.45362274978462497,0.11250745218227247,0.66666666666666663,0
1,2007-01-09,981,483.70324211644964,157.61373616248167,17.534130767310824,10.251036271858803,2.882007029472522,1.6849172044475351,0.058907918123934616,0.18249167796094726,0,0
1,2007-01-10,982,314.27351468547971,54.50244749126341,14.864433398249426,5.2045243762654154,2.4288289866420634,0.85041247978193069,0.47390739200418608,0.11532721072728887,0.66666666666666663,0.33333333333333331
1,2007-01-11,983,382.24979517007358,85.666381342598868,16.606658672196925,8.7401968010747932,2.6795738075347999,1.410277821875723,0.23349125670175822,0.13689865385247971,0.33333333333333331,0
1,2007-01-12,984,470.49071207027782,56.460171816344179,20.164045009556009,6.2095693434365558,3.215699706491669,0.99028296681868377,0.047060647637749579,0.077907935777241075,0,0
1,2007-01-16,985,313.22217153828962,10.389032866715063,15.664802984292161,2.771013933206973,2.5003675952581261,0.44230070761484014,0.16317806776958102,0.12612238598858239,0.33333333333333331,0.33333333333333331
1,2007-01-17,986,120.54748453691343,33.01872161763341,10.109814893168883,5.599826012072147,1.5920968335699028,0.88186236410584995,0.26474859796825018,0.042588179199764951,0.33333333333333331,0
1,2007-01-18,987,67.5500758022459,185.35980204256541,6.3876788500478296,13.010281060811772,1.0155292289424211,2.0684071638810448,0.13643972567377888,0.17598106505525843,0.33333333333333331,0.33333333333333331
1,2007-01-19,988,77.441482806895138,60.202677591544081,8.797124070627282,7.3708560150080302,1.3767017324925324,1.1534985938979705,0.34847295665061001,0.028306008324125036,0.66666666666666663,0
1,2007-01-22,989,84.002824348517123,43.641431580786495,9.023509823644531,5.7376609850712912,1.4044373266372812,0.89302116499164075,0.14126919460533952,0.27639025970516373,0.33333333333333331,0.66666666666666663
1,2007-01-23,990,282.09024917647491,2428.1900610272655,15.953761774004874,43.728563137619098,2.4846226092516548,6.8102418840708765,0.22205420716220267,0.036021235249268833,0.33333333333333331,0
1,2007-01-24,991,231.87752978218165,460.11686247993254,14.004931519622232,15.490898860888061,2.1488195657264644,2.3768160891274355,0.27785086007498733,0.18999694931359037,0.33333333333333331,0.33333333333333331
1,2007-01-25,992,188.91895023149519,57.286690948280288,11.604874954764531,6.6025026454643312,1.7999030561868217,1.0240407360161816,0.013650402930438968,0.17689587013813887,0,0.33333333333333331
1,2007-01-29,993,46.097200597937196,88.344682793597556,5.522253753882107,8.3823459079961822,0.84892448176512036,1.2886004470401511,0.26383031312856625,0.081263184168607352,0.33333333333333331,0
1,2007-01-31,994,95.899150210902363,77.329240399161151,8.1160830353884794,8.5767200817983849,1.2569433228106675,1.3282824967939266,0.080824891910988766,0.10289899548831498,0,0
1,2007-02-02,995,186.39746964403949,274.26317947430198,12.659298675294812,13.489085086476697,1.9493838428233463,2.0771612390632428,0.18258954832947902,0.035493134608213212,0.33333333333333331,0
1,2007-02-05,996,200.68557055055388,358.76935310058815,11.940977638578184,15.438537591010951,1.8279338137892365,2.3633429148122391,0.2102621866637843,0.063631977627473385,0.33333333333333331,0
1,2007-02-06,997,121.7522536182471,869.97735491124138,8.4801041249083937,22.464196320993665,1.2971478584945917,3.4362059382017081,0.054153281716980715,0.089648115271209486,0,0
1,2007-02-07,998,139.07616205038661,3290.9886824705195,9.0332364132150733,42.048742794458462,1.3770177459169319,6.4098693284235466,0.059613910296577803,0.12211622030213594,0,0.33333333333333331
1,2007-02-08,999,96.870029781936182,514.29582532350082,6.837964394443854,15.683623899074632,1.0290390360336874,2.3602142812753399,0.056541716022489093,0.15747649854497134,0,0.33333333333333331
1,2007-02-09,1000,203.77296763850521,387.91169014861742,12.546026794497266,18.067283578026149,1.8787102118145054,2.7054931982668688,0.0035817170187012622,0.05843544678967829,0,0
1,2007-02-13,1001,174.99065894397685,169.574487739967,11.246175830324015,10.048659034994671,1.6829294171827931,1.5037275024309273,0.05021112503172747,0.024324875488353059,0,0
1,2007-02-14,1002,194.6556819294199,258.96567829507615,13.383117791831259,13.627054082049122,2.0132557791397154,2.0499517235124669,0.29052444774012609,0.033969060135499378,0.66666666666666663,0
1,2007-02-15,1003,526.97430968855247,736.23805810007161,19.056865151962558,22.738260371571567,2.7789814293784265,3.3158236050414236,0.22616974390725708,0.030058603605372419,0.33333333333333331,0
1,2007-02-26,1004,190.96998929935162,698.49134972995273,13.572296411678963,23.88485007921194,2.0071423264831356,3.5322168114776602,0.015329259878806215,0.086769459387606954,0,0
1,2007-02-27,1005,237.91150540419991,9566.6079943511413,10.569593332876329,76.195054210919125,1.5913269094965863,11.471703434344946,0.37308477319461808,0.14626730415108458,0.33333333333333331,0.33333333333333331
1,2007-02-28,1006,289.55132194963602,645.82991526884814,15.42812429845651,21.826468766701208,2.3013311901038946,3.2557381811905142,0.073515126369710262,0.13859128431420198,0,0
1,2007-03-01,1007,300.56137918919484,1078.3965549588036,15.636032366332984,23.171221533113528,2.398532346423222,3.5544134887426799,0.098261439984320575,0.10821314122148416,0.33333333333333331,0
1,2007-03-02,1008,1301.8180191016447,7476.8738324167416,25.132146370593585,61.781778716131988,3.9469409298144615,9.7026743174137398,0.19937867251137797,0.08670330839417327,0.33333333333333331,0
1,2007-03-05,1009,261.17884359354116,74.192788454665731,15.179471286891498,7.6678032552957047,2.3579761222355731,1.1911150687837988,0.23680298086463583,0.078242081755046891,0.33333333333333331,0
1,2007-03-06,1010,119.39756191406879,189.62766878783989,9.3212911193978698,11.966635338101392,1.4420314231741755,1.8512740312656859,0.21417317809412437,0.17033590318450934,0.33333333333333331,0.33333333333333331
1,2007-03-07,1011,145.27726589730273,1816.3219447407937,10.611348557882897,31.855127514310652,1.6219103642159567,4.8689533839221477,0.14731702861904158,0.095795852566934625,0.33333333333333331,0
1,2007-03-08,1012,176.01180021304469,947.56999589671238,11.044420770132925,24.330168875884436,1.693280302051809,3.7301907053866512,0.18435766626781516,0.063897321210937885,0.33333333333333331,0
1,2007-03-09,1013,20.770942825325552,74.041324945497351,4.0095658494631152,8.2305872019784001,0.61899897328647091,1.270642563022524,0.43175625256856515,0.17083738930932724,0.66666666666666663,0.33333333333333331
1,2007-03-12,1014,80.962628049630695,164.34489254670288,5.8603607636705801,11.44776728686198,0.90048567358183462,1.759030007200673,0.31263686199373253,0.029083341668832696,0.66666666666666663,0
1,2007-03-13,1015,175.19119636973505,811.69216633799033,9.5554232671856507,20.215011176452361,1.485491374611061,3.1426367938519024,0.3158693157564787,0.24868032478144042,0.33333333333333331,0.66666666666666663
1,2007-03-14,1016,74.301138511307329,255.3591481081381,7.5280394866269189,15.859024334340688,1.1608387797420074,2.4454933437688031,0.3426949119878977,0.010053129479256658,0.66666666666666663,0
1,2007-03-15,1017,172.73877177854794,372.33263494413126,9.1209670795514821,19.250110051606118,1.3963513593924499,2.9470468541956705,0.18932747008806947,0.053177202644278949,0.33333333333333331,0
1,2007-03-16,1018,305.41714543953668,720.05709199939372,13.521929323734222,26.240004739932754,2.0518860885787897,3.9817913110671856,0.038577073069671633,0.038754139981101859,0,0
1,2007-03-20,1019,276.03138081652446,834.47336988826476,11.868317075570758,27.938933768402951,1.790093073238425,4.2140171596384546,0.26508005160856435,0.097674482995890433,0.33333333333333331,0
1,2007-03-22,1020,131.50130707732666,241.10456861123066,9.4453444368092878,14.246776054844418,1.4392905808471295,2.1709373035953399,0.32421438917124257,0.14736791909774805,0.66666666666666663,0.33333333333333331
1,2007-03-23,1021,226.99364017997104,40.538534275284398,13.958471450270812,6.1482011775020355,2.105350143328931,0.92733049434419845,0.42121912332204586,0.060839596665728718,1,0
1,2007-03-26,1022,513.00227733886788,1180.431301839131,20.814992777753407,26.040263328777694,3.1218586843274703,3.9055513054034789,0.17840244346210235,0.08288108660860409,0.33333333333333331,0
1,2007-03-28,1023,901.86625827046794,4219.0003570065246,23.799687602351508,51.417059135790815,3.6005578823527244,7.7786776302255403,0.32346973205184332,0.0454683981734606,0.66666666666666663,0
1,2007-03-29,1024,319.12790812930007,5195.3000801354356,16.520548630416631,54.378542740404633,2.4964939373504547,8.2173846226527587,0.23384439732741527,0.11295242723625099,0.33333333333333331,0.33333333333333331
1,2007-03-30,1025,496.58949291135974,5629.3930725398959,19.325709218119982,48.8983447454901,2.9094029684787333,7.3614369206609105,0.094582265002778665,0.17880890380006156,0,0.33333333333333331
1,2007-04-03,1026,697.0859705335364,3875.2377978644836,23.316646865476287,45.541700215253705,3.4684487713612921,6.774518440350124,0.12420642736063987,0.10969755745585752,0.33333333333333331,0
1,2007-04-04,1027,309.55363473746644,1790.6234903514987,15.093663560556024,28.054539256323853,2.2410784796668186,4.1654846705751822,0.089037043149523154,0.031985064037361545,0,0
1,2007-04-05,1028,306.4966589175462,1930.788097335402,16.30486001940513,28.210527405394789,2.4069766783887117,4.1645301749918504,0.19397620177736327,0.10721737964260897,0.66666666666666663,0.33333333333333331
1,2007-04-10,1029,258.83403225656718,1519.3934435187828,14.458398701564571,36.5422928541307,2.1318783104636641,5.3881292913787524,0.092250086039562321,0.027440852969248936,0.33333333333333331,0
1,2007-04-11,1030,436.05131630813207,1442.5410126255154,18.368291239887867,32.616881679461208,2.7121877061480792,4.8160770290824964,0.5037869811282395,0.26717165080408561,1,0.66666666666666663
1,2007-04-12,1031,358.71229169110421,349.76389233399345,18.103990781114362,17.989828179490321,2.6555175329834046,2.6387720101929335,0.058640797677115573,0.094194137030210345,0,0.33333333333333331
1,2007-04-13,1032,356.43607918560787,768.7799242340958,18.401848470199337,21.975823666281297,2.6805314596066037,3.2011396454888996,0.1653412103498289,0.16882186500837695,0.33333333333333331,0.33333333333333331
1,2007-04-16,1033,336.33475759853872,376.58881663312496,17.985048086104371,19.131051774857269,2.6141058264686587,2.7806761300664635,0.13855285078965071,0.011745304127336043,0.33333333333333331,0
1,2007-04-17,1034,297.85012487695025,219.8463886416246,17.110066699974823,10.974075981223526,2.4842202105226603,1.5933322658763742,0.10981489746924235,0.055797170818251814,0,0
1,2007-04-18,1035,314.52029820168178,840.39526179889469,14.331403755707584,27.304555358292721,2.1016870150619713,4.0041876167022616,0.27492722082004645,0.0075517027407994292,0.66666666666666663,0
1,2007-04-19,1036,291.24839141883672,1377.2900081106352,17.005517085637546,34.178813038450279,2.4595772469825783,4.9434210353558408,0.32914297519934033,0.17849201557090166,0.33333333333333331,0.33333333333333331
1,2007-04-20,1037,196.76925481705794,788.80918826277195,13.525219466285838,27.461385773378652,1.9638767919683222,3.9874235187133222,0.048781865009569748,0.013990317483294259,0,0
1,2007-04-23,1038,191.96115003312411,565.13625555634962,13.467979765551869,22.472038507139093,1.956417746303293,3.2643867674519313,0.32927292351938864,0.15617876913689657,0.33333333333333331,0.33333333333333331
1,2007-04-24,1039,178.7038767005713,431.89113014934492,13.267114167873084,20.321460159626287,1.9396365742504509,2.970973707547703,0.58223935274842786,0.27986338796083815,0.66666666666666663,0.33333333333333331
1,2007-04-25,1040,416.30478932903611,260.77087681562688,15.518520058005757,13.394947196451653,2.3058722225862938,1.9903339073479429,0.23336207049254062,0.097030698310038341,0.33333333333333331,0
1,2007-04-26,1041,262.58742090452319,397.18848328620055,15.708333079956333,18.29706089766167,2.3185731483330381,2.7006731952268148,0.51618963392003736,0.076301885612777731,0.66666666666666663,0
1,2007-04-27,1042,288.86880936422415,758.34694089294146,16.870449630281808,25.499395695538169,2.465538857184042,3.7266197582079896,0.20692532134701166,0.059921106116782773,0.33333333333333331,0
1,2007-05-08,1043,448.41688486512345,1229.450189704369,19.550373078136925,29.996074552965904,2.8624265121723167,4.3918117939920798,0.034114120654732245,0.1296110967279191,0,0.33333333333333331
1,2007-05-09,1044,427.37860155639095,765.45982264343422,16.602915790305627,25.353883206314396,2.4651693823764851,3.764496392919733,0.42678891104627542,0.14012293673582951,0.66666666666666663,0.33333333333333331
1,2007-05-10,1045,408.65477047233298,227.18811631829371,12.90048161271875,11.237058123266024,1.9283231110192449,1.6796798390532175,0.36347503976626133,0.063657994395557374,1,0
1,2007-05-11,1046,451.77082052522809,275.21869618787611,15.914088219243505,13.223338117822815,2.3745282332502993,1.9730435866641025,0.21266182436244174,0.035830801322527285,0.33333333333333331,0
1,2007-05-14,1047,506.15662823717344,222.43238977587939,17.752170102538191,11.483945825184,2.6565162891938932,1.7185104115501684,0.077969563779268211,0.046405091217415366,0,0
1,2007-05-15,1048,289.56011265182059,184.37764952191938,13.873732210286903,11.960762460539248,2.0776835957000226,1.7912036631283037,0.24295538750197151,0.019244535590444381,0.66666666666666663,0
1,2007-05-16,1049,260.61148341884603,14155.327075562011,13.479883350079982,75.340078654302985,2.0525136429508919,11.47165263103205,0.56987084172264069,0.063015562155895113,0.66666666666666663,0
1,2007-05-17,1050,552.1908644833369,1834.7011393738303,20.45093549705901,30.356719795627367,3.1127755703286168,4.6205052961381075,0.32845891754894296,0.043209690685744366,0.33333333333333331,0
1,2007-05-18,1051,310.54244158074806,1711.5618663362291,15.358441068838223,32.969327035153505,2.3341095849298212,5.0105360235795606,0.083794739642884711,0.12537368061756105,0,0
1,2007-05-21,1052,292.17760282916601,2247.4230719447601,16.943000500855874,33.729449871407418,2.5593656345703741,5.095083062146136,0.1690624740077821,0.29312327053517523,0.33333333333333331,0.33333333333333331
1,2007-05-22,1053,222.16830316073325,221.56201134048305,12.976969558494185,13.452388433133251,1.9601192596471846,2.0319293758980819,0.060429338163444424,0.25101881090751271,0,0.66666666666666663
1,2007-05-23,1054,173.30726883565762,3010.4259300865069,11.465011876407553,36.621746427162144,1.7397590100770188,5.5571694123159538,0.056142152701078252,0.16765485133146765,0,0.33333333333333331
1,2007-05-24,1055,177.83016009077051,4297.8927899117507,11.085916646026059,39.259051640528547,1.6917315193081122,5.9910043705979774,0.39399013311148173,0.081752505229520891,0.66666666666666663,0
1,2007-05-25,1056,153.26123932307482,759.14033732838561,11.54439697854275,20.150049560566497,1.7487536133519275,3.052344097639399,0.13655202436138228,0.038949191356056401,0.33333333333333331,0
1,2007-05-29,1057,336.87779262824643,1027.6665781939771,12.014346485555848,28.982944633335705,1.8408559695940931,4.4408097193496827,0.086527406041110075,0.22629496814685202,0,0.33333333333333331
1,2007-05-30,1058,522.10699389604679,4400.9107577992281,19.702039535197855,45.774033177236561,2.9892337331509409,6.9449299313058042,0.157006698839563,0.00023281476895023673,0.33333333333333331,0
1,2007-05-31,1059,369.42824600465082,195.55520873783459,18.155054846970149,13.601297384135743,2.7239392118484851,2.0407047838163157,0.27082373785166086,0.14199854646256474,0.66666666666666663,0.33333333333333331
1,2007-06-01,1060,271.65824216576448,784.69323029883037,16.481362978064226,23.353700118694217,2.4558728919779802,3.4799135924145754,0.31279347862982726,0.20686916029709726,0.66666666666666663,0.33333333333333331
1,2007-06-04,1061,151.6307815925729,489.26544914120723,11.855755287784026,19.886046566773945,1.7655629616953128,2.9614365698844303,0.077595278962534431,0.056994276776014353,0,0
1,2007-06-05,1062,558.24611325009778,931.43290690935544,20.53391959502585,20.669061546500149,3.0661370158318424,3.0863164919367101,0.46467578200862042,0.28966043686484017,0.66666666666666663,0.33333333333333331
1,2007-06-06,1063,667.71137312389203,1049.5027281728733,20.893992598842562,22.767217290041572,3.1243353418830004,3.404443706922105,0.029630958697886612,0.017872495559901402,0,0
1,2007-06-07,1064,555.97421622215631,1343.4962053495678,17.77402130712456,23.392134799834366,2.7125557126477773,3.5699557115351954,0.034759010096088457,0.0043766848312937374,0,0
1,2007-06-08,1065,518.39223356742491,3861.3622642635041,17.38671187660513,43.970226105793017,2.6736447603575471,6.7615294642154424,0.086188419662399096,0.00083451062417014461,0.33333333333333331,0
1,2007-06-11,1066,342.97385542222719,1503.6190310745562,12.088995956003677,35.573591230061162,1.8677475405181421,5.4961129749032303,0.2869746440622723,0.024986041156652049,0.33333333333333331,0
1,2007-06-12,1067,177.30476242454651,130.83779144480266,11.608575713326408,9.5809747071615075,1.7924149947234476,1.4793445081697687,0.1489152938848585,0.022937919607025584,0.33333333333333331,0
1,2007-06-13,1068,168.77198895737894,224.5785141530437,10.70647156342371,14.413235702731717,1.6389546978069207,2.2063889326799413,0.21753523168523514,0.026346841758226231,0.33333333333333331,0
1,2007-06-14,1069,158.47267808853908,118.72168170302096,10.702153168589993,10.229618161320181,1.6386699079145599,1.5663172808636012,0.14749831430637686,0.14292843244780098,0.33333333333333331,0
1,2007-06-15,1070,336.4036291604653,229.52989012481112,13.53379613114843,12.150115485383404,2.0630786785287243,1.8521517508206411,0.36876948754877398,0.09642584594075114,0.33333333333333331,0
1,2007-06-18,1071,214.82697671958181,2216.2412808514268,10.753690398796076,36.494443080707775,1.6385327439884321,5.5606343258735,0.15864407437431172,0.12990887152286082,0.33333333333333331,0
1,2007-06-19,1072,295.67679787766752,744.89685687956273,14.042236718423473,17.701155720370782,2.1350519565795154,2.6913723157018068,0.17825220317263454,0.34869469787224477,0.33333333333333331,0.66666666666666663
1,2007-06-20,1073,170.89821728375216,6095.0515068608156,10.847702285175728,46.910600910535017,1.6675945096350082,7.2114682414350533,0.11400966450467519,0.066171179543389677,0.33333333333333331,0
1,2007-06-21,1074,145.84904414736494,1416.7586319860686,8.9765480075147934,29.045213348462273,1.3749786333024117,4.4489872633012597,0.13596914384897826,0.0098410826491008036,0.33333333333333331,0
1,2007-06-22,1075,341.16712048049021,1896.1569229748218,13.401653284879785,35.966999896395237,2.0594165631778387,5.5270072833492492,0.22992797746983826,0.17475342976732086,0.33333333333333331,0.33333333333333331
1,2007-06-25,1076,214.16424695349215,2292.1566733209006,11.74263196431798,40.189620640553585,1.8149353886117432,6.211687888802718,0.11721515442783094,0.023958012333338035,0,0
1,2007-06-26,1077,309.54310902710682,2038.3832377043389,14.51669618007395,38.280177288536493,2.2608154773514948,5.9617158212952015,0.14767364242143963,0.011370909191157312,0.33333333333333331,0
1,2007-06-27,1078,292.75707134027817,8470.313975341307,12.901534160124848,66.28477623101719,1.9932845361336191,10.240985126460748,0.034934484518217103,0.00040302024458565926,0,0
1,2007-06-28,1079,114.71374880852426,574.40241551180532,8.8350884440037962,22.756783559177091,1.3581996070720672,3.4983525840395218,0.30916575405509988,0.19923051062068833,0.66666666666666663,0.33333333333333331
1,2007-06-29,1080,179.00692347069818,134.81055420518581,11.234609077183109,10.81238268664155,1.7158624020134567,1.6513757444278809,0.25293056978824496,0.15461957760081962,0.66666666666666663,0.33333333333333331
1,2007-07-02,1081,507.43859191986911,930.36241704296469,15.847376049277841,24.299196234928104,2.4222202597291314,3.7140536851246626,0.3701440936099028,0.052366396210530242,1,0
1,2007-07-03,1082,326.41443628495898,1316.321345511416,12.606131572897766,30.789764466375384,1.9364257408445111,4.7296105171083527,0.10780488265465547,0.12461830110308096,0,0
1,2007-07-05,1083,471.29175253302645,487.70576068889028,15.56482844895273,21.998962407607866,2.3992028437692068,3.3909768643711549,0.24504267590477036,0.065234674211224017,0.33333333333333331,0
1,2007-07-06,1084,314.04957696531318,2797.9184666685928,14.761982887008458,43.479717731407163,2.2324359753509957,6.5753826436910643,0.35791453461811423,0.047782514842490464,0.66666666666666663,0
1,2007-07-09,1085,263.75016291930172,2368.1836057201544,13.973225547700016,42.591109707790487,2.1117161172283532,6.4366192697280455,0.076337002216481056,0.12515792293426395,0,0
1,2007-07-10,1086,263.38815041805327,1080.9412451742571,13.154810983087751,30.671507333386444,1.9841343865894048,4.626170035201576,0.29476583267624651,0.1590588601136077,0.33333333333333331,0.33333333333333331
1,2007-07-11,1087,403.07657304758453,2852.2415469193597,16.416077173619744,48.621015003162292,2.4602588495496058,7.2867763211933001,0.57266085266652278,0.37339535148128195,0.66666666666666663,0.66666666666666663
1,2007-07-12,1088,456.90846253650534,11328.566217581378,17.028453450748202,95.602957101286052,2.5549067442983051,14.344029572586054,0.032894812106441081,0.14194393175865258,0,0
1,2007-07-13,1089,738.61215075273822,4466.9864096159927,19.187324867461598,52.910228572662085,2.8788184347279215,7.9385189156282197,0.036756194689635785,0.068298800299139747,0,0
1,2007-07-17,1090,635.58706533828683,3594.3877399284484,20.410222400105038,40.039482174994497,3.061150716176233,6.0051716797892007,0.18339304361422903,0.085486941069841019,0.33333333333333331,0
1,2007-07-18,1091,467.69169551942986,10279.894434528152,18.461678196448247,66.917717779763734,2.7370909112599331,9.9210849191643788,0.27749064714751798,0.078451440467739594,0.33333333333333331,0
1,2007-07-19,1092,466.18547561054146,9092.0223124012755,20.205607139140664,63.045446727663034,2.9644376671274446,9.2496254001853035,0.051945263491064757,0.068016830693899952,0,0
1,2007-07-20,1093,155.61123728368375,8594.5985278839744,10.741843432362126,64.523579798966765,1.5750503566513385,9.4609354543939546,0.02854798164006422,0.055448998742596213,0,0
1,2007-07-23,1094,251.669819562577,1856.6318383801488,13.59834230952697,40.262784354374958,1.9871901665244733,5.8837913713831602,0.032793085028622188,0.04883971304870921,0,0
1,2007-07-24,1095,264.41219850555677,1646.0555909647555,12.659334187361688,32.481264286747169,1.8761517876786498,4.8138220506479685,0.041134779348746368,0.042621679634591077,0,0
1,2007-07-25,1096,593.29299061326049,5259.2309232222142,15.975939056825988,54.19771835008877,2.3844685159441776,8.0892116940430991,0.0035807356014545375,0.004990187148959266,0,0
1,2007-07-26,1097,739.95936124193042,483.9533724083758,19.887922481974176,18.832493402376031,3.0110404968923814,2.8512480548638961,0.040089381624938719,0.018816705487255531,0,0
1,2007-07-27,1098,682.74479700619804,3697.1592653093217,17.176696929510246,41.809656331337543,2.5966284096009447,6.320431796120566,0.014691752996543087,0.0382359961363486,0,0
1,2007-07-30,1099,466.32504170089288,6598.4162161686918,13.948408215098425,54.910034119903081,2.0959291082041211,8.2509442704587652,0.14405154105542664,0.12715531310374487,0.33333333333333331,0
1,2007-07-31,1100,457.25796415500548,969.68531062428667,15.075542310092374,27.870602227486717,2.2644449583315622,4.1863465606438934,0.12721223575439294,0.022006585370929751,0.33333333333333331,0
1,2007-08-01,1101,455.33072119569965,6555.0823905869047,15.582801280331713,55.202579059333061,2.3388819932955665,8.285565337235731,0.042751030926335976,0.088068318742667837,0,0
1,2007-08-02,1102,240.05990012648934,5371.1538217070311,10.023965235034476,52.735266293396762,1.494998543629303,7.8650658155699871,0.043931616146279752,0.13868888097641044,0,0
1,2007-08-03,1103,283.64550895109443,5118.0536984293585,10.961905587932696,47.218525532753119,1.6324505715461946,7.0317982922938382,0.17818933588627675,0.13116363199982103,0.33333333333333331,0
1,2007-08-06,1104,441.35635374371765,3855.6422445225148,15.793323051301854,40.977112462930528,2.3642699178595592,6.1342982728937914,0.34207475358097966,0.14897483015045979,0.66666666666666663,0.33333333333333331
1,2007-08-07,1105,328.12884663708928,910.66970216426341,11.930371905378744,26.672946954086381,1.766154242099,3.9486227911304783,0.089564389744989134,0.10190262461975737,0,0
1,2007-08-08,1106,475.78174068196682,434.27619651935805,19.628716937414122,13.284957872751269,2.9623780466969696,2.0049740224496326,0.08543042369765437,0.061353221832035863,0,0
1,2007-08-09,1107,137.63025304586702,64.002333267887323,8.2634363299047209,6.8460159293652323,1.2361161301278565,1.0240861524854499,0.057387040332122906,0.025610710142466409,0,0
1,2007-08-10,1108,441.40426080569006,126.28874861704294,13.119185658695605,9.7763244121116113,1.9617473882161649,1.4618802859232314,0.27421617647532237,0.37194345295058823,0.66666666666666663,1
1,2007-08-13,1109,210.34507533650108,135.09456857599886,11.930855758941675,10.194930062339571,1.7851209334842038,1.5253879048910857,0.38810712629843397,0.17967190440612466,0.66666666666666663,0.33333333333333331
1,2007-08-14,1110,278.17105583824645,257.64798839554408,11.407559464534643,13.952024612046822,1.7225457855091948,2.1067609833215286,0.34581092081305781,0.21984769400199658,0.33333333333333331,0.33333333333333331
1,2007-08-16,1111,428.04625516905929,1285.1166647902837,14.841933928802897,31.363242136012406,2.2573283541905549,4.7700748495836365,0.05435918645620727,0.075105651478245813,0,0
1,2007-08-17,1112,465.19852945913794,1141.3945917968028,13.975534731993244,27.689355840525952,2.1255566132309114,4.2113088730837953,0.12698360860837751,0.023926837150309407,0,0
1,2007-08-21,1113,229.6957543086148,154.95853408652161,11.048930395070593,12.059382124642752,1.6753495671069893,1.8285643858442384,0.40626888390115168,0.036828205598889378,0.66666666666666663,0
1,2007-08-22,1114,185.63165394238845,148.14130833948713,8.6190456275797178,11.511562142160605,1.3044336931637863,1.7421963136073557,0.12931032616291119,0.1337509503527502,0,0.33333333333333331
1,2007-08-23,1115,331.61601975725551,185.86160826571276,11.739601474006804,12.524742239915213,1.7764396571092991,1.8952473692842873,0.15733030144668739,0.11116349840568429,0.33333333333333331,0
1,2007-08-24,1116,394.72891991254875,136.74745967010003,12.717937207261912,10.454597899076665,1.909600181270557,1.5697594443058056,0.14597988343052806,0.21649408087751543,0.33333333333333331,0.33333333333333331
1,2007-08-28,1117,444.75898771663265,878.24260905873746,13.964402034462561,24.748912454140964,2.1022810740628621,3.7258430491744021,0.17161522415452293,0.098386990910799124,0.33333333333333331,0
1,2007-08-29,1118,397.39071839569834,1214.1764144337503,12.666974219278396,29.874982828622631,1.9019480809727325,4.4857331574508459,0.25175913596649685,0.02905071246681205,0.66666666666666663,0
1,2007-08-30,1119,412.52088783570008,2601.2556375915688,15.926065551156134,35.234061215615533,2.3699502308268059,5.2431638713713591,0.44973885426770721,0.17423069191990934,0.66666666666666663,0.33333333333333331
1,2007-08-31,1120,354.59115346534617,2418.4141531788805,16.620685407424578,34.416886227332462,2.4487197653664206,5.0706278051318536,0.27194556077147447,0.065050259957943932,0.33333333333333331,0
1,2007-09-04,1121,208.53629677046038,973.3509270450586,10.928365472186252,24.828722557712354,1.6065219363743113,3.6499408390609855,0.13301304935419234,0.09394650877954884,0.33333333333333331,0
1,2007-09-05,1122,251.74875840545948,9520.0265024837663,15.759584955657109,89.505552922699508,2.290138044853173,13.006692279691856,0.093863481535907942,0.25782203733945169,0,0.66666666666666663
1,2007-09-06,1123,291.32550130270846,2622.3210290527095,13.294530205025959,49.287149526239467,1.8897697519582033,7.0059914038719926,0.04811160647561568,0.028977754980139436,0,0
1,2007-09-10,1124,1015.0903788723182,4112.3095360694233,26.227549691799556,62.978580490719914,3.7247106002697663,8.9439154286330922,0.0048194387447811115,0.0077801291878273572,0,0
1,2007-09-11,1125,1216.1995133117923,6039.2639030194159,25.931992802480824,77.628843414002063,3.6730867992182472,10.995586885835985,0.011449358994726077,0.0098061447709435427,0,0
1,2007-09-12,1126,898.15089801005388,5143.471046894455,20.225281855311284,70.522534853914706,2.8708703840044407,10.010295933841689,0.030246405519669839,0.0099281410477493389,0,0
1,2007-09-13,1127,948.53255365148379,7985.9452546961829,24.097030884541521,86.893731476878656,3.3638627604580886,12.130066514536002,0.70958238859632772,0.5507837187908502,1,1
1,2007-09-14,1128,963.82249313848445,10335.237061688293,21.331741751766646,89.50793894528924,2.9845039177008257,12.522971520851939,0.00043391045406545263,0.0044803859594761278,0,0
1,2007-09-18,1129,324.03735542299256,10080.735406075788,15.41182903966353,92.589629231377558,2.1253297993054585,12.768341616407303,0.58079614397318347,0.14762999446893368,0.66666666666666663,0.33333333333333331
1,2007-09-19,1130,479.48234437130986,11325.293498444473,19.159418470978835,97.609222494384426,2.6084980899903112,13.289206602366837,0.042474812042271846,0.016828569111378918,0,0
1,2007-09-20,1131,200.66158401352303,6907.9063338880624,12.008293500199821,80.804735820579481,1.6293478290637478,10.964007574027065,0.0013655655889103335,0.0052815649490585868,0,0
1,2007-09-21,1132,425.7626646422928,4279.1533289098179,19.132926845906621,55.938356292659329,2.6263454833090756,7.6785664094247528,0.048650418594259476,0.013021925565495302,0,0
1,2007-09-25,1133,520.28511975379615,1794.2633283691255,19.093807729783709,34.996499523755915,2.5986808750981574,4.7630485911882836,0.56228829350143095,0.40211145132736048,0.66666666666666663,0.66666666666666663
1,2007-09-26,1134,160.32937969559623,2767.9743054703199,10.622257115064599,41.015882707837285,1.4516237943374921,5.60517700141268,0.11511508467799973,0.0047830634707724928,0.33333333333333331,0
1,2007-09-27,1135,390.37812774761943,126.61611923739537,13.675485593322037,8.9953957769959061,1.8449221711058399,1.213544118313107,0.39396962460402052,0.10387756458649168,0.33333333333333331,0
1,2007-10-10,1136,387.25143882681823,3354.3693954044502,15.831422081392589,52.556910748909331,2.1136745101992775,7.0169440252215383,0.25167977759025306,0.084374559566198201,0.33333333333333331,0
1,2007-10-11,1137,592.34716879756445,2435.6050929888429,20.450321644420796,45.753143694916993,2.7285285716371974,6.1044888185346222,0.084233170393832713,0.01204585077982142,0,0
1,2007-10-12,1138,558.04583065174324,2961.4532721637502,23.086061624219877,47.147146313419547,3.0422430815338832,6.2129730926295776,0.12792994307460359,0.0029469518544348035,0.33333333333333331,0
1,2007-10-15,1139,311.16330454886503,4789.7277723671459,17.53683065607682,61.832869695113118,2.3173875990851434,8.1708450208276329,0.044498258069050188,0.01329697866334899,0,0
1,2007-10-16,1140,95.854987067580041,6148.5082023984769,9.0018310753776714,64.045250778494434,1.1805680098855964,8.3993771512779585,0.63712689118196331,0.21011944321650353,0.66666666666666663,0.66666666666666663
1,2007-10-17,1141,131.23724095692603,7000.8471161923489,10.561753450221167,75.323253725656855,1.3821570961488145,9.8571293235172224,0.025603691945833503,0.013133764520346231,0,0
1,2007-10-18,1142,110.55402489631338,1666.3988907373789,9.5591866989647087,35.311947318722822,1.2528422934422947,4.6280402776832004,0.041147604882926507,0.0064933475208440797,0,0
1,2007-10-19,1143,261.33569007973887,109.38223741619527,13.034450284164526,8.6510936895532495,1.7350349795892879,1.1515598921202328,0.30969724922937708,0.42865658434745479,0.33333333333333331,0.66666666666666663
1,2007-10-22,1144,178.47112585362413,4693.5308706371552,13.157481142552493,53.065348526769561,1.7369612069376228,7.0053265381874015,0.4328233964531269,0.20815560729842178,0.33333333333333331,0.33333333333333331
1,2007-10-24,1145,455.1935581756141,1551.8294267475767,20.070555155877628,38.899790138017956,2.6150560463684207,5.0683765652140664,0.022869362635974593,0.027652381470622923,0,0
1,2007-10-25,1146,764.62074951510294,2021.8070504529012,23.380769850533813,39.109679895733279,3.0008047039124452,5.0195315273995105,0.10396806249229555,0.0080300193542451274,0.33333333333333331,0
1,2007-10-26,1147,738.57479101743411,203.27462578146424,24.767051316663544,12.144756009810331,3.1410337751000057,1.5402353848839991,0.056688387433541522,0.0073572155654359024,0,0
1,2007-10-29,1148,503.3778088512517,1125.6087876147649,20.145848649260227,27.706459525348162,2.5720840918302237,3.5373711491028614,0.061242147217575149,0.097235592931110726,0,0.33333333333333331
1,2007-10-30,1149,58.993809531424382,4946.4966225397839,7.3563017420289425,43.924587711948256,0.93176716175160756,5.5635956569915459,0.38177605505598278,0.16921518725940718,0.33333333333333331,0.33333333333333331
1,2007-10-31,1150,48.511803646193044,1623.6460275966299,6.6857257479616692,31.240082987504973,0.84602666851776898,3.9531898750401737,0.095064431669817262,0.019301626460735796,0,0
1,2007-11-01,1151,626.7289504920617,703.22122126957311,20.847805483246663,23.993916795441162,2.6174269282167817,3.0124189322587775,0.06253525435414127,0.021989931424820214,0,0
1,2007-11-02,1152,551.15440914864155,623.47721588883212,17.919121971475988,22.26858882222723,2.2266693968904612,2.7671436871360329,0.017447324317698677,0.0059984666166264322,0,0
1,2007-11-05,1153,590.49652546298319,629.34580788134269,19.517925880138137,23.384437245710199,2.3730001070076763,2.8430926742504798,0.061032926597549129,0.053173981563106487,0,0
1,2007-11-06,1154,889.1829398653075,1286.2790548885052,28.148141951727741,24.929075682248897,3.3730547575467633,2.987306852276681,0.022643718652837163,0.021958434976628916,0,0
1,2007-11-07,1155,958.16951161901954,3068.3017309722222,27.776616013346864,33.372884521326682,3.302415409980604,3.9677665582364381,0.061930673718386918,0.0055349078716275231,0,0
1,2007-11-08,1156,476.98304479903032,2964.8419666338327,17.964592296322508,41.583469890750926,2.2357924450930318,5.1752918345676324,0.011248278714613766,0.012948346729249048,0,0
1,2007-11-12,1157,376.63376176279417,471.3405809188742,15.590844878612529,16.134901052053806,1.9385570256279179,2.0062046692015922,0.55538436974820937,0.10829441606670916,0.66666666666666663,0
1,2007-11-13,1158,504.58374051188093,13681.555268538677,18.211252109136165,87.387009233744109,2.2386296384924602,10.742103163336708,0.1991085713371421,0.022427047634584935,0.33333333333333331,0
1,2007-11-14,1159,488.34035893981218,1107.6055450919255,17.550513804428533,25.965324241706185,2.2103921668046014,3.270191969988185,0.23404150190161965,0.12231338658149622,0.33333333333333331,0.33333333333333331
1,2007-11-15,1160,554.17533744451191,10825.680607536424,21.169435136479326,101.92205802747337,2.6805236006938049,12.905610386511347,0.45178384978197439,0.082370042493650861,0.33333333333333331,0
1,2007-11-16,1161,350.77009189662931,13315.077985395161,15.486433354438267,112.3572601467157,1.9883717473760374,14.426046112437016,0.45088513033729544,0.23244896559885531,0.66666666666666663,0.33333333333333331
1,2007-11-19,1162,485.23321111477389,6823.3217008473175,16.891116013589226,67.44608988627958,2.1233332512368608,8.4784525312733603,0.49124181162700681,0.096600522683269338,0.66666666666666663,0
1,2007-11-20,1163,666.26038443526772,22751.703014943556,21.746846449802092,147.77698913479537,2.7251687280453751,18.518419691077117,0.10432051821690548,0.048108962778450781,0.33333333333333331,0
1,2007-11-21,1164,1700.6893522835751,7062.4818557946155,36.840609242790116,70.017198957626348,4.4386276196132668,8.4358071033284752,0.015041472744129094,0.032679691790323817,0,0
1,2007-11-26,1165,805.94097875625675,458.79341139372355,23.168465727652386,17.613503491799975,2.8576584307927706,2.172495034449581,0.11111564310200445,0.024777337854404502,0.33333333333333331,0
1,2007-11-27,1166,255.49356031427087,5774.2257286979921,11.261656221197882,68.310233501915377,1.4046343899217815,8.5201413784740101,0.48429221109653547,0.09231412004213857,0.66666666666666663,0
1,2007-11-28,1167,306.30079005868117,1333.6015766620287,14.629977950398635,29.444084243161722,1.8414069163497337,3.7059892061877555,0.47206217867771522,0.20252181958128193,0.66666666666666663,0.33333333333333331
1,2007-11-29,1168,110.07984270000213,12049.616412546946,9.7885852645198757,97.555969433712292,1.2493408123190652,12.451304331041776,0.13922090665167261,0.022489180558666739,0.33333333333333331,0
1,2007-11-30,1169,323.83731784279632,11377.358135903391,16.858856698555922,105.90453840051612,2.1496788904757307,13.503925840040308,0.22752890879385412,0.027072473398421861,0.33333333333333331,0
1,2007-12-03,1170,672.56492094736279,13865.908256078217,21.152508466295558,116.1315142588597,2.6523521587831422,14.561945361612501,0.2334643697408646,0.19779412901527968,0.33333333333333331,0.66666666666666663
1,2007-12-04,1171,585.40668593500584,5045.3336094082742,19.714498847324119,63.216136106310842,2.4860654284141384,7.9717700007958188,0.21759764267642168,0.13075999974667907,0.33333333333333331,0.33333333333333331
1,2007-12-05,1172,754.2640441109844,8401.6655001323979,24.259287340754479,87.945917147771141,3.0267357879918251,10.972665894918421,0.53100891437094155,0.1333337460786351,0.66666666666666663,0.33333333333333331
1,2007-12-06,1173,535.18978105868098,3621.2023691400173,21.505775685841893,48.968650847438916,2.7136625471093869,6.1790095706547534,0.0050131483224622299,0.026399638869027159,0,0
1,2007-12-07,1174,981.62892585977613,5816.8680126665677,26.792517839934742,68.945200068303052,3.3097613143835383,8.5170105087465178,0.29321455305723182,0.1427700772782067,0.66666666666666663,0
1,2007-12-10,1175,906.29541647348117,2528.0028557584728,23.859280478463006,41.564798578742433,2.9501428721438026,5.139387768623485,0.29643524997485371,0.18897222031417674,0.33333333333333331,0.33333333333333331
1,2007-12-11,1176,1258.6761919935072,2369.9464549682589,28.155203524813185,44.939665357494356,3.4588702118935117,5.5208434100115911,0.32132209452510735,0.015444070802307266,0.33333333333333331,0
1,2007-12-12,1177,620.30671076554074,3137.530127838088,19.241999409955536,50.302302320859248,2.403147172468532,6.2822907856699457,0.46028970017582277,0.12504302905724279,0.66666666666666663,0.33333333333333331
1,2007-12-13,1178,278.03315379454102,391.28914420627706,13.638989803645055,15.665868532458793,1.7275477902020338,1.9842772048712847,0.11489187502175191,0.017512788281019879,0.33333333333333331,0
1,2007-12-14,1179,1095.7659036384923,7982.9133855032851,23.614654940143208,69.115340129815195,2.9863616743778958,8.7404793082282879,0.27603179010924567,0.040805332606562224,0.33333333333333331,0
1,2007-12-17,1180,636.90715666754818,11194.756142100503,22.257784513718963,94.420257695275495,2.7675206109690973,11.740162598106993,0.43879500403672211,0.073285237236699677,0.66666666666666663,0
1,2007-12-18,1181,445.7153770701529,5734.69330068605,17.918094446407281,74.880473198938418,2.2404619501603351,9.3629850827056469,0.29331663655927503,0.23848541196706899,0.33333333333333331,0.33333333333333331
1,2007-12-19,1182,366.59066592490609,6108.7446390110463,15.009033806065872,71.010552875495293,1.8873352789771607,8.9293370481603631,0.5608363649638094,0.13691361490688139,0.66666666666666663,0
1,2007-12-20,1183,1216.2464186033749,7454.65958585526,33.362745557884331,67.765031157255862,4.0244566414818257,8.1743101516593324,0.41573843371351443,0.085762244615860017,0.66666666666666663,0
1,2007-12-27,1184,2453.2226927856887,12212.40101619292,46.343492634269559,90.854574308317865,5.5584398961642654,10.897100366814735,0.028023388268896662,0.021305706077775887,0,0
1,2007-12-28,1185,1098.4133399341306,2145.6699928917751,29.677823903628337,30.251919035363699,3.4710905150442497,3.5382361444869823,0.18058171572769324,0.16921906583563504,0.33333333333333331,0.33333333333333331
1,2008-01-04,1186,1679.6182160765545,4190.4437816983491,31.35785089615327,38.516689034997171,3.6494443870995945,4.482594010473921,0.076426048910232455,0.021947069275442099,0,0
1,2008-01-07,1187,392.02629163623163,5183.045010964931,16.318417118381149,43.389387000923421,1.868164524142089,4.9673024614680505,0.047531408428694875,0.020779140701987525,0,0
1,2008-01-08,1188,851.54388343811399,2221.6986604456047,24.163192108555865,37.818508844341217,2.7552100465856175,4.312258705170037,0.052270391346309258,0.038586164670677582,0,0
1,2008-01-09,1189,1244.0057802629033,4867.4294773503771,33.067658698413574,42.987647104245944,3.739627786080133,4.8614811540001064,0.011583383413581639,0.014342907052979874,0,0
1,2008-01-10,1190,2447.2898492707623,3526.4228179429015,47.657019798690577,42.102261256958023,5.3487115374512433,4.725281847021102,0.016641737209132684,0.025687517739733365,0,0
1,2008-01-11,1191,4545.8692417500424,2653.5842196486929,67.149393973698963,39.911617167818427,7.3548076641510365,4.3714805222145046,0.046999029353680534,0.013335254451605993,0,0
1,2008-01-15,1192,2511.2296982573621,1734.4414795234568,49.171853368579299,34.908052580807372,5.5264797267299022,3.9233551650247116,0.071144571928041439,0.01127847756993937,0,0
1,2008-01-16,1193,2411.9440882758336,569.18181741662136,47.698331348520014,22.448843059520186,5.3699219080799345,2.5273113492282793,0.49053757434845008,0.043874507207590563,0.66666666666666663,0
1,2008-01-17,1194,2410.7703100253902,11552.840008631787,49.022284059726381,76.811913788073824,5.5580820929394994,8.7088337628201611,0.29486864905237398,0.11700745681263257,0.33333333333333331,0.33333333333333331
1,2008-01-18,1195,3197.2468034000453,16136.671885545575,55.987859912943499,84.381971090437602,6.3986125614792568,9.6436538389071558,0.4196413008290576,0.12715492445338547,0.66666666666666663,0
1,2008-01-22,1196,3639.0790492079382,12038.568537357176,58.228387109146979,84.676040258708142,6.5554052473005315,9.5329063055117516,0.55295570449094578,0.26012254601980106,0.66666666666666663,0.66666666666666663
1,2008-01-23,1197,5322.0152463509303,8205.3262203488903,72.518579338774927,82.141389359561003,7.9756479888671903,9.0339718844719279,0.15507148253037825,0.0068647447908164001,0.33333333333333331,0
1,2008-01-24,1198,6212.5402018313789,4147.6013015024919,78.36294574480894,60.183261066466649,8.533944540681615,6.5541258988801134,0.029610682380984184,0.031808027753931517,0,0
1,2008-01-25,1199,7098.9418094008079,8354.1985236121163,83.188239867647141,53.293478323223326,9.0250328036503547,5.7817714481392271,0.10082885544243836,0.037656458690704261,0.33333333333333331,0
1,2008-01-28,1200,3100.8877792624667,1636.8642855759081,52.11596738407578,24.695305471510853,5.6372057743727177,2.6712066491628832,0.19243957008712834,0.096521255414519225,0.33333333333333331,0
1,2008-01-29,1201,2566.1465774252388,2437.7670118989276,48.897412167084063,42.440384529234052,5.3207194958742186,4.6181049542148047,0.22208550839545529,0.08470518883449818,0.33333333333333331,0
1,2008-01-30,1202,2823.2701772996866,1285.1185252489277,51.082613084528397,27.907156435484012,5.5329123297620795,3.0227085226627683,0.27440091944267564,0.15426027206530227,0.33333333333333331,0
1,2008-01-31,1203,2498.2440085624626,210.44100648775665,46.2215998545582,14.420834412159175,5.0529215473690305,1.5764782084896609,0.039580017181916442,0.06217828180514659,0,0
1,2008-02-01,1204,769.32611206026047,7852.098684983408,23.309904945009674,66.278785791211405,2.6081012525884946,7.4158082004152623,0.4403989050238773,0.12493031253393916,0.66666666666666663,0
1,2008-02-04,1205,1297.3104141105698,16925.257576885877,28.291738297012405,112.19246726056285,3.1470231698567748,12.479696024534244,0.51680913568421682,0.19371053893562218,0.66666666666666663,0
1,2008-02-13,1206,8772.7034982952464,13020.114495825123,92.809822341587548,111.51480323347107,10.243909750727102,12.308477178087315,0.029437968986613942,0.031830427329825529,0,0
1,2008-02-14,1207,5736.688310935172,9912.5408656639447,65.394662230773903,89.588220432644633,7.1665383266601532,9.8178871707007822,0.04402857078915301,0.0053388230505079662,0,0
1,2008-02-15,1208,6166.042302140736,4722.6719368365493,69.649930438904292,65.559049634379178,7.537871259621677,7.095135241815929,0.070963275711303925,0.026552965814324009,0,0
1,2008-02-19,1209,2985.4666687478125,1967.9805372892245,49.321387882388272,38.006365098698403,5.3610204219987247,4.1311266411628695,0.057607861274058127,0.0059707349002717644,0,0
1,2008-02-20,1210,3960.0206036626846,5964.3272745413406,61.368022010994046,76.257615815364488,6.4939705831739731,8.0695889751708467,0.58022018189872482,0.1118844577826877,0.66666666666666663,0.33333333333333331
1,2008-02-21,1211,1160.630469179119,8654.3131126839489,31.182493857506454,65.341885602248524,3.3067331768299524,6.9291501168874374,0.23721328710239797,0.1248303930506855,0.33333333333333331,0
1,2008-02-22,1212,203.84791032766611,3184.2022860497932,11.943933607726612,38.814221498289236,1.2736799368410143,4.139079871851691,0.68650212185794057,0.2225422310192969,0.66666666666666663,0.66666666666666663
1,2008-02-25,1213,108.79385051053241,16596.967634571018,9.5811530163639418,89.909024424238353,1.0225350070825978,9.5954134924480634,0.59013767686368646,0.12749653624274598,0.66666666666666663,0.33333333333333331
1,2008-02-26,1214,422.5442328295041,16688.436546864046,18.657119455071399,79.646171011828486,1.944462684217968,8.3007994801280347,0.44259599459802385,0.14393459695101044,0.66666666666666663,0
1,2008-02-27,1215,108.6591371382451,16452.28812380668,8.051804223467494,86.78230301907756,0.8389480826743938,9.0421779649989631,0.24602221691659043,0.15321882596262207,0.33333333333333331,0.33333333333333331
1,2008-02-28,1216,430.75893439317719,2897.5759984992033,18.83640987414871,45.8448963672951,1.9388996267780449,4.7189805833551306,0.053175940514962806,0.045413064507117351,0,0
1,2008-02-29,1217,1038.9635294439261,18356.591000738452,28.844340228869175,106.93427253897755,2.9179909184490818,10.817832325642646,0.12833701437178011,0.089910627661357212,0.33333333333333331,0
1,2008-03-03,1218,571.44491971227092,11459.344399136704,22.894720661564747,95.965706882744072,2.3249272060487178,9.7451847558003628,0.048440426118985018,0.016388123164091949,0,0
1,2008-03-04,1219,247.65596931131441,5169.6594726818848,13.892978420155183,66.914311668021469,1.4256519671785719,6.8665276211412491,0.66191369997660643,0.32708856524716229,0.66666666666666663,0.66666666666666663
1,2008-03-05,1220,193.21839616303464,3552.8913928644633,12.421551839133448,49.769755805278386,1.2772803947695062,5.1177126792060035,0.66434376511233562,0.28064377112464528,0.66666666666666663,0.33333333333333331
1,2008-03-07,1221,372.25387518777057,13485.173628919076,12.295002364349898,95.506523384381765,1.2685068211864736,9.853652141798479,0.65939080651305637,0.15203154154130763,0.66666666666666663,0.33333333333333331
1,2008-03-10,1222,745.79722880205372,9971.0526597879834,22.947729408961322,77.670253710056002,2.3657452998929198,8.0072426505212384,0.51827808053216617,0.22414274359981887,0.66666666666666663,0.33333333333333331
1,2008-03-11,1223,222.10124945179132,4560.8264967082423,13.117362379498672,56.36840565318456,1.3446809205021706,5.7784116507621279,0.042781050947692682,0.043999137695547995,0,0
1,2008-03-12,1224,787.21975262002616,7819.1165231065361,24.793431023576545,82.384613445432663,2.4918021129222661,8.2798606477821775,0.015485631639284453,0.031149235257530685,0,0
1,2008-03-13,1225,1405.807821940266,6322.9990274431648,32.324682746163681,75.997432851582289,3.2211940952828777,7.5732369558128836,0.08950935728838566,0.062599796286995996,0.33333333333333331,0
1,2008-03-14,1226,207.15543869423107,25999.066826293274,13.739486290077517,156.04234217790693,1.3586636628012378,15.430639523155198,0.0071536622849139404,0.013372357977681043,0,0
1,2008-03-17,1227,378.40899421532868,4240.7735603543488,12.584038401116345,63.061834435435422,1.249966565792535,6.2639021043392518,0.061159432696469916,0.040090507673729743,0,0
1,2008-03-18,1228,1022.6679334647737,1658.2808980720627,31.902270547380947,35.712307319896844,3.328353734729363,3.7258536588311788,0.68010737882080841,0.1376521410385958,0.66666666666666663,0
1,2008-03-19,1229,1880.7690955760424,12308.794664096327,39.012648644278521,73.739358754919635,4.2096194922339913,7.9567692209246976,0.40949340541911922,0.032244151983878977,0.66666666666666663,0
1,2008-03-25,1230,57.148134280995954,8804.296826845728,6.2891202692719235,76.842686061954964,0.66428521460490353,8.1164706693377315,0.53061899061084106,0.069772108998530799,0.66666666666666663,0
1,2008-03-26,1231,1070.5260551103888,12723.745809227183,31.497006215850814,105.22963277079209,3.3268556869132104,11.114827860659318,0.17263365100330175,0.31322158555153823,0.33333333333333331,0.66666666666666663
1,2008-03-27,1232,1350.5366959476487,12028.086909172976,36.039090021063807,101.94493376528438,3.8575424159554514,10.911954376803251,0.62994507195710681,0.14363509165108604,1,0.33333333333333331
1,2008-03-28,1233,678.24931678695623,7516.8207177988215,24.020376930613832,82.934993896918442,2.5731523225081765,8.8843057200769611,0.58505427836576274,0.077844527286039022,1,0
1,2008-03-31,1234,2230.9857460187559,3154.2026981662407,36.992014412224115,48.672338570076818,4.1564061137330466,5.4688020865254847,0.47426951299086978,0.065926864447013525,0.66666666666666663,0
1,2008-04-02,1235,2154.688006424431,5157.8734741205635,44.405807228384901,67.603210335532708,4.9532411855420966,7.5407931216433584,0.5746435506037374,0.052796293495400604,0.66666666666666663,0
1,2008-04-03,1236,260.3940449344006,7403.3202486552282,16.000704512660644,72.318330633689968,1.7270053440540358,7.8055402734689663,0.057676153249535296,0.29280000596301803,0,0.33333333333333331
1,2008-04-07,1237,370.51048133910609,11821.074230772801,17.060897962677057,87.614502205963234,1.8645790123144323,9.5753554323457095,0.076526852671704448,0.15176389470936491,0,0
1,2008-04-08,1238,373.24410165212089,18786.096805858149,18.432037002470867,110.29626494310556,2.0100367505420791,12.027946013424815,0.48196364614693626,0.048384743520783292,0.66666666666666663,0
1,2008-04-09,1239,113.20422543990583,6292.3856390452638,8.9437842072915146,65.237724390003336,0.96376984992365455,7.029927197198635,0.31702070138449256,0.25007053271288121,0.33333333333333331,0.33333333333333331
1,2008-04-10,1240,160.94598757032307,15738.815601673445,10.182225097271461,108.54966799300401,1.0975181996520034,11.700314523632876,0.2725776853427897,0.22326170510148655,0.33333333333333331,0.66666666666666663
1,2008-04-11,1241,409.74841503295801,23241.550712655284,18.090518442705314,113.96784347122139,1.9457400852600495,12.257901959797943,0.36981930590852174,0.042097547923731132,0.66666666666666663,0
1,2008-04-15,1242,407.77153427572443,3287.3432375170455,19.925518783063467,54.802401282784025,2.108520506144282,5.7991959029401086,0.34930863637158849,0.14979487360318611,0.33333333333333331,0
1,2008-04-16,1243,104.20536706659283,12134.19174415047,8.8582850740777221,91.264839648142313,0.93639377104415678,9.6474460516006673,0.18610493170373951,0.11815881839410995,0.33333333333333331,0
1,2008-04-17,1244,505.34551740187197,1125.1480365564373,17.557458823333338,28.345109187588719,1.9115360722191985,3.0860216861827676,0.31278292557584564,0.050761315287229769,0.66666666666666663,0
1,2008-04-21,1245,545.83389872817008,872.80709374146954,21.570509377057459,27.891354845272264,2.3497286903112702,3.0382739482867396,0.32047212339870579,0.036435291034441562,0.66666666666666663,0
1,2008-04-22,1246,199.12777670487881,2352.0131152773552,12.422203457883635,43.34896208432307,1.3825490771155964,4.8245923299190956,0.55813994981674298,0.083270059994858328,0.66666666666666663,0
1,2008-04-23,1247,528.10861240868564,6823.0231401365863,18.738261772865901,80.272112891033316,2.0924915435919487,8.9639433714163399,0.57198109330951497,0.18489538327496499,0.66666666666666663,0
1,2008-04-24,1248,211.20681119712745,9678.8906798614826,14.000494467448371,86.516104763755877,1.5704424528825991,9.7045546566187184,0.48624604062858245,0.092429350276944988,0.66666666666666663,0
1,2008-04-25,1249,706.11833599847762,5906.8150280235604,18.283179927903422,55.430618791281823,2.0531364321059433,6.2246624133949267,0.49209788524341724,0.095841557327361326,0.66666666666666663,0
1,2008-04-28,1250,874.84859401172162,5447.3311355026863,29.476914973173354,45.313264762016765,3.3842611909498683,5.2024414192900998,0.53221436367614394,0.15925749183441648,0.66666666666666663,0
1,2008-04-30,1251,569.35673486783924,9660.4961270379899,23.644528265524894,89.21625377637649,2.7232396505067542,10.275410743032131,0.34349223612209695,0.063270233808180906,0.66666666666666663,0
1,2008-05-07,1252,1038.2309483932299,3444.8491142728762,29.08219964411872,48.45103399262856,3.3161003014958634,5.5246332944844418,0.50196263168261246,0.14346877548023396,0.66666666666666663,0
1,2008-05-08,1253,306.21571556381122,7768.4943267917088,17.078868075939226,83.236879025965663,1.9496424744222862,9.5019268294481343,0.12335280841566065,0.298055857428001,0.33333333333333331,0.33333333333333331
1,2008-05-09,1254,187.57750692899387,11160.539100046002,10.64678251427002,99.366636168427362,1.2050687622263745,11.246931088673159,0.30267904406442481,0.08926047796347876,0.33333333333333331,0
1,2008-05-12,1255,210.75125418239179,11710.04868699972,13.678394051572317,100.70571129100126,1.5813172313956436,11.642278761965466,0.25191374230365121,0.092711000726678469,0.33333333333333331,0
1,2008-05-13,1256,565.00828309584472,399.14194024019395,22.293138056039766,14.194412677320619,2.5727799256826045,1.6381318727432912,0.34727489793322408,0.029443562275176399,0.33333333333333331,0
1,2008-05-14,1257,731.52095872922018,4341.656696893956,22.85505931410728,40.653279746955185,2.5934819079838047,4.6131381273140644,0.2319265360709252,0.15902847430616515,0.33333333333333331,0.33333333333333331
1,2008-05-15,1258,1033.2842998361893,6772.1292906854242,29.359172679249848,68.694840730063603,3.2730404324693247,7.6582877068075375,0.31960029146073737,0.098215196983159878,0.33333333333333331,0
1,2008-05-16,1259,1478.7149821572148,4310.0488117632749,35.196062168232174,63.348839980981175,3.8486672682593954,6.9271558207743213,0.22347843003313408,0.27156099357715363,0.33333333333333331,0.66666666666666663
1,2008-05-20,1260,2701.8120332776093,13777.612150407875,44.950131716759266,102.62538034551937,4.8700034362686102,11.118676093772415,0.33289953129986311,0.1955285833109445,0.33333333333333331,0
1,2008-05-21,1261,741.28968345932287,14921.724225666852,26.275266501585218,96.579675547478203,2.8474956923961217,10.466505071522969,0.11960380996011516,0.12930012149715572,0.33333333333333331,0
1,2008-05-22,1262,307.11944586571502,5211.7921831194171,15.950553737827439,60.274789893685657,1.7197362520568664,6.4986296381332238,0.60445428106718646,0.087819526225656516,0.66666666666666663,0
1,2008-05-23,1263,1063.5383491122232,5532.4282708040309,26.910581354933964,49.187629715885123,2.9678060496205085,5.4246076334033768,0.13296202795039366,0.15342338413709988,0.33333333333333331,0
1,2008-05-27,1264,666.24131691720243,10249.903204703725,22.141858147096741,86.435792257889148,2.4533914844428519,9.5773731033672185,0.3257875104004313,0.084092130778056287,0.33333333333333331,0
1,2008-05-28,1265,2410.0544302127219,882.67744109068497,42.359434115827447,25.227362677959416,4.7972179066622251,2.8570059657938178,0.48484718588060671,0.1262664173056631,0.66666666666666663,0
1,2008-05-29,1266,665.22032123515635,15518.071994961783,21.699056897088479,103.69910723114806,2.4497947385931105,11.707491643369806,0.40781057388190844,0.047979353751949248,0.66666666666666663,0
1,2008-05-30,1267,742.39612554609005,11294.233362917628,19.225902075784688,99.655552669776895,2.164469696119864,11.21931355696897,0.19029056948926612,0.11996372446113739,0.33333333333333331,0
1,2008-06-02,1268,279.79608425439756,8981.8353035150121,13.637587175543217,90.046719375101318,1.5510477310825384,10.241310136491478,0.15229559228238324,0.066214609163581503,0.33333333333333331,0
1,2008-06-03,1269,690.08003042691746,7036.796896167637,18.94963092573812,73.482897421195091,2.1448365507343659,8.3172492836666763,0.37277088180216378,0.18451711790326578,0.33333333333333331,0.33333333333333331
1,2008-06-04,1270,585.59887181899376,18481.431939225764,19.856442000035031,112.47192680812741,2.259623556191753,12.799081286842378,0.35064672993952656,0.22545832947323596,0.66666666666666663,0.33333333333333331
1,2008-06-05,1271,951.62922232358699,9285.9183279741792,20.712334912346478,77.814833671005587,2.3259219441152696,8.7383305638411652,0.56108857044326665,0.066137071875315992,0.66666666666666663,0
1,2008-06-06,1272,1025.2705046289627,8881.5604735548695,21.772108113291665,75.892633588927154,2.4797389650673876,8.6438079258459179,0.27337540127040566,0.064975748114617496,0.33333333333333331,0
1,2008-06-10,1273,392.51445093076762,1829.7426878750157,15.997137079718717,38.805165382340874,1.8256361859878705,4.4285495443470326,0.58890352594293927,0.090168162239959701,0.66666666666666663,0
1,2008-06-11,1274,465.98375995401881,2189.9725998193594,19.35764761991906,30.595467555893226,2.245015670619781,3.5483290873752651,0.26068621885294679,0.037360829324758649,0.33333333333333331,0
1,2008-06-12,1275,625.29757704049564,9144.7327888096661,21.036816683669485,60.557790350206538,2.4291936124329658,6.9928164376681918,0.52678555637461277,0.055636444749807577,0.66666666666666663,0
1,2008-06-13,1276,732.23276172743033,15269.282558960775,23.458521297404825,83.347908391769394,2.6409818516639256,9.3833840013250089,0.17643762594727899,0.080111294731408003,0.33333333333333331,0
1,2008-06-16,1277,341.61695904399249,9672.0044416731907,15.544633525815925,59.310844047953196,1.7634297817147961,6.728399778553964,0.05411882214373679,0.19155710817511876,0,0.33333333333333331
1,2008-06-17,1278,648.2885583880684,16248.924747347288,19.758702774258307,108.81734323507128,2.2263327069586825,12.261109096909438,0.50407593158824737,0.076884715248005137,0.66666666666666663,0
1,2008-06-18,1279,723.91918341098847,18112.402480587258,23.513106963210173,115.24397576467759,2.603887814308989,12.762345045922212,0.383218687011605,0.14570479061508171,0.66666666666666663,0
1,2008-06-19,1280,956.450116404401,20113.368203578189,22.938625609935343,139.80530007637824,2.5276722435190462,15.405542708140855,0.31778617538694703,0.094984469609119201,1,0
1,2008-06-20,1281,764.35567534288612,2196.5271043962312,24.529545626911425,39.619947515260833,2.7842844071409107,4.4971563581453839,0.39787004460373759,0.13354972080871622,0.66666666666666663,0.33333333333333331
1,2008-06-23,1282,727.14225732674265,526.88493253682248,20.197445036009299,15.499983128356007,2.270651493649162,1.742550098747162,0.25383151902131501,0.071241925417160498,0.66666666666666663,0
1,2008-06-24,1283,1258.1264228745836,20368.121543058704,31.739867260995993,118.69013483716283,3.5955669511182093,13.445498140715131,0.52989337472329245,0.27617549182444417,0.66666666666666663,0.66666666666666663
1,2008-06-25,1284,1592.9476108235615,11600.604895948019,31.292585795245941,90.60822132969588,3.4406361512090093,9.9624212567010311,0.35855341087529591,0.030335082544032648,0.66666666666666663,0
1,2008-06-26,1285,1976.650802200468,17328.812178185544,26.4466935841272,129.50468710562828,2.8762037611883851,14.084250908714333,0.33763373500398969,0.16154993102551507,0.66666666666666663,0.33333333333333331
1,2008-06-27,1286,761.14120185823424,11321.015306161893,26.432485366027056,95.97043415594085,2.8414388998685358,10.316628234984238,0.33358507750195748,0.2582186531063439,0.33333333333333331,0.66666666666666663
1,2008-06-30,1287,556.60955408241705,28514.257037881569,19.073320155898198,116.55039289055647,2.0344874832958078,12.432041908326022,0.22422203833842969,0.10903785355241764,0.33333333333333331,0.33333333333333331
1,2008-07-01,1288,206.80455630020697,19316.17491967812,10.114235863577051,91.077474039344494,1.0814472989657367,9.7383024901731599,0.091584498102911402,0.16174913621707371,0,0
1,2008-07-02,1289,434.96703951193348,12379.510224322124,17.168718910623625,70.04711724189842,1.8381926028504951,7.4996913535223149,0.48643661912541064,0.11187858354608139,0.66666666666666663,0
1,2008-07-03,1290,1002.8466221970069,10842.760022229575,29.411250339066402,62.824024540190599,3.2082083816816365,6.8529069582973108,0.38436096905396305,0.12529342020495163,0.66666666666666663,0
1,2008-07-07,1291,611.21180748043059,4424.6554553713668,21.368369086748583,64.946227665462246,2.3201269366719415,7.0517076726886261,0.57843425659174397,0.12238362776965794,0.66666666666666663,0
1,2008-07-08,1292,784.84589238925412,32945.143255455165,22.769593390133348,148.02635185282668,2.4556045715970178,15.964017455144427,0.24750989228681422,0.31333189394723437,0.33333333333333331,0.66666666666666663
1,2008-07-09,1293,39.940701849435939,21096.097646845261,5.2193791672207608,126.79189673552806,0.55554860747426937,13.495678204952426,0.48188952568834181,0.52045296549844844,0.66666666666666663,1
1,2008-07-10,1294,627.54412366028635,26533.564491612153,22.022800455697773,162.71708855295802,2.2874890112384079,16.901281594698315,0.032446934126631945,0.0066787190931584285,0,0
1,2008-07-11,1295,359.14727021808204,15683.277133276051,17.267798143777707,106.85590110179767,1.7838634446051349,11.038832758450175,0.15797598874209554,0.13881857211005708,0.33333333333333331,0.33333333333333331
1,2008-07-14,1296,945.87161564208384,9056.6289571928246,28.602882916391952,59.696053608049816,2.900900904299387,6.0543664916886222,0.15816100037399372,0.015901432806576795,0.33333333333333331,0
1,2008-07-15,1297,82.46597820138139,6902.3745785907231,9.0112854911591285,50.010683723840124,0.92187063848175221,5.1161824781422132,0.066009172470548508,0.052640668429875664,0,0
1,2008-07-16,1298,201.93626150583404,8926.6600748140136,13.472618400465876,80.240917112812255,1.3954032522491844,8.3108148226631027,0.69250850114065765,0.46481617267909342,0.66666666666666663,1
1,2008-07-17,1299,210.94442555615782,4860.2341199499278,13.751071382625128,51.877206655661894,1.4327763878744599,5.4052833191624794,0.56372033831897139,0.10400935201552053,0.66666666666666663,0
1,2008-07-18,1300,58.246156524535984,11598.851605792406,6.4510314078700803,86.486870332171065,0.67093410378263962,8.9949943143183635,0.60567341901884331,0.088548913480634137,0.66666666666666663,0
1,2008-07-22,1301,1879.2111349004338,24844.132593404091,38.155046574925642,128.26999251376051,4.1181917512062212,13.844575554642256,0.22702451769450319,0.090029729452739293,0.33333333333333331,0
1,2008-07-23,1302,549.23683043720894,13704.096866088194,23.425733904703218,99.140666596115807,2.5243247742137087,10.683261486650409,0.71094073448841077,0.15125491808020103,1,0
1,2008-07-24,1303,682.72333231444554,25429.694242783491,23.896601971661728,150.82667115322724,2.596045841571073,16.385298332778625,0.12477207274236823,0.16950400991511075,0.33333333333333331,0.33333333333333331
1,2008-07-25,1304,449.98707731056464,25167.818953976868,19.045638290963513,151.24904860637949,2.0623322459083391,16.377807104101734,0.59410272578296142,0.16296179993057067,0.66666666666666663,0.33333333333333331
1,2008-07-28,1305,311.7940388161432,20279.312552551633,12.612717524869595,128.93723026947779,1.3758077474632773,14.064601065664334,0.099997933957096594,0.17130011582231577,0.33333333333333331,0
1,2008-07-29,1306,1591.3120392687376,21078.903249352868,38.282082014188404,121.21351810663707,4.2654130377925803,13.505684468706079,0.65609535650257034,0.042841226799984033,0.66666666666666663,0
1,2008-07-30,1307,189.73131620965736,9713.5205529831346,12.672089923822378,83.019614421940517,1.380401952486098,9.0435309827821921,0.4362511798545512,0.25650727702890669,0.66666666666666663,0.33333333333333331
1,2008-07-31,1308,264.85598393681698,21088.908542902809,16.15663671299065,118.59548226096733,1.7705903247113044,12.996765179284091,0.27194579459942364,0.18180291614515467,0.33333333333333331,0
1,2008-08-01,1309,763.28040012853069,20919.01187846798,27.094777520368364,129.88925166617776,2.9914189920362531,14.340519090938754,0.63705574369137252,0.08161740796859436,0.66666666666666663,0
1,2008-08-04,1310,1675.3419915902166,16474.554375142132,40.165178477376195,120.27120851461761,4.5538751108136273,13.636191441566622,0.64671270769162248,0.19407436585545393,0.66666666666666663,0.33333333333333331
1,2008-08-05,1311,833.96957098162773,18654.385746412245,22.872445899947518,115.96830561146403,2.6006192040872675,13.185708426545085,0.28132316833456522,0.17472074689750114,0.33333333333333331,0.33333333333333331
1,2008-08-06,1312,889.32820414342166,7598.4498376633201,28.839397443829892,82.527853954122591,3.3091678076683753,9.4696332706967983,0.37001158582270333,0.10466984202404502,0.66666666666666663,0
1,2008-08-07,1313,1547.8647872513955,13082.439192949789,38.829723365506389,107.47727515128565,4.5548062598834465,12.607305003083361,0.21113358884076508,0.025247045346127636,0.33333333333333331,0
1,2008-08-08,1314,611.2899027909765,3078.2980677512628,23.531226721948276,42.052721516538668,2.7602611990555164,4.9328705591247708,0.48894385083537489,0.045506614362177455,0.66666666666666663,0
1,2008-08-11,1315,1797.2972356772607,1926.6526016127798,35.933471876037856,32.525376499027367,4.3941879395949686,3.9774229897924016,0.39829812111385049,0.043598276411386964,0.66666666666666663,0
1,2008-08-12,1316,1332.8326146598274,1981.0926316472999,32.694823729570693,32.941296309107656,3.9944806022688688,4.0245933181560973,0.54132920235917592,0.047182053081370447,0.66666666666666663,0
1,2008-08-13,1317,2112.605981469173,6231.4369037862089,32.711563855720442,70.077945753985247,3.9989686865183915,8.566986033494528,0.086684616341963797,0.34237393122902243,0.33333333333333331,0.66666666666666663
1,2008-08-14,1318,3614.21348237138,5334.0791205126079,50.524879537721255,69.536073090587706,6.3453537880968609,8.7329448151444531,0.44803378845056568,0.088063563369624606,0.66666666666666663,0
1,2008-08-18,1319,1538.3212880105448,5369.2302189234342,28.379330637474141,65.012878900294865,3.4789249938675013,7.9697062703395476,0.43148112713181463,0.081688864939931646,0.66666666666666663,0
1,2008-08-20,1320,401.03190863059717,6404.8028222771572,16.676354844585678,62.454391042657981,2.0007624288645083,7.4930283194550666,0.15688156284362895,0.3824892840499689,0.33333333333333331,0.66666666666666663
1,2008-08-21,1321,634.831282118084,9169.762939418837,22.304107605852931,75.654435339001409,2.7068091754675883,9.1813635120147339,0.15370435169318625,0.29621127912738654,0.33333333333333331,0.66666666666666663
1,2008-08-22,1322,236.4362353098542,20914.443266501832,14.175967424818927,101.15547384608521,1.714143582203014,12.231617151884548,0.41330021835600683,0.075653804159998769,0.66666666666666663,0
1,2008-08-26,1323,286.05945019335257,18685.20046998101,14.81520952093725,129.12628852710876,1.791440087175,15.613819652612911,0.29700823439002405,0.25877453171361336,0.33333333333333331,0.66666666666666663
1,2008-08-27,1324,359.79490251902854,11479.990629678889,18.31677843871114,97.719377836796141,2.1851211975796172,11.657545820077084,0.38455926166991167,0.047274615152731708,0.66666666666666663,0
1,2008-08-28,1325,770.66660521357016,4025.4349592576332,25.322433697119397,46.921939858389692,3.0399080068570705,5.6328859373817153,0.27799069327331277,0.20943416106464899,0.33333333333333331,0.33333333333333331
1,2008-08-29,1326,33.942482089022164,4939.5311463740954,4.6218331912464237,47.203644511405173,0.57881442595446753,5.9115397008647683,0.28033196241497288,0.029058609315606571,0.66666666666666663,0
1,2008-09-02,1327,815.31512128856309,15404.302936347478,19.327874420945516,124.10578208184718,2.3987433348986058,15.402517168085284,0.18318388407224731,0.061598548584134598,0.33333333333333331,0
1,2008-09-04,1328,170.77367295674901,16366.357108857077,10.839028672720437,127.36612471847313,1.340634344183109,15.753385864993584,0.26303170382389246,0.1136985450468357,0.33333333333333331,0
1,2008-09-05,1329,243.48263761662361,12593.077818751883,11.946501486883525,107.96034274850201,1.4785274117430103,13.361428557982924,0.22362279228914775,0.11915531569816969,0.33333333333333331,0.33333333333333331
1,2008-09-08,1330,619.38067200308376,14583.878436311659,19.992436239038245,120.38997677654,2.557395105729229,15.400060988364567,0.55957064342156382,0.15371391102337792,0.66666666666666663,0.33333333333333331
1,2008-09-09,1331,1011.8706057497762,11782.013842693194,27.934968951246372,90.417976795570397,3.6010272576534152,11.655556145094478,0.55369960389235306,0.022662072625030016,0.66666666666666663,0
1,2008-09-10,1332,1946.9249823138646,3720.1025815448534,39.114303937668673,40.611961261232331,5.2803650270224338,5.4825462384383838,0.47227520751277335,0.078758276607287084,0.66666666666666663,0
1,2008-09-11,1333,1000.5508343419696,14941.475322329663,30.331118753200297,107.07075502683067,4.0428015665711827,14.271343555725513,0.48800983966311029,0.049973880717558004,0.66666666666666663,0
1,2008-09-12,1334,206.34603251035014,11478.869787604113,14.101646722045643,104.72829986450142,1.809063081724906,13.435317493842389,0.28144191919316247,0.37634586000402365,0.33333333333333331,0.66666666666666663
1,2008-09-16,1335,1317.25568443524,4321.1131745520388,25.237592479567827,57.741057019707945,3.1042549175360179,7.1022210356344333,0.3134979702480058,0.29811175624457892,0.33333333333333331,0.33333333333333331
1,2008-09-17,1336,3097.3956100727132,6776.8862006464233,51.935833938564123,79.81218057798678,6.0180572350595734,9.2482248641931371,0.20662478189814557,0.22517763957377887,0.33333333333333331,0.33333333333333331
1,2008-09-18,1337,4470.6412730115853,4731.8468697531034,66.790617985862283,61.498503370461357,7.6859169143685016,7.0769278907320325,0.18346514118073221,0.10224568579809541,0.33333333333333331,0
1,2008-09-19,1338,3687.5487116222939,3275.5051787713346,57.209571773651987,56.501157228968999,6.4352724154839125,6.3555857400415077,0.32831674854963167,0.32813104171571744,0.66666666666666663,0.33333333333333331
1,2008-09-22,1339,3102.8196221899088,801.11493036293723,43.437629150675093,24.671058181621714,4.8479496819949874,2.7534663149131373,0.22767950227928346,0.21261309286740349,0.33333333333333331,0.33333333333333331
1,2008-09-24,1340,1309.6692507284422,248.86496624119025,28.586801399410962,14.234246052469567,3.2174227798999397,1.6020535793437893,0.14449305456631603,0.20424068894515854,0.33333333333333331,0.33333333333333331
1,2008-09-25,1341,1019.1918648809357,6391.1810595901634,26.025345114238803,64.458339021474032,2.8852932499156103,7.1461573194538834,0.16530693765239987,0.15985612120917131,0.33333333333333331,0
1,2008-09-26,1342,2052.2835506243541,56.298114863146282,44.836552947530173,6.8022871973038646,5.1212510505459932,0.77696027382111532,0.03843114829625114,0.11521133964010531,0,0.33333333333333331
1,2008-10-06,1343,2161.1668894616455,15192.103400412221,43.674125140061278,120.24574092776174,4.9813658557241256,13.714940510722755,0.36641508973048992,0.069461612159070998,0.66666666666666663,0
1,2008-10-07,1344,5260.4991031411764,13081.594889802378,55.872358081751941,77.338527553915057,6.1839909332320913,8.5598813009313837,0.25490115021437504,0.12050529545038595,0.66666666666666663,0
1,2008-10-08,1345,6136.6381899817325,15356.294037480337,56.920309188348064,83.525849817575548,6.3209671502885136,9.275496925882905,0.27311915423965599,0.05104032636755973,0.66666666666666663,0
1,2008-10-10,1346,4057.9948646928547,11017.741740230143,59.336114218130469,85.841577499057323,7.1274611673429993,10.311300600487366,0.62563128804767176,0.2598838254086096,0.66666666666666663,0.66666666666666663
1,2008-10-14,1347,3824.0803887301631,197.92171305997371,48.673017653685442,8.8132465891224765,5.7465192035047741,1.0405249810061956,0.41165099655298204,0.10700820029208519,0.66666666666666663,0
1,2008-10-15,1348,2347.8098634833159,5291.775604639065,42.071769013687494,67.013562054728098,5.2425880390887842,8.350599632987926,0.026591229273591213,0.10831944789644972,0,0
1,2008-10-16,1349,2358.223128600594,2573.7611730022613,41.637811976392491,43.90842897995833,5.3075604813757158,5.5969954085351601,0.51445698239111115,0.070975855057877887,0.66666666666666663,0
1,2008-10-17,1350,4069.1456360734537,2890.6073450819495,59.227721038709092,45.522861129593899,7.4500278036112064,5.7261460540369677,0.49265365293823615,0.13156330818202233,0.66666666666666663,0
1,2008-10-20,1351,1572.8239171027824,1524.3918400711746,39.175056466424017,29.243464134153214,5.2654645788204322,3.9305731363109158,0.21353140679336843,0.10859614911370219,0.33333333333333331,0
1,2008-10-22,1352,507.14062005206603,800.28011849344273,17.169389409916828,25.471927492244959,2.384637418044004,3.5377677072562439,0.17356805628215177,0.10439719080012509,0.33333333333333331,0.33333333333333331
1,2008-10-23,1353,658.1465114047196,849.93090137226898,24.435523728505245,22.749256214575666,3.4295471899656484,3.1928780652036024,0.038287273749239396,0.065226314270611624,0,0
1,2008-10-24,1354,262.17166485460803,314.58544526018977,14.709201493256387,15.893309624228513,2.0135799443198339,2.1756755132414116,0.10287893453079171,0.040485765299366268,0.33333333333333331,0
1,2008-10-27,1355,58.163450935487532,176.07188655207119,7.2064880859823388,11.672195759034972,0.94325760287726945,1.527774314009813,0.28459301117282937,0.20243367315238728,0.33333333333333331,0
1,2008-10-29,1356,20.633783382305836,1013.4760105428404,3.5138137290326767,24.009370485525665,0.48085032213926476,3.2855792658947198,0.30265910640679722,0.097534619597132555,0.33333333333333331,0
1,2008-10-31,1357,90.542659993660166,222.09901210420719,9.0713485943713295,12.935858864079705,1.2237907041310392,1.7451411621018149,0.19528327222214856,0.14741706912271743,0.33333333333333331,0.33333333333333331
1,2008-11-04,1358,526.85182488388989,1029.829356047391,17.288553072081527,26.841593531120491,2.2936720493640501,3.5610737686395342,0.26299047451615992,0.042002287354080937,0.33333333333333331,0
1,2008-11-05,1359,158.33783907373768,54.196270436583973,10.422666923404714,6.5866563451093425,1.381400520000625,0.87298294832463119,0.19280607689078752,0.13584481696895667,0.33333333333333331,0
1,2008-11-06,1360,44.374095190429905,54.305919719690394,6.2595212529402788,6.7676661692848938,0.85134597115814747,0.92045782649233521,0.26436554828944075,0.23640587464404908,0.33333333333333331,0.33333333333333331
1,2008-11-07,1361,407.10875748732172,276.22337985202694,14.884185929099885,11.193574808268977,1.9766515178087498,1.4865305190264246,0.32012516969256183,0.045486260828858004,0.33333333333333331,0
1,2008-11-10,1362,208.3495335052335,2122.4373189855628,11.704765771879883,40.851153370089378,1.5951980609035614,5.5674485001825387,0.277018471221603,0.19130284679685139,0.33333333333333331,0.33333333333333331
1,2008-11-11,1363,342.11256450930915,559.32888136049485,16.043312757098381,23.310897002397684,2.2136340472022602,3.2164052435181354,0.4817631069633061,0.017938123498707926,0.66666666666666663,0
1,2008-11-12,1364,165.31053225750571,245.84841443984939,10.921251689735186,12.448135396451372,1.4610370153491885,1.6653023941740965,0.5344917176091577,0.10566100651465619,0.66666666666666663,0
1,2008-11-14,1365,163.23272854376759,780.56836834250043,11.237271934556929,25.486234747249494,1.5309634788224702,3.4722390663827647,0.054042899667655998,0.040436996890565603,0,0
1,2008-11-17,1366,123.59389854784858,67.971511066250258,9.8995578815117824,6.4636748634826136,1.3414035069799162,0.87583670236891786,0.65131349297188945,0.21957197362627859,0.66666666666666663,0.33333333333333331
1,2008-11-18,1367,270.18939317702171,220.65290909145037,12.336410082591025,14.386522177736728,1.618951454408271,1.8879950364483893,0.17926660176159881,0.10098871709928092,0.33333333333333331,0
1,2008-11-19,1368,206.01801921893829,470.20731788131224,13.641834481169704,21.356671625051906,1.8484870570690657,2.8938579437739715,0.18908029500044199,0.25789343099916073,0.33333333333333331,0.33333333333333331
1,2008-11-20,1369,729.63470969725222,239.43628101249121,21.88087296543419,14.069992587923176,2.82516113175393,1.8166549500223599,0.29646835220979606,0.17011089859855111,0.66666666666666663,0.33333333333333331
1,2008-11-21,1370,2878.1395082042818,210.69158529307904,40.018763069333737,11.728553173375607,4.8773629578712656,1.4294397530012926,0.31081238514946269,0.14374150439786224,0.33333333333333331,0.33333333333333331
1,2008-11-25,1371,1936.3007617765022,705.55672799065076,36.541647404078695,22.955911734488989,4.497433526655839,2.8253429827063368,0.21854885804937899,0.12718002002844417,0.33333333333333331,0.33333333333333331
1,2008-11-26,1372,918.96829551179883,1053.3640414142048,29.988928409331873,26.520207475920603,3.681881940986111,3.256010739830645,0.56999387890996844,0.12589598362321219,0.66666666666666663,0
1,2008-11-28,1373,487.09575083148502,1200.8794001534034,20.883839918478014,31.628793751841311,2.6842981900357343,4.0653976544783168,0.046709171043491392,0.17977304378139877,0,0.33333333333333331
1,2008-12-01,1374,103.94917751466657,2250.3860598337824,8.6403837609322718,47.305384366486159,1.1077415078118296,6.0647928674982259,0.24385909501989569,0.031118025390174515,0.33333333333333331,0
1,2008-12-02,1375,16479.566733694901,726.50215332847745,124.70525022497149,26.478011202063044,16.274747174547667,3.4555316413785371,0.21089530374824497,0.20599405442941934,0.33333333333333331,0.33333333333333331
1,2008-12-03,1376,12464.999026204685,660.053018761163,108.34275389082927,23.876726275746666,14.011348708804301,3.0878404494984371,0.55937480489264491,0.083281018661637785,0.66666666666666663,0
1,2008-12-04,1377,13844.359361710873,301.5144200787505,99.898652369379988,17.29777330172908,13.337603787634178,2.3094490389491429,0.0014761921160314705,0.043169818242516582,0,0
1,2008-12-05,1378,9988.1948072606774,1692.1358211500026,81.584443997780497,37.751694086463964,10.633358618153208,4.9203902360982683,0.68466470526949286,0.26978295177147282,0.66666666666666663,0.33333333333333331
1,2008-12-08,1379,10860.259624815846,837.99782026912214,91.542514415951402,27.637000319386249,11.410721647360722,3.44493615698177,0.0054214864013590004,0.033425795638830962,0,0
1,2008-12-10,1380,3399.2255325947403,1244.175164558618,51.620471986973826,34.704030157341968,6.2362394427029697,4.1925738637682839,0.0024443088059355991,0.019316639042005996,0,0
1,2008-12-11,1381,8949.6800870306688,649.46856124165345,84.653671509715267,21.207002844633582,10.242428494823384,2.5658805619641361,0.025120204396878593,0.13030823094565405,0,0.33333333333333331
1,2008-12-12,1382,4236.7349279502496,368.77185221020221,62.042317053103226,17.022843237588102,7.5111763986807771,2.0608769052770097,0.55284893773685506,0.086282811830026104,0.66666666666666663,0
1,2008-12-15,1383,2204.2858914439789,989.0884890833662,43.973094847516563,30.952959877064433,5.2458210375802645,3.6925690279826351,0.58789832011918819,0.097370855113728449,0.66666666666666663,0
1,2008-12-16,1384,1357.7958229079038,12088.980433156737,33.984144231117511,83.564916309062525,3.9062234748410938,9.6051627941451176,0.013200007890317347,0.17671389770718501,0,0.33333333333333331
1,2008-12-17,1385,2433.7532293707259,10892.571238946422,44.851467324452379,82.445920317209769,5.244252244893584,9.639978990612077,0.00070045913952017987,0.13568008656835087,0,0
1,2008-12-18,1386,3246.3884059013726,5842.1395501764664,51.945204296334055,62.589332726494263,6.2153998559777506,7.4890018218958145,0.66787069254741127,0.08671914421473946,0.66666666666666663,0
1,2008-12-19,1387,1731.4933488090103,549.27417843907745,36.269901533239818,17.5116366820907,4.2720732076843131,2.062619161612568,0.44736521512539812,0.16119381823181703,0.66666666666666663,0.33333333333333331
1,2008-12-22,1388,2897.031873366102,481.52142562122566,53.365180031635113,17.449263510981648,6.3776731439061978,2.0853616385995397,0.01817129727668872,0.16825368408257976,0,0
1,2008-12-24,1389,786.1371022543384,1539.1300668391723,24.646506857371566,35.162264003595318,2.7999439769805812,3.9945769955802692,0.45193903050903539,0.046529878911168755,0.66666666666666663,0
1,2008-12-29,1390,572.47319306402926,677.96635668528506,22.747768860950259,23.494614317625253,2.615437638511096,2.7013066188703942,0.0028745466475406829,0.030125021220190628,0,0
1,2008-12-30,1391,1257.0913953371653,666.91264641221767,30.003092746322448,20.796830620772045,3.5153008490125885,2.4366526796452308,0.64156274972684091,0.12332942801213394,0.66666666666666663,0
1,2009-01-05,1392,1474.8706545227099,332.21496628457413,35.39487380221393,16.115545377204928,4.1726936401077426,1.8998579872920633,0.60345286247001184,0.20505886048043864,0.66666666666666663,0.66666666666666663
1,2009-02-03,1404,669.14876200822073,2022.7356909150219,23.925357643582441,33.452916223529122,2.6436859274676725,3.6964548313291847,0.64935538048868791,0.11408184472744144,0.66666666666666663,0
1,2009-02-04,1405,735.27027003790056,2387.6212243953637,21.756412026149821,34.306427774882003,2.3648273941467197,3.7289595407480438,0.24461305622363305,0.15353577073832478,0.33333333333333331,0.33333333333333331
1,2009-02-05,1406,787.75475011050378,30.537997457238319,26.529557328927769,5.1840931592375528,2.9057565530041369,0.56780867023412418,0.053847948296860466,0.066419017993211218,0,0
1,2009-02-06,1407,1236.8771629873438,181.96408907820231,32.874742657051264,11.176331871252311,3.6731556041398061,1.2487521643857331,0.62951377503965489,0.11941341318242882,0.66666666666666663,0
1,2009-02-09,1408,1158.6851857447434,2341.2785135765776,27.717588222156564,37.978138959684806,3.0467258282117684,4.1745687232409789,0.47626142243160302,0.058868802278565148,0.66666666666666663,0
1,2009-02-10,1409,1634.1851950205876,848.01153948622152,27.214519538242257,28.431199868519872,2.8851862749262929,3.0141743830924859,0.033339164212125412,0.056460837963323372,0,0
1,2009-02-12,1410,149.70117020933222,541.39946669249991,10.072054496081591,21.526448733668076,1.0766493314892134,2.3010634669875016,0.21531964408809631,0.060370275309111238,0.33333333333333331,0
1,2009-02-13,1411,339.8817371841688,1861.5201573706474,14.29115477191101,33.692541876648114,1.4763589640403936,3.4806344913892686,0.65022372164783859,0.12054918071422692,0.66666666666666663,0
1,2009-02-17,1412,110.56905953309486,1319.1604228874301,8.8608957999770528,23.858296808196922,0.91918006223828341,2.4749270547922113,0.0041107405039320496,0.052964604865392811,0,0
1,2009-02-18,1413,646.56770278999761,6065.8615651382688,21.878490722175609,69.467600027933827,2.2313606039954723,7.0849158621044195,0.66333397382427883,0.16670143844080268,0.66666666666666663,0.33333333333333331
1,2009-02-19,1414,594.71665132530802,6064.047579761741,18.085725593429249,67.569196928104361,1.8375133953192024,6.865044137983678,0.11030888378532543,0.065984448823216288,0.33333333333333331,0
1,2009-02-24,1415,234.56880178324059,5292.998065409075,9.6894107114814378,60.091276247894676,0.9902310384753642,6.1411626211440646,0.06004980013516114,0.067983781586127279,0,0
1,2009-02-25,1416,63.858464247978468,2410.25751020501,6.7424345350017729,43.37056863384722,0.71996097544065896,4.6311338637316837,0.64991444835862466,0.30239474695967578,0.66666666666666663,0.66666666666666663
1,2009-02-26,1417,3.4342597240180965,3687.1744866885206,1.7088115805620419,47.359102434325223,0.17949701476492033,4.9746956338576913,0.32197396214801205,0.11750241559571811,0.33333333333333331,0.33333333333333331
1,2009-02-27,1418,101.83813334088939,349.34160019540644,8.6019288672203711,17.871339230076313,0.91778382152257887,1.9067846604509266,0.25739987026947336,0.10611022033402066,0.33333333333333331,0
1,2009-03-02,1419,486.53135782708415,1240.3235475820723,17.668563920309754,30.809504946521884,1.9336321663813685,3.3717652472253774,0.67742540357541359,0.34545847393583107,0.66666666666666663,0.66666666666666663
1,2009-03-03,1420,6251.3949848706179,89.458123265054894,72.462108070108982,8.2720341244822375,7.9760162983058871,0.91051558882578287,0.35447328299927766,0.33424268586657152,1,0.66666666666666663
1,2009-03-04,1421,7398.5930667929024,260.83109338437407,73.493956968605673,12.6632248835485,8.0497214642503465,1.3869906772780392,0.2708926327758262,0.24705735454740499,0.66666666666666663,0.33333333333333331
1,2009-03-05,1422,8164.3401381990006,683.09768682824233,73.268175739468077,21.290645137236311,7.8277965533619742,2.2746415744910591,0.25081960540348358,0.03375865975860852,0.33333333333333331,0
1,2009-03-06,1423,5565.7300822099396,78.783186438933853,62.061706161300698,7.334604525722777,6.7184526290988584,0.7940031962893398,0.26378680500348239,0.0076860779771136672,0.33333333333333331,0
1,2009-03-09,1424,5753.8745588660595,19.607079579295604,62.294097965730622,3.6617202588082591,6.7326774348263294,0.39575468887417015,0.25990747489162613,0.23480187112762232,0.33333333333333331,0.33333333333333331
1,2009-03-12,1425,5724.2646195329735,83.83933057710594,60.072277592838113,7.7978095635542104,6.4733057750903136,0.84028120296920372,0.28122002432618559,0.062203000787233426,0.33333333333333331,0
1,2009-03-13,1426,9809.4780615364471,307.82102405763698,76.810624920100622,15.989149062292995,8.3535209266014814,1.7388960372259918,0.17830237881304337,0.19792671255257469,0.33333333333333331,0.33333333333333331
1,2009-03-16,1427,11564.874522515996,750.1372020880284,81.790253244726685,23.046040060964895,8.9339435548581854,2.5173173196029377,0.065375922704321063,0.093508346389296684,0,0.33333333333333331
1,2009-03-17,1428,5887.6975929235059,108.77566709271186,61.212755682134379,8.9178863899960934,6.8528133985037094,0.9983639955215331,0.27388836282565165,0.10845797276612128,0.66666666666666663,0
1,2009-03-18,1429,25784.062164722334,1837.7179264331116,134.36905247005518,38.985916776417753,14.047992939890767,4.0758930241942233,0.17666309032678887,0.053109958178975215,0.33333333333333331,0
1,2009-03-19,1430,12272.163051811825,109.20941543827173,92.468339764408256,10.314578162448621,9.7411998698349489,1.0866029141373319,0.14645868457442893,0.0086955412794813888,0.33333333333333331,0
1,2009-03-23,1431,7533.1403568603855,27.774275049392845,71.670414813442406,4.6831714149915342,7.7586375982075673,0.50697390148758148,0.36120167786142349,0.13372104441184682,0.66666666666666663,0
1,2009-03-24,1432,8642.6659528131931,43.531259977789254,75.317690028824998,6.4507738732077842,8.1073939751157162,0.69437824254120395,0.18402822750348954,0.065086306871979985,0.33333333333333331,0
1,2009-03-25,1433,8589.0989663250166,37.409407258361171,75.90781938311379,5.0810215349769878,8.0903617781096475,0.54154239648036107,0.3112615143440704,0.38801863896484901,0.66666666666666663,0.66666666666666663
1,2009-03-26,1434,8678.6823454898858,52.764425137991651,76.66885974131155,5.4607456417802496,8.2617305755723649,0.58844241829528554,0.24424684393494958,0.13165427269680782,0.33333333333333331,0
1,2009-03-30,1435,6001.6405935532448,201.68312395396129,65.773993734966709,11.754150189881784,7.1766496164720914,1.2825041123711713,0.11518823427450713,0.051605203816721457,0.33333333333333331,0
1,2009-03-31,1436,4762.2224034333694,442.85299108404934,62.265849882500184,18.199760689516665,6.9357671826789398,2.0272637916476373,0.25747691342287937,0.10780873769917722,0.33333333333333331,0
1,2009-04-02,1437,4846.985289340937,496.36878141923381,54.287948257239542,19.033576302482896,6.1690850292317663,2.1629063980094196,0.23544424205926653,0.11405831832438323,0.33333333333333331,0
1,2009-04-08,1438,5261.0607877027915,233.91167506603438,63.565880032327186,15.252936009891604,7.1342177365125901,1.7118895633997309,0.25990891730555016,0.1157501041866323,0.66666666666666663,0
1,2009-04-15,1439,4202.8569016450974,129.6689158370593,55.88567061962673,10.279307871604638,6.3470381169365959,1.1674398491317024,0.27753015565844946,0.1246675954450413,0.66666666666666663,0
1,2009-04-16,1440,4347.7556613014458,39.63355043786396,54.869650998792963,5.8430017613701466,6.2565166475248519,0.6662487755268125,0.42866861233052561,0.22214362136085611,0.66666666666666663,0.33333333333333331
1,2009-04-20,1441,6238.5826704592109,125.99006090727244,73.161478530062752,11.105971671246115,8.2575032200973766,1.2534956739555434,0.13832170677721897,0.17795053219627632,0,0.33333333333333331
1,2009-04-22,1442,7933.883978977482,231.46821058235037,82.742480368759104,10.395404438301247,9.2192178683854156,1.1582623329583561,0.2230622196398393,0.086629083437903362,0.33333333333333331,0
1,2009-04-23,1443,9028.7636415284833,6.3858973321178496,92.163489130634659,2.1085900812486975,10.155756378031366,0.23235152410453966,0.35796116334949651,0.16945443611794586,0.66666666666666663,0.33333333333333331
1,2009-04-24,1444,7633.7333167835923,18.711893460258768,76.917515233317999,4.0673160389541563,8.4757592543601099,0.44818909520155986,0.1734026774757669,0.2473388040149648,0,0.33333333333333331
1,2009-04-27,1445,7530.0686345328568,250.83063499328026,71.049277394684623,13.9610307212641,7.9741052070353104,1.5668945815111222,0.12077183279534716,0.09703020609634827,0,0
1,2009-04-28,1446,11360.752978794952,87.184253577632774,106.17485916889125,8.1765949486840181,11.638789714320772,0.89631076444878255,0.084764527319483141,0.029209947346419077,0,0
1,2009-05-07,1447,8127.26531825231,113.99717002026999,75.611631926310267,10.080453682592179,8.3364533546097306,1.1114061392053121,0.17905745259218472,0.17125636273602285,0.33333333333333331,0
1,2009-05-08,1448,10871.055287958976,391.45186531710277,97.352209527721584,16.025005342422599,10.662892609827118,1.7552032138469442,0.22718815552926905,0.03994818357745604,0.33333333333333331,0
1,2009-05-11,1449,12693.782359824725,1334.9624597717216,93.699504643891146,24.145997697261958,10.218048488973952,2.6331513301267129,0.22011813362729024,0.21950584152968763,0.33333333333333331,0.33333333333333331
1,2009-05-12,1450,14499.710507751499,1013.1487631013861,111.87694138860438,22.772729222367161,12.107894089675797,2.4645810846717704,0.2889819479921098,0.16717418888663613,0.33333333333333331,0.33333333333333331
1,2009-05-13,1451,10870.795441021995,326.50861437851847,95.572443622404151,16.120736604297804,10.329364347193099,1.7423114406158122,0.42465756343095357,0.11739582438111922,0.66666666666666663,0
1,2009-05-14,1452,11179.480025370065,90.16132215565176,98.820806295570492,8.5550478803179431,10.729729239475624,0.92888684911161157,0.11722543634698153,0.24276012744213518,0,0.33333333333333331
1,2009-05-18,1453,7464.7554979120796,54.333975697574651,82.565570422821338,6.2398658381339374,8.9284206999536462,0.67476245884119368,0.45052129849053862,0.16007345078462018,1,0
1,2009-05-19,1454,10885.520984868941,337.3280234492571,99.189827362171101,15.7062009276569,10.557725105074093,1.6717616740454389,0.1619759508872459,0.1237043429439826,0.33333333333333331,0
1,2009-05-20,1455,10529.647792593592,436.15036792916538,90.018541601644685,19.00024975755764,9.6019777708420992,2.0266933074728151,0.41886465564105774,0.25988675244498666,0.66666666666666663,0.33333333333333331
1,2009-05-21,1456,12189.2816059778,255.55038359113504,103.0056792507897,15.940882735880564,10.732553191017422,1.6609411550800275,0.54201691530165585,0.073797406811146216,1,0
1,2009-05-22,1457,7210.7864607719275,42.862245792557587,70.986430647405612,6.5396524618024232,7.5117916029000655,0.69202671553464812,0.34279371339034553,0.024272483398947151,0.33333333333333331,0
1,2009-05-26,1458,10020.23907024503,116.11179793470565,81.97770892291426,9.3789323294595679,8.6201586669731096,0.986217910563572,0.28930245190135295,0.10052175959162729,0.33333333333333331,0
1,2009-05-27,1459,11093.863248868371,386.44406286502249,91.774185029377875,19.331845060688352,9.3480198654828488,1.9691209636555491,0.14132834712774048,0.14469916210579756,0.33333333333333331,0
1,2009-06-01,1460,10192.315303178244,6018.5881733513097,77.003697765805711,76.505578892562198,7.8575201801842551,7.806691723730836,0.25205753251236257,0.071362112788912815,0.33333333333333331,0
1,2009-06-02,1461,6170.5694635266054,22254.062045398092,52.161641611218933,101.17497313605433,5.3403267582512344,10.358328450069552,0.51914218476272389,0.25884102151687233,1,0.33333333333333331
1,2009-06-03,1462,4700.8279217533764,21796.489416026383,47.945576934832161,97.662442384102903,4.9390241498668201,10.060514281133445,0.44944764842242196,0.087866798068671384,0.66666666666666663,0
1,2009-06-04,1463,6630.6060331953786,2965.3441049380085,54.427796588879424,46.315348830168659,5.6577751131891292,4.8144853253813578,0.35473706042563152,0.13263693383700551,0.66666666666666663,0
1,2009-06-05,1464,6670.2963659576953,1966.621932777786,54.394493574308399,39.312213495834534,5.7636549482710882,4.1655325558500174,0.59259692023907484,0.14848458430368516,1,0
1,2009-06-08,1465,6762.0736260450722,821.5684068777017,64.30267813290827,24.197766774769814,6.7262215620196919,2.5311471521725744,0.50220875114334296,0.20080663684148256,0.66666666666666663,0.66666666666666663
1,2009-06-09,1466,10705.786599554498,390.80730512286277,91.5643734427277,17.665503598710188,9.6004585523174537,1.8522153183444496,0.13637655148064887,0.01078230289223764,0.33333333333333331,0
1,2009-06-10,1467,9885.6307075074928,118.05192462803302,84.907655551423545,10.107475951361835,8.9612301373534091,1.0667520792994021,0.39174306620024096,0.31752181638955596,0.33333333333333331,0.66666666666666663
1,2009-06-11,1468,6282.1894279460566,602.26226803885277,62.224210536086993,17.98513618135841,6.6390195290570277,1.9189262396754774,0.34800224458077178,0.17954262373113594,0.33333333333333331,0.33333333333333331
1,2009-06-12,1469,6269.4793225880167,439.19007525957431,58.830308659126445,15.468460176445509,6.3105721275544591,1.6592609467895425,0.2397232307912088,0.077729802025294961,0.66666666666666663,0
1,2009-06-15,1470,8860.618706327512,122.67189704369223,68.465822009618435,9.7754321407516418,7.33038779546236,1.0466201435494262,0.26314459591229195,0.17262814409414198,1,0.33333333333333331
1,2009-06-16,1471,7581.3429817527694,489.80565071976247,63.79334880845272,15.551945023784318,6.8558139503979296,1.6713535759037417,0.44098910267070668,0.27342968410705232,0.66666666666666663,0.66666666666666663
1,2009-06-17,1472,11905.539700808064,803.34096768446841,80.843991730121914,20.453246602657373,8.5958523902309327,2.1747205319146592,0.30328748806413347,0.11515319484179254,0.33333333333333331,0
1,2009-06-18,1473,13082.692254699157,475.69463303728475,99.845008711494259,18.945367759326093,10.675756077144534,2.0257009098450784,0.54499935651790998,0.16206375306569878,1,0.33333333333333331
1,2009-06-19,1474,4925.4727794163009,703.75344162091778,54.586124100370931,21.053456980004778,5.9381152135296089,2.2902863181946995,0.14367985318997076,0.06669698454399918,0.33333333333333331,0
1,2009-06-22,1475,8471.8410367108681,800.2927424560836,72.08959708655955,23.77844473215627,7.8294430721215917,2.5825082522026901,0.11255920070935026,0.067600904434472572,0.33333333333333331,0
1,2009-06-23,1476,7864.9076962913341,260.40702264290019,75.695039467798665,10.628696174213777,8.1087348117620426,1.1385855569591621,0.43761486270049516,0.13786151457198095,0.66666666666666663,0.33333333333333331
1,2009-06-24,1477,10682.024769712249,772.41867515724027,87.973393687554633,25.351078289366836,9.3863316817876381,2.7048363072143862,0.38051177316359475,0.17735415815980615,0.66666666666666663,0.33333333333333331
1,2009-06-25,1478,11465.70927954545,1782.799465334705,89.450722421787304,37.255391333440421,9.4958304057099046,3.9549247700042902,0.32605194098638379,0.28784300249602685,0.33333333333333331,0.66666666666666663
1,2009-06-26,1479,10944.671909334744,1742.1495371889716,86.520938416952163,35.736799652289164,9.2486305095619645,3.8200747891276499,0.27264691955771675,0.19819819293095028,0.66666666666666663,0.33333333333333331
1,2009-06-29,1480,8974.2683743489051,1904.2085555213228,79.143201724611046,36.913905878707887,8.4690424531418973,3.9501236895353551,0.055037762950336959,0.050224572866306445,0,0
1,2009-06-30,1481,8989.0357558193518,727.56923240595279,78.053711853531468,23.964386099050937,8.3973869664907443,2.5782018395966579,0.048259245959345498,0.050090754418787971,0,0
1,2009-07-02,1482,9711.4391294387951,559.11561022127739,93.428922261461409,21.870079646173547,10.105886669709184,2.3656116437180685,0.027436268760551549,0.060096562556299325,0,0
1,2009-07-06,1483,11146.604498500592,1772.679395149388,98.160235402938994,33.591018048336309,10.623402099885171,3.6353915636727603,0.060254875114227481,0.085308150855972209,0,0
1,2009-07-07,1484,10052.85572530949,527.24695350346565,91.542473976093859,18.843892399043625,9.9719470562193759,2.0527115903097628,0.084841066321221612,0.065719685318552629,0,0
1,2009-07-08,1485,7988.0095820505376,128.14129429470091,84.227307662297335,10.097679856815224,9.2379827433284714,1.107505331156043,0.16379527586972659,0.074812198010021175,0.33333333333333331,0
1,2009-07-09,1486,8275.2385383704004,125.4092736450108,85.489074490110326,10.328608793179191,9.3635349934403411,1.1312824527030876,0.12561412318278284,0.088868288962682188,0.33333333333333331,0
1,2009-07-10,1487,6996.3478260438742,46.451959125892643,78.092573840954557,5.5582051084072264,8.5957703732476123,0.61180023207564405,0.29226156883958609,0.27590698867122931,0.33333333333333331,0.66666666666666663
1,2009-07-13,1488,7278.9302655830397,36.671586734886716,85.225593980516123,5.705859155703024,9.2160685569630836,0.61701639964347377,0.18964331549273469,0.35732772997489143,0.33333333333333331,0.33333333333333331
1,2009-07-14,1489,10076.474858070918,526.85458314960226,98.501830578151043,22.440863294379596,10.501261255666423,2.3924161294647757,0.20271984605796514,0.23834779885791677,0,0.33333333333333331
1,2009-07-15,1490,13441.690787971644,574.95853436222058,110.43373878725579,17.290491237670381,11.811095057460513,1.8492503997508429,0.028907660433627722,0.048874608675142484,0,0
1,2009-07-16,1491,13767.890706138814,841.31966500708529,109.89245119988384,21.52773154370372,11.721861461320941,2.2962913646617302,0.084874262340817505,0.038596991518762079,0,0
1,2009-07-17,1492,10819.285774540547,1255.6676512887218,98.381917391485217,29.953857128502971,10.38057688119074,3.1605230417834842,0.10568097120358828,0.069887929004500082,0.33333333333333331,0
1,2009-07-21,1493,8826.1056395563992,2090.8757704740183,79.68251369929628,41.600324239156976,8.4031124386286624,4.3870629305728421,0.40524262151989393,0.1288032609381552,0.66666666666666663,0.33333333333333331
1,2009-07-22,1494,8530.8869018949899,27878.995181472332,71.076701791843604,120.58775204390209,7.4699634042925496,12.673436893736424,0.18554901544913338,0.28541913544913539,0.33333333333333331,0.66666666666666663
1,2009-07-24,1495,12275.524474344473,11181.486706050195,83.373468400047727,91.360803964443832,8.7302061151882437,9.5665763313553729,0.080036443408353822,0.10259138088254609,0,0
1,2009-07-27,1496,7831.9898726495348,801.11634695603016,70.212889391851334,20.649505262774408,7.4358368431931519,2.1868684419141546,0.20210543998201028,0.11427082643105961,0.66666666666666663,0
1,2009-07-28,1497,10256.349198123822,19228.459335215528,79.795187755256208,101.08219264135842,8.5709116815527597,10.857378371789304,0.3935557886472914,0.18029339264878605,1,0.33333333333333331
1,2009-07-29,1498,8567.4015380687433,578.08447159238369,80.324225302247783,20.035151654154181,8.6138579412598162,2.1485417323489742,0.32615071446376737,0.095066336453194719,0.66666666666666663,0
1,2009-07-30,1499,12350.921908142527,649.54039343685577,95.199996729749799,19.580005438618702,10.13844480615014,2.0851975972969865,0.21956847043989761,0.065925059274190026,0.33333333333333331,0
1,2009-07-31,1500,13840.122365474666,2125.8114237151963,110.20893583259537,40.991961347784205,11.483087870028172,4.2711082414987454,0.12782439186186603,0.12284134303627207,0,0
1,2009-08-03,1501,12270.590445899377,1464.35032163442,105.55383139198803,35.945598445598684,10.989467089223117,3.7423840130763857,0.050805217101716725,0.0068462937080564735,0,0
1,2009-08-04,1502,8901.0973076726368,310.68024895405205,82.81154586664438,13.968419203548782,8.6217122193278879,1.4542862262934706,0.065891461042778168,0.0082724030386997337,0,0
1,2009-08-05,1503,10015.201547902474,82.062449524932262,86.261861743875713,6.0288091737460263,8.9483259070410472,0.62539514250477446,0.19739331272495764,0.081023135771630214,0.33333333333333331,0
1,2009-08-06,1504,11399.901993795715,19943.865039854198,89.959482426315205,123.15224683222569,9.4099877014974052,12.882034187471305,0.17056321146150974,0.22892912884925185,0.33333333333333331,0.33333333333333331
1,2009-08-07,1505,11919.566451086232,16337.769607764742,86.880355058938108,99.407774056746277,9.1936883660251958,10.519341170026062,0.19525593553260023,0.024020745010252809,0.33333333333333331,0
1,2009-08-10,1506,11197.847727452276,2187.3433949271184,89.511480965051717,44.000174938449582,9.4947208660887537,4.66721558615217,0.19124295093241639,0.044264485674294751,0.33333333333333331,0
1,2009-08-11,1507,13933.402403775668,939.85426127708706,96.939726851421639,25.981426619726374,10.233805948949236,2.7428267743179067,0.30406863267834738,0.13859727383004128,0.33333333333333331,0
1,2009-08-12,1508,11559.691744268466,605.33217652288192,96.220863731347706,22.731552564581609,10.091333375075795,2.3840118054097128,0.2327137516405515,0.087280108635215362,0.33333333333333331,0
1,2009-08-13,1509,11441.961378087615,1014.0399671931333,95.719848032777236,26.809608954628214,10.038788466992893,2.8117051866416585,0.21618502352750746,0.15259634183518755,0.33333333333333331,0.33333333333333331
1,2009-08-14,1510,10396.107608737961,2173.7207036328155,84.342162099002664,38.331874564908503,9.042311669686697,4.1095550324211745,0.37369453191696372,0.23927021536466367,0.66666666666666663,0.66666666666666663
1,2009-08-17,1511,10323.774543673364,1731.4184320217182,88.788957037746698,34.284330408650511,9.4961451377269217,3.666773305738023,0.19422294752846192,0.078651677198609923,0.33333333333333331,0
1,2009-08-18,1512,8577.5138804036105,1293.3865978704728,83.322473388376849,24.604531140752631,8.8593804772330511,2.6161117640353675,0.12211107035767736,0.25779627263989796,0,0.66666666666666663
1,2009-08-20,1513,11278.745201412186,1404.1356159210738,95.202283438748012,34.579405663742328,9.9949903872701338,3.6303837967183541,0.10281952895038317,0.15850895050580058,0,0.33333333333333331
1,2009-08-21,1514,12773.14064318752,1920.8345053726243,100.10336009950613,40.713815752525193,10.520584350972793,4.2789086445113185,0.3116775169261452,0.22003265612475906,0.33333333333333331,0.33333333333333331
1,2009-08-24,1515,13230.872777266932,1907.4705481929041,102.07810869053556,40.910380484277503,10.739411750713893,4.3040905296451868,0.21547847377890014,0.095084788788079036,0.33333333333333331,0
1,2009-08-25,1516,9543.8205298938992,1012.2119680037648,85.205735734940845,24.378742082337983,9.0596210244487878,2.592104421301221,0.40225683386763683,0.068822237235439204,0.66666666666666663,0
1,2009-08-26,1517,9784.7260637387171,1046.1350208514516,88.445612903590927,26.277302478668844,9.3791742209534394,2.7865644197952109,0.14616247492224282,0.0099895848032798829,0.33333333333333331,0
1,2009-08-27,1518,13837.140533358977,1775.6601691325268,104.8398632009649,39.591318659611069,10.972251512398209,4.1435184363800177,0.16857785418733917,0.12499119009413397,0.33333333333333331,0
2,2009-08-28,1519,107.06392443368134,9830.8208431990206,9.3612984049894212,94.52462119103491,0.98024067067952059,9.8978660933020866,0.048995134672571598,0.0028977347512958427,0,0
2,2009-09-01,1520,125.81923474349681,24395.777013648971,10.645395323632973,122.67276848714307,1.1034356386248223,12.715498158812446,0.23780334392020652,0.20246450308668254,0.33333333333333331,0.33333333333333331
2,2009-09-02,1521,194.25675807776813,12911.982991997278,9.9699609661314526,101.4718544202367,1.0142381450794968,10.322670846412686,0.090361609447526137,0.015717279476796259,0,0
2,2009-09-03,1522,822.7499058038303,315.30667425851681,24.667711589783568,17.308300758517515,2.4942074408274588,1.750080966483065,0.010297815229205544,0.031536653194462833,0,0
2,2009-09-04,1523,613.17664781979772,878.66864631263843,23.842026394000715,28.138245100471483,2.3824158275294245,2.8117157232547072,0.010788522954734229,0.035539919808735269,0,0
2,2009-09-08,1524,785.1396220834946,542.97290053724623,27.045387661874731,21.181462364846993,2.7058917120434951,2.1192058394044015,0.019956933714291688,0.018683860457611806,0,0
2,2009-09-09,1525,910.89749486906021,238.08084305978184,27.111971574161128,12.964114866778308,2.7365098737482847,1.3085152527659154,0.045580075027410072,0.017512358283353239,0,0
2,2009-09-10,1526,1074.9070898843845,4317.6935025413259,32.353922170451902,47.681950068089272,3.2089186382793851,4.7291792777673463,0.053199754256691441,0.0023868957716962295,0,0
2,2009-09-11,1527,920.29158272354641,4313.1538705887006,28.619054310720077,43.455270010781987,2.86405347117539,4.3487885925225909,0.001713170920643768,0.030429117622003097,0,0
2,2009-09-14,1528,1029.5453922731062,1139.9092870956765,28.926103524259361,23.073000683538186,2.904227261471823,2.3165663336885731,0.46910747842366413,0.39403650130376855,1,0.66666666666666663
2,2009-09-15,1529,1059.2304919699056,9174.5708527179286,32.319473148884526,78.043870239561102,3.1818334382362319,7.6833738852632152,0.4679845128714164,0.28890857350285648,0.66666666666666663,0.66666666666666663
2,2009-09-16,1530,1710.797319154449,5056.7260905344783,38.149640266726614,66.355013228797972,3.74566914744493,6.5149742983601335,0.0027249355081409615,0.00082685422643711474,0,0
2,2009-09-17,1531,1802.206243416065,6489.0685071808248,34.250344795550177,75.347878574928927,3.3844214224851954,7.4454425469297361,0.0022532044966862091,0.010263983112654909,0,0
2,2009-09-18,1532,1608.9141623543428,27791.188128855338,30.656404239777732,165.16753046321878,3.0360390433055442,16.357269667067964,0.38029848510387954,0.26479846898991632,0.66666666666666663,0.33333333333333331
2,2009-09-24,1533,2192.4591866549717,3544.0120489894725,35.044156861102316,47.742531573015903,3.5344585840748679,4.8151822060530414,0.60102444866419547,0.57993024511591873,1,1
2,2009-09-25,1534,1233.7845525402506,15008.731960882256,27.989692566278563,113.24795455195492,2.8286702947224414,11.444967615154615,0.38642208734080946,0.11557933440801171,0.66666666666666663,0
2,2009-09-29,1535,2835.5651045242471,17347.712546406714,43.887857477022486,112.65491777111636,4.1738333311481197,10.713734452792806,0.14867513172089122,0.050951700027014192,0.33333333333333331,0
2,2009-10-09,1536,1873.7679749706067,4674.9178178399998,41.459695758435068,55.253678787094636,3.9131378724337016,5.215071145549282,0.0017339823327934413,0.00028409031963342463,0,0
2,2009-10-14,1537,4261.7286377555965,22688.513157830454,55.419807062542908,147.39768716491957,5.2605417240192613,13.99123750972184,0.0048394167119310688,0.011386141060856133,0,0
2,2009-10-15,1538,3272.2563589257975,21117.394709795703,46.449594351380632,129.72396057659293,4.43432881636092,12.38414898105899,0.25541198033190909,0.29653088143906453,0.33333333333333331,0.33333333333333331
2,2009-10-16,1539,2930.7136385568379,6436.7929381136773,48.600528242791448,61.187872305092775,4.5773984688289566,5.7629265180214526,0.10419977064034962,0.076412407226561452,0,0
2,2009-10-20,1540,2689.5152539446026,5689.2951963882961,44.52547947275616,60.596427045495147,4.2254310294430519,5.7505506092996583,0.41375405277542537,0.33813073034484414,0.66666666666666663,0.66666666666666663
2,2009-10-21,1541,2612.0952361044624,49645.759518123938,43.827916933123753,152.25144546622346,4.162195340277659,14.458826729935753,0.2561008212072155,0.039916043267794986,0.33333333333333331,0
2,2009-10-22,1542,1979.2922706824586,2721.4728173920162,41.58092262111817,49.081810441228868,3.9162630205903621,4.6227276139608078,0.19323626634830779,0.24829208310832121,0.33333333333333331,0.33333333333333331
2,2009-10-23,1543,3667.3268051192499,14512.053160299298,51.282401089180134,94.58253207689215,4.8655029496375839,8.9736747701036208,0.0086776003298993602,0.023168493130336736,0,0
2,2009-10-26,1544,3426.9016242358352,30059.474997302172,47.717554537327828,127.03150342692636,4.6037196852221731,12.255813162269789,0.55326892741965372,0.40238431692532378,1,0.66666666666666663
2,2009-10-27,1545,4070.7059075249667,24392.084427407448,53.54134664773877,137.88297439682106,5.1893721005804467,13.363990733881373,0.15475326711515083,0.13693702102249286,0.33333333333333331,0
2,2009-10-28,1546,4276.4927884000272,88935.220399537488,54.18585907555962,249.02040927614431,5.2076750673291317,23.932763986174368,0.055332206143337205,0.27078394720719817,0,0.66666666666666663
2,2009-10-29,1547,4079.6257124337462,101851.2267994893,51.667191283906504,308.60605398631702,4.9679991619140864,29.673659037145868,0.050264200087986495,0.0090850358157346257,0,0
2,2009-10-30,1548,4248.3122277695074,32491.220480483647,60.341136082496405,164.35183224146863,5.5358840442657247,15.078149746923728,0.40867473855175146,0.29875109050602494,0.66666666666666663,0.33333333333333331
2,2009-11-04,1549,2534.5488777447176,7522.3497313594207,40.736943540629454,75.671620355996239,3.7407661653470572,6.9487254688701769,0.0023162099953997679,0.0032884824856597859,0,0
2,2009-11-05,1550,2840.2159373808886,10058.526782974668,47.800110353695949,90.781057003607728,4.358341495664094,8.2772789608942539,0.20637667948116847,0.43880595469432809,0.33333333333333331,0.66666666666666663
2,2009-11-06,1551,4046.5465003153608,18457.840852061312,60.976343324305311,117.58558581501309,5.5094956696910158,10.624403507116611,0.18218331305952917,0.11005380773350611,0.33333333333333331,0.33333333333333331
2,2009-11-09,1552,5053.4151604448916,3124.1364920022002,60.462277195753437,51.216654527688355,5.489085537517334,4.6497189766398872,0.2386568069969037,0.16354888843648041,0.66666666666666663,0
2,2009-11-10,1553,5484.1364855031525,12602.756019137511,72.01451451946339,91.650240873654255,6.457253039180757,8.2179099640129341,0.40840751043482326,0.1850614685225408,0.66666666666666663,0.33333333333333331
2,2009-11-11,1554,4755.0157276714317,3834.0380568967939,62.912326875395742,53.137942728298334,5.6436265418610221,4.7668035638751594,0.39666783820253743,0.33565763725786013,0.66666666666666663,0.33333333333333331
2,2009-11-12,1555,4825.1009708861466,14162.146313543029,59.518709142475245,94.165866989680651,5.3911874223256566,8.5295169374710742,0.49741377266219305,0.51307542590090993,0.66666666666666663,0.66666666666666663
2,2009-11-13,1556,5125.5200674522812,39150.643677021937,64.378567120702272,181.32608628539765,5.6972183292656879,16.04655630844227,0.17982691375283114,0.1383956946392885,0.66666666666666663,0.33333333333333331
2,2009-11-16,1557,4850.224623565442,3225.1431050473293,64.829408694425339,39.492260699606653,5.7131005679158697,3.4802609120605119,0.023774290544409868,0.0038055416531815236,0,0
2,2009-11-17,1558,4908.0707532766983,15247.236480061525,64.966315789076745,80.213001755032565,5.6541615134096377,6.9811141649288571,0.077773365360500224,0.022610930010778976,0,0
2,2009-11-18,1559,8113.1660512814515,14690.447895643309,79.555484238222945,103.21391789411882,7.0062073305348251,9.0897329717409789,0.025639914237699696,0.024244458064240557,0,0
2,2009-11-19,1560,5578.922257165962,8840.1940938049902,69.263906906624243,80.998286820717865,6.0757813075986178,7.1051128790103393,0.40099714346360044,0.324559152248733,0.66666666666666663,0.66666666666666663
2,2009-11-20,1561,8224.7169401663577,6059.8546753084329,86.963885007532781,62.287273695683474,7.4759411139078251,5.3545904745913155,0.0085120697274871041,0.031189485191387017,0,0
2,2009-11-24,1562,6090.0173104289788,13011.973128418904,75.513920965108198,92.040392800322024,6.400840937919746,7.8016861877789383,0.1690560647106184,0.078101206857473418,0.33333333333333331,0
2,2009-11-25,1563,4400.7781724451479,22603.687534687942,63.689575853345865,132.00922112567528,5.4598864854990019,11.316692766881722,0.016782865947984098,0.010365576582053655,0,0
2,2009-11-27,1564,4233.5503529645248,19168.442939894627,63.626744571686153,120.38953145876719,5.4115878861736055,10.23938179534486,0.43257850434577366,0.40104310227440337,1,0.66666666666666663
2,2009-11-30,1565,3818.2768468325198,12819.456475199631,60.553247283564438,90.779856740345849,5.0778404430661999,7.6125666029640131,0.049065758182816908,0.033125512289451584,0,0
2,2009-12-01,1566,5184.9578404576832,24462.537860991095,69.423915609448542,148.68058236109951,5.7256837616040031,12.262316071018518,0.15534393818169301,0.21005157378207254,0,0.33333333333333331
2,2009-12-02,1567,4173.837403652903,73141.382138834058,61.912753615355918,226.56883731899225,5.1220478689022473,18.74406099846885,0.27741127451977177,0.10929514227589442,0.33333333333333331,0
2,2009-12-03,1568,4555.5971130824018,49668.840034979985,57.346729543059077,200.16300973001216,4.8180407093517399,16.816888026045969,0.2629683786517511,0.1104510105138178,0.33333333333333331,0
2,2009-12-04,1569,6816.2551741821198,12298.274143114761,59.664508107649304,107.39466720803095,5.2222764208008137,9.3999708716000825,0.22607016836279681,0.16050760232760367,0.33333333333333331,0.33333333333333331
2,2009-12-07,1570,13340.726561119876,49155.645830961847,96.168776951135669,199.03351928807311,8.3862024810233837,17.356312996561858,0.10643598715632673,0.079747667367972772,0.33333333333333331,0
2,2009-12-08,1571,17639.132233100619,37846.926950845351,111.89130822451132,180.71425124948851,9.8064249101236918,15.838234114766744,0.063469130198296225,0.27258592522708391,0,0.66666666666666663
2,2009-12-09,1572,11914.697583160405,17785.41666139022,94.617707908163311,128.01790193608986,8.3843781930140295,11.34407637891802,0.11639531285301857,0.067568662571984503,0,0
2,2009-12-10,1573,6234.3821961678077,21157.478273508026,67.679209718787732,117.03010827063849,6.0212820034508665,10.411931340804136,0.27690929739358022,0.043130651855825132,0.66666666666666663,0
2,2009-12-11,1574,5742.3221548457404,5502.5569883283169,69.221244131563097,73.584920570237799,6.1598437491936018,6.5481575590867891,0.24824007455778885,0.099197180737840909,0.33333333333333331,0
2,2009-12-14,1575,5429.7489130597123,17948.933424579223,70.021514124944432,126.96733384664337,6.2407766599772225,11.316161661911174,0.16080410524310093,0.20148851333742665,0.33333333333333331,0.33333333333333331
2,2009-12-15,1576,5226.1336776814142,54729.288966961962,66.651816672962084,170.14002384271066,5.8595003668538093,14.957364733425111,0.1217383701194039,0.043327376532041044,0.33333333333333331,0
2,2009-12-16,1577,12185.232022074861,13191.176799558198,96.833581038819148,111.91312995708199,8.6690761896883757,10.019080569121037,0.28335648480352327,0.5790076876985103,0.33333333333333331,1
2,2009-12-17,1578,5499.2087338668216,13686.169515438158,65.987619902572376,90.107882771850498,5.9744336715774011,8.1582510431734274,0.089931731118306421,0.073099205411271947,0,0
2,2009-12-18,1579,5280.8749319034614,21196.014419741612,64.565947230242884,114.70980200175336,5.8404294192892694,10.376282406309667,0.22400405276635849,0.1141790249418158,0.33333333333333331,0
2,2009-12-21,1580,5873.7881367272603,3920.8023016403181,64.053533776484301,57.178308656707337,5.9089975808564859,5.274751721098462,0.14680485778077937,0.097491152876446829,0.33333333333333331,0
2,2009-12-22,1581,3119.759450671429,19750.234045094108,53.248717717682815,124.86344917990876,4.8210699608585621,11.304975027606046,0.11737737195291199,0.051494500052367304,0.33333333333333331,0
2,2009-12-24,1582,3100.6280249910214,12410.107180175544,49.226257720012882,107.36408413512338,4.4508370452091208,9.7074217120364708,0.056946309605075796,0.21101812639165121,0,0.33333333333333331
2,2009-12-29,1583,2277.5631117009466,45624.727706954778,40.242212781233853,198.56156573479657,3.7004333591939176,18.258534780211178,0.14230208863826091,0.37822001284647649,0.33333333333333331,0.33333333333333331
2,2009-12-30,1584,3975.8225647350778,30023.867254476598,59.900311948846515,113.04548693238014,5.3410888942350878,10.079847252107013,0.055591835382691607,0.038548107312190556,0,0
2,2010-01-04,1585,3400.9740108998444,15445.052082543321,51.439424142885322,97.84479556128781,4.5795169501789745,8.7108653960639035,0.1356826269502136,0.4007115693294947,0,0.33333333333333331
2,2010-01-05,1586,6321.3695221256712,42363.391073559607,72.794857982322284,171.48446686958354,6.4420228302940075,15.175616537131285,0.15948926083197729,0.3324369952206408,0.33333333333333331,0.33333333333333331
2,2010-01-06,1587,10360.699315191465,5090.7511817474815,93.149287041787986,71.026129255794487,8.2414764027239968,6.284107874876752,0.28205038345600097,0.26792602666416787,0.66666666666666663,0.66666666666666663
2,2010-01-07,1588,10843.37885968105,7022.7444225912795,93.9875197900122,74.816987613420451,8.3414705826502953,6.64006990134639,0.22172845153480092,0.28320743131931109,0.33333333333333331,0.66666666666666663
2,2010-01-08,1589,10526.962761433204,8604.3444357689077,97.659575967954197,84.494085239834249,8.4829164793011245,7.3393342227869054,0.11547432230634531,0.009727505668083572,0,0
2,2010-01-12,1590,5276.5119859487313,8248.5169457372212,65.033432221408546,88.201453047111045,5.769211108574722,7.8244801993445146,0.18268630385502752,0.38830016794922312,0.33333333333333331,0.33333333333333331
2,2010-01-13,1591,6075.6140441048265,6202.9336489376356,70.928816875809844,75.996864505057218,6.2313917747252221,6.6766408526296699,0.16913278217399494,0.15726983005563652,0.33333333333333331,0.33333333333333331
2,2010-01-14,1592,5411.061448608355,20821.667118420668,65.483972243550923,125.7323825039088,5.8053166882580607,11.146487810630212,0.17574924385279844,0.47225824762706409,0.33333333333333331,0.66666666666666663
2,2010-01-15,1593,5654.9849799414851,5796.3097003188313,67.520338396186204,56.736273540654565,5.9594296907490021,5.0076146108256454,0.13900625371292127,0.031493091703038441,0,0
2,2010-01-19,1594,5910.0986697454182,11475.475090766709,65.78384788645424,80.125692856583029,5.872247077567887,7.152483182913012,0.30590081963946741,0.42939590194399496,0.66666666666666663,0.66666666666666663
2,2010-01-20,1595,5433.8336648836021,6880.0183558245672,60.710382147020859,78.496106451274656,5.4780403471257264,7.0828880172591608,0.08006498439291479,0.13247964966306119,0,0.33333333333333331
2,2010-01-21,1596,6694.363556208923,16983.110476063888,69.471228740224888,124.71008266691054,6.4087849391351375,11.50462017222422,0.097392219425022755,0.04366550945064205,0,0
2,2010-01-22,1597,4059.0678725687189,41073.581979404014,53.841841708809774,175.65130002899994,4.9159408088390579,16.037553072723117,0.12725048553280924,0.070321687527001991,0,0
2,2010-01-25,1598,3296.6941998473262,12825.295084086471,49.430252374924521,90.353311599442193,4.5152091687530964,8.2533283032146336,0.15495665449470561,0.4637840837022485,0,0.66666666666666663
2,2010-01-27,1599,2994.3332518013399,12191.065193090393,46.201255892085932,78.289079268566411,4.2838438472031468,7.2590708640302664,0.18609685870733503,0.0046245063816228232,0.33333333333333331,0
2,2010-01-29,1600,3197.6688239221644,6162.9261233341795,54.48507293390518,75.565420056408129,5.0147328977363257,6.9549397198718941,0.024354174712585899,0.11122122795953777,0,0.33333333333333331
2,2010-02-01,1601,3531.1879115937249,8558.9511943127345,54.279769991725438,70.474637465151019,4.8856678660418931,6.3433517070342944,0.073878099505883643,0.13329835189615172,0,0.33333333333333331
2,2010-02-02,1602,4984.1396709708833,1927.1757849904625,63.972545599326622,38.339123552396664,5.736161900858697,3.4377156289976831,0.33743786376540946,0.36448362541926982,0.66666666666666663,0.33333333333333331
2,2010-02-03,1603,6978.8375973193424,12899.157715873373,69.33570837605923,104.7413629522827,6.400711597143709,9.669177286155799,0.14209317651897543,0.13506870474681845,0.33333333333333331,0
2,2010-02-04,1604,9761.9534442718668,27151.134556576744,74.252499367496213,133.72081094368505,7.0181946472113621,12.639018047607285,0.031643246032868576,0.0074868853692717082,0,0
2,2010-02-05,1605,3262.8906572684341,23714.685052164172,44.735271344450744,140.7102093565023,4.2044427955310857,13.224643736513373,0.22464855521180327,0.021757240310734349,0.33333333333333331,0
2,2010-02-08,1606,2591.2431204806476,51585.4171604847,42.684235074497643,190.64312414643018,3.9845260279577723,17.796324307718102,0.24565687097775035,0.31382792448830937,0.66666666666666663,0.33333333333333331
2,2010-02-09,1607,2816.4143594679504,46131.970169257896,45.894273078142078,173.81199575202891,4.2911896286247853,16.251706007669835,0.15782410347549389,0.37070947709602015,0.33333333333333331,0.33333333333333331
2,2010-02-10,1608,4008.0754145970873,10007.091898254863,59.12437965753611,79.418383167901695,5.3014462817786248,7.1211282822597353,0.36835452249596434,0.15752411123399382,0.66666666666666663,0.33333333333333331
2,2010-02-22,1609,3450.340721142114,13134.340993056112,49.48051057331471,111.16660203521572,4.4697841529642917,10.04215013868254,0.040458025486944417,0.18171870423555872,0,0.33333333333333331
2,2010-02-23,1610,4321.4339442784558,14409.117693604288,54.687248349676942,118.70709190311943,4.9580460879126873,10.762202348424246,0.19067832248885028,0.16265638144500166,0,0.33333333333333331
2,2010-02-24,1611,8319.6465754114834,2573.6127733451654,74.686704204999771,40.424017635821279,6.8238194796710614,3.6933775820759505,0.32213414724758294,0.020109608872322649,0.66666666666666663,0
2,2010-02-25,1612,7837.2440689439036,21434.135244492732,76.597229157783431,122.37648423004123,6.9115478599398541,11.042317548390818,0.19820807632213622,0.028280107752018169,0.33333333333333331,0
2,2010-02-26,1613,10212.058417348651,11363.52468181413,92.142737023373755,82.769379793241569,8.1795594339435205,7.347481561761346,0.17176248103636663,0.32926343792462576,0.33333333333333331,0.33333333333333331
2,2010-03-02,1614,5963.3593652858035,7200.2097688610183,71.301639662398728,77.042244711698231,6.2737914353188513,6.7789040661415072,0.27029379346626276,0.53639011967761208,0.33333333333333331,0.66666666666666663
2,2010-03-03,1615,5605.2285241578029,6071.5548064924733,67.058471271150665,76.011253934023443,5.9108392482283536,6.6999783106234858,0.15321206137527169,0.20428341913040918,0.33333333333333331,0.33333333333333331
2,2010-03-04,1616,5905.6094874199589,10076.858297283181,69.035724742480397,100.08411940307558,6.082442708588581,8.8179840883767024,0.13246255334089949,0.081071738988736444,0,0
2,2010-03-05,1617,5787.9585958110374,4516.135374302532,65.457108945389948,57.653399694563028,5.8145333284823399,5.1213324179047772,0.27733425178892163,0.28015704882264242,0.66666666666666663,0.33333333333333331
2,2010-03-08,1618,6630.2681888521402,5118.3048782369469,68.051699687420978,71.249532431573854,6.0991888583841343,6.385797215467071,0.19833139652660595,0.020236308913093689,0.33333333333333331,0
2,2010-03-09,1619,5169.4088929311638,3188.4563732099141,63.506260437270306,43.52315791473999,5.6676716142142176,3.8842621967639439,0.089973296006974943,0.11589410392491944,0,0
2,2010-03-10,1620,5298.9081902825637,32044.461372090311,60.982366038378053,143.24856129535101,5.5237650397081568,12.975413160810779,0.2073835160088148,0.39647461763024711,0,0.66666666666666663
2,2010-03-11,1621,5904.2292701141714,26119.727941258581,63.922125653968656,132.55661479439937,5.7782712455564891,11.982518851471129,0.11435975704369339,0.18213947046310316,0,0.33333333333333331
2,2010-03-12,1622,6081.4913884009702,26893.41673140672,64.172014685436082,152.92263776791688,5.8113665098878045,13.848552209003111,0.14704076524303933,0.1240256263272681,0.33333333333333331,0
2,2010-03-15,1623,6380.7363079502002,18119.509806733186,69.47549740111549,102.56035525263503,6.1934920794397579,9.1428888123588177,0.082600904158706454,0.076841844016345348,0,0
2,2010-03-17,1624,5268.4005154283741,40429.486007597625,62.951008328761986,169.98722164436435,5.606858902584011,15.140255768814461,0.20004893897937759,0.12837582708019421,0.33333333333333331,0
2,2010-03-18,1625,5458.8341686280828,19968.255893482699,60.655319726267557,113.62607551743145,5.4866865424032172,10.278251969012343,0.22513372640977192,0.29150993150630761,0.66666666666666663,0.33333333333333331
2,2010-03-19,1626,5610.5209028527597,20659.637374831993,61.179082894942894,127.95382664319443,5.5541609527864635,11.616325614452514,0.11070904857380963,0.071869285936121713,0,0
2,2010-03-23,1627,7031.8428872746035,52314.308811149262,72.204829079238607,221.84032283547913,6.6061142798937427,20.296461375615653,0.2907099635235279,0.048620975070069322,0.33333333333333331,0
2,2010-03-25,1628,7465.3726563063001,10766.300948942071,72.012512962622395,102.82911424200954,6.5674886422820231,9.3779401953497068,0.078976487528320913,0.13361641122822826,0,0.33333333333333331
2,2010-03-26,1629,6450.3317911587028,20614.474471065048,70.510053989638735,129.34158905332197,6.3665962970328422,11.678698785853001,0.14219227990262695,0.3443903277584171,0.33333333333333331,0.33333333333333331
2,2010-03-29,1630,5843.3994695195042,31754.441447460838,68.145957813760631,161.54830375476672,6.1559130816405272,14.593342705940989,0.2363360260070215,0.18822376966405105,0.66666666666666663,0.33333333333333331
2,2010-03-30,1631,6283.1099281611678,21525.284329612536,70.995483625777794,140.17947791851444,6.3644539332835306,12.566515277320883,0.093141977342829654,0.06879707732769437,0,0
2,2010-03-31,1632,6112.4327988771474,52444.508978035599,70.489935823086014,142.76420232032834,6.222903184558465,12.603328388464211,0.10637560838111328,0.12955975187212235,0,0.33333333333333331
2,2010-04-06,1633,6189.151090074366,5337.5861331832011,69.090104990644093,69.253918237674881,6.049921627902286,6.064266045330549,0.1865203775381945,0.059940638849220247,0.33333333333333331,0
2,2010-04-07,1634,5108.166788062058,2987.3498880174707,63.894914331334348,53.977026347527499,5.5657590880953265,4.7018315633734753,0.1518935113491113,0.058122576623344711,0.33333333333333331,0
2,2010-04-08,1635,4503.2292073109174,8241.150483577354,63.673841828363948,79.252617381991129,5.5248452779491499,6.8765828531011834,0.18509217089715721,0.36481415383381105,0.33333333333333331,0.66666666666666663
2,2010-04-09,1636,4803.6100153557063,26219.541394671407,64.962040170233038,146.65054281155653,5.6062170589197882,12.6559260247298,0.33073131488744706,0.44703951680978227,0.66666666666666663,0.66666666666666663
2,2010-04-12,1637,5307.5992285974971,26262.051674283397,68.837874508987554,126.54827412992434,5.9950249953396515,11.02096878989108,0.29146886974278852,0.55803023587670142,0.33333333333333331,0.66666666666666663
2,2010-04-13,1638,4702.5973558743617,4067.4311724864765,64.555083144071361,63.191012456626595,5.5916052961516982,5.4734527896601648,0.16801429983298324,0.016847043389506655,0.33333333333333331,0
2,2010-04-15,1639,5217.9407834253552,25101.366064873742,68.300437162810184,140.43846145471375,5.9314317987677105,12.19613212806893,0.20998590509023052,0.17664404957791172,0.33333333333333331,0.33333333333333331
2,2010-04-16,1640,5270.2116638509469,3341.0367213861282,66.204027635076116,45.548184129864772,5.826537085595259,4.0086410675348532,0.23931638173065603,0.10790188434017951,0.33333333333333331,0
2,2010-04-19,1641,6611.9778660688216,5166.7066890921587,73.834607240995567,55.169261624062152,6.4498455768504535,4.8193283794769295,0.13097378853247602,0.088756334659046365,0,0
2,2010-04-20,1642,6788.4063442309625,21149.957829935487,69.281418115806147,134.48048397324501,6.0613664143312462,11.76557165120254,0.029047280757571601,0.029671808904256192,0,0
2,2010-04-21,1643,9217.098763849177,38961.943517940068,79.112094543770809,175.10822597469769,6.9779135209500156,15.445047495011925,0.36171363839917464,0.32459861389210226,0.66666666666666663,0.66666666666666663
2,2010-04-22,1644,7105.1854841165186,48522.220423330225,72.089627178064504,197.62260548096879,6.326426255205309,17.342922815354871,0.13300631771564966,0.068115897227488342,0.33333333333333331,0
2,2010-04-23,1645,7153.4517128265188,29508.287717928924,77.855992614379673,107.16242954097955,6.7436979310852907,9.2821506748358207,0.24060654088369371,0.3043492708757371,0.33333333333333331,0.66666666666666663
2,2010-04-26,1646,7996.7594763035231,18983.399507400816,79.137092659640984,124.89691505182327,6.8844795702167021,10.865325363360006,0.031771860393611177,0.030830983430049391,0,0
2,2010-04-27,1647,9281.7259954824531,10796.633919368747,88.164970453413233,82.854772044393414,7.5938820373310278,7.1365006067522314,0.11608021636140581,0.066741149590725288,0,0
2,2010-04-28,1648,6352.6589979085775,1173.4363878218471,75.688294407351648,29.951548648759019,6.4183416923766501,2.5398811658901015,0.027535158590765274,0.032597037954796633,0,0
2,2010-04-30,1649,4628.6850367818506,21111.450168710446,66.772004395195381,130.33837071418006,5.6335797844501485,10.99669864705168,0.045850327128750201,0.023143158213544904,0,0
2,2010-05-06,1650,4480.3143931989462,9620.9191829140746,66.476865771795474,70.122538095852335,5.5293712432352242,5.8326087000085129,0.1483684600845748,0.170859793488086,0,0.33333333333333331
2,2010-05-07,1651,4414.347032455441,14452.452694582578,65.931551989998908,98.542951406062187,5.5103679055577857,8.2359340916056993,0.15203444431602281,0.15586499115345928,0,0.33333333333333331
2,2010-05-10,1652,6116.1435581777296,17108.495418217211,76.733752412441092,97.994329903053696,6.2767895633898645,8.015896106589258,0.26863733171256005,0.11660718880713337,0.33333333333333331,0
2,2010-05-11,1653,6767.2395171279268,32999.401213950543,78.280186380953793,176.02918421368659,6.3256716267437412,14.22458054252013,0.086615932913920266,0.01953314125394787,0,0
2,2010-05-12,1654,5526.9683223926659,5573.1632880417428,72.595993235161515,65.936784792096958,5.8663428876898189,5.3282250337048049,0.012448709588205223,0.025116638618640472,0,0
2,2010-05-13,1655,4265.2282714216126,50698.064804667607,64.922135576096323,212.47658826100755,5.2504759867445472,17.183711141205624,0.50558301570323649,0.50902075139925973,1,0.66666666666666663
2,2010-05-14,1656,3853.6810431589583,14760.151983135984,61.873897529431211,118.71488005494075,5.0059787645170886,9.6047637584903516,0.25335136928434548,0.45595684994029534,0.33333333333333331,0.66666666666666663
2,2010-05-17,1657,3375.260318062692,38824.30321418387,56.163245382839627,185.08405399522658,4.615841001260705,15.211346126585298,0.54706734670892609,0.36050485485808009,0.66666666666666663,0.33333333333333331
2,2010-05-18,1658,3257.5980935664952,14436.741985427119,50.628638518571812,119.79421886124965,4.2367061521817417,10.024620825209174,0.36535900360966139,0.10150117146654526,0.33333333333333331,0
2,2010-05-19,1659,5942.0198180967955,13725.627473686121,74.714228094996614,86.895037950227717,6.2679721556205221,7.2898521770325262,0.14591219083990706,0.11946068819063262,0,0.33333333333333331
2,2010-05-20,1660,8606.9955375092959,4215.7747393280706,86.986164226876937,56.788673372739446,7.3732709664655163,4.8136192729594782,0.27821159028506742,0.19458183932370413,0.66666666666666663,0.33333333333333331
2,2010-05-21,1661,10394.629438224663,21919.943702365465,95.12146099718575,137.01586343876215,8.0136024428968611,11.543038200401192,0.1808672894083129,0.18946496901223717,0.33333333333333331,0.33333333333333331
2,2010-05-24,1662,11233.149186882214,9393.2179422961399,100.82612070599582,89.139586318744932,8.4144477952009868,7.4391476168366308,0.17355891499761497,0.22591790565386435,0,0.33333333333333331
2,2010-05-25,1663,6941.6326170362345,2892.3897542580075,73.732160912252311,53.308925367841994,6.0835116264234586,4.3984261854655111,0.13707028123595391,0.073099287302135663,0.33333333333333331,0
2,2010-05-26,1664,6258.6871230186634,13133.584499166187,74.210702973248246,100.2820454128921,6.1458139108280108,8.3049312971339209,0.0092604354042607421,0.0063174447197485691,0,0
2,2010-05-28,1665,7628.2523362888214,20211.699107295477,81.996465691396907,110.05747584974954,6.67859626889814,8.9641601180818196,0.20657016299156042,0.093323590669129861,0.33333333333333331,0
2,2010-06-01,1666,2898.2717741158799,3523.7351042324972,52.754804001031594,49.144514215240555,4.3419591770396373,4.0448159847934617,0.091879607114802628,0.0514299170780129,0,0
2,2010-06-02,1667,2980.2644901984168,8979.5372973430585,53.606291191978848,92.769071969622772,4.4120404273233627,7.6353145654010524,0.17551852558275272,0.0038603960567839563,0.33333333333333331,0
2,2010-06-03,1668,2742.4796169359452,77.204246330939739,46.804808709019575,7.4352178970068508,3.8890576409654813,0.61779957598727475,0.15356384215289356,0.13702823745387646,0.33333333333333331,0
2,2010-06-04,1669,5016.7859481221294,2616.892493632412,69.31426412206649,39.997779447561392,5.7048777055198761,3.2919983084412667,0.44337913796328093,0.022039367961945538,0.66666666666666663,0
2,2010-06-07,1670,6258.0279875439928,2210.4532842418976,74.868556274629029,42.164288504822935,6.0087123815914154,3.3839717901142001,0.18212234270155639,0.31484153948324778,0.33333333333333331,0.66666666666666663
2,2010-06-08,1671,2588.4684111698757,10991.101323671113,50.746026267898436,91.666897167711497,4.1139867262179521,7.4314468721290226,0.0066073423952766122,0.0063852575326461347,0,0
2,2010-06-09,1672,2658.8586786317665,2185.2624369862415,49.969252409694342,40.35963464375186,4.104250711268528,3.3149597243328017,0.26947598132592715,0.23335359993614047,0.66666666666666663,0.33333333333333331
2,2010-06-10,1673,2798.4337258589426,4608.9334041483316,51.37038138251031,67.091945728009861,4.2106869985664188,5.4993398137713001,0.12221365063030432,0.10724004396956116,0.33333333333333331,0
2,2010-06-11,1674,4186.1194337769302,1145.4717552544494,63.2005827323513,30.587052531928595,5.0763520266948836,2.4567913680263933,0.13173777343916318,0.16444149504923347,0.33333333333333331,0.33333333333333331
2,2010-06-17,1675,3374.2627072288028,6350.0372534185153,57.580621884583856,64.449623942946346,4.5844444175624091,5.1313394859033723,0.15785698306454041,0.10695570954695162,0,0
2,2010-06-18,1676,2220.4898294599411,3837.4472398625621,42.220599463445673,58.175689664419984,3.3655320417254426,4.6373606747245901,0.19024124012903829,0.1511518944082626,0.33333333333333331,0
2,2010-06-21,1677,2544.1454141191798,24937.505087285648,41.270640096766932,155.74880994358486,3.3390485515183603,12.601036403202656,0.29801600371374559,0.31419578673559195,0.66666666666666663,0.66666666666666663
2,2010-06-22,1678,3911.1692940165835,8312.9533739310409,58.569963852273681,76.965044232175543,4.7753741420524811,6.2751768636099099,0.1790353590764098,0.040085944939706651,0.33333333333333331,0
2,2010-06-23,1679,3474.7119247972073,12165.794411262215,58.643431125083907,87.382545953058454,4.7436546916144708,7.0683555877094797,0.11224315293780783,0.044748167007375363,0.33333333333333331,0
2,2010-06-24,1680,3413.9930738670337,18828.864889475659,58.021404281518244,134.2157789010962,4.6269062425453145,10.703012671538772,0.2449271139704694,0.080509366344391931,0.33333333333333331,0
2,2010-06-25,1681,2815.2122787706944,1540.7385300872522,51.158588878404998,33.659867747980421,4.0569856366697064,2.6692995835036015,0.012407481541201007,0.0082968578212940947,0,0
2,2010-06-28,1682,4522.8281406412516,4145.2735822279255,61.224304049049728,58.984202354219178,4.9594413972498765,4.7779831797666406,0.017340375197683337,0.0064269030595735894,0,0
2,2010-06-29,1683,3368.6335323344415,25392.544656442744,54.51131672321511,127.73479931099867,4.3819386433452658,10.268070684163881,0.18338940352981992,0.037244887703704425,0,0
2,2010-06-30,1684,6508.7870557439264,25585.807585845658,66.663721558174302,139.80548513329063,5.548374661520957,11.635912204185653,0.2053126208980294,0.26921457358292877,0.33333333333333331,0.66666666666666663
2,2010-07-02,1685,4095.3221713244825,13583.422790423792,46.651184902426394,103.2050664628611,3.9038648453913303,8.6364072353858656,0.021628351382879288,0.020626296649774133,0,0
2,2010-07-06,1686,4623.2135886243223,3230.7173613912851,64.407084706253343,53.411970487433713,5.3976186638385366,4.4761760307926854,0.17612829345584333,0.052845476577275556,0.33333333333333331,0
2,2010-07-07,1687,6716.3256808753986,2987.8103223942685,77.188976303832987,45.607250548583728,6.4674466949168812,3.8213029366220135,0.44140020791598272,0.029908527320148717,0.66666666666666663,0
2,2010-07-08,1688,6971.1662292921492,5691.2585045699698,76.987399129361322,73.836959589992532,6.3691746952935944,6.1085385389859388,0.12067967787614242,0.36156977412954144,0.33333333333333331,0.33333333333333331
2,2010-07-09,1689,6126.5217347607222,10264.489384545448,73.141357572390845,74.899859821520522,6.0673046513804101,6.2131779196615939,0.11102834222847452,0.26299285470739892,0,0.33333333333333331
2,2010-07-12,1690,6345.3427278427853,5769.2381092660826,73.952749939148589,72.877570380382096,6.0816406199957713,5.9932212483866847,0.34525172731836484,0.14401190429545899,0.33333333333333331,0.33333333333333331
2,2010-07-13,1691,4356.4899643475537,9744.558605112632,63.370410847485196,95.027764735153667,5.2502411638347297,7.873054244834603,0.31493144872293127,0.39939857567270537,0.66666666666666663,0.66666666666666663
2,2010-07-14,1692,4782.9956026181389,1235.3548880520373,66.954151597707778,26.773784914436419,5.542562218353293,2.2163729233804985,0.02398629010971769,0.019503890339421376,0,0
2,2010-07-15,1693,3851.1667523959604,168.71078711273358,55.283794677159598,12.637023936451518,4.6486268385250868,1.0626044932900163,0.2518066011317513,0.2921603670508402,0.33333333333333331,0.33333333333333331
2,2010-07-16,1694,4629.7308918645294,12771.55392511149,61.298215130004415,85.574386707306758,5.1815904590029094,7.2336759684959224,0.023734079494519025,0.020984396174002967,0,0
2,2010-07-20,1695,5817.71335518049,1855.4339916628244,70.894499995661889,39.85489161494403,5.9500209815914298,3.3449342521984078,0.063352644580470005,0.024361537329478832,0,0
2,2010-07-21,1696,6205.9393244359662,2319.9350324038292,74.309769239170308,45.913181388738622,6.1950620457832697,3.8276933212787507,0.16854825892510406,0.40826481362189188,0.33333333333333331,0.33333333333333331
2,2010-07-22,1697,5106.5719648260483,6215.8223522895214,65.036814194732642,71.5630090707607,5.4629831326948874,6.0111725384931303,0.14076742873862391,0.38762552436829378,0,0.33333333333333331
2,2010-07-23,1698,5957.4951896732637,5095.0445414706192,69.806732452032819,69.506009530233996,5.8983297382368249,5.872920112398309,0.1697316149515179,0.030474129357886803,0.33333333333333331,0
2,2010-07-26,1699,5536.1231139839629,35969.716526770273,63.697669964006231,153.02677541118865,5.4535676339046431,13.101607483834647,0.10755127342102096,0.20936797449102129,0,0.66666666666666663
2,2010-07-27,1700,5975.0131243822625,33106.793421176728,70.111020995688932,172.36212990810154,6.0597252373110573,14.89733188488345,0.018711109464689221,0.071724967303266371,0,0
2,2010-07-28,1701,9625.3560520272167,22909.020117728516,89.429290380885661,92.926654103870007,7.6928421833019911,7.9936906756017203,0.13928628160437151,0.0014941338721283072,0.33333333333333331,0
2,2010-07-29,1702,11661.842126051872,40088.920534685021,98.357080254290693,199.48001693197534,8.4137793202986071,17.064158847902082,0.267844281178021,0.31098834206984999,0.33333333333333331,0.33333333333333331
2,2010-07-30,1703,10213.691967510067,72328.895853394482,95.39022973249962,257.52924643788992,8.0261026278922696,21.668426288421532,0.15594106268768673,0.36391590790392464,0.33333333333333331,0.66666666666666663
2,2010-08-02,1704,5581.7281463223671,34065.318661902842,71.910763678987678,150.83957174505107,6.05564325717791,12.702279725899038,0.20004478059126782,0.48969591309410704,0.33333333333333331,0.66666666666666663
2,2010-08-03,1705,6076.9697233453016,1476.2336160762534,75.17452216941706,36.621997955803941,6.2671548286300185,3.0531052901879066,0.19320117423801023,0.20983393395516714,0.33333333333333331,0.66666666666666663
2,2010-08-04,1706,4303.3584532190389,9073.4269936594937,61.825817622201839,77.334330185712744,5.1845549368722716,6.4850591350702507,0.18180397566858089,0.22863493175790825,0.33333333333333331,0.33333333333333331
2,2010-08-05,1707,4669.7045183870923,6118.557635002152,68.03499154978779,56.884263881120887,5.633201535896319,4.7099369804281421,0.10124763576665319,0.060768939530813547,0.33333333333333331,0
2,2010-08-06,1708,2961.0879985929173,1109.3808429129926,51.787959111844962,30.889442996603822,4.304901006803405,2.5677009972239255,0.3463214079323364,0.30210518686281246,0.66666666666666663,0.33333333333333331
2,2010-08-09,1709,4766.436879939075,11845.406287705635,55.90245047157017,78.116294196184,4.68783651753209,6.5506326369965606,0.13532408620781131,0.031073706111179877,0.33333333333333331,0
2,2010-08-10,1710,4469.434599853058,761.19523120310862,64.397342861152993,20.984749798918603,5.3419612493698034,1.7407507091595689,0.23023629457774245,0.019404133036930112,0.66666666666666663,0
2,2010-08-11,1711,4438.2536055931132,8349.4166755194365,65.263351745475276,64.499807320540711,5.3803257828091731,5.3173790041665887,0.40945208156246454,0.29201347727547988,0.66666666666666663,0.33333333333333331
2,2010-08-12,1712,3171.4735689443041,31805.714264216203,53.963513014320448,174.89369478392072,4.4441847242594568,14.403433789081385,0.19289210114516764,0.16084521515740458,0.33333333333333331,0
2,2010-08-13,1713,3844.0834658277613,1938.535166042712,60.339282262913606,35.772493422397702,4.9316945045291058,2.9237836879769268,0.3457451895074915,0.30082626555600922,0.66666666666666663,0.33333333333333331
2,2010-08-16,1714,3569.3481866713555,694.41688753334813,58.124760097454931,20.648568810955947,4.7410081645558675,1.6842225783813987,0.018718099357991441,0.021942384312550064,0,0
2,2010-08-17,1715,3034.7688327350438,697.27515637467911,47.991133239193083,25.092988892636487,3.9401587224296448,2.0601797120391208,0.077543313447814677,0.081382506695695273,0,0
2,2010-08-18,1716,3171.3872433806332,13629.883526223863,53.346860390499614,91.806325662529161,4.3512936696981743,7.4882810491459351,0.25091648633901864,0.08419679699362996,0.33333333333333331,0
2,2010-08-23,1717,3029.3710197531041,15470.931559492594,42.938304122274303,116.73456350430813,3.5137728414299758,9.552746604280534,0.29214932646707653,0.22299051989802846,0.66666666666666663,0.33333333333333331
2,2010-08-24,1718,2763.5307577456388,3970.1694706168964,47.27156820368797,50.982797739606745,3.8199247033283208,4.1198220395641814,0.29466807920780619,0.15732941519250213,0.33333333333333331,0.33333333333333331
2,2010-08-25,1719,4046.9791494494511,3028.6133268149447,56.056728175209479,38.823684917408627,4.5316675970258267,3.1385355632504948,0.016241961988646091,0.018051258307032993,0,0
2,2010-08-26,1720,7140.2882648775185,2371.7456021572302,71.150305000107736,37.949113254265889,5.7611582996038662,3.0728026926531089,0.37595191319791321,0.33167445811765078,0.66666666666666663,1
2,2010-08-27,1721,5673.0503060421916,375.92742832931498,65.762787737486633,17.215825558099294,5.2779123384820741,1.3816874444702483,0.33725466362880213,0.12189927158085444,0.33333333333333331,0
2,2010-08-31,1722,8962.747613790496,7398.995716361821,82.796585388109406,82.674314938590214,6.6423253420063704,6.6325162405607871,0.075131990606259649,0.086062780257051164,0,0
2,2010-09-01,1723,7363.2352578817236,9977.4394570836139,74.525216339077744,96.76348331892352,5.9691803235144363,7.7503791204584322,0.055594258162216387,0.1251515276347154,0,0
2,2010-09-02,1724,9058.3736962649182,9014.7360096862176,79.972051895892037,83.208724796304367,6.4467595240541753,6.7076763237649635,0.137336087274291,0.11580561691956907,0.33333333333333331,0.33333333333333331
2,2010-09-03,1725,6439.4832272815793,2118.6708108320577,74.595709737179277,36.735171176841199,5.9356045145955258,2.9230293357343307,0.11914100197685322,0.17411201144171762,0,0.33333333333333331
2,2010-09-07,1726,6120.6030661782206,5848.8942787868755,69.027355183347183,65.149625449156247,5.5001876640117269,5.1912052150722108,0.029997490691704303,0.014968974837580846,0,0
2,2010-09-08,1727,6378.2791609863316,9031.0024114130265,70.799205269728873,91.640929685926039,5.6413709378270012,7.302066110432353,0.55321034344944942,0.38641438206081907,1,0.66666666666666663
2,2010-09-09,1728,7731.4474112674325,10400.521187641196,74.432590597518285,96.364222689371829,5.984529897287902,7.7478772011555224,0.47018694223344637,0.21012219166758453,0.66666666666666663,0.33333333333333331
2,2010-09-13,1729,6892.3481036610829,2108.8793563722775,77.820343799504897,42.593317601854174,6.1493752508498538,3.3657303517861847,0.21605693226288561,0.095549623808207917,0.33333333333333331,0
2,2010-09-14,1730,4484.0429262379612,17948.271921346091,63.397293480380164,88.106832296978538,5.0037327135264533,6.9539725569833095,0.060115070467019999,0.026596998318750509,0,0
2,2010-09-15,1731,4922.4329585676069,6531.3464630846802,63.591262585486447,65.516398910430254,4.9973487297042398,5.1486364566153435,0.05830956834189182,0.12602287973773227,0,0.33333333333333331
2,2010-09-16,1732,4216.1247865595251,7144.1041977544191,48.861784627103738,64.369732100662375,3.8353049157852226,5.0525692386705172,0.014656961221896933,0.021387444243752236,0,0
2,2010-09-17,1733,3671.0590250602472,312.77490206785893,51.141304734795163,15.844697588267612,4.0110827242976592,1.2427213794719696,0.01126237528176423,0.015733632233617432,0,0
2,2010-09-21,1734,3842.7248943302479,17265.12446154801,56.888861564706303,107.37754016908541,4.3861882470860678,8.278915972944132,0.013201652280331841,0.020326190950484657,0,0
2,2010-09-27,1735,3095.3892270700876,471.09209244977984,47.045195323456255,15.913678089306586,3.6356410605453058,1.2298051073652694,0.047557824425094479,0.114679178854232,0,0.33333333333333331
2,2010-09-28,1736,4433.6051424079114,15829.048130772289,61.196008660407642,121.32068488992847,4.6803830715416934,9.2788286722698619,0.58065043245658854,0.39431428432691246,1,1
2,2010-09-29,1737,4920.483589911888,8117.1136593644324,57.702092551287784,88.526470376483459,4.3013114089666624,6.5990659989924296,0.024330140662983352,0.098758060081159185,0,0.33333333333333331
2,2010-10-08,1738,5275.1169134445117,1293.7508705213725,49.402253377833709,31.612922218626561,3.6634967280558919,2.3443027229237345,0.054711609465120659,0.012928226234366126,0,0
2,2010-10-12,1739,4052.2935398717887,6528.2487471450077,43.441068590888712,64.396899663125012,3.1813305449204479,4.7159941166697195,0.0080326980464284353,0.0019710891328221626,0,0
2,2010-10-13,1740,5328.4884857183488,4872.1805307092254,50.190901840106562,63.981998780759035,3.6548990963121466,4.6591661227568926,0.066375281777694584,0.010116054509680257,0,0
2,2010-10-14,1741,4797.2859569782868,24578.951827423891,49.31758062343139,117.23930525335527,3.6064044331576888,8.5732581538102561,0.19733769818559319,0.11026009757358302,0.33333333333333331,0.33333333333333331
2,2010-10-15,1742,4945.6932448520738,14072.399377563821,48.750116183620321,91.879978171440143,3.5655597866974085,6.7200569150806464,0.46043174442235696,0.33561125293041605,0.66666666666666663,0.66666666666666663
2,2010-10-18,1743,6680.7263586719237,3067.4610783595235,51.379661078070207,54.725177847878363,3.8371666227087533,4.0870185099237011,0.38214506122195968,0.26454920733874554,0.66666666666666663,0.33333333333333331
2,2010-10-19,1744,2843.2364035030082,6791.9193916237409,38.346470204017884,80.493454792270768,2.863814055565189,6.0114604027087957,0.1763373027731622,0.072529909436689646,0.33333333333333331,0
2,2010-10-20,1745,2983.8547830566567,4526.2548786846537,39.57697512350736,63.745942914844818,2.9458113229257434,4.7447668712203068,0.3621192841400025,0.46450303479708022,0.66666666666666663,1
2,2010-10-21,1746,6153.6226193410394,3598.5537793677686,56.784544557244772,58.604998596949976,4.2455734248407309,4.381682138089718,0.0045449537036755172,0.0097363909807621721,0,0
2,2010-10-25,1747,5099.9051665492971,24991.287774565801,53.767777083901365,155.09352306964652,4.044210386152792,11.66555269421937,0.57081354754995262,0.40955732839025316,1,0.66666666666666663
2,2010-10-26,1748,5353.2951728040407,14799.689885735286,56.821667661569336,82.55393861072973,4.2900466335650682,6.2328379472049624,0.85864350696673541,0.78931813984095411,1,1
2,2010-10-27,1749,5129.6540407695657,5669.4259034528113,46.443257022984049,69.817078247818245,3.4828089256081025,5.2356264152844574,0.15770474088025332,0.066826250068528631,0.33333333333333331,0
2,2010-10-28,1750,3713.0600117440995,9846.9396659052709,41.311784216532565,77.645311837619985,3.067516927160391,5.7653842092162604,0.022366152180566316,0.013674090095777981,0,0
2,2010-10-29,1751,2947.6607827220237,855.2723404055572,32.991722918142763,29.10128870144672,2.4357122863154497,2.1484893836431684,0.020848545785895151,0.018665324243275404,0,0
2,2010-11-01,1752,7218.8940152229325,38910.340327484198,54.051587886585821,186.806788337748,4.000857726616271,13.827297434326276,0.010257638317721295,0.012001047814200208,0,0
2,2010-11-02,1753,4259.5391694001564,21426.588524118382,51.880685421069074,108.16809993290674,3.7567476771230321,7.8325923195442959,0.33094626148512835,0.13992421483962347,0.66666666666666663,0
2,2010-11-04,1754,4730.1229236317886,9341.7978032947049,67.704120261453838,91.815950672076724,4.8760619561724043,6.6125999763829109,0.0045969242666973253,0.025560366400782259,0,0
2,2010-11-08,1755,4843.3250689154511,18833.14489040972,69.05066051677295,122.58351544673194,4.8593005289776885,8.6265668857657953,0.34784225501332305,0.26933142157805495,0.66666666666666663,0.33333333333333331
2,2010-11-09,1756,2740.5613779114324,6554.945239276788,48.54846610632535,68.704535315820749,3.4914394898472025,4.9409949885523732,0.0050969287606873678,0.0023967033156024457,0,0
2,2010-11-10,1757,3372.7406381543365,16324.161108005239,54.856103652717671,114.61257874067557,3.9224957921142418,8.1953935459903864,0.11335320134258901,0.021721657000816297,0.33333333333333331,0
2,2010-11-11,1758,5189.7759449205414,10362.53685678082,63.469647908064495,70.588649501808959,4.5710945558562832,5.0838062298746101,0.18308416472096326,0.053423762279124522,0.33333333333333331,0
2,2010-11-12,1759,5411.9267043527143,20167.37702937108,51.540672271477511,117.6307920825127,3.7662164611967484,8.5956004444656706,0.14587464081630089,0.015522102389303254,0.33333333333333331,0
2,2010-11-15,1760,6053.4777015156833,5913.950601547821,47.674980259781329,70.756176706526205,3.5340978695167773,5.2450835216105416,0.21911149558354395,0.19503315988625258,0.33333333333333331,0.33333333333333331
2,2010-11-16,1761,3989.6521275620198,2051.7517550937478,43.636477321626295,37.27649077163187,3.2317331843455874,2.7607102959919918,0.15528139246502745,0.086723295397240441,0.33333333333333331,0
2,2010-11-18,1762,2337.5233237802568,2041.006477965492,36.38389316794504,43.095216111412661,2.710159640070394,3.2100719636061572,0.1963359335664551,0.30863188596315116,0.33333333333333331,0.33333333333333331
2,2010-11-19,1763,2350.460485721002,1501.9739456345035,33.861406070441717,34.965202922050139,2.496233399958844,2.5776043436822813,0.2810777028774864,0.12759223756599211,0.33333333333333331,0.33333333333333331
2,2010-11-22,1764,2687.2081980141152,2227.279202317513,41.405675670115365,45.333032747348703,3.016806970500209,3.3029532056356068,0.17915768495969853,0.27303301920136541,0.33333333333333331,0.33333333333333331
2,2010-11-24,1765,2465.6618949732078,6943.742210082567,38.134590369744352,66.169457635168555,2.8143609128962623,4.88335480702351,0.18119110387529133,0.12431155041721902,0.33333333333333331,0.33333333333333331
2,2010-11-26,1766,6183.3135070673006,1572.5928396149218,55.409945496920422,34.205661265694062,4.0832679069211801,2.5206824808912351,0.30333784024533456,0.24736096638935068,0.66666666666666663,0.66666666666666663
2,2010-11-29,1767,4456.622439479208,700.12577150662401,51.144475036015969,17.897547123299319,3.6967455754258016,1.2936427266569801,0.54864753623805484,0.43685180660341638,1,0.66666666666666663
2,2010-11-30,1768,3323.8864427194239,10689.274469109578,48.999314419478196,100.89121570889908,3.5365798931416954,7.2819354535473897,0.10799328224151407,0.10631854248855301,0.33333333333333331,0
2,2010-12-01,1769,3820.8561758863457,1775.0087876578709,53.587787494515474,41.854150994603515,3.8580120586404227,3.0132578109865746,0.28555454084402082,0.18630898254200465,0.66666666666666663,0.33333333333333331
2,2010-12-02,1770,4152.6996583206819,14210.022639831312,61.659074856907409,102.73973149995034,4.3932365412830352,7.3202516209440924,0.24787462591858569,0.11464289378542479,0.66666666666666663,0.33333333333333331
2,2010-12-03,1771,5358.6973127738684,54191.312619609736,73.181914983728191,220.64490834103131,5.1536559847695917,15.538373826833194,0.033759282687412427,0.14121031566841277,0,0
2,2010-12-07,1772,6032.4958866377201,32008.937102043525,64.235539630269912,105.68715940192692,4.636271355486822,7.6280880116872547,0.17238523314499998,0.27932357967826565,0.33333333333333331,0.66666666666666663
2,2010-12-08,1773,4831.4171674776499,7629.7193722599332,59.714135325682946,83.807340226407405,4.2921211375153954,6.0238878868936139,0.13393354603684707,0.0093795523741443659,0.33333333333333331,0
2,2010-12-09,1774,5538.7879520514616,12565.663802008808,57.304138554497968,99.836131082057136,4.1668161101252839,7.2594896260357844,0.23391466334421027,0.40133080559984741,0.33333333333333331,0.66666666666666663
2,2010-12-10,1775,7224.3281393697835,8494.7011247912815,73.204775121654919,89.427322358785275,5.2326501159152912,6.3922317626008054,0.24665104930315143,0.11197551398960337,0.66666666666666663,0
2,2010-12-13,1776,3762.0482196570993,36519.307151053734,56.761249037111156,158.36307880729245,4.0703656534321375,11.356262374133557,0.09267134706060326,0.088801505107512183,0,0
2,2010-12-14,1777,4174.1414540921533,51306.252161163604,56.689302949872854,185.76234004392958,4.0820380161924641,13.376226105773506,0.229518577134003,0.08709401180781802,0.33333333333333331,0
2,2010-12-15,1778,6524.9108673135315,2864.3599724156593,61.346129681943161,43.125036713516998,4.5008165577361092,3.1639792159586939,0.072702687312249104,0.079813187869823318,0,0
2,2010-12-16,1779,6175.988093095526,4453.2759873904351,57.478341911917674,48.690048685962211,4.1650972399940338,3.5282643975334937,0.17387382840167701,0.24157988701610567,0.33333333333333331,0.33333333333333331
2,2010-12-20,1780,6697.7693002804981,8197.0347464508231,64.424241965459714,77.550557563119057,4.658296599093255,5.6074155866318911,0.15507159388298009,0.10043775085010298,0,0
2,2010-12-21,1781,9991.9370042887313,10374.513712913509,76.623122910911363,95.774250755839446,5.52437800367061,6.9051370407959238,0.16774252705986967,0.44572910696895612,0,0.66666666666666663
2,2010-12-22,1782,6709.1538127293288,8337.9752460609889,74.394792521534256,89.570274187550694,5.2668879661263182,6.3412583495611115,0.14688865074006902,0.2464244962665092,0,0.33333333333333331
2,2010-12-29,1783,4726.592812887061,7490.4399505025831,65.132862398573863,80.307346680225692,4.6341417572802461,5.7137920085539449,0.005628934825672313,0.015639754814355408,0,0
2,2010-12-30,1784,6543.9873742195678,23992.480850714623,66.894384872374232,120.05118608889818,4.8177446793211542,8.6461063081669565,0.11820810784533453,0.052361587314171128,0,0
2,2011-01-04,1785,6442.0732052510693,12173.602264769564,61.168031547177101,85.074615918982019,4.4713473353199644,6.2189046724402059,0.034758600194512351,0.062612536593983123,0,0
2,2011-01-05,1786,5682.0625331041747,9881.0789903273781,56.294465152612169,83.684817566460197,4.1135889771729754,6.1150761831538318,0.088141662790124656,0.04525955267560023,0,0
2,2011-01-06,1787,4402.7808165826855,6361.9075432987602,45.984092716725627,67.095990179561042,3.363869255064055,4.9082655581244365,0.27458351910738998,0.27774289903957755,0.33333333333333331,0.33333333333333331
2,2011-01-07,1788,2920.3109822571751,6978.9574652554438,43.439451021554611,66.596724138164973,3.1615320976386179,4.8469231541604785,0.041325000377843112,0.051706607135940802,0,0
2,2011-01-11,1789,4572.1238950320385,11892.295185955654,52.115240182506419,82.417002806894587,3.7798904937447992,5.977661128333243,0.10186986772263666,0.18631975947624305,0,0.33333333333333331
2,2011-01-12,1790,3738.9173806396734,292.32037678886155,51.042897624738998,14.069304607701952,3.6947446706289537,1.0184078615781362,0.11108865751177464,0.35311681604831496,0,0.33333333333333331
2,2011-01-13,1791,4917.4896023213141,5984.4191478868061,50.795252805718142,69.557632233728853,3.7158195176092277,5.0883417873978685,0.15804344535702952,0.19607297898154608,0.33333333333333331,0.33333333333333331
2,2011-01-14,1792,4488.6382287841552,6484.6993494655107,49.299881717445565,68.612249948162571,3.5998453243844879,5.0100219020199033,0.14937455953188863,0.059447240442851317,0.33333333333333331,0
2,2011-01-18,1793,4334.2236196977883,14167.422480613111,49.499479276962802,102.98911773647092,3.6078337665424782,7.5064954618419035,0.18131600713480026,0.35252213985818409,0.33333333333333331,0.66666666666666663
2,2011-01-19,1794,5794.6188319965941,3064.7729716506597,47.565230550187607,49.370374614341621,3.5351341917642221,3.6692957721547099,0.32110125895884001,0.27337533408361647,0.66666666666666663,0.66666666666666663
2,2011-01-20,1795,6533.5749812306567,14477.195569822616,50.926384885377651,120.12966833401713,3.7905757264888464,8.9415458380362569,0.041809559702561859,0.019580152501000557,0,0
2,2011-01-21,1796,3514.4821361634454,3878.1249725287598,39.397322506696277,58.415063555746805,2.933531087616998,4.3495952014703505,0.23407067505633802,0.11582109716802892,0.33333333333333331,0.33333333333333331
2,2011-01-24,1797,4218.8455247257307,22077.902079507665,51.685046990956529,131.1387467111775,3.903704455510312,9.9047391775813818,0.26793708242527381,0.10804977841119745,0.66666666666666663,0.33333333333333331
2,2011-01-25,1798,8328.5420923985312,5863.0137907190447,75.98012947883565,55.572969149707966,5.6935278740229052,4.1643288984419602,0.049035741598304615,0.0010787991088448761,0,0
2,2011-01-27,1799,9128.4201237611123,15363.253902247889,78.691994975692907,106.35089901350314,5.9660344939873307,8.0629946181579335,0.40677559190729701,0.33866431986893514,0.33333333333333331,0.66666666666666663
2,2011-01-28,1800,4662.6411593757275,2055.5910186645056,58.56377891398521,42.744555735385951,4.4132463386575145,3.2211421051534255,0.20165509030606943,0.051760184943431924,0.33333333333333331,0
2,2011-01-31,1801,5895.4939719979675,15348.847384981775,64.217142812513046,104.75250114355283,4.8229172221188925,7.8672550614759915,0.37999416189761392,0.38702529262258606,0.66666666666666663,0.66666666666666663
2,2011-02-01,1802,7179.6111868503531,538.2856073974541,76.410748711097085,18.80909878569658,5.5978570484320214,1.3779559549960865,0.28913401634047226,0.33839301980503,0.66666666666666663,0.33333333333333331
2,2011-02-09,1803,6174.6521322925591,5772.6526987319839,51.443072203296957,59.701160602855076,3.801446310977052,4.4116874637247419,0.21856455436158906,0.27701751563225097,0.33333333333333331,0.33333333333333331
2,2011-02-10,1804,1979.4031621859224,2258.5224083921166,31.156971158732706,46.55903858805717,2.2825619896507479,3.4109185778796465,0.080377686283925706,0.030360050944409276,0,0
2,2011-02-14,1805,3083.131178306754,11425.509821395433,43.801821399213701,94.829395312774366,3.1908083335795809,6.9079872746512017,0.39288316075775703,0.3993077737484822,0.66666666666666663,0.33333333333333331
2,2011-02-15,1806,3212.091131064939,4854.0285654987601,46.899404903956565,68.892049869193144,3.4009720742535579,4.9957976699922506,0.38335930482106589,0.29419951697194335,0.66666666666666663,0.33333333333333331
2,2011-02-17,1807,2814.7000924779736,21397.410085697582,46.306800180265633,139.08622625526263,3.3470762689024673,10.053214763661918,0.16214369223218852,0.25880109720535133,0.33333333333333331,0.33333333333333331
2,2011-02-18,1808,3587.2595648221795,26932.496749426271,56.082630725610521,146.91798212224208,4.0030428783447904,10.486651115077951,0.22561532973891096,0.19843033993588635,0.33333333333333331,0.33333333333333331
2,2011-02-22,1809,4247.9512283358372,14693.051072025528,63.57879338277818,91.405141024385401,4.511534034612608,6.4860841599705807,0.36188632260094011,0.18814345378817421,0.66666666666666663,0.33333333333333331
2,2011-02-23,1810,4890.8541607785919,4337.6553105583871,69.086103019450249,60.558289724413953,4.8945166857563045,4.2903499627640072,0.4507163865177734,0.13782042243797216,1,0
2,2011-02-24,1811,4128.2360554059223,7128.4960770846337,61.17015623553425,51.845902991113235,4.3615084659917471,3.6966775751239385,0.17895263006492076,0.38317838892904083,0.33333333333333331,0.66666666666666663
2,2011-02-25,1812,5168.2151672876744,3981.4074718121378,70.933804302283008,50.410664501875999,5.0272008718839833,3.5726906096297668,0.28456786605590972,0.030652388308716628,0.66666666666666663,0
2,2011-02-28,1813,5683.2421729698153,19102.377308714418,72.678158532316274,122.4076761216583,5.1154783411800997,8.6157083316317635,0.056681515951330232,0.10438148739987918,0,0
2,2011-03-01,1814,5775.2580367860055,7186.7321297299195,72.547919631767854,82.861575773516662,5.1036172797585548,5.829164669258998,0.12399136698469548,0.31841825960627385,0,0.66666666666666663
2,2011-03-03,1815,6958.1825804760856,59039.488004258215,83.021015944649506,197.52522520665971,5.81787077397684,13.84199195561736,0.17000275846307888,0.052572475422187265,0.33333333333333331,0
2,2011-03-04,1816,4897.6860002806852,23663.144821879894,68.743156305011254,146.16817069700437,4.7821326125225214,10.16822057022639,0.011666545443703954,0.035870756910639498,0,0
2,2011-03-07,1817,2208.8872800306376,33367.449178366151,46.697504777645612,158.41919786257964,3.2741458213949599,11.107393364598048,0.044468679042435011,0.071905209342497944,0,0
2,2011-03-08,1818,5055.4283486573468,40101.373536362182,67.9165682941303,190.41235322428983,4.7460914251663384,13.306244110712077,0.25046308396313194,0.1139169936076304,0.66666666666666663,0
2,2011-03-09,1819,2406.1908273222166,48378.40025872094,45.605184766097636,210.98584599861283,3.2269722105853624,14.929124075613858,0.022551223007734888,0.042228231481447297,0,0
2,2011-03-10,1820,5959.2766235954487,8276.3705853512929,67.008944238633219,75.881690248892554,4.7473570130097924,5.375961051993805,0.2078983644138146,0.14546869491570077,0.33333333333333331,0.33333333333333331
2,2011-03-11,1821,6016.0411820056324,9715.3814827283113,73.98816050399266,92.847787735823815,5.2021909301453801,6.5282325706327162,0.12698527268543033,0.27614257468969478,0,0.33333333333333331
2,2011-03-14,1822,5595.8234340899844,17810.534082895771,60.984686448315642,116.38380418334539,4.3544938556455293,8.3101609556119538,0.0039961000912444112,0.011385096130348084,0,0
2,2011-03-15,1823,6624.9213407337638,9600.0646322250122,70.855654128851256,80.692016937416994,5.0538982973503037,5.7554933621552777,0.26233864769958748,0.047306472997376912,0.33333333333333331,0
2,2011-03-16,1824,7477.4183479898393,11965.650727060711,81.869235776029271,108.56231966777121,5.8321806429940706,7.7337360404467459,0.16742538195145715,0.074527650083592661,0.33333333333333331,0
2,2011-03-17,1825,8288.4616038702134,10991.846549988672,88.949546452500954,87.055787784233488,6.2640525670775311,6.1306892805798237,0.41262879172607297,0.075645865921870434,1,0
2,2011-03-18,1826,5572.0415953500269,9593.3574562892263,71.370362227951318,83.899699602570919,5.0049342375842443,5.8835693970947345,0.032716167892438454,0.04285417009413809,0,0
2,2011-03-22,1827,5611.5927092242391,13298.709345119394,73.830659893015152,110.15220147053121,5.1289100307756277,7.6521154199743799,0.0039152399321308205,0.0046744182924654586,0,0
2,2011-03-23,1828,4311.5459752078241,58766.631149762768,63.299320056102566,231.52267699743115,4.3745210819697693,16.000185003277895,0.11751758312966586,0.054944257534024009,0,0
2,2011-03-24,1829,6418.5853792733569,75755.341827298806,73.191764268622521,228.91663577851099,5.0969195173135455,15.941269901010514,0.19242283156430717,0.1715901111922821,0.33333333333333331,0.33333333333333331
2,2011-03-25,1830,5609.5029152810021,10004.514416405138,57.994088407788617,85.101937587371523,4.0927373611706859,6.0057824691158457,0.20557448740676557,0.055370297998814634,0.33333333333333331,0
2,2011-03-28,1831,6594.4041592887706,1663.0992850387629,74.758647501439029,30.156101290312865,5.273978659713511,2.1274145531084914,0.26776860834169952,0.13571274506301501,0.33333333333333331,0.33333333333333331
2,2011-03-29,1832,6449.2428700601913,9531.2954156812175,77.78430544000291,90.95174686756998,5.4566331420556233,6.3803400117551723,0.21471901630470078,0.38327776213186321,0.66666666666666663,0.66666666666666663
2,2011-03-30,1833,6133.9136695545121,18687.729939245481,78.051750251524183,117.88566921081399,5.4240271196333696,8.192193829799443,0.20237270814246985,0.19989072400309713,0.33333333333333331,0.33333333333333331
2,2011-03-31,1834,6474.1872446436255,20027.687664364115,79.927448185696903,135.27883583846733,5.4688640564965381,9.2561639301038188,0.017626069628386212,0.034955017352475436,0,0
2,2011-04-06,1835,3651.8882888031826,17850.15202029888,58.90770792217662,81.640433781866861,4.0361567606835642,5.5937261926595987,0.035475809252383826,0.0076921442122508893,0,0
2,2011-04-07,1836,5313.2422757280538,59871.656653269245,72.182297231778122,232.81273308504433,4.9120311147858535,15.842989662132993,0.26740167922769148,0.21166722695071458,0.66666666666666663,0.33333333333333331
2,2011-04-08,1837,7425.1696664021174,18890.628663209052,81.363898262626662,116.95189382509291,5.5424998816503175,7.9667502605649121,0.13421012452952508,0.20513076050617762,0.33333333333333331,0.33333333333333331
2,2011-04-11,1838,6972.0072610674933,37233.534031811585,76.768592880300659,141.18173811692154,5.267141878579805,9.686568652962027,0.25839777811119485,0.14913623105269871,0.66666666666666663,0.33333333333333331
2,2011-04-13,1839,5721.4762742814773,9304.1888675967584,73.779825719216205,78.844201842855682,4.9960945128976606,5.3390351679604322,0.1753949239507161,0.034859296095733044,0.33333333333333331,0
2,2011-04-15,1840,8424.409387339585,48979.113997432818,89.240111500400488,137.84349212975235,5.9772345278232075,9.2326518506197157,0.20894669915268205,0.15779030798513533,0.66666666666666663,0.33333333333333331
2,2011-04-18,1841,6450.8907804239598,49569.029690903844,75.584809427057806,188.61877655375187,5.0711042889673132,12.65473173792364,0.024361991722323936,0.036598316963515454,0,0
2,2011-04-19,1842,6224.9814612954897,24131.740685425106,59.938690306041131,130.98091624503505,3.9932505200560375,8.7262435872774855,0.19162831275233627,0.090741164835253338,0.33333333333333331,0
2,2011-04-20,1843,4158.2134097758526,14269.297706079547,44.772103487549352,114.90985654497263,2.9768685829487596,7.6402830149582854,0.022927835742316906,0.010564626603935994,0,0
2,2011-04-21,1844,1324.4445118891347,29726.338241813995,31.264212923719015,164.05674566004404,2.087760462351854,10.955375336229986,0.21968195007630262,0.099609914070184088,0.33333333333333331,0
2,2011-04-26,1845,4519.3832229754689,6599.4760518363219,54.587467730862194,72.954350316184446,3.6126715903945859,4.8282164338970519,0.19572314968752183,0.16048839345360377,0.66666666666666663,0.33333333333333331
2,2011-04-27,1846,3836.8763539297856,32286.989094545166,54.622208335190258,168.76197816934587,3.5572913275929827,10.990685650885437,0.11290576082384984,0.044172753824172413,0,0
2,2011-04-28,1847,4313.396234613705,1532.9954454550127,53.745477604404947,31.962589456394955,3.6155719881873494,2.1501910162391495,0.01108862025228128,0.0073766896843650807,0,0
2,2011-05-06,1848,6382.7636377797653,29072.558142045891,71.256436406267312,155.60372854229709,4.7441036222548147,10.359768877649607,0.25683309153740819,0.10151044301924954,0.33333333333333331,0
2,2011-05-09,1849,5990.3394357298348,54852.784035992714,72.904620862750036,212.3872697783344,4.8169554583911482,14.032855617993684,0.079214892819304397,0.126433285604728,0,0.33333333333333331
2,2011-05-10,1850,6538.6240696574105,1269.6404872217199,74.465030611414477,33.627574454999831,4.9379993774147533,2.2299452556365935,0.10974967520048325,0.10138305344353009,0.33333333333333331,0.33333333333333331
2,2011-05-11,1851,7436.5832015958704,21397.247048137833,71.411080723276356,141.19456829413312,4.7942988065308061,9.4793265051448898,0.21706517535497541,0.14871976766974768,0.33333333333333331,0.33333333333333331
2,2011-05-12,1852,10016.978937528416,15427.116289514614,88.52937402405162,109.23578260707389,5.8794204897261579,7.2545762979959418,0.1973871848777761,0.17255889277788719,0.33333333333333331,0.33333333333333331
2,2011-05-13,1853,9623.9643993664013,7551.4280854188719,93.924400804554125,69.136568963227774,6.258497471567825,4.6068011969500438,0.095713255498394656,0.17263656639837324,0,0.33333333333333331
2,2011-05-16,1854,6342.5869228666343,63143.264427326707,73.143492427350111,225.81342547892373,4.8876373155596466,15.089437051715585,0.10748326233527424,0.037973530633800844,0,0
2,2011-05-18,1855,7715.6019375156247,25355.524585745316,80.051572383053482,128.76610165901002,5.3617931937745134,8.6246551680515751,0.095440817720804524,0.051040769361753668,0,0
2,2011-05-19,1856,9377.9225366308019,32782.293713964122,93.557253201100295,157.03770628504071,6.2758512964011599,10.534140954891209,0.15299173942191674,0.1297881528015529,0.33333333333333331,0.33333333333333331
2,2011-05-20,1857,9348.4489279067002,37059.158886390891,91.429288265708308,165.67703958047505,6.0529154760482164,10.968357469743466,0.052116247486350735,0.030047754764196081,0,0
2,2011-05-23,1858,8205.1106723168141,16349.798508300089,86.435714524269542,120.9236281106045,5.6604921102992494,7.9190326202098547,0.075740975105533334,0.015384818759043415,0,0
2,2011-05-24,1859,7149.8992834958117,51426.942452611889,75.858422474348956,221.66199566341743,4.9702488107681546,14.523308479175588,0.031958581644418192,0.02820683453347304,0,0
2,2011-05-25,1860,5111.4526244651597,39600.422913233437,50.445487473755669,169.95335346087822,3.3220604197402488,11.192186596040711,0.39374900156990233,0.1407434422712377,0.66666666666666663,0
2,2011-05-26,1861,7912.261743379061,4667.7912085644848,82.289367895047235,65.009920298601926,5.3678648333364132,4.2406993019309809,0.12554479526241688,0.064752410772415156,0.33333333333333331,0
2,2011-05-27,1862,4812.1365155355288,22261.449170845193,55.126975158177402,140.46364443455619,3.5878278658104397,9.1417926739053801,0.18938216800010502,0.17014795240729944,0.33333333333333331,0.33333333333333331
2,2011-05-31,1863,6778.3697590701777,53720.5465816258,54.951672680496813,231.61344347383942,3.5828311446126686,15.101121008889285,0.37153672424991285,0.30931507072867931,0.66666666666666663,0.66666666666666663
2,2011-06-01,1864,6477.0922731323917,51597.70387615564,60.701851085299118,191.27011338180986,3.9429588233386887,12.424171054355952,0.36976067433438647,0.193197049657609,0.66666666666666663,0.33333333333333331
2,2011-06-02,1865,6724.5357307573431,34327.661918340396,61.235401814102715,180.39176823634534,3.976324793123553,11.713751184178269,0.024460627139170344,0.03763378275751366,0,0
2,2011-06-03,1866,7041.5484548818058,27739.003607447466,62.858279604164103,162.60520375575115,4.0684970617581948,10.52460865733017,0.28683901088566821,0.16265106981110314,0.33333333333333331,0.33333333333333331
2,2011-06-07,1867,3800.1719473435264,52536.582624087729,51.89742174047668,194.54882965935704,3.3748933012828277,12.651525258290166,0.27873095801480968,0.4103258768741716,0.66666666666666663,0.66666666666666663
2,2011-06-08,1868,9887.3688534964876,68595.643993598394,82.36884991471463,252.43180934596899,5.3564526037857014,16.415659850168684,0.091210328929508602,0.10193672482683087,0,0
2,2011-06-09,1869,12632.533660588082,31439.277527486222,93.117246276223725,159.09352109753368,6.0890793706865267,10.403369043487572,0.82012795150414808,0.43416116345059869,1,1
2,2011-06-10,1870,9610.4613272345232,9405.1069380591853,65.137081129859553,91.468393934062988,4.2966412354788615,6.0335352199249996,0.19564954850969721,0.3997955386473695,0.33333333333333331,1
2,2011-06-14,1871,8724.8630200974112,11615.28155534144,74.4006763174594,105.34616890219097,4.8635840050635339,6.8864957608884438,0.15425448331383096,0.050396249036417505,0,0
2,2011-06-15,1872,9912.8796124242126,16808.68349473225,69.065514348817715,111.23474170966529,4.5340892400339881,7.3024612972043519,0.04112036229117929,0.08870620999716694,0,0.33333333333333331
2,2011-06-16,1873,7809.3954056707444,8336.9505769215448,67.890834477065326,71.332895511601009,4.4156640310286397,4.6395379194537236,0.079924450733742089,0.046441579769934099,0,0
2,2011-06-17,1874,8352.3438185330651,4391.9904314716741,70.438199161833765,62.716171012838082,4.5620595312068497,4.0619281744066109,0.14409193744801166,0.25619306739905762,0.33333333333333331,0.33333333333333331
2,2011-06-20,1875,3377.2299060835871,60150.357041470714,44.293701910574477,224.66545020551098,2.867370248297425,14.543806454475543,0.070036404904822047,0.020880252518775833,0,0
2,2011-06-21,1876,4789.048239638345,89865.761152340347,53.651209258954772,277.30165825941373,3.4557944772273608,17.861620499801209,0.20801958902396578,0.15991776637039734,0.66666666666666663,0
2,2011-06-22,1877,9929.0299106732909,31119.208310427373,72.08141006133603,161.5315841667406,4.7328568654849654,10.606144725327683,0.39694849528112774,0.20663895727426054,0.66666666666666663,0.33333333333333331
2,2011-06-23,1878,6488.2981136059861,46931.749306532671,57.080807589122891,208.22249620013554,3.7683319088379528,13.746327526003336,0.019255987982900003,0.029657575321840744,0,0
2,2011-06-24,1879,8735.8602213541981,23582.83562545363,84.116385486103354,150.89423345473929,5.6152460271097029,10.073046292038672,0.011164118770795012,0.026568258745793299,0,0
2,2011-06-27,1880,8801.5322559575452,14798.39980658383,84.606959641092246,101.2756536390096,5.6442267939354407,6.7562143855243226,0.013040486928602898,0.01436439427807136,0,0
2,2011-06-28,1881,11234.427527437461,6759.4719135638106,95.532263446693378,51.365485572396061,6.3508235630176761,3.414690747707898,0.52526231304031112,0.42684173427645139,0.66666666666666663,0.66666666666666663
2,2011-06-29,1882,8476.3831230954474,19064.498905700068,79.988547873980906,126.43193780569057,5.3130885336420395,8.3980031754028932,0.42179471604722157,0.39829139029362198,0.66666666666666663,0.33333333333333331
2,2011-06-30,1883,8686.1126393244649,832.53550562398539,81.721957078077665,25.497352426639736,5.412050137621037,1.6885663858701812,0.25646819210782495,0.32111594001135108,0.33333333333333331,0.33333333333333331
2,2011-07-05,1884,8453.5735380374226,23562.361772744644,88.450265243457579,136.13905833386775,5.791472597378136,8.9139995635205604,0.28897190231011466,0.34393580645438604,0.33333333333333331,0.33333333333333331
2,2011-07-06,1885,8848.0741716210559,30238.567956617713,86.408997567101849,152.20960340224823,5.6568901844256532,9.9646221539933375,0.12450099007054338,0.20822522771878252,0.33333333333333331,0.33333333333333331
2,2011-07-07,1886,7926.8039346977748,3731.3498004530998,80.948568968882682,52.137438787263591,5.2512856937322532,3.382253570370652,0.53969364239650541,0.27167335494758499,1,0.66666666666666663
2,2011-07-08,1887,6041.9210318095311,44301.856291626427,66.226942937218539,203.52644203225691,4.2575983887636468,13.084309998859332,0.56722757116840705,0.32881279674584812,0.66666666666666663,0.66666666666666663
2,2011-07-11,1888,5088.5047258062368,53667.707347383133,51.376595419505598,228.06167877494104,3.3135501721706286,14.708911884872045,0.36749476183824314,0.27674710920336526,0.66666666666666663,0.66666666666666663
2,2011-07-12,1889,5483.9680686161419,92894.828828821235,55.253424002210899,294.82908289694393,3.499266877910761,18.671886187266875,0.065577262541237691,0.071095958957368477,0,0
2,2011-07-13,1890,7347.6740863380646,16966.59602495129,73.024754134709383,117.9561434151135,4.5913080248166862,7.4162932043453935,0.13349093615683225,0.10806465752539247,0.33333333333333331,0
2,2011-07-14,1891,7942.1391600605748,24337.248355599553,62.613051063625257,117.17781991295222,3.9453718376575466,7.3836055395685074,0.15274998988942926,0.18905122359216864,0.33333333333333331,0.33333333333333331
2,2011-07-15,1892,4760.0329817694164,23048.135817221395,41.844562257406473,133.34598574674101,2.6136516088323845,8.3289185350868831,0.36088270721609828,0.24386465009099986,0.66666666666666663,0.33333333333333331
2,2011-07-19,1893,6283.8188512508304,53323.328869669269,62.265096584275774,178.64018801245302,3.9259203394877544,11.263567970520368,0.13933030803760113,0.12736371130986557,0.33333333333333331,0.33333333333333331
2,2011-07-20,1894,6508.5106380701436,28006.416242352749,67.687330512467426,139.83757348013373,4.2278157721716063,8.734389349165129,0.3208789282614613,0.2360507278015439,0.33333333333333331,0.66666666666666663
2,2011-07-21,1895,6758.8414328320068,28794.632038326774,55.317241081292345,161.61731290126622,3.4530113034514573,10.088471466995394,0.064261387789499011,0.19102116537658706,0,0.33333333333333331
2,2011-07-22,1896,5763.17556888943,15697.230483003257,55.424831990082644,125.20460278575517,3.4350686080001638,7.7598142414474855,0.12643447952951922,0.046673656971409017,0.33333333333333331,0
2,2011-07-25,1897,6020.2850985118339,28696.788236002856,50.197800477924297,154.52717202837979,3.1125593227669692,9.5815949172766874,0.030801209287147663,0.0063923015531925677,0,0
2,2011-07-26,1898,4941.7894887637149,35790.448892073175,51.618111008000902,146.45900447846589,3.176499138953901,9.0128618140594394,0.71420257837690626,0.71850221038129947,1,1
2,2011-07-27,1899,7466.5694062580951,14953.922239916094,65.582742880017193,117.17012381900342,4.0646261468867175,7.2618607882865467,0.0094658838628025582,0.011668575061463397,0,0
2,2011-07-28,1900,8570.9932471883403,88690.825204641747,59.258485761581063,243.33410787426087,3.638838548454471,14.94222338804181,0.13146561038715218,0.13443506463735908,0,0
2,2011-07-29,1901,2904.7559177619842,35360.687679666989,36.514904251938937,156.84412696439617,2.2498400648144758,9.6638402319406129,0.014093859050233705,0.049856447201810546,0,0
2,2011-08-01,1902,2070.3206539663929,69697.687104317345,35.001346660456569,252.58983350674725,2.1371605349080491,15.422978690688277,0.39196964630103714,0.47928364666696455,0.66666666666666663,0.66666666666666663
2,2011-08-02,1903,8165.09435844362,59514.806488502312,62.645437923560245,227.42745047954909,3.7529092660512346,13.62452900880929,0.014609781059394734,0.041588298153175926,0,0
2,2011-08-03,1904,9862.594716083504,180812.89230041741,76.733347089130646,409.02690189662513,4.5688209043840811,24.354087638977386,0.012969419559945483,0.0050619476821418445,0,0
2,2011-08-04,1905,9144.4753695256641,84605.107964081762,80.953864852771559,287.7784719894276,4.8804138569869808,17.349116623326456,0.026966130416695686,0.024252091408991889,0,0
2,2011-08-05,1906,10282.19320364709,164234.60463096041,93.529642218038973,375.64735825993813,5.5244915663342562,22.18826687890952,0.21455251456211158,0.19601169301508162,0.33333333333333331,0.33333333333333331
2,2011-08-08,1907,13778.108079866031,137682.60254207623,98.299714847324665,353.36565286727256,5.6624259704680107,20.355164335672384,0.15639377656990341,0.06245063453213389,0.33333333333333331,0
2,2011-08-09,1908,23434.462889061895,147772.86216043559,141.95944142826033,351.74530776079195,8.0112551596083694,19.850186668216249,0.025038796228347832,0.0046724427072129598,0,0
2,2011-08-10,1909,13080.471954743945,68880.187871733331,99.555773446198302,186.67982824679879,5.6565780367158114,10.606808423113568,0.058541245551041593,0.010279549153625139,0,0
2,2011-08-11,1910,10192.322405239685,67858.769962283754,88.072515015575846,168.41500064705565,5.0733015561967649,9.7013249220654156,0.74895708585955212,0.62426705123036652,1,0.66666666666666663
2,2011-08-12,1911,13770.859450322734,24067.656820163524,96.011960707560391,147.9626310998492,5.3863652570861369,8.3008488695567575,0.27797073764014524,0.24985785600270607,0.33333333333333331,0.66666666666666663
2,2011-08-16,1912,8174.4185927421722,3987.1764792128411,61.373360283953694,60.323521707856877,3.4286793454722737,3.370029145690328,0.20992497814776756,0.11234979081340812,0.33333333333333331,0
2,2011-08-17,1913,10472.431097343973,1924.3294811153271,77.51214988693998,35.524672961467331,4.2495696209945164,1.9476246141155336,0.02730299865362645,0.0037621025121446897,0,0
2,2011-08-18,1914,21418.874118194664,13159.697303182727,126.01781895972704,114.23888632712548,6.71200100983899,6.0846277670905708,0.040060744403504503,0.0045062709605474842,0,0
2,2011-08-22,1915,17128.22256385551,13475.860079141748,116.06668386821472,115.78979785075073,6.1869234471329806,6.1721640645389515,0.0067821746984909797,0.0026709442555355564,0,0
2,2011-08-23,1916,2768.4056256103263,40590.469198884937,43.599789029320618,162.34403499948235,2.4632649169107697,9.1719793785018275,0.49248723513742781,0.41416977052369108,0.66666666666666663,0.66666666666666663
2,2011-08-24,1917,3440.4432623487737,35320.354323671236,54.535011810060418,184.26540728591218,3.1541360214031475,10.657339923997235,0.048645413935997743,0.04530192493719027,0,0
2,2011-08-25,1918,9686.5640664728671,80247.986217989877,69.391503067459936,279.95317067377181,3.8809565473970875,15.657336167436901,0.12283308633880589,0.088270466228690461,0,0
2,2011-08-26,1919,15046.985078161262,120073.34348485795,91.988244739787206,327.82817383707334,5.0404517665636819,17.963187607510871,0.0065798307122647117,0.0092278266149003717,0,0
2,2011-08-30,1920,20374.80095205129,142584.20496205389,126.36473843160768,356.02975314751751,6.7385542424534153,18.985722071591386,0.0024574506615435599,0.01488200778482044,0,0
2,2011-09-02,1921,26572.694460590388,25392.278977462545,144.39918935944306,121.53652541258059,7.6200099925827471,6.413536961086046,0.059260423635056431,0.025879979870076859,0,0
2,2011-09-06,1922,6174.2069601283993,49239.588317775262,64.478137568861712,204.78885189758807,3.5623280424785477,11.314301209811495,0.04286560333061265,0.024009204971814996,0,0
2,2011-09-07,1923,22892.58106954709,182098.42634401578,143.06388943699758,410.58923357826887,7.7123390532074181,22.134190489394545,0.0058639762593472441,0.040217979729256732,0,0
2,2011-09-08,1924,9534.8599444906013,53594.549749049911,92.15650770621528,225.11579940606961,4.9787416372887785,12.161847617831961,0.36050203938787884,0.25952391838080036,0.33333333333333331,0.33333333333333331
2,2011-09-09,1925,4566.8099374963786,123052.93899290508,61.588530589711048,348.22150783278352,3.3839851972368709,19.133049880922172,0.080678779819060728,0.051040056571799969,0,0
2,2011-09-13,1926,15601.750156555092,58853.517296744394,113.60051115845476,194.76377076130674,6.2469349001074939,10.710133118576119,0.14162476213202646,0.036785265319587222,0,0
2,2011-09-14,1927,10010.099300416854,19993.884674422545,62.405476632719534,136.35714585317442,3.5019908323636102,7.6519161533767912,0.18991333336244468,0.13487535461881389,0.33333333333333331,0
2,2011-09-15,1928,12874.859994821565,30202.396068725109,85.717969787037646,144.55242739936025,4.7780362200132478,8.0575489074336826,0.21703200753554253,0.014633804455607871,0.33333333333333331,0
2,2011-09-16,1929,11263.584813301508,32385.964075999469,79.569382081072561,162.56241253929292,4.4229784369690144,9.0362652884543024,0.50768790229001626,0.47596719736970988,0.66666666666666663,1
2,2011-09-20,1930,8915.8289330755488,26585.176222750131,66.173029359711492,138.87528990771034,3.6906318661300328,7.7454149418689537,0.34780308024898771,0.21478210292926683,0.66666666666666663,0.66666666666666663
2,2011-09-21,1931,4579.9142759147571,17957.156408305043,59.201706932243802,116.51327290737011,3.4379620750431941,6.7661598668623766,0.080781545629725907,0.12375177637848706,0,0.33333333333333331
2,2011-09-22,1932,6934.5738806899026,12250.073086107246,75.687740191250825,94.80581933072267,4.7364042672872859,5.9327796827736341,0.021505128725985753,0.18126566661065655,0,0.33333333333333331
2,2011-09-26,1933,1150.6973000600312,24380.100015719832,30.682583050225883,130.46681415309004,1.849462510562139,7.8641840960271274,0.00074015562945940793,0.014235110795598806,0,0
2,2011-09-27,1934,2423.9254038102263,4943.0972081865411,46.259968008011434,65.982751085081347,2.8155793066349015,4.0159921536872396,0.40937757317889817,0.56564721412659003,0.66666666666666663,1
2,2011-09-28,1935,3134.0850576677253,14839.333254061732,50.91832070988206,100.76814597365735,3.1567464792239339,6.2472502153538345,0.35004526742916386,0.05831076758907372,0.33333333333333331,0
2,2011-09-29,1936,9874.6708654101585,45752.710702313634,91.288921013230265,198.30391206048807,5.4894119671214838,11.924468554449072,0.32952393057469098,0.044732192658208443,0.33333333333333331,0
2,2011-10-11,1937,4205.800010966007,11224.6655484399,60.787424285421515,95.309239287713197,3.6139966875993772,5.6664232632409748,0.41953211139377888,0.28523795559000326,0.66666666666666663,0.66666666666666663
2,2011-10-12,1938,778.89392969413245,20781.657925410429,24.484567966879997,87.008153505804714,1.4785367129758455,5.2541155498674339,0.39924132132391038,0.37007528792037919,0.66666666666666663,0.33333333333333331
2,2011-10-13,1939,2653.4050257735139,14950.10333886827,41.401693283790109,98.541800455418908,2.4673237952199112,5.8725745205851547,0.036219392311447877,0.029602166405543664,0,0
2,2011-10-14,1940,3474.5498982561926,11528.293943868819,48.181274614508162,91.016644847440375,2.8645228664987017,5.4112155081712467,0.44444600619644797,0.35837795582850324,0.66666666666666663,0.33333333333333331
2,2011-10-17,1941,1204.2022097157144,3986.5549213514969,26.014680346469806,44.42640778245277,1.5950141230208341,2.7238754005182568,0.4752334782499319,0.58700702117263481,0.66666666666666663,1
2,2011-10-18,1942,1588.5138679860186,77549.313108455375,37.944150032680149,258.24959119949932,2.2961664165010678,15.627811872889522,0.0083977912606057522,0.08572788033195218,0,0
2,2011-10-19,1943,1761.6813865702618,47416.138672192523,35.865271459930987,209.15610180284543,2.2139056456747523,12.910870481657122,0.40932677315039284,0.12847713343220382,0.66666666666666663,0
2,2011-10-20,1944,762.57377082757478,55449.90599711243,24.694656404307278,206.41399849969162,1.5034798419669577,12.567062313527648,0.20016148832667671,0.026011524753138487,0.33333333333333331,0
2,2011-10-21,1945,1245.1921438536483,81163.983920072365,32.091654204841085,266.63998813760605,1.9425940801961916,16.140435117288504,0.21293115332880222,0.17224139237773084,0.66666666666666663,0.33333333333333331
2,2011-10-24,1946,1027.8243566169219,53290.262510830951,24.450745662533262,192.11534054191915,1.4764943032930713,11.60116790712072,0.11451816502960348,0.22483047229690731,0.33333333333333331,0.33333333333333331
2,2011-10-25,1947,4805.1507957722033,90625.292743781392,62.694374465545174,255.06962448693534,3.6010553972168395,14.650753847612597,0.079636609318594676,0.23041475365561348,0,0.33333333333333331
2,2011-10-28,1948,6845.8723348435888,44491.541531205003,71.041953541124641,191.96157127656139,4.1255489861280275,11.147594150787535,0.17250900559131566,0.23613554342076901,0.33333333333333331,0.33333333333333331
2,2011-10-31,1949,6037.5330447682645,51410.372952033569,62.631635711761419,198.19726234649912,3.6863823255892534,11.66552456424362,0.072485134619384536,0.018069571307287435,0,0
2,2011-11-01,1950,7454.6547315749485,70107.763178127687,70.25687654521046,255.59275450683808,4.0308018671950938,14.663956081861047,0.04253160291031035,0.0080267058460778574,0,0
2,2011-11-02,1951,18632.643315507474,114794.71790738562,100.08048366530602,315.27367272938403,5.7221545834937695,18.025938978238081,0.52653216877844666,0.61905836098116296,0.66666666666666663,1
2,2011-11-04,1952,16232.500875273699,79805.186562702569,100.2626794682855,235.65989011945612,5.585664594333454,13.128684686320675,0.54974184406300519,0.47451382835561723,0.66666666666666663,1
2,2011-11-08,1953,7636.3309517300368,58622.81206508178,76.276425417570024,231.20881742421238,4.302110852654824,13.040542437913841,0.39008791323509762,0.15308069908392424,1,0
2,2011-11-11,1954,8491.3518974445542,116009.06984115722,79.433638552443355,316.7587243895955,4.4500637844506086,17.745586800537563,0.13904132557776161,0.10433635865683909,0.33333333333333331,0.33333333333333331
2,2011-11-15,1955,5625.7600268503656,92658.662802249353,60.587357549696662,301.75033132999602,3.45030509964104,17.183959642938269,0.2754760462449915,0.34125861731661483,0.33333333333333331,0.66666666666666663
2,2011-11-16,1956,6135.701793825494,94583.184481389471,66.755832452814431,292.56503914709469,3.8310377304341134,16.789959204998262,0.20532475194750074,0.058495128515354766,0.33333333333333331,0
2,2011-11-17,1957,3363.9663810327188,39642.853352620761,56.162476219277778,165.93602045712427,3.267159756793355,9.6530552912812251,0.2201567635339754,0.04952771570547581,0.33333333333333331,0
2,2011-11-18,1958,7866.3772548935922,49499.561398249083,84.74571350731496,198.36914105371216,4.9791841073628058,11.655061166493075,0.24388677851318816,0.082274454088949248,0.33333333333333331,0
2,2011-11-21,1959,16514.035525177347,23831.508528258495,110.38746530339638,134.31544068497229,6.4972021956089696,7.9055586041772985,0.098046904369069529,0.096396453945583771,0,0
2,2011-11-22,1960,15755.403500072201,68025.366730117225,109.80165378284012,234.57752102496033,6.5029110916695361,13.892657448916809,0.16475637389294859,0.23138706908537676,0.33333333333333331,0.33333333333333331
2,2011-11-25,1961,6595.9218685510568,40886.303140078351,73.95911920997878,198.11501836176726,4.3150011207688905,11.558635843743714,0.48067249321223215,0.035093717039612386,0.66666666666666663,0
2,2011-11-28,1962,7653.1244139447854,13369.520348427492,68.191322931025596,98.627111102745786,3.971538901049831,5.7441532383660912,0.30385958070514907,0.36853339972401927,0.66666666666666663,0.33333333333333331
2,2011-11-29,1963,11790.554688609334,103049.71965212737,67.39611607861525,292.94331835729162,3.8600295577671968,16.777967832605476,0.51165512623008436,0.42879083157335796,1,0.66666666666666663
2,2011-11-30,1964,14969.613283963219,81584.563538624978,94.035350530325942,279.04246219292446,5.3673145279866397,15.927081175395235,0.11621753624236442,0.11199694813741275,0,0
2,2011-12-01,1965,10963.477412007405,142185.22153749954,84.000835756115364,364.29564856817552,4.808290541277354,20.85264158947771,0.38950423719248928,0.36868597817890841,1,0.33333333333333331
2,2011-12-02,1966,5077.4349038870478,112306.1832965049,56.37386675823435,326.15884040245072,3.2324464884308686,18.701768371700155,0.19316002092837833,0.031210137027101997,0.33333333333333331,0
2,2011-12-05,1967,4324.4479969483646,86335.70982173529,51.852422015027138,289.12043478340365,2.9877511964867263,16.659201082305021,0.12435213917289163,0.041232852165151442,0.33333333333333331,0
2,2011-12-07,1968,10778.245893578705,90091.945805751442,92.339046896931904,287.46530352490043,5.3842009852438428,16.761825278419852,0.26242244826513733,0.018984045095362712,0.33333333333333331,0
2,2011-12-08,1969,12572.207793107678,62215.946780658116,99.196109275991446,247.54738306907734,5.8043364117022493,14.484925867119799,0.096801065695451438,0.10150332320491588,0,0
2,2011-12-09,1970,16187.867023393826,23334.903462854654,120.7658336278846,120.39828874547561,7.2772421589565894,7.255094229917181,0.068386328007032385,0.031859997282754217,0,0
2,2011-12-12,1971,1360.1957880567754,28001.008461660502,28.410335321655186,147.12794090118996,1.6986747576475449,8.7968873483521648,0.18626113881704587,0.014624634738567304,0.33333333333333331,0
2,2011-12-13,1972,5375.4190952684467,31460.687634078542,73.146830324148823,167.1241901860451,4.6471937944186035,10.61780115540312,0.0885849140965322,0.094424088227908334,0,0
2,2011-12-15,1973,2364.4299857883366,10544.271793090504,40.255705103091181,84.557326183834604,2.5254520139956829,5.304725607517855,0.066906371411382864,0.011671724966905363,0,0
2,2011-12-16,1974,4581.7601668257785,1666.9675639691252,46.108511571126279,33.411668281851156,2.8853887090817447,2.0908428211421253,0.30449236519394879,0.13266589875846688,0.66666666666666663,0.33333333333333331
2,2011-12-19,1975,8654.9961377840282,46775.033674741884,83.867792287671136,178.29221315167547,5.1978799062702903,11.050028704783109,0.39595351495037229,0.37190019349677189,0.66666666666666663,0.33333333333333331
2,2011-12-20,1976,8988.1602869072012,16353.022535930309,85.146679112578639,107.48045691011664,5.295191487100662,6.6841080167982989,0.29317900118502732,0.11576120830769814,0.66666666666666663,0
2,2011-12-21,1977,7897.1451456362656,31139.688462707378,86.266059829320213,166.98562303308805,5.3698138704836724,10.394374293998633,0.33037195298817296,0.021876231351529343,0.33333333333333331,0
2,2011-12-22,1978,7960.9688720559889,40732.149092238287,83.713829611250731,170.91231060484628,5.3286969835296452,10.879205003491171,0.29857866924974102,0.06139314913459732,0.33333333333333331,0
2,2011-12-28,1979,9429.7984284942577,694.83697866638579,80.853738169065238,20.385405217724081,5.2811063467710797,1.3315091585711352,0.1106099206359528,0.053734634630506428,0.33333333333333331,0
2,2011-12-29,1980,15139.413158847638,6438.4179853402939,102.1989125612444,71.904775842082543,6.4908804421241273,4.5668323812056242,0.018675947472560728,0.016374478855402563,0,0
2,2011-12-30,1981,5203.5969604669526,33088.139032121486,71.209115597281041,174.1333574507249,4.414700285014324,10.795620424719459,0.35288165937276511,0.28513146419406715,0.66666666666666663,0.33333333333333331
2,2012-01-04,1982,6468.3407451139719,53217.364011663856,73.42528277431218,197.21405869654836,4.591950142233407,12.333587160509593,0.033914800335137468,0.25474646850768612,0,0.33333333333333331
2,2012-01-05,1983,2756.2436200073898,50772.917745857245,47.254981396646293,147.86979654744832,2.9232899100925636,9.1475283976151136,0.48830810136062031,0.14783487193137687,0.66666666666666663,0.33333333333333331
2,2012-01-06,1984,2002.965378728233,65164.025765989682,34.134071227125865,205.05428414111603,2.085160123831757,12.526223832688823,0.15675298500129065,0.28293388999671859,0.33333333333333331,0.33333333333333331
2,2012-01-10,1985,3389.9694390342779,4434.3560780689231,41.266175119307718,59.673331292759791,2.5246971623926409,3.6508615046044532,0.36810072233480456,0.53035270778447308,1,0.66666666666666663
2,2012-01-11,1986,2584.9399701155949,30862.60315721764,41.327130445210059,166.32849279149346,2.4880873236128873,10.013756339042352,0.018764886930888212,0.037791482401922413,0,0
2,2012-01-12,1987,3708.1451499546924,45544.599455221382,49.818280591454901,186.81632546860965,3.0460581223757202,11.422581807924772,0.26914658611918046,0.38248124100307618,0.33333333333333331,0.66666666666666663
2,2012-01-13,1988,2141.3857910108845,69718.579477157284,38.098185544433591,212.00025566083278,2.3006150691083089,12.801947805605844,0.20209359117987455,0.19373793622586408,0.33333333333333331,0.66666666666666663
2,2012-01-17,1989,2706.2672717161563,1854.8329400954328,39.142873625023107,39.413427648312187,2.3766164921082642,2.393043573060849,0.40752981015174594,0.3945418666542182,0.66666666666666663,0.33333333333333331
2,2012-01-18,1990,2268.4605199713919,8990.9625156845268,38.626771462414432,88.780473354065933,2.3339438950099352,5.3643790546263403,0.29790910879788635,0.044507423133334494,0.33333333333333331,0
2,2012-01-19,1991,4192.9110926855528,52813.698009215346,53.536540551028942,220.83753822783237,3.096387539099418,12.772558601956758,0.25415705020666862,0.39161662587431695,0.66666666666666663,0.33333333333333331
2,2012-01-30,1992,7002.6501213261481,149292.79309928897,69.12945339429568,380.87532124651199,3.9638448047187893,21.839181264134865,0.12161543987826622,0.0232463548811047,0.33333333333333331,0
2,2012-01-31,1993,8379.7920766829029,41802.577434678693,75.6305698020617,200.17633446971854,4.3465844713828563,11.50438703848957,0.18152286364772471,0.15254083313116595,0.33333333333333331,0.33333333333333331
2,2012-02-01,1994,9203.0828599059387,81901.818252435085,76.004752763199576,255.99117044409891,4.3406483588349269,14.619712760942257,0.1392888815932358,0.045529560690817851,0.33333333333333331,0
2,2012-02-02,1995,6605.6828839431437,38906.099448311848,68.537604830601296,151.87671862739322,3.9525723662399819,8.7587496324909591,0.23448334657906758,0.22579505867218755,0.33333333333333331,0.66666666666666663
2,2012-02-03,1996,6536.4211415128411,96594.835236614585,62.686751841977866,304.71500507448218,3.6466987691668336,17.72629465238407,0.19476621520975759,0.11077762389041827,0.33333333333333331,0
2,2012-02-06,1997,9384.8704724949221,80509.304524643099,73.874902849027265,271.15699060758135,4.2850871722173594,15.728363724337667,0.32028195237635926,0.15841137176892492,0.33333333333333331,0.33333333333333331
2,2012-02-07,1998,9398.3561292622489,63507.413830637022,70.066864323368009,251.1589906987092,4.0129933747633446,14.384821918597318,0.17130041663448184,0.17208238936230816,0.33333333333333331,0.66666666666666663
2,2012-02-08,1999,10383.461739430148,64289.542588898679,78.391584771018117,251.58513661068969,4.484644437701264,14.39274236903259,0.023136300101338724,0.017586812697884761,0,0
2,2012-02-09,2000,9306.5738020681401,37283.725741363327,88.328999682683389,191.56840290975879,5.1609114626166166,11.193012147809453,0.0052677888135802924,0.0041325155072627004,0,0
2,2012-02-10,2001,9255.9408277515467,10948.794704046995,78.557547358972968,96.662231649659063,4.567299265056568,5.6198971889336669,0.10750738591098837,0.13278739506824952,0,0.33333333333333331
2,2012-02-13,2002,9295.54057613039,15248.044052968318,83.054888535865146,120.08664500884659,4.8231642587610422,6.973672764741381,0.3446472334457753,0.24360814028969535,0.66666666666666663,0.66666666666666663
2,2012-02-14,2003,9864.5323720926972,11715.399428064988,81.43693342766376,101.14765539780758,4.6991883108865409,5.8365640737338476,0.32449335965927351,0.11174414472092535,0.66666666666666663,0
2,2012-02-15,2004,10468.651350101611,22037.642887945025,88.127375591944954,122.91391037872366,5.1147635282614603,7.1337150539015468,0.38703692690889979,0.26063196595028076,0.66666666666666663,0.33333333333333331
2,2012-02-17,2005,10720.697386931495,14129.713875417321,86.931493205986271,104.43260957986854,4.9731975518298777,5.9744055823723414,0.051905059339050014,0.11019339146124367,0,0
2,2012-02-21,2006,9792.4018386142088,97533.6191695858,77.961614727582472,297.84808277786311,4.4498638543140681,17.000461345768446,0.0051487643921925424,0.028025097812261812,0,0
2,2012-02-22,2007,6559.2246202253036,54783.070584244444,65.871014922281731,231.16637702871981,3.7068663434035862,13.008800057890817,0.17511739061360712,0.060484668417340091,0.33333333333333331,0
2,2012-02-23,2008,5595.1066888401101,77124.186890745201,55.215923553582115,206.69278708840147,3.1063810719314824,11.628286193440308,0.14132024601505189,0.28489352649880434,0,0.33333333333333331
2,2012-02-24,2009,5946.2786768757915,49303.542138298253,65.421774219064602,169.84856348338062,3.6919737143941647,9.5851333794232847,0.311374445466714,0.43104433633432393,0.66666666666666663,1
2,2012-02-27,2010,6555.9537927944139,133898.62920387418,67.298529255967949,354.57935129499907,3.7786933888808512,19.909003441605787,0.29804603770481441,0.1424074961230713,0.66666666666666663,0.33333333333333331
2,2012-02-28,2011,5640.8983469332279,41225.754472701585,63.810967410585739,163.45034282741457,3.6051394017280081,9.2344826456166427,0.39559844673781491,0.42602253882428581,0.66666666666666663,1
2,2012-02-29,2012,5836.3917912226889,162180.12241150945,71.466182542232971,390.58521033724361,4.1695555742259609,22.78793525888236,0.28911628177914156,0.10533832940573162,0.33333333333333331,0.33333333333333331
2,2012-03-01,2013,9569.3861012091711,74937.596842573374,76.413750203416683,223.93510072665444,4.4764938607742648,13.118635074789362,0.037551025888670715,0.096814487238717814,0,0.33333333333333331
2,2012-03-02,2014,3944.758480067092,23671.995638614011,54.161951841015856,139.88734199137366,3.1766540669217513,8.2045361871773412,0.032548340035019045,0.083174926013316441,0,0
2,2012-03-05,2015,2327.368963858471,20816.642869250452,40.677261416268266,125.06807993858554,2.4372235719753306,7.4935937650440705,0.19328752256249868,0.085245246188774562,0.33333333333333331,0
2,2012-03-06,2016,1555.1071938855084,36054.254041364722,32.940120128675211,150.83455349389669,1.9636435248092525,8.9916276300385523,0.24741453775117808,0.0914661649544532,0.33333333333333331,0
2,2012-03-07,2017,1358.0102183222573,20490.240903487207,35.990155047344011,141.50127547373191,2.1327499287314966,8.3852607688137422,0.20723478461531064,0.26712780031870648,0.66666666666666663,0.33333333333333331
2,2012-03-09,2018,2562.581896205947,47186.689755413499,40.629780732942208,191.09899708655226,2.3935069651217797,11.257672876969204,0.25337761082804727,0.39232642861348088,0.33333333333333331,0.66666666666666663
2,2012-03-12,2019,2040.5417688363177,24026.081678184288,42.238692146210042,139.36393686987336,2.4993308962254464,8.2463867970339262,0.28726682667267034,0.17085153161207112,0.33333333333333331,0.33333333333333331
2,2012-03-13,2020,3005.7302839445852,6220.4453797885135,51.562663697159145,71.282869519287786,3.1359381904916614,4.3352817101589052,0.13214373353603726,0.062819214262957529,0.33333333333333331,0
2,2012-03-14,2021,1658.5452305241595,21073.819319550454,35.392295683433453,138.59040911766579,2.1475907574898945,8.4096122037418564,0.11536432008182151,0.021126463817212855,0.33333333333333331,0
2,2012-03-15,2022,1646.1730631129474,24753.416247090612,39.876289505309082,111.82256094287543,2.4050838061103188,6.7444246648296398,0.32331323775269538,0.20021332693583757,0.66666666666666663,0.33333333333333331
2,2012-03-16,2023,2633.4929150918101,33362.576638438804,50.049126184534089,139.20484444528734,3.0122856566075291,8.3782632828942116,0.4960349517794222,0.34437529911412046,0.66666666666666663,0.66666666666666663
2,2012-03-19,2024,847.99128563438569,58608.104191652907,25.284567564832134,204.99904845439423,1.5330948955484089,12.429834679666163,0.44685162593777861,0.35018132413654396,0.66666666666666663,0.33333333333333331
2,2012-03-21,2025,2292.8377095657811,55064.21603080436,40.572645592140816,168.33687150246851,2.4146791008564685,10.01856101785261,0.064504509361852827,0.014620764167126217,0,0
2,2012-03-26,2026,2359.8968944517965,38603.048875400309,38.807048180240827,148.93429937743244,2.2935607671537128,8.8022635565858405,0.30218999765647764,0.38757252707216633,0.66666666666666663,0.33333333333333331
2,2012-03-27,2027,2643.8710061318216,11697.943682501324,48.161083140014092,73.577224845110621,2.8735729797144445,4.3900492151020662,0.34306587177134618,0.33390772396879198,0.66666666666666663,0.33333333333333331
2,2012-03-28,2028,2442.6932865311078,39004.470699099351,48.752085612801544,124.31384431276804,2.9413022994148741,7.5000811048427174,0.02976419033556231,0.036179386247317945,0,0
2,2012-03-29,2029,1828.8514736342058,22719.81149128679,41.545900936950225,127.05778547611233,2.4990015601173066,7.6425735624729221,0.013037034342353836,0.050253504849490004,0,0
2,2012-03-30,2030,986.41942612542073,56927.249850601598,27.596450019783941,198.55335393260739,1.664442100107596,11.975473699192245,0.46530475317348757,0.30057303413817427,1,0.66666666666666663
2,2012-04-11,2031,2683.927191022512,32789.470910273398,51.036363914882259,173.42431812393707,3.0588171360432881,10.394025659211094,0.0083591183019592168,0.029110341775550885,0,0
2,2012-04-12,2032,2356.0224274341872,70831.18567443575,46.012197466061025,209.62698301380911,2.7610079487585373,12.578876868515399,0.38908290346918561,0.35784397101701293,0.33333333333333331,0.33333333333333331
2,2012-04-13,2033,2843.6791466672416,8045.2031838357252,41.245109672549766,67.14515593501801,2.4951669493375537,4.0620179029049011,0.019743857032625427,0.063616580564775038,0,0
2,2012-04-16,2034,4948.2341710254614,4139.4298848933095,65.160649984811926,52.913652535567131,3.9841424631496132,3.235319629200069,0.09813422034573617,0.08828310207681854,0,0
2,2012-04-17,2035,3305.677648934548,42971.842122453854,52.980873798464472,194.65356944849782,3.2226808879844575,11.840241450638553,0.070406816741293246,0.021669201355091022,0,0
2,2012-04-18,2036,2862.9446615990287,41296.614129655354,49.175468895542885,160.68004884618153,2.9803314482147201,9.738184778556457,0.37125700229156089,0.2770535263376212,1,0.33333333333333331
2,2012-04-19,2037,3758.2666911406118,25543.24325282119,55.488444780859254,132.59205888609767,3.3803499714199976,8.0774936878524315,0.27068771840279232,0.32192060560998143,0.66666666666666663,0.33333333333333331
2,2012-04-20,2038,4651.0404134060809,28250.411200132789,50.90376729024964,128.7642634239609,3.1248475930171664,7.9044974477569623,0.24147340846713708,0.021145747637017719,0.33333333333333331,0
2,2012-04-23,2039,2483.9642376575794,49104.891456587218,39.680417248252603,200.08061403821429,2.405602743149597,12.12977350944009,0.18356139742041278,0.027774365211491386,0.33333333333333331,0
2,2012-04-24,2040,5156.2175281556993,39831.180738225645,57.74318885301583,183.79487735171824,3.5257633248673987,11.222401303722682,0.19830387975959854,0.28625425234761986,0.33333333333333331,0.33333333333333331
2,2012-04-25,2041,3181.6466868676434,10206.819562650862,53.430772669026886,81.393569534919308,3.2313742164515808,4.9225019374006225,0.048540015659241355,0.0068361428295689447,0,0
2,2012-04-26,2042,2356.3233148419131,9372.4935362913329,43.291766195516551,95.161532607594538,2.6024506279240489,5.7205610223982291,0.33686230521988225,0.51816041341388586,0.66666666666666663,0.66666666666666663
2,2012-04-27,2043,3465.1369034305794,3280.7733495143298,50.431261725910268,42.228924189042118,3.060149376572225,2.5624347202088664,0.31589391084927132,0.35574621444662724,0.66666666666666663,0.33333333333333331
2,2012-05-02,2044,8374.2178492356506,4210.9339593678123,80.759859369191574,52.044470307594416,5.0396168093099263,3.2477048553881063,0.24480792904664414,0.067827737778515071,0.33333333333333331,0
2,2012-05-08,2045,11450.303353815731,35308.577949066799,85.78249618638695,164.79679721863863,5.420694861699018,10.413699666264684,0.00644903004187794,0.021178663796572756,0,0
2,2012-05-09,2046,7228.4179121365041,5689.171221648322,81.291182853926941,61.666373551285766,5.0854665532641183,3.8577650016444012,0.02110698336911605,0.0019483986949672145,0,0
2,2012-05-10,2047,7513.5337804482979,8949.3040579877306,77.388643982127022,85.233958761288704,4.8887330374053706,5.3843309388053511,0.15994607777511738,0.23621855247994353,0.33333333333333331,0.33333333333333331
2,2012-05-11,2048,5643.8449122089796,28207.221460250094,52.911104285293426,139.0124945468684,3.3950018790691967,8.919633913818954,0.23236536164941782,0.020834860443008505,0.33333333333333331,0
2,2012-05-14,2049,9228.8022072562107,2614.6102028454529,82.476070300374133,46.781015992637926,5.2988159524814726,3.0055262443069659,0.2798918429316683,0.0089985729569711931,0.33333333333333331,0
2,2012-05-15,2050,10303.302059201467,2602.3428889892825,96.111893038242286,39.542222844262596,6.2067738481267227,2.5535823599782113,0.31581635318159967,0.047404138044268483,0.33333333333333331,0
2,2012-05-16,2051,10768.881716481666,37431.886477857115,96.761979704083998,155.2775088933432,6.2266396205974255,9.9921176894043224,0.31413081680892108,0.19167556283452095,0.33333333333333331,0.33333333333333331
2,2012-05-17,2052,18136.000132348232,109029.4397921796,116.90972646546743,267.64440173067618,7.3551259179281168,16.838276296362135,0.080082906738665027,0.16565878192665184,0,0.33333333333333331
2,2012-05-18,2053,8136.9399779113228,55483.832967468072,88.666119435322571,182.22427511737669,5.5677312047298315,11.442654638453796,0.099783931900201836,0.47040881472823376,0.33333333333333331,0.66666666666666663
2,2012-05-21,2054,3025.8935144786374,65601.846766210496,46.208863754928721,228.39969547489372,2.9199913905168224,14.432840156391388,0.23471691294339014,0.38265181089869049,0.33333333333333331,0.66666666666666663
2,2012-05-22,2055,6353.668182927634,41675.842798369442,53.877399835173797,161.7082272358372,3.4782052830970813,10.439524030718994,0.066469373586897348,0.029520830907795906,0,0
2,2012-05-23,2056,10073.386244376785,106473.16361209872,83.275341041872707,290.2195129689357,5.3058516114605103,18.491208217198835,0.01046625324620685,0.0060630335030971696,0,0
2,2012-05-25,2057,4399.5593737034387,59345.997743732936,55.11650613888802,168.07480615408349,3.489490733706111,10.641013368413009,0.40174644222835365,0.33232188035222415,0.66666666666666663,0.33333333333333331
2,2012-05-29,2058,8067.9120448449721,8914.4977857210106,60.494764559410292,87.348979854422851,3.928231464896772,5.6720116788586266,0.25021013948882226,0.267356000980013,0.33333333333333331,0.33333333333333331
2,2012-05-30,2059,8755.8354723840694,24823.358458806022,87.77950024954346,148.33443289413935,5.6341142650541371,9.5208236774158763,0.02510682124534595,0.0079450686401684976,0,0
2,2012-05-31,2060,12842.36371709909,10919.582318458253,103.23688313585717,98.499097219151579,6.4281994480608446,6.1331940983282429,0.44373362891616414,0.60919386857286162,0.66666666666666663,1
2,2012-06-01,2061,5122.7867106281874,44242.407678450982,71.047124503738971,173.82451002699386,4.3453898779045241,10.631468503180054,0.15367326583901808,0.44361138671755046,0.33333333333333331,0.66666666666666663
2,2012-06-06,2062,5514.6167330205208,40548.689583487576,60.828056403196946,167.09071157212824,3.7875502119051654,10.404153896147461,0.11937666070606266,0.38217313598108077,0,0.66666666666666663
2,2012-06-07,2063,9528.9248871295495,2285.7690387607995,84.913515611662049,42.452229113505531,5.3862046058777073,2.6928150405014613,0.12974699348461075,0.046924043618395854,0.33333333333333331,0
2,2012-06-08,2064,6201.8371028536603,21999.570395775594,59.350451612657253,125.52160718794273,3.7468719452435137,7.924343888127698,0.27215546190097634,0.068098685024196345,0.33333333333333331,0
2,2012-06-11,2065,3100.4466558690074,10616.956018958876,49.891976482595965,74.378466881503599,3.1114422502398482,4.6385074450579111,0.45596864826149863,0.38101259884648248,0.66666666666666663,0.66666666666666663
2,2012-06-12,2066,5537.9110551288222,2141.2267525594857,69.266413867224855,35.413581569618223,4.2770246290351865,2.1866984606124249,0.23028762155421986,0.39536115179987275,0.66666666666666663,0.33333333333333331
2,2012-06-13,2067,4407.9139550781765,25597.675558207677,53.123738924093686,115.06282462981403,3.2924536054597886,7.1312565621204849,0.1053897492698832,0.16436348987311963,0,0
2,2012-06-14,2068,3149.287689948957,8485.5088742435019,43.421315522389477,87.596613592705808,2.6683862665472105,5.3831073032850396,0.30438794412274989,0.065111101650703371,0.66666666666666663,0
2,2012-06-15,2069,3899.2054481764358,2817.7958546846567,53.05111704390773,44.654398789354296,3.2838822063700235,2.7641224877347135,0.27039861306820945,0.216796406343299,0.33333333333333331,0.33333333333333331
2,2012-06-18,2070,3712.1950374558623,7238.3146792904345,53.361629448873067,76.583819688148495,3.2827824945477126,4.7114007805689626,0.34168483233514496,0.14786540360131667,0.66666666666666663,0
2,2012-06-19,2071,7253.3336153183882,23352.472222902976,75.357361320422498,122.15559230704245,4.706893274230012,7.6299557968171428,0.437818290479568,0.44472370388051058,0.66666666666666663,1
2,2012-06-20,2072,8253.2620978798786,21489.752201926134,81.080987571222977,145.89281861319878,5.1252204533010728,9.222049217016357,0.14588203889998844,0.069255817980437243,0,0
2,2012-06-21,2073,10327.590131780476,6762.2209878997446,87.625927647186018,67.756759520600326,5.5812692768908292,4.3157171669172181,0.20535064300087491,0.026900825673796189,0.33333333333333331,0
2,2012-06-25,2074,4954.5639376841582,29858.078917861039,48.369468269421986,143.44020736955926,3.0691286972983494,9.1015360006065507,0.20188793683275152,0.04018914570936661,0.33333333333333331,0
2,2012-06-26,2075,4483.3395945171196,42294.647996397653,47.088377069616627,168.50436507122035,2.9925883107478,10.708888787494145,0.25235084658820178,0.37065448098789372,0.33333333333333331,0.33333333333333331
2,2012-06-27,2076,5659.8878508200678,22468.130902977118,52.49448017710089,115.82654931727075,3.3682695012576769,7.4319248840083887,0.49466522817091735,0.07452061284184737,0.66666666666666663,0
2,2012-06-28,2077,5684.9202031824016,32276.00723963619,71.175988887786687,165.81615777684337,4.4526736870682946,10.373234768648318,0.28868975300779021,0.064598879177671958,0.33333333333333331,0
2,2012-06-29,2078,5513.6519502505944,11142.122474094247,71.370820310270346,87.684840744559096,4.4124154751326339,5.4210102469588319,0.2170409368372328,0.26041511795699668,0.66666666666666663,0.33333333333333331
2,2012-07-03,2079,6057.4543299276511,7953.1048447496387,61.502383594822277,81.274315261797938,3.8343131916971491,5.066977260710595,0.15632727079100625,0.3886218420067406,0,0.66666666666666663
2,2012-07-05,2080,7980.6490114838671,34885.450511088289,85.798544207331204,180.60014392110406,5.4063354888047384,11.379971261569255,0.12362362552013463,0.061400582581252174,0,0
2,2012-07-06,2081,11619.399471660683,5760.6902941817925,102.25170604066618,60.393610644807644,6.4512117375814624,3.8103224381582108,0.076778236693799226,0.01909116618827485,0,0
2,2012-07-09,2082,9073.5559824093525,3338.8950375484587,92.194646986783027,48.315564050006365,5.7793228012401201,3.028714248550783,0.26492244438608487,0.088538438507350839,0.33333333333333331,0
2,2012-07-10,2083,11420.882386189964,9362.818413476316,100.60403919433581,80.742544756420173,6.3794571461214842,5.120009179227659,0.23999762930455829,0.30348127607428416,0.33333333333333331,0.66666666666666663
2,2012-07-11,2084,6624.0606442010239,5519.6350260035988,59.777168100009703,51.313424917223905,3.8411031710849612,3.2972481874521384,0.30984632595721329,0.03479874873943524,0.66666666666666663,0
2,2012-07-12,2085,5239.2512505828954,68956.9921590296,66.876235381985907,170.11093750202909,4.1915534554676208,10.661920244564657,0.58722625224092639,0.12157893122021864,0.66666666666666663,0.33333333333333331
2,2012-07-13,2086,4964.3191424759034,30113.102132852353,54.837521668547801,148.98247710120268,3.4592349262607036,9.3980430279894449,0.29025549456483685,0.20524826223407158,0.66666666666666663,0.33333333333333331
2,2012-07-17,2087,7912.475795143383,5199.5215506829854,68.151192566578473,51.544298688880723,4.3236283943903873,3.2700586004048038,0.30562829888686388,0.036447974785958313,0.66666666666666663,0
2,2012-07-20,2088,7685.5558523269365,2306.5291756248675,60.436423534829373,42.240730018621058,3.8439448901147633,2.6866420746459574,0.34627086251332378,0.012527958109698201,0.66666666666666663,0
2,2012-07-23,2089,5836.4149359198282,2057.6957821141091,56.763053005013866,45.277064059565113,3.5852236226125922,2.8597545592651268,0.40132620132675334,0.10136356785709988,0.66666666666666663,0
2,2012-07-24,2090,6704.284797782334,10364.655264891182,70.080255899098731,95.678124837089698,4.3772801935726875,5.9761477099993572,0.2930231460560358,0.19991023435502783,1,0.33333333333333331
2,2012-07-25,2091,4856.2630251833316,15926.077638309313,58.612645757091741,82.889535587228622,3.622536820586634,5.1229626444517065,0.14308176211029514,0.29253964910793911,0.33333333333333331,0.33333333333333331
2,2012-07-26,2092,3497.4314917045344,50316.943477459405,42.972111976247028,197.65466215692982,2.6554680658888947,12.214099314502073,0.26513383375455124,0.15405722688655998,0.66666666666666663,0.33333333333333331
2,2012-07-27,2093,3690.3800717429026,26337.940999281109,49.83840836792433,134.05851630356301,3.0807237439607067,8.2867263979949328,0.26192227327020878,0.21395463271983492,0.33333333333333331,0.33333333333333331
2,2012-07-30,2094,3239.5202777568961,12138.62891339598,43.347116472753896,108.25284264960995,2.6724486111438899,6.6740346886319317,0.45926086298344487,0.086298186225330031,0.66666666666666663,0
2,2012-07-31,2095,4642.8938631396713,45888.813822329765,59.899278657231207,174.92564448430343,3.7460461949487933,10.939690086573071,0.25954113766250037,0.38086674714864782,0.33333333333333331,0.66666666666666663
2,2012-08-01,2096,6663.6718376800236,15678.459231751462,65.819911510341015,94.462729108564716,4.1214722298272397,5.91501121531401,0.30482843753192362,0.062414920309380485,0.66666666666666663,0
2,2012-08-02,2097,5652.4301216113563,28418.891588841954,59.354322848508069,149.79218441167822,3.7050139106434496,9.3503236212033833,0.40813375340071167,0.092451855619915937,0.33333333333333331,0
2,2012-08-03,2098,5916.5340762323585,2631.2147588512503,64.293705716109116,43.161728836897737,3.9933978705657833,2.6808527227886789,0.17716685780721733,0.24098418377284872,0.33333333333333331,0.33333333333333331
2,2012-08-06,2099,4059.7512276642806,60.553103872080648,55.453026976383093,6.9046491793677278,3.4421494088381812,0.42859399002903342,0.23479525946719781,0.31478279183925079,0.66666666666666663,0.66666666666666663
2,2012-08-07,2100,4565.9618322194419,152.91523952377489,50.965445727650682,11.40255497077078,3.1591784117558142,0.70680644480215593,0.3142694064063547,0.23527859022238765,0.66666666666666663,0.33333333333333331
2,2012-08-08,2101,4866.1234261329773,19081.823410907622,52.148993927104435,112.36661191338597,3.2290398716473336,6.9576849481972749,0.23601186595996684,0.21455636470214354,0.33333333333333331,0.33333333333333331
2,2012-08-09,2102,5158.5205576608705,4510.5240051616265,53.768565979244009,53.609759225688244,3.3221233227830709,3.3123113516026099,0.19306256432909061,0.21464761825850229,0.33333333333333331,0.66666666666666663
2,2012-08-10,2103,4356.6068426395695,125383.18889729962,46.263344619850919,283.81919589663636,2.851361763935341,17.492708529838914,0.3148216661703101,0.21630404102861489,0.66666666666666663,0.33333333333333331
2,2012-08-13,2104,6785.4533447463227,67306.969885384809,64.853666624274112,243.68092107171887,4.0590622202643791,15.25150499588289,0.44834894487772692,0.37913608000247606,0.66666666666666663,0.66666666666666663
2,2012-08-14,2105,5222.7213250882196,13265.370870370927,62.684812196817724,110.5939613848127,3.9068128511572282,6.8927367644009152,0.10548121768861936,0.10108312627955257,0,0
2,2012-08-16,2106,3138.9989293498097,27923.017564857699,46.000613919300882,137.70042375758953,2.8487762142313593,8.5276620998662054,0.18697416256262411,0.27844236269502826,0.33333333333333331,0.66666666666666663
2,2012-08-17,2107,2806.2658656241852,5095.2264813334123,38.544257236428543,61.593197244644216,2.3509763486690178,3.756828133250639,0.20062445291759112,0.36369055428588176,0.33333333333333331,0.66666666666666663
2,2012-08-21,2108,3586.9975228592871,51305.079120895709,44.513978637765682,154.53120940145655,2.7109609401806138,9.4111576980180605,0.0091901978601640986,0.0098810645101180816,0,0
2,2012-08-22,2109,2082.7490467562207,19954.99706645454,37.875879011668303,141.04931283930281,2.2744860538458673,8.4701584050024206,0.24365115884629526,0.20991390773475704,0.66666666666666663,0.33333333333333331
2,2012-08-23,2110,3479.5474209458412,1132.2424551442898,45.935646948250074,28.713357670688993,2.7555876993551336,1.7224569688475702,0.21982075402199361,0.061210618036455972,0.33333333333333331,0
2,2012-08-24,2111,3377.5335833976933,63958.50661512668,47.381296091786908,159.75310198128122,2.8406052812821887,9.5775240995971931,0.23772839075681299,0.27622053257044965,0.33333333333333331,0.66666666666666663
2,2012-08-28,2112,3775.9972132794974,55618.855622569739,51.82578695046012,145.15814678452398,3.1220353584614529,8.7444666737665049,0.22212018169182243,0.42234883362300701,0.33333333333333331,1
2,2012-08-29,2113,2971.2437657038304,63022.882447260723,45.189764390717379,234.02367903006834,2.7214552478601246,14.093566939480175,0.18822053612439529,0.1076062575953728,0.33333333333333331,0
2,2012-08-30,2114,3594.5349638134944,131872.47013889553,48.710437633363277,354.22041789965891,2.9548339480353825,21.48743814981249,0.30609601129966763,0.17787104850764143,0.66666666666666663,0
2,2012-08-31,2115,1748.480920063239,83737.4172397199,41.150794922347508,282.99304126522367,2.424914255883766,16.676077858881772,0.33970226804223369,0.11711947921137626,0.66666666666666663,0
2,2012-09-04,2116,3559.1172459364639,12782.208583830807,58.117988193984353,99.94844615465324,3.4389342126617954,5.9141092399203101,0.011196222155426629,0.010556618376119346,0,0
2,2012-09-05,2117,5937.7533525737626,3348.58069214956,72.251104254825577,49.538597398284764,4.2475663877028564,2.9123220104811733,0.32173190173996108,0.13857550320739712,0.33333333333333331,0
2,2012-09-06,2118,8055.8874220456719,1463.9645490035455,83.193750080651014,31.748822650069389,4.8144531296673039,1.8373161255827195,0.017760703854510156,0.037550815111254271,0,0
2,2012-09-07,2119,6419.1022556457792,11638.516764126383,67.142390703460023,95.13489303887475,3.8765814493914559,5.4927767343461182,0.095421958996956199,0.054019791896631586,0,0
2,2012-09-10,2120,7606.8242771166924,11062.283904359918,72.024761958766632,66.225311160331785,4.1471001559675615,3.8131746745548747,0.24423091163389357,0.081974337056585203,0.66666666666666663,0
2,2012-09-11,2121,9786.2449286912979,6953.15447050492,79.324254056994803,71.800204104197292,4.566738863384848,4.1335753658144663,0.1792217257213298,0.1096404240012437,0.33333333333333331,0
2,2012-09-12,2122,9463.9720566992382,11936.268365460215,78.905288754244722,96.677349350177039,4.5524470650076285,5.5778075494116273,0.097427058342204623,0.043193191450984915,0.33333333333333331,0
2,2012-09-13,2123,15217.719393543215,10057.017849936137,92.811284695756441,67.874266859656473,5.227332283624694,3.8228255060352843,0.057964883065737299,0.14079967882583577,0,0.33333333333333331
2,2012-09-14,2124,9406.5684846584209,6760.368881470491,69.051541652588185,58.46486613926178,3.902319392630019,3.3040331245697527,0.058082383231247113,0.019055372899186674,0,0
2,2012-09-18,2125,3800.4219559030603,1004.588018526053,45.488007247823212,26.800469686039378,2.5867504832427186,1.5240528681284833,0.71523387717319009,0.36539490375662415,1,0.66666666666666663
2,2012-09-20,2126,11322.95135011919,10931.66215376716,84.377706220624006,91.931302186704897,4.7283668378046508,5.1516560485685012,0.36792545962290468,0.43991633139393366,0.66666666666666663,0.66666666666666663
2,2012-09-21,2127,3262.8497814679176,2429.1240138308112,40.502521664463075,44.968756070904341,2.2980154135865578,2.5514187841647851,0.060124843591671008,0.094874331139590137,0,0
2,2012-09-24,2128,7325.1665419311066,55330.035133499652,63.620985118199997,184.29202269931042,3.5913624114140554,10.403162444217353,0.13993843746976412,0.04809763169934423,0,0
2,2012-09-25,2129,4385.7752027663337,19463.376114076786,54.969815112397406,115.97375005020042,3.1505840442698037,6.6470124688465644,0.023070459587063819,0.050991701289303783,0,0
2,2012-09-26,2130,11044.103201776728,230505.71595106492,76.473301267440021,391.30158491402563,4.3376801626454915,22.195211849916372,0.18687846459764876,0.39009229741623752,0.33333333333333331,0.66666666666666663
2,2012-09-27,2131,12855.472623676862,20388.733119826094,93.478345970725812,132.0241964721171,5.2634203812345612,7.4337948464029902,0.014612436151169287,0.0067461005620259159,0,0
2,2012-09-28,2132,5912.1388033743233,92978.659862746266,68.452599584648468,276.33152816067485,3.8586583756848065,15.576749050770848,0.13711216075524735,0.027718376664677344,0.33333333333333331,0
2,2012-10-09,2133,5371.3306199733679,48820.68072762675,60.645783727332628,173.23299354791698,3.4433376140430165,9.8357980722734961,0.3327851720340223,0.36030110069447957,0.33333333333333331,0.66666666666666663
2,2012-10-10,2134,6167.7372402104565,106074.51806035642,67.265578864301759,265.45631191130093,3.8024634745224293,15.006009717993271,0.57217342283758643,0.36461600668512367,0.66666666666666663,1
2,2012-10-11,2135,6235.0458842688831,103798.45295554026,64.041027839455708,245.87593012435687,3.6247928591739473,13.91684902359456,0.039574183542471102,0.021200574988138644,0,0
2,2012-10-12,2136,5008.3575198107028,89969.737422459832,64.605784964444339,225.78028626807495,3.7215313919610793,13.005776858760077,0.16294340698048107,0.24951588798217861,0.33333333333333331,0.33333333333333331
2,2012-10-15,2137,11909.74331526427,48240.445330348819,75.655242851289813,193.49307327272268,4.331820375109638,11.078904853863309,0.0095753348223796744,0.083366974587721146,0,0
2,2012-10-16,2138,10041.375931921037,42176.546564166398,68.794867040329791,181.97096380831022,3.9333829068227435,10.404286095386519,0.41967943083569353,0.16864067695969429,0.66666666666666663,0.33333333333333331
2,2012-10-17,2139,9741.8130730971079,39602.937299450532,66.041871195565591,167.58684884886839,3.7889771196537918,9.6148507658559037,0.54860484807917687,0.39996451291720025,1,0.66666666666666663
2,2012-10-18,2140,9562.048117757533,39576.071766131026,68.572641016435838,158.32607731636767,3.9477628679583092,9.1149152168317595,0.078375059831708047,0.091329865324916673,0,0
2,2012-10-19,2141,9918.6082626480984,71907.88843881122,71.852557515894588,238.73730006426959,4.1611442024551666,13.825817290532482,0.10542399865540179,0.13699010926332733,0,0
2,2012-10-22,2142,10625.346168778824,73401.444850114713,76.077455159331521,257.43284131116047,4.4463737673484234,15.045753437239066,0.14414834372533145,0.27143378937871981,0,0.66666666666666663
2,2012-10-23,2143,6010.0572974852685,67343.941387111801,68.632584208817136,210.5063584759107,4.0007335592432023,12.270845728703627,0.018423403468946112,0.1639529715821606,0,0.33333333333333331
2,2012-10-25,2144,5263.2456929388791,68869.105434455138,64.726186405022645,228.55595248364048,3.7653395232706597,13.295866927495084,0.35878821633987862,0.28238725780423035,0.66666666666666663,0.33333333333333331
2,2012-10-31,2145,4019.1986623373728,99334.932802295385,55.134737751210878,268.52530144638973,3.2125120321171674,15.646048154196054,0.39929816655710182,0.44395351830027413,1,0.66666666666666663
2,2012-11-01,2146,3187.2498229200078,65147.673216897536,55.704429669124615,175.91833050520867,3.3059008705711945,10.440257003276477,0.045106454890256088,0.017653094204819489,0,0
2,2012-11-02,2147,2493.8819657217023,53308.417434535746,48.747398966201295,178.3957763845815,2.8955983941907508,10.596719713963855,0.17938476735713668,0.0026087850592911369,0.33333333333333331,0
2,2012-11-05,2148,3453.51371841732,44428.983579604384,56.842757943195465,162.4321999166666,3.3614877553634219,9.6056889365267057,0.22800938120169825,0.04391493504337695,0.66666666666666663,0
2,2012-11-06,2149,5316.6523122579274,51773.447522741866,64.906318606563744,170.12198696999477,3.7840733774414077,9.9182035837338454,0.41212010579373132,0.39960954275606975,0.66666666666666663,0.33333333333333331
2,2012-11-07,2150,6305.8234145733159,76551.390136543167,69.573205209060532,216.87523027561269,4.0520212701840732,12.631055927525493,0.40820262424790266,0.36045787029262172,0.66666666666666663,0.66666666666666663
2,2012-11-08,2151,6020.7929784257831,25973.606159230872,64.429447363931104,119.41345976477646,3.7065696743236654,6.8697517482972223,0.46283082209912246,0.41605539191593371,0.66666666666666663,0.66666666666666663
2,2012-11-09,2152,13916.657606661111,50297.442725591587,80.434464209840897,164.91188366686251,4.6353242593194581,9.5036383038099697,0.35623703835536924,0.32399195399595787,0.66666666666666663,0.33333333333333331
2,2012-11-12,2153,7224.0132156189275,26840.063807322571,69.244243439000158,115.41646578646426,4.0493709613450379,6.7495009231850451,0.064724211533560644,0.032078263701896724,0,0
2,2012-11-15,2154,13131.692923069459,39225.668208701332,90.219789365598828,182.1325479090317,5.2652342787043374,10.629270376949618,0.0061001026940053901,0.054028878385887734,0,0
2,2012-11-16,2155,9691.0624693819136,115278.59039910819,73.383838030114546,335.18079667234315,4.2363306699445546,19.349447058585259,0.26773392249821104,0.21466258136955138,0.33333333333333331,0.66666666666666663
2,2012-11-20,2156,9837.1756196257102,30897.495934118022,66.984485293010266,153.49832843073546,3.8854109798729852,8.903615338209713,0.13447940671797304,0.37321447702947252,0,0.66666666666666663
2,2012-11-21,2157,10963.538710369054,9358.4138997890095,84.783729023809357,84.441042634897101,4.8434006868785691,4.8238242007938936,0.50726480714964206,0.060345292586145405,1,0
2,2012-11-26,2158,12965.974752811693,12725.34981029178,82.999872435651014,107.292337390885,4.7530349283121556,6.1441567582468144,0.22857079165265645,0.13396248810896291,0.33333333333333331,0.33333333333333331
2,2012-11-27,2159,8761.1314471099777,35197.337334985328,73.441960903593099,154.41824092612114,4.2575049799184406,8.9517820826736898,0.089015205292193714,0.14153530865918487,0,0
2,2012-11-29,2160,4810.2668394146112,41686.416827053072,52.213344509714339,158.57959924726978,3.0251068661479916,9.1876940467711332,0.12229474467626704,0.12759312379448468,0,0
2,2012-11-30,2161,4588.6252445674563,5552.0582348515081,55.212507288914743,69.574964903987691,3.2100294935415552,4.0450560990690514,0.61821968437490926,0.43289558325427757,1,0.66666666666666663
2,2012-12-03,2162,5121.5535189560824,10811.802379241763,57.764640402346231,98.169243019807482,3.4024232308847733,5.7823144173056988,0.053050749800856833,0.039879403572546344,0,0
2,2012-12-04,2163,1730.3521409909565,32317.448830819281,40.738423581554649,133.58786650936409,2.404865618745847,7.8859425330203132,0.1129237073057255,0.066329665888725242,0.33333333333333331,0
2,2012-12-05,2164,2614.703630258507,26701.621998657487,50.789374786555904,111.90801486279838,2.9977497291754998,6.6051654043263035,0.28925789032857191,0.03650507640135147,0.66666666666666663,0
2,2012-12-06,2165,3202.7424575402292,55081.756926850707,55.742699650618,156.56263847181512,3.2760916632746402,9.2014480441854314,0.029021717917539314,0.32410671184438655,0,0.66666666666666663
2,2012-12-07,2166,3834.4288199278585,45488.86009546274,61.629266179468537,159.91029563387974,3.5987892659543674,9.3378274822703489,0.10716268586303135,0.17660811460256756,0,0.33333333333333331
2,2012-12-10,2167,5486.8235526782373,47144.384611967245,67.508579388420529,169.01450007098774,3.9478701396737157,9.8838888930402167,0.47950118421575977,0.39741503089348185,0.66666666666666663,0.33333333333333331
2,2012-12-11,2168,4306.2871795051979,56880.998491581791,59.818590950107897,206.43702901025304,3.4854240903194693,12.028377509701562,0.23957105215254693,0.031558790255239479,0.33333333333333331,0
2,2012-12-12,2169,1403.89501094923,21432.289895461763,37.43152225666995,137.02700064336258,2.2112847293853171,8.0949343165477821,0.34639348918047014,0.36553099031482766,1,0.33333333333333331
2,2012-12-13,2170,3349.5153593165487,38550.402773375128,56.974273524658052,160.97140437083172,3.3588370537749768,9.4898396091868378,0.016160665612909381,0.022062769968402382,0,0
2,2012-12-14,2171,3681.9298104037111,14878.365275712253,58.421994970238451,117.27688450901958,3.4452009417802416,6.9159300904626022,0.58622100590222581,0.37586420622693323,1,0.66666666666666663
2,2012-12-17,2172,3439.534098010552,48620.504926006055,57.212679989735456,196.40525301440024,3.3773719002205111,11.594170780070852,0.07857922353661341,0.04264094681018965,0,0
2,2012-12-18,2173,2325.7305305042355,29692.572067332276,45.35753739282935,132.57055470636342,2.7241764199897509,7.962195477859666,0.18055878690421509,0.014654742583113271,0.33333333333333331,0
2,2012-12-19,2174,830.32875714397517,23168.424257554143,25.975881737468853,144.85313745049743,1.5738189480441596,8.7763185368371666,0.043371771271132849,0.0045161307834492926,0,0
2,2012-12-20,2175,624.04269635128765,12607.86305020834,22.498220868905719,109.30783217178941,1.3622900919712819,6.6187001012285451,0.041379468779517127,0.0023092894259120521,0,0
2,2012-12-21,2176,1777.8370151729832,24539.629611721219,38.647580156430116,133.75422800427268,2.3344959321310856,8.0793855635320231,0.21301900031877105,0.17583104762196497,0.33333333333333331,0
2,2012-12-27,2177,1653.1957013020865,24140.192042611681,38.161159518707642,136.59482333911015,2.3023323993187113,8.2410149827517429,0.26781084025043894,0.087182745514889415,0.33333333333333331,0
2,2012-12-28,2178,2141.9454380522416,77376.164901939745,45.971815071652145,227.66555214327636,2.789551885415785,13.814657290247352,0.29672845811588133,0.24309383453333178,0.33333333333333331,0.33333333333333331
2,2013-01-04,2179,3133.9294721959723,17145.699681400136,55.829402929912099,126.21662034189119,3.3933689670209453,7.6715769847677366,0.21918850182288666,0.0013143550865904899,0.33333333333333331,0
2,2013-01-07,2180,2413.1987963391525,33325.260198425167,48.30416937436204,165.45339318096489,2.9169184404807993,9.9911469312176866,0.079043112439524832,0.00014710203028109496,0,0
2,2013-01-08,2181,1603.29292364565,45089.352548108589,35.583883224854844,180.37956407749417,2.1465168586852568,10.880987125772535,0.56113682428070866,0.2646048033136012,0.66666666666666663,0.66666666666666663
2,2013-01-09,2182,4134.938939197481,29206.07835429475,63.860315943557225,153.26275754782492,3.8125561757347595,9.1500153759895486,0.57357963864774175,0.35355141926012151,0.66666666666666663,0.33333333333333331
2,2013-01-10,2183,2099.6457503807123,22256.346111480696,37.498906287289174,113.45190112160905,2.262377453230116,6.844760248664195,0.40395286525856555,0.28135751511288204,0.66666666666666663,0.33333333333333331
2,2013-01-11,2184,2051.7563420553302,3025.4955877268699,41.630381529497299,52.000457065737542,2.4835425222668035,3.1021898324079067,0.094236548076270701,0.017193844864118044,0.33333333333333331,0
2,2013-01-16,2185,1846.4493302079293,9098.9592955393291,39.77399769070886,94.361994099779238,2.3745670263109768,5.6335518865539846,0.68777084707998182,0.48986887020943648,1,1
2,2013-01-17,2186,1968.3292163590725,10451.772450372844,40.969517581622391,98.299083529519294,2.426385406077725,5.8216809907917844,0.026582611788487736,0.090543736216297577,0,0
2,2013-01-18,2187,1570.3038471366699,36027.779399447689,35.831955713472176,163.47249216877398,2.1196069632340833,9.6700675639617852,0.49737239271987815,0.31285355822839245,0.66666666666666663,0.33333333333333331
2,2013-01-22,2188,1732.7091624808293,12824.160009732315,38.926479651296404,103.33621237569407,2.3030013105337321,6.1136643914032893,0.56234244908147513,0.41612422292888435,0.66666666666666663,0.66666666666666663
2,2013-01-23,2189,2004.5809097042372,17814.511325261094,41.97000190741111,99.376235151767105,2.5116697730347766,5.9471116188968933,0.25045267703752344,0.23286625249674528,0.33333333333333331,0.33333333333333331
2,2013-01-24,2190,2616.9348421967093,6096.1664787870059,49.918786635745015,69.787879681419938,3.0135096067458504,4.2129719095333487,0.0058468705439112733,0.054485624918156471,0,0
2,2013-01-28,2191,2008.5830505201427,13692.138509222425,40.716649191678847,107.25297050482216,2.4476494855232249,6.4474283441432023,0.30868389206321595,0.083758087734884731,0.33333333333333331,0
2,2013-01-29,2192,1668.1371849881955,2462.5790346253302,34.758232887071472,45.538743213743828,2.0720258054886123,2.7146791781665471,0.30881337326451325,0.3161392232110698,0.33333333333333331,0.33333333333333331
2,2013-01-30,2193,2950.3880966601278,4937.5413998678077,42.020447783007512,53.461965986785117,2.5241296160388953,3.2114110819513519,0.32517038955148553,0.36584153163325284,0.66666666666666663,0.66666666666666663
2,2013-01-31,2194,1769.4144694649037,2523.0910747861121,32.601064536495869,48.89314124548514,1.9533292112939407,2.9294871926593853,0.10323027758988811,0.02000800673936097,0,0
2,2013-02-01,2195,2798.3301305681148,9041.1811172925318,43.611975275784822,58.522606340207176,2.6177656227962078,3.512761485006433,0.48015218236950657,0.31104395443581301,1,0.33333333333333331
2,2013-02-04,2196,1598.7752151904515,1666.5891687000183,32.148142397932361,28.029039355284642,1.9210123930643777,1.6748753722906866,0.11219506264459737,0.015896022358595961,0.33333333333333331,0
2,2013-02-05,2197,2002.7769794056342,601.2544060236421,37.604234698367918,20.733841225257265,2.2460346243612315,1.2383957727494261,0.32916432609222179,0.25578257064966731,0.33333333333333331,0.33333333333333331
2,2013-02-06,2198,1815.8294761042453,2242.2029671961268,34.135870671739973,39.294009817262122,2.0465150282817728,2.3557559842483289,0.72566801430842742,0.40982473456152185,1,0.66666666666666663
2,2013-02-07,2199,1165.4859345973837,5333.0948193571448,29.56160843356156,61.005757590654788,1.7720130935747977,3.6568714275830829,0.038976727033851882,0.12196401615775955,0,0.33333333333333331
2,2013-02-08,2200,9532.483880735439,2964.7430703211903,85.165047390137872,46.397116985564629,5.3613501662032021,2.9208131561576729,0.49541707944096597,0.29127887763300531,1,0.66666666666666663
2,2013-02-20,2201,786.26849225985188,9433.8394320546267,27.210583144283493,86.551798782157974,1.7254650059786618,5.4883829284818004,0.017063242757747472,0.0022933450147823945,0,0
2,2013-02-21,2202,9491.5107851982957,10025.304366940712,85.030941321372367,98.670010872244731,5.3936531126782343,6.2588018314141918,0.02034601439202954,0.18191074615605859,0,0.33333333333333331
2,2013-02-22,2203,20785.956532038545,10300.993749779786,138.35430321475278,84.664473077239947,8.7220994934438298,5.3373978299284444,0.2979449179790975,0.10979193236237399,0.33333333333333331,0.33333333333333331
2,2013-02-25,2204,21424.393258984266,3132.40481117229,139.57533217087416,46.224481428213039,8.7755631669836003,2.9062861633582546,0.59262638089852149,0.72578082841285763,0.66666666666666663,1
2,2013-02-26,2205,25261.560432323284,7438.2765341480999,154.82956298577997,83.864353524370472,9.6512116556509273,5.2276361866523589,0.53060038741061777,0.34014581783732228,0.66666666666666663,0.33333333333333331
2,2013-02-27,2206,10230.695297219956,12613.505855626769,98.217603194169442,89.470777445380918,6.1830408054245796,5.6324065121423308,0.3900199355032381,0.33162114699475864,0.66666666666666663,0.66666666666666663
2,2013-02-28,2207,18680.371864792291,3647.5056692444086,130.63084787756256,57.163030268076227,8.2560181941894477,3.6127685427761875,0.30619422247568534,0.0023299362264985312,0.33333333333333331,0
2,2013-03-01,2208,28368.45730567904,40954.436299777728,157.88866607207578,173.33519899426324,10.029453140992585,11.010652627871254,0.21739608792730425,0.012467322276451786,0.33333333333333331,0
2,2013-03-04,2209,25766.099342824611,6158.59845226178,155.09616410412613,60.585202665635428,9.8177663620272906,3.8351133195528049,0.18880235032427928,0.0033610591032018047,0.33333333333333331,0
2,2013-03-05,2210,14346.276360926038,3182.3211023318822,110.84493607204725,46.559859360990536,7.0422449855176152,2.9580596798596273,0.40179099693791032,0.56685797155040996,0.66666666666666663,1
2,2013-03-06,2211,15469.515319924029,10750.82566753145,107.22642005535506,98.342943204701058,6.7886305828018401,6.2262072304337481,0.3190135734601009,0.0029164835183663356,0.33333333333333331,0
2,2013-03-07,2212,14192.951011470032,38783.643035388763,104.42090757901421,190.29622351416424,6.601606295496393,12.03073959311928,0.74263948623576148,0.51722225633427754,1,1
2,2013-03-08,2213,13062.819777806255,4360.0812560871336,97.831668537286831,56.444016124940696,6.1957991473899208,3.574668532295167,0.34270706447336119,0.32876371313660835,0.33333333333333331,0.33333333333333331
2,2013-03-11,2214,15644.671087935259,3964.2769285704489,114.4024855216951,53.123338435564087,7.1770693551878972,3.3327063008509463,0.0044864387045986144,0.020293845807588678,0,0
2,2013-03-12,2215,8861.4598586978482,5507.8374955476247,85.720862476070423,68.412468854471243,5.3937934545270059,4.3047015167199154,0.56637027552418873,0.20019518028398489,0.66666666666666663,0.33333333333333331
2,2013-03-13,2216,8721.0902114420405,2024.5245151588781,82.113312408048685,33.921835323746869,5.1773841366991613,2.13882946555781,0.24002516997558601,0.024402066778262513,0.33333333333333331,0
2,2013-03-14,2217,9970.4044842298372,13317.192367784291,86.015940501642788,80.814828251870878,5.3911589158033708,5.06517256357699,0.23726089350183643,0.00061084748806850681,0.33333333333333331,0
2,2013-03-15,2218,10892.272034926751,438.51217256250897,86.935354128790621,14.741434425040703,5.4207547391295785,0.91918531099240541,0.26983506471425028,0.33816177648914852,0.33333333333333331,0.66666666666666663
2,2013-03-18,2219,11386.190239106987,3139.1757752988742,85.747064248126506,51.852256460429544,5.3234247554323462,3.2191374490411016,0.3364147970878168,0.39807850989543492,0.33333333333333331,0.33333333333333331
2,2013-03-19,2220,3282.5100890198696,2370.5615222480619,47.611294494422431,47.64062578673785,2.9503513242089809,2.9521689100999442,0.34255421334033326,0.51227758766851528,0.33333333333333331,0.66666666666666663
2,2013-03-21,2221,2766.9058356406786,80.934454960194287,43.087475535855752,6.2567835304180335,2.6799860386164358,0.38916395773086815,0.13679676141596062,0.26891976741685752,0,0.33333333333333331
2,2013-03-22,2222,2452.2141443548335,2676.6382016794009,43.319872112016959,43.27887370901059,2.7087617390662473,2.7061981371899697,0.099824958564335778,0.010941427385426363,0,0
2,2013-03-25,2223,2714.7065234199104,51048.16063578779,44.351053312483451,197.68838267822306,2.7754100946485263,12.370987651953882,0.26337583564797201,0.2328971675403102,0.33333333333333331,0.33333333333333331
2,2013-03-26,2224,3501.8719141052438,5045.8439111712223,49.632688546744475,69.457083754614516,3.1054396087435929,4.3458209763562969,0.25618924229138146,0.11980847272328055,0.33333333333333331,0.33333333333333331
2,2013-03-28,2225,2373.7753455144993,1761.5007374464446,44.635330511910148,35.416472923966843,2.8187767926687815,2.2365944378886549,0.4347676244806617,0.34239765031772174,0.66666666666666663,0.33333333333333331
2,2013-04-02,2226,6908.605986706586,7713.272644691192,65.011275760540755,83.155049462702436,4.1283553427871578,5.280523858561831,0.45781984950428245,0.023149351624935019,0.66666666666666663,0
2,2013-04-03,2227,7641.144618686264,2247.177411796461,75.696192641684021,30.725682671897932,4.8061074693132708,1.9508369950411384,0.16789889647554465,0.01435831106805485,0.33333333333333331,0
2,2013-04-08,2228,9848.7054957788114,5742.8434504738207,89.248747114326918,56.525680881674283,5.6585035418815606,3.5838123874892562,0.31916220065432988,0.068912099660968965,0.33333333333333331,0
2,2013-04-09,2229,17538.205094705259,4394.8872551477971,124.67896444162655,56.602202325684551,7.9161247264524803,3.5937906238529878,0.45434465752467207,0.37961959061159806,0.66666666666666663,0.66666666666666663
2,2013-04-10,2230,7663.5639536359813,38825.274920989948,78.440894863715201,153.0127165715553,5.1084920132670275,9.965009219899402,0.04959780128688291,0.053700715301170772,0,0
2,2013-04-12,2231,1981.807463846236,15799.846751666208,34.492176902648531,97.852015120615604,2.4725574840608262,7.0144813706534492,0.049977076791958529,0.0030087253076401064,0,0
2,2013-04-15,2232,84.626609938842606,66584.47043028535,6.4068567829564627,219.34076704523793,0.46426498427220747,15.894258481538978,0.0041034738263196089,0.00482283927567859,0,0
2,2013-04-16,2233,10619.705095094172,43095.240163438088,94.812685443710805,175.03575370534736,6.8112561381976144,12.574407593774955,0.1752330425166608,0.092320200812121389,0.33333333333333331,0.33333333333333331
2,2013-04-17,2234,30603.072043032753,13920.305094335354,168.03205656647197,103.54556438254842,12.056111681899333,7.4292781619765691,0.50838595101175132,0.58526885650696658,0.66666666666666663,0.66666666666666663
2,2013-04-18,2235,45385.895035354268,6819.1562553834738,202.80527536183294,70.438300758925905,14.23694456734524,4.9447736580502566,0.44623828287069323,0.64082617331369163,0.66666666666666663,1
2,2013-04-22,2236,38913.829232989468,4933.2181663243537,187.57200941198707,54.423893568868912,13.321875668464989,3.8653333500617122,0.15997337657768429,0.51175804002900493,0.33333333333333331,0.66666666666666663
2,2013-04-23,2237,52355.765727104299,55440.157798654371,220.56625827552315,211.16177664896796,15.200982651655627,14.552844703581528,0.35851331810036707,0.0032626073413703563,0.33333333333333331,0
2,2013-04-25,2238,30639.425169946684,6443.7580040805951,174.78638782024382,68.321653900730851,11.878109943611539,4.6429938090880638,0.050942608792441085,0.13239817095026643,0,0
2,2013-04-26,2239,21874.743591869657,4905.8918419487864,138.32304677529251,65.727919406925977,9.4145344070302901,4.473569467886743,0.35964936344228865,0.25420121248584709,0.33333333333333331,0.66666666666666663
2,2013-05-02,2240,14860.403693833474,14575.950854391738,112.78047016258945,104.70816282839057,7.8089299056665711,7.2500026192411688,0.27541240309367393,0.012576106738070558,0.66666666666666663,0
2,2013-05-07,2241,18093.599168714456,30525.356854185247,127.44197266752326,160.30228629314919,8.6961427954638868,10.938402340030651,0.0015796151963697743,0.00090511539417141649,0,0
2,2013-05-09,2242,1247.9070939431783,27389.991513033732,35.095211624782223,129.5226161251754,2.4602321503527671,9.0797487644707591,0.33203441455622912,0.13448059098085016,0.33333333333333331,0
2,2013-05-10,2243,11353.117251660637,45684.619707114682,97.386319657242737,210.24889764144595,6.8066622161273971,14.695012940167461,0.17971573039280087,0.00055171317899469993,0.33333333333333331,0
2,2013-05-13,2244,13077.337909965703,19763.30887006344,102.16068678457084,118.95534516637311,7.1254184330999708,8.2967982679248902,0.36026304906114159,0.35214041093598403,0.66666666666666663,0.33333333333333331
2,2013-05-14,2245,5752.3580300500944,22640.674828875035,56.782108329213621,139.99024241423535,4.0270998815045127,9.9283859868252033,0.27451894083789219,0.51008961890763405,0.33333333333333331,1
2,2013-05-15,2246,4509.1322312386192,23321.595950733677,51.824212498119927,129.25564803409279,3.7526583995742171,9.359569010433944,0.45288499616246042,0.023504171857218387,0.66666666666666663,0
2,2013-05-16,2247,11929.912633304006,6813.7746049168827,93.742397526849345,71.048539487485868,6.8487596366647923,5.1907608757980546,0.37697345601964877,0.0033602545863770975,0.66666666666666663,0
2,2013-05-17,2248,14872.894484795726,8445.858195330029,101.98677235418238,61.11476109937454,7.5280880128571583,4.5111467871839492,0.37772374482861837,0.12212595452773213,0.33333333333333331,0.33333333333333331
2,2013-05-20,2249,21627.882300379326,15072.929840179264,132.68770304109799,76.719550523053456,9.7510713239829503,5.6380342107700505,0.34542840755203802,0.022160860073093994,0.33333333333333331,0
2,2013-05-21,2250,36623.153736636814,814.25643402703088,181.10958693829889,28.534814266625137,12.858330631047133,2.0259009063986606,0.25817818442462159,0.14333405879313754,0.33333333333333331,0.33333333333333331
2,2013-05-22,2251,18173.639751561746,1466.8122164820895,127.38822493428135,32.122963982600822,9.227687427329327,2.3269079306483751,0.2431228617987318,0.073945977751067482,0.33333333333333331,0
2,2013-05-23,2252,23456.427758341986,14734.715893502298,151.13496862540305,106.43066547117587,10.87106409821277,7.6555055185165166,0.3956780170144798,0.22912406678364039,0.66666666666666663,0.33333333333333331
2,2013-05-24,2253,15699.804858276788,14365.615394433982,124.62000101841431,96.371721947713013,9.0533963689367454,7.0012148163976038,0.14771549356115624,0.12589701861456451,0,0
2,2013-05-28,2254,16628.579571974391,29510.998941325757,128.40239059318583,121.92054849209323,9.2876955221110915,8.8188461838765448,0.26911125201964797,0.027904322964488429,0.33333333333333331,0
3,2013-05-29,2255,350.13482381179807,295.89758832725255,18.363097880058376,16.075551422924566,1.2991225949811374,1.1372869772143308,0.29686961653952004,0.16436485580935667,0.66666666666666663,0.33333333333333331
3,2013-05-30,2256,16.100482951674792,46.02663425611896,3.4777355834830055,5.3411153824226103,0.24938942871875266,0.38301293527591324,0.36004098380287591,0.3993385540880508,0.66666666666666663,0.66666666666666663
3,2013-05-31,2257,66.239162661293776,63.235457022912037,7.1336674818511865,7.1436996152209913,0.50863939264536084,0.50935469627244145,0.016704870403829241,0.024972889727919199,0,0
3,2013-06-03,2258,18.782489882995677,41.782148485364623,2.7994680488920189,6.1436996152209913,0.20003344400800424,0.43899246982643736,0.13105709591770218,0.26272131327525655,0,0.33333333333333331
3,2013-06-04,2259,58.666746132789122,80.71211129168573,6.6815840277548277,7.6436996152209913,0.4758962982731359,0.54442304951716458,0.29386177131909991,0.073959912641425596,0.66666666666666663,0
3,2013-06-05,2260,268.32775604859194,207.27763936653818,12.39930472564879,12.050664835624653,0.88566462326062789,0.86076177397318965,0.23087254062019832,0.25796425837844289,0.33333333333333331,0.33333333333333331
3,2013-06-06,2261,206.22994339542029,179.61571120126644,12.438003863549056,12.3954315257569,0.89740287615794057,0.89433127891463915,0.21311457021851607,0.079471681786244641,0.66666666666666663,0
3,2013-06-07,2262,113.58997458653691,70.757694297798551,9.8802857691015706,8.1647471308124295,0.71337803387014953,0.58951242821750405,0.13511610101784863,0.095368250642173746,0.33333333333333331,0
3,2013-06-13,2263,38.811023920491259,75.598050007109279,5.2384859097702856,6.4244487157559433,0.37653088300235654,0.4617752895422062,0.11609660075005428,0.080261135123647853,0.33333333333333331,0
3,2013-06-14,2264,280.02170537533237,198.11588150908992,15.328609303546576,12.674448577075433,1.1069586065027315,0.91528785535839929,0.10849400813172527,0.16430474065492595,0,0.33333333333333331
3,2013-06-17,2265,731.47314112135234,846.44990110311403,26.955467546379015,28.046475623645772,1.9722310258920075,2.0520560178266525,0.17945307815279396,0.074948190864906908,0.33333333333333331,0
3,2013-06-18,2266,520.06483781126599,646.30264735890023,22.422988844770469,24.674448577075434,1.6334357198885792,1.7974466273593468,0.14863550782702531,0.059561991685752068,0.33333333333333331,0
3,2013-06-19,2267,3637.8249604002776,5118.3569322746089,59.39830077693076,71.388596852012597,4.5956132129153398,5.5232956945464293,0.042180309078341686,0.044444422226093482,0,0
3,2013-06-20,2268,1884.9149051061358,2919.6998435991604,42.381274074472763,53.226287663563049,3.2720535861395685,4.1093447337242273,0.064888192580140613,0.059679733085436538,0,0
3,2013-06-21,2269,142.41450780870062,287.96320590248416,11.186384691679374,16.256258930737733,0.86935183148858564,1.2633579895657847,0.046765471263858167,0.09393209542751417,0,0
3,2013-06-24,2270,377.07091700141808,664.20501650366441,18.934483644248228,25.367065137977836,1.4804131074470857,1.98335145723048,0.34398517620464197,0.36347285427489817,0.66666666666666663,0.33333333333333331
3,2013-06-25,2271,3527.1491722624291,3807.8064643956423,59.216893642273817,61.371887974042089,4.7900419528634037,4.9643589867779241,0.32679364408292622,0.31488368012193574,0.66666666666666663,0.33333333333333331
3,2013-06-26,2272,2389.0143165566888,2568.6103220942373,47.332326461160314,50.096197843069604,3.8395722134382733,4.0637759353534451,0.33578932023128449,0.3130093938848944,0.66666666666666663,0.33333333333333331
3,2013-06-27,2273,6112.7940395923715,6803.59415733894,78.110757239760389,82.454114904348828,6.5529158758188233,6.9172915188212096,0.30892795653384292,0.38603547033175095,0.33333333333333331,0.66666666666666663
3,2013-06-28,2274,84.672468539449042,16.842555844428684,8.8048744789349858,3.8152729405897694,0.7029839903341305,0.30461261002712731,0.24069097115076779,0.13199656994561815,0.33333333333333331,0
3,2013-07-02,2275,32.957050876660539,31.883339778570459,3.9489833041825477,5.3846702089551854,0.3159186643346038,0.43077361671641484,0.15383634698982149,0.23117415023455909,0,0.33333333333333331
3,2013-07-03,2276,1185.1744564675982,1727.6838151537056,33.003830814515744,41.336719212751632,2.7214043137098121,3.4085111698826331,0.15814890194450612,0.076411345097421535,0,0
3,2013-07-05,2277,161.78804990866465,523.73284308537404,12.689016054374028,22.839940206378589,1.0272427487855922,1.8490135767155305,0.16301813536185791,0.13225583482677261,0.33333333333333331,0
3,2013-07-08,2278,76.145887533603599,36.194055024508494,7.7197943594975795,4.4393888429265944,0.61487808518499243,0.35359528816619634,0.41384141793441959,0.17130606621452393,1,0.33333333333333331
3,2013-07-09,2279,109.90067434362136,99.017944609678594,9.3327574693648021,9.8811578355528891,0.74305393864369451,0.78671638818096257,0.15440896824688921,0.20900733557959125,0,0.33333333333333331
3,2013-07-10,2280,919.56768165536016,1175.6469826067294,30.230886254397166,34.072195938681638,2.3525981520931647,2.6515327578740577,0.45932906602828005,0.21964432705092987,0.66666666666666663,0.33333333333333331
3,2013-07-11,2281,1456.0030731131931,746.54202770808877,35.946059939963256,27.048080264833896,2.8088345333044153,2.1135440722667629,0.18431799587321371,0.076320390102938881,0.33333333333333331,0
3,2013-07-12,2282,1700.8050089307565,1048.4962840695432,39.246637934496597,32.237126363468711,3.0388414970574211,2.4960996022817428,0.14323559780021031,0.062452982997752045,0.33333333333333331,0
3,2013-07-16,2283,1129.1501569444533,625.83222721432151,29.622700993117707,23.991712379064364,2.2834997874825751,1.849428589636875,0.15786731546193669,0.10940323953651121,0,0
3,2013-07-17,2284,245.66664617639242,16.419100360596872,11.839854310148135,3.2887972866521977,0.92264596221688189,0.25628656042487419,0.12775413572116104,0.16712401925165943,0,0.33333333333333331
3,2013-07-18,2285,158.60998373574787,119.65125034579614,10.433138970218048,10.717353489844678,0.80518147561011366,0.82711583946322043,0.44840634437543159,0.10703883414573147,0.66666666666666663,0
3,2013-07-19,2286,1259.0693729180414,878.12057953977944,30.791671702037245,28.247743234051466,2.320397264659928,2.1286920296949106,0.025488851305182841,0.10892915819172681,0,0
3,2013-07-22,2287,1810.3511198469439,924.16570303339029,39.456605067510814,30.183375184350023,2.9588755206232329,2.2634702050506204,0.031077229044494271,0.058632841407647317,0,0
3,2013-07-23,2288,558.94472923899627,505.63559868719972,23.175144259418101,22.224395189251101,1.7359658621286966,1.6647487033146895,0.018187038690442744,0.1937646457883957,0,0.33333333333333331
3,2013-07-24,2289,161.14147124964623,186.59648528067987,12.012018723697642,13.224395189251103,0.90588376498473921,0.99731487098424598,0.2076439283130315,0.27076550970560304,0.33333333333333331,0.33333333333333331
3,2013-07-25,2290,342.59399516490299,272.60268371710612,17.409549709288132,16.164708723779238,1.3080052373619935,1.2144784916438196,0.27823114285938605,0.065995023261433625,0.33333333333333331,0
3,2013-07-26,2291,300.63262089168273,233.75341190765798,16.159549709288132,14.914708723779237,1.2152321646390776,1.1216175013182355,0.26921639446507734,0.18243993564954317,0.66666666666666663,0.33333333333333331
3,2013-07-29,2292,188.16726901785967,76.534798200458624,12.614968110717731,8.4190553997428506,0.95268422087510707,0.63580828454048621,0.3269422047489578,0.071763449671893978,0.33333333333333331,0
3,2013-07-30,2293,36.276140221882343,21.189280069512641,4.0478222554067997,3.7096235843768377,0.30793626895449216,0.28220795620972522,0.41654663831363731,0.25243252470677296,0.66666666666666663,0.33333333333333331
3,2013-07-31,2294,50.273350912385354,11.332004556170476,6.2562563428631774,2.9086501142756638,0.4757609386207739,0.22119012275860561,0.54985819660099344,0.037338222722862184,1,0
3,2013-08-01,2295,92.226841247644941,33.80022507532361,8.465309877404934,4.2244850689806599,0.64657703856444027,0.32266450784652739,0.0020875786964272597,0.004739996725910748,0,0
3,2013-08-02,2296,59.571116968223272,92.070590696149551,5.6144567007349151,8.7244850689806608,0.43030900178079445,0.66867101505887405,0.53153801570236414,0.21254251447967643,0.66666666666666663,0.33333333333333331
3,2013-08-05,2297,554.33585207480303,1424.4116676838873,23.382247422340924,37.475910333471724,1.8260247889372063,2.9266622673542932,0.68969848772876607,0.25704566373179888,1,0.33333333333333331
3,2013-08-06,2298,703.95385689212333,975.37267626578887,25.233092397784048,30.974485068980659,1.967492584622538,2.415164527795763,0.25956277261585575,0.10269926444716858,0.33333333333333331,0
3,2013-08-07,2299,18.151014304131944,41.351361099891058,4.1753659357876431,5.6845028247881446,0.3216149382466893,0.43785887346721702,0.013693749335631852,0.25549807753041787,0,0.66666666666666663
3,2013-08-08,2300,645.84307595592145,921.10165652225476,25.31235801139557,29.63987563296276,1.8875733043546286,2.2102815535393558,0.020397587169380588,0.016474893819238348,0,0
3,2013-08-12,2301,1.5939985011241553,27.340570213447208,1.1949394655474255,4.1923787823113798,0.089946516036689919,0.31557235847281745,0.00081118320193916162,0.0020528256430766808,0,0
3,2013-08-13,2302,34.907421528817331,48.195950902594632,5.5100473263532876,6.4417574574660348,0.4153823841954985,0.48562061496163089,0.2661837078200664,0.1714666831075565,0.66666666666666663,0.33333333333333331
3,2013-08-14,2303,2293.2253108192981,2185.1569277562298,47.691640336497812,46.506168364007557,3.483048408727246,3.3964702109919709,0.16577525469497553,0.088661079617244898,0.33333333333333331,0
3,2013-08-16,2304,763.06104965095108,582.51884322970898,27.192162888129058,22.866900290079077,1.99209984528418,1.6752307904819839,0.20197651592785523,0.18172747333862285,0.33333333333333331,0.33333333333333331
3,2013-08-19,2305,157.26504010107411,88.368207560576636,9.403199244012967,8.2729953905669991,0.68511469901733824,0.60276833446754097,0.16524317131841595,0.14199824201075648,0,0
3,2013-08-20,2306,37.0727550270244,21.431295139803641,5.1458779928304921,3.7890830847718462,0.37754057174104855,0.27799582426792707,0.058970499542048117,0.051614629265594035,0,0
3,2013-08-21,2307,106.78007384067706,147.00617990397862,8.4861221448694923,11.272995390566999,0.61694817483602271,0.81955618979040334,0.33564796093962901,0.13134358916792896,0.66666666666666663,0
3,2013-08-22,2308,124.36864310609324,196.09816146624658,9.5939000219327681,13.272995390566999,0.69647187092070917,0.96355683416094362,0.091103056537589169,0.13157561130167536,0,0.33333333333333331
3,2013-08-23,2309,1754.2528734266598,2172.8765141100921,40.858220728855713,44.962453529051722,2.8788600126021286,3.168043229103521,0.1044028015492145,0.10969514514166218,0,0
3,2013-08-27,2310,391.68331098185746,761.1702485799002,17.29153132798471,27.455430824082594,1.2181423971810292,1.9341620869378364,0.00038613387779565304,0.018551238593152854,0,0
3,2013-08-28,2311,331.34960585801321,119.74370009949126,13.954492338101772,9.1268532909709084,0.99126210890440569,0.64832912739981585,0.0010062856399637487,0.014662225148527617,0,0
3,2013-08-29,2312,1890.6787137552653,532.93978926433249,38.353037716726327,21.877271882459052,2.7498144984209589,1.5685443185129271,0.4540447559141228,0.11507621520241945,1,0
3,2013-08-30,2313,642.13308469663957,169.86230874916825,22.747229285935116,12.279070399187958,1.6253825856330917,0.87738981058863585,0.41099124551336114,0.17941295537734878,0.66666666666666663,0.33333333333333331
3,2013-09-03,2314,252.63269772437715,7.9728658956218652,12.027615687241527,2.0646878880200652,0.865296092607304,0.1485386969798608,0.002450182024766245,0.040669164693400317,0,0
3,2013-09-04,2315,587.40810181408051,184.8826075113104,22.407495088399553,12.086290012491796,1.6178696814728919,0.87265631859146542,0.65136005707438172,0.14740773224734915,1,0.33333333333333331
3,2013-09-05,2316,168.04571836351488,140.53744746134319,11.679184768017572,10.086290012491796,0.84204648651893088,0.72720187545002146,0.74049774951241343,0.24792550366686658,1,0.33333333333333331
3,2013-09-06,2317,2477.427425637431,2487.3777135167675,48.104847075078247,48.146821371307396,3.5416784152459599,3.5447687370739849,0.0016429288932364374,0.0093543538907895993,0,0
3,2013-09-10,2318,613.9300541483824,929.30183758656131,23.064475371939807,25.651657243937887,1.6912539227820209,1.8809647841567652,0.55757304731111812,0.29672276780022194,1,0.33333333333333331
3,2013-09-11,2319,859.76483088901807,1310.0165557817147,28.31719175298743,35.888596852012597,2.1323186560984513,2.7024545822298642,0.0069203759621257787,0.0081029972425352755,0,0
3,2013-09-12,2320,1229.368508445466,1628.9350342669566,34.827548442203955,40.22089135268493,2.6414522898903265,3.0505037051714017,0.21259808591932647,0.18778747953759858,0.33333333333333331,0.33333333333333331
3,2013-09-13,2321,188.01210210243229,322.73646970527369,13.354432604545915,15.284425882320193,1.017674422141049,1.1647495433278865,0.39029322081750456,0.095193676745304587,0.66666666666666663,0
3,2013-09-17,2322,469.03098828745419,680.41463508769255,18.217725185407591,23.610712468766071,1.4002863324679165,1.8148126417191446,0.082124623229239233,0.059062354902750559,0,0
3,2013-09-18,2323,90.943801415983202,86.70775484013383,7.7018431753198611,7.5410461298295104,0.58602573143008263,0.57379084115118972,0.080162672048452163,0.037498228752641534,0,0
3,2013-09-24,2324,215.44633676173461,117.19107614382419,12.770840405840923,9.8298872074540213,0.96547650015807396,0.74314021602374003,0.10821912568728383,0.27354508237504022,0,0.66666666666666663
3,2013-09-25,2325,361.89909458727237,103.42563813504036,15.299405553345878,9.3419314426942037,1.1477423520889631,0.70082006321786983,0.11015157938742132,0.071187974338081911,0,0
3,2013-09-26,2326,461.97725918255856,273.04013053147395,18.729735173440684,14.600905774777099,1.3966991180790964,1.0888072911839746,0.11745184631515176,0.028681444950321433,0.33333333333333331,0
3,2013-09-27,2327,155.72597337744972,30.045778692472965,11.594985480283261,5.241917362256042,0.87410369244502528,0.39516904351722887,0.24705247635498404,0.069351687714696311,0.66666666666666663,0
3,2013-09-30,2328,165.35166628588277,42.863694095438554,11.292405697483295,5.4742705636789806,0.8493723728832866,0.41175408527107793,0.12773894294303514,0.083245190721528875,0.33333333333333331,0
3,2013-10-08,2329,405.57978068847859,217.56501340473184,16.09920066237002,14.71484469900785,1.234601277789112,1.1284390106601112,0.31123846765533864,0.16857720887352046,0.33333333333333331,0
3,2013-10-09,2330,264.67951428636553,677.9246202010147,13.59684814377753,25.790856266955188,1.0471196106105145,1.9862037941436419,0.12437945859193711,0.30350280682746228,0.33333333333333331,0.33333333333333331
3,2013-10-10,2331,1678.5848584616324,2412.440217488886,40.027475227406285,48.969255435370918,3.1629771021261384,3.8695579166630516,0.096657145525401444,0.14936059868233917,0,0
3,2013-10-11,2332,653.35592179025718,2101.7337897780712,25.03368520030396,45.064649631493317,1.9703805746008627,3.5470011516326889,0.085762644305131544,0.13019016241841722,0,0
3,2013-10-15,2333,430.08564710206127,155.2168472073821,20.403138753116234,10.511503370054774,1.5465710633402487,0.79677872806934047,0.025127464349605787,0.24380225095018568,0,0.33333333333333331
3,2013-10-17,2334,236.3880388972058,78.887581610279099,13.729320182846473,7.3666991503112813,1.0428651866955165,0.55956696926025684,0.00094937194181212022,0.0080955320380128922,0,0
3,2013-10-18,2335,278.61351526403251,40.47172419859897,14.933329608103577,5.6884462217295395,1.1334595527972355,0.43176062404019272,0.38699263575550708,0.049238485657808091,0.66666666666666663,0
3,2013-10-21,2336,520.38600325949267,397.19968429874228,20.611729795689978,19.525514931019341,1.5462663012520614,1.4647798147801456,0.30939533405214609,0.21337679295170853,0.33333333333333331,0.33333333333333331
3,2013-10-22,2337,413.00006026865782,259.30656233082055,17.952434098468757,15.77474870049438,1.3485396505892024,1.1849576488634277,0.13871898368931826,0.085782968894231773,0.33333333333333331,0
3,2013-10-23,2338,894.31521902516454,690.39943752161719,28.754639670416964,26.191114727906477,2.1382888767738959,1.9476567933003512,0.11544714922604143,0.10063273325703047,0.33333333333333331,0
3,2013-10-24,2339,947.98440972693982,611.88038309334752,30.640088815453055,24.699839697023133,2.2734252506364725,1.8326722090167413,0.18052745372234025,0.17390952384889638,0.33333333333333331,0.33333333333333331
3,2013-10-25,2340,1101.8230001230211,871.68006487348532,32.076658256485189,27.795695087418,2.3568448388306531,2.0422994186199852,0.16826476458421105,0.09503820390232777,0,0
3,2013-10-28,2341,56.156296644973082,11.53261937485116,6.8357840520499549,2.7501183514713525,0.50663583858068961,0.20382570698323907,0.093822710505219967,0.072951087075828702,0,0
3,2013-10-29,2342,4.0597391174212136,26.982911197299007,1.8899460927771088,4.4670301719762238,0.13950515539967587,0.32973095936344154,0.22303010161658174,0.0392137901598393,0.66666666666666663,0
3,2013-10-30,2343,665.82458531984503,578.3121225822556,24.637353938509857,23.997187694372617,1.8608273367454571,1.8124764119616781,0.099058951369470835,0.041028069175275871,0,0
3,2013-10-31,2344,629.7191298431834,1097.9356018158189,24.213861861901478,32.675805806781987,1.8529834981367113,2.5005399507772705,0.24130282951008866,0.088949521100410919,0.33333333333333331,0
3,2013-11-01,2345,44.86715221620733,54.698165351246246,6.623914139642693,6.2244850689806599,0.50670599653032655,0.47615108578930276,0.23676921837455556,0.20214857422321994,0.33333333333333331,0.33333333333333331
3,2013-11-05,2346,441.54339361448018,208.48412345313841,20.945214106148949,13.787556602938594,1.5879616456519294,1.0453037606473536,0.05082812962300387,0.22701393097971742,0,0.33333333333333331
3,2013-11-06,2347,47.986055194266804,11.071251836340686,5.2029010343800719,2.5781630264023838,0.39800352146720758,0.19722035007859126,0.086660721271603069,0.020591875785014882,0,0
3,2013-11-07,2348,271.84047727026791,380.38390741223884,14.569864027989373,18.68313240517303,1.1334005467125143,1.4533747495272682,0.40889541840912741,0.22500174644190499,0.66666666666666663,0.33333333333333331
3,2013-11-08,2349,491.91922206171921,438.93536663155345,21.195812625500213,20.454862415525593,1.6526949415594709,1.5949210460448804,0.28629382884908133,0.18223233096853023,0.33333333333333331,0.33333333333333331
3,2013-11-11,2350,434.10526822670653,466.40611331701137,20.342284616361969,21.182867147761424,1.5876905066428855,1.6532969481179647,0.10240318050934884,0.10452477345018608,0,0
3,2013-11-12,2351,958.04977351929358,1010.77488856394,30.224632918290279,31.417069824183347,2.3752167322821438,2.4689249370674538,0.061473659115544609,0.043677010968296563,0,0
3,2013-11-13,2352,150.21192910701012,90.799409915128464,12.159941709817607,8.9073847655739282,0.94556311895937828,0.69264267228413112,0.18902199906032699,0.15241232652238512,0.33333333333333331,0.33333333333333331
3,2013-11-14,2353,117.09679436678623,162.78385687847239,9.5175535778476696,12.449689675730951,0.74153124876101828,0.96997971762609669,0.098541892163025516,0.1506144493335807,0.33333333333333331,0.33333333333333331
3,2013-11-18,2354,885.67920922724591,1618.9765352317263,27.838521203106058,39.748169100810401,2.1821298219169947,3.1156707114097899,0.25203670969865377,0.017091494548067861,0.33333333333333331,0
3,2013-11-19,2355,1053.500676626051,2005.7711734258253,29.445186421877754,44.439742186455383,2.3424969309369734,3.5353812399725846,0.16544573226139128,0.055070980432126188,0.33333333333333331,0
3,2013-11-20,2356,2753.8669465926996,3367.3242943652899,48.203822864263962,57.19391568428599,3.8874050696987066,4.6124125551843536,0.18731648388577415,0.081835986799212584,0.33333333333333331,0
3,2013-11-21,2357,924.71892122041663,1224.1869471305117,25.410397807924863,34.875498569716456,2.0389486706459268,2.798435191150769,0.12199344470939306,0.19136187721553277,0,0.33333333333333331
3,2013-11-22,2358,1379.8907802491196,1671.1257800020442,32.713215994199196,40.624819468245505,2.6317953334029922,3.2682879700921568,0.25095937442178762,0.35818466807860222,0.33333333333333331,0.66666666666666663
3,2013-11-25,2359,1241.1669581944284,559.83836223464914,23.14970329146551,22.512402713138346,1.8556876385944294,1.8046014198908493,0.35329965140973574,0.16689343873322193,0.66666666666666663,0.33333333333333331
3,2013-11-26,2360,21.00260129337488,284.57510357281092,4.3152226215537057,16.770186060434224,0.34660422663081975,1.3470028964204195,0.056125268405460178,0.3654423816816384,0,0.66666666666666663
3,2013-11-27,2361,53.243251705084568,80.252126605863381,6.5114624624515427,8.7701860604342219,0.51966978950132015,0.69993504073696899,0.3421493145230709,0.08087493824592934,0.33333333333333331,0
3,2013-11-29,2362,422.54654250813792,1044.7008714462718,20.396148379228862,32.27018606043422,1.6588977941625751,2.624659297310632,0.25914796030330733,0.10752438438738919,0.33333333333333331,0
3,2013-12-02,2363,1293.1406012045811,1400.0793247974823,33.298085242872652,37.03335087558056,2.735517374645525,3.0423783836993681,0.16678171360307412,0.071818371135608308,0.33333333333333331,0
3,2013-12-03,2364,199.65498769132168,151.91240163996429,11.826572676941396,9.9365786585568312,0.96346824252068386,0.80949724305961956,0.065005161909013634,0.14575370251787217,0,0.33333333333333331
3,2013-12-04,2365,252.22695755059794,129.41554401038533,14.783547002256228,10.283674268884775,1.2092880983440677,0.84120034919302855,0.2628733134999055,0.18087395743280785,0.66666666666666663,0
3,2013-12-05,2366,19.983087270189834,23.708384363805052,3.9063620829954289,4.3871323483397946,0.31681768718535513,0.35580959840549836,0.1464952573042817,0.14641616954252554,0.33333333333333331,0.33333333333333331
3,2013-12-06,2367,172.58749587262264,71.422497546037945,12.380406915502059,8.1216818434642537,1.000841302789172,0.65656280060341587,0.15735508718386079,0.30098199757045868,0,0.66666666666666663
3,2013-12-09,2368,557.55751456734254,451.86660970337908,21.434034650669371,21.128318156535745,1.6927174452651033,1.6685739906444812,0.21963711531122945,0.19552524185564227,0.33333333333333331,0
3,2013-12-10,2369,500.68538775808901,46.336411686941602,17.205780123501956,5.0307588985300908,1.3647257682730087,0.39902906194964033,0.027832615335693128,0.045925586691840582,0,0
3,2013-12-11,2370,658.89511440539798,1144.1592554374595,22.775019377763101,33.813090842875148,1.858805907183277,2.7596891118445339,0.20213586615031631,0.23283904004962017,0.33333333333333331,0.66666666666666663
3,2013-12-12,2371,394.6069385800493,502.35979420276948,19.826637526312879,21.850389407100238,1.6093049940189026,1.7735705687581362,0.13963009651146438,0.075927249869457411,0.33333333333333331,0
3,2013-12-13,2372,297.32869324512416,384.4218154824062,17.189567740368147,18.890666702408073,1.3921496448971977,1.529918339939913,0.46404180499743702,0.10390175104972921,0.66666666666666663,0
3,2013-12-16,2373,469.78246821404241,724.48731588183853,18.660796049040453,26.873241354060081,1.5149824273627319,2.1817123080219267,0.091979719799655954,0.084635776920829506,0,0
3,2013-12-17,2374,535.55328136390051,594.25802659459725,21.202589245838301,23.783350875580556,1.7230873015715809,1.9328200630297079,0.069000985282062166,0.020784614312091897,0,0
3,2013-12-18,2375,3336.8259007993952,3609.7233453381773,57.362497769742426,60.045769476571344,4.7961954656975267,5.0205492873387412,0.25507230873768799,0.19154886362955573,0.33333333333333331,0.33333333333333331
3,2013-12-19,2376,1544.1236707856413,1943.9777203007643,35.341070673450609,43.084623527892518,2.9567931958544746,3.6046537149460378,0.31271877483429572,0.056056693139929857,0.33333333333333331,0
3,2013-12-20,2377,203.46630277116284,159.63250787155653,12.216109534322035,10.873777148316094,1.0209870066295055,0.90879875873933091,0.18110934785272503,0.097333106479801798,0.33333333333333331,0
3,2013-12-24,2378,73.779393430764671,103.47146012935013,7.0042841426679843,8.6047307021003689,0.57672162557990814,0.7084998519638015,0.12423131002938143,0.07276838829318534,0.33333333333333331,0
3,2013-12-27,2379,206.46761434765767,121.93217011227046,13.534656653707012,10.987283012123044,1.1236742759408065,0.91218621935434152,0.048965971082529682,0.062790387734984604,0,0
3,2013-12-30,2380,562.03111802190699,624.53916645203117,23.367497389553062,24.612793522043376,1.8750248657615292,1.9749483267437009,0.17934241199325449,0.041217275126489344,0.33333333333333331,0
3,2014-01-06,2381,234.44456759762897,67.291152315628509,12.927193049264133,5.6437816044810916,1.0531318166406625,0.45977854211658586,0.0006815314872933221,0.0008518188018266995,0,0
3,2014-01-07,2382,337.75100738394048,410.09454851400272,14.548938715772465,19.938680497077712,1.1915592723810373,1.6329795656902304,0.27098567826505587,0.11473625919521235,0.66666666666666663,0
3,2014-01-08,2383,111.83890417524746,54.849694187666479,10.175295709389578,5.9611582160935086,0.82995886699751853,0.48622823948560429,0.11088444301408266,0.090628687504172509,0,0
3,2014-01-09,2384,469.51671486280202,104.67232126673395,19.286529162391162,10.061336928324863,1.5500525748355365,0.80862663679524716,0.43077913221033509,0.21274247253606016,1,0
3,2014-01-10,2385,152.12772828848944,36.934133601671327,11.040072957905144,4.9386804970777121,0.89320978623828007,0.39956961950466918,0.033141275168782132,0.086611880481746908,0,0
3,2014-01-15,2386,97.976959675741526,12.858648133816489,9.0439977573323631,2.8888302457316968,0.72847343997844238,0.23268870283783297,0.21451672655370305,0.09978635387528767,0.33333333333333331,0
3,2014-01-16,2387,74.340131694561009,51.518892663355452,7.4166837848673977,7.0330673604652629,0.59333470278939171,0.56264538883722104,0.016034963928941444,0.072052458563226882,0,0
3,2014-01-17,2388,53.082166701626456,184.23652394855446,6.0921718811499277,12.502827963920558,0.49209789023828171,1.0099214833538415,0.035619472448088489,0.088840367717274493,0,0
3,2014-01-21,2389,30.702416650141355,30.670954841429282,5.0239677792796256,5.3367091047465083,0.40483221428522365,0.43003296573299826,0.37191978713271684,0.1825614019541848,0.66666666666666663,0
3,2014-01-22,2390,286.41090206841892,212.76293841938585,15.661404485608196,14.12079055186814,1.2400161904677907,1.1180356731487047,0.074114009475311424,0.12941045229953085,0,0
3,2014-01-23,2391,416.22633255611566,201.03785869407659,18.723118528604271,13.183634186893642,1.4777520543491927,1.0405393991234131,0.013457197722072885,0.0026651995166030035,0,0
3,2014-01-24,2392,110.86160758907698,4.1869704539145545,8.2745595048139275,1.6513479275148863,0.65645057555049002,0.13100737227408857,0.0066915425930042854,0.11282792600609665,0,0
3,2014-01-27,2393,38.58706624872648,141.77668559748065,5.4422858055474235,11.883616639487627,0.43494791652726655,0.94973959156744281,0.21953489999873174,0.063176800471677369,0.66666666666666663,0
3,2014-01-28,2394,147.51720903308805,1.3069612905461701,9.6649377814054933,0.86638336051237275,0.76463115359220668,0.068542987382307963,0.32768735631765794,0.078270190819346844,0.33333333333333331,0
3,2014-01-29,2395,201.02144486889537,426.30247678851418,12.577845996340406,20.633616639487627,1.0123014886390669,1.6606532506629881,0.076677565110964116,0.020516455386227893,0,0
3,2014-01-30,2396,101.40435373881074,15.63881936567863,8.2171914551432419,3.8836166394876273,0.65254647251484943,0.30840711848224162,0.34033928978527034,0.10058548269448532,0.66666666666666663,0
3,2014-02-07,2397,422.19945742693363,192.83292866386785,19.764605997482477,13.866383360512373,1.5477373529743519,1.0858561754512428,0.00061007955811919422,0.0036526382105193478,0,0
3,2014-02-10,2398,2008.2107030727948,1114.4372502173112,44.732369951487499,33.377615774432492,3.4515717555160106,2.5754333159284331,0.00036009314129648268,0.0023431578406093562,0,0
3,2014-02-13,2399,3123.9996737205279,1293.9662677611152,55.879736737921654,35.623660708312173,4.2333133892364891,2.6987621748721344,0.0058145966317777161,0.0025828240764983594,0,0
3,2014-02-14,2400,750.15570256954118,736.21290673900182,26.198783732320862,25.631028869480662,1.9836292812660126,1.9406419738391569,0.0079555484139324679,0.035594827287852911,0,0
3,2014-02-18,2401,982.44766669920318,444.08027337386028,30.054143273698099,17.447825339850926,2.2833157282961518,1.3255707760570505,0.036065822821515998,0.05297597084780039,0,0
3,2014-02-20,2402,172.93152994882095,59.753921390144818,12.954356314622677,7.5036550175398133,0.97898026182676556,0.56706253674965534,0.3032629381598172,0.19597819063056918,0.33333333333333331,0.33333333333333331
3,2014-02-21,2403,834.90190592400586,507.84465222984733,27.759570186847593,22.394025357785875,2.0797580211161333,1.6777692719824591,0.041271132257769849,0.10599478871064345,0,0
3,2014-02-24,2404,1053.9019102700461,588.11253749194236,31.853894824911247,24.157492344263954,2.3789316523458734,1.8041443124917065,0.037976105221793587,0.094202561528379761,0,0
3,2014-02-25,2405,1563.4629318984689,810.51660624558997,37.689590471224314,28.431419807401806,2.7928559074638248,2.1068113973621201,0.0058803497349105361,0.011258881383761798,0,0
3,2014-03-03,2406,250.2089992189311,87.88816728818199,12.693872944972554,9.0965067661395551,0.95103000149635175,0.68151389894283998,0.0054216423627522587,0.0018851167445785844,0,0
3,2014-03-04,2407,143.45092792904634,5.6036268846395485,9.6871940831503398,2.0940065748882262,0.7207733692820194,0.15580406063156446,0.18897683933032905,0.073824772219349369,0.33333333333333331,0
3,2014-03-10,2408,677.82094918307791,409.6120224130305,24.475430446476064,18.389423421184045,1.8180449728115924,1.3659738845819158,0.16562607838035592,0.0040579094459521486,0.33333333333333331,0
3,2014-03-11,2409,1598.9530750520205,1356.2426499800524,37.857521990179066,36.383677688359434,2.7714144941565935,2.6635195965124034,0.016559474268684451,0.0057081101306531642,0,0
3,2014-03-12,2410,978.34185972018793,632.61255659652647,26.863833874352469,24.648012343560595,1.9626545296330573,1.8007680251003173,0.01054666467974294,0.0080397030946594197,0,0
3,2014-03-13,2411,807.36368629232959,701.80648435986075,26.104842388564446,26.27910864731507,1.8848261652393099,1.8974085665931459,0.0022135691096673931,0.006353085978812084,0,0
3,2014-03-14,2412,128.98576014049445,91.785361976582138,10.151409275154569,8.4770046094330009,0.74876704961494134,0.62526310967604648,0.010642813769197847,0.017930650196344051,0,0
3,2014-03-18,2413,213.53473223596015,692.24461874146289,14.586824545602591,25.888596852012597,1.0901961543798648,1.9348727094179818,0.3826001789062583,0.25205890238420264,0.66666666666666663,0.66666666666666663
3,2014-03-19,2414,575.85869429339698,1017.4298812713126,23.122308866998463,31.72089135268493,1.742449801582401,2.3904213528775382,0.084720856657521645,0.092576078623270233,0,0
3,2014-03-20,2415,28.536510542051531,52.263078128656076,4.8192339467507281,5.713769283743356,0.3676699558840914,0.43591602393617057,0.21677423551409439,0.038200692857167824,0.33333333333333331,0
3,2014-03-24,2416,322.7619061983192,14.365483463270046,10.972480805974177,3.4712747703263176,0.83536207125802653,0.26427672404463781,0.17053066089964175,0.26258560443139539,0.33333333333333331,0.33333333333333331
3,2014-03-25,2417,295.28004087163816,96.642033963123211,12.850723668185537,8.2437647546976986,0.98548494387925878,0.6321905486731364,0.0037364770205514423,0.0071077772629011523,0,0
3,2014-03-26,2418,279.99604770153496,252.3562686091968,14.665819387463065,12.716131005515308,1.1316218663165944,0.98118294795642813,0.69337853356099455,0.33171642617696318,1,1
3,2014-03-27,2419,81.698131731136101,349.45562326986828,5.603166067962623,18.342750957356809,0.43276046093551823,1.4167021399773556,0.75991696495721461,0.47490313145079449,1,1
3,2014-03-28,2420,198.9835965277189,381.33622113781286,12.675726804681593,18.989234952185296,0.97712289879989156,1.4638068955240158,0.5141157719667101,0.32052547935580905,1,0.66666666666666663
3,2014-04-04,2421,68.701608325743521,196.33204104458446,6.4766774678125785,13.39718862348127,0.49753619879489747,1.0291675531769748,0.29112411490424989,0.10185953505540506,0.66666666666666663,0
3,2014-04-09,2422,410.19928615175513,57.169419222023663,17.870905511278806,6.8363640806370922,1.3533438478817725,0.51771026737123005,0.1625249795095349,0.060622929008704481,0,0
3,2014-04-10,2423,350.64078091448914,1.9353581580808548,13.145033064580502,1.313826030532482,0.99734696999852057,0.099683310359065413,0.05480244731117808,0.0080104824521219937,0,0
3,2014-04-11,2424,284.97032984406599,315.84827374794423,16.521017402485693,17.475251299505619,1.2728056550451228,1.3463213635982758,0.04008052644640607,0.099125959123383747,0,0
3,2014-04-15,2425,176.68422494089828,201.97435490061991,11.87996855340657,13.956521684562253,0.91279051505236808,1.0723412742652518,0.28366199773237999,0.1764770642292178,0.66666666666666663,0.33333333333333331
3,2014-04-16,2426,295.72141228231595,364.48762514579386,15.675222723958237,18.609874492621884,1.2067146053855455,1.432630830840792,0.42884630448753552,0.42514930632061199,1,1
3,2014-04-17,2427,439.98134230294642,995.0252885154905,18.772990393050804,31.225910333471727,1.4589462127880946,2.4267270513675325,0.092293579836585871,0.036404084509602211,0,0
3,2014-04-22,2428,198.58473919602886,794.19830068682404,12.826595185757165,27.858449228130819,0.99798445327813001,2.1675510000490816,0.12191329632388959,0.19898285058502899,0,0.33333333333333331
3,2014-04-23,2429,75.950524720258088,95.50705367071788,8.7031803820450477,7.9477688547252301,0.66883230601691057,0.61077954695294756,0.11574078677989441,0.11060732283202923,0,0
3,2014-04-25,2430,242.30560181280313,42.135361221190088,15.358293317107305,5.0173054882407842,1.1823166525871676,0.3862436865466346,0.0041162438348901192,0.017754179865445148,0,0
3,2014-04-28,2431,157.27165301128898,448.84496164815329,9.5883332335480791,20.231388548134721,0.74414693314304081,1.5701504499910535,0.24445249573930158,0.31089238617660958,0.66666666666666663,0.66666666666666663
3,2014-04-30,2432,109.01840332298075,201.62413342613243,7.3970763722599413,12.731388548134722,0.57076206576079802,0.982360227479531,0.18670314743221963,0.37585172692667346,0.33333333333333331,0.66666666666666663
3,2014-05-07,2433,241.08601801613679,623.72650467309711,14.704136355130307,24.811553778270461,1.142512537306162,1.9278596564312711,0.19384774640734523,0.060489785315256346,0.33333333333333331,0
3,2014-05-08,2434,345.32968192282277,212.23064690879767,16.179535209724389,13.385938579928052,1.2530133753900785,1.0366651368772934,0.14531819795508946,0.17308537533567966,0,0.33333333333333331
3,2014-05-09,2435,240.99127801148393,103.13253987575648,12.963363809298471,8.5489722775948085,0.99987379940597554,0.65938852893133892,0.36116857383394158,0.27019788163457292,1,0.33333333333333331
3,2014-05-13,2436,224.70067087587634,75.979370799389258,11.957551273034218,7.1064547072614914,0.92051972848608299,0.54707118608633498,0.41732064015205445,0.15463912915047656,0.66666666666666663,0
3,2014-05-15,2437,329.70714403084719,205.60017761883364,16.737591700495539,13.135938579928052,1.2959807743318263,1.0171071296885832,0.12078994004117467,0.072342872435389352,0,0
3,2014-05-16,2438,122.89519787081512,141.73295014802588,8.2615458382491251,11.441233427460778,0.63452733012666096,0.87874296677886166,0.16082178290058946,0.12074125259269425,0.33333333333333331,0
3,2014-05-19,2439,464.78112300028442,528.1300389861359,19.87240162634119,22.506433862211299,1.5339561270815276,1.7372777971602702,0.11702138352084206,0.099181487498395796,0.33333333333333331,0
3,2014-05-20,2440,463.893422697022,1019.8096750120054,18.106098368447494,31.534265130829681,1.4065720231848899,2.4497389886059184,0.11513040739369228,0.073675401627216988,0,0
3,2014-05-21,2441,239.32098695680921,264.57654891196421,14.099247921284965,15.782839866338614,1.0858103905494774,1.2154670671034744,0.071159489802461937,0.041423802058004833,0,0
3,2014-05-22,2442,224.91580617711074,534.53630704070486,14.441891071162672,22.782839866338616,1.1182261766289334,1.7640603845403495,0.12752877126275189,0.038108849531504264,0.33333333333333331,0
3,2014-05-23,2443,650.39734063158801,1053.0700489175701,23.805457339065622,32.041240642438424,1.8663627862850349,2.5120533627940751,0.056511446414151754,0.094515881261081305,0,0
3,2014-05-27,2444,707.2885173881532,1409.000372284356,25.336822718220372,37.139318604839069,2.0052886995029975,2.9393999687248962,0.28853206563748041,0.13434436474109146,0.66666666666666663,0
3,2014-05-28,2445,443.90560556929836,1006.1943539056134,18.282489416376546,31.583060921724229,1.4567720650499238,2.5165785594999384,0.18284210025219502,0.16123366755798185,0.33333333333333331,0.33333333333333331
3,2014-05-29,2446,523.33367656318762,1390.0567845726239,22.130074799234688,37.203045141595261,1.7696981046968963,2.9750535898916639,0.20833557705143582,0.07168437271811913,0.33333333333333331,0
3,2014-05-30,2447,542.09876794506329,1308.7569775977499,22.501611581889922,34.904073880657961,1.8106305839380343,2.8086158825715519,0.17291434031690009,0.097168993157041653,0.33333333333333331,0
3,2014-06-03,2448,101.38311600927052,392.79622757595035,8.1995108371955521,19.596082284470715,0.65846302647625388,1.5736665155166205,0.15935612412936404,0.2259869640220066,0.33333333333333331,0.33333333333333331
3,2014-06-04,2449,7.6148707620166549,151.36195902824994,2.3867791322347784,11.865758045064618,0.19056120816245736,0.94736591178160623,0.36287357732553743,0.34641528626385476,0.33333333333333331,0.33333333333333331
3,2014-06-05,2450,107.49012175076528,244.96631039363785,7.6250443163193422,15.633616639487627,0.61122599730014759,1.2531957226042187,0.28164771341343414,0.25925842688455175,0.66666666666666663,0.33333333333333331
3,2014-06-06,2451,41.769302001009834,71.731940545429154,5.9020407976096676,8.2701860604342219,0.47084489809410984,0.65976753573468072,0.069194397965277363,0.066778813476993604,0,0
3,2014-06-09,2452,145.62422314160298,6.6541457171529759,10.457665768394842,1.8508804861742949,0.83030295898331419,0.1469535915978003,0.31540984829837315,0.32974758242050023,0.33333333333333331,1
3,2014-06-10,2453,17.722719365716991,25.503016360477194,3.6646141136779988,3.4923339206491923,0.29038146701093492,0.27673010464732112,0.20298747058772337,0.11268418145782494,0.33333333333333331,0
3,2014-06-11,2454,67.963214825665418,25.812749262349815,7.2820395043753861,4.684597981755739,0.57531420141223666,0.37010452156869356,0.26114843858359943,0.25999391359271246,0.33333333333333331,0.33333333333333331
3,2014-06-12,2455,90.057400174932425,148.39128837344643,9.4667450888409803,12.014128605240179,0.74365633062380054,0.94376501219482944,0.36069137175384541,0.31526091769903969,1,0.66666666666666663
3,2014-06-13,2456,50.178276548287023,54.268555479329201,6.5932042735197074,7.0284996183835728,0.51660758264601048,0.55071495540713589,0.23208245514242573,0.096794801950126297,0.33333333333333331,0
3,2014-06-16,2457,217.49361414976633,230.50775970703253,13.408104762401535,14.859968751074424,1.0578386400316795,1.1723841223727356,0.13695679987094803,0.17224646189585016,0,0.33333333333333331
3,2014-06-17,2458,242.72335654817758,275.53355976328123,14.304962020890267,16.346831829729052,1.1265967332853135,1.2874055388642687,0.25975001974215578,0.097970409622980606,0.33333333333333331,0
3,2014-06-18,2459,214.97483645969297,63.333512815278191,14.303675529999433,7.3834924096770465,1.1062394068058341,0.57103576254269495,0.3619934627420518,0.25136736698383616,0.66666666666666663,0.66666666666666663
3,2014-06-19,2460,448.10072637889226,219.73586917477925,20.163403408781203,14.37818925056763,1.5362593073357107,1.0954810857575337,0.0091938458873858236,0.0035742100545862747,0,0
3,2014-06-20,2461,603.30362051165355,224.36997012803241,24.480737068699302,13.164139700702208,1.8637789926683901,1.0022184774040508,0.009001344979604595,0.091909279069852357,0,0
3,2014-06-23,2462,357.50307755795467,64.190688077297153,18.625466943956706,4.8659495844697176,1.4126254792534476,0.36905192146148796,0.030376380316815207,0.11058650275660059,0,0
3,2014-06-24,2463,252.37946570204375,4.6912464948224617,13.080216706585588,2.1642685665109789,0.99337130864519363,0.16436442502456647,0.064284816260070821,0.11661230956341317,0,0
3,2014-06-25,2464,254.83431721413322,4.2694524293452325,12.942619391460767,1.9142685665109791,0.98236200314692734,0.14529552686990352,0.2779778020566574,0.16349823157587112,0.66666666666666663,0.33333333333333331
3,2014-06-27,2465,165.53297070355393,10.050432647602664,9.6984630025317529,2.7476018998443124,0.73752570361458203,0.20894311025432033,0.040929476387911112,0.041445857138156017,0,0
3,2014-06-30,2466,376.86838777748176,106.14553155631552,15.219475476684465,10.093803956348514,1.146476495418792,0.76036187995092375,0.093809135512821398,0.11852307490086561,0,0.33333333333333331
3,2014-07-01,2467,150.17355171573647,85.43447618732921,9.1239345601404693,9.1734129845022689,0.68782017038375187,0.69155016845098138,0.00020807415231144992,0.00081406507885938364,0,0
3,2014-07-02,2468,121.95128648615999,7.0559365780534291,10.357698539393292,1.7151014877392754,0.78616307699379828,0.13017848104282922,0.59673211452289021,0.20219422028422149,1,0.33333333333333331
3,2014-07-03,2469,138.43941406254714,39.358819419147032,11.131905032747378,5.8392092045659565,0.84782216547961742,0.44472271169580785,0.50237113213562112,0.29061139343747333,1,0.33333333333333331
3,2014-07-07,2470,96.485129619241718,79.146612219023567,6.9517868071309294,8.6167950291984052,0.52545629683529327,0.65130725844281212,0.19385262389279423,0.33516613471405837,0,0.66666666666666663
3,2014-07-08,2471,115.06880599432951,86.67959073109877,7.8437113346768301,8.8488589423016801,0.59298516988673822,0.6689744050124119,0.0039593260245960266,0.0040994616172515151,0,0
3,2014-07-09,2472,491.15528611426117,652.90315192500839,19.627101628762905,25.256812613597656,1.4644358611276183,1.884485179152968,0.30142470117743092,0.24631245723270942,0.66666666666666663,0.33333333333333331
3,2014-07-10,2473,244.76998033874159,70.805316163992515,12.537926219728964,7.9011410576983208,0.96002497853973701,0.60498782983907506,0.0036191797904819964,0.013405983629095482,0,0
3,2014-07-14,2474,214.77321896573906,34.684917318378105,14.053747730626052,4.8352912762207625,1.072805170276798,0.3691062042916613,0.041875419622765697,0.075699854150328524,0,0
3,2014-07-15,2475,396.5232275757312,166.73102527373507,17.819723876222877,12.743244947516738,1.3696943794175922,0.97949615276838886,0.070010619141425603,0.024084189967472146,0,0
3,2014-07-16,2476,470.06660656046432,136.39327350656251,19.320500482569969,10.974485068980661,1.4833397683355063,0.84257083063191252,0.28637975930504034,0.20378149004779464,0.66666666666666663,0.33333333333333331
3,2014-07-17,2477,256.41950259627021,43.663501607964399,14.155792654197967,6.2883958263604045,1.0828680553985823,0.48104003261506251,0.02668354939540683,0.021769798401207574,0,0
3,2014-07-18,2478,642.07054608787234,22.086455568963277,21.07123088164796,4.1821308263943138,1.6081840016522007,0.31918571466470624,0.080807242468146245,0.0053340307222850859,0,0
3,2014-07-22,2479,672.88448518564974,42.468991571900098,23.075040665088334,6.1783558496453379,1.7641468398385574,0.47235136465178423,0.017443829678516883,0.078787022599704312,0,0
3,2014-07-23,2480,701.67722251777866,503.38932252250214,26.35605310706713,22.20325603174145,2.0387587009914623,1.7175212555978689,0.29190712912452327,0.24009177208538268,0.33333333333333331,0.33333333333333331
3,2014-07-24,2481,445.96122526860364,559.41072317994292,19.66603454126054,23.225910333471727,1.5189059309720438,1.7938528931045934,0.1024493834194458,0.021124759455579845,0,0
3,2014-07-25,2482,173.40955336989461,65.856950260483316,11.45382067459218,7.6775896191203019,0.87802381560691289,0.58854654036951337,0.26162603944311286,0.16799158883424936,0.66666666666666663,0.33333333333333331
3,2014-07-28,2483,754.07716220727389,877.92303733916924,26.269656139547049,29.552039634700879,2.0439335646408909,2.2993222824120507,0.23083438047231752,0.02953862017086395,0.33333333333333331,0
3,2014-07-31,2484,189.58638976353632,503.28196883843265,12.496131241213485,22.191233427460777,0.96775459757703663,1.7185853574025771,0.14340044381134245,0.074579038097981207,0,0
3,2014-08-01,2485,267.49365484733539,191.83166853804019,14.631173608105732,13.148672330736721,1.1337600626195841,1.0188820093558093,0.22543016222691889,0.033368369252371334,0.33333333333333331,0
3,2014-08-04,2486,293.34855784910189,33.424366670812233,15.119985508990945,5.6245692548928519,1.1583976639717255,0.43091892395271802,0.16265570982673472,0.094996630035725116,0.33333333333333331,0
3,2014-08-07,2487,458.8843026407622,40.573448352427611,18.974471350279526,5.1144355213918971,1.4487093987615596,0.39048944618376763,0.15115377436741176,0.029572232673615334,0.33333333333333331,0
3,2014-08-08,2488,94.598851681121758,12.961751152106579,6.8758908166784449,2.6374887475778146,0.52258337956894885,0.20045515847066805,0.1807873679865365,0.16926041388611654,0.33333333333333331,0.33333333333333331
3,2014-08-12,2489,193.95891318713714,6.4862412575405477,12.154595765354239,2.2703488082224794,0.92641736016419518,0.17304487867549387,0.024952156563345883,0.014134088021734813,0,0
3,2014-08-13,2490,341.01384385528303,4.3999015858165897,14.923483741700997,1.9751979293788129,1.1361616857023979,0.15037669808746199,0.014721289076408654,0.025890627578728339,0,0
3,2014-08-14,2491,463.83219105295143,301.67022980138569,20.300083214772638,17.24324494751674,1.5657603713669601,1.3299841841509246,0.081941965965222005,0.035613500646214789,0,0
3,2014-08-19,2492,118.20759775686923,296.92734977720795,10.59912075563966,17.016402899426794,0.81846492321541786,1.3140079459016829,0.22173449113633684,0.17894913977101809,0.33333333333333331,0
3,2014-08-20,2493,591.72981081935939,1202.6143033493711,23.412823592809293,34.561553778270458,1.8330650689222387,2.7059349209841819,0.10587298231004671,0.065580103151536062,0,0
3,2014-08-22,2494,308.06135055423908,312.91009429859076,16.049512269969153,17.006258930737733,1.2480180614283942,1.3224151579111769,0.14716893346314069,0.12435187685603107,0,0
3,2014-08-26,2495,227.26545471121096,474.40948394025264,11.194748663327951,21.057677140502999,0.87271476619200561,1.6416041427014616,0.052885997497084336,0.020385815961031402,0,0
3,2014-08-27,2496,327.98509623173635,5.8001647846358475,11.843254740504108,2.39901215992586,0.91666058363034875,0.18568205572181576,0.0066868602827245211,0.047938941232155557,0,0
3,2014-08-28,2497,304.51855269722489,530.04850311209373,15.066600217002511,22.57396315694162,1.1891555025258493,1.7816861213055741,0.013392471806458443,0.013595315269367034,0,0
3,2014-09-02,2498,426.55315440102476,1091.8075775279119,20.013797212722846,32.465237924755606,1.5814932605865544,2.5654079750893408,0.22658743027630399,0.27670351376262864,0.33333333333333331,0.66666666666666663
3,2014-09-03,2499,172.14697685449661,419.01903295334324,13.035989954037632,19.746492908691987,1.0252449826219137,1.553007700251041,0.066345247392909923,0.053874005084625302,0,0
3,2014-09-04,2500,393.65579449373013,595.61001364043261,19.686639814388474,24.101943164407732,1.5550268415788686,1.9037869798110372,0.39067165948458182,0.12949641560104741,0.66666666666666663,0.33333333333333331
3,2014-09-05,2501,526.02387231656519,959.38226252302718,20.24125982004777,30.833060921724229,1.6118861095001211,2.4553502625302994,0.15383415022967714,0.070387834970432189,0.33333333333333331,0
3,2014-09-09,2502,589.77376177233589,1413.1482493788899,21.551074927496682,37.530068854721925,1.7227078279373844,3.0000055039745743,0.252821899782597,0.15081470335244387,0.33333333333333331,0
3,2014-09-10,2503,768.69856355181673,1618.2334383347561,26.150470780259486,38.966289771950336,2.1067851585304722,3.1392781286566236,0.16335781288081788,0.077779043392074407,0.33333333333333331,0
3,2014-09-11,2504,549.04745225700196,968.97481531551932,22.026402457251681,31.122384225567505,1.7885832283598606,2.5271931973664237,0.33837181898625773,0.22977045815362082,0.66666666666666663,0.33333333333333331
3,2014-09-12,2505,415.45367768379532,874.77734811388348,20.373873934024385,29.520186060434224,1.6533880246722974,2.3956328716116229,0.067653751117895414,0.15868504945986245,0,0.33333333333333331
3,2014-09-16,2506,61.689248803556893,497.13535005975791,6.8315348850338369,21.530635261155869,0.55271317840079581,1.7419607816469149,0.39413413841275174,0.077534050389085438,0.66666666666666663,0
3,2014-09-17,2507,488.34165188764865,1347.6899545349575,21.310273161986668,36.325851218965909,1.746028116508535,2.9763089896735693,0.27668357630107121,0.14897519870481366,0.33333333333333331,0
3,2014-09-18,2508,289.54798678955495,973.34223826060008,14.879660386872578,29.399781706396727,1.2198942723404447,2.4103120890671637,0.13477156086448835,0.079004034345984478,0.33333333333333331,0
3,2014-09-19,2509,178.06358100071341,497.65992770696283,12.03529595794339,21.646875018754674,0.99178376250048539,1.7838380732389514,0.32879626601935702,0.11022761510906549,0.66666666666666663,0
3,2014-09-22,2510,53.777297930487428,264.95662383367551,6.6216889955445213,15.533674268884775,0.54398759462267587,1.2761285084316925,0.10845070409085013,0.14936578681455653,0.33333333333333331,0.33333333333333331
3,2014-09-24,2511,107.18249245282318,106.72614877430517,7.7054736144424014,8.1850684644541616,0.6348484955256356,0.67436197441434897,0.27758956763318482,0.064500046429599833,0.66666666666666663,0
3,2014-09-25,2512,134.22967510402492,164.25546037918539,10.087745492222817,11.375612068733593,0.83112218267541238,0.93722859474633091,0.05266472769318916,0.068779730118033788,0,0
3,2014-09-26,2513,80.130630227428156,15.134499832471521,8.4795051034817188,3.491956586057313,0.6953263717492183,0.28634330348973452,0.18141325874163536,0.15111441108427023,0.33333333333333331,0.33333333333333331
3,2014-09-29,2514,53.195704138751502,89.130686430831304,6.0267304097520382,9.4131490435158867,0.4954155700577097,0.77378948158782457,0.25761177496664961,0.12276431995804681,0.33333333333333331,0.33333333333333331
3,2014-09-30,2515,85.047551871636628,73.338473355753379,7.1679744780875199,8.5608281793129972,0.58898722087818578,0.70343699090492995,0.088539324705533648,0.087832612231590765,0,0.33333333333333331
3,2014-10-08,2516,174.00446080687041,34.571043588753618,11.990778058389651,3.8765268774300998,0.97744267849110666,0.31599974545996329,0.34904327673894486,0.21385185761689163,0.66666666666666663,0.33333333333333331
3,2014-10-09,2517,118.28243618813379,44.039929034347971,9.5743986637413254,5.8363596328748217,0.77541191850506797,0.47267541063979129,0.38107528784115513,0.13724486391044732,0.66666666666666663,0.33333333333333331
3,2014-10-14,2518,66.933717912471522,35.206138247661421,6.2170716562103125,5.7514792758630238,0.50228815642983748,0.46467212893258125,0.17311363878909028,0.15058645563863915,0.33333333333333331,0
3,2014-10-16,2519,66.386825995561253,113.21904819193894,6.5555236002126849,10.282571097337192,0.53113417866823454,0.83310278285089667,0.21210513463058431,0.12900421108142604,0,0
3,2014-10-17,2520,43.389618126909049,25.446482602794983,5.2802638628403811,3.4183186554587337,0.42428797612216801,0.27467405829318869,0.12260550069823202,0.055112856057476289,0,0
3,2014-10-20,2521,59.785592231754471,19.198318065019546,6.5901101504816024,4.2703072989202155,0.52710339136025608,0.34155627265908545,0.65678173982346344,0.29502708973718128,1,0.66666666666666663
3,2014-10-21,2522,121.7296970804626,48.936838714046779,10.662251149201287,6.1171268222326489,0.85726642405638476,0.49182929223981092,0.052045742127118745,0.080061694556922761,0,0
3,2014-10-22,2523,391.99701322694904,517.36520346414557,18.700214016349946,22.395671001617831,1.5218892383601179,1.8226385352283077,0.12938191173277699,0.036863623016672696,0.33333333333333331,0
3,2014-10-27,2524,332.29233903204255,362.26770159428639,13.817777441200937,18.668318655458734,1.1240819557617194,1.5186755058335353,0.18149032775952625,0.037107048556862053,0.33333333333333331,0
3,2014-10-28,2525,387.96955121261408,512.99268529874087,18.880054295306838,22.618842164447113,1.5431184548677432,1.8486998091088773,0.59070233736188982,0.33542202771064472,1,0.33333333333333331
3,2014-10-29,2526,1884.6297208979977,1947.8528983699664,42.964065290755649,44.118842164447109,3.5743814717766766,3.6704527591054172,0.060287723206403389,0.035372849816773771,0,0
3,2014-10-30,2527,2085.1827354545208,2988.3545377838818,45.214732167850194,54.544655359196589,3.8835930571483952,4.6849607351682705,0.2701269272972921,0.21165624488025381,0.33333333333333331,0.33333333333333331
3,2014-10-31,2528,2747.345214883861,1601.152589051535,50.996658016460664,39.337110843554832,4.4655567439983068,3.4445806342867633,0.16016342711573761,0.14971797861233135,0.33333333333333331,0
3,2014-11-05,2529,927.53705761951471,468.65571491367945,27.071899579456613,21.460445193381474,2.3449025187922579,1.858851900682674,0.21308253671597854,0.13607670191945984,0.33333333333333331,0.33333333333333331
3,2014-11-07,2530,209.68017991850343,17.199255983706653,13.416900783608526,3.4399286901928767,1.1546386216530573,0.29603517127305307,0.14169605288580764,0.19779412673511257,0.33333333333333331,0.33333333333333331
3,2014-11-10,2531,620.24069104092962,258.91405406580708,22.394171834019517,15.263197133496229,1.9363745641175545,1.3197749358838073,0.31240287823849494,0.19673695310357733,0.66666666666666663,0.33333333333333331
3,2014-11-11,2532,419.45431162418475,101.53025246875625,18.828368720412453,6.571593590828722,1.6168629214609236,0.56432748740478511,0.22335947501232256,0.12731662148948095,0.33333333333333331,0
3,2014-11-12,2533,871.92923940662422,543.17226547694111,27.078462783149689,22.877341709820485,2.3308338956875136,1.9692138334254772,0.44267966348052995,0.23413177804252627,0.66666666666666663,0.33333333333333331
3,2014-11-13,2534,260.38113694293872,38.705527955491682,15.366426767643892,5.4890238498576309,1.3144933077539684,0.46954866123675193,0.14133264155898964,0.10130819103619763,0.33333333333333331,0
3,2014-11-14,2535,250.38006209722244,20.219177211174905,15.1487875263039,3.8504912994909923,1.2810813975732687,0.3256229428745025,0.26775307219741001,0.29144206653295807,0.66666666666666663,0.66666666666666663
3,2014-11-17,2536,183.63470153181242,45.743567150880949,11.648285923883577,5.6892270228490061,0.97659072931323232,0.47698403042121201,0.2572347787644978,0.22069188346942734,0.66666666666666663,0.33333333333333331
3,2014-11-18,2537,181.0619749398904,17.650161728937498,8.7961377814533535,2.8735868884364208,0.73546302520512985,0.24026646224384787,0.25394911948445592,0.14554901967676476,0.66666666666666663,0
3,2014-11-19,2538,338.54181144571379,204.89794109600328,13.345073601238559,13.578743108174725,1.1214347564066014,1.1410708494264474,0.3084250249234719,0.19529495641395275,0.66666666666666663,0.33333333333333331
3,2014-11-20,2539,199.22129787915833,24.784610076886576,13.440509878555153,3.8138819555188093,1.1165532609391613,0.31683339194341092,0.23207989683490457,0.26001626238124098,0.66666666666666663,0.66666666666666663
3,2014-11-21,2540,188.19221937921733,44.111968885893525,10.398207005995801,5.0578774626821996,0.86723995045836533,0.42184132299267718,0.39355582566260766,0.20920853829988725,0.66666666666666663,0.33333333333333331
3,2014-11-25,2541,196.88053329689566,57.466794473382429,9.2304570325520672,6.0787431081747245,0.77081060814631031,0.50761946623588516,0.31428870979529772,0.11292940638138262,0.33333333333333331,0
3,2014-11-26,2542,819.08424419070752,454.35221616453686,23.596644439209438,20.828743108174724,1.9950661119602147,1.7610435940118137,0.17781795206059073,0.13572325136857832,0.33333333333333331,0
3,2014-11-28,2543,137.45119360135814,29.339455664965254,9.293978664963257,3.9223234840069381,0.77839017294499646,0.32850280435568996,0.13573302212029081,0.065874937940963593,0.33333333333333331,0
3,2014-12-01,2544,162.7017143338492,40.135704192084376,12.592419350966262,5.0761267051113164,1.0452309069073469,0.42134274373200381,0.12988622113619497,0.055093537478039849,0.33333333333333331,0
3,2014-12-03,2545,215.55267432243127,94.182583520286798,12.031144564895007,8.0635826128735371,0.99513189122373902,0.66696299527489966,0.023921819913458042,0.023526289091667096,0,0
3,2014-12-04,2546,260.93546831627646,144.36806449952905,11.152219698006471,11.58610833481824,0.93402175025179834,0.97036083206182899,0.022360774285972357,0.060404456865789817,0,0
3,2014-12-05,2547,238.98791112673837,160.38957654570274,13.118753764777997,12.119164393277666,1.0996440708112321,1.015856193904247,0.032345132183113516,0.014060709269218355,0,0
3,2014-12-08,2548,729.24813914756066,777.77238714151406,24.991501480166107,27.684695179698185,2.0367971866476045,2.2562913756885234,0.018500113391343147,0.061671473664910166,0,0
3,2014-12-09,2549,311.32880933269007,187.20809175951317,15.844933463415524,13.625737541045206,1.2892541467384477,1.1086849097677141,0.010015279518537082,0.022750225380645361,0,0
3,2014-12-10,2550,52.899733438046638,78.258178295020016,5.9364427175322207,8.8109047456647058,0.48809395416503359,0.72443204486451851,0.2631876690888541,0.23071256822459199,0.33333333333333331,0.33333333333333331
3,2014-12-11,2551,46.599048324965821,65.604321176522944,5.6864427175322207,8.0609047456647058,0.46725083956715041,0.66235864795930199,0.033804511463921605,0.17334617885677353,0,0.33333333333333331
3,2014-12-12,2552,172.84075656990299,250.28773216537471,11.75622986411569,15.800894702173006,0.97219184321816743,1.3066689850876996,0.031940474576641974,0.028837523526798369,0,0
3,2014-12-15,2553,411.21734922771503,396.47315515672631,19.245239031285035,19.560592604905651,1.6004356782773417,1.6266605076844616,0.1796182648489075,0.11646439480732707,0.33333333333333331,0
3,2014-12-16,2554,97.452525439535236,204.43541649513259,7.7466252419471102,13.122938937455274,0.64784656006248031,1.0974651003516851,0.22239329125488783,0.11721949274876893,0.66666666666666663,0.33333333333333331
3,2014-12-17,2555,173.0000655902322,50.959603826370731,9.107264166360892,6.1191643932776669,0.75957165691083339,0.51035566249188213,0.15222596758968701,0.12733515177544821,0.33333333333333331,0.33333333333333331
3,2014-12-18,2556,222.02094708185669,112.02909879790199,9.8063723399735263,10.098298747785142,0.82027372145324329,0.8446924924956204,0.12125456717183104,0.066159287818529033,0,0
3,2014-12-19,2557,92.381324904958888,78.781168582049773,7.1282953986320381,6.4910068438386288,0.59638530839841364,0.54306687670685039,0.074883359747214065,0.079892592174585456,0,0
3,2014-12-22,2558,622.88959985017198,726.94526190854606,23.764003567014015,26.578743108174724,2.01903173891368,2.2581769845518029,0.21084212012387207,0.10064802123117872,0.33333333333333331,0
3,2014-12-24,2559,369.98709384792096,172.20891630623623,17.803632087681383,10.712235256002108,1.5017825464092269,0.90360482969229083,0.30795789061748752,0.25239602120524479,0.66666666666666663,0.33333333333333331
3,2014-12-29,2560,338.257920458206,248.04317322679299,16.376142838931855,15.138505914669016,1.3578891242895403,1.2552658304037327,0.18940272526197574,0.18665406075649557,0.33333333333333331,0.33333333333333331
3,2014-12-30,2561,151.85258492453323,18.271573856881997,11.874168345602811,4.2069202217697539,0.98951402880023431,0.35057668514747958,0.038378667447262226,0.031341202983350892,0,0
3,2015-01-05,2562,269.13026237376238,130.89759862162489,13.263611437805821,10.934695179698187,1.0959398006862897,0.90350714147475186,0.12221729086660983,0.31371124518962074,0,0.66666666666666663
3,2015-01-06,2563,192.97052560344159,120.45781652491127,13.778208138882595,10.366612369111635,1.1382245467891445,0.85639094333842503,0.21737912448262786,0.045318606949927009,0.33333333333333331,0
3,2015-01-07,2564,194.47755662064642,176.05504765536898,12.784749970745073,12.255401842913216,1.0518099523443087,1.0082601269365048,0.30648611451028418,0.22994205712840357,0.66666666666666663,0
3,2015-01-08,2565,29.746456620546311,22.532621629863652,3.7756210430032602,3.7759751636153851,0.31004894625360374,0.31007802616426894,0.43478738552457563,0.17974352561129783,1,0.33333333333333331
3,2015-01-09,2566,112.89754202938293,315.43443862928672,9.7904236175368169,17.525975163615385,0.79499988774151975,1.4231404923764017,0.35826217387128501,0.132452278050088,0.66666666666666663,0
3,2015-01-13,2567,33.915697284056073,81.589653332886471,4.7124731701906812,9.0137947800033853,0.38157677491422531,0.72986192550634688,0.15227028136669835,0.065282453609316962,0.33333333333333331,0
3,2015-01-14,2568,717.84133914886309,1090.2518027730491,26.341407677466805,33.013794780003387,2.0922484255335032,2.6222235726769965,0.42802370282109886,0.23842077815555893,0.66666666666666663,0.33333333333333331
3,2015-01-15,2569,1717.0452544958432,2036.0265260679334,40.921636837620476,45.038344682451374,3.2032592436493523,3.525506433068601,0.13872365318388066,0.054789368477510675,0.33333333333333331,0
3,2015-01-16,2570,1342.8708822446717,1751.1635975873698,35.039776709563817,41.529238214149018,2.7188963499176579,3.222443314385957,0.11179057004775561,0.033463143174737996,0.33333333333333331,0
3,2015-01-20,2571,839.96504690074926,1415.2497761089128,28.557613186751343,37.589621287029559,2.2077783677426628,2.9060395274085469,0.10036661142513402,0.062715274970590026,0,0
3,2015-01-21,2572,806.25627962234682,1495.8842292194702,27.19162081918542,38.666687856876855,2.0985236981813946,2.9841163694290458,0.14625298072344226,0.051666669028557544,0.33333333333333331,0
3,2015-01-22,2573,269.8411153389232,656.57304135952143,15.295986561886517,25.528499618383574,1.181385330132189,1.9716933476256859,0.19303303730306468,0.064412744528785273,0.33333333333333331,0
3,2015-01-23,2574,46.735875091141132,17.132081128184776,6.5580857215532733,3.6500204495060493,0.50897056434251253,0.28327671319410547,0.267368853920325,0.27590472550250283,0.33333333333333331,0.66666666666666663
3,2015-01-27,2575,44.525217391641661,14.498588718507728,6.3146417247383697,3.4833537828393824,0.49026721465360018,0.27044672227013838,0.076324669922208446,0.15212572579693678,0,0
3,2015-01-28,2576,386.62798289142364,317.69306879325251,16.913655715358043,17.586479299128996,1.3330960169740329,1.3861264472219899,0.3037356444951958,0.20755366006562495,0.66666666666666663,0.33333333333333331
3,2015-01-29,2577,381.36020194167969,427.21754626960154,19.453867947287637,19.761282306858295,1.5436514935360155,1.5680446186755244,0.34354212370048448,0.1743647348542304,0.66666666666666663,0.33333333333333331
3,2015-01-30,2578,525.16894905838456,181.01830316164879,19.641077185263384,11.231891795285568,1.5435031186847457,0.8826634023800054,0.3050207659907902,0.15192729375526817,0.66666666666666663,0.33333333333333331
3,2015-02-02,2579,600.98184046459119,415.47684747735912,23.611351223445126,19.02892358763059,1.8676172610990804,1.505155118657749,0.11556285475876116,0.016093079955927216,0.33333333333333331,0
3,2015-03-03,2592,535.7321876621404,742.83171095206581,22.673757279987132,27.132719108019575,1.8902673847425706,2.2620024266794143,0.54747657338714839,0.1301996886053684,0.66666666666666663,0.33333333333333331
3,2015-03-04,2593,31.582396858484028,6.4297091512621902,5.442471250610045,2.1214303045857528,0.45278462983444639,0.17649170587235882,0.11621563619215959,0.1425239330213271,0.33333333333333331,0
3,2015-03-05,2594,909.82032068683714,734.54666987956705,30.026232466298325,27.000797738355988,2.5696390642959628,2.3107229557857072,0.55572145193172728,0.28215799984827666,1,0.66666666666666663
3,2015-03-09,2595,229.87384249895067,123.47512679996044,13.64970464746049,9.3039955615529379,1.1746733775783553,0.80068808619216325,0.027472614833763027,0.10191586287421205,0,0.33333333333333331
3,2015-03-10,2596,333.60930956645609,134.24876744871713,17.443396363407754,10.719988964531694,1.5168170750789349,0.9321729534375387,0.21336949228561766,0.1064874146240673,0.66666666666666663,0
3,2015-03-11,2597,82.435531349167263,52.331882299517908,8.2014398438708067,6.254369021566542,0.71177607670824961,0.54279618325593759,0.14293315177736104,0.08337313833858899,0.33333333333333331,0
3,2015-03-12,2598,49.383497001304079,37.90395544401737,5.4150184778923931,5.8635501965052299,0.47005368731704805,0.50898873233552344,0.6056452840276928,0.26128072764316695,1,0.33333333333333331
3,2015-03-13,2599,138.93324419156093,21.467991463012353,7.5681272127323309,4.0147149461740055,0.6576691038655077,0.34887811828581405,0.035213170916413461,0.084600078600417086,0,0
3,2015-03-16,2600,65.829327510918688,20.524110144369875,5.9609782626611532,3.6716074753333792,0.51800810451107127,0.31906213124774097,0.063653448770179102,0.13892445855063573,0,0
3,2015-03-17,2601,163.98898557748788,7.0646417005218494,8.9195853003217653,1.8423348292042192,0.77747529312022368,0.16058704111607927,0.035101574869269445,0.088830826341041447,0,0
3,2015-03-18,2602,243.00892743528945,413.28941472548712,13.522925950655539,20.207660613999071,1.1597706647217443,1.7330755243566955,0.13456514506767975,0.024687972697146038,0.33333333333333331,0
3,2015-03-19,2603,562.25159739700575,968.94911721586766,23.236835658412474,30.122879841730537,1.9640635329568485,2.5460975269825492,0.63511156418002246,0.1734760353013014,1,0
3,2015-03-20,2604,146.84380620460027,283.52132042607008,10.635012399463449,15.825182234635653,0.89652370069238774,1.3340511894318781,0.55086023385967986,0.19681101038822912,1,0.33333333333333331
3,2015-03-23,2605,12.280583048911467,4.8402470699114186,2.8629613446406288,1.5785505939929105,0.24028211033492478,0.13248431338589262,0.59685505778326342,0.1245990935160645,1,0
3,2015-03-24,2606,22.672379395110749,11.012479929325275,3.8373560446546739,3.2710180630767809,0.32095651092795868,0.27358799456982114,0.52724258630205434,0.23729633874921383,1,0.33333333333333331
3,2015-03-25,2607,73.652742028439505,68.536194855005974,8.1177028752429887,8.0043527441131719,0.67470414123284606,0.66528302739585021,0.49628488884703664,0.22587423655419211,1,0.66666666666666663
3,2015-03-26,2608,10.423446618434063,2.3001968810269604,2.0881819622432736,1.3579748460039507,0.17463365772471448,0.11356678620145939,0.43950152049833008,0.41392640063116493,1,1
3,2015-03-27,2609,131.62497587587629,189.15905929750383,11.380363154529809,13.588158131455202,0.9599631509514811,1.1461963839270519,0.088137088137110631,0.1377579752656079,0,0.33333333333333331
3,2015-03-30,2610,25.184925964028043,92.911263376351897,4.7901515305984503,8.381496422811324,0.40355109777577508,0.70610753351401201,0.07159757408805302,0.091333745876110414,0,0
3,2015-03-31,2611,323.72440790343268,286.57129655333802,17.616983749106492,16.583123722883254,1.4547468000913699,1.3693743784379233,0.52473657729747958,0.14156571492658468,1,0.33333333333333331
3,2015-04-07,2612,64.185400164112693,77.229308785388696,6.7394758733328972,8.4617276804196226,0.55825022765234189,0.70090931293598047,0.070133567653664103,0.04066766717483012,0,0
3,2015-04-08,2613,107.02889565363971,126.65671704480218,9.9528713457234517,10.798298747785188,0.83301568009068061,0.90377458551934942,0.28431996289190992,0.14552373346552691,0.33333333333333331,0.33333333333333331
3,2015-04-09,2614,85.480928185691866,43.333962209813997,6.7377865248068547,5.9461115799474555,0.5580640679841683,0.49249278005114144,0.14707855477595508,0.11851385414308767,0.33333333333333331,0.33333333333333331
3,2015-04-10,2615,8.8289215101979277,11.868027904505198,2.6567781320287245,2.6480993878029344,0.22160131220524848,0.22087741995186705,0.11868304211668061,0.074355868969087205,0,0
3,2015-04-13,2616,72.194601547538866,38.912338988919963,7.1177105872290367,5.9680705975958217,0.59667286337740266,0.50029932078093908,0.092175245596294378,0.19540216434908644,0,0
3,2015-04-15,2617,74.529322181193749,33.346022303973655,7.9583623719386951,5.4819294024039964,0.6608014590392074,0.45517743200929939,0.25226621085492767,0.21140675869760331,0.33333333333333331,0.33333333333333331
3,2015-04-16,2618,13.896632824129609,14.222895743097387,3.5437418246037091,3.3371836366884509,0.29448970163324967,0.27732443899850012,0.25256973170946007,0.10366246732316015,0.33333333333333331,0
3,2015-04-17,2619,57.476134521760969,26.192670189785474,6.0738195152171857,3.6333876308883646,0.50763222024380994,0.30366800091001794,0.41493688137786083,0.32385429189102838,0.66666666666666663,0.66666666666666663
3,2015-04-20,2620,36.462675069209787,18.871159920982212,5.4135896865347304,3.7881581314552477,0.45290635710990795,0.31692111866939249,0.095784609886608571,0.10897064124698075,0,0
3,2015-04-21,2621,36.307790978971063,60.257029473700946,5.3035445522394484,6.131496422811324,0.44595707817863772,0.5155767435620201,0.10285620940710229,0.075215276968116251,0,0
3,2015-04-22,2622,58.665103555958694,78.116462791694275,7.5341264377063153,8.3361256643217985,0.63538911555608812,0.7030255673052328,0.082253969945895608,0.18124979261205695,0,0
3,2015-04-23,2623,62.94670796131178,17.171786091491462,5.3080032112680628,3.1296208617407806,0.44869004321792588,0.26454952339313442,0.1320222244295777,0.12693655427467268,0,0
3,2015-04-24,2624,267.67924535864285,364.3305591481423,15.215730570736469,17.24092825019564,1.2679775475613724,1.4367440208496367,0.31559980555316941,0.19937961004963123,0.66666666666666663,0.33333333333333331
3,2015-04-27,2625,191.55457927044554,156.27321950908774,13.467874098732333,11.119919824821864,1.1139680809538737,0.91976177211098964,0.066554878321351624,0.042365261714323164,0,0
3,2015-04-28,2626,601.64319852583264,380.05591877703347,23.176658009849234,19.002641147886834,1.9637075204278105,1.610052204862261,0.221242574144945,0.17129601740043099,0.33333333333333331,0.33333333333333331
3,2015-04-30,2627,78.0432771367323,107.45310107088672,7.5936125302963928,9.5543902252468342,0.63973146843272055,0.804919142817762,0.17525587180395505,0.15405454329355969,0.33333333333333331,0.33333333333333331
3,2015-05-07,2628,15.088389284211187,44.960763569564421,2.8715132612270131,6.4803277885479629,0.24211747565151884,0.54640200577976084,0.49397043047894235,0.21134700708684306,1,0.33333333333333331
3,2015-06-02,2645,457.79955117968001,64.061600821490913,19.774944379071105,7.3526050646678414,1.6617600318547148,0.61786597182082692,0.53100578143911781,0.25086153308237219,0.66666666666666663,0.33333333333333331
3,2015-06-03,2646,961.70596274504999,329.61344807786281,28.370975284864091,18.010319151681188,2.4124978983727967,1.5314897237824139,0.22312113699612857,0.12150893912456116,0.33333333333333331,0
3,2015-06-04,2647,1253.6104750707023,611.58066482225126,33.45699150850222,24.241278836494757,2.8728311444703949,2.0815111485913409,0.32196811599355279,0.1121682606907729,0.33333333333333331,0
3,2015-06-05,2648,559.65966171130151,133.69374698850598,20.587179225443304,10.82611129685597,1.7553870417328874,0.92309953076875606,0.23286073340635086,0.10651015606338306,0.33333333333333331,0
3,2015-06-08,2649,228.01263307988461,22.762041590876517,12.1036568611565,3.5600999058411467,1.0279987142140732,0.30236961999670003,0.1388582291657717,0.16107257744369927,0.33333333333333331,0.33333333333333331
3,2015-06-09,2650,114.50171992821281,66.725644791537249,9.8031270654460823,6.7362529875259343,0.82483189444224514,0.56678611590458017,0.10329148338209347,0.087136869622972388,0.33333333333333331,0
3,2015-06-10,2651,677.80875323122427,222.23854337308742,21.876467887986337,13.889143944631163,1.8562976570204783,1.1785442464684908,0.061903933009586055,0.15226212784171642,0,0
3,2015-06-11,2652,248.25169382934425,48.846396103056087,13.287651874849947,5.8256688729059078,1.1234064824864685,0.49253203186556549,0.35826432896349142,0.20060270677155664,1,0.33333333333333331
3,2015-06-12,2653,383.40169781870208,104.97140688441368,16.42859978871752,8.5279728302590083,1.3906043498152634,0.72185312597418372,0.27147405313972001,0.21920949308681778,0.33333333333333331,0.33333333333333331
3,2015-06-15,2654,501.39487436906012,174.49465868102979,20.49076704305541,11.994217512685887,1.7398231409938791,1.0184009775152525,0.35080394561211742,0.034510075009148454,0.66666666666666663,0
3,2015-06-16,2655,527.36304439686091,139.71048599914187,18.909619932596872,10.778472832887701,1.6052308941083933,0.91498071586483043,0.30139678338512926,0.085988314133952873,0.66666666666666663,0
3,2015-06-17,2656,119.06735942217216,225.86404997874013,8.9896193765822918,14.428274996026934,0.74798180942565995,1.2005054704020415,0.13613811825852065,0.16287397988312233,0,0
3,2015-06-18,2657,176.91618790094481,57.195999209299565,12.508143766755438,6.219194674711237,1.0394003462485821,0.51680195069895607,0.010862533564663808,0.032219430362712666,0,0
3,2015-06-19,2658,1052.0656293621398,491.43218936766789,30.719147661260422,21.936118044481191,2.6077374924669292,1.8621492397692012,0.067509110418507476,0.12098371233991394,0,0
3,2015-06-23,2659,1171.5582082158678,415.7223842604281,32.697725719986543,20.260319151681188,2.7857487301372985,1.7261187775660225,0.36822825683047061,0.093455399395349512,0.66666666666666663,0
3,2015-06-24,2660,676.81118526181046,206.028658281714,24.405141319093371,13.953981684006445,2.0811956951429127,1.189952814906958,0.17801063233262551,0.13489760272954401,0.33333333333333331,0.33333333333333331
3,2015-06-25,2661,562.80880516948571,204.07474427001731,20.114755770116972,11.890270446403823,1.7184755036409205,1.0158283166513307,0.19171141422330132,0.23182869724170141,0.33333333333333331,0.33333333333333331
3,2015-06-26,2662,148.18936746397841,65.380530255858133,10.429277001279615,7.9216710532279349,0.88684328242173605,0.67361148411802174,0.24289751869013973,0.066410061144409296,0.33333333333333331,0
3,2015-06-29,2663,289.44696122837888,81.386160163453141,13.850137998086439,6.406793902840036,1.1827615711431629,0.54712159716823539,0.0048866014274180783,0.12043716026484082,0,0
3,2015-06-30,2664,543.05147575585249,113.32042182359551,17.430237612078674,7.1163668754502396,1.4923148640478319,0.60927798591183557,0.39826366847045364,0.099542085566652949,0.33333333333333331,0
3,2015-07-01,2665,409.6078157105988,94.236608134607593,17.242030426128469,6.7171431571511375,1.4796850826971442,0.57645510895954832,0.36274720351912348,0.078511042495985575,0.33333333333333331,0
3,2015-07-02,2666,212.62257598882124,53.001892947404137,11.79603133412229,4.632626344384259,1.0116664952077434,0.39730929197120574,0.56549549866245785,0.055504766286563444,0.66666666666666663,0
3,2015-07-06,2667,439.55170570917545,223.77757917111967,17.252098181317933,13.632727498652079,1.4920733562220914,1.1790467025861258,0.2654668257831046,0.17824863045620801,0.66666666666666663,0.33333333333333331
3,2015-07-07,2668,352.91482216947242,167.49280542718535,15.494009324281629,11.382727498652079,1.3374198812500326,0.98254013799327389,0.4845175728864648,0.15837683678560921,0.66666666666666663,0.33333333333333331
3,2015-07-08,2669,122.76856186013454,15.853301158526259,10.43324281288551,3.9032707017005728,0.89613423344518017,0.33526052838312842,0.1002116579298737,0.087578185334359224,0,0
3,2015-07-09,2670,441.01428381094547,139.50653188814923,16.698376572918733,10.306395756865641,1.4403844192977429,0.88901886973739686,0.32000904240693268,0.1699795695635562,0.66666666666666663,0.33333333333333331
3,2015-07-10,2671,573.16049698129018,262.1565547122284,20.267806768802831,14.206366811120157,1.7563090787524118,1.2310543163882286,0.31141090292878493,0.070473262227496627,0.66666666666666663,0
3,2015-07-13,2672,248.52489136528641,39.544225650723,13.306089422136059,5.5075626922925194,1.149653483854852,0.47585646209543109,0.20184865547938458,0.088904096499695842,0.33333333333333331,0
3,2015-07-14,2673,314.85978219658136,72.930119624922057,14.947338803775059,7.9344045707267314,1.302713857745778,0.69151164116495822,0.24134886366141153,0.26892336389888893,0.66666666666666663,0.66666666666666663
3,2015-07-15,2674,136.68099730860575,76.758101659814386,11.004566875704919,6.8708360121461283,0.96160143968061151,0.60038762776530297,0.20697667470660908,0.094929499164157105,0.33333333333333331,0
3,2015-07-16,2675,271.56228136549657,195.52874330126801,15.213310916349352,13.80883778116519,1.3429829551862069,1.2190005103429724,0.14586231541324809,0.028431243083331698,0.33333333333333331,0
3,2015-07-17,2676,1475.4265021805361,1094.0022631500062,37.114409240889096,33.043683930138137,3.3569472902396069,2.9887557823931021,0.12545709323741325,0.035173582580004976,0.33333333333333331,0
3,2015-07-21,2677,1403.8418753977767,1123.868635565897,37.330824437733249,33.047856087953051,3.4292508210300618,3.0358126114232089,0.055701316362018576,0.065243315628963905,0,0
3,2015-07-22,2678,160.99780790960313,60.967773539707473,10.573367978978391,5.9335054783177084,0.96349261700185806,0.54068757775812903,0.14282917706716516,0.21500049192624701,0,0.33333333333333331
3,2015-07-23,2679,238.55163493706959,211.97355317376187,15.276989023137427,14.346639709286364,1.4134889917780746,1.3274092995268658,0.13661096419874633,0.2300689025119981,0.33333333333333331,0.33333333333333331
3,2015-07-24,2680,310.22852862611978,305.9327846090402,14.944922094341564,17.446498864314588,1.3586292813037784,1.5860453513013262,0.30823475525930605,0.20962460030970384,0.66666666666666663,0.33333333333333331
3,2015-07-27,2681,158.22403451529445,187.77939324025056,11.715048110376756,13.646498864314632,1.0686962333859473,1.244891339565283,0.13966742215250363,0.19706027866872766,0,0.33333333333333331
3,2015-07-28,2682,34.411184967903388,77.508353730132526,5.4452900811944192,8.6732005750228982,0.49945334383805728,0.79552401513624382,0.38096394564500263,0.13742250153658483,0.66666666666666663,0.33333333333333331
3,2015-07-29,2683,176.18754357406738,16.485222357361859,13.199691219526207,3.441759372575234,1.2137647098414901,0.31648362046668821,0.17583528208301544,0.22413132408175448,0.33333333333333331,0.33333333333333331
3,2015-07-30,2684,289.63051887402895,221.17558390673329,15.425182619234723,14.764786942696219,1.4043319937395049,1.3442085708936833,0.13525387007359294,0.082368763585560875,0.33333333333333331,0
3,2015-07-31,2685,171.31166962232263,95.704861212628657,12.122217491485799,9.7570365782955832,1.1101948430704092,0.89358334813587159,0.29911271843857706,0.18337537260407802,0.33333333333333331,0.33333333333333331
3,2015-08-03,2686,127.08809991538578,67.052663338320656,8.1759073317531747,7.8653339543335887,0.74963621067741026,0.72116022136648672,0.15006454282790585,0.029376112601853424,0,0
3,2015-08-04,2687,110.88730785640462,2.4806408277395984,9.7271615044066184,1.2969916769120573,0.89642996077841863,0.11952738705299581,0.13907030109978971,0.1069964162800946,0.33333333333333331,0
3,2015-08-05,2688,74.048040532264849,22.352191100871142,6.0013204301459,4.6926776199269016,0.55070616473006651,0.43061964853653606,0.12061750004444032,0.018198837587772479,0.33333333333333331,0
3,2015-08-06,2689,52.147876588733773,73.027279069592822,5.081926808978551,8.2754648351850992,0.46473953442876548,0.75678690765295842,0.2557425880232832,0.23147075706049916,0.33333333333333331,0.33333333333333331
3,2015-08-07,2690,106.90048798801168,118.34209105147198,8.6695859042626271,10.755830779581629,0.79029953548428689,0.98047682585064988,0.22190331131308225,0.10999656411236612,0.33333333333333331,0
3,2015-08-10,2691,383.21371335023588,591.56984001202738,17.874878450546777,24.322119422580425,1.6128922581138532,2.1946419510562079,0.24952767021453962,0.056030035482376173,0.33333333333333331,0
3,2015-08-11,2692,444.61002888667093,998.69884823295513,19.799705570316672,31.489824487972175,1.769410685461722,2.8141040650556008,0.097855683517483541,0.097524843358772317,0,0
3,2015-08-12,2693,99.75203320302488,191.93514655387949,8.9221154610431768,13.790850919057675,0.79893579234772127,1.2349094174217752,0.16028951719458917,0.039188901587328483,0.33333333333333331,0
3,2015-08-13,2694,163.74024574174135,5.1971514666202347,8.3804317039720591,2.097093585018456,0.74942380540774067,0.18753351978702937,0.30499374142758479,0.14014844605582691,0.66666666666666663,0
3,2015-08-14,2695,184.69664688743566,14.080458384655921,10.02800510682035,3.5207746975884979,0.89631793947268046,0.31469205377087039,0.16494489447229857,0.13308280712527792,0,0
3,2015-08-17,2696,111.42957218719054,77.511650579854631,8.7731011929538454,7.9900470881087431,0.77903487039504904,0.7095011399998884,0.35171074880844921,0.21070576210074243,0.66666666666666663,0.33333333333333331
3,2015-08-19,2697,135.26080747279767,440.30989577203945,9.4890828805494802,20.813944348763851,0.82679122423538198,1.8135352747899145,0.12083165626113418,0.12157260765221883,0,0
3,2015-08-20,2698,160.00373244523252,480.0773882997924,11.740796253360335,19.393874313005199,1.0152007136498342,1.676945465888906,0.025288812801097776,0.057425855312543204,0,0
3,2015-08-21,2699,131.13887984666152,341.6466232078933,10.466633631039713,18.236212383029169,0.89726820669007401,1.5633272510097873,0.025315972312521945,0.082743723198527672,0,0
3,2015-08-24,2700,971.8024066766144,445.55444007230972,28.314688488188722,20.902038987522321,2.4892033835770309,1.8375418890129513,0.012398212404891737,0.042238902979940242,0,0
3,2015-08-25,2701,1853.4438817601706,1102.4523875580542,39.747176452378881,32.535418475892129,3.5464801652802929,2.9030041022433308,0.1974741822581024,0.31461854534323325,0.33333333333333331,0.33333333333333331
3,2015-08-26,2702,1329.1556260164152,674.21576311877925,33.166081676811622,25.87534651072686,2.9639036351038093,2.3123634057843483,0.30916663028687624,0.081816590278211629,0.66666666666666663,0
3,2015-08-27,2703,79.199244571811818,98.984974102991714,8.1799932053883513,9.6067507636133396,0.72070424717077985,0.84640975890866432,0.15534665424501407,0.098320561344097113,0.33333333333333331,0
3,2015-08-28,2704,90.666189797106142,143.17608202269579,7.7865305070569475,11.061104086885658,0.68165372555869286,0.9683186629506837,0.0060905151337381459,0.019851194140596624,0,0
3,2015-09-01,2705,360.9207134943702,58.378433273727403,16.021103927134543,7.3982839247539687,1.4081392157446313,0.65025567345673208,0.013944837558362858,0.0065000927605353967,0,0
3,2015-10-09,2720,215.8206623890986,463.93634938657914,12.923329560839875,20.935411090570824,1.1091082698970025,1.7967225446765209,0.02585862043107591,0.029292481891578983,0,0
3,2015-10-13,2721,280.07866356908119,243.75575718224226,12.174008143611976,15.335986549288085,1.0370566610113277,1.3064133699027245,0.070173824693328932,0.036436261427523493,0,0
3,2015-10-14,2722,90.657546314923607,43.910872039285977,7.813768134555251,5.805617532372632,0.65980731556303585,0.49023580598460054,0.10640717350169893,0.14278826895055777,0.33333333333333331,0.33333333333333331
3,2015-10-15,2723,92.976784888823218,20.156579266844425,7.9099601011825298,4.3070266513481483,0.66985308050832282,0.36473952249211572,0.21856888988706005,0.21486860870403834,0.33333333333333331,0.33333333333333331
3,2015-10-16,2724,233.81309228593466,81.443730051099308,10.258613472287001,7.8701169114778322,0.8727763716425897,0.66956924548901064,0.26161708558832841,0.23540745556047157,0.66666666666666663,0.66666666666666663
3,2015-10-19,2725,97.163307319049395,44.282806609532081,7.4440694996847769,4.3236466707580048,0.63205854380681614,0.36711073409110634,0.078147341919159258,0.10070731816557422,0,0.33333333333333331
3,2015-10-20,2726,320.76713680728403,301.6905634122088,14.5118650624244,16.06551143502611,1.2434123093500473,1.3765325537679816,0.2149430038576037,0.090818788654648444,0.33333333333333331,0
3,2015-10-21,2727,564.69049071296456,276.08215184429349,18.44003629956228,12.235163052886264,1.5879471517384094,1.0536200691398288,0.17586355317767557,0.184368087518651,0.33333333333333331,0.33333333333333331
3,2015-10-23,2728,315.21460875720578,82.633672396051892,15.16923423057051,7.329138113699325,1.3005173380118749,0.62835546242278151,0.34334437684791125,0.21073324140206928,1,0.66666666666666663
3,2015-10-26,2729,371.49077377870623,121.40883286369434,13.746443067009599,8.9331608811699734,1.1792436361850904,0.76633446694432295,0.0043578417773857707,0.0125729139917718,0,0
3,2015-10-27,2730,127.64039153582968,33.278248223793526,9.5618099214141239,4.7621372150902817,0.81059765356172642,0.4037078005332555,0.45730555665337946,0.0641935884103816,0.66666666666666663,0
3,2015-10-28,2731,1318.7433566188329,1201.2838105385772,33.758012869439426,33.993744805922155,2.9390573628277408,2.9595807771131954,0.024231867302066262,0.031169838184922947,0,0
3,2015-10-29,2732,1429.1631864620438,1106.7896311356646,35.85017535854778,32.426438135035063,3.1382829569350705,2.8385729535637121,0.19310524276082477,0.1860554086312618,0.33333333333333331,0
3,2015-10-30,2733,971.62203824928417,456.49775525689273,29.942677588234876,20.480740916103894,2.6404477591036049,1.8060618091802374,0.36229826442942992,0.19162290163484039,0.33333333333333331,0.33333333333333331
3,2015-11-02,2734,2324.9961083309395,1169.3328276144559,48.200418583338354,34.182961272907505,4.3240709234178123,3.0665615208493322,0.21642166865478729,0.18790618077495028,0.66666666666666663,0.33333333333333331
3,2015-11-04,2735,2442.280824355124,1492.7395644912449,48.960393494640051,38.575346510726909,4.4255982549615887,3.4868793736533408,0.30374606056898168,0.088132454100865523,0.33333333333333331,0
3,2015-11-05,2736,1176.3002239924972,1061.5193678668181,33.956744381509829,32.47030901607453,3.1184447039682088,2.981936726611675,0.17146506321291147,0.1686771505594257,0.33333333333333331,0.33333333333333331
3,2015-11-06,2737,114.69508434050681,42.093803872397466,9.5373166723387239,6.2590295189609151,0.87530439357000045,0.57443369300302083,0.46622870474876876,0.15665652822369169,1,0.33333333333333331
3,2015-11-09,2738,27.331165216903873,21.782838421366893,4.662179691915374,4.4047164358352502,0.42886392161856079,0.40518042828030998,0.098194118508348138,0.064087763910893464,0,0
3,2015-11-10,2739,32.451661759246186,20.384420982414202,5.3037668378677454,3.0286904365997693,0.4904083992480579,0.28004534781320106,0.28052061745690665,0.13882316626458033,0.66666666666666663,0.33333333333333331
3,2015-11-13,2740,109.3927502972183,13.504306967152957,9.9614296181319641,3.6741067544351913,0.91831570575081478,0.33870539335655137,0.18505879441026041,0.20809691819599699,0.33333333333333331,0.33333333333333331
3,2015-11-16,2741,11.956974078651081,17.265787170669658,3.4431770333233089,3.8503322411049035,0.31904902087873505,0.35677652345301181,0.27336276672151177,0.24712241582944769,0.66666666666666663,0.66666666666666663
3,2015-11-17,2742,161.2251227876886,236.54089549197337,11.749080112632555,15.300332241104948,1.1003587087457321,1.4329508069402905,0.10227322145931035,0.20654410190291297,0,0.33333333333333331
3,2015-11-18,2743,163.36982965493459,2.580320468222518,11.69769732330648,1.4749754416238829,1.0805188733887385,0.1362438058030559,0.017541060163833808,0.08460577526359718,0,0
3,2015-11-19,2744,144.83091994006023,7.1466960336731171,9.5301502622314729,2.2420818217453111,0.88099378435234321,0.20726432371114503,0.27025952148843307,0.12823218291564023,0.33333333333333331,0.33333333333333331
3,2015-11-20,2745,205.70543910267887,9.497879026088599,10.362467991972531,2.7283780804178455,0.96269676625534473,0.25347250840002272,0.12466947216288704,0.098482070549329045,0.33333333333333331,0
3,2015-11-24,2746,347.43967181450245,273.14007228105146,16.837523176457807,16.313872364470246,1.5856034632694047,1.5362908338327756,0.23155292407889949,0.11832618681942753,0.33333333333333331,0
3,2015-11-30,2747,340.24437816293698,332.2786249492429,16.331676944601366,18.147083451944429,1.532915050178465,1.7033117563304325,0.19665541248777649,0.095547463266524066,0.33333333333333331,0
3,2015-12-01,2748,402.41340542521652,354.2356093070203,18.683118600909513,18.744184624018544,1.7702405344807193,1.7760265893517666,0.3892138315948091,0.28657855209569266,0.66666666666666663,0.66666666666666663
3,2015-12-02,2749,500.04391216629551,296.19741014389484,21.524916738287931,16.951086447951941,2.0394065790220219,1.6060530056328524,0.041216942009252827,0.084214682523336748,0,0
3,2015-12-03,2750,113.93810717086905,2.1333166482199637,8.3419216317667324,1.0476835596654535,0.77293691283453614,0.097075150304883326,0.44514020729586073,0.10023511413176898,0.66666666666666663,0
3,2015-12-04,2751,208.67367390665245,24.485407293905677,12.686595623444267,4.7568139162202288,1.1792708331887216,0.44216526456778488,0.19514293658870577,0.070205769683490071,0.33333333333333331,0
3,2015-12-07,2752,243.52950142294762,66.740418809586302,13.022110618260513,7.5249891697962994,1.2146358192575797,0.70189246989985088,0.22083283183597044,0.089664822641302114,0.33333333333333331,0
3,2015-12-08,2753,97.29238384406672,12.005611587212419,8.8113977515838542,2.485737454481447,0.8151154256784322,0.2299479606365816,0.069676517881129885,0.062430007778431433,0,0
3,2015-12-09,2754,146.94940946195993,92.528288546372025,11.197112223439111,9.3737208871875737,1.045482000321112,0.87523070842087536,0.17324269138390172,0.19721923847858333,0.33333333333333331,0.33333333333333331
3,2015-12-10,2755,242.4444987717317,102.64289185233515,12.371370569856481,10.131249035575516,1.1535077454411637,0.94463860471566596,0.065282899494744709,0.10112416319484874,0,0
3,2015-12-11,2756,326.80371827651192,151.64625342590367,15.59493935717243,12.123720887187574,1.4598585871446226,1.1349141949157568,0.42100946440985343,0.22091016436824906,0.66666666666666663,0.33333333333333331
3,2015-12-14,2757,334.76992123703269,323.10405527341044,15.675943513283224,17.743025251382051,1.4767728227304027,1.6715049695131465,0.26486922367365778,0.054757797450321631,0.33333333333333331,0
3,2015-12-15,2758,120.09269916572266,31.364623102871672,8.9124056417502597,5.1626697151567287,0.82886822987679698,0.48013668590157904,0.15664869128528044,0.066226704598646921,0.33333333333333331,0
3,2015-12-16,2759,708.57546223725274,531.78423131506599,26.214108259956067,22.848586447951902,2.4980091728564955,2.1773000236279683,0.22418546293492922,0.084739563891566658,0.33333333333333331,0
3,2015-12-17,2760,369.04493547008286,142.0236372761176,16.596913862267229,11.543202479619291,1.5620624811545625,1.0864190569053453,0.17008380409510626,0.10887839489949787,0.33333333333333331,0
3,2015-12-18,2761,87.513769485338116,7.9691891444343748,8.8506829816606114,2.4280118750216388,0.82045728682833019,0.2250764194689816,0.41853436112883147,0.26108543435637316,0.66666666666666663,0.33333333333333331
3,2015-12-21,2762,78.651123085958417,22.246777149887887,8.6735538155821814,4.285650391174765,0.80691727747531683,0.39870224124800119,0.46924362434407935,0.20302146682085234,0.66666666666666663,0.33333333333333331
3,2015-12-22,2763,151.08136661483422,134.00087055671179,12.141057123864584,11.476799424977193,1.1345722010900463,1.0724978436573398,0.22999211729868896,0.084259558658436304,0.33333333333333331,0
3,2015-12-29,2764,509.36935308410102,443.85817104315129,22.53621556461523,21.026693421527625,2.1260580721335121,1.983650322785625,0.4096798253622822,0.24429679252859141,0.33333333333333331,0.33333333333333331
3,2015-12-30,2765,229.81738770385803,23.024224998204925,12.849362871272509,3.2647363828344473,1.1872823165878963,0.30166194343584635,0.32729740859700124,0.15951018695862965,0.33333333333333331,0.33333333333333331
3,2016-01-04,2766,75.736935212919292,14.1915094817767,8.6050487578705397,3.585650391174795,0.79898317157572318,0.33292946993266431,0.1952428921088164,0.21293544661658878,0.33333333333333331,0.33333333333333331
3,2016-01-05,2767,44.81682354982923,5.084616019457231,6.6861944897074563,1.9568715743873781,0.61262548009047613,0.17929920967448945,0.21804183970084909,0.13611027482572635,0.33333333333333331,0
3,2016-01-06,2768,94.814944643783107,158.11585891919879,6.7513939707161326,11.978826089026294,0.61024033720939419,1.0827338626136662,0.077630547544384795,0.052843689709311692,0,0
3,2016-01-07,2769,132.38245159236871,176.9162562799979,10.96313721963611,12.388284575960673,0.99497547031230305,1.1243167923002837,0.073844741997141972,0.034951040084993473,0,0
3,2016-01-08,2770,270.77042461356513,49.510433310036966,11.956472000473772,6.2111552113484167,1.1015728764025954,0.57224573533705703,0.19749785257972841,0.14667689254293517,0.33333333333333331,0
3,2016-01-12,2771,124.56934312376261,28.343125456513871,9.2790660874278874,4.4004750129701433,0.85273777396754935,0.40439967035520313,0.0692118557643919,0.06841474553671667,0,0
3,2016-01-13,2772,366.41941855030365,85.909003192267008,16.298538632975426,8.3249847880993766,1.4974769049040269,0.76488283609880325,0.19577581260332969,0.081752587151142933,0.33333333333333331,0
3,2016-01-14,2773,174.67714142524392,52.471262627871091,11.375743716962385,6.0151567294750139,1.040067996979418,0.54995718669485838,0.10957854430883267,0.066507434219095204,0,0
3,2016-01-15,2774,324.78369220064627,49.320451256106189,15.671408193551011,5.6075239188968071,1.4427073135605075,0.51622774857508003,0.13311108825507936,0.012520171402790442,0.33333333333333331,0
3,2016-01-19,2775,124.52515996366513,45.837540556962239,10.095367730586077,6.3384924410660615,0.91630294809040846,0.57531131754627285,0.26433064113854349,0.32359734502188031,0.33333333333333331,0.66666666666666663
3,2016-01-20,2776,301.51122642255388,21.207401196012277,15.486214153430334,4.5500883694508802,1.4123314321413893,0.41496473957600372,0.088357410075008955,0.0046128383031990008,0,0
3,2016-01-21,2777,414.12155849901905,11.706871600453441,17.202298383364376,3.2008071729881826,1.569194835426625,0.29197784930336895,0.26549999021235732,0.090238055020960703,0.66666666666666663,0
3,2016-01-22,2778,96.366283860428609,45.7831460200618,9.0155679576485763,6.5296628332847986,0.81470883405463368,0.59006532019562619,0.24361649908198349,0.12280319116118353,0.66666666666666663,0
3,2016-01-25,2779,126.16395370901471,178.39429563482182,8.9951250093754425,13.290850919057675,0.80583426735726249,1.1906697351899374,0.10588588634589939,0.011002073928550652,0.33333333333333331,0
3,2016-01-27,2780,39.116835666692914,9.9371420560452286,4.2079167305096234,2.9404288069830877,0.37773040668847613,0.2639523166053041,0.041564681202192179,0.032481854338424258,0,0
3,2016-01-28,2781,447.52358148322395,330.51245481691086,19.180755986334741,17.500024223648097,1.7251984157523601,1.5740262838323524,0.078266848780477141,0.090926217415302477,0,0
3,2016-01-29,2782,99.227948229648931,28.303474035200082,6.7253294842189462,3.9760121064447653,0.59701105052986658,0.35295269475763563,0.46770227182767377,0.28244719271953755,0.66666666666666663,0.33333333333333331
3,2016-02-01,2783,115.09451002492796,20.661768543558239,10.126291511659852,3.7700812170842255,0.89732312907929579,0.33407897360072886,0.041287899697602846,0.020562903648441853,0,0
3,2016-02-02,2784,336.74456992352788,124.89308073480812,16.67389453539954,9.3191923291999501,1.4729588812190408,0.82325020575971275,0.048670446364081486,0.045156531846437052,0,0
3,2016-02-03,2785,223.10365290865698,241.88486516023775,13.206011762329126,14.831836274489206,1.1420427865550333,1.2826424762821989,0.094720486244369559,0.087593339404392387,0,0
3,2016-02-04,2786,43.771571296535477,18.41621950607249,6.3740338968677106,3.6147149461739141,0.55409517945561881,0.31422740437031466,0.081809998933343217,0.0026572800222029748,0,0
3,2016-02-05,2787,2227.119004914262,2666.7447820083571,45.808493695264815,51.144742358572636,3.7873909628164379,4.2285855608575966,0.28226230833729654,0.10941402816675237,0.66666666666666663,0
3,2016-02-16,2788,796.67645626179217,1370.9012038874487,26.737482790201437,36.6995790549704,2.2097093215042509,3.033023062394248,0.19402192637412788,0.019795430663840843,0.33333333333333331,0
3,2016-02-17,2789,333.71359701728642,418.47723976212018,17.416209210173822,19.980024073387085,1.4392371878500807,1.6511052039820748,0.033531336048406891,0.020462112593210128,0,0
3,2016-02-18,2790,430.79456492578646,345.74013234921364,17.352858714415106,17.251158546536164,1.4329363100260204,1.4245382779963804,0.082200892088233474,0.059893262731535397,0,0
3,2016-02-22,2791,529.09106698274809,748.37119246447674,22.36176557510953,26.64825356905385,1.8309056024161405,2.1818687165066404,0.16746460854274348,0.12655281765914828,0.33333333333333331,0
3,2016-02-23,2792,1369.7230089142333,1701.1508530947979,36.950645478603292,40.968772743865884,2.954279070845756,3.275536497610704,0.037935209645766896,0.048272336281326267,0,0
3,2016-02-24,2793,187.789665494307,206.61664805974479,13.579156514599466,13.895849580502727,1.09863725846274,1.1242596747979552,0.15051538709846787,0.10275011300360019,0.33333333333333331,0
3,2016-02-25,2794,29.671807190619788,31.055845245268358,4.7118177879135601,3.9077559504814872,0.38416777724529644,0.31861035063036997,0.19958842893071527,0.20560858462790407,0.33333333333333331,0.33333333333333331
3,2016-02-26,2795,99.542008559638774,99.879553572716802,8.8314438644540587,9.984878063645434,0.71515457643971647,0.80855762115518937,0.21858368532290684,0.14250894878006889,0.33333333333333331,0
3,2016-02-29,2796,135.4384941052007,240.4363710060218,11.602118474309236,14.881504149800472,0.93830315198618974,1.2035183299474703,0.048363709576616599,0.010760224930641278,0,0
3,2016-03-01,2797,47.462361184693073,89.371108960853931,6.504989239586469,8.833369815565371,0.52493457388528642,0.71282842281838066,0.23787176986324179,0.017086411776910414,0.33333333333333331,0
3,2016-03-02,2798,205.70926479833443,306.76241766558041,13.828506643539034,15.079994721403105,1.1060593196191988,1.2061583460430398,0.11748797973102915,0.023010927523675635,0.33333333333333331,0
3,2016-03-03,2799,1202.4071860000095,1338.8888263732222,34.464905441428073,35.636892538686197,2.6978399562761699,2.7895806292513661,0.11664302886814792,0.0012994029700365663,0.33333333333333331,0
3,2016-03-04,2800,140.11693916303628,273.04792881419036,11.38573430829077,16.072195938681642,0.89863727768672208,1.2685237520664279,0.054377436120338372,0.0013484582923609875,0,0
3,2016-03-08,2801,95.204180271856117,92.717450870726793,7.3048747578286566,9.5103787129703505,0.58607788493490498,0.76302781715102297,0.27031226935310415,0.17129005710797388,0.66666666666666663,0
3,2016-03-09,2802,84.883882467391871,22.243031944378995,8.7646606383460348,4.2616645516030376,0.69203795012601932,0.33649147663663936,0.057751975456385336,0.10886635976440602,0,0
3,2016-03-10,2803,77.501756749644002,23.375016391512023,7.5640399818209216,4.2174638737484811,0.59806601951539207,0.33346225528748613,0.063779521287841631,0.028923276980722074,0,0
3,2016-03-11,2804,133.32104325766861,235.64504639478091,11.386878726583063,15.317206954122563,0.91626463299803362,1.2325252025043303,0.40780403058858816,0.25952724833257856,0.66666666666666663,0.66666666666666663
3,2016-03-14,2805,446.86370793115356,680.52749590841597,20.973200961241218,26.067206954122565,1.7023702078929561,2.1158447203021562,0.34743093502740424,0.23677666879634118,0.66666666666666663,0.33333333333333331
3,2016-03-15,2806,558.90343763066778,970.79672318172322,23.431839822995624,31.136835068378407,1.9073536689455126,2.5345409091069118,0.29867447699479593,0.31271748246048753,0.66666666666666663,0.66666666666666663
3,2016-03-16,2807,423.57883484400082,76.938771305633054,20.090988190881188,8.2792166888998509,1.5863393755137138,0.65370838443741419,0.17179859065354297,0.13414103453481749,0.33333333333333331,0
3,2016-03-17,2808,112.0040822400171,36.635776352690023,9.8704396490893487,5.9672069541226547,0.78831080976673984,0.47657590880302331,0.013643683656699384,0.0064675670085050608,0,0
3,2016-03-18,2809,48.653602331792115,14.648946206784432,6.0122142101794607,3.0953845295543183,0.48001710260913849,0.24713648938557434,0.31837673393942845,0.2367674095393266,0.66666666666666663,0.33333333333333331
3,2016-03-22,2810,1315.5552592623078,1363.0520181543602,35.645731963574462,36.695469212751732,2.9275404043671536,3.0137540417831588,0.15748715042954667,0.025141158469766615,0.33333333333333331,0
3,2016-03-23,2811,392.9622825015108,737.996381893744,18.656601193895614,26.918248348080699,1.5217456112476035,2.1956156890767295,0.018940786798650817,0.10557210552932172,0,0
3,2016-03-29,2812,301.96696880049581,245.61252220723705,14.815869067617617,15.420827913692014,1.198452502941769,1.2473874955463711,0.15637886378572655,0.10089915594352596,0.33333333333333331,0
3,2016-03-30,2813,117.73502876900075,160.27885691728474,9.8964344505053905,12.128327570306737,0.80003512130197174,0.98046302104339011,0.22978838315503722,0.09520175659131902,0.66666666666666663,0
3,2016-03-31,2814,493.19915923687682,424.82080134415719,21.46769353041509,20.420827913692012,1.7435690176986876,1.6585443990815849,0.031434146366410752,0.016074842210930279,0,0
3,2016-04-05,2815,821.36276503755471,983.43169139286545,27.842952361042155,31.166528971565111,2.2795932832030581,2.5517053358085069,0.32593430380597027,0.32006994918636861,1,0.66666666666666663
3,2016-04-06,2816,66.623586440041237,62.579915700157294,7.3765340644977186,7.0283275703068284,0.59387602161643338,0.56584232914474109,0.78351816693111243,0.42771653020252876,1,0.66666666666666663
3,2016-04-07,2817,96.812056791162902,44.785728171395562,8.4809571990606401,5.6216724296932625,0.67590812504966247,0.44803127552845295,0.032377636169743741,0.06592462404709902,0,0
3,2016-04-11,2818,8.3853466755782247,41.457606787383277,2.7795803955896949,5.4327225827675347,0.22155112351264905,0.43302427728100867,0.18790637087842721,0.064999043226427425,0.33333333333333331,0
3,2016-04-12,2819,46.607290088234215,27.340544865643739,6.5576000608630993,4.2787580560181295,0.52639775724367643,0.34346843716782094,0.14777066452506962,0.19403934179746632,0,0.33333333333333331
3,2016-04-13,2820,197.77479176261582,199.22018317415439,13.692866535885287,13.618318655458779,1.1093629211606,1.1033232322335558,0.15748323030568337,0.21348208745066732,0.33333333333333331,0.33333333333333331
3,2016-04-18,2821,70.909925123221754,30.421702770913978,6.7850111581351484,4.8536406322535486,0.54193379857309498,0.38767097701705661,0.15998671230046724,0.098301440553443697,0.33333333333333331,0
3,2016-04-20,2822,7.7053647003073493,15.534955375937011,2.4264572066028904,3.9369739655868821,0.19423311639807009,0.31514700545022067,0.29448972385787658,0.19378379274645227,0.66666666666666663,0.33333333333333331
3,2016-04-21,2823,78.022375421753623,54.24061090848155,8.6109037063508822,6.6300132085675614,0.69261240348689979,0.53328077285884268,0.12497510383307105,0.10271605841423592,0.33333333333333331,0
3,2016-04-22,2824,92.9604196324687,95.091651543931164,9.0928665358851504,9.0183186554586428,0.73394677019010002,0.72792950645400278,0.18287449709572146,0.080766201723469211,0.33333333333333331,0
3,2016-04-25,2825,34.089104228852676,52.429067073363321,5.124928028228017,6.2183186554586882,0.41273480133913321,0.50079074297001602,0.1749717720232552,0.064765954335092871,0,0
3,2016-04-26,2826,10.807928462399531,14.030234401134232,3.2315345043712114,3.320307298920246,0.25906160849536725,0.26617823464167434,0.16990504673825438,0.046904168827398708,0.33333333333333331,0
3,2016-04-27,2827,28.770156864285394,79.075153527244098,5.2915984766195079,8.0816813445412663,0.42130561119582066,0.64344596692207534,0.11445839928783451,0.069483587866905158,0,0
3,2016-04-28,2828,1337.5487129295041,1701.4661222669677,36.546241131558645,41.081681344541266,2.835239808499507,3.1870970787076232,0.25716380525378452,0.02517177998133795,0.33333333333333331,0
3,2016-05-06,2829,64.495920823642251,21.378151280594071,6.9584857622000227,4.184597981755739,0.54996923629322447,0.33073289719468396,0.050319340790766054,0.021312744972201439,0,0
3,2016-05-09,2830,4.7140901920611196,12.535073807279582,1.4963574058598017,3.1428548296064491,0.11849520160435555,0.24887985663655762,0.093746764531883575,0.10615883419795887,0,0
3,2016-05-10,2831,144.03967368573834,126.19138642348607,11.89958916974941,11.122630067637752,0.93194887181340091,0.8710991947086778,0.20099641681643113,0.12287909335776505,0.33333333333333331,0
3,2016-05-11,2832,70.370342833987593,105.43955318963064,7.7384898254720911,10.028499618383572,0.60492396525089631,0.78393587011010923,0.18247528642346664,0.059478648039648314,0.33333333333333331,0
3,2016-05-12,2833,75.87249168307801,146.83550452989763,7.1708043654252078,11.283934091281404,0.56645899087014817,0.89137641924965683,0.31584208496859101,0.21924853955669985,0.66666666666666663,0.33333333333333331
3,2016-05-13,2834,213.82017575194223,85.361184699022559,13.659843051456164,8.0857416693124069,1.062402726148642,0.62887355001457579,0.14397084974082483,0.16804915935216536,0,0
3,2016-05-16,2835,11.145774058087218,19.54216770345046,3.0135303416957413,3.6718616599016514,0.23598514813592333,0.28753810962424836,0.07183365665705152,0.017172708618879515,0,0
3,2016-05-17,2836,94.36015134127247,172.14707191663774,8.7725662966651416,10.783847854582518,0.68917953465827198,0.84718735600459716,0.42185949426917868,0.38290115731195379,0.66666666666666663,0.66666666666666663
3,2016-05-18,2837,884.23983953767856,1359.5535401611933,29.188771163992289,36.004356358079804,2.3421280773514375,2.8890155553123216,0.29726940870658042,0.084288983895478689,0.66666666666666663,0
3,2016-05-19,2838,314.75984637598543,528.27757376632962,14.958230099199,22.400073011113893,1.1926511002391165,1.7860048645442426,0.1355769942870482,0.18126886278940835,0.33333333333333331,0.33333333333333331
3,2016-05-20,2839,688.40850330460523,1242.7924399042697,21.83155164599081,34.466205076763721,1.7522715824697652,2.766370100069325,0.14492368504622394,0.067940613623427085,0,0
3,2016-05-23,2840,623.17019913081845,1005.237696505738,22.816662966524444,31.403290243781687,1.8447396989549618,2.5389732177532998,0.17579852029540258,0.095929520987233799,0,0
3,2016-05-24,2841,1016.5344703764282,1340.3388520137987,30.540566221826264,36.54441617695155,2.5020945618405919,2.9939715039285226,0.18119427970618626,0.14585230926981357,0,0
3,2016-05-25,2842,997.0276445840841,1173.8375624036614,31.263487186868286,34.240375462067426,2.5545195233785418,2.7977591585625223,0.15286220074709242,0.10781071685724369,0.33333333333333331,0
3,2016-05-26,2843,1321.7924531782369,1535.7311795393759,35.671302971765648,39.127512820977621,2.9328923306693238,3.2170616913445116,0.24354619939199332,0.14573042825277643,0.33333333333333331,0
3,2016-05-27,2844,984.89921793013912,1341.7173552526181,30.766034885248246,36.427804061318362,2.5332264211814119,2.9994074978442455,0.21444430310326179,0.30444107208163473,0,0.66666666666666663
3,2016-06-01,2845,856.95607429357688,744.48585403768357,27.714206792485736,26.137878079324462,2.2858963042300999,2.1558790893537165,0.29763916365117576,0.12265109468417744,0.33333333333333331,0
3,2016-06-02,2846,104.4095483946648,89.584715415298376,9.4587856079810226,8.8214715299329018,0.76249783216292,0.71112225150607833,0.33267750277158653,0.31307829982570001,0.33333333333333331,0.66666666666666663
3,2016-06-03,2847,92.542872987749021,205.41168557249634,8.1312821668774031,12.806191514577449,0.65364004556892308,1.0294366169274476,0.28731520967589069,0.11432383272153333,0.33333333333333331,0.33333333333333331
3,2016-06-06,2848,8.22206102313163,35.604167401215591,2.5457260819676626,5.4427086687201909,0.20513505898208403,0.4385744293892177,0.19736591913964754,0.12054957384218908,0,0
3,2016-06-07,2849,417.32473759023628,475.73040743206428,19.891645823652652,20.908116887240794,1.5749521633929255,1.6554328493460642,0.30289143551085246,0.18202358788843262,0.33333333333333331,0
3,2016-06-08,2850,791.10117246599293,1094.966548216488,27.961284939860359,32.881681344541221,2.1831109415880978,2.5672768070378846,0.16776690725278617,0.05536766648296379,0,0
3,2016-06-13,2851,614.31445591838042,684.27354288150025,24.5717374733775,26.084597981755831,1.9090034163366738,2.0265390965898171,0.36268262422823722,0.13128577010465478,1,0
3,2016-06-14,2852,319.27980269987205,447.67496087823923,17.435909502748398,21.061664551602991,1.358677589242453,1.6412112952234859,0.21408211209153594,0.19450020831105219,0.66666666666666663,0.33333333333333331
3,2016-06-15,2853,1619.8014512585287,2228.5162444397638,40.231866153167481,47.08220720159003,3.0693775436328417,3.5920051269570883,0.38605912046405094,0.13162241100545161,0.66666666666666663,0
3,2016-06-16,2854,206.14582897138868,85.548360284548266,11.725574417160866,7.6457083009694697,0.90846629093986719,0.5923691253559672,0.18654372427865043,0.045743480542028508,0.33333333333333331,0
3,2016-06-17,2855,259.27330598575003,138.79679911316921,14.434919985685534,9.2746052578788749,1.1261444832021794,0.72356102807605505,0.17889336291846694,0.13886637401042576,0.33333333333333331,0
3,2016-06-20,2856,331.35695230674327,190.4791183338281,16.185055657281509,13.496831829729141,1.2718101255132412,1.0605714151916661,0.096387269695122055,0.19575184024986783,0,0.33333333333333331
3,2016-06-21,2857,97.99670920664289,84.21493473214467,9.7652808843284529,8.661368543557197,0.772050510679405,0.6847743640397832,0.038577760895515865,0.057932615965770089,0,0
3,2016-06-22,2858,107.49714484255689,257.21967967562119,9.7954742645945316,14.858790888123622,0.77609430452755468,1.1772603009248996,0.081053160754990583,0.02425055283470345,0,0
3,2016-06-23,2859,1820.6557504110044,1346.4542842907103,41.702414308456959,35.807428911271472,3.1700809052418819,2.7219634292110584,0.32620329576767143,0.21227496388300562,0.33333333333333331,0.33333333333333331
3,2016-06-24,2860,1555.4582477452052,1522.266856062206,39.165356914833183,38.768112794043269,2.9568802170422548,2.9268893431009224,0.0034649749853472508,0.0046363288206607324,0,0
3,2016-06-27,2861,315.30110580791614,306.57172265498315,16.480035455985671,17.046857994974744,1.2583061354497724,1.301584942733049,0.11660712653696527,0.017151399474388249,0.33333333333333331,0
3,2016-06-28,2862,490.71930103522647,278.49285310589664,16.872496154028038,15.869376805872585,1.2767685322760527,1.2008609009362532,0.15915770905626095,0.21779930957237906,0.33333333333333331,0.33333333333333331
3,2016-06-29,2863,310.57776590198682,263.9802570369136,16.253472046136267,15.619099011319426,1.2306244214375368,1.1825931486897161,0.10231317032029001,0.10538826085288083,0,0
3,2016-06-30,2864,1184.4503354886308,1432.056862203558,33.052523273096313,37.661656351035845,2.4469756263628586,2.7882033204542549,0.13574906985646526,0.076763374090761269,0.33333333333333331,0
3,2016-07-05,2865,1823.8582814532122,2894.0218989211576,41.08907252741475,53.661378556482681,3.0074344027384989,3.9276397845549993,0.1332468174824071,0.089784322927798851,0.33333333333333331,0
3,2016-07-06,2866,357.6723143683821,930.67127819682867,16.798653634376553,30.390279118202216,1.2381995750259123,2.2400146766567564,0.23873130498712791,0.072812709188524116,0.33333333333333331,0
3,2016-07-07,2867,100.00614417578356,206.44298699300865,7.9497755570926829,12.116900290079078,0.58702422426381262,0.89473142256445115,0.35163225954885285,0.13358946485302534,0.33333333333333331,0
3,2016-07-08,2868,153.16476953214757,381.49209911569307,10.327400299187124,18.626012186454773,0.76099036910965456,1.3724863448865061,0.11895524042530166,0.12109183172013749,0,0
3,2016-07-11,2869,240.06709011463852,102.40046461579929,12.845246623644698,9.1286638392545374,0.95688666743479578,0.68002561377045134,0.22459342866241472,0.10149006352525787,0.33333333333333331,0
3,2016-07-12,2870,68.953828141982697,117.68411458802348,6.2800879214748875,10.385584455988843,0.46770343857567581,0.77345629908686231,0.10356782978913702,0.120487319205131,0,0
3,2016-07-13,2871,71.536014967203357,66.084555259665166,8.3754078912997247,6.4625638348845769,0.63277484823962871,0.48825656050805205,0.11929745150840372,0.038667253247476267,0.33333333333333331,0
3,2016-07-14,2872,142.57936922104736,123.11759861388516,9.6948458544742007,10.831491120900106,0.73058371171621717,0.81623896917107042,0.31835791402002656,0.36058230514513712,0.33333333333333331,0.66666666666666663
3,2016-07-15,2873,476.73142253087235,496.96837767737389,20.034719014318171,22.066269841099484,1.5053511919992613,1.6579960809301586,0.044355672122869838,0.013726134739488742,0,0
3,2016-07-19,2874,82.421203497306166,10.437636305183844,6.4889987741340365,3.1996074831567967,0.49312248454548496,0.24314974414140869,0.22536935794051649,0.0074696515006184199,0.33333333333333331,0
3,2016-07-20,2875,71.688783027677673,24.242974517599801,7.2353890418374549,3.5153302588057613,0.54765840683022027,0.26608108532761315,0.11031660576019435,0.34329528611441779,0,0.33333333333333331
3,2016-07-21,2876,148.95617792424352,169.67386652289568,11.63849883952048,12.448978174432719,0.8812037735771705,0.9425688566672511,0.14884723831961064,0.022975163607938734,0,0
3,2016-07-22,2877,49.302503165360747,29.210016084013585,6.3672194311314643,4.5368500101877389,0.484881348751587,0.34549366105835122,0.31309444954457827,0.30437540775076438,0.33333333333333331,1
3,2016-07-25,2878,198.21557387397465,91.84118982416193,10.589420294497435,9.1473966549874604,0.8004096972409247,0.69141320143518215,0.15684940698379793,0.061214460473157893,0.33333333333333331,0
3,2016-07-26,2879,309.39800901367522,170.44356309748559,16.773942785893876,12.831491120900106,1.2621476889310665,0.96549970811889441,0.093251820743837213,0.056813574041711827,0,0
3,2016-07-27,2880,761.20850607359273,660.2090866804383,26.556014217772901,25.581491120900107,1.9792073201246805,1.9065765694727113,0.16600480718619995,0.10334896246268904,0.33333333333333331,0
3,2016-07-28,2881,546.69264551796391,633.6996167067465,23.076322193833903,24.989884682022268,1.7195471083333758,1.8621374576767711,0.054624254793900241,0.062376062556770868,0,0
3,2016-07-29,2882,824.99544910050065,1074.5673523416931,28.476379429385815,32.639884682022362,2.1099084525162684,2.41839622731985,0.061437805897851444,0.052071018988472849,0,0
3,2016-08-01,2883,1616.8504260298389,2152.047318731104,39.87000333578991,46.143081848957614,2.9235566149066847,3.3835440402535375,0.065948399380154912,0.049273081527816009,0,0
3,2016-08-02,2884,42.024595961492565,217.00935563068262,5.7539425777740689,14.686339976166892,0.42342649038001823,1.0807520771334822,0.27079999696178003,0.18165413628851504,0.66666666666666663,0.33333333333333331
3,2016-08-03,2885,239.77853020564217,444.96231558847398,12.957787465811103,18.772428117723923,0.95085580376526169,1.3775401297174044,0.25752982539329028,0.177356592210592,0.33333333333333331,0.33333333333333331
3,2016-08-04,2886,294.34884518294854,80.713613792615163,17.151044114731047,7.4727719202090457,1.2795467110363357,0.55750312744024522,0.26133174464761666,0.074433864763803301,0.33333333333333331,0
3,2016-08-05,2887,75.005937035573865,50.309182514026958,7.1269024333905691,5.855117933819959,0.53313154049899536,0.43799505788599341,0.12548092180913392,0.16541151654741659,0,0.33333333333333331
3,2016-08-08,2888,389.75850128685005,566.39801745036459,19.447178326154699,23.569308821657994,1.45019972603689,1.7575920075807601,0.25930913541819584,0.20031379302026117,0.33333333333333331,0
3,2016-08-09,2889,501.73674758034207,567.93294039297382,19.463860992842228,23.716579974469141,1.4442280175738091,1.7597818486658114,0.18247633999777582,0.29288669882246443,0.33333333333333331,0.66666666666666663
3,2016-08-10,2890,438.18263779939099,801.63216016319609,20.626787000028646,28.216579974469141,1.5254242715595805,2.0867164601737271,0.15953893935585017,0.010752416975646557,0.33333333333333331,0
3,2016-08-12,2891,140.1118137688081,416.41789718031538,11.020194466385192,20.044014611792516,0.81995494541556491,1.4913701348059909,0.034580211076843975,0.031295931716127122,0,0
3,2016-08-16,2892,45.348031251945287,138.52182201804649,4.4641000094688179,9.4989572133770253,0.33066182804109612,0.70360040097603971,0.15031075749978737,0.16878041406910249,0,0.33333333333333331
3,2016-08-18,2893,242.61365684132537,482.435752313786,15.184674245419123,21.743107892195059,1.1277981465700477,1.6149070032824613,0.065171421040889313,0.027493567549850662,0,0
3,2016-08-19,2894,116.65370589028549,100.79481210338081,10.497926159820281,9.0217046521819011,0.78583173589492328,0.67532784281622116,0.27384057396401534,0.1743433418642949,0.33333333333333331,0.33333333333333331
3,2016-08-22,2895,157.68375524785472,253.2870721216822,11.271833323310906,15.69027911820217,0.83992796745982901,1.1691713202833212,0.070132705468517367,0.041899232250835312,0,0
3,2016-08-23,2896,31.190458863313648,32.149649908540589,4.9253839216078932,5.5824855085564495,0.3710969238355919,0.42060542539509882,0.089148540916008975,0.12995926758113593,0,0
3,2016-08-24,2897,46.074742048175914,8.2441702171658608,5.1606538120465757,2.2699670601043636,0.39057396594615729,0.17179800651663993,0.093333221516805412,0.1449714589913442,0,0
3,2016-08-25,2898,30.309435769862279,12.23247899271098,5.3399407190295278,2.3580748505516262,0.4049244147131395,0.17881136307500486,0.14511373401040875,0.176202651839204,0,0
3,2016-08-26,2899,94.632475952236575,42.577793548053499,8.0771045527177794,5.3457132842019446,0.61276065339436181,0.40554665889329317,0.20616725175087494,0.14993911047431638,0.33333333333333331,0
3,2016-08-30,2900,16.797571859062771,29.198702288625341,3.598145141914074,4.2306271365870698,0.27482491059110742,0.32313363655429211,0.26546493820815603,0.2407107479967574,0.66666666666666663,0.33333333333333331
3,2016-08-31,2901,90.317127210714304,34.30056471850078,8.4373887811205659,5.346966463630527,0.64432140367472812,0.4083212266995439,0.14874327963659603,0.27792495295785336,0.33333333333333331,0.33333333333333331
3,2016-09-01,2902,384.64746148842659,211.42809903164948,17.130987070704958,13.426563628722002,1.2931974840118485,1.0135550410449159,0.31272874987904947,0.1415774091694387,0.66666666666666663,0.33333333333333331
3,2016-09-02,2903,471.8363395205522,450.22566659233735,20.760570353360965,21.081491120900107,1.552482359570833,1.57648092136101,0.15965717089900908,0.063995791237408825,0.33333333333333331,0
3,2016-09-06,2904,744.49073239432835,991.39365216842361,27.040814130549887,31.339884682022177,2.00547440431267,2.3243137673469185,0.21598940446549977,0.22046541364006353,0.33333333333333331,0.33333333333333331
3,2016-09-07,2905,534.36619541981293,935.68315545521534,20.644594929523237,30.291550771869272,1.5367422159835666,2.2548422489109181,0.10657384993405029,0.13712085996596804,0,0
3,2016-09-08,2906,18.415450662498813,261.57133822731174,4.1987953356948919,14.83349784522799,0.31549726383100213,1.1145882590245326,0.17412993459125325,0.20009074789494782,0.33333333333333331,0.33333333333333331
3,2016-09-09,2907,24.286640549184565,27.893267834494349,4.7662061910760558,4.5597208817978299,0.36059816085311563,0.34497604553038236,0.072429248996023959,0.11175022273509093,0,0
3,2016-09-14,2908,31.342796657546639,104.35897702686964,4.6735799052720113,9.8993630923649416,0.35572993646460738,0.75349087322004438,0.092573788804357793,0.095287708782693714,0,0.33333333333333331
3,2016-09-20,2909,179.25199349327011,182.95970409748847,11.753332254452365,13.011656351035754,0.88630814074748254,0.98119722125297903,0.21984040685396813,0.20095047103478358,0.33333333333333331,0.33333333333333331
3,2016-09-21,2910,568.68799053767373,872.02599206317416,22.250502053626786,29.40710317443283,1.6621597918519988,2.1967731053249788,0.06809182175890395,0.04353918337308834,0,0
3,2016-09-23,2911,437.37147661100539,765.05540700732308,18.689045545811116,27.411656351035845,1.3941846733167562,2.0448829803085302,0.062009671236737694,0.016718106201945044,0,0
3,2016-09-26,2912,35.663778630805488,109.00307624607842,5.2321759147100693,9.9898846820222698,0.39428605235192676,0.75281723300846037,0.033260433604167479,0.021372879211772802,0,0
3,2016-09-27,2913,77.120197566548754,61.964618260791134,6.7187670994537712,7.225584147698707,0.50803531942939673,0.54635796958024241,0.12782480916971109,0.19942517286381087,0,0.33333333333333331
3,2016-09-28,2914,110.4001104143278,26.206702605284061,7.4572091187785645,4.2473966549873694,0.56575442825116184,0.32223629883828009,0.16948927022785795,0.20698668822078248,0.33333333333333331,0.33333333333333331
3,2016-09-29,2915,1723.1608043408626,1840.8338503866908,40.24957103907915,42.265489547881167,3.1917506077537889,3.3516109232687974,0.097783293302152186,0.12349755897765809,0,0
3,2016-10-13,2916,2042.3277638703676,1989.0801137406577,43.691777907550204,44.471053373568715,3.4904555947713369,3.5527104752201892,0.038799348097539745,0.080572732313207121,0,0
3,2016-10-14,2917,648.29745630975697,1009.3122868040629,24.959170359585414,31.649602302917476,1.9890955020390038,2.5222826189765288,0.32306164815164934,0.12734750867785052,0.33333333333333331,0.33333333333333331
3,2016-10-17,2918,55.340404368351081,97.385804559680494,6.8493094146801923,9.118094645954292,0.5443736619520102,0.72469358177986731,0.17655745686528182,0.12981658163696469,0.33333333333333331,0
3,2016-10-18,2919,36.808566867419934,17.245650742472044,4.6820317064063302,2.9610625372565664,0.36893989255004378,0.23332906798444242,0.36290609369970478,0.20109697972796844,0.66666666666666663,0.33333333333333331
3,2016-10-19,2920,46.561980878828081,33.011558583510435,5.2825700226093586,4.3319053540457544,0.41541068868079717,0.34065232996860412,0.25802550071131969,0.088324756279259842,0.66666666666666663,0
3,2016-10-20,2921,15.933745451472838,3.1788337364949366,3.0154849398916213,1.64461963566085,0.23827465844033194,0.12995295607924226,0.32242796251661593,0.14910056047834505,0.66666666666666663,0
3,2016-10-24,2922,33.561956683464956,39.823901584080936,4.413119578283613,6.2663833605124637,0.34765397654668445,0.49364923274873673,0.098690667793522688,0.15542555235746655,0,0
3,2016-10-25,2923,43.352737034383694,54.819944977207022,5.4334250973204989,7.3663833605123727,0.42766037759311287,0.57980191739570042,0.34934124165353714,0.064845577359469428,0.66666666666666663,0
3,2016-10-26,2924,32.061445397954003,28.449902695106147,5.6351113068259719,4.8992125740412575,0.44502359777500272,0.38690721216515361,0.30436132041128627,0.12712247223236894,0.33333333333333331,0
3,2016-10-27,2925,471.78022248523831,641.47560761960358,19.997356380454374,25.316383360512418,1.5520475284608928,1.9648712298119773,0.176368747765561,0.04769495810829924,0.33333333333333331,0
3,2016-11-01,2926,1513.9868674404345,1550.4235372705086,38.256053434514946,39.221246164117169,2.934308988265768,3.008341028887223,0.38111247632925682,0.32235003770814152,0.66666666666666663,0.33333333333333331
3,2016-11-02,2927,755.40978742614527,686.94079214635406,25.325384899045883,25.725452751495897,1.943919626884087,1.9746279360988563,0.13371055256002046,0.13371445867214413,0,0
3,2016-11-04,2928,191.3480528527181,110.52052832743567,11.959478035504086,9.0072353436015273,0.9321131706094139,0.70201748517996387,0.24671425999607219,0.09910690484504063,0.33333333333333331,0
3,2016-11-07,2929,322.10246156446942,176.72378783075843,13.656641923278206,11.055394805990849,1.0649699320215391,0.86211992092571055,0.2209748928235433,0.18335315938951868,0.33333333333333331,0.33333333333333331
3,2016-11-08,2930,111.15530309136811,44.543718072381978,9.0114407956160303,5.6311644654009188,0.70324963287154907,0.43945407096932404,0.12010527928831194,0.14443016037928039,0,0
3,2016-11-09,2931,150.80284155407526,61.44330234462609,8.9194291066324549,6.4650038254490028,0.70370249361991755,0.51005947340820523,0.11558651415683034,0.12798705986900685,0,0
3,2016-11-10,2932,569.72812226446865,856.86623866508955,23.818538780389037,29.082430326407422,1.926364897924626,2.3520910935668584,0.14015466817166713,0.15513718600314905,0.33333333333333331,0.33333333333333331
3,2016-11-11,2933,699.4434266365007,1051.1902087009466,26.121181465727357,32.362156603219773,2.1289523995050619,2.6376100577219748,0.046017232864069585,0.14803378307421866,0,0
3,2016-11-15,2934,694.02507215002913,519.23178521890918,25.567746455439419,22.769824903145871,2.0800314395899298,1.852410096253325,0.33592750795951437,0.062192396743783601,0.33333333333333331,0
3,2016-11-16,2935,678.13528558280484,677.99182188146904,24.494658037561901,25.775152553533946,1.9967114764672429,2.1010925252524104,0.28025303935846496,0.23528715413726323,0.66666666666666663,0.33333333333333331
3,2016-11-17,2936,1032.072466134068,1404.3823953511298,31.396765657671494,37.404373301875239,2.5926313507573489,3.0887178614265269,0.30957797287747907,0.10857730345112299,0.33333333333333331,0
3,2016-11-18,2937,967.63828489878813,1126.1615476387888,30.563349637230505,33.440619812376248,2.5170557658826849,2.7540143967367716,0.25927596623154892,0.11730323136794019,0.66666666666666663,0
3,2016-11-21,2938,980.69365548750102,1079.0730374299339,31.029994149680004,32.06258554790611,2.559702548952774,2.6448822889590522,0.15095512356501131,0.057362393250077241,0.33333333333333331,0
3,2016-11-22,2939,1467.3588312180709,1732.0867430579322,35.526949477030485,39.073744293963955,2.9912393261792105,3.2898664893461276,0.090053941804451587,0.14099477629622786,0,0
3,2016-11-25,2940,123.99782367868936,139.27030535505045,10.563767155885216,10.837501896758036,0.88995511001560368,0.91301616653395412,0.021823983005570327,0.17067379215207304,0,0.33333333333333331
3,2016-11-28,2941,94.548642442196197,38.004183513745652,9.2574274943287946,4.9648088907777792,0.78019699922706953,0.41842390887680919,0.07753869297926691,0.10914179139414333,0,0
3,2016-11-29,2942,59.304128209998929,43.794033501492542,6.7568451260899565,6.2887097641349401,0.57353748629912193,0.5338010155449403,0.17373841183385139,0.19427367242017221,0.33333333333333331,0.33333333333333331
3,2016-11-30,2943,655.94702248486908,346.66959701815341,23.044590993678259,17.444248108204949,1.983439427953545,1.5014199860743602,0.069289702813770296,0.10630543056227715,0,0
3,2016-12-01,2944,405.98094702767207,75.941116096977026,15.158044319976247,7.8220430974682431,1.2916952978249892,0.66655671900027635,0.10059023421433379,0.11918734191529663,0,0
3,2016-12-02,2945,229.20973614561839,39.478506855075395,13.947428591110262,6.0040489845889624,1.2000885037954105,0.51661065088530045,0.22052308701611678,0.0737256276948451,0.66666666666666663,0
3,2016-12-05,2946,37.168691249403288,8.8476192812488268,4.9235864653376211,2.9354862111335933,0.41992208659595914,0.25036129732482676,0.21545171620664857,0.13154910402718448,0.33333333333333331,0
3,2016-12-06,2947,73.159328598280936,100.91387549325638,8.0674599019106008,9.672487340205711,0.68504733171235932,0.82133803253986404,0.46805333857607279,0.071115852377523311,0.66666666666666663,0
3,2016-12-07,2948,154.33419988211116,101.48464768910156,9.7645679369839709,8.005513002507465,0.83383014704615255,0.68361837688463056,0.30365615508820004,0.2089738996310819,0.33333333333333331,0.66666666666666663
3,2016-12-08,2949,198.32110533697755,63.995016852621745,10.731426185646873,7.8013123400520881,0.92226075847773059,0.67044623066793474,0.1397025619800295,0.080125848177994258,0.33333333333333331,0
3,2016-12-09,2950,173.96444874513875,47.802314644647673,11.097625526493781,6.2750985098527963,0.95788921725378984,0.54163381035370051,0.013830203558890882,0.061460704435175983,0,0
3,2016-12-13,2951,90.348025213540964,2.3063228225519237,8.5046894508476125,1.4629445641345076,0.73174355352528375,0.12587176288530932,0.027231256254178535,0.054618418246036131,0,0
3,2016-12-14,2952,1404.6302386816869,916.74927094985298,36.213926063721829,29.099769571727848,3.2134456776007654,2.5821704220886326,0.30086126290388843,0.12683634518300321,0.66666666666666663,0.33333333333333331
3,2016-12-15,2953,574.7599385486991,455.17357189257763,22.059584302577075,21.085262104634694,1.9494153678488049,1.8633140778220831,0.065604022046857655,0.02755970810964016,0,0
3,2016-12-16,2954,233.28523443108006,10.617480359326512,12.726053879547711,2.5867975125415796,1.1200047418743859,0.22766094719837882,0.32503667866019265,0.200128300630701,0.66666666666666663,0
3,2016-12-19,2955,549.86508332449114,143.50956121838234,19.026099259734412,11.588714840358989,1.6901571697374447,1.0294674282987464,0.42201113458155398,0.21681152266582915,0.66666666666666663,0.33333333333333331
3,2016-12-20,2956,350.96302806341492,19.543924396595951,16.943540757225794,3.4476364196442169,1.4946006930909712,0.30411823928410148,0.060527242361320448,0.042150389752797064,0,0
3,2016-12-21,2957,363.940342765303,44.479583522327395,15.905357124464899,5.9387148403591254,1.4058741436748043,0.52492286563478374,0.22514702253299357,0.22342920101618743,0.66666666666666663,0.66666666666666663
3,2016-12-22,2958,299.49595181811213,5.5327927026727748,15.123754079374748,1.5638084747451255,1.3329591115260666,0.1378290564732175,0.12802747284630492,0.14159688010272245,0.33333333333333331,0
3,2016-12-28,2959,221.31492335327505,26.827391642871266,11.921332983284779,4.3419440347879572,1.0403467129142838,0.37891125183593299,0.28088964016321344,0.070432528473198697,0.33333333333333331,0
3,2016-12-29,2960,55.691172717210982,91.672190592901075,5.8953245649075443,9.3535618527978386,0.50861224785674619,0.80696763461287546,0.17980258926775863,0.082990393483133751,0.33333333333333331,0
3,2016-12-30,2961,105.05823457818032,152.14801934601323,8.8128116563101084,11.485734524965437,0.75695182789865656,0.98653506763714294,0.16939971111810639,0.13846105104917761,0.33333333333333331,0
3,2017-01-04,2962,163.05832444369412,149.05176967504846,11.422982598869567,12.198403841781328,0.97076422188064626,1.0366621774268145,0.2986645911034051,0.1466371961995426,0.66666666666666663,0.33333333333333331
3,2017-01-05,2963,161.13463018404366,143.78778125090699,12.604419665869878,11.345010363508587,1.0596401568616962,0.9537629561587716,0.21054942167294155,0.37001363888526795,0.33333333333333331,0.66666666666666663
3,2017-01-10,2964,418.35951851037908,169.83152523531211,19.346429239249499,12.687028987158177,1.6415450544524626,1.0764947594211682,0.16439132882316265,0.1335206217065471,0.33333333333333331,0
3,2017-01-11,2965,111.37778200937252,315.18357033622186,9.8433750310517407,17.247465300656057,0.81684370200835976,1.4312655326049588,0.23225628761175776,0.16603997681969848,0.33333333333333331,0.33333333333333331
3,2017-01-12,2966,218.94614550362257,35.040667333249125,14.511411598294066,5.8751739386799882,1.2190877975632433,0.49356692894358706,0.056107764360914157,0.18965397263987172,0,0.33333333333333331
3,2017-01-13,2967,105.46334766050343,367.19566705322956,10.125529006786868,19.039550172220441,0.83265729261024368,1.5656881026454865,0.27914081093608739,0.1551545246976038,0.33333333333333331,0
3,2017-01-17,2968,128.75757762885246,12.639555380162397,11.234081375295242,2.7247034779533501,0.93926519587770096,0.2278084927848627,0.04081349762491894,0.024824741634571306,0,0
3,2017-01-19,2969,28.546274189947507,30.475208447688146,4.4265557785922738,5.40924773094783,0.36871065583209978,0.45056413568346426,0.25190256595397337,0.089013173933066916,0.33333333333333331,0
3,2017-01-20,2970,72.763962792329224,208.01833919447964,7.950133249876747,14.227580186638079,0.65549187862280978,1.173070057025855,0.24870570773573777,0.040645660634035206,0.33333333333333331,0
3,2017-01-23,2971,109.58880872276347,224.02957574044868,7.6079439314526853,14.791077291052261,0.62524194045469139,1.2155717694816126,0.19033956840536728,0.064524373187630171,0,0
3,2017-01-24,2972,359.48048417218666,84.785440571880159,16.920429822089545,8.0971588618372916,1.4159355499656525,0.67758651563491978,0.019508698323277725,0.03479639109140123,0,0
3,2017-01-25,2973,52.180423928848064,177.90259751702501,6.1711912397897777,13.318406437152362,0.5078333804961962,1.0959847298512477,0.20747098719089244,0.11654993115349745,0.33333333333333331,0.33333333333333331
3,2017-02-03,2974,341.69077326208395,672.95842643951858,17.581389932694417,25.749727144057715,1.4331681216787786,2.0990199424542664,0.0082173342786336073,0.012009246535370799,0,0
3,2017-02-06,2975,84.314971291264044,259.81902743849565,9.013405758564204,15.644801168141308,0.7322019300214625,1.2709018008238269,0.03241540220198539,0.050486366312384984,0,0
3,2017-02-07,2976,79.178166671611336,280.81391167174053,8.7932446030397386,16.747311977065692,0.70793370928586585,1.3483062536885673,0.16199112026609455,0.1577375106931079,0.33333333333333331,0
3,2017-02-08,2977,101.13367608847356,131.38240471484525,8.4037148604545564,11.447311977065738,0.67947241756586008,0.92555885972394403,0.12966230643820922,0.026945847119965591,0.33333333333333331,0
3,2017-02-09,2978,205.98660497460068,8.467883301164008,10.611384929249729,2.8097626881409874,0.86390824141087108,0.22875215241724234,0.088122299601979814,0.1862620507119295,0,0
3,2017-02-10,2979,289.40699644641916,9.9681261822320035,15.475165364323933,3.1026880229342169,1.2661211179647316,0.25385052345544828,0.17641186281922738,0.1180967979757791,0.33333333333333331,0
3,2017-02-13,2980,86.575473770699659,29.36511049115839,6.4668142956235597,5.3873019335740837,0.52543687147053098,0.4377251215579186,0.10086856844947517,0.12571314877873677,0,0
3,2017-02-14,2981,212.01727609671403,1.2688759347673459,13.036554912720703,0.96269806642582501,1.0647300647436053,0.078626108006029496,0.096550729828566897,0.028572646946313836,0,0
3,2017-02-15,2982,61.56776200608757,230.99622838920905,7.7622075468492922,15.187301933574039,0.62570694827691686,1.2242394045845826,0.63067471658341667,0.24843616700769622,1,0.66666666666666663
3,2017-02-16,2983,116.37451558970402,123.6053829977651,9.8897808152414655,9.0096572138888096,0.79631070616703292,0.72544443930019809,0.0041057644030044332,0.0085139695083494508,0,0
3,2017-02-17,2984,132.08660786190023,17.070371538205645,9.75702585845867,3.4769939653196311,0.78898846548810664,0.28116233091979387,0.059621033913644206,0.02063545910196107,0,0
3,2017-02-22,2985,106.14034852519826,13.806294853670897,9.5185089369036486,3.218865593483391,0.76276215537331893,0.25794259103160438,0.16486104768601365,0.10732647410966041,0.33333333333333331,0
3,2017-02-23,2986,143.34662396604332,447.80751613000399,10.00862515745674,20.755222496150811,0.79610445095901505,1.6509085663498897,0.099103558324820373,0.058147885909618412,0,0
3,2017-02-27,2987,545.88493357098639,21.773310951420033,21.397689591459841,4.2811344065166095,1.7250636561963753,0.34514143877109066,0.1161069363283745,0.049918035927301881,0,0
3,2017-03-01,2988,105.89373287237312,19.768016777042533,8.3070258584588519,3.9603272986529041,0.67094950799279973,0.31987135923212212,0.16706552585407611,0.091192961310053264,0.33333333333333331,0
3,2017-03-02,2989,415.83098822627426,115.92685486634507,19.182125870200782,9.9447775038492328,1.5639727574562399,0.81082572391758934,0.12498541984150885,0.23103579061935794,0.33333333333333331,0.33333333333333331
3,2017-03-03,2990,205.22427700845876,46.392924292211291,11.271091738789513,5.4160286369078676,0.91564171889918444,0.43998770355480454,0.014605641194183748,0.18269173754462009,0,0.33333333333333331
3,2017-03-06,2991,589.47068432768049,261.09117666854468,21.679973560638548,14.318162158522986,1.7819400452585825,1.1768513671576037,0.11001813676818083,0.054384546001655827,0,0
3,2017-03-07,2992,345.86530468434785,246.77490419574806,17.279898126211794,15.675230791685257,1.429035571138918,1.2963306972945132,0.1384216131619467,0.086463551336472835,0.33333333333333331,0
3,2017-03-08,2993,650.66003860051114,351.083515360999,24.656404426856323,18.730771672885492,2.0435460135805661,1.5524239917852964,0.12611036502465306,0.18387382705357971,0,0.33333333333333331
3,2017-03-09,2994,548.96999537265913,425.21466963497534,23.393415257536009,20.24770127659993,1.9451557192479949,1.6835905106722595,0.2036691234853997,0.26108747898052126,0.33333333333333331,0.33333333333333331
3,2017-03-10,2995,149.48875781213565,19.94213537573745,8.9963750140459524,4.3784124255871575,0.74683505014494056,0.36347438366156054,0.22387664810502442,0.13544212443289788,0.33333333333333331,0.33333333333333331
3,2017-03-14,2996,131.42547530428018,46.594954333514039,9.7447574872621008,5.6901401981322124,0.81287599993844684,0.4746530028471983,0.21720201869014613,0.14258064198843734,0.33333333333333331,0
3,2017-03-15,2997,562.82316873957905,632.22988822763364,23.520593033550693,24.859859801867742,1.9132544054622924,2.0221954530335338,0.1096535854342592,0.070025170877302409,0.33333333333333331,0
3,2017-03-16,2998,176.76403208132947,267.00700660466686,10.270389657229998,15.894731707823818,0.83526265917615472,1.2926749925035637,0.096085017255378991,0.059339643706850687,0,0
3,2017-03-17,2999,221.31587168828659,305.82538008835439,12.386513530530161,17.397206171361177,0.99762512327079278,1.4011925073583422,0.18059332650149143,0.10082649272349048,0.33333333333333331,0
3,2017-03-21,3000,303.30926579260853,561.43036125996775,16.571544402230376,23.687301933574037,1.3267318683984131,1.8964254380188175,0.39044699868917748,0.20686898832632242,1,0.33333333333333331
3,2017-03-22,3001,143.72341957582691,176.01762436465592,8.6699232926668319,12.319989487319541,0.69498383107549755,0.98757430760076481,0.32674062397578402,0.18805333811462302,0.66666666666666663,0.33333333333333331
3,2017-03-24,3002,305.90632737366815,657.62718941200467,15.627680076771943,25.20566971172563,1.2427084471211436,2.0043473191305021,0.34795723320597444,0.11091018524857084,0.33333333333333331,0
3,2017-03-27,3003,159.48039855773035,315.37667547426366,9.1406620890024897,17.50181389316602,0.73061003029354099,1.3989140670742566,0.39601133290365126,0.27640361967396387,1,0.66666666666666663
3,2017-03-29,3004,141.87335702713273,329.89396011023285,9.9010828653694407,18.122925242713336,0.79284776308211413,1.4512271975266928,0.17939576470459892,0.032378418391937745,0.33333333333333331,0
3,2017-03-30,3005,349.4929470966369,91.804008474972079,17.916001048922681,6.887825711448083,1.4381121407065887,0.55288374630342607,0.12225324440191156,0.23746014035125138,0,0.33333333333333331
3,2017-04-05,3006,150.3950558099184,331.95047504243024,8.5568659315479181,17.530058308739019,0.68318290870642062,1.3996054537915386,0.34533039316091574,0.41359223637142045,0.33333333333333331,1
3,2017-04-06,3007,162.44561085980334,386.20157341460896,9.7383820615550576,19.589304100075044,0.7689511675593238,1.5467885901595047,0.086798831515227104,0.019380340175703722,0,0
3,2017-04-07,3008,159.3414380063351,37.544540342335047,11.0037741450786,5.4631948688722032,0.88026672093745051,0.43703810798545684,0.018178066591813976,0.0045371622210424725,0,0
3,2017-04-10,3009,223.96931778107265,10.563748859544825,13.2283357995193,2.9813332142442355,1.0558173676685529,0.23795460246182734,0.1574626479376543,0.17601102019021378,0,0.33333333333333331
3,2017-04-11,3010,162.69758463449242,377.25407491856805,10.357659224442159,19.016222679343628,0.81281167891722195,1.4922877406688873,0.30556718247863324,0.041616593499903945,0.33333333333333331,0
3,2017-04-12,3011,308.35235892638383,564.66308612838236,13.507285097890039,23.540758965004063,1.0518463651356957,1.8331782864154549,0.034925524309142038,0.0080765745811667809,0,0
3,2017-04-13,3012,15.175682060657833,266.96305230916465,3.6361825800296779,16.327615774432541,0.28430998710111249,1.2766422279551615,0.21031310315033291,0.081713969180135057,0.33333333333333331,0
3,2017-04-18,3013,54.315990715776088,253.88760044196715,6.9057056186527461,15.916383360512327,0.53990896514231235,1.2443910215012961,0.10722381563953548,0.058257822821734105,0,0
3,2017-04-19,3014,39.176195834922986,360.2800389410906,5.5648741591840007,18.966383360512282,0.43404369075610338,1.479321687895818,0.23471520285400302,0.058430762159675631,0.33333333333333331,0
3,2017-04-20,3015,39.936129555331199,182.21463497355467,5.8252189461644166,11.275366514796966,0.45443842463349204,0.87961668797417536,0.40974463814250001,0.25815813587294251,1,0.33333333333333331
3,2017-04-21,3016,478.45798407205689,61.038274325985604,19.36412474158783,6.6967221213384009,1.5254549189843882,0.52755019074668352,0.11307627099485511,0.14237036113250076,0.33333333333333331,0
3,2017-04-24,3017,163.50043927495238,12.198528916316876,11.430825785188517,2.839086200242491,0.90162689581862432,0.22393801863405041,0.23835135157285872,0.29044927061807646,0.33333333333333331,0.33333333333333331
3,2017-04-25,3018,207.31319604295768,55.811114205521527,13.344773195233302,6.6663150419334825,1.0575562226281494,0.52829694828493734,0.33310537474389906,0.18818976787255937,0.33333333333333331,0.33333333333333331
3,2017-04-26,3019,189.5981277184967,18.354045787240633,12.413062313435375,3.0331803235455177,0.98297927727552858,0.24019483081608475,0.087566742867043704,0.083178198980628976,0,0
3,2017-04-27,3020,194.85024912631823,13.248929694241847,10.049122467149573,3.5651504975420116,0.79348750184765071,0.28150740238793565,0.21955482228118153,0.059281416683745591,0.33333333333333331,0
3,2017-04-28,3021,190.12515570756327,109.4842110704012,13.715789133816239,9.874330971643607,1.0924998314402199,0.78651726246713183,0.098628233430364684,0.058202004151866299,0,0
3,2017-05-02,3022,783.18490262885791,1080.0695928533562,25.344716445662396,32.853932340203755,2.0608811551197266,2.6714857977072497,0.14769181603143275,0.10521187635359497,0.33333333333333331,0
3,2017-05-08,3023,1306.9292188089828,1081.4781032323051,33.421095418598952,32.718292185210508,2.7385361699933584,2.6809482288766393,0.10661860060663313,0.061533972112350989,0,0
3,2017-05-09,3024,827.79260844308146,551.50180164565052,26.972035559348267,23.480201675226454,2.2051290160117945,1.9196502207600419,0.1340610694737685,0.13810636289405107,0.33333333333333331,0.33333333333333331
3,2017-05-11,3025,351.23304101333571,333.85963049800802,16.931904011053501,18.166109975428601,1.3751800212023146,1.4754200995271962,0.42088091786397075,0.23964012199373561,0.66666666666666663,0.66666666666666663
3,2017-05-12,3026,206.28458763601216,109.73857231186628,10.890426812569936,9.7559818861988479,0.88303144511229537,0.79104693798741987,0.15712617273433147,0.18529343919203159,0.33333333333333331,0.33333333333333331
3,2017-05-15,3027,292.01374250177702,77.105168332962094,15.41359419512446,8.6816579155049567,1.2488732940467071,0.70342391148152306,0.22980663511255664,0.19664970014418584,0.33333333333333331,0.33333333333333331
3,2017-05-16,3028,197.33273351758939,76.750838014847957,12.695029499722978,7.7825873082765611,1.0096253777416078,0.61894284303137903,0.14801137891447949,0.091805054654705662,0,0
3,2017-05-17,3029,110.07358936579966,250.25401535868082,7.988959614727416,13.022835631411303,0.63611430963670801,1.0369325289761366,0.14824743273342708,0.041797786279189231,0,0
3,2017-05-18,3030,40.701328679107839,35.79699669130077,5.7187901622019126,5.8964000887117436,0.45677237717267677,0.47095847353927667,0.068294425688568375,0.11701853198431693,0,0
3,2017-05-19,3031,354.09088418617847,475.76055162898007,16.645403027450964,21.374130674676508,1.3222705665846577,1.6979092564385361,0.12667708687139392,0.1383597842151312,0.33333333333333331,0
3,2017-05-22,3032,129.12481026469149,192.66761360173336,7.5120305829937779,13.84482619492754,0.59609828463686543,1.098621345415612,0.16111703519857645,0.052860762365544656,0.33333333333333331,0
4,2017-05-23,3033,139.02855647920438,126.02502779257303,9.7954925428393835,10.875051801176445,0.78204403359860952,0.86823294887840363,0.097183776986403667,0.14479944894131511,0,0
4,2017-05-24,3034,200.73398393825565,19.948858105099529,13.264458077207033,4.025449763108857,1.0552892380132091,0.32025536124021298,0.062641870457340487,0.082537245658841948,0,0
4,2017-05-25,3035,380.35268262842396,126.09447565429252,16.504290141175186,10.958854579459967,1.3046354010651902,0.86627837472510694,0.22016196480987438,0.37018697028176167,0.66666666666666663,0.66666666666666663
4,2017-05-26,3036,361.80314110951758,46.863370968050923,17.972312630348899,5.5842742322625627,1.4193897196611041,0.44102623852966066,0.11753685688894867,0.073915616839608053,0,0
4,2017-05-31,3037,218.68697498583654,33.847087370080764,10.215997039743646,5.343772810859643,0.80768447165621582,0.42248273003594444,0.12737283297510313,0.32376331597770275,0.33333333333333331,0.66666666666666663
4,2017-06-01,3038,284.3436743304805,2.9227467966119001,14.474542108095648,1.5702381238750149,1.1353027262320599,0.12316076111808423,0.19693516733083927,0.20871562230828553,0.33333333333333331,0.33333333333333331
4,2017-06-02,3039,165.47446989735946,8.2522150814839552,11.685047915610767,2.3154822652364451,0.9129300297363776,0.18090411853872768,0.033636098210238032,0.016756247047593247,0,0
4,2017-06-05,3040,494.90373327361834,202.22325770405664,22.13336971683005,14.182124548877937,1.7111225138639388,1.0964147312623067,0.041329864740345397,0.057985049010327354,0,0
4,2017-06-06,3041,201.73495523178244,47.949351237150744,10.746155869268401,6.3688465101365637,0.83239007507888463,0.49332660806634882,0.006412793509361657,0.0025699801443102876,0,0
4,2017-06-07,3042,324.94516052363144,692.62165873322465,14.377637565870979,26.050122548918051,1.1351812061009026,2.0567780623676959,0.48000069682366348,0.21528049287330667,1,0.33333333333333331
4,2017-06-09,3043,257.30751870966083,473.41900885589757,14.237695269611018,20.95924419509576,1.1242652613400992,1.6550255997390837,0.024269259297408235,0.066362765103377699,0,0
4,2017-06-12,3044,15.778232379837695,204.2222103267508,3.3231190944305431,13.949458633489106,0.26332163981224593,1.1053453750783762,0.21888044116867167,0.13749467792511158,0.33333333333333331,0.33333333333333331
4,2017-06-13,3045,532.15949771394492,55.366627564846887,20.185916104017831,7.4100756762195488,1.5825884832628638,0.58095458065225791,0.12064854798125663,0.022795992548147348,0.33333333333333331,0
4,2017-06-14,3046,101.27571737231756,407.07791391471801,8.9128197771644864,20.131929664350537,0.71043958209433555,1.6047132170380245,0.018293407818731802,0.13122552341764296,0,0
4,2017-06-15,3047,177.13275396690139,103.50906489214128,12.753551957275173,9.7800860628712289,1.015895488073536,0.77904142606907989,0.25475459891681934,0.089619413351592112,0.33333333333333331,0
4,2017-06-16,3048,130.36476013670915,44.327600845374882,8.6168367091659093,4.9362550785056856,0.69036868238319993,0.3954857251536823,0.041965278766507276,0.12315816064718947,0,0.33333333333333331
4,2017-06-19,3049,21.494241485613959,69.921553925259261,3.6313725084703492,8.1275588330928112,0.29233396461683703,0.65428746040032282,0.030194530507964196,0.03256152192400278,0,0
4,2017-06-20,3050,90.773153642950433,31.709373861462506,7.350080881526158,5.2258418617777052,0.59155580535421792,0.42059089430806473,0.025273576741315269,0.02404525261706171,0,0
4,2017-06-21,3051,462.9387443281596,125.92572561261829,16.939856300531801,10.863117616919226,1.3543217381301407,0.86849357346651945,0.024892405710649278,0.015606469214183682,0,0
4,2017-06-22,3052,219.58480964049329,133.38064728610402,13.778984177673996,10.744521759919962,1.0973149779146287,0.85565993150593,0.033023480428437342,0.029922553589749004,0,0
4,2017-06-23,3053,56.64884041321568,8.7661355025205019,7.1352834060965806,2.025245834178198,0.57173745241158491,0.16227931363607354,0.26130598411491684,0.22366072173610427,0.66666666666666663,0.33333333333333331
4,2017-06-28,3054,15.721028821137388,44.457024313190054,3.4207010273692808,6.2156543122966168,0.2750865321567576,0.49985157316418311,0.15502424724418545,0.2559959649514541,0.33333333333333331,0.33333333333333331
4,2017-06-29,3055,30.885253086140022,24.497796547971763,5.210518716794013,4.9401988807534662,0.41944203797899077,0.39768153598337425,0.15758250113088365,0.20165443957776374,0.33333333333333331,0.33333333333333331
4,2017-06-30,3056,147.00729953321178,251.43372987674707,9.4198396556257649,15.363317223533841,0.76630788331305799,1.2498122614223177,0.052470728027297443,0.25274552348489582,0,0.66666666666666663
4,2017-07-03,3057,261.00130299444305,407.70971898989336,12.904662272634065,20.031002209398441,1.0574991618974077,1.6414817839382483,0.18028898410141325,0.096491687881158805,0.33333333333333331,0
4,2017-07-05,3058,40.357120897842115,2.0024016161611602,5.0459064506072382,1.3534336631701838,0.41194435877273555,0.1104934005363853,0.068504404898124219,0.24125255483085029,0,0.33333333333333331
4,2017-07-06,3059,86.555700333514267,88.721311211933212,7.9704437666730428,9.3125086267984898,0.65565284141595381,0.76605179342726026,0.56746588329363934,0.32747892050142141,1,0.66666666666666663
4,2017-07-07,3060,69.663044824497305,92.21428971926899,6.5723110390055508,8.9741494258106886,0.5423146331385057,0.74050246933003461,0.023874445074736666,0.039830548529998427,0,0
4,2017-07-10,3061,12.463390892840032,32.152606880604196,3.134313867415282,5.2010898500904359,0.25880961706083833,0.42946945626443472,0.020786990559938445,0.046702353689704774,0,0
4,2017-07-11,3062,29.719887094089405,47.82184355236916,5.2738334585316506,6.1635204350899739,0.43270704451359127,0.50570400681735916,0.04987028357915254,0.093953033388631479,0,0
4,2017-07-12,3063,23.566789524220155,36.415630897456872,4.4093340750557672,5.7233892518819021,0.36174699114412717,0.4695536345788745,0.058090366675783683,0.0052910242030786312,0,0
4,2017-07-13,3064,57.768719270067301,27.301859734716544,5.0053974469024825,4.9012835954243501,0.40684365170303849,0.39838117495117858,0.56866826599748266,0.1784454504113534,1,0.33333333333333331
4,2017-07-14,3065,272.78148620540122,105.18053408957,12.187584858260607,9.4012484868354331,0.98227562831034521,0.7577069100814372,0.30658693140543625,0.18782829498955447,0.33333333333333331,0.33333333333333331
4,2017-07-18,3066,92.309377114910077,17.229995807031166,8.2032421072045363,3.9668559536641319,0.66040672279551871,0.31935401953581549,0.15068167217107295,0.091724849160734326,0.33333333333333331,0
4,2017-07-19,3067,44.203454103353181,127.16730571123657,5.4275001784173282,11.01565431229657,0.43816098961954691,0.88929154050993553,0.2107367401982623,0.1328429464585823,0.33333333333333331,0
4,2017-07-20,3068,54.752855458033451,7.7836361398736251,6.1442619935589091,2.29599032953494,0.49211180918336545,0.18389254171118019,0.019053641038163757,0.090883456701645951,0,0
4,2017-07-21,3069,259.47885379415317,34.107386166059513,14.843846342943758,5.3802678590132773,1.1822584797852542,0.42851880522585944,0.024397257366818609,0.087169233350402234,0,0
4,2017-07-24,3070,128.33698127337217,6.9668527888659684,8.3081451855422674,2.4439341418742515,0.6623202475719282,0.19482893350400601,0.058573601718099631,0.086946149537141013,0,0
4,2017-07-25,3071,149.71352043358991,68.850154106409164,10.765247637384315,7.4587077600507046,0.86253085789474537,0.59760498037422527,0.24594003949568632,0.10720598488438761,0.66666666666666663,0.33333333333333331
4,2017-07-26,3072,424.7773662923633,124.63085940110591,18.991708995491233,10.930267859013233,1.5059637614377317,0.86672491150687758,0.2379416404796256,0.031739673265695989,0.33333333333333331,0
4,2017-07-27,3073,345.61458758639492,74.237743910245001,17.742581725495331,7.5951755456947012,1.4026865147834082,0.60045660097198994,0.041548503947723976,0.030374041600910468,0,0
4,2017-07-28,3074,258.83261817588334,0.74892431295611572,12.509015181432536,0.81667832991107991,0.98686562119305243,0.064429673773111915,0.030627975913026798,0.08198110109733607,0,0
4,2017-07-31,3075,134.17624678097266,16.928470764721933,8.8094801111455272,3.9066779723587692,0.6931413597030196,0.30738250697185321,0.023232675196994776,0.068188071144366078,0,0
4,2017-08-01,3076,38.465371169218905,95.527704267693011,4.8721961937348324,9.7178754511221541,0.38375836434584371,0.76542812311926234,0.03354264758932423,0.005895819843910158,0,0
4,2017-08-02,3077,52.362622818443043,126.93133062105947,5.9600617670652509,11.217875451122154,0.46999935076612659,0.88462072794906987,0.51504962309889002,0.60320184923615949,1,1
4,2017-08-03,3078,126.29694739858446,443.18725731411087,10.564295346856701,21.021842362034857,0.83996941614508225,1.6714512492673019,0.39488757957964915,0.42760499911168104,0.66666666666666663,1
4,2017-08-04,3079,200.59895312451059,216.05004416845964,12.781897604243113,14.650098865079977,1.0160490941369724,1.1645547587503957,0.2149866336271318,0.13490043579031186,0.33333333333333331,0.33333333333333331
4,2017-08-07,3080,220.68886971804793,18.106087643329065,13.466306096537361,4.0589246079954746,1.0672298380517802,0.32167733460100445,0.30609624757482057,0.25299101873231328,0.33333333333333331,0.33333333333333331
4,2017-08-08,3081,511.13966244925763,75.286417908994352,20.498096356858998,6.5144238106496077,1.6126900088005194,0.51252301724161986,0.014323983419415022,0.025005642758809302,0,0
4,2017-08-09,3082,388.930409808506,114.49338741709619,19.423862836602513,9.8834513588959307,1.5122907845377229,0.76949948294113435,0.001415807235570484,0.088242522249583899,0,0
4,2017-08-10,3083,132.12010232525051,15.231661367639489,9.873825559961384,3.7991979788973063,0.77000901192867366,0.29627996404096596,0.00052895185627013471,0.00065544162649593595,0,0
4,2017-08-14,3084,69.790600739508875,326.76102134178518,7.2124332567836973,17.826038315516978,0.56668106515684125,1.4005922856426618,0.55322808429590908,0.51272402883777746,0.66666666666666663,0.66666666666666663
4,2017-08-16,3085,336.90218574620673,25.638774426388064,16.655770004374972,4.9709594438481872,1.2882488981649758,0.38448135539084127,0.20969665275941171,0.18472033665664381,0.33333333333333331,0.33333333333333331
4,2017-08-21,3086,128.79307281535858,89.23044193875603,9.2990120047567562,8.4645506413880867,0.72410932913539616,0.65913024773307005,0.043276662490799998,0.01028830357629699,0,0
4,2017-08-22,3087,55.677071974818894,45.834175898210134,5.1025259446596465,5.9273934152022321,0.39657451091280821,0.46068421211691063,0.1553523927183946,0.038598218218630707,0.33333333333333331,0
4,2017-08-23,3088,93.238715857937621,43.244787445179533,8.1968127741901444,6.543378601311967,0.63590479241195841,0.50763216457036209,0.030810860081351563,0.03981741201300517,0,0
4,2017-08-24,3089,1337.5292352225808,660.02168892067846,36.132379998268185,25.414685065613565,2.7401038940028197,1.9273260581362424,0.020382191932314976,0.025279231047658501,0,0
4,2017-08-29,3090,77.670800703248162,8.7561940446587361,8.2826766158274641,2.8725124193556439,0.63299018844688304,0.21952712413875766,0.031621901465163492,0.11390722870301358,0,0.33333333333333331
4,2017-08-30,3091,43.768012725409385,5.7539406613450339,5.3184659277287665,1.9681041003890034,0.40544813628578363,0.15003652375749979,0.36480126532005341,0.12237554087628817,0.66666666666666663,0
4,2017-08-31,3092,299.0385991236206,51.935532826287222,16.066210131212831,6.9944561945053465,1.2167684134514414,0.5297225230615985,0.0046642977025089212,0.014062215766116543,0,0
4,2017-09-01,3093,839.23109758767669,351.21583393206691,27.528899408602456,18.635140106124709,2.0612406430760704,1.3953157954494186,0.10398987884535132,0.058485688218112487,0.33333333333333331,0
4,2017-09-05,3094,618.85610314890084,303.08856391721656,22.71518691236459,17.22008611104722,1.6978874247759161,1.2871462504052935,0.11838609329449069,0.15370176977985298,0.33333333333333331,0.33333333333333331
4,2017-09-06,3095,678.88243910921074,221.59492174199306,22.262196722379031,14.772022598901534,1.6570299011819152,1.0995178711500955,0.084120139796056939,0.035863711751930358,0,0
4,2017-09-07,3096,710.32384043517413,310.40354603595148,23.751378387059578,17.522022598901533,1.7642620900322807,1.3015429971328902,0.0015242901357334436,0.0043806375256705971,0,0
4,2017-09-08,3097,250.41447442360763,40.532319431127057,13.811187882836066,5.9703544400866422,1.0351662331611502,0.44748571729025954,0.031584033515670462,0.040331490570295232,0,0
4,2017-09-11,3098,170.85058631319828,8.34615337934091,10.731255380100796,2.2279774010984661,0.80899022842825452,0.16795909544654855,0.34176165723353186,0.29094135960453388,0.66666666666666663,0.33333333333333331
4,2017-09-12,3099,384.16533083818604,7.7527861614979132,15.382906584344633,2.6786897268304224,1.1587440461259186,0.20177693697641688,0.31581725694500645,0.33303982451620434,0.66666666666666663,0.66666666666666663
4,2017-09-13,3100,184.60681557486103,21.924273363360893,8.8345332291113809,3.9200861110472638,0.6669837476208057,0.29595606893263854,0.012343709343879178,0.019086307574005073,0,0
4,2017-09-14,3101,236.35312658991083,11.485980585799993,10.46697198764908,3.0662366257031408,0.79124405545973309,0.23179019735443485,0.56270795897447456,0.56738194126335451,1,1
4,2017-09-15,3102,144.57692307608491,128.2161986430487,11.533130945454181,11.029913888952782,0.88066057921916485,0.84223533055534372,0.13842721621295354,0.602265628297041,0,0.66666666666666663
4,2017-09-19,3103,141.54866904195603,81.22562392283011,9.0728556870105876,8.3662856664561787,0.69189778746363062,0.63801461652224356,0.56597733287358076,0.48012499228395811,0.66666666666666663,1
4,2017-09-20,3104,169.63940863710621,428.65844012545102,12.435802478983911,20.610761398117877,0.96244891873569482,1.5951367075395,0.028391941476548471,0.0058157135748013672,0,0
4,2017-09-21,3105,217.18907332685058,8.6642235330418647,12.287110142532507,2.1288852598939534,0.94895815126139238,0.16441807691488672,0.33478690514781362,0.03806727754461247,0.33333333333333331,0
4,2017-09-22,3106,137.6084093822395,3.0167090538966668,9.2507319539543005,1.7112733063371859,0.71528121502778175,0.1323183566332008,0.020683909444176619,0.016549016102250916,0,0
4,2017-09-25,3107,375.61340183731363,107.45704053174904,19.09555264575738,9.7289625383543807,1.468832171513202,0.74835295091376342,0.54149804990299599,0.48569170099025527,1,0.66666666666666663
4,2017-09-26,3108,78.122882037870525,167.12733698967511,7.421935611520742,12.908373181738702,0.57868586889561746,1.0064615946153135,0.10038425561476257,0.0211335058327024,0.33333333333333331,0
4,2017-09-27,3109,65.835857175895256,134.89325665471154,6.6048481326603605,11.608282440330868,0.5146568070020151,0.90452974171744793,0.024436898474746376,0.092216967251264451,0,0
4,2017-09-28,3110,57.62957818609069,57.723133335773106,6.2664817869394183,6.7499285878040309,0.48838607956818797,0.52606410940721926,0.071394068042117023,0.18148333780560477,0,0.33333333333333331
4,2017-09-29,3111,229.89768573360485,66.532515764553423,14.64082902019671,6.4004695936459939,1.1337175948735254,0.49562254867941719,0.029668044634498288,0.05560759413284292,0,0
4,2017-10-10,3112,200.61086797114004,53.536687916713113,14.040371270091024,5.9156331275379825,1.0890340329719623,0.45884298061182721,0.044312878541123479,0.049288915896143842,0,0
4,2017-10-11,3113,236.80179920407463,62.093331158769182,15.221878119268922,6.7069539075279563,1.1797619158511081,0.51981816760534449,0.15221188510669159,0.10226532880934752,0.33333333333333331,0
4,2017-10-12,3114,518.78162278106765,100.72631149952745,22.579496555860562,9.4804228710107363,1.7374189408941645,0.72948775554099232,0.24288624275959458,0.051200917663117608,0.66666666666666663,0
4,2017-10-13,3115,489.76418104350654,61.992349947519045,21.120659134977888,7.8416268182612994,1.6205523774248363,0.60167473477029842,0.02113099134021006,0.018453721968822574,0,0
4,2017-10-16,3116,77.116413055485751,157.10285111378059,7.4543641476399598,12.38413713017068,0.58021904243159839,0.96393361589186066,0.065051949240948703,0.076138042556419663,0,0
4,2017-10-17,3117,22.849655448076025,109.2459041043082,4.553992952057115,9.9195771289891272,0.35572511732987927,0.7748458935314112,0.0017113656583651836,0.016078454448421663,0,0
4,2017-10-18,3118,40.59344387228726,17.436177621456181,4.9379204226106594,4.0500780892395296,0.38731825418547805,0.31767809939913161,0.014351540964533172,0.042799491319601979,0,0
4,2017-10-23,3119,178.55880399473028,6.5766287443255464,12.672361650438688,2.3210964453489851,0.9927816718585678,0.18183998161690509,0.0025357231929599971,0.0030903590459356914,0,0
4,2017-10-24,3120,326.45308187189306,3.082270608999254,15.257032202544906,1.6202381238749695,1.1966299766701889,0.12707749991176231,0.56951967720812668,0.42395956743651125,1,0.66666666666666663
4,2017-10-25,3121,240.76373502941166,0.56909370321762986,12.594461172369771,0.59404125318148238,0.9887702588710322,0.04663719357656388,0.15504183089197418,0.20120528291640052,0,0.33333333333333331
4,2017-10-26,3122,138.54339339755072,48.47869869073665,7.5141672626522604,6.9297618761249851,0.59332522110247232,0.54718006049389911,0.1318669106121737,0.25370360472084519,0,0.33333333333333331
4,2017-10-27,3123,513.55906250077646,188.42711058909069,18.476502124111828,12.198010267813439,1.4525551984364646,0.95896307136898107,0.0068891862032734704,0.018073488965593795,0,0
4,2017-10-30,3124,441.70641838999654,48.599167871263944,19.308319558711066,6.157904630295131,1.5201605762084058,0.48481711847381259,0.25836453950185412,0.23731525150743502,0.33333333333333331,0.66666666666666663
4,2017-10-31,3125,755.7712283002021,181.18825176933319,26.208319558710929,13.057904630294994,2.052254771442851,1.0225053545511136,0.057625078881149351,0.1047575639038683,0,0
4,2017-11-01,3126,865.04010009764079,234.43013554138881,28.525412102314402,14.927453862057822,2.2299415339520325,1.1669366683910116,0.21549891949003389,0.1709383082511656,0,0.33333333333333331
4,2017-11-02,3127,13.090746057057251,41.224116215938864,3.2856708552054292,5.9176686827325584,0.25853102960149732,0.46562819126072535,0.23239541005682196,0.24670895636323129,0.33333333333333331,0.66666666666666663
4,2017-11-06,3128,165.64085218872864,2.6261750455602733,11.897926517291884,1.525780676986642,0.93273177463874912,0.11961278433573552,0.045583043096382968,0.16457564296488245,0,0.33333333333333331
4,2017-11-07,3129,310.94548539384891,61.134277726659469,17.621112484241774,7.3570796252756736,1.3723607853770854,0.57298127922707742,0.36698487401752461,0.26596943819961455,1,0.66666666666666663
4,2017-11-08,3130,200.40104845352008,16.993606527996629,11.864082024520561,3.9554184205720353,0.92341858845894775,0.30786257943431156,0.091602019627812489,0.094805162292303666,0,0
4,2017-11-09,3131,121.19912183271096,11.535177410073084,9.2918376327693295,3.2724918505914502,0.72349432630766408,0.25480743211021178,0.11704518129164136,0.11815873884252519,0.33333333333333331,0
4,2017-11-10,3132,46.324916146840536,90.325897205499999,5.4008622540594233,9.4775618144079399,0.42261921468441049,0.7416222711692898,0.284730593063721,0.24994420849359633,0.66666666666666663,0.33333333333333331
4,2017-11-13,3133,43.858939298696335,62.856636543522875,6.3388738179907405,6.9794072208702955,0.49732259673550455,0.54757627654717522,0.13406657847605452,0.21680435378832055,0,0.33333333333333331
4,2017-11-14,3134,282.6866103255648,37.888791075667562,16.632225315611702,5.5570796252757191,1.2971631036976838,0.43340193614691302,0.08797122047733559,0.16352252741938655,0,0.33333333333333331
4,2017-11-15,3135,107.59418739004923,16.652358801330685,9.6015497113960464,3.0325313122306548,0.75012107120281613,0.23691650876801992,0.098360780099616282,0.23233488937068211,0,0.33333333333333331
4,2017-11-16,3136,236.99613305232711,43.502108955063242,15.10983197706461,6.0917418805231591,1.1764575059029558,0.47430543703220773,0.25346920527993261,0.17558079062544885,0.66666666666666663,0.33333333333333331
4,2017-11-17,3137,161.20839308032419,14.642102028481384,10.389024381219466,3.2423185849472702,0.80773008717302641,0.25208510223505443,0.085767261700833319,0.14468998855041801,0,0.33333333333333331
4,2017-11-20,3138,113.795265035745,14.152614378130673,9.2394374302427877,3.7206279370550419,0.71997486404136124,0.28992659059105758,0.10351731687101594,0.13612215364247318,0,0.33333333333333331
4,2017-11-21,3139,178.71412763635431,28.16570187714693,12.438327737695394,3.5795560289561763,0.96649658010764927,0.2781425874320041,0.16610839602736097,0.16615354932475138,0.33333333333333331,0
4,2017-11-22,3140,169.45378885520441,9.9415956638604595,11.33796354941569,3.0724381855920151,0.87857137151613252,0.23808122321518907,0.090637375457768662,0.10502392378978966,0,0.33333333333333331
4,2017-11-24,3141,206.65934674527932,26.602716412732605,13.313067600514993,4.2511662274407627,1.0281154993061234,0.32830073576652735,0.026388769348896755,0.093336178118126237,0,0
4,2017-11-27,3142,77.557064622024697,12.287590858207443,7.7490333761638039,3.4162741602086348,0.59984002602189146,0.26444820685130899,0.021821728155965756,0.037720424419783981,0,0
4,2017-11-28,3143,66.296098291075026,135.25556671715557,6.5885367823996148,11.608373181738747,0.51318586925260856,0.90418453726983283,0.27835431647008435,0.15634961746444417,0.33333333333333331,0
4,2017-11-29,3144,30.275635709174054,209.70896399158775,4.3959608861565966,14.481177999227308,0.3433807909823931,1.1311652866136002,0.29913033360001751,0.13410784189230832,0.66666666666666663,0.33333333333333331
4,2017-11-30,3145,24.594805683060958,80.231773151522333,4.9087650112612664,8.1294072208701582,0.3854697876839504,0.63837663205231132,0.23557312963912302,0.12270669713747757,0.66666666666666663,0
4,2017-12-04,3146,10.973387059004089,113.98365899190158,2.9446768684069107,10.342920374724372,0.23254180434390825,0.81678278249422498,0.098895665716198344,0.03347572564766594,0,0
4,2017-12-05,3147,287.53051543557956,51.340018405839146,15.351008684007789,5.6334430396358739,1.2147668500441393,0.44578958927244394,0.034775490594643813,0.024564147019350835,0,0
4,2017-12-06,3148,173.53390491819982,88.053024666607271,12.506458366984438,8.5334430396358893,0.99653054717007461,0.67995562068811866,0.068941988770195861,0.1690781077288134,0,0.33333333333333331
4,2017-12-07,3149,166.31302973099196,48.086785196692752,10.914361459404441,5.3514464255153298,0.87269511529240329,0.42789320957224874,0.0070823578876791499,0.023006688486164193,0,0
4,2017-12-08,3150,92.4400061645416,94.113207565205798,9.4068812754186037,9.2888848670562911,0.75427023817653083,0.7448089537791196,0.012196840767004209,0.020769226513687452,0,0
4,2017-12-11,3151,99.263710934588985,26.657008761349488,8.8298687845371351,4.8544221712149165,0.71156973040028493,0.39120172223506455,0.045141025956721176,0.036797194613521156,0,0
4,2017-12-12,3152,215.63689497324518,54.85503109612376,12.61473929931617,7.1387614767485656,1.0151482154521521,0.57447885380023056,0.0097713162717466204,0.0077161376902132378,0,0
4,2017-12-13,3153,450.799338912172,231.00025546981882,19.693249890745999,15.078008273274841,1.5742006307550758,1.2052764407094199,0.51123934201112198,0.38218216217088563,1,1
4,2017-12-14,3154,410.80255670534081,265.16299340424615,19.488752144811162,16.273979506142496,1.5533837194971436,1.2971448673794435,0.02433698519266379,0.0027100382235268235,0,0
4,2017-12-15,3155,589.61123325243432,349.22496393159037,23.735504653760625,18.297508805579202,1.8828736041377621,1.4514920518466765,0.080060061831600388,0.064187802419187742,0,0
4,2017-12-18,3156,226.00691499664109,151.23460354228186,13.975389087899279,9.6674481586586953,1.1088498502716928,0.76704472239129584,0.012068397148838506,0.02328291933331984,0,0
4,2017-12-19,3157,216.70850084181802,34.817861208287823,13.965679268831158,5.362528037796058,1.1043991355684755,0.42406611346297557,0.088309984815096484,0.232545815781281,0,0.33333333333333331
4,2017-12-20,3158,265.1714885847328,10.818828778281443,14.38261764450211,2.6710909717752052,1.1373704198728489,0.21122857710451978,0.060818110174085206,0.1324436129251749,0,0.33333333333333331
4,2017-12-21,3159,354.86357621235652,28.00222496395256,16.983230196616507,4.2047708836673037,1.3393186543603572,0.33159346111488536,0.11790622721065984,0.1090437414563286,0,0
4,2017-12-22,3160,529.06493988867226,76.113782728766409,20.456803421597062,8.4050743887084227,1.5989372691571877,0.65695438398533879,0.22520719210985515,0.27477604243132825,0.33333333333333331,0.33333333333333331
4,2017-12-27,3161,501.50289143983628,180.84025345911436,21.491448512964627,13.29746229363036,1.6647132852799869,1.0300125711564958,0.046085589693397766,0.01879667708434149,0,0
4,2017-12-28,3162,1194.9930774457866,573.52296683065867,34.401674623251893,23.722501351826622,2.6170920215482614,1.8046786878529189,0.02122072919187477,0.0011679397060128109,0,0
4,2018-01-04,3163,371.63329600863511,113.52733895936198,18.125555495733426,10.561908568935223,1.3825747899110166,0.80563757200116115,0.00073250071182456595,0.0038980051714142196,0,0
4,2018-01-09,3164,160.06643730617526,43.265239773429123,11.500507546736648,6.3444561945052556,0.871415612558185,0.48073166846033383,0.49746237792651682,0.44847055398573649,0.66666666666666663,0.66666666666666663
4,2018-01-10,3165,173.70774117071392,40.400142248256962,9.4443685198372496,6.0553918789049321,0.71383307659100181,0.45768428093457786,0.017292431867408389,0.032781402473242724,0,0
4,2018-01-11,3166,388.54202608738069,131.4329987193307,17.080908473762367,11.286778876010052,1.2805719139155354,0.84618052074896377,0.010412786832839057,0.024024307120651126,0,0
4,2018-01-16,3167,321.86293073780394,95.990602520979095,14.938428934204088,9.7046502456773851,1.1184388825069507,0.72658632468666084,0.013576719263290354,0.0090475003949558805,0,0
4,2018-01-17,3168,231.87601160723895,15.437211006818709,12.661822800067588,3.4720225989015794,0.95044458790478814,0.26062322465857823,0.052603717194917791,0.014071742074446362,0,0
4,2018-01-18,3169,217.85478828488306,24.260246398901113,10.810821505743357,4.9069153657540783,0.81125780472334974,0.36822117407729843,0.3812988436161357,0.30620051950779009,0.66666666666666663,0.66666666666666663
4,2018-01-22,3170,247.37658908797664,25.210065244182925,12.680206392738986,4.6720225989016244,0.9509679310588709,0.3503841757088364,0.0072468252984250062,0.0080206791281173129,0,0
4,2018-01-23,3171,1162.7575723774387,626.98418275958659,32.382691063746734,24.972022598901578,2.3921615619226366,1.8447235428013282,0.00095065185063827569,0.0051302974296019571,0,0
4,2018-01-24,3172,226.66949031943489,248.88266012479502,12.491185437367145,15.620354440086507,0.92950741804272397,1.1623584804916105,0.00077610515101635862,0.013637326084311412,0,0
4,2018-01-29,3173,419.82273405467731,282.78790444898272,17.316243411072566,16.670354440086687,1.2875487702485364,1.2395237147807781,0.82736568218450968,0.65564964159562167,1,1
4,2018-01-30,3174,472.57356383757315,342.70113050945378,18.181817981564866,18.13936280699545,1.3517577771506539,1.3486013759336419,0.0033042756857486321,0.0011328015057039114,0,0
4,2018-01-31,3175,380.59539142131894,177.03088792436247,17.647904555375515,13.120354440086507,1.31568230181351,0.97814548328821749,0.0030926641892418671,0.0069151599521911321,0,0
4,2018-02-01,3176,44.385073905886735,28.898750309882619,5.3640395234698799,5.2046502456773851,0.40296281587123001,0.39098901293448401,0.55956651267441504,0.13839523788390806,0.66666666666666663,0
4,2018-02-02,3177,361.09586656186769,76.767431856145251,15.944957808640615,8.7286897268303765,1.1956327091062249,0.6545208253472089,0.46263144504788301,0.13178782836569383,0.66666666666666663,0
4,2018-02-05,3178,367.68945410127048,31.563575432721311,15.213976341653202,5.4546502456773851,1.1427051480887187,0.4096928230191817,0.001777049977760707,0.00069025500329575849,0,0
4,2018-02-06,3179,225.18703416595358,3.4882971160766125,12.017048702117336,1.4238954200959597,0.90718670608216012,0.10749219945615518,0.65673180592576907,0.60276188381501106,1,1
4,2018-02-07,3180,227.53774315369006,54.639536082158848,12.920257422883196,7.1132211239898124,0.98219296992536353,0.54074431745712959,0.20504760608589645,0.27552467684856619,0,0.33333333333333331
4,2018-02-08,3181,105.80346199736272,16.616925074251586,7.4583473821686157,3.7322604535649284,0.56756315213215258,0.28401647162049531,0.68813118647047933,0.62573185916407337,1,1
4,2018-02-09,3182,906.39011769494198,377.7950300806433,29.474747041562068,19.335140106124754,2.2057808824368248,1.4469702605144814,0.42146679736350151,0.32486853427139062,0.66666666666666663,0.66666666666666663
4,2018-02-14,3183,374.87153571521321,66.156927807319406,15.412547662102574,7.7200861110472188,1.1602776122334155,0.58117861339610943,0.042376651664017946,0.001053350722915943,0,0
4,2018-02-22,3184,470.72874476517126,16.492415841579902,17.961347895338651,4.0259385384126745,1.3525620614735985,0.30316943698276849,0.36523317973753849,0.23582541003066593,0.66666666666666663,0.33333333333333331
4,2018-02-23,3185,726.76301175717151,33.22596702180175,18.061877793791457,5.2707614876608959,1.3544715255936601,0.39525770436152202,0.35933448609988122,0.3885863351992907,1,0.66666666666666663
4,2018-02-26,3186,366.70239668807216,2.9848893083565051,14.4615907509996,1.5355877152891633,1.090823364208908,0.11582784954095139,0.015645162921520708,0.0077378572238323206,0,0
4,2018-02-27,3187,145.90074124552402,14.48953463070128,10.790310437391705,2.9836612766618296,0.81878138159818692,0.22640370881828967,0.24593736165640445,0.20960004946395916,0.66666666666666663,0.66666666666666663
4,2018-02-28,3188,79.183169151858237,162.57546811155942,8.7032969738483335,12.569483410827919,0.66551687813789584,0.9611533864139109,0.028115428214336814,0.048207203838063706,0,0
4,2018-03-01,3189,277.33259262003043,51.935532826287222,16.10040885525973,6.9944561945053465,1.219358441022397,0.5297225230615985,0.080218229368146834,0.1667694142597882,0,0
4,2018-03-05,3190,721.74007219943849,213.76667105123582,25.665547243048575,14.485140106124845,1.9277112245041739,1.0879630543882264,0.085336224625995452,0.15394570874805888,0,0.33333333333333331
4,2018-03-06,3191,408.34038580563453,83.471608640521751,16.462547662102754,8.7700861110473998,1.2383441900182603,0.65970258094233492,0.024068785091286727,0.05505452797926047,0,0
4,2018-03-07,3192,316.01053435647145,10.891885615700444,15.040820796390259,3.0818187063030869,1.1385935500673929,0.23329437595027155,0.053651334470981978,0.081290529006991727,0,0
4,2018-03-08,3193,218.28977647329188,4.662244453281879,12.022211533626887,2.0058061475783688,0.91035980112273862,0.15188597210195129,0.2757817743218185,0.12973013908166209,0.33333333333333331,0
4,2018-03-09,3194,119.61851421315772,8.9432384511771108,9.1877826419121593,2.6181389473066852,0.69649263858637456,0.19847166336706859,0.2372729701526726,0.11369471762734039,0.66666666666666663,0
4,2018-03-12,3195,212.53923468041842,37.996247215274934,13.418353603978554,5.8351401061247543,1.0144285468893257,0.44113703316006458,0.060768524358853049,0.017794034063573157,0,0
4,2018-03-13,3196,285.04480506883823,93.269132135224595,16.311765030513623,9.4495863408294554,1.2324252979119505,0.71395763974382953,0.30937177898524798,0.3904899193416751,0.66666666666666663,0.66666666666666663
4,2018-03-14,3197,142.34022808033831,3.8684269901972641,9.6709516012506356,1.4434058937944581,0.73334230151663593,0.10945257962422429,0.0290202883522509,0.043427503616467689,0,0
4,2018-03-15,3198,109.13212319182601,115.21934728871099,9.8686620094743684,10.450165661733005,0.75327547587774735,0.7976616793934056,0.16136032417506027,0.29252152755020561,0,0.66666666666666663
4,2018-03-16,3199,45.964892376828431,4.0242337142016833,6.483840850237736,1.7514374337223064,0.4940445634134209,0.13345301994226658,0.041304496022245646,0.083088415065959279,0,0
4,2018-03-19,3200,29.770137996161846,8.7997563695871523,5.0838408502376451,2.4055438054947444,0.3877834363262887,0.18348923001485465,0.21793606869025076,0.33997260746090435,0,0.66666666666666663
4,2018-03-20,3201,712.55383744131871,346.23428511219089,26.260832185173133,17.95167777137226,1.9757613651712098,1.3506133823400113,0.23049667734614432,0.16090530167211167,0.66666666666666663,0.33333333333333331
4,2018-03-22,3202,1322.3862780745815,867.6765232594804,35.26440199431795,29.401644491195764,2.618773354694635,2.1833985215502572,0.0087809535054885774,0.080580008448141768,0,0
4,2018-03-23,3203,539.2584087207,180.23357467561121,19.646811328416032,13.220761487660942,1.4645951267968265,0.98555753011002578,0.0005723731951455185,0.00032345123212804936,0,0
4,2018-03-27,3204,263.38167610716795,17.235722306269498,13.256589091203599,3.7220225989015794,0.99490330528001791,0.27933675551814918,0.35827501987722271,0.22962317957831421,0.66666666666666663,0.33333333333333331
4,2018-03-28,3205,560.16997076883445,32.701390873036139,19.264578000750969,5.2207614876609414,1.4447169373243067,0.39152285332490466,0.3736943528373935,0.15696303570753614,0.66666666666666663,0.33333333333333331
4,2018-04-03,3206,520.47189467741259,87.723754328023745,17.252009219427162,9.0707614876608513,1.2900627547616212,0.6782892012009909,0.0064359155511345299,0.0058096673172283947,0,0
4,2018-04-04,3207,380.56676451792737,23.829163126107364,12.310729973633215,4.7556542545135772,0.92426367158175715,0.35704450276013194,0.028664635631263657,0.025797343426119713,0,0
4,2018-04-09,3208,869.81359035957212,200.72722915655004,25.289339706221579,13.969766825512428,1.8887441432631222,1.0433374528931199,0.30722045224870781,0.25885756860731995,0.66666666666666663,0.66666666666666663
4,2018-04-10,3209,1232.026789435515,598.44598747860107,31.951987845905705,24.425946347957659,2.3654997479848756,1.8083247342556106,0.023929966084587362,0.10068734799640304,0,0
4,2018-04-11,3210,534.41731136620808,162.69772456671419,19.348437090908874,12.622022598901443,1.4424599911215472,0.94099396868091423,0.0010115011790148263,0.0015613785077625627,0,0
4,2018-04-12,3211,576.64607799620273,244.78950137008545,20.616347792069366,15.470761487660942,1.5342969258070527,1.151355323931007,0.14783138763308054,0.27958781896260582,0,0.66666666666666663
4,2018-04-13,3212,877.42195218902873,428.65008614913722,26.333152581920178,20.622022598901442,1.9515435270256181,1.5282930743618366,0.0060637926496358843,0.058630937884968697,0,0
4,2018-04-16,3213,426.29687159371525,182.19325846506635,19.207902268440268,13.372022598901443,1.4311826442470956,0.99635068913653557,0.017447306447778633,0.011914324483531051,0,0
4,2018-04-17,3214,956.261968773278,544.64880442882998,28.366347792069366,23.220761487660941,2.0989565127876997,1.7182109206896994,0.51537110528595365,0.49165828530653394,1,0.66666666666666663
4,2018-04-18,3215,476.31380072065969,419.83852730561676,20.039967033647674,20.370354440086505,1.4859830219225623,1.5104815690409692,0.13911104058981602,0.18130837273077563,0.33333333333333331,0.33333333333333331
4,2018-04-19,3216,299.70868449211235,77.483627075568165,17.081657272205046,8.5203544400865976,1.2778498052893246,0.63739326277064501,0.41721896590265323,0.34863515633535541,0.66666666666666663,0.33333333333333331
4,2018-04-20,3217,139.24032754443354,20.883955648841624,10.831613253770533,3.9292385123391491,0.81791235020543163,0.29670305160002636,0.22043139651151303,0.091984863531394109,0.33333333333333331,0
4,2018-04-23,3218,368.35704008820153,74.127013918366615,15.592271627293181,8.2200861110472179,1.1733658145985764,0.61858645528443523,0.085249849777222317,0.052561523845819302,0,0
4,2018-04-24,3219,242.49162015319862,5.6160024167154852,12.670468386761589,1.9730165891721754,0.95868561167946031,0.14928434828980253,0.020388516794513336,0.035518107738519773,0,0
4,2018-04-25,3220,213.09709930669445,5.7482400632450101,11.449163784496477,2.2235940690097777,0.86690117244616305,0.16836481176722781,0.1971808728674945,0.12143310654305668,0.33333333333333331,0
4,2018-04-26,3221,37.943712745102879,101.99264074512286,5.7287603643381617,9.9004136591704537,0.43925474347018567,0.75911774721441905,0.096560721153235454,0.11193263602327902,0,0.33333333333333331
4,2018-05-02,3222,105.02985221077678,49.328541857942135,7.2373544473477223,6.8055438054948354,0.55390742747189059,0.52085900853320355,0.19968336490318886,0.03256082385361047,0.33333333333333331,0
4,2018-05-08,3223,709.8663143816849,160.8057495863554,24.789682484004135,12.34463585927862,1.8867970075734777,0.93957726218964288,0.24171033406571465,0.22722694647197159,0.33333333333333331,0.33333333333333331
4,2018-05-09,3224,197.06910999197297,51.604858899700552,12.597875841196734,7.0773119494149341,0.95525294519235171,0.53664785785675873,0.18017126601772046,0.17567623338778329,0.33333333333333331,0.33333333333333331
4,2018-05-10,3225,394.8744954381346,160.96552153820517,18.368284958837119,12.627311949414889,1.3869660557131513,0.95347241661304716,0.12902422207402295,0.059254299736360351,0.33333333333333331,0
4,2018-05-11,3226,219.98736114753481,12.562434599750828,11.605860458999663,2.9351401061246634,0.87933177702009047,0.22238436989996313,0.26263959419359978,0.11399357938944293,0.33333333333333331,0.33333333333333331
4,2018-05-14,3227,192.75089009461615,484.20847132535101,11.009281751473509,21.914859893875246,0.85013758698637132,1.6922671732722199,0.1548847742549169,0.095843293449228248,0.33333333333333331,0
4,2018-05-15,3228,97.356576870562193,268.31362080240029,8.650812914785547,16.097073334908753,0.66995646968329503,1.2466271701768636,0.0026664430381909934,0.011994307054774507,0,0
4,2018-05-16,3229,105.84850319508466,36.003449763506644,7.4547956529989579,5.9583731817386552,0.5781152115547854,0.46206849024727842,0.025401022118085505,0.082991516754543637,0,0
4,2018-05-17,3230,220.0463896699182,43.976738926960543,13.6439764300848,5.771975455409347,1.0590682628335637,0.44803038542337559,0.018717058664482443,0.079902875239509022,0,0
4,2018-05-18,3231,254.21906707007008,27.443359264994246,13.615658795695254,4.438025000785653,1.0568291842818531,0.34447355150274794,0.22321673446444432,0.042223889626120115,0.66666666666666663,0
4,2018-05-21,3232,405.37916730768347,154.27397245969121,18.954714918534211,11.765901039814556,1.4658918772309046,0.90993395768257657,0.12433439269511957,0.30851631587675504,0,0.33333333333333331
4,2018-05-22,3233,214.1725134679956,16.335784067604052,11.934212213357796,3.3710208528455041,0.92585044323954968,0.26152217632626101,0.2502188620896828,0.31010050601678341,0.66666666666666663,0.66666666666666663
4,2018-05-23,3234,638.79604330376094,161.92088557379847,24.151016862876606,12.220898871428895,1.8508653763173246,0.93657499876835626,0.0058957042671138535,0.017388791953634995,0,0
4,2018-05-24,3235,374.0637258823092,66.899481615879196,19.047576403979367,8.1609004815884418,1.4612640125799283,0.62607598631288386,0.25539070702575278,0.2045972086255248,0.33333333333333331,0.33333333333333331
4,2018-05-25,3236,296.8732460714312,27.975890492561238,16.745228126795762,5.2416268182613903,1.2874012552314722,0.40298507098188585,0.15377214240543938,0.099243785443050417,0,0
4,2018-05-30,3237,488.50867738122878,75.047244549278687,21.31363149153314,8.4211147401060007,1.6327905536088512,0.64512312713877507,0.098107540739434715,0.044363365098304387,0.33333333333333331,0
4,2018-05-31,3238,71.98900692109811,56.099769004128525,6.5650346038476073,6.9053641407213791,0.50710911508169376,0.53339750816633547,0.39332677081856865,0.3380920027261049,0.66666666666666663,0.66666666666666663
4,2018-06-01,3239,114.66302350217545,0.28698699700503455,9.6883111257466226,0.34275191343878458,0.74787225487256348,0.026458135276451009,0.044008195757771117,0.034201654882598832,0,0
4,2018-06-04,3240,60.342507847097274,12.788957370557322,6.2883111257465316,3.5662039595150268,0.48669255259057559,0.2760112967389054,0.39330220589845366,0.10786735767462234,0.66666666666666663,0
4,2018-06-05,3241,571.53657867128641,149.06059041779756,22.498591034143676,12.170959443848005,1.7305277312624934,0.93615563755465014,0.049417835396680355,0.08011469074101786,0,0
4,2018-06-06,3242,209.32683102686761,61.690824005778296,13.801857537695772,7.1304228710108264,1.0639319743839486,0.54965680254467741,0.08597883312712902,0.084995126985366001,0,0
4,2018-06-07,3243,239.82011178790549,71.55836935629199,14.732056277680385,7.8576933414409114,1.1347626634069237,0.60525271260858171,0.14914893474018526,0.13826160643420712,0,0.33333333333333331
4,2018-06-08,3244,212.29850584586862,15.062323845066912,13.838311125746486,3.8551610660315418,1.0648131060131185,0.29664212573342125,0.32116538451890314,0.237860015045782,0.66666666666666663,0.33333333333333331
4,2018-06-11,3245,189.44746656821576,10.626199659120141,13.043775811243981,3.1822655071351469,1.0044104116770478,0.24504412329227629,0.19802418764502649,0.20619915696736935,0.66666666666666663,0.33333333333333331
4,2018-06-12,3246,148.0868527438146,0.96487212344440776,11.697576403979459,0.83196159385526391,0.90248631747710206,0.064187138360163862,0.22105596669180097,0.061039467083619063,0.33333333333333331,0
4,2018-06-13,3247,341.16454751634404,53.530776817627022,18.142111718482056,7.2822655071350555,1.3926011681813131,0.55899178715294995,0.15453157847965801,0.092036271067896122,0.33333333333333331,0
4,2018-06-14,3248,19.801373084669667,139.5418508712051,4.305850681312374,11.703987913970801,0.33502047705212012,0.91063901295240612,0.20905220447806883,0.22859859597600432,0.33333333333333331,0.33333333333333331
4,2018-06-15,3249,13.044479469097878,102.25051097181255,3.4473999607315968,9.4062385385214693,0.27014065436912565,0.73707938240187032,0.03712741226436047,0.15076267790338693,0,0.33333333333333331
4,2018-06-19,3250,47.449480756236234,12.975517071256055,6.6387921405475181,2.461280256462866,0.52101649195946609,0.19316278892347091,0.010436820559320997,0.1824586328622235,0,0.33333333333333331
4,2018-06-20,3251,38.538067449756362,25.105441250854394,5.887361747255075,4.4475362882699301,0.46498138034633141,0.3512645648833021,0.024960335285202983,0.050140154784231609,0,0
4,2018-06-21,3252,564.51597125931403,212.96555912663788,22.657881686202927,12.877616825170813,1.7852800446127663,1.0146646830690473,0.0046621113606032877,0.032613783501225152,0,0
4,2018-06-22,3253,397.36882692433011,105.60704473076102,19.173801227437405,9.2381314787390547,1.511295123152629,0.72815728531087365,0.095679284090482888,0.19083058995541302,0,0.66666666666666663
4,2018-06-25,3254,159.95862537526662,15.389275024573649,11.12051602373981,3.4029691685675516,0.88237054857889474,0.27001262941899168,0.15724493803835216,0.067210044868627403,0.33333333333333331,0
4,2018-06-26,3255,223.39494736569489,22.832622612005135,14.818063128591271,4.25542545448684,1.1810986074120258,0.33918583249536427,0.0041782648065554822,0.01629256791618577,0,0
4,2018-06-27,3256,194.52933996629622,113.62163589761293,13.304649254243259,9.0730104065638297,1.0630537536848914,0.72494190456344765,0.0030834719953483961,0.016692868576814079,0,0
4,2018-06-28,3257,364.99226664338562,151.27392706469584,18.111648743446114,12.154876903008622,1.448410471705875,0.97204021776229543,0.0027718393330013989,0.011295433811919567,0,0
4,2018-06-29,3258,334.52701701031009,119.90303851553536,18.001056981946856,10.843342827426492,1.4426235760495958,0.8689968606688967,0.0065382346151742462,0.0084932753382926263,0,0
4,2018-07-02,3259,647.57502381069571,326.28033255964544,24.823936355785161,17.88572007420559,1.9831385145424534,1.4288572058482594,0.0055341288603687243,0.066772802243641058,0,0
4,2018-07-03,3260,643.36678252089041,317.97065553266276,24.995242883951505,17.790488467201083,1.9908596482637597,1.4170042586380791,0.28342165680088788,0.069986579838846943,0.33333333333333331,0
4,2018-07-05,3261,443.7717391339765,169.92142084088383,19.44361226857556,11.097201033719935,1.5488598612797675,0.88399259439359035,0.27925074344667211,0.13322041748082461,0.33333333333333331,0
4,2018-07-06,3262,440.62557746862711,257.17495028182765,20.873186405830285,13.292670083936931,1.6539112084172807,1.0532601785933151,0.078978179824712794,0.12445739581771004,0,0
4,2018-07-09,3263,258.30912020975904,90.101955540315473,15.998448563814463,9.1249846961172043,1.2757933463966877,0.72767023095033545,0.26599022257200328,0.17616129943706416,0.33333333333333331,0.33333333333333331
4,2018-07-10,3264,108.86426004840241,33.209267725386496,10.341059451950287,5.1709384347220748,0.82635923381415111,0.41321227702749513,0.046041471824860368,0.17260650916930884,0,0.33333333333333331
4,2018-07-11,3265,216.56388620722251,30.919337113204097,13.059841087102996,4.8187014942547348,1.0482254664983541,0.38676470778190336,0.030881659895901335,0.19742571888957594,0,0.33333333333333331
4,2018-07-12,3266,108.91855640433054,14.753811352229485,8.4559644025237812,3.0627757462567993,0.68099898546539261,0.24665988131245867,0.03250214885465183,0.13676595057151777,0,0
4,2018-07-13,3267,9.9105995773536506,22.98132177313121,2.6789717173674794,4.6510883390243025,0.2173078940109896,0.37727841815576763,0.013647817056603383,0.051611745364472029,0,0
4,2018-07-17,3268,18.933038448839259,23.651328852961601,3.5687274449457314,3.9362311788640909,0.29144364597351829,0.3214562008055607,0.0027288521520797688,0.023312650046595565,0,0
4,2018-07-18,3269,36.116306256266292,22.728901207609095,4.9114595391301918,4.3206196144543201,0.4033887346827803,0.35486178099086857,0.014318702345772261,0.029615263014165834,0,0
4,2018-07-19,3270,236.79105519341954,155.19035691687967,12.073797203264121,11.42046857564128,0.98260811420257343,0.92943793087619786,0.0023872935088967138,0.0036763688832390485,0,0
4,2018-07-20,3271,34.095301828308259,2.6251382110497423,4.7222849682546739,1.5959147440926245,0.38550838550591243,0.13028407233704431,0.28180121196422925,0.08080207904077065,0.66666666666666663,0
4,2018-07-23,3272,54.459245552711032,18.441821810749961,5.4422371651426902,4.025982882308881,0.44305264502321745,0.32775535330393463,0.052902138720263503,0.085018709692720129,0,0
4,2018-07-24,3273,140.72097962072158,51.711381839255203,9.3184176870981137,7.0882196447995893,0.75667216297995232,0.57557609783187891,0.5912298084492158,0.42909721048842453,1,1
4,2018-07-25,3274,23.466922368607886,16.35887728841141,4.2349561618530815,3.2322335285341524,0.3447959423450504,0.26315762495698369,0.47150074741169323,0.14412052673040701,0.66666666666666663,0.33333333333333331
4,2018-07-26,3275,7.7389885464289279,4.1783060667022838,1.8083293432058933,2.0434341423998981,0.14774536077502295,0.16695405387474146,0.10719785538463568,0.22509204886771259,0,0.33333333333333331
4,2018-07-27,3276,18.567799816847586,3.3499205951181552,3.8391873655449067,1.720100329836896,0.31371035835470718,0.14055403904534206,0.017475333104868901,0.08657604533789108,0,0
4,2018-07-30,3277,14.211051529089934,13.452447333983551,3.4915035574542039,3.4617803552003656,0.28596613763497308,0.28353170524594501,0.06531876534857177,0.097028686934899536,0,0
4,2018-07-31,3278,54.09090031060159,30.57844191157292,6.7056183015880224,5.324017117691028,0.55009173926070731,0.43675283984339847,0.038959726722304654,0.15141068519388387,0,0.33333333333333331
4,2018-08-01,3279,120.60522607066673,62.205663270803342,10.688732404752349,6.4882564813491781,0.87940535643196738,0.53381516980124055,0.014099561314426431,0.27918507870557957,0,0.33333333333333331
4,2018-08-02,3280,50.627701540004743,26.69593421237548,5.6511840489243541,4.5826196964636283,0.46462090347154117,0.37676721996741169,0.016351481233831781,0.13503311386125896,0,0
4,2018-08-03,3281,23.702421237555807,16.422782530214494,4.8632619235809971,4.0232938494774162,0.40203876522804088,0.33259983048629077,0.62310206142746061,0.25014190488986404,1,0.33333333333333331
4,2018-08-06,3282,88.497194596438035,36.290341088672278,6.4725815347191356,5.3374250275315562,0.53388720540430867,0.44025446674075619,0.0083495722177918518,0.02408273631673678,0,0
4,2018-08-07,3283,74.412986845948794,21.822685680598251,7.6339484043602779,4.6488295555493551,0.63113954812618556,0.38434372746470635,0.67739848663791624,0.3742845965912866,1,0.66666666666666663
4,2018-08-08,3284,167.69714702777648,206.78389210508496,12.115281576485586,13.957447367805267,0.99763517592931361,1.1493286699444389,0.0078386628534286972,0.022973956074718343,0,0
4,2018-08-10,3285,131.04126322737429,123.31615704136489,10.493465819417375,10.883077404763375,0.87420050980275565,0.90665867495008745,0.50871921854315949,0.20668325665787277,0.66666666666666663,0.33333333333333331
4,2018-08-13,3286,67.027941930512256,28.550631420764873,7.8599328719223349,4.4612348018849843,0.65663599598348654,0.37270132012405882,0.0083420041260110541,0.019307983531010819,0,0
4,2018-08-14,3287,24.067231497597458,19.735990457885659,4.693328349309847,4.3671656283613629,0.39760490929429398,0.36997336736372094,0.042848135622685156,0.19230111399899183,0,0.33333333333333331
4,2018-08-16,3288,51.417271945896907,26.156166131716134,4.5993946886265649,4.065383737130408,0.38834759054557905,0.34325864289529351,7.0416643627046636e-05,0.0013962959353829901,0,0
4,2018-08-20,3289,201.43112527047023,44.04925342330327,10.288296090663835,6.3009268029179566,0.86387305014180571,0.52906728266660707,0.62153699598472023,0.55829999292121968,1,1
4,2018-08-21,3290,47.575451504520366,35.47411383992393,6.0127984475291969,5.9264451792801083,0.50428133077780835,0.49703905558603667,0.21945488402490257,0.065755549321910051,0.33333333333333331,0
4,2018-08-23,3291,84.943615249551286,124.61451992997603,8.5299258300490237,10.692998855001784,0.71219218753018476,0.8927944272356837,0.22850765242616519,0.17840884975952179,0.33333333333333331,0.33333333333333331
4,2018-08-24,3292,178.15122762719739,253.95707740850276,12.784153376015032,15.331949463053888,1.0545806043320296,1.2647514508602919,0.052145060086447904,0.059359745600608575,0,0
4,2018-08-28,3293,6.1638315121342844,0.57768892728289278,2.0211296657600237,0.48424729409028561,0.16784003203454775,0.04021319499171945,0.078857817804138683,0.11788249825809693,0,0.33333333333333331
4,2018-08-29,3294,70.475007690435604,119.29485701913906,8.286756340425578,10.243378069095115,0.69212029904164185,0.85553980364947113,0.039848545076936859,0.10989552590287689,0,0.33333333333333331
4,2018-08-30,3295,59.201603221560276,2.4945807260614541,6.3919710497625601,1.5255700208441947,0.53157894712982323,0.12687180513486587,0.024966218851836443,0.061756100285362214,0,0
4,2018-08-31,3296,258.22105779471309,101.53795281523161,13.265854741894524,9.8333854595539378,1.113982007968638,0.82574509464281309,0.24392405934809228,0.036465618020586614,0.33333333333333331,0
4,2018-09-04,3297,30.569713296386372,5.5486197459397024,4.5260638248502501,1.9728465682055685,0.3782120685928177,0.16485723808854086,0.060746130073051276,0.14322088632499777,0,0.33333333333333331
4,2018-09-05,3298,80.320085633915994,26.422636453087858,7.5028264183919573,4.3378623501941247,0.62256369899115926,0.35994377050110971,0.235722855548399,0.15313620911150364,0.33333333333333331,0.33333333333333331
4,2018-09-06,3299,101.76074417632469,24.040267072351806,8.8003474955526908,4.8634507684027239,0.73403515685650922,0.40565941850051906,0.00396914261854283,0.012283417669598813,0,0
4,2018-09-07,3300,132.22799300519094,24.343946549755088,10.348196252088201,4.3053813753692793,0.8647999542109478,0.35980121806529164,0.38670819422645336,0.32788329346054557,0.66666666666666663,0.33333333333333331
4,2018-09-10,3301,254.98127380452127,159.3888763972387,14.297427953615093,12.4755498722346,1.2016159981186785,1.0484976990574106,0.29724618410787762,0.098824534168864511,0.66666666666666663,0
4,2018-09-11,3302,129.41018987614407,35.237139883533565,9.9470789731547793,5.2576499231812095,0.8319738184304768,0.43974990993486207,0.11018232974484343,0.11314396708708384,0.33333333333333331,0.33333333333333331
4,2018-09-12,3303,86.183793517238954,5.4800803269381868,9.0088977864180233,2.1494011039990255,0.7495235065034338,0.17882616614659722,0.15219283554591503,0.033105695155954656,0,0
4,2018-09-14,3304,91.267135159153824,10.585876114477548,8.5950476985271962,3.193312037623476,0.71613461910741505,0.2660649923032391,0.054285837264037684,0.10732378007994696,0,0.33333333333333331
4,2018-09-18,3305,63.598359185768778,0.37457381218855718,7.5617143651938932,0.49386632478748044,0.62841472327714565,0.041042659751307282,0.50492085585918234,0.34758573536866444,0.66666666666666663,1
4,2018-09-19,3306,108.12032233298835,23.546732557063024,8.9831520882025107,4.8187129070515766,0.74940786587157004,0.40199490339964766,0.057916964531709525,0.11546494557842135,0,0
4,2018-09-21,3307,70.995137105248602,2.9469699519327848,7.9164854215358291,1.6187129070515311,0.65866423342506275,0.13467949971308188,0.29668911244828128,0.15112272069073135,0.33333333333333331,0.33333333333333331
4,2018-09-25,3308,138.3966934537932,86.235777429822903,11.223508002615214,9.2687129070516221,0.93979552041994674,0.77611161038740806,0.1303220428253162,0.050148869411264001,0.33333333333333331,0
4,2018-09-26,3309,474.91498271233758,324.14791242813084,20.57625354465813,17.993312037623429,1.7358067778520441,1.5179105818815106,0.40035810604079397,0.27990675852441899,0.66666666666666663,0.33333333333333331
4,2018-09-27,3310,143.776808530208,47.292778757021502,10.205428185627929,6.2994664872685462,0.85958544414638249,0.53059309221044815,0.40160294801699403,0.39778074041840156,0.66666666666666663,0.66666666666666663
4,2018-09-28,3311,319.04764217662688,198.8103887554189,15.561382122951045,13.484227486401778,1.3125875857577534,1.1373815938932799,0.071852017473297433,0.064382514477495989,0,0
4,2018-10-09,3312,78.810286432158023,10.916165951277831,7.682020805839632,3.1092990276591386,0.6463083296180071,0.26159338950522787,0.22674608522262765,0.29491009046774919,0.33333333333333331,0.66666666666666663
4,2018-10-10,3313,82.221665529912869,104.07318743413163,8.3986676572609067,9.9438474021684069,0.69666688708563773,0.8248390694843355,0.10408494932480143,0.089759476701554861,0,0
4,2018-10-11,3314,214.5589660837139,354.74877866864972,14.293529484309525,18.43210097009425,1.1718409087361776,1.5111376077142242,0.04694712953616495,0.0067607530678491902,0,0
4,2018-10-12,3315,105.78654594914741,118.21154605884129,9.9497466714663769,10.500836023048501,0.80895537798011119,0.8537612116792147,0.0082731361697661737,0.0019188087070575257,0,0
4,2018-10-15,3316,89.069208324654753,19.003755278496541,8.9937250348505131,4.3254958643359105,0.73078126552779021,0.35146630895717162,0.052486099945289667,0.0056717837339115241,0,0
4,2018-10-16,3317,15.202122220704474,35.617611121549643,3.5221099227042791,5.8261317485459285,0.28657173611360637,0.47403537273063984,0.015630961463191758,0.099786329383492509,0,0.33333333333333331
4,2018-10-17,3318,28.050324802981283,56.999521264403462,4.046187724030915,7.368232905297873,0.32953436690401233,0.60009226740219679,0.21587910456690426,0.11890305071526013,0.33333333333333331,0
4,2018-10-19,3319,53.388132909848856,159.83288972691969,6.2035933843810653,12.576131748545928,0.50753443380357244,1.028890759105451,0.23915144196783489,0.245687374178573,0.33333333333333331,0.66666666666666663
4,2018-10-22,3320,47.548753605994563,8.5901553561679833,4.6712321610694589,2.6983776495540801,0.37794669372300332,0.21832417569918525,0.41656437476679836,0.43121569797366793,0.66666666666666663,0.66666666666666663
4,2018-10-23,3321,19.332319958532747,24.501063575794532,3.7818232865737778,4.6682329052978275,0.3073278848136019,0.37936149732215901,0.065899078764816488,0.0068459778060486033,0,0
4,2018-10-24,3322,34.305954190555553,77.825738903354832,5.6336588967996404,7.4307364204544228,0.45772334228141376,0.60373224085590049,0.66379978613944635,0.47465061592757457,1,0.66666666666666663
4,2018-10-25,3323,52.537746147899213,21.067974219706294,6.9662532208556813,4.4650074236824366,0.56459482277875606,0.36187603223101972,0.028478842311136485,0.00062053357410956202,0,0
4,2018-10-26,3324,26.770686083625396,22.229447123145619,4.450017736588431,4.4182329052978275,0.36155490222525438,0.35897244924421745,0.0018740551738261595,0.015767754070138435,0,0
4,2018-10-29,3325,68.248738777778911,82.656747160496437,7.6454392201177752,9.034739332723726,0.62391376041437685,0.73728899402021586,0.37063379569266136,0.26667962115092492,1,0.66666666666666663
4,2018-10-30,3326,288.23846951030123,380.68529921442405,16.22239027056882,19.484739332723773,1.3352311017382459,1.6037482474771612,0.31724181867995038,0.22082648939181829,0.66666666666666663,0.33333333333333331
4,2018-10-31,3327,71.485070011307073,11.285609458954795,7.5751257415819664,2.7670925330433724,0.61528861158932424,0.22475673419513234,0.23146267910345933,0.24968161902718822,0.33333333333333331,0.33333333333333331
4,2018-11-01,3328,32.928073880773987,6.4812401019993473,5.2066964020801452,2.3347393327239083,0.42258716030193533,0.18949268182159798,0.011886039106930322,0.0035952458632594231,0,0
4,2018-11-02,3329,31.476952737527736,5.8033183021817765,5.0621375227913177,2.1847393327238174,0.41080442465338346,0.17729676061869082,0.037109188445114454,0.011106398915764358,0,0
4,2018-11-05,3330,384.1989371971531,535.1982158637561,19.340157193276202,22.964517998817502,1.5965128936169883,1.8957006768051432,0.06374088557306308,0.069219532300864112,0,0
4,2018-11-09,3331,398.71752066288974,434.7871731632581,18.128002903362205,20.796760186125614,1.5037122395058029,1.7250848314981226,0.15698043144765952,0.070980952240123782,0.33333333333333331,0
4,2018-11-12,3332,316.00197710462908,401.9697989394943,17.216588629954533,19.234647895418146,1.4322093527954858,1.6000871720670615,0.074263925448437781,0.13151162814270542,0,0
4,2018-11-13,3333,33.131765925436504,27.363377585600904,4.9508922630279057,4.3158689732870998,0.41145998446107668,0.3586843110980345,0.054445338205030717,0.054856239010244827,0,0
4,2018-11-14,3334,91.541506380503549,84.534320071327926,7.4059775254791775,8.8893376784236207,0.61112988616406139,0.73353448681137279,0.27113373840582367,0.46119477142851251,0.66666666666666663,1
4,2018-11-15,3335,68.811377576043682,33.905946810461757,6.7215517006807204,5.7884802197342351,0.54986515875987563,0.47353404938925348,0.036185317601456858,0.013160021678100068,0,0
4,2018-11-16,3336,32.800809365802444,13.304958553032415,5.4348060493703088,3.3625086267986717,0.4448924401907588,0.27525447174186901,0.038928214503224479,0.053752754051574092,0,0
4,2018-11-19,3337,52.93835921327576,5.8499343979957779,6.2701512174652025,1.9867669965035475,0.51268611753599369,0.1624502858956294,0.4108835219805777,0.30383531521522994,0.66666666666666663,0.33333333333333331
4,2018-11-20,3338,111.79339107187333,73.340383227912199,9.9218616382957716,8.1603173899241792,0.8110071635030055,0.6670195675922983,0.11534912394996381,0.15406113912924305,0,0.33333333333333331
4,2018-11-26,3339,59.639822034885299,85.644218486955864,7.5785965882412256,8.4776492331003883,0.62058602917140726,0.69420645537998593,0.21054632437868206,0.218104743320366,0.33333333333333331,0.66666666666666663
4,2018-11-27,3340,178.2498107840631,184.46135726425686,10.888632723564418,13.535257339137766,0.89747642477349421,1.1156198095312397,0.30779636017895767,0.23560929697335384,0.66666666666666663,0.33333333333333331
4,2018-11-28,3341,47.325724293480484,9.4677258123891068,5.2907774540808532,2.5967268241731745,0.43145993509323982,0.2117616166502079,0.075864035451170278,0.14681663540133746,0,0
4,2018-11-29,3342,59.233490613013593,56.656313651685373,7.2462931017979981,7.5005881658271392,0.59515363654864251,0.61603943705204223,0.045738232188334497,0.033673599023082208,0,0
4,2018-11-30,3343,103.05827595392856,27.301859734716544,7.9514261456725608,4.9012835954243501,0.64629977612554346,0.39838117495117858,0.077404231208869093,0.062496839202587501,0,0
4,2018-12-03,3344,72.488289356850956,48.311896558829595,6.9394678896140549,6.7899544557794043,0.5594991445306825,0.54744452598398807,0.11006383219927225,0.067911276888491953,0.33333333333333331,0
4,2018-12-04,3345,152.02799409044988,29.491059247056011,10.284364985680213,5.0184861488915731,0.8276821846750807,0.40388605278593004,0.028950799332203684,0.00024016720379885551,0,0
4,2018-12-06,3346,54.895719360840694,44.544827558930194,6.2710098669146346,6.0903191682351308,0.50438428914297717,0.48985113554533344,0.0080022203148779371,0.013153132972219005,0,0
4,2018-12-07,3347,57.319962554386876,23.777018969166523,6.9543432002479522,4.0403191682351762,0.55842479626193064,0.32443242206891049,0.054959687766035291,0.035644656520043859,0,0
4,2018-12-10,3348,70.777959822462918,27.737277153354356,8.3362377038558098,4.5443969969251912,0.66941602054571681,0.36492387351844463,0.0088279513628272618,0.0044264638400869074,0,0
4,2018-12-11,3349,63.746272817439099,23.849819856121311,6.9600803789283718,4.0943969969251457,0.55870603081905457,0.32866923515353369,0.63829574083860396,0.52791460757289255,1,1
4,2018-12-12,3350,18.938192063224538,51.546678643988237,3.0574077117222109,6.6403191682350853,0.24601953021301237,0.53432461623295791,0.0050345660243024185,0.0042317198442478124,0,0
4,2018-12-13,3351,53.350762634920578,204.58340233387005,5.8666367091497404,14.040319168235177,0.47489672636497682,1.1365458508305482,0.3905125025850717,0.35904343717734594,0.33333333333333331,0.33333333333333331
4,2018-12-14,3352,52.674772789713423,57.316140874161697,6.9148578182291658,6.6330535988222437,0.55690877608256473,0.53421282960755789,0.49251064738582911,0.13869737279760536,0.66666666666666663,0.33333333333333331
4,2018-12-17,3353,61.293392327006067,17.002912549519404,7.2710098669146346,3.0903191682351312,0.58340767607435084,0.24795949355974736,0.013096472928817488,0.0068771019894444457,0,0
4,2018-12-18,3354,174.66429522361284,11.471195132069946,12.094666494588333,3.0613890179530849,0.96371844578393084,0.24393537991658046,0.087061752369640741,0.0072165414923253081,0,0
4,2018-12-19,3355,140.27632876804907,2.9687958813931181,10.779223156639622,1.5072631260068192,0.85566367585946601,0.11964779726190271,0.00094396609708352586,0.0012761266986121979,0,0
4,2018-12-20,3356,163.77443557450775,35.007250535346536,9.1981883565522367,4.907007490865908,0.73108837233654456,0.39001768396978959,0.00064491673525006834,0.00056148251624068158,0,0
4,2018-12-21,3357,258.08109202006409,25.691040728186053,14.073158304911658,3.8469230701302877,1.1098705287785218,0.3033851001680038,0.46480331030253225,0.34252694147765644,1,0.33333333333333331
4,2018-12-27,3358,295.5574464308429,76.983972948151177,16.247785454439281,7.8962932277597702,1.2703507001125318,0.61738023672867637,0.010354503905982519,0.00072988001810514317,0,0
4,2018-12-28,3359,100.49531657026576,2.6574564397634619,8.5424484820275666,1.4542592509128554,0.66743093069986459,0.1136228807651266,0.015989291535459405,0.0006091718097195909,0,0
4,2019-01-04,3360,209.76842602180423,47.964924659791727,9.8282561416106091,5.6608547902587816,0.76058320241530797,0.43807884153062848,0.01628390094391537,0.024512113720168222,0,0
4,2019-01-07,3361,34.381444606569438,81.04219600818908,4.6403442215920832,8.9995759619218916,0.36070925582743851,0.69956671164226292,0.10733677844793366,0.067135974355425246,0.33333333333333331,0
4,2019-01-08,3362,74.509461832060765,123.09151572932342,7.0646859404945799,10.547728569109495,0.54824506755351388,0.8185417172985795,0.11883709174951275,0.2957432944200909,0.33333333333333331,0.33333333333333331
4,2019-01-09,3363,26.805291556131067,13.22811531279566,3.483996292430144,3.5677344928648531,0.26968002882809383,0.27616181537772683,0.039832223871340784,0.12530674541761536,0,0.33333333333333331
4,2019-01-10,3364,51.964360982280475,42.860160263418578,5.8057653070489623,6.5083731817386097,0.45042595190263102,0.50493604730506292,0.0019774876642580153,0.001810902003388932,0,0
4,2019-01-11,3365,94.039367990714993,63.622142298940076,7.7675928051568617,7.310616010997971,0.60009215120185888,0.56478801073840934,0.71908672986219058,0.35683433430394257,1,0.66666666666666663
4,2019-01-15,3366,100.12656552882224,98.736729545134111,7.9392628996805188,9.4106160109981065,0.61435138123349997,0.72820676398654405,0.0089624174003582278,0.026082342784313307,0,0
4,2019-01-16,3367,96.010001567589427,131.41070078032604,8.3069420640636817,11.010616010998016,0.64359975703600225,0.85307321693639226,0.34060091981862678,0.45492777235246712,0.33333333333333331,0.66666666666666663
4,2019-01-17,3368,46.040205713896391,273.24204713809013,6.0820158413853278,16.443343301341503,0.47360347620194115,1.2804347688320747,0.83261043573321913,0.46135899876761793,1,1
4,2019-01-18,3369,55.157137675104458,186.1333480142525,7.413526975346258,13.635477622842169,0.57823313121802189,1.063526840561748,0.44520703425312758,0.38769423918826734,0.66666666666666663,1
4,2019-01-22,3370,25.843357334791602,170.09977567335105,4.804961498076409,12.648758440748983,0.3754462805185505,0.98833868110243639,0.3412977765321315,0.27450266136855422,0.66666666666666663,0.66666666666666663
4,2019-01-23,3371,22.873204475635514,98.029935165194999,3.1960017366476072,9.237115755307892,0.24896796265853449,0.71956966232826147,0.74843985023771875,0.45201759479464093,1,1
4,2019-01-24,3372,267.06540249015001,18.461849144856846,11.312080071278388,3.2627342865269688,0.87426231326056014,0.25216278588198232,0.013147563733507124,0.0035336146664144458,0,0
4,2019-01-25,3373,421.68280991759656,51.049671531730432,20.233883211624288,7.1387266936629503,1.5538826718599459,0.54822614089490063,0.002420580465133841,0.08231193821185466,0,0
4,2019-01-28,3374,327.00686533329866,50.560414965440636,16.600707866397823,6.9066566986584048,1.269604058460313,0.52821358255197925,0.0015040384735657286,0.0057498912663113307,0,0
4,2019-01-29,3375,170.98035971403738,11.59598310761641,9.1422177348377627,2.2364356296539731,0.69750650300127892,0.17062910121721009,0.018474369464093154,0.015702657675633298,0,0
4,2019-01-30,3376,137.01787145802925,31.044381764968566,10.450507546736693,5.294456194505301,0.7924855954149308,0.40149057363352547,0.0058975163123859177,0.041969751778366537,0,0
4,2019-02-01,3377,73.258939696148545,14.610843980576639,5.736647561572302,3.4055438054947444,0.43791202760093911,0.25996517599196522,0.002934429300587025,0.12297620405664232,0,0.33333333333333331
4,2019-02-12,3378,107.65536679008092,3.3797986698061258,7.8959094418254763,1.6181041003890186,0.60145562475818692,0.12325594914602518,0.47489322005956325,0.32205354726503893,1,0.66666666666666663
4,2019-02-13,3379,89.93846689220949,62.92873447166221,7.7199824608075387,7.5127668038426236,0.58866006792539094,0.572859567947129,0.045795917207092397,0.12437445349811165,0,0.33333333333333331
4,2019-02-14,3380,96.703189007059962,12.900720128595202,8.3005075467366023,3.1444561945052101,0.63047415948779773,0.23884062090351374,0.34617453067387155,0.37851719060559369,0.66666666666666663,0.66666666666666663
4,2019-02-15,3381,1095.7826461511552,544.245698254084,32.479939115040985,23.199834338267085,2.4171117480960729,1.7264992995919692,0.0040937593103742027,0.0015283388713180442,0,0
4,2019-02-20,3382,236.21662671520176,79.501748564079989,12.115194275916187,8.686778876010143,0.91006154185285892,0.65252799068620793,0.00020882092932586395,0.045415749648181569,0,0
4,2019-02-21,3383,280.41072590793527,16.042766805346911,14.47510770149332,3.9749423391213745,1.0891319138853557,0.29908147467148521,0.53558269485911081,0.3569764643814195,1,0.33333333333333331
4,2019-02-22,3384,290.42630543502872,27.867820260745749,13.504247605285324,5.1046502456772487,1.0145559975421903,0.38350552163158774,0.28749614597072803,0.40203306827652824,0.66666666666666663,0.66666666666666663
4,2019-02-25,3385,260.41721853535972,0.60933752734580093,11.009896700245386,0.6240173810275943,0.83090424514134475,0.047093874270978026,0.010831378127863805,0.017781616109788251,0,0
4,2019-02-26,3386,327.18937123528104,0.88565884177822696,10.803089112382773,0.83262027784970394,0.81665261461108785,0.062941397577178357,0.42595945501314564,0.35080817454974283,0.66666666666666663,0.66666666666666663
4,2019-02-27,3387,177.47294408454607,8.7473433640500371,9.0755671527576087,2.2159021335517082,0.6879859873977644,0.16797954239864366,0.58428297231175375,0.43719707580463768,1,0.66666666666666663
4,2019-02-28,3388,91.315783467138047,29.180442536566545,7.3568713233150902,5.0446081210949769,0.56075851391555254,0.38451222387247808,0.73241461463254132,0.35246063734814598,1,0.66666666666666663
4,2019-03-01,3389,368.24892080774981,1105.6143797542197,18.658104341021197,33.194608121095065,1.453349769514036,2.5856526032945215,0.25555084392051869,0.24575117662170079,0.33333333333333331,0.66666666666666663
4,2019-03-05,3390,59.993757304125211,88.946744484793882,6.5527387122082628,9.4290164363143649,0.50960366389612033,0.73329054215611189,0.02236086736402081,0.020602030416707124,0,0
4,2019-03-06,3391,150.80485516727697,4.8472953399901213,10.10542368874288,2.1406832415930239,0.78623073902924456,0.16655125197175943,0.060294099351363983,0.034621385332578275,0,0
4,2019-03-07,3392,359.37012179556615,54.13588777861073,18.415279567361569,6.4289625383544262,1.4201102423259355,0.49577501741695978,0.43550677811980193,0.60128656749827203,0.66666666666666663,0.66666666666666663
4,2019-03-08,3393,146.04329972778839,7.0026212617276826,11.001195474432128,2.5890995184115582,0.85099172109318333,0.20027843886378327,0.089828930860775522,0.044345959992412663,0,0
4,2019-03-11,3394,243.92847530817949,3.0029500362872401,14.400182976715618,1.5822655071350102,1.1102257412370855,0.12198955376701055,0.18430993604840284,0.22704684843999776,0,0.33333333333333331
4,2019-03-12,3395,488.02109488687103,74.724005553102316,20.837079859811865,8.5167027880572732,1.5943287700227142,0.65164717763168234,0.025595111178894545,0.0045003420144615744,0,0
4,2019-03-13,3396,183.04672235031899,113.44982241051791,12.105653344989074,9.7213434401278391,0.93440263555934366,0.75036420362995171,0.11199404716457861,0.077505779417695889,0,0
4,2019-03-14,3397,416.68542782825699,11.348710425333628,17.740039019375747,3.0619085689352232,1.3609542784331223,0.23489900797354993,0.079535134287219367,0.16539395130601137,0,0.33333333333333331
4,2019-03-15,3398,307.8400701832112,29.811815351616531,11.057776058655691,5.4428319929878244,0.84694975939458417,0.41688357789428804,0.27883775654314941,0.24862386798135705,0.66666666666666663,0.33333333333333331
4,2019-03-18,3399,247.68192058887007,9.5020075603268364,9.7198353262124328,3.0599762380780553,0.74327715272711103,0.23399680646004858,0.026376972620165782,0.03178177885371946,0,0
4,2019-03-19,3400,91.537693657321427,57.221570402295278,6.5288814061138964,7.5639632334615881,0.50079630329937075,0.58019200993032038,0.030811879484739291,0.062716400257216587,0,0
4,2019-03-20,3401,219.35449923420174,0.28452736167896492,12.184002210179946,0.33480672883585311,0.92915444293296312,0.025532428035983615,0.24741083792193888,0.18280746354990693,0.33333333333333331,0
4,2019-03-22,3402,465.43155252286692,57.725155255817647,19.200875453408269,7.5341084555579227,1.4551078362629888,0.57096043769147986,0.040795338479504811,0.023679493319140547,0,0
4,2019-03-25,3403,103.80964810014302,11.390992031342597,8.1597614698921461,2.8944561945052101,0.61990134998800772,0.21989335216175721,0.018684527625637378,0.0466857498661725,0,0
4,2019-03-26,3404,63.060836995233814,56.94367908149394,7.3144463898642398,7.2946081210949769,0.55848258302391685,0.55696786448003177,0.29493690264630973,0.27967298185679496,0.33333333333333331,0.33333333333333331
4,2019-03-27,3405,145.88038779085102,477.65651335718456,9.2326195807520435,21.764859893875155,0.71286102619403502,1.6804895103945607,0.14370780068310965,0.13567698335554138,0,0
4,2019-03-28,3406,78.928265554430865,104.75432420544466,6.5429906087993004,10.138091431064822,0.50709064626825551,0.78571583593465266,0.033803659097737221,0.092519715361718255,0,0
4,2019-04-02,3407,79.044683360687387,25.67704534210419,6.4600873664897636,5.017734492864899,0.50060733592853379,0.38883602563949776,0.056284639138806325,0.065571051065437341,0,0
4,2019-04-03,3408,116.28022203888982,111.49107696325241,9.9624042624783069,9.7873100721186947,0.77640215582576511,0.76275650330192857,0.074833152759916075,0.10901804157092211,0,0
4,2019-04-04,3409,682.35602992409133,331.96789847224136,24.567076152559064,17.571168942897049,1.8897750886583893,1.3516283802228501,0.096065770821447349,0.053218271230026565,0,0
4,2019-04-08,3410,571.36164240397829,101.62902412312887,21.085767265785687,8.7249059734254697,1.6182476796458702,0.66960137938798692,0.0010003380906686591,0.014769041716369996,0,0
4,2019-04-09,3411,433.70969726252662,109.24410241979217,20.14246091203616,10.448088004789193,1.5429515425359959,0.80034378986473576,0.10700585589019283,0.13930339234527214,0.33333333333333331,0.33333333333333331
4,2019-04-10,3412,218.58510298297998,60.823590049686949,11.357215963028088,6.4713434401278391,0.87443917177610775,0.49825557746595628,0.08944801575236945,0.19237605839496899,0.33333333333333331,0.33333333333333331
4,2019-04-11,3413,123.05238899265959,39.649592756926076,7.3555980577334594,6.1380914310648222,0.56830704301425172,0.47424024036659373,0.29394772975505529,0.050537206730697115,0.66666666666666663,0
4,2019-04-12,3414,26.108648987281338,92.940224270029944,4.9807215035524832,9.6383777474404724,0.38740882071734006,0.74968908703305492,0.058033128111995957,0.070628900066305011,0,0
4,2019-04-15,3415,121.49430988241812,129.82027836816061,10.666263639517032,11.363412771162984,0.83568485442997853,0.89030538419422467,0.037319232278773783,0.089921152642935875,0,0
4,2019-04-16,3416,57.820947174039418,13.84185502721626,6.9718801883139649,3.4603448530090191,0.54651408546789726,0.27125067437556,0.011422887935588238,0.051245431196699338,0,0
4,2019-04-18,3417,13.321975448867006,81.375255169597395,2.9600648706782522,8.5835098114684261,0.23316777240474615,0.67613310842602814,0.17425256841760642,0.072330778470780732,0.33333333333333331,0
4,2019-04-23,3418,349.68036383127992,53.470867222302616,16.633402725589502,5.665970209830296,1.3080173574167027,0.44556050877445025,0.070325366173630818,0.0046966610029352271,0,0
4,2019-04-24,3419,458.34537477433452,91.120394703448326,19.66390587481169,9.303522391398019,1.5352830945355784,0.72638369701733441,0.30258504866648545,0.31347018699297247,0.66666666666666663,0.66666666666666663
4,2019-04-25,3420,649.36411841201652,140.78667969539035,23.721695520827854,11.401354603172649,1.847196349542739,0.88781767662144906,0.015232389743148103,0.11297730983554587,0,0
4,2019-04-26,3421,120.20878538918743,4.6329938016595502,9.7002009528112776,1.8821245488779823,0.75711840093750205,0.1469032585761772,0.14291239651958068,0.076004097464730955,0.33333333333333331,0
4,2019-05-07,3422,236.63886526138268,36.93688203885452,14.177476304926055,5.9933947967602608,1.103133855036263,0.46633946442267821,0.14118783723181871,0.091825001792000885,0.33333333333333331,0
4,2019-05-08,3423,212.90094113940071,32.278399263427723,12.819036525897824,4.9792070660378158,0.99673715309057054,0.38715551403761889,0.24552959829068863,0.24831405149776731,0.33333333333333331,0.33333333333333331
4,2019-05-09,3424,228.01995581702514,41.194531113026692,13.459187875843631,5.3125403993711489,1.0456986928633074,0.41275273089667852,0.19186821921696418,0.2103510565962303,0.33333333333333331,0.33333333333333331
4,2019-05-10,3425,409.24271074490463,81.811963133004937,18.864747769388487,8.9294595480399348,1.4560626558651195,0.68921422877739535,0.41089598162807928,0.24917495752227678,0.66666666666666663,0.66666666666666663
4,2019-05-13,3426,233.98280962502588,7.2499372865921776,13.399640034445762,2.6551610660317237,1.0320117093688972,0.20449484488845684,0.086175415212732753,0.076438280251574744,0,0
4,2019-05-14,3427,232.02341590162837,16.875884758968287,14.194317323060355,4.0980880047890578,1.0926269973874494,0.3154559313978183,0.017892542856653579,0.074317536064064341,0,0
4,2019-05-15,3428,93.572332085026702,68.580672105019744,7.7631233224556127,7.6441832195694133,0.60100048946780305,0.59179246106444328,0.072033080908629102,0.15017210615287793,0,0.33333333333333331
4,2019-05-16,3429,56.338176967423976,145.47142955489448,7.3449120851757925,11.532379418940991,0.57346284237787259,0.90040438936141409,0.18257552195200358,0.094447874704201851,0.33333333333333331,0
4,2019-05-17,3430,104.61730807061504,265.65113107706821,9.2106071241285772,16.290683241592887,0.72458853196936446,1.2815704866925923,0.055479578677174651,0.04211992242040441,0,0
4,2019-05-21,3431,70.497130419898397,14.292557328130263,7.2389743430522531,2.7808355818499422,0.56829756186624703,0.21831021995995778,0.0054497177569343275,0.011865777678023992,0,0
4,2019-05-22,3432,426.49149000142393,62.375810195649365,18.498639888000906,7.8079316671428387,1.4410968634753167,0.60826016960564322,0.26739282852324503,0.19537920308709456,0.66666666666666663,0.33333333333333331
4,2019-05-23,3433,126.47180339340628,23.769043990538623,10.758763866414029,4.1211819278467674,0.83888997009076249,0.32133972146953355,0.012848148226492828,0.02377512594013859,0,0
4,2019-05-24,3434,76.806630565880411,6.3945322007330248,7.7514858934842623,2.3604547185320066,0.60639019740939248,0.18465577083094786,0.34544424520280609,0.23200433749109781,0.66666666666666663,0.33333333333333331
4,2019-05-28,3435,178.80833991663144,32.078503487864722,12.589088107290005,5.0070796252757646,0.98225631859634088,0.39067449188747044,0.077293949627841585,0.049628935433159237,0,0
4,2019-05-29,3436,157.11592601639103,25.558592012478261,11.720420726903967,4.3070796252757191,0.91497878347351314,0.33624104182643499,0.44388661531783175,0.36842902578969255,1,0.33333333333333331
4,2019-05-30,3437,2179.245608079364,1643.7829489199019,46.185839407300058,40.457079625275583,3.5066311902892764,3.0716786595760066,0.16082232289160944,0.20610619292084439,0.33333333333333331,0.66666666666666663
4,2019-06-03,3438,1414.9905226500734,828.91819362443437,37.142680889615725,28.782265507135055,2.8048088268541238,2.1734767232120107,0.078760306928321991,0.032667460933067972,0,0
4,2019-06-04,3439,933.95242397280606,552.46571498811761,29.577358416486959,23.484108455557969,2.2147029888795928,1.7584506518575791,0.0051457427759437346,0.0022412760686914644,0,0
4,2019-06-06,3440,444.1830660973344,24.009292856340227,17.010252621680365,4.6929583984553274,1.2803140615445106,0.35322583158628085,0.0056184533788281093,0.0018973845076445471,0,0
4,2019-06-10,3441,225.99018207119028,2.1398506296244482,11.993264149419096,1.3013006783411736,0.90563045755637661,0.098263284628949135,0.40295991359449818,0.36649872190954752,0.66666666666666663,0.66666666666666663
4,2019-06-11,3442,455.14477482103649,73.268980844755177,17.611129945491939,8.4429583984553265,1.3218095804774976,0.63368922568809449,0.44807360738175089,0.41156843729062098,1,0.66666666666666663
4,2019-06-12,3443,700.97584926904403,145.81648547379237,23.009994752030405,11.992958398455508,1.7224339211041546,0.89774372321697049,0.075972257097370197,0.23564746358660435,0,0.33333333333333331
4,2019-06-13,3444,1176.8532602442913,653.17816273703295,33.218600387772163,25.508397633386341,2.4583608057555715,1.8877630070961215,0.0092997331651643138,0.027922931764460635,0,0
4,2019-06-14,3445,595.84738525465616,185.3305737630233,21.482719927942298,13.606915365754125,1.6016342300709983,1.0144572702418642,0.096567156519445738,0.044534484916117494,0,0
4,2019-06-17,3446,556.14523214044164,186.69376529959746,18.326899122148159,13.656915365754079,1.3663025401385289,1.0181470433335131,0.32845233356801479,0.58446144446091985,0.33333333333333331,1
4,2019-06-18,3447,655.54559022686442,342.69614916832626,23.947734618811864,18.476203450362011,1.7817592067863448,1.3746663777658579,0.11716462124465919,0.0184146209982303,0.33333333333333331,0
4,2019-06-19,3448,2949.4778928574456,2869.3113368832442,53.230444106316099,53.554243198102995,3.8586766296713377,3.8821488363974623,0.010273475671838528,0.049750031369453461,0,0
4,2019-06-20,3449,3703.3058033486213,4421.1201175171855,57.619112758402935,66.487845133881748,4.1240462912645697,4.758819391896485,0.00014057687783776621,0.00011436265106615212,0,0
4,2019-06-21,3450,1915.2448069201535,2300.2805727830032,34.614190852657885,47.933362274432135,2.4624166502566611,3.409928311476996,0.00031153730513665772,0.00041612904852658298,0,0
4,2019-06-24,3451,5247.3012339695515,5424.5453936888216,67.187184713324015,73.633362274432173,4.6938091877409533,5.1441499423244501,0.0019334713635532118,0.0028994964925431344,0,0
4,2019-06-25,3452,356.05517282881442,43.909770678935637,14.390163352493119,4.2490814133101749,1.0249769117485037,0.30265190450587087,0.0018857257762699784,0.0045079414260375218,0,0
4,2019-06-26,3453,854.77094375852073,125.02357794522777,24.85971969381588,8.0236258603340502,1.7725290334271575,0.57209453549618894,0.11228644769842187,0.12181756919550367,0,0
4,2019-06-27,3454,1141.1080343431595,787.35826879610261,24.835068967933392,24.569508387515043,1.762602481755386,1.7437550310514578,0.17849507288865593,0.12006216900265054,0.33333333333333331,0
4,2019-06-28,3455,529.90150493821477,936.93572226345043,19.888122951275438,30.508703313044862,1.4306972844597829,2.1947128489349592,0.038985619831973885,0.023327843381955985,0,0
4,2019-07-01,3456,1954.9241052967282,1385.8091343493197,37.648086643827583,36.778046183132652,2.7064510005986544,2.6439054083701268,0.44708690647655808,0.33849183257716725,0.66666666666666663,0.33333333333333331
4,2019-07-02,3457,3768.9498579452029,3582.0518258164025,49.788975686246353,59.606728058859666,3.5223895073396783,4.2169598909699095,0.0065146120185662097,0.00419772380108207,0,0
4,2019-07-03,3458,1408.413604179673,1104.6912397092144,31.245967503266758,33.195168096575344,2.250096676863627,2.3904632626345976,8.5794200194208635e-05,0.00055864739999320751,0,0
4,2019-07-05,3459,3591.7410766364519,1794.7869153093518,50.706534329733735,42.333362274431998,3.6216366209366289,3.0235956199151488,0.2171394827397306,0.068628107954205472,0.66666666666666663,0
4,2019-07-08,3460,1582.4550681515582,1168.2707039165748,33.825254917563448,34.162044150159012,2.4307610159579927,2.454963468805218,0.068895003181357564,0.0069372487769435512,0,0
4,2019-07-09,3461,5520.434796600347,3396.6502903447622,64.259349580470598,57.895407807295214,4.5629020507328413,4.1110138327980694,0.42326542682542295,0.46678822087168043,1,0.66666666666666663
4,2019-07-10,3462,3390.4017755300652,3136.8102054013557,50.584233779800719,55.983362274432089,3.5780183044951883,3.9599195242745946,0.056059771093524752,0.0054731580394817318,0,0
4,2019-07-11,3463,2519.8573178806787,2365.3045931716274,43.615271098061008,48.508236760309956,3.0985557756508246,3.4461662944238385,0.046070892948487228,0.0058572121850300335,0,0
4,2019-07-12,3464,221.21318943017926,646.13255744636785,12.587769146455003,18.512967571430408,0.89284456831967962,1.3131161167096081,0.32441748735169101,0.47485385459762325,0.66666666666666663,1
4,2019-07-16,3465,222.30762621334702,218.02545937051445,13.226240769000318,12.165577517250162,0.93779847335769972,0.86259279733755179,0.097422396012057585,0.021344029624030505,0,0
4,2019-07-17,3466,328.47124226155773,588.82678354440259,16.38846109823271,20.603901653088467,1.1561932412594949,1.4535893084827303,0.090573599928689727,0.079734146080514198,0,0
4,2019-07-18,3467,1458.8132681850773,1948.4780186991868,36.928127440911261,41.875170906870153,2.5649876669383387,2.9086039387976768,0.052252108986649788,0.029016594072700765,0,0
4,2019-07-19,3468,632.51360084671433,608.96250052488324,23.196413727292565,23.999593103403793,1.6246831537238711,1.6809380566208223,0.012395139035551894,0.00072822100706442959,0,0
4,2019-07-22,3469,885.9787119411634,161.63203807708078,28.437092441439745,10.76448444131241,1.9948155056953281,0.75511097059467647,0.49686174860269389,0.55824335079388543,0.66666666666666663,1
4,2019-07-23,3470,1309.2934002396726,368.7143633245455,31.680525147133419,18.332087099900036,2.2201566380835644,1.2847042363012042,0.29904138985924883,0.39984973679763042,0.66666666666666663,0.66666666666666663
4,2019-07-24,3471,590.31079498988117,149.44792254849074,21.223509861054936,11.510372376937843,1.4987295996790435,0.8128220024671875,0.14735151618006967,0.026519079573909393,0.33333333333333331,0
4,2019-07-25,3472,1018.2071770165152,234.94039248002795,30.571723408224369,14.410297450563652,2.1523319774869307,1.0145238982373732,0.18747206691090657,0.1020714393567544,0,0
4,2019-07-26,3473,722.51191421560895,837.0668617172513,23.187965043834691,27.848731849859934,1.6340484862291456,1.9624912335618854,0.041300517476956677,0.16091964256263144,0,0.33333333333333331
4,2019-07-29,3474,935.55195949876963,632.76376410271507,27.085810458236438,24.525172921831501,1.8995589072330763,1.7199784642563645,0.59499180491181525,0.36884291658413892,1,0.33333333333333331
4,2019-07-30,3475,1479.4461592118184,664.65445708297659,36.374591466250116,24.146727693113689,2.5480432535638067,1.6914803469660391,0.16487749501320803,0.0062399654448104134,0,0
4,2019-07-31,3476,1390.009033946938,1977.8093754096747,30.737709350765954,44.383653304101621,2.1849381113709092,3.1549369707209003,0.095832074380442819,0.033063196740730751,0,0
4,2019-08-01,3477,2412.1096319109784,948.67527037971558,44.439683249157042,29.315019255014096,3.0823432113165974,2.0332942087750374,0.20669266680695034,0.20025494002134861,0.33333333333333331,0
4,2019-08-02,3478,3498.0102475656277,4183.6338262418776,57.604852650827524,63.926476537842596,3.9314009657619877,4.3628375047154124,0.063870019939160236,0.0099733792519747164,0,0
4,2019-08-05,3479,1918.7090665272142,2052.4329891150292,35.727373234945084,45.195404526445905,2.4383124541849575,3.0844841853912919,0.011247221672192819,0.022275488254304115,0,0
4,2019-08-06,3480,4325.8933359689981,4237.0224973354334,63.660730571492728,62.686546715448081,4.2269998055504621,4.1623151100858591,0.19974735915986577,0.13592831038875478,0.33333333333333331,0
4,2019-08-07,3481,1194.1871274302903,1095.9588924269174,34.259705644147971,30.792786988405776,2.2904700413938137,2.0586854078827197,0.0095989010819461269,0.0083332456636007416,0,0
4,2019-08-08,3482,1475.4237954584084,1729.7947360596738,38.295417382495692,41.133676931891308,2.5569484798354605,2.7464563618809716,0.61385566199726871,0.51024571802801832,1,1
4,2019-08-09,3483,1789.3024061570547,1787.8718837643253,42.210415748982236,41.833676931891354,2.8170325513202239,2.7918898112580983,0.017160997124127549,0.093936732534328174,0,0
4,2019-08-13,3484,3416.3830472125305,3250.8545886414881,57.745065778124626,56.683676931891263,3.815963375392343,3.7458236862310437,0.099947119828468212,0.15899374004228398,0,0.33333333333333331
4,2019-08-14,3485,3236.5868016632262,3481.589296369053,56.275388950593346,58.683676931891263,3.7139342650119347,3.8728709408936655,0.12415866684648609,0.16069660718756479,0,0.33333333333333331
4,2019-08-16,3486,1598.5039190368764,1111.30013960015,35.01149358700733,32.516278675111913,2.3394022174934741,2.1726766454037096,0.040825122681795674,0.40974260501448728,0,1
4,2019-08-19,3487,1246.3977338491666,728.81013005071918,35.043710554849589,26.874449979909361,2.3291821843640683,1.7862118227981367,0.23242868273646242,0.29928885121086241,0.33333333333333331,1
4,2019-08-20,3488,373.18699532728778,60.294516852118853,17.923449630443201,7.5833591517020977,1.1923132965536805,0.50446427085994339,0.020327240250639141,0.012660432959850044,0,0
4,2019-08-21,3489,622.46183710988942,180.56418762245025,23.725181760404592,12.3254234974789,1.5795201065480236,0.82057344945101018,0.17686639221253506,0.20086062452274378,0,0.33333333333333331
4,2019-08-22,3490,103.99614938814217,76.177508441075574,10.152992778921998,8.4660340729615964,0.67515579059196684,0.56297606549817769,0.42749970825355255,0.33855815325310101,0.66666666666666663,0.33333333333333331
4,2019-08-23,3491,1357.274667510877,432.33022198741827,36.581762643004517,20.683965927038496,2.3863637198215546,1.349291622495091,0.024842384175977103,0.0050883461921770387,0,0
4,2019-08-27,3492,1053.0493377516702,239.55271101267167,27.863777899170145,13.842623080820204,1.8126908824233254,0.9005382090765508,0.00011245498670324577,0.00016531883747128816,0,0
4,2019-08-28,3493,1149.604611143583,286.80266339224323,30.473798386100572,14.237422142287642,1.9785611210297736,0.92438788094323099,0.02737651817643354,0.04940248247936771,0,0
4,2019-08-29,3494,434.02187027173392,125.23677771558471,14.267563190947081,9.2586421753462673,0.93349667567044514,0.60577350008808339,0.091093908780535734,0.10425230794461221,0,0.33333333333333331
4,2019-08-30,3495,1022.8543102863583,57.234713537366012,26.078486265629333,6.1086421753463283,1.6957756780979505,0.39721963620290207,0.34784835180216489,0.45242594735094305,0.33333333333333331,0.66666666666666663
4,2019-09-03,3496,1310.4080880162799,143.89283211193433,31.83177180374302,9.3770071863374742,2.0588430116902541,0.60649422329328473,0.095629347029330861,0.072001387049693763,0,0
4,2019-09-04,3497,407.1234690311087,52.485545632912284,13.695894040741981,6.45328315576982,0.89568334580746745,0.42203146659929502,0.048417460106816336,0.17107868433421614,0,0.33333333333333331
4,2019-09-05,3498,394.32622827462836,151.34100371522311,14.294849372441528,11.853283155769683,0.93816692081390884,0.77792762064511933,0.35393294900344147,0.33640590622753624,1,0.66666666666666663
4,2019-09-06,3499,301.24943483136491,538.63825507699846,16.645905111377868,22.758827867218468,1.1029621727655623,1.5080060871467313,0.56340778805833924,0.64232293296458487,1,1
4,2019-09-09,3500,223.51620965031236,459.03708716532429,13.265101334401757,21.28316656981254,0.88988705158164283,1.4277775849335888,0.23315787432435595,0.21695759766558065,0.33333333333333331,0.33333333333333331
4,2019-09-11,3501,273.58771582501436,24.477745291899339,15.184770966045866,3.8369868881049265,1.0021628145489616,0.25323303115792811,0.30512115332283113,0.24549012636836062,0.33333333333333331,0.33333333333333331
4,2019-09-12,3502,112.23311202623184,107.85202428914592,9.8305435286893808,10.166034072961642,0.65445333391181559,0.67678810152197866,0.065585109857858093,0.024463998776375655,0,0
4,2019-09-17,3503,47.269880834572525,71.598506102021702,6.3885341035775882,7.8637077269283209,0.42491081500349775,0.52302678596131169,0.3810066899084556,0.37065186752093177,0.66666666666666663,1
4,2019-09-18,3504,30.526856488203872,138.27691969343536,5.4552007702442706,11.566034072961505,0.36351041315681148,0.77070927386962784,0.045840118035718212,0.016863556629123793,0,0
4,2019-09-19,3505,47.917595243052851,111.95843791832681,6.5626934492083064,10.36603407296146,0.43695941468861482,0.69019469158808577,0.31730748554975885,0.28524711293447808,0.66666666666666663,0.33333333333333331
4,2019-09-20,3506,554.09728011183142,74.794660182272082,22.130678864021245,8.38396592703854,1.4553433639575999,0.55134093493167657,0.073194506728571473,0.098373149789103928,0,0.33333333333333331
4,2019-09-24,3507,885.2016974780164,276.22490820029344,27.611726399255684,16.483965927038451,1.8061636238270278,1.0782643288332592,0.16661819238385492,0.088941626857437187,0.33333333333333331,0
4,2019-09-25,3508,215.71995063659577,88.597514361354527,11.096509650313919,8.8485276861063848,0.73662437933576197,0.58739562440961124,0.029128274685794531,0.003837453695120003,0,0
4,2019-09-26,3509,163.44855898291641,595.8032552600954,10.527143384098659,24.321114185619461,0.70656711081942802,1.6323990996455773,0.05118701818617593,0.097328505106378915,0,0
4,2019-09-27,3510,175.70016678552454,562.9504431942554,11.760631718656972,23.657583828073331,0.79180177194216472,1.5927815140425052,0.017737689338232512,0.096253279281718354,0,0
4,2019-09-30,3511,1382.7868704974135,923.62999012070179,36.861601769719755,30.205010130775008,2.4456196231361589,2.0039814317979769,0.021737516409344109,0.06341724148678865,0,0
4,2019-10-09,3512,366.57035981800277,196.99965678665339,16.734244651309609,12.525778281881534,1.1194972338312557,0.83795680237366421,0.058558074577851928,0.090228975916842091,0,0
4,2019-10-10,3513,137.76380170902411,22.624488807690742,10.279106136904451,3.9127506972316346,0.69493331554639148,0.26452697138435144,0.24003483429101102,0.32278431113052941,0.66666666666666663,0.33333333333333331
4,2019-10-11,3514,446.50767189694847,127.44413751231339,18.449413690566491,10.84198193076289,1.2400466252565192,0.72872576493903007,0.28656631707609476,0.30507113800278907,0.33333333333333331,0.66666666666666663
4,2019-10-15,3515,236.2027159218984,77.65641500175947,14.394954136144937,8.3267763259426228,0.96929190870277671,0.56068792175224724,0.02013084965960522,0.011962506312876389,0,0
4,2019-10-16,3516,467.08383078910083,226.54884524609932,20.377863864063784,14.78965558472972,1.3652138052499774,0.99083211635210644,0.11241682488639608,0.2824042813166982,0.33333333333333331,0.33333333333333331
4,2019-10-17,3517,245.12836152312977,25.65092430960371,12.437880089904715,3.9560900828075014,0.83475705301373926,0.26550940153070485,0.14851378187566519,0.091118780697241455,0,0
4,2019-10-18,3518,392.62551877517689,51.429768879118761,15.942898027342002,4.864790026929465,1.066807054591455,0.3255237730890605,0.40311354299485491,0.30397661169754991,0.66666666666666663,0.66666666666666663
4,2019-10-23,3519,242.66833621567298,8.0794200951001152,14.960436592914524,2.6548793766951349,0.99966166134873691,0.17739997839665464,0.12239165069478615,0.023587498468726122,0,0
4,2019-10-24,3520,1292.5777815272968,383.42434302739929,35.612583783692799,19.554879376695226,2.3530730307372427,1.2920730368823037,0.50579996324655108,0.36564292192044717,1,0.66666666666666663
4,2019-10-25,3521,66.527792627232415,257.6515855141991,6.855198482690791,15.726204420877821,0.45943291218355281,1.0539645077995994,0.13512641976979881,0.077236548971271649,0.33333333333333331,0
4,2019-10-30,3522,1175.3250188646889,291.8999461439231,34.123260876372193,17.054879376695226,2.2583977548146654,1.1287520683474124,0.034536996892798114,0.02174195308651861,0,0
4,2019-10-31,3523,428.76822791745167,47.106110947996264,17.858466052151773,4.7953187599613711,1.1836204965636117,0.3178233536559763,0.064813134816098295,0.03837171730524698,0,0
4,2019-11-01,3524,88.290497256355863,259.35471466335554,6.4863784994749949,15.878269979617547,0.43563440676147591,1.0664071983355752,0.03720529453534499,0.15480373203741077,0,0
4,2019-11-05,3525,298.37030214909009,34.895894222099635,14.884962547849682,5.6633906470068878,1.0016461456781187,0.38110364032212157,0.043094914547862406,0.065138649963329798,0,0
4,2019-11-06,3526,210.39743257714611,36.73734715646431,14.253442919879641,5.0633906470069023,0.96031281252347256,0.34114136075505491,0.11910403066427881,0.15293592751681748,0.33333333333333331,0
4,2019-11-07,3527,179.26359414172975,497.49023825686555,8.8836816279319919,21.511514703990088,0.60674668769811779,1.4692152241225347,0.5860614428791221,0.40862277480688713,1,0.33333333333333331
4,2019-11-08,3528,412.72240570974981,391.20929953150221,16.44352799683141,19.59464600398951,1.1272727769131015,1.34329512607044,0.070125046147193046,0.011686178783751342,0,0
4,2019-11-11,3529,420.55658035246461,440.27161301447615,15.649896626497897,19.20705530998589,1.0697858108208282,1.3129438314297552,0.33276403395665116,0.27220164853594814,0.33333333333333331,0.66666666666666663
4,2019-11-13,3530,1261.1757766268695,788.72596824585173,23.608799137254891,23.339140017191767,1.6097091424167242,1.5913230843890338,0.042947625918917508,0.11255656200148358,0,0.33333333333333331
4,2019-11-14,3531,992.84838749345329,777.11889823725596,19.823370718340811,23.089140017191767,1.3513784660400034,1.5740091360823343,0.12336475652965717,0.049117620474067147,0.33333333333333331,0
4,2019-11-15,3532,970.33896303190784,770.55197126724181,19.725741450725838,23.860562347124034,1.3440358021821168,1.6257665211136194,0.10272277993350463,0.12294691305379346,0,0
4,2019-11-18,3533,593.43041131396342,522.46900528845947,17.346039154455486,20.65297231454565,1.1812481973819664,1.4064470914600868,0.05007829880532428,0.063898065784639538,0,0
4,2019-11-19,3534,292.56540406747939,179.66743955872548,11.743328278432349,10.407055309985935,0.79794307796645703,0.70714515933858368,0.43394861276558377,0.20409645417753955,1,0.33333333333333331
4,2019-11-20,3535,209.23380691935623,98.266976035830282,9.4286881029123979,9.7791041191057957,0.64269712026941139,0.66658287850487685,0.70435129153710285,0.39416792703315684,1,0.66666666666666663
4,2019-11-21,3536,438.90146318702546,390.76898185026357,14.77694701073248,17.941320127039791,1.0090441469993841,1.2251234338516026,0.021639819995719022,0.026509053522248169,0,0
4,2019-11-22,3537,427.20848647449742,279.76939844349914,17.777203408048155,16.611952805152896,1.2189525101514096,1.1390532642041207,0.022753543092355406,0.031058401005080782,0,0
4,2019-11-25,3538,855.70092320227275,242.41870531073855,19.170499171584197,15.0241722779377,1.3178770956301651,1.0328376089050766,0.020666274178576569,0.0051144795396474959,0,0
4,2019-11-26,3539,909.66707432949295,251.52320867750677,19.093213688174199,15.324172277937882,1.3128348532453809,1.0536784321475492,0.011079270345026149,0.16835786510121756,0,0.33333333333333331
4,2019-11-27,3540,730.86218320325725,144.9501933202113,18.337485425459136,10.839677391156178,1.2558631253952768,0.74236738630662436,0.017233482523207309,0.090945058913424734,0,0
4,2019-11-29,3541,703.05993394516599,89.354465697548449,18.729241735480475,8.5241722779376996,1.2818151275009735,0.58338789843189942,0.32228993465297739,0.05973433334844843,0.66666666666666663,0
4,2019-12-02,3542,505.96808534128127,71.264887739091662,22.030921339266495,7.2009890613199632,1.4912963744172814,0.48744256828809068,0.30381581394595319,0.26034737491045701,0.33333333333333331,0.66666666666666663
4,2019-12-03,3543,397.36479169626347,592.06058540093704,12.923203157824068,23.820540454705299,0.87608997070192318,1.6148424143926039,0.05207371876837661,0.096543127302697318,0,0
4,2019-12-04,3544,148.53424540197767,296.98854662774266,7.9912263089886437,17.098674722320009,0.54142933764616974,1.15848604101223,0.21001910060583875,0.10600684297438594,0.33333333333333331,0
4,2019-12-05,3545,545.25129386377898,1173.7593220949898,21.96128372239923,34.245120623304729,1.5045581969923767,2.3461186327753043,0.28474647073070131,0.21755547549913831,0.66666666666666663,0.33333333333333331
4,2019-12-06,3546,400.22495542102712,497.00874254898241,15.747947732709386,20.691320127039791,1.077372082692029,1.4155654461955116,0.0066551407014304636,0.016399156409813265,0,0
4,2019-12-09,3547,455.28494364562857,332.33064479500359,15.78494856809516,15.487651686566855,1.0775076670258481,1.0572136719046283,0.27550362037888015,0.1982349593980586,0.66666666666666663,0.33333333333333331
4,2019-12-10,3548,354.87435925512318,259.3718092365109,16.774471439160227,11.904185286349048,1.1436099972157232,0.81157521723132309,0.10437856743724179,0.22916318716468176,0,0.33333333333333331
4,2019-12-11,3549,492.50929638240024,240.43325967096925,20.045030189054462,11.570851953015714,1.3656513277731612,0.78831257344431904,0.22207627867920895,0.19057757073703155,0.33333333333333331,0.33333333333333331
4,2019-12-12,3550,441.05181661019088,475.41536784860949,15.733542219320194,20.952172908998818,1.0727902781481109,1.4286221811672453,0.11701206493492433,0.22643637748647805,0,0
4,2019-12-13,3551,213.32123342451996,89.049970432892735,13.059921444902178,6.4894768230258251,0.88368099633954778,0.43910121273603248,0.22767319164787195,0.25176520157098814,0.33333333333333331,0.33333333333333331
4,2019-12-16,3552,404.57855463324307,427.1126407866214,13.545778074737578,20.043831711579134,0.91786001319539079,1.3581672117888017,0.01271007508720568,0.03771725358849478,0,0
4,2019-12-17,3553,856.41397181051116,952.14809150121494,21.824847000429372,30.107405321980423,1.4806042536161848,2.0424955274231147,0.18301107833168132,0.22886017911669101,0,0.66666666666666663
4,2019-12-18,3554,752.2953515638311,847.32607191016416,20.738199188028073,28.239768051446088,1.4043610203851877,1.9123564739924213,0.15192569355506566,0.11210314172394964,0,0
4,2019-12-19,3555,477.25485206584216,696.09405433844302,17.031956793911984,25.037441705412903,1.1515859901225138,1.6928628604065519,0.12768088800887437,0.089377818770617609,0,0
4,2019-12-20,3556,381.26257125870166,635.87091085236386,13.930466527610028,24.82387807484459,0.93991407648674363,1.674912494085729,0.039462967506141845,0.18167874134382089,0,0.33333333333333331
4,2019-12-23,3557,189.20968894841732,298.52959656639365,13.103093304085254,16.976204420877821,0.87890084878326158,1.1386929886224517,0.0076126041764505601,0.079768115324075614,0,0
4,2019-12-24,3558,289.18296644765638,4.7611029193007353,13.889183315416858,1.5360288397635788,0.91890064938252447,0.10162281440711736,0.0029913436961369073,0.013409692341037734,0,0
4,2019-12-27,3559,463.29797560796305,31.720843336633269,18.484631320434953,4.3295334001759329,1.2203090490467041,0.28582494802283759,0.00040349578534889483,0.0060746029569838066,0,0
4,2019-12-30,3560,5557.1631797736727,3906.6088295627756,73.855517443279197,62.378838785142612,4.694902895129311,3.9653447832396296,0.0027461852011384275,0.0037689500521292615,0,0
4,2020-01-06,3561,1969.2183614187352,522.03480714160639,33.994397383394777,22.587086535087792,2.1682174559680312,1.4406407842005162,0.00018639578291573052,0.000407154507596379,0,0
4,2020-01-07,3562,2026.1749524595555,581.65277354801196,34.510308254994619,23.560472190647488,2.1953820576350789,1.4988054448708601,0.62172049638292404,0.56451162294517332,1,1
4,2020-01-08,3563,674.14942067150901,14.67842176456214,21.741557246728462,2.9109951972430586,1.402002724277186,0.18771531176805145,0.009082066366128197,0.026647738277766887,0,0
4,2020-01-09,3564,670.79882536154958,54.311002625336585,20.752094561743586,6.8988606499801035,1.3430907100992548,0.44649929777879133,0.40980399396527201,0.23230675527850911,1,0.33333333333333331
4,2020-01-14,3565,898.55571492523995,5.2715369857180532,19.146228543693269,1.7814935122789848,1.2360379950738072,0.11500926483402096,0.2361921751232722,0.32331181584914587,0.33333333333333331,0.66666666666666663
4,2020-01-15,3566,1392.6533591969303,194.18663654906791,29.092858397236188,12.098387929781515,1.871464951094284,0.77825659707191885,0.056218208020042633,0.03886572817422404,0,0
4,2020-01-16,3567,1078.7620401210927,63.717375978929958,27.628963345306222,7.9656210097975872,1.7738163421485764,0.5114035060219303,0.0066320838436084543,0.14180118091954261,0,0.33333333333333331
4,2020-01-17,3568,737.37277117998258,3.9509833445220259,20.833367449951158,1.9789533007717637,1.3429618674628481,0.12756741447635944,0.00083805574309881153,0.0042162905933906406,0,0
4,2020-01-21,3569,978.6119933160179,20.800585801463779,24.492511520827218,3.9325913523963814,1.573158938970211,0.25259113317466642,0.8421302530300947,0.5706010748228848,1,1
4,2020-01-22,3570,1399.7190515813506,176.24295868278921,32.928963345306407,13.265621009797769,2.1069142840428952,0.84878245631823968,0.011789754275686523,0.055717665418736691,0,0
4,2020-01-23,3571,1890.2409145270824,310.65354629737556,35.397916093871949,16.940251872903747,2.2478435366802318,1.0757423002320208,0.0075319525785415052,0.0013770591447512907,0,0
4,2020-02-03,3572,530.20852823962423,26.135565126781415,19.445489102022066,4.8704552511768879,1.247825527129468,0.31253924029755115,0.0070796440636251186,0.016830107586063632,0,0
4,2020-02-04,3573,436.57186753926209,42.962462532234575,18.789369787562389,5.2738969839508627,1.2096420387280233,0.33952855108162378,0.058541370568868815,0.12400259784508887,0,0.33333333333333331
4,2020-02-05,3574,845.48586851591563,20.174600673706589,27.214778122339037,3.2204552511768725,1.7408544823347432,0.20600366220027333,0.37823033722938709,0.47324996736802522,0.66666666666666663,0.66666666666666663
4,2020-02-06,3575,1706.3295822200671,142.62000115123553,38.986170973149989,11.222882378477456,2.4790112849744053,0.71362873992798492,0.012469941563241034,0.00026787468042787879,0,0
4,2020-02-07,3576,1207.4280463058356,155.26767176755965,29.060761099628433,11.77288237847741,1.8472388189440905,0.74833984099144468,0.0094509657491533717,0.0090430863044852552,0,0
4,2020-02-10,3577,672.14027807083164,3.1632346288417583,20.523903109906843,1.6714244939502503,1.3125217823052273,0.1068890768018322,0.0037258615016518728,0.0030898568815824934,0,0
4,2020-02-12,3578,1229.5773160003698,57.456273896766874,29.28857734375212,6.4269631318853344,1.8595331795023726,0.40804819731978886,0.52248963972664664,0.45633247120499582,0.66666666666666663,0.66666666666666663
4,2020-02-13,3579,1303.2017336604831,72.665197817206305,25.603898048868587,7.1220055097280692,1.6190652617218027,0.45036078852460282,0.007443483679721156,0.0087064647135936413,0,0
4,2020-02-14,3580,1709.0329888001068,33.665411469912421,32.96211016498895,5.72836579451526,2.073284282478784,0.36030856964589492,0.0040186400175553682,0.012657997203177672,0,0
4,2020-02-18,3581,3943.534164664065,815.92248218977272,54.034152463495047,27.992788520066217,3.3375016963245856,1.7290172032159494,0.0012950100187657254,0.0029938425913871246,0,0
4,2020-02-20,3582,7647.5590935662085,2460.5856665554529,78.198312961601005,49.474108841344183,4.7384301618857796,2.9978857687295757,0.0006697931570335008,0.0010056689923164776,0,0
4,2020-02-25,3583,2210.5723664106363,76.119182819110137,31.600591703694665,8.4816350604459476,1.9328761210896488,0.51878616798861998,0.00066400831992830987,0.0018076679690162863,0,0
4,2020-02-26,3584,3251.9523542914462,658.6011018863569,46.155252706966927,25.581635060445858,2.7939014955791119,1.5485251247243255,0.32122666843627373,0.23482908432977564,0.66666666666666663,0.33333333333333331
4,2020-02-27,3585,892.63296920211872,1993.5124865778987,29.239165422296008,44.603956135168573,1.8162664485694944,2.7706901969232276,0.026918853212927894,0.025131639031257081,0,0
4,2020-02-28,3586,911.82986852594047,720.72641105767082,26.262054653592031,26.768364939554051,1.6417375459376757,1.673388862535808,0.0631079770162387,0.069855482510112574,0,0
4,2020-03-02,3587,1733.9454452610751,132.53706643765727,30.072853462974233,9.6577492757611108,1.8615198677173774,0.59781796816843757,0.15049793709229317,0.25630951494725851,0.33333333333333331,0.33333333333333331
4,2020-03-03,3588,6510.4441683476907,1386.8947026907852,73.066333307731838,37.114134826809732,4.4502441336134142,2.2605070394256317,0.028319538884600533,0.052456717322336553,0,0
4,2020-03-04,3589,5357.957434405982,1105.2019548051278,67.063097772989821,33.181635060445764,4.0409193644848056,1.9993754555583134,0.087896341785293972,0.14949245345088577,0.33333333333333331,0.33333333333333331
4,2020-03-05,3590,3429.4789050762774,978.60659442247868,52.132058440933555,31.222990115043558,3.0963714810639709,1.8544822329488646,0.0049864372589395719,0.01490733601020342,0,0
4,2020-03-06,3591,1653.5083816107533,143.86587631635498,34.257079176950278,11.806387040208696,2.0482558551240824,0.70591252856255282,0.020434349418204177,0.0017556041516689207,0,0
4,2020-03-09,3592,1215.8526244035695,93.045601635636103,26.836134109165716,9.0722845101669609,1.622744314991124,0.54858863251198553,0.21897749615194342,0.35577653700993633,0.66666666666666663,0.66666666666666663
4,2020-03-11,3593,3058.6573828904839,7018.7247519615748,47.673220329218488,83.753956135168437,3.0351575940165838,5.3322694426159307,0.041919979461789568,0.16948555868949597,0,0
4,2020-03-12,3594,1319.5622928455887,1438.9105148650517,35.157782937539345,37.725636545900898,2.2496661720974753,2.4139772553046388,0.038265853420892108,0.033550171527633336,0,0
4,2020-03-13,3595,5116.7286340710989,5725.1119215444678,63.808619281046276,75.623419012064232,4.2890783949079969,5.0832438671818396,0.40898065029296143,0.48143886040194683,0.66666666666666663,0.66666666666666663
4,2020-03-16,3596,493.57668694685532,10.486733258106513,17.619960888173637,2.9090193261006334,1.1469835235108474,0.18936462219116215,0.48987557252801289,0.47770601320958556,1,1
4,2020-03-17,3597,501.70019600865515,580.68201564618823,21.362115466291545,23.56250406107559,1.4258520535503634,1.5727208691146437,0.019278009939019548,0.018501137172133596,0,0
4,2020-03-18,3598,595.57389037994369,1212.5799635175863,23.69366252417035,32.548779394174517,1.6071672053023809,2.2078195281787019,0.68250954636527139,0.36753104862209085,1,0.66666666666666663
4,2020-03-19,3599,755.91772414126365,462.88531349553097,24.730772146576403,19.544337291921391,1.6212647270602074,1.2812598198453775,0.70202218330245703,0.4793735024859635,1,1
4,2020-03-23,3600,10374.651342762387,8682.2432952615,101.81575499420516,92.776769834574523,6.3406978044032485,5.7777842026825175,0.014401495876593976,0.0098794250251122706,0,0
4,2020-03-24,3601,8729.1196730680749,8000.9088544755477,89.482105992010631,89.207749395112685,5.4735812326896642,5.4567989598184914,0.0090087749797384594,0.010001533909568231,0,0
4,2020-03-26,3602,3855.4538803253763,2447.142239717271,57.731037276252358,47.812610183918046,3.5695935989768355,2.9563228951906293,0.42062030582791504,0.10349453670879154,1,0
4,2020-03-27,3603,3180.0973510694348,356.97628855460306,45.470836150377181,18.440452560743097,2.8097902830363459,1.1394953074672867,0.0028896630823292478,0.074531585859625382,0,0
4,2020-03-30,3604,743.27828970882581,291.32846603553588,24.531008972467287,16.999805310047424,1.5246594967194309,1.0565776009228023,0.78596913823027847,0.27502167415583495,1,0.33333333333333331
4,2020-03-31,3605,1245.2869438552727,85.644788365144336,27.151418022180831,8.3787596942980453,1.6831825691017814,0.51941973183919443,0.00044505939492242423,0.026085842584292255,0,0
4,2020-04-03,3606,4023.4137505623598,2429.6888431386105,57.037700740327487,49.090197947988223,3.4584023489663474,2.9765164740329375,0.74802146942098224,0.24928753745027352,1,0.33333333333333331
4,2020-04-07,3607,2960.1562709872201,1140.5188363103614,48.728628288100481,33.328874245379815,2.9571931234434086,2.0226286105947211,0.11191853382501293,0.0036640419443432284,0.33333333333333331,0
4,2020-04-08,3608,4639.2772793023678,2131.4252487715535,63.136989328553454,46.147223313451832,3.756700641332428,2.7457961689496226,0.17173262595506689,0.34187618165862393,0.33333333333333331,0.66666666666666663
4,2020-04-09,3609,7942.0616102123286,4125.1316315652402,82.060618922498932,64.196043864831609,4.7747138115671568,3.7352598763466442,0.30946907451570499,0.0075648246379173062,0.33333333333333331,0
4,2020-04-15,3610,4999.8348264854494,2675.7232133588163,55.23221599201073,51.327662767517722,3.1935366286216094,2.967774661319325,0.28536384519366081,0.36690755225184252,0.33333333333333331,0.66666666666666663
4,2020-04-16,3611,362.19962859898197,7596.3707596118729,15.663144450539372,74.205713393880387,0.92541694192427837,4.3842553185359598,0.26322269905414591,0.15412664661615788,0.33333333333333331,0.33333333333333331
4,2020-04-17,3612,840.99781966686839,14650.489106060939,24.649700018095018,97.193955862510776,1.4618491292904174,5.7640823071113019,0.056057587473322755,0.23398762082641192,0,0.66666666666666663
4,2020-04-20,3613,1496.669951145185,890.24979442595441,32.426900366658479,27.845776608395152,1.9278202411734773,1.6554666394218451,0.021920401759320921,0.13109372772299469,0,0.33333333333333331
4,2020-04-21,3614,3111.7731801178466,1015.1058542184318,38.809539635193005,30.888793715891932,2.2688339794331065,1.8057813987250846,0.0054567985565623827,0.1244336146382566,0,0.33333333333333331
4,2020-04-22,3615,1622.5957481541966,2731.7567863564077,37.471490177525688,43.81361817258388,2.1581851794111269,2.5234625297384521,0.0066564031943947806,0.012666035250693999,0,0
4,2020-04-23,3616,66.468479292124854,13219.422429502394,6.9229913433693282,79.660864053218418,0.40346123569959363,4.6425120376023319,0.092927349017554436,0.017486694276540694,0,0
4,2020-04-24,3617,368.33576959493854,5294.5844049189582,15.927112302484071,47.601216011910914,0.9287216713305968,2.7756620316575362,0.14762687642191683,0.38008498337368302,0,0.66666666666666663
4,2020-04-27,3618,665.51414606097012,439.82878923296494,25.102572748550074,19.0006289200882,1.4839982707309909,1.123267353615808,0.13751297451954853,0.36023440504322396,0,1
4,2020-04-28,3619,163.0368383296595,328206.4265259786,10.7817560990934,419.44932430957584,0.63319665829354865,24.633641128150103,0.0048118650734163635,0.24679006682238988,0,0.66666666666666663
4,2020-04-30,3620,143.78498811642331,3870.0869885132083,10.500422116163312,58.619427507468878,0.6166743277735024,3.4426326534998601,0.043083630842763045,0.13829807661315074,0,0
4,2020-05-11,3621,119.76508501719861,1035.8662066374484,9.9289815103853325,29.280651546526542,0.58323434623973991,1.7199630842649516,0.31316913342721436,0.33615252390141409,0.66666666666666663,0.66666666666666663
4,2020-05-12,3622,219.53835080569775,324766.52491471969,13.082586454202024,566.34750811326137,0.7657800546828627,33.150755567388273,0.77790433122756397,0.56129247429093965,1,1
4,2020-05-13,3623,478.50148296954063,673816.19332186773,19.281151391896401,786.3102595969649,1.1134876063696237,45.409462901187631,0.030715046428515802,0.0099492282231091484,0,0
4,2020-05-14,3624,522.05224179903564,90393.355048380909,18.213654692856608,247.4079461700413,1.0495666403236583,14.256947945373632,0.0003139017992049056,0.00029179063835538239,0,0
4,2020-05-15,3625,247.54417630386101,10846.85644204378,15.628999139462243,68.53602516374265,0.90096265287728394,3.9508863298404706,0.0081862442103772855,0.022137489339121935,0,0
4,2020-05-18,3626,372.97980003310795,19800.32004334842,16.742607626171548,87.048824175060119,0.963353814906732,5.0087070499761275,0.42740098571332541,0.58834286662670388,0.66666666666666663,1
4,2020-05-19,3627,508.07444723656954,27063.837942386497,19.676136459976458,118.98847868543839,1.1254439432578194,6.8059531365005093,0.22052217207736025,0.060249963286826046,0.33333333333333331,0
4,2020-05-20,3628,123.70508697654147,8324.2377077200381,7.9924171651547722,60.727412294094243,0.46335539249549379,3.5206337929209948,0.057072895541660368,0.005646453227025258,0,0
4,2020-05-21,3629,338.95797423696746,4743.9381296481924,16.977132427110671,50.946985100050448,0.97932753177645127,2.9388817801650049,0.057716488792187638,0.025051761179610135,0,0
4,2020-05-22,3630,36.551192958476875,1263.546162906167,5.9613476253343833,29.086161622297748,0.34653960908788745,1.6908101509837377,0.29965019717193375,0.019485047015580161,0.33333333333333331,0
4,2020-05-26,3631,972.39156700824662,1968.0660245480567,25.254340738487144,38.77896287887188,1.4902832962638464,2.2883844493610219,0.01803971848473979,0.14530127189302225,0,0.33333333333333331
4,2020-05-27,3632,1561.1943652879211,834.40273128036279,34.826806795783796,28.206476954310347,2.0279387891684162,1.6424419573360323,0.0024445749312934561,0.031754381401200037,0,0
4,2020-05-28,3633,848.16840251115002,108412.35545693971,23.44943769722363,212.82818764138202,1.356478145266595,12.311458763312432,0.23635786125729927,0.1412831048245132,0.33333333333333331,0.33333333333333331
4,2020-05-29,3634,567.57757771145157,301811.4667697862,16.622656489430636,481.19651635622489,0.96051406965391395,27.805184118584588,0.012328653274295732,0.018230504753326961,0,0
4,2020-06-01,3635,612.25589993129654,3293.9755992253245,18.169543280282824,46.59894680867334,1.042937937622066,2.6747953281102852,0.23907920106393474,0.04632096792972662,0.66666666666666663,0
4,2020-06-02,3636,1633.5246547112999,6325.9351594294376,36.932402214130207,75.207260094780622,2.1724303528796334,4.4238263636234594,0.012007227360933534,0.011507900587331881,0,0
4,2020-06-04,3637,531.53175366142784,167615.21568810075,19.120051729226361,307.23325784305712,1.1357659407304264,18.250215797502573,0.0064412757350500935,0.0085361823765962175,0,0
4,2020-06-05,3638,2882.3763691698482,545.10058598757132,40.686392781762912,21.113428408532702,2.4069803757661377,1.2490566100826872,0.048410650287013135,0.025395878405804168,0,0
4,2020-06-08,3639,5985.3519425476834,3054.18266816204,71.02962269493203,55.186257993576874,4.1452945838886501,3.220674525449482,0.046183718293331406,0.02809771151851503,0,0
4,2020-06-09,3640,1871.6072081857328,9449.2619959612075,38.554811467382855,71.331500649913323,2.2388903613357836,4.1422432943244001,0.029334288695399242,0.083177003449039416,0,0
4,2020-06-10,3641,2411.4164827506042,58237.772730313802,44.30433439492549,193.12275148651597,2.548789552419128,11.110182740487039,0.043036374637041262,0.056537942603421605,0,0
4,2020-06-11,3642,1185.1597146993083,760.52770279318372,28.500347570706555,27.27994693572138,1.6440927355469601,1.573691775928548,0.0071963427757600349,0.0095870703096334869,0,0
4,2020-06-12,3643,246.21911970738543,893.75862357916594,15.052100357129197,19.367669592680915,0.88000820585981432,1.1323142794399672,0.04037031728163433,0.10914389625806857,0,0
4,2020-06-15,3644,1324.5908043187123,9761.2855049334412,24.919095843982557,90.64486771254883,1.4489110006095043,5.2705100859114937,0.00036713125332680656,0.0031990822462804095,0,0
4,2020-06-16,3645,1531.3094570148357,3767.2398336817573,29.739624197908899,60.407057755912398,1.724686067092464,3.5031784588924757,0.017583123951998601,0.033748812020296781,0,0
4,2020-06-17,3646,1535.6228490169826,9065.3478629399833,31.00619246941157,93.148644892140211,1.8032097975813646,5.4171936546752084,0.13646910828758585,0.078817769375754035,0.33333333333333331,0
4,2020-06-18,3647,2035.5317784150004,3799.3429351590153,35.359418447182939,55.958410081857586,2.0383005301733932,3.2257333956972238,0.16673763989642051,0.52290692982706766,0,1
4,2020-06-19,3648,3162.4940585226686,1813.6647429112561,53.360588818009624,39.080767903143169,3.0286680942196909,2.2181665807613116,0.054988292148448303,0.049905346653700659,0,0
4,2020-06-22,3649,2441.3291689400166,9001.3345764311125,47.903143923258916,74.893947596444988,2.7080752966961907,4.2339277288962061,0.0034240851412879053,0.0069552455336048284,0,0
4,2020-06-23,3650,588.74451454861708,27964.658274544272,19.294054608092136,128.4635395470641,1.0924976420878307,7.2740601651744905,0.021731254108914692,0.01352507996976004,0,0
4,2020-06-24,3651,876.01781095451463,3890.3636054315962,22.401789814790771,50.413527986126155,1.2644947964998177,2.8456495815153624,0.13057729594692227,0.13140043080615485,0.33333333333333331,0
4,2020-06-29,3652,621.82853262718277,8495.6353889363254,19.269415906111664,79.087978633629902,1.089837447322644,4.4730489584090209,0.43621999811256451,0.2194923433183488,0.66666666666666663,0.33333333333333331
4,2020-06-30,3653,738.1240518566475,26569.563163250696,21.642004824022781,144.60651907582982,1.2219872292720579,8.1650161811258766,0.0060504786288278949,0.0098199683836971922,0,0
4,2020-07-01,3654,1107.6811741004105,8415.8112434759005,28.45207248461308,87.467938958045124,1.600724210785849,4.9209788718695391,0.48339120881432979,0.54443863796461101,1,1
4,2020-07-02,3655,1612.5493951637309,29031.99052889875,35.521855678493999,159.86630370770521,1.9867920844842553,8.9415685277535211,0.20280789565358748,0.19004669031492491,0.33333333333333331,0.33333333333333331
4,2020-07-06,3656,2100.8635462856105,203671.05595438034,43.198022635245628,429.27959629612764,2.4139042013492573,23.988130887436927,0.0022404288649823566,0.044645317101710887,0,0
4,2020-07-07,3657,3726.551265137156,93745.594006116662,52.850339072033798,245.66909642744091,2.9181347839453262,13.564634555101369,0.015054690007136334,0.14516384057280388,0,0
4,2020-07-08,3658,3853.7952655686954,133041.52591722037,52.574082293017987,289.71639771541919,2.9012793053925274,15.987881337421733,0.0010711926644880918,0.0019191685216147236,0,0
4,2020-07-09,3659,2984.4047114518639,91534.883041971203,42.828912889805302,267.7992533044964,2.375293266585619,14.852157578863981,0.14402185188309355,0.13990467900160908,0.33333333333333331,0.33333333333333331
4,2020-07-10,3660,2606.7250080406452,72541.439271662806,41.583038504942202,255.70284912318562,2.3005830431503291,14.14676896947085,0.037034796281300401,0.10696606008743703,0,0.33333333333333331
4,2020-07-13,3661,2719.1234898804332,242100.10898619294,38.961137093175545,401.46242671273711,2.1622252673941693,22.279950425258733,0.024710984916482603,0.063099783962724712,0,0
4,2020-07-14,3662,2582.2430318020206,97689.951919228071,41.144353166564237,282.38652982031545,2.2799708060824693,15.648150826793497,0.3035317704574636,0.26399636375096391,0.66666666666666663,0.66666666666666663
4,2020-07-15,3663,3112.2693763707753,164693.0087081716,42.043399027787927,360.68536304357849,2.3257951556003724,19.952722412102588,0.055052056640184421,0.10304263293388764,0,0
4,2020-07-16,3664,2997.7237330260718,132625.49017765312,45.461695845295857,273.84682921459461,2.5153786397375089,15.151842709746015,0.0020454366151392424,0.12683934119304299,0,0
4,2020-07-17,3665,3452.2999653918196,96684.817044296302,45.483798702517184,195.07196989059943,2.5050972765961053,10.743919251540738,0.62933596983661266,0.33885988613591228,1,0.33333333333333331
4,2020-07-20,3666,5316.3015441937087,153219.03680119559,65.029943107173793,278.28882496641558,3.5293448268526664,15.103461233964646,0.0075823198151292589,0.0072477097336454748,0,0
4,2020-07-21,3667,4925.0335695138956,21083.401521527074,54.511876969319701,124.79664374696365,2.942770296335548,6.7370246030535341,0.04056823826346153,0.039161513260224441,0,0
4,2020-07-22,3668,17957.028718793197,10448.685951172525,115.37665785187157,87.754833951497019,5.9575379057584783,4.5312696641880068,0.0025206566164608078,0.028057307080980875,0,0
4,2020-07-27,3669,16098.301019848732,37367.444543441445,96.053227878899335,148.96269282482839,4.9489014312380508,7.6749287868941414,6.0164902718102101e-05,0.0021881163178982099,0,0
4,2020-07-28,3670,17056.912181927339,443.61011865499012,101.90611913241271,17.313549676991897,5.2235439608597423,0.88746474329754976,0.0017660929984818236,0.01760894837779305,0,0
4,2020-07-29,3671,10128.671638820095,3588.6369907958306,87.384089261948859,58.600896632945478,4.4637238148774729,2.9934307272978047,0.025318985311642051,0.023008987321211701,0,0
4,2020-07-30,3672,9397.8840981477715,2007.8201830027308,77.449116830854493,43.979870197600498,3.9416314739098417,2.2382752403481345,0.037824535459395764,0.014470694731143319,0,0
4,2020-07-31,3673,8078.4035851256076,21360.982195835953,72.347768022815444,144.61783610601083,3.6939454199696424,7.3839236223742475,0.014266419416902461,0.019005067659624543,0,0
4,2020-08-03,3674,9309.4600454238771,12866.735486883854,68.132427324877582,78.327089602321394,3.4446851370078146,3.9601137369089128,0.55620230970553919,0.54362759946990991,1,1
4,2020-08-04,3675,20491.822985016013,44210.375079344376,120.10072228441216,205.91200723773196,5.8638635980964366,10.053560883613599,0.00055642762811438198,0.12663920817144714,0,0.33333333333333331
4,2020-08-05,3676,19384.351370633205,2723.6016638759806,108.08574361884401,42.132325139226396,5.2287324876687231,2.0381842217171657,0.0014880362243620356,0.015816839133862892,0,0
4,2020-08-06,3677,10767.936456398085,64646.397488057388,85.462997540443141,209.39289491886393,4.2076162538681601,10.309080812291752,0.0033550871457622296,0.014435007306057998,0,0
4,2020-08-07,3678,12239.650551824763,59400.515107173625,98.203726148620561,185.23898591371713,5.0832717091267954,9.5884355253231082,0.35222787347895507,0.5102201097493595,0.66666666666666663,0.66666666666666663
4,2020-08-12,3679,6026.6662511731402,79852.090224158164,70.740957535973465,232.0366325300009,3.6384702345878086,11.934505980712403,0.00055373758249521027,0.20389705859193061,0,0.33333333333333331
4,2020-08-13,3680,7235.9678510663807,35967.014752269963,70.177036916785781,155.84362576781791,3.6085376997961585,8.0135557664387651,0.3497167168622819,0.29735602795082522,0.33333333333333331,0.66666666666666663
4,2020-08-14,3681,11049.742115093431,17163.114927916609,83.772508463651391,130.69142234204082,4.2462685183187459,6.624498686775012,0.13621725390615358,0.21045693147563563,0.33333333333333331,0.33333333333333331
4,2020-08-17,3682,15011.569503422848,48736.248177740395,103.08622624775505,185.55482818576516,5.1318594273929081,9.237328098855766,0.0017876390226722778,0.016514990442865064,0,0
4,2020-08-18,3683,10532.05726346865,25538.9738371928,75.788322634313928,129.01615408978418,3.8257608598845998,6.5126781468846113,5.8165126007913931e-05,0.0014326374062802779,0,0
4,2020-08-19,3684,8012.2690611976495,409066.79362069437,83.636653419881057,576.76954577573349,4.3399140398973124,29.928627547193184,0.58530495376063796,0.51567352308869085,1,1
4,2020-08-20,3685,6700.3837074883586,68353.433536474025,73.817711353783579,184.69973114116996,3.8359815705970113,9.5980321220760239,0.016420705992069941,0.012515140309211826,0,0
4,2020-08-21,3686,11643.816255255377,20393.364834027834,87.701440487703465,131.11312017871819,4.5115070082925728,6.744675540971639,0.0086721447877863202,0.058216074019808169,0,0
4,2020-08-24,3687,8100.5787465301428,58431.677176612488,73.368444707078126,187.45544984475268,3.8389684068272047,9.8085158069619158,0.36919093841146489,0.20337560742976166,0.66666666666666663,0.33333333333333331
4,2020-08-25,3688,13065.12769433977,496849.52546890517,90.241762022023138,563.27116189321873,4.6686030172546182,29.140493126734714,0.036892016136490666,0.027221359703639703,0,0
4,2020-08-26,3689,11571.592407877326,92552.710151222578,72.211403169260237,230.36219573304211,3.7534840642077207,11.974020621828217,0.040626545307682775,0.31564356325797571,0,0.33333333333333331
4,2020-08-27,3690,15233.057156080511,23140.032633917104,92.829468463675084,138.52775824113633,4.7426095723133361,7.0773115815330074,0.12497658176201938,0.17555850245375029,0,0.33333333333333331
4,2020-08-28,3691,13938.828653977942,67587.881987380155,84.488777004082451,228.03767234860894,4.2836604560084393,11.561724458063173,0.19930863654153849,0.15358552939798167,0.33333333333333331,0.33333333333333331
4,2020-09-01,3692,7291.2776026238253,85148.52020761733,64.14715930765162,221.84627167672889,3.2945820244807074,11.393968910748512,0.41309755982450636,0.19399269554481843,0.66666666666666663,0.33333333333333331
4,2020-09-02,3693,8696.8293831081464,5540.5806921256672,70.780437847255897,46.469196116376146,3.6476300779332576,2.3947639009701951,0.006104093290942727,0.0043311359070294392,0,0
4,2020-09-03,3694,11164.014004404817,9830.9271162380373,68.605235942490481,70.442426398742711,3.5615031896636289,3.6568772464695378,0.015493000280709081,0.07704729767273448,0,0
4,2020-09-04,3695,10029.505781800306,98564.387007285361,71.819365937033055,256.66512248908953,3.7583069121135062,13.431284046630708,0.019955029387024811,0.094380235526541234,0,0
4,2020-09-08,3696,16885.781747674991,26832.340810834459,100.76287338223626,161.79949984475365,5.1747572607968504,8.3093416107617948,0.012523956548027279,0.18870448241710389,0,0.33333333333333331
4,2020-09-09,3697,15146.191784828072,59241.589729849009,99.366332221070863,187.16271082645972,5.0535960443011243,9.5187646955605718,0.15578991536396389,0.070861640964399439,0.33333333333333331,0
4,2020-09-10,3698,8045.3327762613808,179706.29668485341,58.437408052488841,355.64541207596176,3.000791211486538,18.262576362121894,0.21266523518876893,0.073050363933535478,0.33333333333333331,0
4,2020-09-11,3699,10098.556537673458,2403.2932644303164,66.94627782873097,40.90596435411377,3.4178933899387847,2.088424176959911,0.037758739492884739,0.06306285936593399,0,0
4,2020-09-14,3700,8055.7978288468412,5510.145357724904,69.765331939044856,73.610536737703498,3.5789022976399747,3.77615803922864,0.39479430272178478,0.11471155302494358,0.66666666666666663,0
4,2020-09-15,3701,11915.24552202927,3408.4708215166866,89.681909413152582,49.870015502892784,4.5714093900067576,2.542054006672076,0.015585332599927421,0.061816036643439785,0,0
4,2020-09-16,3702,6306.7659778490606,63119.262046286829,60.414598721381175,191.14775328070769,3.1201858603682981,9.872059562593039,0.60013657869109516,0.28132246867625693,0.66666666666666663,0.33333333333333331
4,2020-09-17,3703,8411.7971088866871,66096.534951851776,65.918086763357067,171.45950203227099,3.3789418337318131,8.7889638891904038,0.0045294418946037352,0.035577837863832285,0,0
4,2020-09-18,3704,4323.7271291387187,29201.967794509605,65.114964265439312,129.98526325260431,3.4757640795046072,6.9384681996692805,0.13317372769375718,0.076662925565941412,0.33333333333333331,0
4,2020-09-23,3705,7008.0786335727571,2525.8904170996298,70.095718477499233,49.006006552290195,3.7650446342150787,2.6322549511099882,0.012034558360354134,0.1220525768444473,0,0.33333333333333331
4,2020-09-24,3706,8250.0862091146646,3100.3317712745989,74.214621739563881,54.754997406536326,3.9906770844525394,2.9442919506660394,0.18748892308453216,0.023462444094483576,0.33333333333333331,0
4,2020-09-25,3707,10574.454206201446,5054.6339273065969,90.629763672460442,59.620736227187912,4.8106246807219106,3.1646665902591846,0.052458552674362835,0.039051710145797114,0,0
4,2020-09-29,3708,9778.0383207692212,22436.765666206938,83.18668488425358,123.34283775340737,4.4086430062140858,6.5367978034557934,0.017739954293574854,0.076727908034186387,0,0
4,2020-09-30,3709,12899.263361964362,55231.734918769878,84.835076609365913,215.65070809852054,4.4110269912578142,11.21282766663307,0.33408785947590403,0.04435749903072015,0.66666666666666663,0
4,2020-10-09,3710,13687.622505721693,13564.192245899407,73.230271835309779,115.55069498841021,3.8031821259574023,6.0010747851680195,0.021393916432315269,0.09572801475752897,0,0
4,2020-10-12,3711,9044.4007889738168,33017.069312390377,74.112523890109443,158.39364074802074,3.9186022254591784,8.3748554300227749,0.069250610631000964,0.39569084366876567,0,0.33333333333333331
4,2020-10-13,3712,11659.908959234612,55588.110892658347,84.169053559593067,180.7329354172397,4.4066413737647219,9.4622096498646489,0.00010005007608235375,0.004199358232762517,0,0
4,2020-10-14,3713,8668.1712120548509,372824.54449175415,67.020458108264393,594.52670158944477,3.5424947464593473,31.424848120378709,0.37978408092595933,0.027870928565229641,0.66666666666666663,0
4,2020-10-15,3714,10676.948628780212,27405.240613400591,75.617053880492065,154.96854258375029,3.9692949728611886,8.1346181246555371,0.0048016250378889623,0.047315194818862004,0,0
4,2020-10-16,3715,10792.081708338288,477750.62849641341,82.12972868214122,685.92977186070459,4.309914393479283,35.995475013680981,0.19595306913518665,0.27089284948361786,0.33333333333333331,0.66666666666666663
4,2020-10-19,3716,9778.4796463735383,262096.34419414485,69.377481727404529,475.01224896486974,3.6545239005164625,25.021715600762207,0.11827261992379227,0.37132743269370466,0.33333333333333331,0.66666666666666663
4,2020-10-20,3717,12878.022509534734,205718.9242442314,89.108567165156117,347.7610644572128,4.6310613603490429,18.073490344163023,0.3364012424968712,0.072681489847249897,0.33333333333333331,0
4,2020-10-21,3718,7619.8562605164843,26733.624956553987,58.651095543440078,140.91626911658742,3.085357086900764,7.4129392733416148,0.34628789503669116,0.50072049108745298,0.33333333333333331,1
4,2020-10-22,3719,11114.915804275641,353850.87077800493,80.277854368557428,557.46908364618196,4.2170490567361343,29.284221555757728,0.088775934935857601,0.0049556083741879682,0.33333333333333331,0
4,2020-10-23,3720,9925.5624141638018,334112.32356734219,76.169546540559395,498.90279126472819,4.0121966098954092,26.279480168807613,0.25425801080593219,0.52901272473860728,0.33333333333333331,0.66666666666666663
4,2020-10-26,3721,11313.089636264956,50537.148885387549,90.59008361386843,149.48682131776923,4.7536382229033123,7.8441948532176733,0.0093858341967447776,0.12909177669510977,0,0.33333333333333331
4,2020-10-27,3722,8388.1205620537294,437502.67766447441,77.514600987639753,580.16448695463237,4.1452766644904804,31.025668437906489,0.020522699415167014,0.19583597689725155,0,0.33333333333333331
4,2020-10-28,3723,9677.5931979015786,7055.9674889066519,86.878075384947735,65.975344525295668,4.6451411744077271,3.5275273766398798,0.081603879363593021,0.0017403399779161827,0,0
4,2020-10-29,3724,10873.984278117829,9632.285779692882,84.162984606664693,90.552479731408837,4.4533035931353346,4.7913900064240877,0.32095122632179579,0.11483373575249473,0.33333333333333331,0
4,2020-11-02,3725,9890.6884750503596,241975.58081490602,76.871253528230156,369.75827955007026,4.04553606442808,19.459425811123868,0.17100505884442754,0.27293825729977622,0.33333333333333331,0.66666666666666663
4,2020-11-04,3726,14045.117709711682,184052.57744631622,79.68177889393867,356.37421749602396,4.1105924266263605,18.384493667415924,0.10328728463122272,0.27385612818693922,0,0.66666666666666663
4,2020-11-05,3727,9518.4410058535013,100280.76060627507,73.585287168884562,283.04382033630003,3.7914925375558823,14.583873677674157,0.063778764687805606,0.16475282227625174,0,0.33333333333333331
4,2020-11-06,3728,3405.5313965552759,108310.96883128164,56.268413045907209,282.43311200657422,3.0133568813745626,15.125213517194572,0.13607445657822984,0.28504701851163589,0.33333333333333331,0.66666666666666663
4,2020-11-09,3729,8706.9804025876565,9155.8128469727653,76.176977441695271,67.218027605102108,4.0547707160108191,3.5779010808059888,2.9657828818718817e-05,0.00021830146720745375,0,0
4,2020-11-10,3730,6648.724643421875,11351.479048817486,64.26239584169889,101.74618521767063,3.4532037852547837,5.4674325058529583,0.32219681729160954,0.21175920127766945,0.33333333333333331,0.33333333333333331
4,2020-11-11,3731,7311.875213102302,6474.725675058311,64.742769315503736,63.489921138558202,3.4532239547432453,3.3864000393929223,0.33629301402421241,0.013272470508934315,0.33333333333333331,0
4,2020-11-12,3732,9170.3346819574072,4664.8815557290782,71.362171651668021,65.85437368420078,3.773979144939871,3.4826999674335384,0.11984830618173646,0.10592716891936323,0,0.33333333333333331
4,2020-11-13,3733,8286.7454729649089,849877.12993787753,65.785806247248047,910.98404867156478,3.4824809426562582,48.224454020357577,0.011894844792712281,0.091045374825065639,0,0
4,2020-11-17,3734,7349.0209474908015,525055.12374792248,71.661011022491266,607.89697958507122,3.8196797091035264,32.402162975591459,0.25918619744761179,0.010540549371465964,0.33333333333333331,0
4,2020-11-18,3735,8926.1522222773474,18949.537134015456,86.012714867432877,102.27074611525988,4.6309373498496713,5.5062721681567766,0.24071433299228615,0.0039213338935034274,0.33333333333333331,0
4,2020-11-19,3736,8258.7372274088375,6140.7725861099107,66.232666760914,70.43401871963799,3.5310906200839152,3.755079102182544,0.11992220915546149,0.069326309677664857,0,0
4,2020-11-20,3737,8389.5597728332123,22277.752860835099,83.447918164538507,106.99136612956863,4.6370259037863137,5.9452859596337317,0.16785338675093112,0.24647570759051587,0.33333333333333331,0.33333333333333331
4,2020-11-24,3738,3479.4537388407703,3129.507574977632,45.483375889540184,37.959939262695947,2.512616058421179,2.0970025004251434,0.00025807603527448536,0.026361765055110408,0,0
4,2020-11-25,3739,1811.4847814359089,524.17374211506683,40.680088594507502,20.918743513464733,2.286297341342522,1.1756726529233257,0.2844998448310827,0.22177592985297909,0.33333333333333331,0.33333333333333331
4,2020-11-27,3740,4682.4346026236881,29839.575117224886,60.882148668382342,161.78879849315044,3.3622614203165728,8.9349053427116072,0.098619563082129699,0.23363370210732251,0,0.33333333333333331
4,2020-12-01,3741,4238.551506108678,13416.055046089452,53.089395779256087,75.119886346546764,2.9128385701336605,4.1215783137576407,0.056074333101507258,0.16762498226483016,0,0.33333333333333331
4,2020-12-02,3742,4519.1197059860824,2893.145908307682,41.66953542687255,43.57388681319344,2.2741034969777907,2.3780329529398556,0.05008157854672457,0.21500800529537165,0,0.33333333333333331
4,2020-12-03,3743,4873.6371571457466,7568.399187711334,47.080526795786454,84.300827142283651,2.554559240140339,4.5741089062552174,0.032387834636469708,0.23700013948288026,0,0.33333333333333331
4,2020-12-04,3744,6948.7891566991175,90381.065469020745,53.152055824246339,220.65323092338886,2.8577142301807221,11.863395839855309,0.043860016263558364,0.13915597792624967,0,0
4,2020-12-07,3745,7379.2278985515704,2536.6584262277006,57.718266442977438,35.449872683619787,3.0895948635268815,1.8975924140791578,0.10570439395083746,0.34993640335039844,0.33333333333333331,0.33333333333333331
4,2020-12-08,3746,5779.7623565020958,7699.1163112976146,55.209073659792239,74.495464939745489,2.9976421153681141,4.0448195976514461,0.3548128266458474,0.30418010134513457,0.33333333333333331,0.33333333333333331
4,2020-12-09,3747,5068.5565252681245,143.97624099721426,41.836052626515162,11.10214756296773,2.2683358704429835,0.60195448602313717,0.00014906192511882131,0.0015282937331508361,0,0
4,2020-12-10,3748,5588.0620824817752,17476.2940994169,46.838147674369488,105.76643806571663,2.5427876044717421,5.741934748410241,0.090749958765032279,0.31947206230057096,0,0.33333333333333331
4,2020-12-11,3749,4760.1451602693187,2605.5548222741322,50.634352327698402,45.40572197129336,2.7651668256395379,2.4796287563167057,0.33501334397991051,0.12339730225973751,0.33333333333333331,0.33333333333333331
4,2020-12-14,3750,5928.322478617124,6041.2692480730766,60.014611804861261,59.85208983709223,3.2428936754578803,3.2341117897545311,0.32964563939978297,0.014521539619489656,0.33333333333333331,0
4,2020-12-15,3751,6577.966901388143,141115.58415845677,56.013815777089498,331.61069261875133,3.02458574891814,17.906028381908328,0.012236309637918122,0.11751334595517275,0,0.33333333333333331
4,2020-12-16,3752,10912.431730370328,25918.281995542813,81.458981655619326,125.3594809161156,4.3082893907507254,6.6301457578270844,0.0017150616130299802,0.063834882381815672,0,0
4,2020-12-17,3753,7094.1706079851683,18925.186770103828,49.679133352472491,99.265175469252128,2.6428585371710329,5.2807647543158467,0.011457246254920818,0.21834598522938861,0,0.33333333333333331
4,2020-12-18,3754,9063.3915249860329,7767.654692092623,59.942493446164541,84.172213353512689,3.1884305024555606,4.477245391144292,0.22882348138100372,0.11927742004235369,0.33333333333333331,0
4,2020-12-21,3755,7545.271118376656,11965.03587706576,58.234654828509747,88.786320107624832,3.1023735990895394,4.7299728361634878,0.37709344574309273,0.42894996131137253,0.66666666666666663,1
4,2020-12-22,3756,6185.2321569280311,22165.528162835792,51.880913510869654,94.85274346188362,2.7669820539130483,5.0588129846337937,0.34727473924116747,0.00862434891156213,0.66666666666666663,0
4,2020-12-23,3757,6519.0474682117792,43467.820513003484,53.338293384881581,151.61358245445027,2.8457714018503757,8.0890776532278874,0.18639912299444464,0.018392868393051126,0.33333333333333331,0
4,2020-12-29,3758,7548.0335449696222,14090.311828613199,53.754026885354882,99.677575167241073,2.8477445902391865,5.2806513650795237,0.45686272507272996,0.070261023239766338,0.66666666666666663,0
4,2020-12-30,3759,13506.487001003727,63648.843485517056,90.881589108931237,246.40237423547077,4.6769035152805287,12.680237455510023,0.034125377757921072,0.3471593792118442,0,1
4,2021-01-04,3760,8750.0683656205383,61657.027179469216,75.679395563207962,217.36515466568699,3.900296109630117,11.20236836991713,0.00040484613404307237,0.047807019986728282,0,0
4,2021-01-05,3761,5938.4216569349874,27913.225650653785,59.330196382634085,154.78048521870164,3.0710006150590901,8.0116196184529418,0.44885811852440022,0.03102779404574384,1,0
4,2021-01-06,3762,5018.5735495461486,28917.61141183172,56.736046623990582,161.04422446075236,2.9548485299719069,8.3872831863315636,0.2697654740812756,0.057802115895955214,0.66666666666666663,0
4,2021-01-07,3763,4395.4382861409476,63679.806781400948,60.528320308886499,246.22906565425987,3.2491448982171076,13.217513857655263,0.099503075043506972,0.018447785879953011,0.33333333333333331,0
4,2021-01-08,3764,7481.0659005547996,14577.412908657438,78.667455299075826,106.27713037222482,4.2725026639009274,5.7720097961832897,0.0030937857117288269,0.0082167524357798765,0,0
4,2021-01-12,3765,7591.3783565961594,1299.2875543308144,74.033200527455691,23.708636350782701,3.9827420462896792,1.2754464508046752,0.1568468089154211,0.0062138261812392688,0.33333333333333331,0
4,2021-01-13,3766,6784.0721990839711,160771.52419419229,63.050633837557065,314.25964462990686,3.4234089229025142,17.063100020627491,0.037205547652206593,0.34581892145169352,0,1
4,2021-01-14,3767,5577.0580144473197,23776.632436038515,60.247277309678033,138.22506628785473,3.2760890326089194,7.5163168182629008,0.2841800788996906,0.016379109510208604,0.66666666666666663,0
4,2021-01-15,3768,4916.3709591583865,39274.75719082664,59.138242985845487,183.187912680625,3.2233195065049043,9.9846248803959785,0.56655339361252111,0.13561578582088277,0.66666666666666663,0.33333333333333331
5,2021-01-19,3769,1496.5231657649122,259560.54217179015,30.363906829865602,420.69153912251005,1.635457655384337,22.659244808925454,0.37985079751292811,0.1974249333089293,0.66666666666666663,0.33333333333333331
5,2021-01-20,3770,935.38670536549023,339897.24170944077,27.909249048274052,535.56554428058507,1.4988050613970278,28.761373947724888,0.03520282319168911,0.019294966533843588,0,0
5,2021-01-21,3771,1528.0055235683442,459782.79990840191,28.315246333489842,602.34917751761373,1.5283233299233465,32.511965105932617,0.0076914206760917521,0.040000448922041118,0,0
5,2021-01-22,3772,743.4525958957289,325723.53160087176,21.75189398501713,444.48669921652794,1.1714405571272388,23.937673975632279,0.14570737325173341,0.2369691698591663,0,0.33333333333333331
5,2021-01-25,3773,1168.9743981594713,42528.047259696548,28.655558547637458,184.46107872971561,1.5434427742991197,9.9354238247180664,0.19113116801667349,0.059895424032621845,0.66666666666666663,0
5,2021-01-27,3774,1219.3719260020277,24345.286904578261,25.834350739490446,147.83415868921739,1.3936640631974131,7.9750854339546535,0.038227381422182259,0.07304877998925545,0,0
5,2021-01-28,3775,1014.8280073461478,14654.303444475343,28.435058159013654,114.83706515535452,1.5256496490510603,6.1614478568169604,0.0047434103739753958,0.0079886712469415082,0,0
5,2021-01-29,3776,1187.591181716138,66077.966162236451,30.568580723281912,233.20126966975158,1.6408696273803329,12.517849092554902,0.067527132533257941,0.17215140632213699,0,0.33333333333333331
5,2021-02-01,3777,2337.1295436684527,37293.133058169398,35.557252369872764,186.44177081424459,1.9397333680580855,10.170845606581453,0.2061613430212681,0.36784351350229877,0.33333333333333331,0.66666666666666663
5,2021-02-02,3778,806.07355789311657,6928.7846944943203,18.420380869340914,79.079935773396684,1.0035893578872164,4.3084767099837462,0.015429408373432549,0.026118529240172161,0,0
5,2021-02-03,3779,2074.2899775068686,3146.5149916690516,45.275724950065673,42.750034261885048,2.5351769388020422,2.3937529683568535,0.47077258929018834,0.43223680091175298,1,0.66666666666666663
5,2021-02-04,3780,152.18208123478198,759.53266456524989,11.63058242450605,25.711151229771229,0.64508624335150999,1.4260601364303629,0.00022370151555041741,0.00058890228214133599,0,0
5,2021-02-05,3781,1260.6427114526518,924.44008636524995,34.153013837508375,30.104136465548436,1.860946129274397,1.6403289178884857,0.29879707607049893,0.14141330994530918,0.66666666666666663,0
5,2021-02-08,3782,1060.6927699252508,2424.7565499548323,32.002110360625011,47.342581155531661,1.7396233072746796,2.573525829285261,0.0045128939079833235,0.018352629568649952,0,0
5,2021-02-09,3783,428.16772889005375,3801.3753510262563,17.834543200394972,50.53023529593338,0.96787470221664273,2.7422589909062154,0.20618626956199604,0.050558392265438769,0.66666666666666663,0
5,2021-02-10,3784,1687.00506248331,1738.401032104465,40.567981585929147,38.173343708981214,2.2879046660423059,2.1528547336086183,0.07781135180114078,0.038470858242518037,0,0
5,2021-02-18,3785,243.01859612473368,1297.2373441013599,11.189943515716473,33.79255683551628,0.61910113783045029,1.8696260939730713,0.0012506372804992241,0.0071188866469788616,0,0
5,2021-02-22,3786,201.1717724258319,388.90568510963817,11.373035411158904,16.067377851248619,0.63607580599322733,0.89862292232934105,0.1391263665463871,0.12387689755592814,0.33333333333333331,0
5,2021-02-24,3787,32.380758804228726,704.21227117045703,4.8429002711667026,25.034046054665925,0.27212655697281501,1.406683676827799,0.067262935879183958,0.04878424212972679,0,0
5,2021-02-25,3788,2185.6445669202162,1868.7949831449548,41.459191586927169,42.611207474657782,2.3788158239049353,2.4449153670515411,0.098276748775231668,0.22728176053901725,0,0
5,2021-02-26,3789,1885.7264659618031,507.49006061041968,36.696582309132431,21.992137024810972,2.1161135028188123,1.2681796283372817,0.16872924185194491,0.063454790284365611,0.33333333333333331,0
5,2021-03-01,3790,284.55849116740569,348.69504632826767,15.800176313407292,18.554895591050883,0.91656329224742839,1.0763636970183534,0.21023131187735014,0.21128308358986447,0.33333333333333331,0.33333333333333331
5,2021-03-02,3791,483.99608536354327,683.82521636669128,20.224287910950732,24.334431546251835,1.1817393894443573,1.4219020419686708,0.25525791548304994,0.043567637909581756,0.33333333333333331,0
5,2021-03-03,3792,401.01060826957593,74.505813990432117,16.757971094909635,8.0343887766628086,0.97879627912561384,0.46927099916259613,0.24645529684618381,0.036122403018222851,0.33333333333333331,0
5,2021-03-04,3793,303.66659603815486,388.96663860183145,15.926679044041672,19.184227539655922,0.93893465255956798,1.1309787790511965,0.20357730833341761,0.20522016146677113,0.33333333333333331,0.33333333333333331
5,2021-03-05,3794,504.93628629520168,650.34011352457583,19.337776692315781,25.360240097501975,1.1462479886379053,1.503229904122698,0.48878307186497477,0.0808317376031603,1,0
5,2021-03-08,3795,1068.3080073433364,27.356279703709092,27.615293607856454,4.48975990249816,1.6084392572576416,0.26150386758099825,0.23282988104131971,0.038970108415018537,0.33333333333333331,0
5,2021-03-09,3796,378.2402932352739,13.571785380683083,17.535338269210342,3.0707680358396678,1.0217537739896481,0.17892833211978018,0.21212531994751557,0.13764350208291007,0,0
5,2021-03-10,3797,377.54799968542062,210.61776981997238,17.087986721899068,14.342367738565295,1.0023455374178241,0.84129327420021693,0.13472640468410665,0.011686374314203185,0,0
5,2021-03-12,3798,541.14852458284315,88.4309694286884,18.905265559227701,8.2157724603441693,1.0968158013069764,0.4766496945635233,0.026349856284137867,0.018746815585839027,0,0
5,2021-03-15,3799,1099.1205527773066,403.75150427849752,30.25526555922761,19.565772460344078,1.7438193405894877,1.1277102282619065,0.24477008341533005,0.31265721398089968,0.66666666666666663,0.33333333333333331
5,2021-03-16,3800,709.09633414579446,100.501267929571,22.607971094909697,9.5156112233373733,1.3070835773081082,0.5501466321705184,0.54494007223057317,0.46026944273499609,1,0.66666666666666663
5,2021-03-17,3801,116.07747173744404,78.083801531294668,9.1254193099863041,8.6565395400998568,0.52873395387834188,0.5015666921663976,0.021680240110934532,0.018241324090141828,0,0
5,2021-03-18,3802,594.87465677880448,126.23041161474225,23.277486618281046,7.6582743859748161,1.3414872417174415,0.4413482241801992,0.0081798230920643086,0.074320203102478957,0,0
5,2021-03-19,3803,263.01129137072013,157.44878711110033,13.993385639723783,10.359378343860195,0.80600095842662112,0.59668682682142649,0.39185217684276802,0.48917111663748164,0.66666666666666663,1
5,2021-03-22,3804,286.01550028408923,195.37775023815644,16.518365793148103,13.676045010526877,0.9569207387989862,0.79226306398603141,0.58082998382351769,0.22791882394119675,0.66666666666666663,0.66666666666666663
5,2021-03-23,3805,485.02385441010188,80.278253830634199,21.710819951614365,7.1232062067665538,1.2545980902406451,0.41162705615524731,0.032176178386681221,0.18026872458388613,0,0.33333333333333331
5,2021-03-24,3806,619.95386878762781,153.87912465108161,23.021613193490037,8.4109679737220322,1.3251374658084405,0.48414021606642677,0.24298889595235082,0.25986913065719047,0.66666666666666663,0.66666666666666663
5,2021-03-25,3807,452.53796295288566,88.568425132620987,20.081348171358361,6.6898728734332353,1.159565086693519,0.3862959275570641,0.30518385871873543,0.032694695800613169,0.66666666666666663,0
5,2021-03-26,3808,1218.9481610698981,1792.9102678520392,32.336474668777932,42.129371408119745,1.9202752260327169,2.5018184273950976,0.15584241080096078,0.048025200258616306,0,0
5,2021-03-30,3809,440.68230836955871,615.52260501425519,18.721764086948117,24.384227539655967,1.1071088428460494,1.4419578096245509,0.050699065336627928,0.013486774735820453,0,0
5,2021-03-31,3810,2754.0276688741178,1046.6004542923572,48.093251751684193,32.239759902498157,2.7566131746587677,1.8479213539963979,0.21365820277935174,0.19507309190914449,0.33333333333333331,0.33333333333333331
5,2021-04-06,3811,446.70342112271578,150.01104146835408,20.325229639973031,12.226328381002608,1.169427210953254,0.70345090077975936,0.0017800254522063769,0.0064631330085541143,0,0
5,2021-04-07,3812,305.03789511883627,20.166930433725739,15.370302496035947,4.3101852632742821,0.87555126721936472,0.24552465185270764,0.3297199550535091,0.19962006517064371,0.66666666666666663,0.33333333333333331
5,2021-04-08,3813,148.01407193657531,269.52768656584652,10.583561431705524,15.44330414683615,0.60783146288223777,0.88693453634482822,0.024724615834441608,0.062364983945522943,0,0
5,2021-04-09,3814,238.85302531898682,337.93803800740403,13.518609873869536,18.33981473672581,0.78013733871192181,1.058361354804271,0.24429390033954393,0.080780404181256107,0.33333333333333331,0
5,2021-04-12,3815,164.37571784768568,37.711560328858845,11.328181841587517,6.0101852632743276,0.64467231058431118,0.3420319407736358,0.015695174049429206,0.0037759913725111511,0,0
5,2021-04-15,3816,469.18056195403625,359.01381641065359,20.837391309413459,18.307862975188982,1.1743014065999864,1.0317485967589384,0.36626867883146336,0.29743720279059926,0.33333333333333331,0.33333333333333331
5,2021-04-16,3817,358.21191876407124,360.84710270817078,18.361235907149723,18.357862975188937,1.0347272982332896,1.0345372203544061,0.046458718935956933,0.019808374373203132,0,0
5,2021-04-19,3818,510.2332102613359,44.675167903716762,20.159849436944949,6.1480497511193635,1.1339454642936664,0.3458137498168779,0.0084171728804417149,0.1605129981380585,0,0.33333333333333331
5,2021-04-20,3819,591.8194643695075,264.41655297588312,23.459849436944978,16.048049751119454,1.3122555970882381,0.8976674451751897,0.10247044141555045,0.027124545690119423,0,0
5,2021-04-22,3820,659.48014744095224,108.84726093756065,23.742647205032426,10.09804975111941,1.3325091034365488,0.5667330649410377,0.19559441061459301,0.12316204364414059,0.33333333333333331,0
5,2021-04-23,3821,812.03586220679654,494.53118485138276,19.997344659672763,20.052498479587637,1.1276592133348051,1.1307693619188337,0.31903124661536902,0.11028675737508591,0.66666666666666663,0
5,2021-04-26,3822,701.18566632707825,58.630124292329072,24.530243936699662,6.1383698682157046,1.3748980711655221,0.34405010050812462,0.4155581806074487,0.23642910949588716,0.66666666666666663,0.66666666666666663
5,2021-04-27,3823,735.23592121060972,7.124705716068088,20.542647205032456,2.2674678421147596,1.1591607722058714,0.12794649825723728,0.027936033231593355,0.024361630277645801,0,0
5,2021-04-28,3824,1194.7145746775323,23.294952980880268,24.660989481463201,4.0519502488804546,1.3951285311833903,0.22922808524767088,0.21042082056596725,0.49342031411764009,0.33333333333333331,1
5,2021-04-30,3825,1587.5758506730547,1724.817480332759,36.083342182385273,41.448049751119548,1.9900913979750861,2.2859691559506685,0.19980190939725864,0.37561029241550048,0.33333333333333331,0.66666666666666663
5,2021-05-06,3826,1096.2703195510812,487.3189510810501,27.418420343112604,20.770412747431465,1.4929307856095724,1.130947305950367,0.002151676595895003,0.00036089110901067978,0,0
5,2021-05-07,3827,827.92348748968618,166925.26306972795,27.786926733821549,328.16625622225519,1.5097898195453041,17.830761836629907,0.00084287670868810462,0.0032978075282489943,0,0
5,2021-05-10,3828,817.45838901324498,21200.471379200266,20.69104224151685,106.96289115687075,1.1312143809259663,5.8478427181056665,0.0013545161929657747,0.0070503545347333383,0,0
5,2021-05-11,3829,897.8872931337736,9776.1782747219131,26.782611415244826,82.617187992869205,1.4629710720076925,4.5128742007357401,0.16609490511522013,0.086284637825312357,0,0
5,2021-05-12,3830,432.5750893680991,8674.9252345438545,14.899403784486518,77.290707479469049,0.81058722509583381,4.2049239692872566,0.36313880949684485,0.25652215164664416,1,0.33333333333333331
5,2021-05-14,3831,700.10508981552675,2508.5016146538906,26.336089762742933,47.971542126488281,1.4207309576923415,2.5878805700214857,0.28005614656504346,0.3814306679549429,0.33333333333333331,0.66666666666666663
5,2021-05-17,3832,481.98909115436021,15536.03863779096,21.582565969105872,109.35998366323822,1.1561572770379469,5.858309021735006,0.037506888770836661,0.015183968507922479,0,0
5,2021-05-18,3833,1548.7828611112927,167520.87829528464,36.616668550650957,363.80800725027876,1.9389800392200458,19.2649001694659,0.010963965366758385,0.0051966670946079286,0,0
5,2021-05-19,3834,1387.6419384605424,442248.27439516503,36.736507373346434,579.83716404461336,1.9558381181571864,30.870316991141635,0.0053599486989255622,0.0014537900228555525,0,0
5,2021-05-20,3835,559.73603416767958,70548.489066271271,19.409801069197631,190.46211100479786,1.0346927378430424,10.153105762823063,0.6748481383896815,0.42433619547964518,1,0.66666666666666663
5,2021-05-21,3836,1412.8667234583127,2694.7307885835166,34.995733006019769,37.601146108883995,1.8613266497896319,1.9999013966377148,0.32854269018832183,0.20445759835275076,0.66666666666666663,0.33333333333333331
5,2021-05-24,3837,1451.4790189855576,5888.3992836335137,32.041207185720545,66.286661096058268,1.6979972011510622,3.5128066293618585,0.042521573081159447,0.083818795119073974,0,0
5,2021-05-25,3838,1727.8650192166126,12458.527642984342,35.949424173464116,98.07924252789212,1.9006277815149286,5.1853996948315908,0.0085312218757309152,0.03506912965910005,0,0
5,2021-05-27,3839,1350.1295771802672,4620.8048172684639,34.409564831647153,44.631898040082966,1.8110773879126902,2.3491090839276279,0.024587606175454732,0.014504864548266107,0,0
5,2021-05-28,3840,1518.9123744013129,9635.2420126733505,34.216884989379956,65.360389714009443,1.8015049879895733,3.4411977631299897,0.089900856970457896,0.01118967179584081,0,0
5,2021-06-01,3841,1599.5715694910753,1938.997046809736,32.893231901908543,34.164766912869787,1.7287206360219969,1.7955468092429268,0.54866462487062184,0.37930565844567848,0.66666666666666663,1
5,2021-06-02,3842,1873.6943886214776,15882.008609430997,34.903165313946751,97.445713173562282,1.8699292981139941,5.2206323523914318,0.073107149581490186,0.089744979873921993,0,0
5,2021-06-03,3843,1650.3479710755391,773.7464581227764,37.569785806682376,26.616343457946261,1.9871885013584247,1.4078252119933492,0.17729891572937426,0.2152721484936955,0.33333333333333331,0.66666666666666663
5,2021-06-04,3844,2055.5683501278095,456.85311656350945,43.226999454810461,19.335972600975538,2.2890806743703909,1.0239341559508333,0.016460194576046045,0.032004073355122301,0,0
5,2021-06-07,3845,1628.6558999698011,8540.3595854608084,38.635645147636673,60.530615408519907,2.0408126745179556,3.197349148695027,0.49311361021962802,0.33795980014299271,0.66666666666666663,0.66666666666666663
5,2021-06-08,3846,1622.6054776746389,19661.947487196907,35.818431518834586,111.37960821633237,1.8905537590433121,5.8787927908968856,0.0057214329132834656,0.0049151286113849153,0,0
5,2021-06-09,3847,1426.2120415930303,37125.94633025035,34.010284591478694,119.022299523524,1.8007722230947341,6.3019775778214067,0.13725824808104947,0.018861695777254928,0.33333333333333331,0
5,2021-06-10,3848,1851.0902517027353,2698.2362142723964,37.804484082221656,46.067051353752127,2.0097543437028076,2.4490072753915166,0.53886358902971576,0.42142840579261903,1,0.66666666666666663
5,2021-06-11,3849,1856.8412214760513,28193.244721841271,33.640901488672093,160.74349352985482,1.8037049749971636,8.618491959136497,0.50859465626281242,0.36549210991890563,1,0.66666666666666663
5,2021-06-15,3850,1389.8660849807591,84784.89302353414,31.368934108088677,251.58850210117998,1.6858220668057866,13.520811613660085,0.27896275033856777,0.29820503103737467,0.33333333333333331,0.33333333333333331
5,2021-06-16,3851,6637.8249669056322,753729.99218599405,75.544671938321997,818.06224238566574,4.2471845695351655,45.992142710162796,0.52728316518710094,0.26801541810665958,1,0.33333333333333331
5,2021-06-17,3852,664.21256741282139,4342.0206113394534,21.282974344119793,63.093471640573931,1.2003256637595057,3.5583707427992746,0.0069633375263500989,0.17024994796388448,0,0.33333333333333331
5,2021-06-18,3853,1060.5321040893712,557.84141318242791,28.16430239798304,16.934367377577399,1.5866765667436435,0.95402199248344532,0.56963145923802638,0.46130240603066469,1,1
5,2021-06-21,3854,571.99121192531413,9.148924926199312,17.242698361106324,2.6121190733924018,0.97139226281548829,0.14715749265611686,0.23741466747853554,0.24866166546931442,0.33333333333333331,0.33333333333333331
5,2021-06-22,3855,807.50098852423582,316.94013518065196,27.993410775693217,17.742086378721599,1.5624810658457926,0.99029283203402552,0.17983827321178333,0.15685813715548375,0.33333333333333331,0
5,2021-06-23,3856,743.87621683299733,120.83652376705167,26.336430020249434,10.886323336977588,1.4755542493906735,0.60992931265807149,0.12991687658033405,0.068700539430564256,0,0
5,2021-06-24,3857,811.3492694467792,40.529347066076788,27.102433798470958,5.5560661306923675,1.5169414154126972,0.31097675150098608,0.11792883848268866,0.24143168086978686,0.33333333333333331,0.66666666666666663
5,2021-06-25,3858,738.42315890545933,98.276399026030106,24.160757195054355,8.3451606031442989,1.3571171822195336,0.46875024451745761,0.061837554437267794,0.089666232678615301,0,0
5,2021-06-28,3859,1702.2640466170544,717.16324649269882,29.354240680053408,26.34315401205102,1.6721775430831645,1.5006496346834723,0.20357262587771849,0.075712279804596563,0.33333333333333331,0
5,2021-06-29,3860,196.235699872748,80.012505220804357,12.11087687132825,8.5519502488804537,0.68688862951695828,0.48503815607750073,0.088588482134187005,0.058171401169148262,0.33333333333333331,0
5,2021-06-30,3861,427.57772429559901,292.59184890645082,17.225797109202706,16.6060589330779,0.96692658485561089,0.93213914864316028,0.14722848171539341,0.063296593069656112,0,0
5,2021-07-01,3862,872.00882129120998,670.8113506297932,27.366400376832644,24.436870891702331,1.5321445778256386,1.3681309459845103,0.28901743577972439,0.26625545324276262,0.33333333333333331,0.33333333333333331
5,2021-07-02,3863,1826.9893409764281,1662.9617139760824,39.064764990150707,40.731131816723668,2.1584531861839769,2.2505252820246802,0.26654315416408364,0.26603271985248639,0.33333333333333331,0.66666666666666663
5,2021-07-06,3864,1087.9341260068929,649.86315698121791,31.102541749202373,25.297888420916781,1.723466697099292,1.4018168853194126,0.036812778039813823,0.07884676732670394,0,0
5,2021-07-07,3865,618.3978631825579,231.3266076708442,23.775988902555429,12.525552104887614,1.3152618743461542,0.69289993388768123,0.053049457435889395,0.059074779873881163,0,0
5,2021-07-08,3866,449.12763245738819,165.41357468671328,20.431117828751969,11.052530559002662,1.1312911311601312,0.61198951046526362,0.41998369373531358,0.3325254588312308,0.66666666666666663,0.66666666666666663
5,2021-07-09,3867,774.64665347634593,382.49141097107321,22.330318224243154,16.521414693485212,1.245833420232267,0.92174819758341953,0.0042512039717088777,0.020160906590975823,0,0
5,2021-07-12,3868,657.86061869773596,119.76547561074521,23.669834650955107,9.5461314052897706,1.3049499490561571,0.52629111587450839,0.0088674725920879841,0.036554934188905125,0,0
5,2021-07-13,3869,877.61241339254548,308.87125233717944,23.795401939417616,16.368904658526844,1.3051449067254068,0.89781179566294667,0.35134872628091224,0.17966923438394042,0.66666666666666663,0.33333333333333331
5,2021-07-14,3870,264.486216897563,29484.73785901564,15.494964280365062,128.29649284579014,0.84962107089047645,7.0347631443887684,0.26516591456263428,0.17921820119370238,0.33333333333333331,0.33333333333333331
5,2021-07-15,3871,313.56500426228473,11406.877065693683,15.104620474009076,73.034017045564951,0.827968013704384,4.0033994981946472,0.18250006107452132,0.098574714710490743,0.33333333333333331,0
5,2021-07-16,3872,312.42205291404929,2510.130129255765,17.420766686951612,46.359071560304905,0.95987474169109122,2.5543595548132076,0.20508156216320728,0.026518082363801463,0.66666666666666663,0
5,2021-07-19,3873,321.64440547996395,2876.2942933925806,16.348428450729369,47.715735990841189,0.89676248324123675,2.6173575047772246,0.067685824858696952,0.12547484673779349,0,0
5,2021-07-20,3874,93.193541720864957,1707.9945667740922,7.0805774701414066,38.251339523426701,0.39332171259534537,2.1248383248209475,0.25012831570506222,0.21842937042175856,0.33333333333333331,0.33333333333333331
5,2021-07-26,3875,98.115740565586066,2452.4745077380385,7.8007507519376604,40.056837301082929,0.433290790787217,2.2249472214337729,0.028711603345967025,0.10799305054516896,0,0
5,2021-07-27,3876,667.63753811036133,91.212837578357394,21.489914894756641,8.5458635344516551,1.1961435430678307,0.47566868164597875,0.37331618059759925,0.17484551453607181,0.66666666666666663,0.33333333333333331
5,2021-07-28,3877,1278.6330415918942,601.60336242522135,29.456868847003307,24.15413646554839,1.6102809187669223,1.3204032397938221,0.2205747094214304,0.064403306952285758,0.33333333333333331,0
5,2021-07-29,3878,620.56878772504626,136079.62556570632,24.809299458867372,287.55017288675299,1.3588552353206831,15.749701376790526,0.024978756920392722,0.027554789254133877,0,0
5,2021-07-30,3879,215.71028586110762,5824.1429243897073,13.444622626982587,65.187217850254683,0.7422022483084042,3.5986208755557527,0.22842388277899908,0.13431060538186085,0.33333333333333331,0.33333333333333331
5,2021-08-02,3880,19.917534267888453,828.44414880469651,4.226181293048815,26.235018990059263,0.23314932794796653,1.4473295445926826,0.1787424464729673,0.10885107788917586,0.33333333333333331,0
5,2021-08-03,3881,1410.9350502697018,806.16419080908315,35.206821607539645,26.091713632852663,1.9248166643452873,1.4264782479280884,0.15917328959320851,0.06556889190963032,0.33333333333333331,0
5,2021-08-04,3882,51.732432094313737,6710.3606310241257,6.1439112746231785,67.725615117413327,0.34118624321106084,3.7609671035631442,0.49055860997467232,0.44266194563201955,1,1
5,2021-08-05,3883,1383.306030218276,869.25942750296656,37.102512015645061,26.569215980598376,2.1046294183246386,1.5071312031651469,0.020432478449207526,0.0068121543895909827,0,0
5,2021-08-06,3884,5021.1264350978672,3001.4462952377162,66.909742781934028,54.73917608084404,3.8825394018588231,3.1763237926622012,0.041982436970841898,0.012180549437452802,0,0
5,2021-08-10,3885,99.916465191219757,340.72014282555864,9.7982711396026989,17.15114745339535,0.5619563626750802,0.98366296475082304,0.024174133489048479,0.025872260456127987,0,0
5,2021-08-11,3886,104.27475010764635,29.361963989772871,8.9905622655571733,4.995104408949298,0.51451083126686348,0.28585924281499925,0.10330138806446099,0.1610223265390229,0,0.33333333333333331
5,2021-08-12,3887,1444.6908782492762,993.20548722317926,37.365979234427947,31.445104408949117,2.1064903590736499,1.7727036902189655,0.093276901384879887,0.19631031476498698,0,0.33333333333333331
5,2021-08-13,3888,1885.0956209753688,1924.2735274460008,42.777919549705835,43.768202457310359,2.39056243816289,2.4459025095593816,0.18711892999863722,0.32620896788178461,0.33333333333333331,0.33333333333333331
5,2021-08-17,3889,1022.570399540385,144.89332511625685,30.163352363769338,11.748049751119501,1.6912922909960659,0.65872605069497314,0.039208035654325679,0.010557175587031937,0,0
5,2021-08-18,3890,527.45947505448191,20.110211945781103,20.178618949508138,3.7210527058246043,1.1342356285381603,0.20915953491046368,0.10605972436898096,0.21232389175412872,0,0.33333333333333331
5,2021-08-20,3891,1154.7297676834812,755.08989117896954,31.067583762392662,27.092079994997146,1.7240612520750647,1.5034450607656573,0.038581368215622108,0.051069334709297344,0,0
5,2021-08-23,3892,1264.1898240660892,1066.480004999326,31.455021623393577,32.527228592652364,1.7393359851471466,1.7986247113634528,0.61979261886821657,0.35490669897139376,1,1
5,2021-08-24,3893,394.57013624241586,89.349534250058639,19.129615216804194,9.2215640045198288,1.0694702978031081,0.51554559202324757,0.67774321766214662,0.39474222111612051,1,0.66666666666666663
5,2021-08-25,3894,719.01979447769554,166.06081635856822,23.516256792213426,9.9245320772721843,1.3162575166357007,0.55549826918572631,0.30101192815794775,0.45398307705268764,0.33333333333333331,0.66666666666666663
5,2021-08-26,3895,728.25962040936781,481.12079268010137,25.042388285689867,21.61744616987168,1.3924041304247909,1.2019708740545829,0.20246917398813935,0.19233448957015134,0,0.33333333333333331
5,2021-08-27,3896,1511.7965843593136,834.40033020605222,33.643023671944775,28.139809669468377,1.8537633232468123,1.5505308796577335,0.22918142732822291,0.40159311969081141,0.33333333333333331,0.66666666666666663
5,2021-08-31,3897,160.79752378685444,78.529161338076406,12.411601423461358,8.1263428947878911,0.68504257773823596,0.44852317555954802,0.10153047410442616,0.031765523273261327,0,0
5,2021-09-01,3898,134.99178566204364,7370.0130364506249,11.364707283743352,70.215705194825134,0.62700103631587278,3.8738630765951361,0.16977552926845227,0.24070333543939573,0.33333333333333331,0.33333333333333331
5,2021-09-02,3899,170.69860420921171,26674.900205296217,11.47220450380299,121.69986427329241,0.62906204440439717,6.6732392538955088,0.040003644211835374,0.010217827558906495,0,0
5,2021-09-03,3900,13.122053442193456,2240.7627889719456,3.4475237253454907,45.277245305024813,0.19130059791612744,2.5124015928210643,0.10623631960537543,0.057797369324469418,0,0
5,2021-09-07,3901,128.95065805703882,947.75271693935974,11.128770601710508,28.097642747185393,0.62311145586285044,1.5732162792377042,0.073422808363121719,0.13597154154209151,0,0
5,2021-09-08,3902,765.52875621029955,286.36354765990603,18.358173945072849,16.053868594710138,1.0265999689681449,0.8977418478797784,0.043035488438241627,0.089766710684599113,0,0
5,2021-09-09,3903,703.32270654765546,92.675997340331108,26.054645489596471,8.3504476028945955,1.4524023351132433,0.46549125385442852,0.030905169591615978,0.015341555553372169,0,0
5,2021-09-13,3904,970.73392804948196,105.68271789167609,28.703346251361381,9.273651766221823,1.601079138271448,0.5172863905297348,0.061999778720003902,0.033704403921677693,0,0
5,2021-09-14,3905,909.8615307734284,147.40514403908705,29.314581114841001,10.239809669468514,1.6313520751741006,0.56984388377353368,0.36245641845380822,0.38731924339554064,1,0.66666666666666663
5,2021-09-15,3906,2599.5083332466329,2158.3581076144224,41.00728120322227,45.452498479587497,2.3460214081193551,2.600331730289053,0.037255002846729807,0.0063398482209718887,0,0
5,2021-09-16,3907,820.35302036189887,254.35450807225149,22.171172377438552,14.219363563793801,1.2626311898082834,0.8097818026591761,0.0094953625045387218,0.020862417032794924,0,0
5,2021-09-17,3908,221.89190085134976,83.627386238654154,12.478220416358226,8.0048918110527811,0.7036325936820923,0.45138670413064069,0.059528550729810691,0.036634443249927366,0,0
5,2021-09-22,3909,298.27307286935672,241.26013717539422,14.356110636600457,14.715247931865028,0.82185199430962097,0.84241172039529577,0.10548096831877996,0.021062608452769666,0.33333333333333331,0
5,2021-09-24,3910,58.820569981739943,11.225807517540886,6.4907179033338407,3.1757529571921927,0.36977826601343589,0.18092365733448371,0.31236272270242732,0.16248809748669765,0.33333333333333331,0
5,2021-09-27,3911,480.25917976787724,652.86498129030144,20.553157999678358,24.700123128635976,1.1854741456195159,1.4246646361145483,0.065057018448695728,0.052088330170500928,0,0
5,2021-09-28,3912,95.762004194078443,32.02482360631226,9.6456420295019907,5.254895591050702,0.55525671528089049,0.30250096946439298,0.31028689675046411,0.12888176573126495,0.66666666666666663,0
5,2021-09-29,3913,370.97634543617795,156.29510863465157,14.719310925499864,10.092165012188085,0.84457831796533533,0.57907763439224713,0.33823769639689499,0.22677507540748987,0.66666666666666663,0.33333333333333331
5,2021-09-30,3914,2296.6406795883072,1932.6385354704269,46.405760609615378,42.714352028085464,2.6169891786051247,2.4088172580338623,0.22103201408649045,0.11993421731802045,0.33333333333333331,0
5,2021-10-08,3915,84.831999690622368,43.323227065806329,7.1054791935393951,6.460185263274373,0.40426018795206065,0.36754673929817505,0.019905947962358759,0.027004937474060173,0,0
5,2021-10-11,3916,433.61886578223351,275.82896938394566,20.200122735560246,16.560185263274281,1.1427024599383537,0.93679452769194071,0.34627968294244282,0.26578620011800907,0.33333333333333331,0.33333333333333331
5,2021-10-12,3917,627.38684614038777,214.44674422660202,22.959022033958188,14.499216873144709,1.2857155196258154,0.81196264059722845,0.20746903403299519,0.30715154019924573,0.33333333333333331,0.66666666666666663
5,2021-10-13,3918,1184.01641105456,735.77134252540156,32.813120820909639,26.998049751119499,1.8242686841001632,1.5009756908389111,0.21846939017020192,0.21245393931765155,0.33333333333333331,0.33333333333333331
5,2021-10-14,3919,821.82596609452651,90.287803893043289,18.602245737864525,9.3576846048949083,1.0522524952832268,0.52932571229996384,0.28359597698126809,0.13311593773357022,0.66666666666666663,0.33333333333333331
5,2021-10-18,3920,796.52720905136141,18.901908425642645,24.663502188646209,4.0710527058245889,1.3871486045357824,0.22896809369092178,0.021312656138337355,0.043538010240606197,0,0
5,2021-10-20,3921,272.88195510617334,20.937121550763557,14.274263988813345,3.7121175852456267,0.80224043100170539,0.20862797646521816,0.038827740957385871,0.13529523107234948,0,0
5,2021-10-21,3922,1752.617977571751,1342.6365927717807,38.246712867421138,36.548049751119457,2.1151230674641859,2.021183450912178,0.21954368598929777,0.27332829998171554,0.33333333333333331,0.66666666666666663
5,2021-10-22,3923,1110.6371189911592,778.840895334994,31.195792132669641,27.47969864746339,1.7280593897061152,1.52221014526871,0.26963183611337982,0.28342173452619068,0.66666666666666663,0.33333333333333331
5,2021-10-25,3924,442.64148401891617,438.18390620149904,18.004997792910444,20.300221116953935,1.0083726466864802,1.1369169789114801,0.19821282601183321,0.23252698842938221,0.33333333333333331,0.66666666666666663
5,2021-10-26,3925,823.47317901375391,87.343136461701462,25.804699026879462,8.914989309932329,1.4373874962751405,0.49658762344700341,0.16440407959092673,0.16310970605742248,0.33333333333333331,0.33333333333333331
5,2021-10-27,3926,922.1755073470066,371.11683826236981,27.521348464347437,17.749592092249106,1.5259965879871047,0.98417477639307505,0.30983088526235347,0.33891098441277384,0.66666666666666663,0.66666666666666663
5,2021-10-28,3927,703.32323715941413,350.9117264166361,18.131530958165211,17.560190330531441,1.0248724505081654,0.99257781027789849,0.11509009083930789,0.054832079742941249,0.33333333333333331,0
5,2021-10-29,3928,643.32486269426624,270.13399949058328,24.88820364398104,15.850382628637362,1.3874569987724961,0.88362039405939141,0.0079661175537387285,0.040785210335269821,0,0
5,2021-11-01,3929,735.90508604755803,229.08993388356734,26.630243936699646,14.901558804922994,1.4873492103493338,0.8322800862868549,0.017322666968221562,0.017688067634177407,0,0
5,2021-11-02,3930,2005.8209229123695,884.73396707661379,36.68495590353708,28.389191988382816,2.0130576400547135,1.5578342244016141,0.29269557730104723,0.20522185428707959,0.66666666666666663,0.33333333333333331
5,2021-11-08,3931,706.65014567114792,243.94323459458602,24.112945411458366,13.494045372420866,1.319594232553952,0.73846907308164322,0.025215695975618919,0.013350033555680539,0,0
5,2021-11-09,3932,3220.0937427803015,558.35248868111012,56.261897974990234,19.657047815586264,3.0258092919753801,1.0571715508005948,0.0949542024018553,0.067424776806876363,0,0
5,2021-11-10,3933,1236.047484999315,11284.790827695484,29.588217569542394,86.859608450593285,1.5925624398268148,4.6751498170296184,0.0024154866924002791,0.0086932696285669693,0,0
5,2021-11-11,3934,1109.9912331331761,1615.612707016855,31.324833477781038,38.428111343166087,1.6836329836758506,2.0654167500559559,0.12165950506100916,0.081286069966909694,0,0
5,2021-11-12,3935,908.14109272766154,31347.00098860521,28.699645553730761,152.00644799139386,1.5430746574402256,8.1728290763693661,0.64073089368120129,0.56391270993407472,1,1
5,2021-11-15,3936,1054.6466908427642,3460.9180128288767,31.202125788076653,55.174850216445293,1.6782554748320058,2.967666212158202,0.15862135212423922,0.025931550295675732,0,0
5,2021-11-16,3937,1006.032771948413,2079.801640129413,29.96708191917234,33.647401843813746,1.6069002047923393,1.8042469753774324,0.13903777461066022,0.073227328192916594,0,0
5,2021-11-17,3938,1317.1236748342151,8948.5032362073835,34.709694410814187,93.130196853893878,1.8658116653665637,5.006192380470563,0.14175988947502052,0.036200096605721002,0.33333333333333331,0
5,2021-11-18,3939,3057.2537083476564,4806.5942392127945,44.248393435323351,69.121180525329464,2.4365184568334217,3.8061276135199726,0.39172818525210862,0.45693005303452705,0.66666666666666663,1
5,2021-11-22,3940,3201.5791212691934,36625.180846560266,53.557272302604439,165.00792300824637,3.0053742769621752,9.2594440676886922,0.050750454809235013,0.062695309845076388,0,0
5,2021-11-24,3941,145.01276940611422,5456.9453785286541,9.1337948970932157,67.569810728859309,0.50720762422774401,3.7522107246145779,0.17518685842282031,0.15937453913942004,0.33333333333333331,0
5,2021-11-26,3942,488.83636271542917,214.72729459047136,18.907641507202015,13.952296448955471,1.0586881775638746,0.78122547937822839,0.18817861137367883,0.22366959967404651,0,0.33333333333333331
5,2021-11-29,3943,931.47719866871512,355.48080811416952,27.525774099827458,17.689809669468559,1.525480719343131,0.98037074204547547,0.16848071332576731,0.12678458579140436,0,0.33333333333333331
5,2021-11-30,3944,682.27771181718083,89.186339454351355,22.232511548113887,7.9142764689468095,1.2425603771476255,0.44232368137190492,0.20003646777096187,0.19706310225760615,0.66666666666666663,0.33333333333333331
5,2021-12-01,3945,144.05656827038442,184.07735028702746,7.8798654597821951,13.464364056675018,0.44645130083751816,0.7628534876303128,0.17175758824427989,0.20333757118857967,0.33333333333333331,0.33333333333333331
5,2021-12-02,3946,74.771074337346093,360.06542427845051,8.1820529067173684,17.31266038534265,0.462903618382358,0.97947217251804186,0.060183852504647806,0.34352299976338779,0,1
5,2021-12-03,3947,1137.6054218871411,192.83139895939954,29.272101807424406,13.0765887238418,1.6457482814170525,0.73519740948707157,0.54007294042012688,0.25424493323820391,1,0.66666666666666663
5,2021-12-06,3948,439.6029055677418,225.17049877284299,17.815213972192016,14.882429780049657,1.0000962175985639,0.83545792685601705,0.26271427375742024,0.12250194863521265,0.33333333333333331,0.33333333333333331
5,2021-12-07,3949,757.59619436154389,385.53384965806958,22.13227356877557,19.1322869827837,1.2407373903338699,1.0725578530543616,0.20538738906511175,0.0092529152854037271,0.33333333333333331,0
5,2021-12-08,3950,300.36170303141279,48.803365618756494,15.831552090681043,6.4490709788706226,0.8913409391482161,0.36309269931428217,0.06717750307317015,0.065599672152740526,0,0
5,2021-12-09,3951,350.41122450898933,116.95757860931946,14.753242576450171,10.631131816723761,0.82895027821043243,0.59733849230081537,0.12558386655605977,0.064998673750655406,0,0
5,2021-12-10,3952,750.23082287411432,352.92130085857031,26.311281727649884,18.681131816723717,1.4717128161790962,1.0449229117755741,0.53876414097293868,0.41912764072231717,0.66666666666666663,0.66666666666666663
5,2021-12-13,3953,892.5385346351095,16.763414230266175,26.164647279718491,3.8769848886471814,1.4724884506566767,0.218188130375777,0.57192343919132671,0.39692445049656011,1,1
5,2021-12-14,3954,365.38037960240695,51.213775893316836,15.40913343714783,6.541509638796545,0.87123701338013892,0.3698589115311986,0.015541809352978211,0.031582421287933649,0,0
5,2021-12-15,3955,1124.6887060372594,710.49318356280992,31.803451133501312,26.581131816723808,1.7710893319319103,1.4802657357422622,0.0033137219830482855,0.0037143015428992301,0,0
5,2021-12-16,3956,1557.3861122411361,1302.7362380455527,36.598167941784219,35.998049751119503,2.0245708879672635,1.9913730016661779,0.10314859645925195,0.12794973538206125,0,0
5,2021-12-17,3957,773.13722033808881,155.94183522235411,27.459690338611455,10.37027607342308,1.5286806401275654,0.57731314777170184,0.27604159312148363,0.21346707199886372,0.33333333333333331,0.66666666666666663
5,2021-12-20,3958,661.38124572869594,186.5672166062192,21.132923458880061,13.032504458335628,1.1781420743626516,0.72655077119641132,0.036665498350522185,0.067647384190638662,0,0
5,2021-12-21,3959,662.55723473715352,56.038796871446444,21.091773544095911,6.0967371760062479,1.1764710812190937,0.34006789245907232,0.029884640375141464,0.30125385816841527,0,1
5,2021-12-22,3960,919.99381902100038,663.38063219749404,27.484027572508165,25.668572402090756,1.5224921101544517,1.4219240196150429,0.0064578381318957248,0.034722136071450242,0,0
5,2021-12-23,3961,920.9738369804827,99.40017182395637,29.463549263022589,8.545254112101702,1.6421094754366778,0.47625771838382064,0.28784519328811481,0.13226437014633363,0.66666666666666663,0.33333333333333331
5,2021-12-29,3962,914.46586333653329,546.57066716963152,28.370889730462295,15.98855898374101,1.5710546130887002,0.885375805506604,0.12791521211608955,0.16326200609492886,0,0.33333333333333331
5,2021-12-30,3963,656.88722830404129,61.805102395946335,24.007930697167165,7.1461651701586106,1.3253798552041052,0.39451060893003254,0.24772513362760007,0.18713832996088223,0.33333333333333331,0
5,2022-01-04,3964,695.19154454749241,1001.1371435052573,24.961786330393505,30.424312348273816,1.3668329270578237,1.6659445502134875,0.19642157610307645,0.10025822702785923,0.33333333333333331,0
5,2022-01-05,3965,845.84686682653808,4813.1483514255324,24.009647804509161,62.003064071655295,1.3418083552412421,3.4651166105935283,0.02610101174111017,0.057270702106995496,0,0
5,2022-01-06,3966,927.76300624843407,1145.2809596451118,25.809160649794574,26.424945137736056,1.4397612769047514,1.4741127489532555,0.028332135753841983,0.016730821135353652,0,0
5,2022-01-07,3967,362.28369552910743,112.74228272974803,17.431748859267827,8.6959679889548624,0.96478574602987754,0.48129112181507988,0.13115938290898718,0.32386884247439113,0,0.66666666666666663
5,2022-01-11,3968,1120.4297270371442,776.63475148823534,27.044953496984817,26.416341925964236,1.4848442679798406,1.4503317187857823,0.13877458216439931,0.042370819096421479,0.33333333333333331,0
5,2022-01-12,3969,198.60675209673568,80.248116486899391,11.848088869425737,7.8653695288076051,0.650868726861633,0.43208006860260967,0.056832516654685583,0.069566367406940333,0,0
5,2022-01-13,3970,201.05566018658655,1048.9485570516911,12.01638734175223,29.087526096675447,0.65917262359100526,1.5956293972229325,0.46820084900093817,0.50341889317342003,0.66666666666666663,1
5,2022-01-14,3971,754.28174336301981,2050.0424735680235,23.65218906415824,35.253816697494962,1.3015374364648915,1.9399541448614643,0.076754554414355761,0.01906650360576112,0,0
5,2022-01-18,3972,221.41680109166111,5938.5807443428812,11.561250530553783,61.661945670648116,0.63281701910582011,3.3751304453131237,0.14938245244841472,0.12144745590500024,0.33333333333333331,0
5,2022-01-19,3973,856.16811763259318,7554.340478253016,26.665223822117998,76.466106523198505,1.4449954654736501,4.1437183473703376,0.076456604373051892,0.10971860524711231,0,0.33333333333333331
5,2022-01-20,3974,566.82807098051308,7407.2399321734001,22.506489310792858,73.464640544072608,1.2247763011968251,3.9978581053587621,0.030028294162317001,0.081816022285975856,0,0
5,2022-01-21,3975,376.17495898358675,8599.0178863036344,18.524730786019216,73.21799307919423,1.0113960900862204,3.9974881567588034,0.16460889260783165,0.15515122460286904,0.33333333333333331,0.33333333333333331
5,2022-01-24,3976,1047.4394157765444,3392.7525572781365,30.581066452262576,51.20740379681282,1.6554466763526541,2.772013413999503,0.26478228850817209,0.13934962141027704,0.66666666666666663,0
5,2022-01-25,3977,2111.4368017440756,16704.357019804669,38.100783602578154,112.96542445326016,2.1088021919235174,6.252410375163147,0.067149540836077048,0.033264671854752313,0,0
5,2022-01-27,3978,3742.4265808925034,39751.171091173332,57.188253959140638,140.80322262689992,3.1981799043223802,7.8742400037412921,0.095136633076898958,0.10683832348508709,0,0.33333333333333331
5,2022-01-28,3979,671.44140831347966,150.16604297781922,21.668282415771955,11.817661278205074,1.1888665870608996,0.64839576858362091,0.019213703949823396,0.09847473619807133,0,0
5,2022-02-08,3980,750.56026953868331,638.7837968438721,26.653140082747921,19.318792267148257,1.4582087801043835,1.0569423496634347,0.059664542501957053,0.070035223864475193,0,0
5,2022-02-09,3981,603.19796012205586,273784.98973312258,22.330657588738251,420.53199792478591,1.2166975012252841,22.912904782454898,0.046320519186352251,0.017512604208271824,0,0
5,2022-02-10,3982,1947.8742425071412,9716.9453075647962,36.275962495968393,98.042855426306232,1.9438931755736888,5.2537499893527437,0.039117759323875047,0.025870204628365489,0,0
5,2022-02-14,3983,770.66337644608859,7089.8677218428265,25.956906991314174,76.057301324272046,1.4041766244523641,4.1144303007369052,0.049217101115076455,0.017254286801051153,0,0
5,2022-02-15,3984,1370.796238564342,5961.933976328889,31.210709271600763,68.761039214372815,1.6756528117470613,3.6916696668298514,0.13876259355667378,0.098962252082535174,0.33333333333333331,0
5,2022-02-16,3985,3888.4099302148684,11100.337452313754,60.034823609517844,82.791838745053226,3.1706579846057643,4.3725389498034399,0.26286006144544438,0.17537305234486397,0.33333333333333331,0
5,2022-02-17,3986,1658.6587005060919,8835.2051115608901,40.031860179417436,88.698716259074217,2.1140610572146934,4.6841316148645022,0.19110866076457875,0.097526785430340754,0.33333333333333331,0
5,2022-02-18,3987,2489.6610069065841,214896.34336611387,44.642222778527106,437.17818154951027,2.3494670163953004,23.008167020131058,0.35388899117494482,0.34211936459537157,0.66666666666666663,1
5,2022-02-22,3988,5100.8036550525185,244064.62851847184,59.660476222092711,483.17954971109879,3.0811587162161191,24.953754568563692,0.42612023865124798,0.23390783093282883,0.66666666666666663,0.33333333333333331
5,2022-02-24,3989,1765.3143213204737,9967.3826361189494,35.600908351292446,84.488414523399953,1.8888427605736657,4.4826196160547509,0.0013191263123263457,0.014236627534311047,0,0
5,2022-02-25,3990,2999.1632473275235,53956.49404517997,53.762297905427054,229.40954503736353,2.8150010684308744,12.011914288418646,0.020269674537044594,0.0097568847625132647,0,0
5,2022-02-28,3991,3535.1155790948274,3289.0211483410726,48.258418032469002,39.963805139003476,2.5023810232029557,2.0722740543947875,0.26468479775912485,0.14284359494926266,0.33333333333333331,0
5,2022-03-02,3992,1679.1520562509334,12456.616055526492,36.455574484805844,93.242744584803404,1.8892814305973176,4.8322317881842567,0.072060300204030633,0.02219430649207255,0,0
5,2022-03-03,3993,2050.471647077537,4928.943396299167,36.203227498545324,54.315762862440955,1.861061404335852,2.7921535425096877,0.03332108426242112,0.14739405588932206,0,0.33333333333333331
5,2022-03-04,3994,5822.2277938825582,45772.091807089688,71.805054219594851,178.49679339036115,3.624778728367442,9.0106662656988394,0.003675931056101409,0.018154733266277867,0,0
5,2022-03-07,3995,6822.0267488359532,7083.0764530925144,79.109293047687515,78.348803435735974,3.8797132511555632,3.8424169802474673,0.00011750375250477644,0.0095453002330009949,0,0
5,2022-03-08,3996,1262.5759317304876,4218.2793172365537,34.240465647028408,44.464083305120916,1.7215780404760628,2.2356118108060192,0.00060012919448400347,0.070761093508753453,0,0
5,2022-03-09,3997,794.2067654740739,2639.8473376955076,27.362222849597703,46.133800753163996,1.3704408919962789,2.3106180884084941,0.29889299705890127,0.097693480763295662,0.66666666666666663,0
5,2022-03-10,3998,1270.5514402210397,2717.9361802498111,31.427405110148431,51.742351476749413,1.5882854960402504,2.6149669720902318,0.091862361262644202,0.12799255847181221,0.33333333333333331,0
5,2022-03-11,3999,2306.7301331840827,4081.806955691804,44.327252652936977,45.092133804771343,2.2684809832367123,2.3076243599074404,0.054726688790852927,0.0045640332629931363,0,0
5,2022-03-14,4000,2576.0147904886576,241.13916794138876,38.906441942723553,13.125230890634915,2.0331012433163616,0.6858741614524555,0.29698729666017981,0.1031348646456598,0.66666666666666663,0
5,2022-03-15,4001,1977.9071342065879,3120.8658307591463,36.985917951114743,47.326116754714043,1.9331966313566145,2.47366280340341,0.13165988376599003,0.060186761089894757,0.33333333333333331,0
5,2022-03-16,4002,3947.2709773837782,3781.0072200900718,48.795437949289713,58.879857513000388,2.5027793680552768,3.020021927679347,0.39028320488348783,0.29505150346588699,1,1
5,2022-03-17,4003,2090.2718891231966,222.82440550250769,41.759555501871695,10.410127833063521,2.1803709960512569,0.54353885044059636,0.0042219577408221546,0.0049296229090732184,0,0
5,2022-03-22,4004,2453.2002918900025,13111.46854259455,41.306790520106155,72.358712711524959,2.1383093319583879,3.7457596848207566,0.34909692026743039,0.22544122294469396,0.66666666666666663,0.33333333333333331
5,2022-03-23,4005,4324.8461424733114,3905.3023655314228,54.74524135093899,61.274367380950707,2.7857338362985438,3.1179710655887796,0.0062811302618819538,0.0060075881181434971,0,0
5,2022-03-24,4006,1589.7564860486164,4967.9293540368699,37.628907423749752,65.327291535148859,1.9259344571475971,3.3436017778252052,0.078965953285548174,0.026363787300901494,0,0
5,2022-03-25,4007,3303.3448292570624,9698.5289822456089,44.776783343192086,83.085343731717856,2.3115966724241548,4.2892720235263866,0.17854572247490963,0.40019367449432991,0,1
5,2022-03-28,4008,2572.0597278094715,12337.333028901865,42.425191947204894,93.287060562391915,2.2212142380735549,4.8841392964603108,0.032480962274960529,0.062194299168200289,0,0
5,2022-03-29,4009,3471.6932808943761,19319.476682572262,50.649215847890595,98.399314868402598,2.6190870981663834,5.0882599409676343,0.049929641748933919,0.1231152723167004,0,0.33333333333333331
5,2022-03-30,4010,4617.1185059792433,31677.697441974287,62.568573984248133,136.62878230427313,3.2216138807120012,7.0349243006087647,0.13203988518441917,0.011313758259890838,0,0
5,2022-03-31,4011,2132.3627841652319,94080.961148814997,42.01549260066971,186.72870124856445,2.1767993472356917,9.6743103514527089,0.32699007828245102,0.16269125527042383,0.33333333333333331,0.33333333333333331
5,2022-04-06,4012,2802.2135222800266,8264.1799659843418,41.858130314616574,82.109443858079359,2.1661214197172725,4.2490914851003607,0.16189263206907803,0.11438172366942279,0.33333333333333331,0
5,2022-04-07,4013,2702.7042316742741,4569.8357065073351,42.562247643976207,66.509730916740338,2.1923481839897083,3.4258643719347028,0.15982185286560635,0.17874000914614219,0.33333333333333331,0.33333333333333331
5,2022-04-08,4014,3820.9478347715863,3468.2034113255409,50.493532663735323,58.221772457545889,2.587355315709837,2.9833605317591605,0.082426859870211353,0.13665938936750269,0,0.33333333333333331
5,2022-04-11,4015,3805.0093944756841,4877.6434101799132,49.120790703184788,63.115382413714997,2.5050764058028303,3.2187766740808832,0.35507892459923185,0.058286351774219113,0.66666666666666663,0
5,2022-04-12,4016,5323.9683807465981,5581.8693845765583,58.358236371997087,71.450626172741522,2.9522315099024703,3.614550457707931,0.053150212818517027,0.053205318264248964,0,0
5,2022-04-13,4017,3488.9310931486102,1266.2876314340792,51.903594028111456,33.345822794713968,2.6427491867673858,1.6978524844559046,0.20373980958429461,0.051842082968510082,0.33333333333333331,0
5,2022-04-19,4018,4348.8200740730745,450.34439823234197,58.215231322289355,18.803574553099377,2.9860855747372139,0.96450845339177638,0.011696341059535847,0.16422544932862021,0,0.33333333333333331
5,2022-04-20,4019,4929.8830959119296,12976.293428132594,61.973185620016999,73.604668200532842,3.188413110048721,3.7868327519953091,0.011994263901373913,0.0061965389721148206,0,0
5,2022-04-21,4020,4077.5626082751442,1950.6594747662941,54.114616187501497,33.299548558363085,2.7871863298653907,1.7151012623091388,0.066298903413702162,0.18971482030205664,0,0.33333333333333331
5,2022-04-22,4021,6867.682690292294,2566.3142107104204,63.121322335779645,46.068447538007526,3.3309404926532795,2.4310526405281014,0.20777822107539257,0.33134433848817452,0.33333333333333331,1
5,2022-04-25,4022,3769.8619359836666,40627.125414163042,56.377793163186652,200.91920017048506,2.9600857483559095,10.54915468709887,0.0064256676534455897,0.045534134582548756,0,0
5,2022-04-26,4023,2035.0602654115191,2110.0925603757141,41.118142974274555,37.886883221518552,2.1804084724930828,2.0090615771300535,0.17567924456912598,0.093260407265039702,0.33333333333333331,0
5,2022-04-27,4024,2534.7049040574311,221244.05493649325,50.246829552634381,398.03506513622233,2.6606740562686988,21.076783962733511,0.25845417458613623,0.12797095304291373,0.33333333333333331,0.33333333333333331
5,2022-04-28,4025,1811.9702799093577,152449.73868064667,40.366920672538832,309.53706084589038,2.1444960115036431,16.444182051472382,0.25349072274068601,0.18784597119916838,0.66666666666666663,0.33333333333333331
5,2022-05-06,4026,1730.7445186800476,60262.440083708883,37.312232048560269,235.75761838286522,2.0050637889494474,12.669010606849653,0.30198609087164885,0.27268203428237203,0.33333333333333331,0.66666666666666663
5,2022-05-09,4027,1219.3374407375991,491726.78069293388,31.130558524172557,575.25139288412674,1.6760738969054059,30.971620474553898,0.19454773825359481,0.074100911278141252,0.33333333333333331,0
5,2022-05-10,4028,1571.1675903028515,520833.12640735722,33.671747420406291,634.36574772918595,1.8181779972680845,34.253934918825337,0.19696743750191828,0.27555286566284837,0.33333333333333331,0.33333333333333331
5,2022-05-11,4029,1639.1799949355343,84590.430415451396,34.087097205358454,269.29076956958556,1.8555345366407259,14.658869903899491,0.099701092754955423,0.10871073808156755,0,0
5,2022-05-12,4030,2150.7722433109598,143572.79520665298,37.160879668721542,359.10840894743404,2.0513306101803175,19.823267861634182,0.1230806085779499,0.054101001386799297,0,0
5,2022-05-13,4031,771.26833266827487,3551.8757799892446,18.497995510887222,56.927961749496717,1.0135887951171081,3.1193403698354363,0.1204462883227614,0.11774354738330499,0.33333333333333331,0
5,2022-05-17,4032,1176.5631555262523,264960.67829790857,30.734701424740706,475.25345371671773,1.6974402244906914,26.247670931252184,0.33809172668521309,0.17834156279174843,0.66666666666666663,0
5,2022-05-18,4033,299.44272387138716,9616.9259052903653,16.294287137398744,90.760741124844728,0.88363813109537659,4.9219490848614278,0.15988804872901236,0.28823277804345532,0,0.66666666666666663
5,2022-05-19,4034,2045.5680513838606,321678.55188970553,33.890849704756192,566.93220937119236,1.8477183352282298,30.908963546570295,0.15739614436384139,0.013250995451656429,0.33333333333333331,0
5,2022-05-20,4035,1078.5317686190865,89435.86516330966,31.320316296312438,265.62632410583598,1.6873352169115632,14.310221102566317,0.24863339326388054,0.17854003989087519,0.66666666666666663,0.33333333333333331
5,2022-05-23,4036,1149.2412382401926,35285.495346152798,31.040917265729149,176.03074716210958,1.6625203398708772,9.428029948160761,0.14774768253747489,0.02697477915790367,0.33333333333333331,0
5,2022-05-24,4037,1349.4406030985622,80050.138445369783,27.868361993445735,258.88968074248538,1.508681355210358,14.015249065747369,0.41215462225972566,0.14365895570631315,1,0.33333333333333331
5,2022-05-25,4038,1000.1356350968525,60011.379611693068,28.83603852261399,202.26963603008866,1.5601806315495192,10.943846126340519,0.0083997475650825614,0.042641609955225181,0,0
5,2022-05-26,4039,611.85558810189252,27574.967331936448,24.509773321552377,120.84200530440778,1.3235648191787652,6.5256510046661509,0.23925468379589265,0.23004353772261821,0.66666666666666663,0.33333333333333331
5,2022-05-27,4040,1315.0384582595395,45919.497002780234,27.438086584692126,193.97622862276862,1.4922546682271236,10.549639888114896,0.43980640775401181,0.27521873285391085,0.66666666666666663,0.33333333333333331
5,2022-05-31,4041,1280.4344244937072,35683.746812573088,32.889362948713902,133.96108653325959,1.7827179223109055,7.2611570563856889,0.058610700439501895,0.07511623475081175,0,0
5,2022-06-01,4042,1039.3128727658568,28856.734385057895,31.807577316761051,162.0800112205518,1.721934675008719,8.7743618027583263,0.025862602535116391,0.0200538888400431,0,0
5,2022-06-06,4043,803.42987441663024,4877.0027878023238,26.758895141810779,58.091294688781694,1.446739572978524,3.140749064056104,0.037333178026293191,0.027291926254998117,0,0
5,2022-06-07,4044,765.84255641107359,19008.973531058564,25.468886877843108,116.28325765568896,1.3745048100511674,6.2755744977300507,0.29140099169902528,0.15993811809325134,0.33333333333333331,0
5,2022-06-08,4045,793.8767109217921,9723.1781500264242,24.360255268575354,96.833155794173464,1.3204463923124024,5.2488362627949954,0.036414277283453048,0.071699130910207562,0,0
5,2022-06-09,4046,1161.3065672531209,9888.467733168105,24.023709623968141,90.999158773707521,1.3127710177031771,4.9726316269785533,0.29014243715455862,0.21799530634752542,0.33333333333333331,0.33333333333333331
5,2022-06-10,4047,255.22814721343389,4743.4751006069391,15.389832573779435,40.170956415286959,0.84058402238192276,2.194115105840837,0.017097913846795026,0.025239138927380268,0,0
5,2022-06-13,4048,514.82891566321621,5765.7042243494216,17.654221824734805,66.438937271297007,0.97091909061952408,3.6539040461583352,0.55518569068658086,0.22476347580201925,1,0.66666666666666663
5,2022-06-14,4049,548.65159340852369,10382.921387652057,19.152131845279047,71.939793851894521,1.0501511635519698,3.9446082989386988,0.029746308018762976,0.0047454510777189029,0,0
5,2022-06-15,4050,1420.8686843399234,214464.59103305847,29.265494056699861,316.49335500401668,1.6022717797262447,17.327859567698695,0.49992545990130893,0.22639981477557081,1,0.33333333333333331
5,2022-06-16,4051,647.22826330823511,1722.9689529675354,23.923768189131653,36.8005281543617,1.2991104335549757,1.9983453153246831,0.17783666173712542,0.042243621969385803,0.33333333333333331,0
5,2022-06-17,4052,1118.9671568047568,12022.971614059212,28.206260816597403,104.90416684066486,1.5327407046106456,5.7005388855136454,0.18398550056311969,0.26845035320945654,0.33333333333333331,0.33333333333333331
5,2022-06-21,4053,955.73155869145285,4976.5981068542642,27.638147732172836,65.148690413117109,1.5005645265452039,3.5371333394748277,0.15106137835499739,0.11418374485812915,0,0
5,2022-06-22,4054,439.23421101963805,118.95067428308126,20.17821320211139,10.34071714690443,1.0955107878881258,0.56141577430394862,0.35672396935444523,0.05478648632667716,1,0
5,2022-06-23,4055,592.9120686994271,9706.2353411345812,16.979527497448316,69.426605197986262,0.9301557148893872,3.8032597550185581,0.56168296453641109,0.32227913987329743,1,0.66666666666666663
5,2022-06-24,4056,507.5430142969679,7893.4426508148053,19.666643476769348,64.293329224847568,1.0768572237184113,3.520414456816928,0.010287363663773702,0.06739017420458783,0,0
5,2022-06-27,4057,770.86382914957687,277.42290205149772,24.505938668817105,12.006231792449853,1.3471833467368739,0.66002758541270745,0.31411908822627815,0.19099102303434426,1,0.33333333333333331
5,2022-06-28,4058,342.70748593653087,45868.692920483409,18.263250113538486,146.63642344157515,1.0047173766215642,8.066919182592498,0.036727861880269365,0.012702026953844125,0,0
5,2022-06-29,4059,280.02379345081823,132083.8386295095,15.837003964779191,244.04326628208591,0.87160175920633964,13.431109866928226,0.042718737547851333,0.019495389070561569,0,0
5,2022-06-30,4060,1491.0893470237236,1988.2330948141218,33.151431293786423,39.301628326833907,1.8443590249401332,2.1865213678730373,0.25320171843030487,0.032624824643414298,0.33333333333333331,0
5,2022-07-01,4061,1355.9145532236205,4530.5102969572445,33.308212538462612,56.488164045351446,1.8796959671818627,3.1878196413855218,0.0038615618440254423,0.014336370120370047,0,0
5,2022-07-05,4062,611.81477086124289,258.68673255628039,18.612946396402549,13.864925452343337,1.0609899331016672,0.79033947741796373,0.010096471802736314,0.027831433222445079,0,0
5,2022-07-06,4063,278.11606395128268,496.10014708950342,12.525066702452856,19.109102438578248,0.71655749320363027,1.0932293508726363,0.0099069968845092726,0.0026496887946488288,0,0
5,2022-07-07,4064,489.15649821221677,170.32452032443439,18.408408819925018,12.989814736725672,1.059050098948626,0.74731416043756027,0.018118776701766866,0.012517089447396315,0,0
5,2022-07-08,4065,1024.785082214659,218.7602748836172,24.78844415980052,12.038527423841211,1.4246232275747424,0.69186939217478238,0.019732092509383844,0.059949571951819512,0,0
5,2022-07-11,4066,758.61444528620723,126.88293473870151,23.532043704983,9.6018696147711271,1.3596835791866297,0.55479688072867206,0.52165965653213042,0.13452262018826264,1,0.33333333333333331
5,2022-07-12,4067,1015.6211833884782,71.640571484559757,24.221190053719965,7.8977366682011807,1.4044526298109687,0.45794599722841128,0.088879293456924677,0.01274341819243067,0.33333333333333331,0
5,2022-07-13,4068,720.79826217110201,345.03518527620446,24.736240055896968,18.442367738565206,1.4544740433878385,1.0843986440033635,0.015405675202093011,0.0537489025339409,0,0
5,2022-07-14,4069,670.08188341128061,46.388941799998662,18.358323869558792,6.26024009750184,1.0760087840787032,0.36692202312234218,0.011184021287171768,0.01377630676521638,0,0
5,2022-07-15,4070,861.84307021640632,7.6076284544730877,18.389303004377627,2.6113596052236212,1.0734831443552511,0.15243919355673341,0.4331055957041075,0.20583806361869894,0.66666666666666663,0.33333333333333331
5,2022-07-19,4071,751.81253448384984,16.871929185737915,18.385446360691123,3.1102400975019768,1.0756126110507884,0.18195987231626845,0.39655529419362856,0.10451681600543471,0.33333333333333331,0
5,2022-07-20,4072,513.61818217381949,60.637946004755179,17.949400985088914,7.3102400975020219,1.052689049621073,0.42872793956378058,0.19663283535427331,0.12070324239686402,0.33333333333333331,0.33333333333333331
5,2022-07-21,4073,2421.3794461930152,609.39815179388302,43.762405771871499,24.539759902498115,2.5194971514362243,1.412807501799022,0.088329758840037034,0.003631065304040261,0.33333333333333331,0
5,2022-07-22,4074,817.3779170730046,11.478126627817479,23.180095144519026,3.1627890739371196,1.3485423901634199,0.18400076059905288,0.33541315294395863,0.15296596896132655,0.33333333333333331,0
5,2022-07-25,4075,540.9524712304592,136.42553067235357,21.254593117809236,10.606539540099902,1.235696236609938,0.61664134996656506,0.01747049668683916,0.019386771563376263,0,0
5,2022-07-26,4076,353.43817793424819,140.07324399450565,16.150849343701793,9.8571843922225071,0.94226243946803157,0.57508149658542684,0.81939397224747601,0.32992528420474798,1,0.33333333333333331
5,2022-07-27,4077,3097.4280458836838,1410.9927713390543,49.563943985390928,37.38161970358874,2.8265722261414843,2.1318288966973902,0.0021859500649897179,0.010375216457947541,0,0
5,2022-07-28,4078,1234.7256058987389,149.50877866513318,26.89301094842229,8.8806493080730888,1.5337635992028227,0.50648165324929206,0.091006833108979557,0.058824974430516076,0,0
5,2022-07-29,4079,1232.9983384551613,451.46119233240034,31.811289913027395,21.210185263274372,1.7948143710803091,1.1966929171335123,0.11173265482646415,0.070517625555502728,0,0
5,2022-08-01,4080,363.30198606499897,71.647756957971808,16.948081756625168,8.0480497511194553,0.95227317076135221,0.45220113786315236,0.053737548497652519,0.0075076501287983212,0,0
5,2022-08-02,4081,181.76878286786393,116.11991616655199,10.981331272370275,10.451950248880545,0.62349645265409637,0.5934393327966242,0.046355020735379782,0.014155149566359222,0,0
5,2022-08-03,4082,416.95955789478211,139.08180024069711,17.618611275413212,11.498049751119501,0.98803338242559491,0.64479866257960405,0.1058158019083143,0.017569046253847243,0.33333333333333331,0
5,2022-08-04,4083,115.51206623302515,9.273110193418896,10.43441392444447,2.6174678421147441,0.58843445224556434,0.14760850653403323,0.55155760597518699,0.39019743427145959,1,0.66666666666666663
5,2022-08-05,4084,1229.9709593917858,159.350984817598,27.902697799809101,12.34804975111941,1.5640087329283989,0.69213585668111366,0.1676392593894874,0.17742449335841382,0.33333333333333331,0.33333333333333331
5,2022-08-08,4085,762.64443896713931,431.4554919313664,24.465761535877846,20.690919256696514,1.3629571062576444,1.1526653439567986,0.29395511391997603,0.25329704590168772,0.33333333333333331,0.33333333333333331
5,2022-08-10,4086,725.20522542520177,172.03286760183997,26.448003755817052,11.607578097317628,1.4758107112224235,0.64770816903730977,0.059036690686379824,0.076962624975641644,0,0
5,2022-08-12,4087,1002.4959355738093,778.99941615030355,20.909201242752335,26.202498479587501,1.1831825058144145,1.4827126799223347,0.32215732100190025,0.18826086778074969,0.33333333333333331,0.33333333333333331
5,2022-08-17,4088,581.34231393721302,172.6498809725723,20.542473360580288,12.399617371362638,1.1635169414958675,0.70230904654994974,0.066398784531337962,0.052733819333126049,0,0
5,2022-08-18,4089,500.96475463521665,445.86087139304345,18.267909392112717,20.951950248880546,1.0434333509703109,1.1967414107599914,0.26969603615135601,0.32396302811790462,0.66666666666666663,0.66666666666666663
5,2022-08-19,4090,1074.9526323619621,1176.5582689756595,29.158916835470489,34.295239030248091,1.6823260831080624,1.9786666107167512,0.12047287262539341,0.2278996884167124,0,0.33333333333333331
5,2022-08-22,4091,852.95351217505424,3.4018655911037179,21.799641569952353,1.4631614953106389,1.2481544513442129,0.08377438351668369,0.21916072165523595,0.30159614812790986,0.66666666666666663,0.66666666666666663
5,2022-08-23,4092,663.64624035480279,8.2789140372932248,18.784164240286753,2.5581872816479367,1.0760555804592415,0.14654640286700862,0.01785479846701624,0.02848095578205152,0,0
5,2022-08-24,4093,1307.0078651708284,128.62424821984618,27.231491043079284,11.145104408949161,1.5529349629653721,0.63557380222686333,0.18075094887449428,0.24665248988919253,0.33333333333333331,0.33333333333333331
5,2022-08-25,4094,464.4630672466476,100.02099492113713,19.428386055420862,6.7558176543663349,1.1094010595529402,0.38577117226931246,0.009736190983992114,0.017059946861553543,0,0
5,2022-08-26,4095,195.78239735133729,245.21767674618818,12.485181431859246,15.381797542689734,0.72156166166903113,0.88896708909956279,0.2975647426548238,0.33722502275094257,0.66666666666666663,0.66666666666666663
5,2022-08-30,4096,1547.1655064723127,2318.4918757593705,34.184167037751116,48.104895591050841,2.0175982433896666,2.8392194765419845,0.093849306308098027,0.15493432046801262,0,0.33333333333333331
5,2022-09-01,4097,356.96394749046181,153.83001928736007,15.695337327848771,10.415163354124994,0.91651604834153411,0.6081847214087589,0.01703462009067239,0.012363605639404704,0,0
5,2022-09-02,4098,716.20476876086059,278.56418786966117,24.102906722563677,16.542367738565343,1.4156529262635782,0.97159448717052399,0.25104479208142977,0.13479562074102686,0.33333333333333331,0
5,2022-09-06,4099,735.67184916171698,315.65826186935283,22.692308709096778,17.484388776662627,1.3327641446625422,1.0268927129276495,0.092798573615870697,0.096305082595814398,0,0
5,2022-09-07,4100,828.43710792276772,100.80472339902906,26.443121399651318,9.7923677385653409,1.5469693977038828,0.57287084204904459,0.20324764512227866,0.045378009796339637,0.66666666666666663,0
5,2022-09-08,4101,1061.8693011419148,187.86693540197646,30.449684408324782,10.788676960598954,1.7771497845409581,0.62966481618997039,0.037715973014466969,0.027726698817456468,0,0
5,2022-09-09,4102,948.503715515419,670.58166417299947,28.25843069197337,23.225023811279772,1.6575317882496039,1.3622913342100347,0.10120686463375617,0.036337299318813562,0,0
5,2022-09-13,4103,647.48941660745152,237.24403174938575,21.712705668833451,15.242367738565159,1.2742945987929719,0.8945576464912941,0.047238007548941065,0.068587070169841113,0,0
5,2022-09-14,4104,778.38240925756088,973.0876977169213,25.772572438938823,31.034388776662809,1.5258168515149384,1.8373328267516909,0.017247988248592177,0.038603870115181176,0,0
5,2022-09-15,4105,1633.6024540550054,2662.6014500113256,31.594515839237982,51.468380296411169,1.8979674910184112,3.0918439489629148,0.026436493890810708,0.16926683311626087,0,0.33333333333333331
5,2022-09-16,4106,804.83982560893685,1788.3249105423613,17.483222353688536,41.883428143777564,1.0505797165933681,2.5168060657859903,0.011818142302362234,0.040083181920827875,0,0
5,2022-09-20,4107,648.12537023780396,140.7893937030525,23.698003901332566,11.327497713216189,1.4175566861870834,0.67758323392948638,0.2050923322274826,0.22943423123112194,0.33333333333333331,0.66666666666666663
5,2022-09-21,4108,548.56062202180158,31.901505234437806,21.441895850401732,4.948458523102393,1.2825250979694189,0.2959869918415165,0.10542399546083588,0.022693522604102508,0,0
5,2022-09-22,4109,738.87381852654892,744.42620785629606,21.735208352468664,26.482138517676503,1.3226158975549132,1.6114728157529743,0.18967503715765474,0.043548242419084261,0.33333333333333331,0
5,2022-09-26,4110,742.47278895104512,572.02846973721728,20.967061832943802,23.330945977083804,1.2829383731838588,1.4275803693987523,0.023699851525252905,0.042004504250922371,0,0
5,2022-09-27,4111,706.09310209968351,64.945376740714849,24.74797822113419,7.1437111694769255,1.4979256254658591,0.43238877641115664,0.42370637117008619,0.35619702730775188,0.66666666666666663,0.66666666666666663
5,2022-09-28,4112,703.41665279246979,108.16326259459804,26.189505348631503,9.6425333780071778,1.5826387085225708,0.58270083260860395,0.16625464888573113,0.091112294210307254,0,0
5,2022-09-29,4113,1051.9304186325885,183.41022670028508,28.561714699488977,12.246554022916294,1.7084919814259896,0.73255893661829197,0.62055210278849382,0.29120412068804757,1,0.66666666666666663
5,2022-09-30,4114,410.73225099804762,66.689212084016063,18.097286076798735,6.116531427522129,1.0871199661680022,0.36742544767958968,0.017670807708766421,0.010252273737267737,0,0
5,2022-10-11,4115,204.89569497839315,47.738609527206528,14.155584811429739,6.1547764917686436,0.84731001774337755,0.36840609892967668,0.14096818959500909,0.093069191160443876,0.33333333333333331,0
5,2022-10-12,4116,553.45147519100112,441.76007432454293,20.31990434618039,19.597315127726688,1.2329290908428123,1.1890853181073169,0.42880258399381993,0.1152018482383685,0.66666666666666663,0
5,2022-10-13,4117,418.88242741051062,149.85037194846936,15.793129438294955,11.419623677235146,0.95756559984811462,0.69239214680380445,0.0033304006316865341,0.012289319782914839,0,0
5,2022-10-14,4118,819.10422859995003,105.07252627355309,25.037035003745284,8.5160058221537529,1.5039516446160255,0.51154863025401731,0.36256105684509854,0.33834602944973602,0.66666666666666663,0.33333333333333331
5,2022-10-17,4119,397.40364435268947,48.489900650079257,16.875677456364809,5.7954424167024472,1.0209121268218275,0.35060147711448564,0.24240349798624425,0.10745726626116107,0.33333333333333331,0.33333333333333331
5,2022-10-18,4120,677.63708577216789,586.57901895333384,22.167259122071147,23.310085464204803,1.3585376675903138,1.4285766663115034,0.12722300615511647,0.24827539773338647,0,0.33333333333333331
5,2022-10-19,4121,771.50666947878244,400.7985188989357,22.395850900945032,19.776870246628203,1.3695255244264068,1.2093726072664468,0.057551854070081697,0.14952390594455039,0,0.33333333333333331
5,2022-10-20,4122,626.28851140573443,175.88484699712214,24.139709979950037,12.858717545436017,1.4690223629971115,0.78251742251246126,0.40532755259461134,0.11099253536202809,0.33333333333333331,0
5,2022-10-21,4123,848.65101696051158,27.088934085445178,27.176696022023027,4.1731297533718434,1.6378903734833825,0.25150699131365639,0.12643674900794907,0.095675829782608621,0,0
5,2022-10-25,4124,756.72020874172733,38.393067664599656,24.247332983361275,5.2711014939358547,1.4609027253117202,0.31758406349967488,0.0044514840853232141,0.0097703991438683763,0,0
5,2022-10-27,4125,366.65975667274478,51.939292706501249,15.617990018019023,6.4288985060641908,0.94766481708801464,0.39009122939620716,0.066964672341607759,0.051484938635697107,0,0
5,2022-10-28,4126,421.09139630297136,233.37790011872173,16.209682359166209,14.838549773914869,0.98899831355498513,0.90534165795697785,0.057911686014871365,0.2500832366219945,0,0.66666666666666663
5,2022-10-31,4127,561.41242679536811,88.556430142254825,20.896896548407614,8.7190106233185052,1.2701350280144428,0.52995050134134669,0.0372286976915591,0.034456275730188085,0,0
5,2022-11-01,4128,600.49203310522614,32.062938781716063,22.330229881740934,4.4190106233185515,1.3537164609584995,0.26789188707941874,0.22953826953429216,0.068513087989876542,0.33333333333333331,0
5,2022-11-02,4129,522.97485164337979,371.13556289298594,19.411572344067128,19.010010207577352,1.1593151184942145,1.1353326688710794,0.051690853480300981,0.0456295180539057,0,0
5,2022-11-04,4130,204.72416498660087,184.52417228417588,12.620326834919902,11.379908635138614,0.75167973048154524,0.67779913845788231,0.18430044140980936,0.12384488267263077,0.33333333333333331,0
5,2022-11-07,4131,2028.2195805830108,1162.5770277553688,37.973773920904854,33.264341050180668,2.2138914980851108,1.9393290220189867,0.015849028075743333,0.017006991520325351,0,0
5,2022-11-09,4132,2982.3602157719943,880.34656725520699,50.236166611638659,29.315772460344078,2.8792759198531974,1.6802276807762764,0.0005931207409151086,0.0021397411902250069,0,0
5,2022-11-10,4133,1357.2783379759192,121.31479657536816,30.807696874238143,9.8783270199877133,1.7510840295699062,0.56147594395587641,0.088737295230916044,0.052264209199050664,0,0
5,2022-11-11,4134,799.72192626512344,186.59903738605706,24.701335653779477,12.757862975189028,1.3964235204804947,0.72123144186720722,0.18928435519098882,0.087610168714996065,0.33333333333333331,0
5,2022-11-14,4135,154.66762425331001,4.2417199673488355,11.257845711471191,1.7948653856275694,0.6355517380230441,0.10132754032955482,0.15983356589169959,0.052790514415629493,0,0
5,2022-11-15,4136,270.67187215930056,5.1884527110500569,15.198066961600338,2.1471827444321057,0.85719497809364575,0.12110449771190668,0.058697543263953537,0.036005480804598124,0,0
5,2022-11-16,4137,263.64400409824094,191.86068202808497,13.774511491850944,13.497354329161757,0.78326575070231685,0.76750564819525524,0.038530979210874554,0.062057939240076486,0,0
5,2022-11-17,4138,699.81423868312652,588.20017774231519,19.655987576349542,24.066409535129576,1.1221733030571788,1.373967203421419,0.44518251894835581,0.17791557439361813,0.66666666666666663,0.33333333333333331
5,2022-11-18,4139,776.35103189935489,1156.5605171744282,21.654985735546916,33.959080743303353,1.2442533748303215,1.951222750132346,0.52430041524393423,0.33747842200389999,0.66666666666666663,0.66666666666666663
5,2022-11-21,4140,378.05215539729278,260.74512436518745,16.560023069801371,14.62033549477087,0.950114637241537,0.83882701711299068,0.49228713925224166,0.21973975568650339,1,0
5,2022-11-22,4141,611.37676541194617,125.78870984453539,17.156715641157991,9.2780752452774777,0.97934843971561447,0.52961584869009781,0.052837186413155157,0.027924333026133997,0,0
5,2022-11-25,4142,553.30131385098832,513.29042597886371,20.958853635307833,22.568868183276283,1.2000145220753962,1.2921970847256754,0.00095450813751544962,0.021789887165207175,0,0
5,2022-11-28,4143,811.68496202020322,55.707278088154908,23.938775684497084,6.5401342321827842,1.3658227696980134,0.37314624477564812,0.37087587713105147,0.4316545126442391,0.66666666666666663,1
5,2022-11-29,4144,910.90829019884859,247.88565823132197,24.851028711020415,15.618868183276239,1.4172243348172462,0.89072530272462147,0.038364271456981597,0.01290613157554992,0,0
5,2022-11-30,4145,3582.6224287486652,1629.5601868516121,54.961068400725402,39.863241738674184,3.0480585864029841,2.2107557185300268,0.08508904499868257,0.0060690443750898463,0,0
5,2022-12-01,4146,725.46223623194555,81.326038173657409,24.286065792730671,7.5265158827907426,1.3607544918184997,0.42171261424797546,0.0035671904515870278,0.0014951373929117237,0,0
5,2022-12-02,4147,683.8921952754182,31.796984446597474,21.896268804391791,4.7026456708382893,1.2323429088469042,0.26466938714758492,0.36263321851752323,0.23459298017305055,1,0.33333333333333331
5,2022-12-05,4148,939.71522143412005,470.21587445702835,21.35350032414696,19.494145524290236,1.2038279582899403,1.0990047087772148,0.63318890514160409,0.52376687176364589,1,0.66666666666666663
5,2022-12-06,4149,596.09213170483872,111.74555769165283,21.048122643368515,10.102645670838379,1.1810191136442889,0.56686374541793172,0.27436447417045384,0.12957807395154466,0.33333333333333331,0
5,2022-12-07,4150,675.16689702179747,147.08531387042902,23.080001699082612,12.039179863904261,1.2892775297646903,0.6725235239451588,0.023177507161943667,0.047807003486028642,0,0
5,2022-12-08,4151,756.03520519780886,133.62707463827596,26.544442477935338,9.5650867090403917,1.4778522104465293,0.53253273440639093,0.56229466396305894,0.19682917404501957,1,0.33333333333333331
5,2022-12-09,4152,800.56784661452912,226.2149821702736,26.786212737292772,12.487197818340292,1.4992842682913228,0.6989364053699928,0.11867377159995705,0.045905787008718273,0.33333333333333331,0
5,2022-12-12,4153,2218.1318106196591,837.46360121315138,39.102879403959456,25.086324361852803,2.1443272410386034,1.3756861266130791,0.26266927300224879,0.3214523036505495,0.33333333333333331,0.33333333333333331
5,2022-12-13,4154,871.45732216310955,85398.702379094902,26.439275191617373,187.69646837170308,1.4623088516145781,10.38115474526164,0.0023379067278068437,0.0075813480821722576,0,0
5,2022-12-14,4155,1149.6983012727339,99398.594434665094,31.137963988197271,203.45382119865812,1.7458419437749024,11.407239561473361,0.38949983508786801,0.048225688515316223,0.33333333333333331,0
5,2022-12-15,4156,452.75667924438994,943.27434560752226,16.572719609826965,29.960979099230901,0.92453318511767968,1.6714166466336169,0.07324314357471895,0.18994731608349771,0,0.33333333333333331
5,2022-12-16,4157,780.29016003810955,78.853135754490168,26.423136296466282,8.1541228364825802,1.4754934273211013,0.45533408736221698,0.011048179059195912,0.035241065516395227,0,0
5,2022-12-19,4158,1518.7317297407851,475.97775330157788,37.347664135561523,19.472014810019193,2.0589704027543703,1.0734888808654939,0.074375598411877977,0.16880579331357301,0,0.33333333333333331
5,2022-12-20,4159,911.52042591396128,177487.76843353178,25.073581804526459,363.63110150075181,1.3795263846676271,20.006662897898369,0.0023885277084950236,0.056611130751650474,0,0
5,2022-12-21,4160,1165.3781636911121,483979.74963748426,26.514101067564678,652.37417797315379,1.4724330020305814,36.228920862617521,0.026375171955556817,0.0075743673479838416,0,0
5,2022-12-22,4161,55.314761741472687,42840.51025397794,6.1145702526026371,146.5228155594175,0.34018973253603191,8.1519314320361342,0.29931405365306141,0.32916013332808264,0.66666666666666663,0.33333333333333331
5,2022-12-23,4162,267.7981579632858,113.94280816479454,14.480742566354516,9.3314085507879554,0.8029912422078086,0.51744855689621849,0.25945285398544193,0.22075562986179995,0.33333333333333331,0.33333333333333331
5,2022-12-28,4163,424.31033566182106,88.801454291021457,17.341062628196596,7.9294985034919137,0.95608891127203854,0.43718806359707313,0.12074275104222243,0.12045899090266556,0,0.33333333333333331
5,2022-12-29,4164,369.24822010940767,2929.3862654621262,18.384272805747134,37.040550754915181,1.0143886559299879,2.0437857342629835,0.068228169554939599,0.02826857141447997,0,0
5,2022-12-30,4165,1016.2803158289544,135744.93634851559,27.58026363909433,309.19638085105157,1.4849654681039322,16.647627246597295,0.22517300293369016,0.09022766275988188,0.33333333333333331,0
5,2023-01-04,4166,2536.2761066757844,46357.483476137822,44.420906647312073,144.23710842000673,2.4220777888392626,7.8646187797168343,0.028882167161012443,0.0016830834678304223,0,0
5,2023-01-05,4167,1405.7621150179584,2612.3945596169574,33.285317492682829,44.090540960108079,1.7970692955773042,2.38044168880834,0.26204702521545692,0.21392896054804114,0.33333333333333331,0.33333333333333331
5,2023-01-06,4168,1852.534838818794,5313.0988008037175,38.613941662031344,67.474730351239643,2.0554090257382347,3.5916605195879825,0.33024495411938842,0.38983255857619903,0.33333333333333331,0.66666666666666663
5,2023-01-10,4169,1781.0553843889491,25303.575754930916,41.782825822126448,158.8754059711454,2.2315713313283543,8.4853476097495335,0.32664974032070576,0.24585287639325362,0.33333333333333331,0.66666666666666663
5,2023-01-11,4170,1044.2333308344223,117470.14746804202,32.007336185210761,279.81603724136818,1.7002117439223801,14.863670937896375,0.17377858621439243,0.095717654812205691,0.33333333333333331,0.33333333333333331
5,2023-01-12,4171,2021.5292906469531,5882.040517464804,44.474552066232036,59.182738159319037,2.3319902507003665,3.1032031124619999,0.36072138547897864,0.33405701605875127,0.33333333333333331,1
5,2023-01-13,4172,3507.7074098309399,4513.6908185525235,53.299805722054089,65.177605279751631,2.7850248574591965,3.4056643996108078,0.013521123903380944,0.12630662605121309,0,0.33333333333333331
5,2023-01-17,4173,2145.7863161827813,89361.220192297013,43.53951576295534,209.27125203646355,2.2668566544986377,10.895572032928806,0.37212868328011101,0.11823672919858062,0.66666666666666663,0
5,2023-01-18,4174,1716.9227297449343,6916.2269910583773,38.344449027594841,69.24058922808392,1.9985640064419286,3.6089121874327064,0.12424915935605969,0.10023602811495351,0.33333333333333331,0
5,2023-01-19,4175,1863.6551799150996,24649.111488849943,37.059089554650882,98.802560053391588,1.9252475221908092,5.1328671647042228,0.28016875437254379,0.28945176089552321,0.66666666666666663,0.33333333333333331
5,2023-01-20,4176,1757.9149707799527,2852.0549558616367,35.743871204602705,33.291869744568579,1.8576930099580433,1.730256730137133,0.024162260482561409,0.07129733945885243,0,0
5,2023-01-30,4177,1803.9179079589073,1435.1221980033326,33.645269656912205,22.482329275527491,1.748805533391143,1.1685809696724097,0.33608070016758845,0.19522716394595896,0.66666666666666663,0.33333333333333331
5,2023-01-31,4178,1669.4326432625458,1529.0515151054426,32.659663008857628,24.482329275527491,1.6958130229429162,1.2712149787386413,0.77148313490934506,0.35689187831210517,1,0.66666666666666663
5,2023-02-01,4179,1454.9924282264953,1341.79079998114,35.263057518053984,22.546133954915451,1.8350405910573713,1.1732695316480863,0.069550337210307678,0.015732539453513144,0,0
5,2023-02-02,4180,3093.479234919143,1040.6139466847969,44.229705827458552,30.791900616309551,2.3584773950173865,1.6419282062713387,0.67302456493700913,0.56220802817684801,1,1
5,2023-02-03,4181,3344.8072372033871,153215.13155703503,53.365977522633251,341.18193555598822,2.8488443893037902,18.21336904075741,0.048765072374109479,0.25612767362263955,0,0.33333333333333331
5,2023-02-06,4182,2197.0945169043785,132009.96104374345,37.109229489487234,306.5071246540856,1.9837082102682009,16.38462204811491,0.36430273000163788,0.38049810265128486,0.66666666666666663,0.66666666666666663
5,2023-02-07,4183,2395.7845013401561,223302.06703838645,42.579950700584504,464.3998788414151,2.2737805089357064,24.799075045599292,0.65270719920767761,0.38547920949436715,1,1
5,2023-02-08,4184,2443.9288635668354,294531.63108623982,45.548459180162503,530.31241216394449,2.4239507838945511,28.221617378742195,0.027906391445575811,0.010897344256889452,0,0
5,2023-02-09,4185,2839.631480466187,255021.81044311111,39.360969343682804,463.34175456910612,2.1165225221101687,24.914865546545467,0.0045332273294019761,0.13325436413799091,0,0.33333333333333331
5,2023-02-10,4186,2046.115514819506,671640.76509809063,31.566270590892902,819.22063948462073,1.7007230727024003,44.137854017112723,0.34355810914563806,0.35501304780781079,0.66666666666666663,0.66666666666666663
5,2023-02-13,4187,2089.0629237126395,27104.728580768733,35.143279028762741,147.72839168306487,1.8856725346763286,7.9266186447960978,0.64950939159028365,0.16408517386772878,0.66666666666666663,0
5,2023-02-14,4188,4069.1451640433793,150986.73022032171,45.585377910733392,275.98303528843684,2.4893718824122648,15.071157453496987,0.018156376604463044,0.04506115644166301,0,0
5,2023-02-15,4189,1682.8762424759943,12075.968080945269,29.127814274593145,91.257905515682225,1.5925976256646244,4.9896336977873759,0.030650800230244229,0.13521987350307496,0,0
5,2023-02-16,4190,1546.1139539728067,29634.215359236521,26.445948958246316,164.14913535266882,1.4420212632975986,8.9505785519053855,0.069990026594920693,0.080413808064561568,0,0
5,2023-02-17,4191,1341.834043714259,82582.091937803008,24.314745981533026,281.53931021591046,1.3237197365888902,15.327289120826984,0.10198443889044856,0.044471706408023504,0.33333333333333331,0
5,2023-02-21,4192,1603.3041986121777,96020.911396836003,30.269507741554435,305.54359121894458,1.6488905211251224,16.644074150562144,0.27597799000082501,0.05735229812910142,0.66666666666666663,0
5,2023-02-22,4193,2880.4661858248578,93072.34318425534,39.154163693321379,281.83486202390878,2.1620786710467645,15.562818521986182,0.17515031575447551,0.1986252704765612,0,0.33333333333333331
5,2023-02-24,4194,1219.7745228608774,132793.34829684996,29.398082884411981,313.69308070844755,1.6164783154764237,17.248677904404232,0.031810370688645735,0.031944615704660374,0,0
5,2023-02-27,4195,837.58067864993882,105533.7239718449,23.405165073130622,216.43980059733181,1.2827559505168598,11.862315060689021,0.26233079222158329,0.095314967775304682,0.33333333333333331,0
5,2023-02-28,4196,208.8029932875933,2932.5476635463533,13.191343186618269,50.259031225159184,0.71643411739949858,2.7296147304906544,0.45835359626546307,0.34836287940293498,0.66666666666666663,0.66666666666666663
5,2023-03-01,4197,1527.7531487870372,36800.820924848587,30.055644903388156,152.15141508915221,1.6368393913183834,8.286211474194106,0.16139279917480565,0.039230970429765054,0.33333333333333331,0
5,2023-03-02,4198,852.30970224297869,8005.0858377032491,28.077155437512221,60.737356329131593,1.5249792487039198,3.2988814778335058,0.089275904210847898,0.13387785324995885,0,0
5,2023-03-03,4199,893.36175849053473,20915.369190942689,25.910592474569437,128.71444204044542,1.4012921486476533,6.9611120326895124,0.26194163564915468,0.21982513052001154,0.33333333333333331,0.33333333333333331
5,2023-03-06,4200,3738.4077689138085,233556.96680315657,48.443523266036813,376.01974908378975,2.6671542843162919,20.702513300874845,0.30449532301757737,0.20310076589425385,0.33333333333333331,0.33333333333333331
5,2023-03-08,4201,781.70752142405911,978.33434034222557,25.913618425396862,28.107183732751611,1.414962237927097,1.534737563216753,0.0046864512796979977,0.0053549399209681875,0,0
5,2023-03-09,4202,2259.6575265132255,15156.158360593896,45.351952478251484,94.311093421961985,2.4366394884218394,5.0670835955385884,0.65492553756224658,0.58488707123586536,1,1
5,2023-03-10,4203,2870.1238181481494,79092.567207839456,45.336867371303015,252.32635740512137,2.3720434976875957,13.201818521693161,0.19683277765591189,0.082250023541999701,0.33333333333333331,0
5,2023-03-13,4204,3877.2737479165321,306463.9186816375,61.446028236921471,511.328325374087,3.2212014488176699,26.805500530737703,0.0037622211789473743,0.017249286191260042,0,0
5,2023-03-14,4205,3268.0382704725148,30213.292768869505,54.642145870152341,142.66370948877662,2.8409143116435653,7.4172667925952283,0.12416007845509303,0.099681487487349965,0,0
5,2023-03-15,4206,2724.1941879505616,96779.737977534169,44.225066649881377,213.71462218386964,2.3000944818557474,11.115049912046269,0.61431825269183482,0.29204152168232117,1,0.66666666666666663
5,2023-03-16,4207,4239.5478887902145,32682.377635493973,56.439752783290714,134.06253263300823,2.8764972622848339,6.8326044866728628,0.049095857846426616,0.10460679559582942,0,0
5,2023-03-17,4208,2852.583352973797,4292.0118612230663,44.568134285787359,45.002319732456876,2.2630885462608155,2.2851356910887799,0.35690579539131106,0.30992830266832544,0.66666666666666663,0.66666666666666663
5,2023-03-20,4209,3004.3093082987866,60399.105057079323,51.818148058583951,244.21661161224355,2.6197905942305897,12.346955767953867,0.36323326554555063,0.1420378621795351,0.66666666666666663,0.33333333333333331
5,2023-03-23,4210,2875.8969111009974,53852.749076433181,51.46968359510371,231.98966151063505,2.5814867888004671,11.635553290733023,0.048561376320095127,0.035598941351158368,0,0
5,2023-03-24,4211,4256.8811127819272,70992.070933555486,46.028648911552715,259.84252250441978,2.3649915946847888,13.350932434395366,0.0033219492697362184,0.040248429602609131,0,0
5,2023-03-27,4212,2801.1688127866551,43494.746476667679,46.300786942318609,199.3556676139815,2.3588550802312258,10.156439239574164,0.14060047931399089,0.072499998929039397,0.33333333333333331,0
5,2023-03-28,4213,2574.94342234838,27602.700322802248,44.639432655293,115.22983451819482,2.2717268526866663,5.864113715938668,0.063953690058432031,0.090857622762822207,0,0
5,2023-03-29,4214,1389.7038859734628,46884.407908982888,35.388589689393633,183.28495941398032,1.7875733540129126,9.2582188924574584,0.029932112961621904,0.06734188662328032,0,0
5,2023-03-31,4215,2080.2121463095755,31098.475678988969,39.455655829503563,127.92096284047823,1.9893942333234287,6.4499048475005409,0.0028798499847291071,0.026182975179152194,0,0
5,2023-04-03,4216,3405.1918699731491,56432.668920999618,52.50810914253119,236.80339975836856,2.6229136891218938,11.828932502041487,0.0023203116825568624,0.019943285570546219,0,0
5,2023-04-06,4217,3511.1128972855572,28443.451846545286,49.333944364861054,122.98101778459166,2.4633716664932868,6.1407608620657941,0.0011898089744028465,0.02934033323379388,0,0
5,2023-04-11,4218,4704.0886279248616,32314.137370387005,58.537285909633816,136.14880398638789,2.9149131515602935,6.7796436603121153,0.0020564766680872333,0.0053952175277442527,0,0
5,2023-04-12,4219,5355.7029062257034,3779.9663414928964,72.979563169662242,56.964512225366889,3.5626724191296955,2.7808592948505892,0.071657495266813157,0.062422138476226345,0,0
5,2023-04-13,4220,12895.796404375922,6185.9374942519789,83.016395595669408,62.250361545479336,4.1600759487694825,3.1194588732669857,0.0016135757377544796,0.0052372702016421323,0,0
5,2023-04-17,4221,8792.808008335367,4109.1165409784744,72.80667145302921,48.21236364328221,3.6414260004515957,2.4113415846395019,0.12965149767551065,0.0083202482283709928,0.33333333333333331,0
5,2023-04-18,4222,7919.285904888241,13474.416646062602,62.370404341809639,98.032110593052423,3.1333251785591743,4.9248755667053032,0.21323655028519828,0.17523743773059641,0.33333333333333331,0.33333333333333331
5,2023-04-19,4223,6696.0173309183856,32384.579434525309,76.051030453179393,149.83267761834404,3.7890058268280584,7.4649466964772948,0.038421729143865525,0.17599166742846803,0,0.33333333333333331
5,2023-04-20,4224,5692.6074759609373,26945.495079725835,51.292034801414424,141.89676351433368,2.5988414765239241,7.1895606371106169,0.19256632849702382,0.16262310514460931,0.66666666666666663,0.33333333333333331
5,2023-04-21,4225,7374.3888167588875,25033.543459951976,59.928111575245033,138.71227157830307,3.0294263257125178,7.0120448679760914,0.28585233627213258,0.20470442768221189,0.66666666666666663,0.33333333333333331
5,2023-04-24,4226,6767.2525973904958,3180.3285021679508,61.142044739172889,39.981341366860001,3.0764840867048853,2.0117410368753146,0.090754655044274782,0.050960044068173942,0,0
5,2023-04-25,4227,5862.7202109154996,1313.0081886580565,63.556749170204206,35.988848099722723,3.1730778417475887,1.7967472840600458,0.041665958554647942,0.028537647589907896,0,0
5,2023-04-26,4228,6771.6726532604907,3076.2258539960094,57.868216115317715,54.989907396621902,2.9143210593668432,2.7693655677799156,0.22939166704506642,0.11625006651430932,0.33333333333333331,0
5,2023-04-27,4229,7766.8057355140108,5659.4781805456232,71.332016964911944,58.457156515289775,3.5979933401383044,2.9485842231111334,0.18804183318023404,0.3220946563922738,0,0.66666666666666663
5,2023-04-28,4230,8225.5233388567813,2393.0942511390499,90.59108356362367,43.256727481649854,4.4621753306877983,2.130663357385965,0.13981248365846274,0.31810145837735998,0.33333333333333331,0.33333333333333331
5,2023-05-09,4231,6116.7562636504945,4318.7172766777921,77.745065796293531,61.254549400619375,3.8163643225237962,3.0068747711567325,0.045943625216190553,0.024595660357156154,0,0
5,2023-05-10,4232,10064.431417380774,1194.1058982081097,79.279986463322075,25.842853773963117,3.9326365467061226,1.2819193816296595,0.38827783873074329,0.13327754419919599,0.66666666666666663,0.33333333333333331
5,2023-05-11,4233,12980.526594318813,1075.1515185471524,88.275431812218585,24.891116389618066,4.3702872326461,1.2322944893122465,0.021303370971530584,0.072263045085265473,0,0
5,2023-05-12,4234,14604.186659106104,1336.4007495536355,93.047874117007268,23.737178117519459,4.6065584492800271,1.1751660041348313,0.2182442289530977,0.16208375382689949,0,0.33333333333333331
5,2023-05-15,4235,15487.76684097127,1762.2551879015955,87.536284822186644,35.633888247129939,4.3605711137107592,1.7750822310458512,0.20339978089293975,0.031863062381453887,0.33333333333333331,0
5,2023-05-16,4236,18077.057099288144,54798.502140509692,80.904987346804617,226.59647721120822,4.0976999263981275,11.476725952755684,0.0090685766256214159,0.020838477466760871,0,0
5,2023-05-17,4237,8708.8450599869648,213256.24621197293,61.143678452030677,331.56021429375465,3.1190980182640757,16.913748624891841,0.13804928547578363,0.076963646622800738,0.33333333333333331,0
5,2023-05-18,4238,7229.922819330146,17685.722403036449,61.651468132095339,125.50372170935846,3.1429174210896886,6.3980282274346694,0.2639726038409147,0.075795809301567055,0.33333333333333331,0
5,2023-05-19,4239,6319.6609586371042,5497.0900042530493,62.546022151355452,64.74460339637767,3.1744415648051287,3.2860276808799509,0.42219394194210835,0.24265181787625059,0.66666666666666663,0.33333333333333331
5,2023-05-22,4240,7305.217004598635,728.14727800440221,65.451108131870953,22.022065385411377,3.323741018274982,1.1183254816885728,0.076362929915885835,0.20496752199189694,0,0.33333333333333331
5,2023-05-23,4241,6752.4756602814259,2529.9810368330395,64.067661591662272,46.477778983837347,3.2527434616130928,2.3596973565779376,0.42011423740590842,0.074058104936012129,0.66666666666666663,0
5,2023-05-24,4242,9302.110259623596,1490.3788245079656,58.408370869992645,29.652180264867184,2.997991575516112,1.5219905178938629,0.11237973061773639,0.10235178230332169,0.33333333333333331,0
5,2023-05-25,4243,9486.2582988971426,5932.0348933509204,70.762581717055127,63.5015155367552,3.6327625502877523,3.2599987441221416,0.13304100372890859,0.010427378694268399,0.33333333333333331,0
5,2023-05-26,4244,6461.017511268582,42492.328702507752,58.76885754206311,146.40941271006136,3.0100057641457205,7.498753499964729,0.024064077057364592,0.031332576480270678,0,0
5,2023-05-30,4245,5716.9959725683429,48882.20392195123,57.121609677027287,177.24693111315173,2.9078400365010837,9.0229551574603786,0.27266603025009944,0.41121028759169903,0.33333333333333331,0.66666666666666663
5,2023-05-31,4246,7196.2095064822352,4158.4119965263208,71.034063891629714,45.359267602412579,3.5978455639390035,2.2974278928463838,0.23620711797656579,0.15894158172962528,0.33333333333333331,0.33333333333333331
5,2023-06-01,4247,7449.1452309025635,4008.7853995011615,60.500359169120735,43.903200743010984,3.0816431513623193,2.2362511520698325,0.17170845129061907,0.18836560108570444,0.33333333333333331,0
5,2023-06-02,4248,8136.2410149371863,8026.3713258591188,63.840589932817693,63.090182611030137,3.2577546976663023,3.2194617717975214,0.021933207739869332,0.064232889909227819,0,0
5,2023-06-05,4249,9056.745783560551,180147.31024856927,65.278241979280367,295.29817514062938,3.3352020426251303,15.087401974230646,0.014193963961620938,0.0015574931067400372,0,0
5,2023-06-06,4250,8572.1950565475763,175600.68936079254,71.411353287305019,297.16609546793103,3.6298245501463904,15.104892137541924,0.089128899794439678,0.02968007469776059,0,0
5,2023-06-07,4251,7677.3012312128567,7700.71596848227,66.447455269697301,73.4051303187983,3.3791423550496997,3.7329704189787578,0.41993307196010005,0.34000800474110043,1,0.33333333333333331
5,2023-06-08,4252,8259.6127391379796,589.36535903721403,64.69510264286366,19.660742507965704,3.3002654003399301,1.0029455954683315,0.33714829206292246,0.088384813219040251,0.66666666666666663,0
5,2023-06-09,4253,9663.1299543778059,211885.55950709924,69.914149037233912,302.75937952927075,3.58001684864734,15.503066185123188,0.25959027475624263,0.10000434670176757,0.66666666666666663,0
5,2023-06-12,4254,7918.5768396245621,107975.40123851789,71.762122824828268,257.69707853976234,3.6718237221054166,13.185482937973923,0.10197890067622957,0.019438557564989651,0.33333333333333331,0
5,2023-06-13,4255,7846.0103272703054,125177.64411948289,73.230724628109556,305.57997872971561,3.7442849283213797,15.624295875330589,0.34935147671705646,0.057348072635143327,0.66666666666666663,0
5,2023-06-14,4256,7811.3118300323667,147794.88216364736,69.74549947731596,326.97800393423768,3.5723870964384443,16.747919375841303,0.59950484430024242,0.31463548426516569,0.66666666666666663,0.66666666666666663
5,2023-06-15,4257,10326.328176427043,79379.158586837992,86.607245229904947,201.20694180012939,4.4193006878379864,10.26696985840691,0.13452533442357947,0.05557651491959089,0.33333333333333331,0
5,2023-06-16,4258,8979.2255707408312,47224.455674655655,65.782568782080489,185.54329375190818,3.4076287281245556,9.6114011630401279,0.15760579665835511,0.089318042370904197,0.33333333333333331,0
5,2023-06-20,4259,10261.073242927669,88168.624033276297,78.700473586427805,229.28313540785643,4.0869562789929539,11.906791753841892,0.002806561391350318,0.0089875535248432996,0,0
5,2023-06-21,4260,8281.8725366708732,114368.83818509961,74.624366241927717,224.74702578162501,3.8808240803956373,11.687920629342401,0.22267263438230936,0.1392749988380049,0.33333333333333331,0.33333333333333331
5,2023-06-26,4261,7711.7507491495198,46917.676340415775,68.450144278052903,174.76424283020711,3.5671553639091615,9.1075221653138314,0.020106181148607797,0.034238616514756737,0,0
5,2023-06-27,4262,5071.0900506822154,26119.78238467671,57.306480136713922,114.66566348909707,3.0028547545962021,6.00847115327484,0.15087014224473427,0.049240450536952342,0,0
5,2023-06-28,4263,6129.8742770650342,178414.46423344364,64.153009550355591,322.28221630405005,3.3548442698577898,16.853560795086942,0.043667276577023649,0.0094842270968278873,0,0
5,2023-06-30,4264,5432.4633605846875,100927.31209656126,64.278436382661312,195.99207848830005,3.3326473821211309,10.161611327974079,0.22585304336944281,0.14385515186931058,0.33333333333333331,0.33333333333333331
5,2023-07-03,4265,6498.2004564687568,152787.47373058286,64.754779352692751,248.56158505624072,3.3644963683107445,12.914638248836967,0.32212228487038236,0.24441459645005417,0.66666666666666663,0.66666666666666663
5,2023-07-05,4266,5947.5160484597791,140916.68005989285,57.3865225030288,243.8215891869153,3.0064188235031852,12.773553498895398,0.014093493782213732,0.058260402329920226,0,0
5,2023-07-06,4267,4550.8476206733894,177351.64244347147,61.562436279396557,345.96481847034352,3.2025405128958311,17.997441526834706,0.028055362331454798,0.0697903919461451,0,0
5,2023-07-07,4268,4893.0008391331658,232742.71148927207,56.794993282913538,347.61984300040632,2.9537649928704774,18.078835188288242,0.29882703630295571,0.11775290327425013,0.33333333333333331,0.33333333333333331
5,2023-07-10,4269,4851.6181078871878,267249.7369896521,62.905689960222084,417.21441286398164,3.2527050833900604,21.573174738953004,0.46555022960568709,0.23213796522720773,0.66666666666666663,0.33333333333333331
5,2023-07-11,4270,7306.3354477227031,53390.94532117332,77.34332851479023,196.09596578718347,3.9596236376793237,10.039213934735242,0.41306541785880313,0.16117106680109658,0.66666666666666663,0.33333333333333331
5,2023-07-12,4271,6621.9462303067876,104328.49032190612,65.923787880832379,276.89995994541613,3.3668081959517058,14.14161844413657,0.011698495115328375,0.0048930478260923492,0,0
5,2023-07-13,4272,5823.1330664311108,79558.49064754376,56.447093702193115,257.86135777643182,2.889240605118141,13.198615845648353,0.039689846288301391,0.056917620444228954,0,0
5,2023-07-14,4273,6089.3598603730561,299987.75226324936,72.132735364718357,456.44965637578235,3.6522903982135873,23.111375006368728,0.1112726115842122,0.18314623351123385,0,0.33333333333333331
5,2023-07-18,4274,7033.3609020313961,64807.52638976444,67.491524190476568,224.45782391952557,3.416686875261425,11.362939424381784,0.012071094254474009,0.0064767201324089268,0,0
5,2023-07-19,4275,8040.9938437546953,66308.320486678786,66.19436876450709,219.5357445325767,3.349747925940342,11.109546304973264,0.13476000187155121,0.26372521847958802,0,0.66666666666666663
5,2023-07-20,4276,9315.2920304625495,48373.660928099947,59.628455740700552,182.79080961604146,3.0413371284658037,9.3232076719392776,0.12693154828644124,0.050613536307263361,0.33333333333333331,0
5,2023-07-21,4277,8776.6379299051241,20649.828888183703,65.230229373646196,130.82308148240722,3.3280729272268466,6.6746470144085315,0.13497156960455936,0.11288000250329559,0.33333333333333331,0
5,2023-07-24,4278,8854.5796505033341,9931.8686707341203,64.529994978128727,90.296378676686643,3.294531831221152,4.6100157592631161,0.43539175349879405,0.48118108096219919,0.66666666666666663,0.66666666666666663
5,2023-07-25,4279,8284.0050452357118,21403.647898517629,67.146768981606712,119.15535468893692,3.4148791629764887,6.0598766561021682,0.42040261071786383,0.62537757692970508,0.66666666666666663,1
5,2023-07-26,4280,11455.38401897141,27016.603127469647,66.244279979041195,143.25723281047999,3.4052628051014575,7.3640852705415476,0.0099398854593799046,0.0085680927263618659,0,0
5,2023-07-27,4281,6456.9103486073109,105746.99916791468,60.507223657199347,295.21930330335999,3.0961864478546421,15.106526969597544,0.17128835219002272,0.19623784994633353,0.33333333333333331,0.33333333333333331
5,2023-07-28,4282,6114.3701768300243,39382.327072883789,65.301641703900714,151.15268398045646,3.3137107910537495,7.6701943003809125,0.017511900103648018,0.029091500825599654,0,0
5,2023-07-31,4283,8333.6587133137382,48237.118847811704,55.906100592265524,201.32724285208056,2.8711021257326177,10.339320195772421,0.036361036690190023,0.014997132527623663,0,0
5,2023-08-01,4284,8184.4296710102608,27011.35312271144,67.47512968141632,138.23388076088372,3.4705858286913034,7.1100648472833923,0.099989970591516805,0.013173716667535107,0,0
5,2023-08-02,4285,8461.4043083303095,42202.783874669803,69.558141079943809,141.40735973424148,3.5935288445712708,7.3054198710635445,0.24518333110492976,0.11374754749149357,0.33333333333333331,0.33333333333333331
5,2023-08-03,4286,5909.2115834782207,62196.370449868635,62.039348632303167,195.84768488978889,3.1938710717034247,10.082508424401601,0.07052089191477294,0.022470708153012539,0,0
5,2023-08-04,4287,8311.6395622410109,52257.344833689451,64.194938148558094,185.30176954354684,3.3232353962084225,9.5926784461120693,0.22127970977517528,0.35350492424047758,0.33333333333333331,0.33333333333333331
5,2023-08-07,4288,9733.9444763040901,17814.981498906302,75.698628667991827,115.21582567186981,3.9295384482969173,5.9808879605414136,0.089237341686286151,0.050196039880315825,0,0
5,2023-08-08,4289,9191.0800460969185,195442.07903341821,73.768571014911231,271.52787775940561,3.8366179178214139,14.121850358049961,0.1611662461311561,0.19744160785517692,0.33333333333333331,0.33333333333333331
5,2023-08-09,4290,6436.8416474659716,114098.83534027885,63.735480298781646,218.60807486024041,3.3180009526150056,11.380502621700266,0.072355543027369726,0.045772808619823906,0,0
5,2023-08-10,4291,6743.10310764101,176788.46465030173,63.383395733306237,312.05749548214771,3.3293970181644776,16.391726617578346,0.052222925613003644,0.0092447850630923284,0,0
5,2023-08-14,4292,4571.5454346364868,169578.91192981997,54.314508629123416,290.56046857721685,2.8641605520670459,15.322090783727523,0.093813490497314647,0.062750205914289217,0.33333333333333331,0
5,2023-08-17,4293,6173.7737462823825,377202.08005218575,71.361108067009056,472.35642232427375,3.768342824471091,24.943571966218183,0.029734909595454856,0.012119138168380181,0,0
5,2023-08-18,4294,7818.1134067977655,518502.4952868931,79.917041281510976,545.77134791145374,4.2287504977384964,28.879082885491112,0.048344683983456739,0.14539060727231293,0,0.33333333333333331
5,2023-08-21,4295,7363.3929652061606,541468.27879659936,77.908035670958952,609.81976173861119,4.1161292125721278,32.218716773932691,0.049186433121812728,0.12056256706767254,0,0.33333333333333331
5,2023-08-22,4296,6256.6383882839627,518316.94912110362,77.237335452707313,590.96109552914538,4.0298090654374725,30.833020923441698,0.48871088773231497,0.42816513258441091,0.66666666666666663,0.66666666666666663
5,2023-08-23,4297,4262.9559153174414,176393.97567175343,62.14870714561016,266.91882735608698,3.2418928638068993,13.923415005142642,0.0749453889219414,0.069291388481211677,0,0
5,2023-08-24,4298,4879.2491411759156,534541.25738427532,61.37160385342569,440.14721010289492,3.20394695136652,22.97818898997102,0.74813636176252019,0.29862207745432473,1,0.66666666666666663
5,2023-08-25,4299,4260.4432145739638,442709.80564136227,57.573774848148481,394.99115427930991,2.983097142391113,20.46586291602642,0.0063133325825055183,0.012971595407580541,0,0
5,2023-08-29,4300,3653.9499254970688,75697.304158185158,54.950353554098307,169.31723523350266,2.8215118253240381,8.6938581927808105,0.14120165818814645,0.030332412930705377,0.33333333333333331,0
5,2023-08-30,4301,7304.9599116802538,109059.28467177995,69.582790566169095,291.48896754682067,3.5824944944740307,15.007412219884708,0.011747251054305801,0.023488016164100043,0,0
5,2023-08-31,4302,5768.2135128008276,127787.36743779395,62.276080682747079,343.54767059147213,3.2091974276749924,17.703623745405796,0.021917348576750161,0.14309276283710948,0,0.33333333333333331
5,2023-09-01,4303,6843.3188569529075,56181.824785760917,62.9237402306901,221.0092136571152,3.2668989268828255,11.474441288464526,0.42735122974132772,0.26122561062306854,1,0.33333333333333331
5,2023-09-05,4304,9153.2639323460407,53867.219019246993,75.623818851939248,188.42533282560052,3.934539624460303,9.8033522970578559,0.0999062346106903,0.1096061661011342,0.33333333333333331,0
5,2023-09-06,4305,7207.9320703343301,264298.91555592464,65.250567622743645,422.80466966729773,3.4013901333303962,22.040017184940069,0.1254465677885753,0.11476793069398135,0,0
5,2023-09-07,4306,3566.782325662773,67923.72691326878,51.787134516579876,229.55153864345024,2.6863333601296753,11.907435348244123,0.18437022346635981,0.16718677574635465,0.33333333333333331,0.33333333333333331
5,2023-09-08,4307,5307.952306147653,133917.22819010055,60.600544077762684,274.81437329974847,3.1481619822729257,14.276442156926073,0.023280455444404019,0.048045937930214583,0,0
5,2023-09-11,4308,4479.3674303679627,149959.09642252725,47.969185637101113,247.3539964446455,2.5133837540070272,12.960309996837678,0.52277251603626318,0.26201851145913352,0.66666666666666663,0.66666666666666663
5,2023-09-12,4309,3056.5534176711312,96162.265491646016,46.248834327277415,275.5874807386424,2.4165970491836877,14.400014669173496,0.25876953981930512,0.10968277760486926,0.33333333333333331,0
5,2023-09-13,4310,3736.1435967739621,167252.04611965179,50.364784960420671,297.11644304877768,2.6483388963018624,15.62331763106495,0.36358768361300964,0.29756817754586112,0.66666666666666663,0.66666666666666663
5,2023-09-14,4311,5793.0835079312892,436008.02604583633,73.617449304414023,486.58010172857502,3.8189266641289628,25.241484760521605,0.15573756674292216,0.37363270154985756,0.33333333333333331,1
5,2023-09-15,4312,6336.7344525552144,84848.562135487911,69.954362697582383,228.52573818094893,3.5996790437946005,11.759371095322457,0.030642669819991225,0.010554366862776368,0,0
5,2023-09-20,4313,9816.5049916431053,132851.89817532836,77.801589351333106,242.02508274568012,4.062746180226271,12.638385521967628,0.048153916618360097,0.087882039509021459,0,0
5,2023-09-21,4314,6128.1095183082261,178407.49649824016,64.342358515486467,268.20744939957439,3.3383847518866041,13.915866313828539,0.070556206396601637,0.033269654901004746,0,0
5,2023-09-22,4315,8086.7694144138586,159502.18834193063,67.703142111161469,279.4364512041152,3.5173204203528314,14.517310502330842,0.11386172301561472,0.22428339944501363,0.33333333333333331,0.33333333333333331
5,2023-09-25,4316,10271.145248814453,154512.43763528988,76.525863754698022,248.93397546657465,4.0127874861539032,13.053353371257947,0.062342690408055061,0.025294262871390732,0,0
5,2023-09-26,4317,5960.6917177499845,167518.2874570273,59.449454925152772,297.33234698308519,3.149973768089481,15.754376462835012,0.024676495985811588,0.010713396597723428,0,0
5,2023-09-27,4318,7265.5080740247213,430817.10633060592,64.959787876574254,446.06277638258979,3.4672033239878446,23.808426590301284,0.017794821675382527,0.016556859276322125,0,0
5,2023-09-28,4319,9470.621819861346,613767.6261132881,71.491150116131394,610.7992746572105,3.8498196077615177,32.891721844760937,0.084093650132022746,0.13687186794318656,0,0.33333333333333331
5,2023-10-10,4320,4838.7030971554441,398577.68549709558,54.161176729189037,503.35223201268849,2.89438486194731,26.899250875761577,0.11467157746611108,0.18096942791827961,0,0.33333333333333331
5,2023-10-11,4321,3990.7066409599884,260752.3128919806,48.052844661283189,330.72021528525215,2.564185947773916,17.647823654495848,0.23139920419930096,0.13734999205421372,0.33333333333333331,0.33333333333333331
5,2023-10-12,4322,4071.6406057875652,97957.317341355025,61.957409021130616,231.94859028024712,3.2452026514315215,12.148993834079569,0.20556154839310725,0.087412124691178913,0.33333333333333331,0
5,2023-10-13,4323,4176.848603200252,74569.167329775111,61.52549338084517,208.06961215100372,3.2077106113419966,10.847976442272293,0.042211267959608473,0.025739202891974896,0,0
5,2023-10-16,4324,4183.9448300369231,180602.01619941069,60.196313876853232,345.36753857840682,3.1218916023676608,17.911396047007926,0.057415648774210869,0.02701495226052043,0,0
5,2023-10-17,4325,3616.8063473787297,41661.599343845657,56.734735941686722,194.88090104529442,2.9009938099752883,9.9647645878864051,0.070530470041623425,0.10450289249760684,0,0.33333333333333331
5,2023-10-18,4326,5042.157993990003,41227.137608553356,57.777875301226686,179.62218921230524,2.957583645221606,9.1946553306700753,0.51391859759731828,0.19418470712675981,0.66666666666666663,0.33333333333333331
5,2023-10-19,4327,5656.3800077087462,165585.79653081472,70.477001383061634,339.90781592697027,3.5442293881348568,17.093679453204441,0.093545708375670888,0.20484959411883383,0,0.33333333333333331
5,2023-10-20,4328,8409.6758341745644,114522.66889014693,61.294380753892938,313.06238199048784,3.106658933294117,15.867328027901058,0.067636424936132963,0.036712245081126582,0,0
5,2023-10-23,4329,7794.7128031126995,56745.742664987396,68.158052759343946,219.06745533847825,3.4365982332145388,11.045603556621705,0.19979925435864923,0.15001973905988233,0.33333333333333331,0
5,2023-10-25,4330,6017.6098330156028,36667.413479991133,53.756420250413917,179.57592367256834,2.7218440633120973,9.0924518315224461,0.40103391697705176,0.17849936950146625,0.66666666666666663,0.33333333333333331
5,2023-10-26,4331,7655.3978626759117,25348.661973431153,64.15704474891254,136.67842397112341,3.235515898376748,6.8928551097444855,0.10701413849659364,0.022375549737169705,0,0
5,2023-10-27,4332,4997.6314356316707,16343.522119260124,60.825852421012009,86.612171023182256,3.0449465569189034,4.3358115249890998,0.057560297898329539,0.024614955017094337,0,0
5,2023-10-30,4333,6552.1742527830675,20028.939155301337,64.854695849901418,121.88856763009865,3.2477688341880619,6.1038894100905736,0.029748932877628403,0.073391944419822774,0,0
5,2023-10-31,4334,7136.2527936197557,30033.020240057522,60.72841283391714,154.55546180608266,3.0572866228971303,7.780877579786174,0.65130253406370298,0.57826728568787844,1,1
5,2023-11-01,4335,10191.225330450685,40109.164869116561,73.330668904981394,190.27112818450283,3.6968475955324358,9.5922125521527946,0.29723100497759186,0.13412578738575515,0.33333333333333331,0
5,2023-11-02,4336,9478.320549906899,27101.655957678897,73.338847329458602,103.05349548066663,3.6953969227783237,5.1926582425005856,0.46836320699664752,0.2630132145604171,0.66666666666666663,0.33333333333333331
5,2023-11-06,4337,11100.971596217476,7134.5043562472647,65.529703933159155,74.726635392444223,3.3421586134114936,3.8112222875730217,0.027845099521670202,0.030770028987278347,0,0
5,2023-11-07,4338,8667.8868033818817,8136.147250168121,69.375758782605999,88.093797632369544,3.5407537592878255,4.4960725563257995,0.27936553620072713,0.21252160181343946,0.66666666666666663,0
5,2023-11-08,4339,9878.7992736203614,4479.9622864560561,70.125481869377452,56.432597534893979,3.5824916023079751,2.8829649561875903,0.452099247896176,0.28236772329462906,0.66666666666666663,0.33333333333333331
5,2023-11-09,4340,9514.881285307476,1419.8014932756953,63.165843987587927,34.941361987309087,3.2532044388838322,1.7995705707675989,0.59955430211326832,0.51160566307818511,1,1
5,2023-11-10,4341,7905.9762057878934,5140.3917819890275,60.781121873195012,51.942407660038349,3.1474055289954177,2.6897137798740824,0.29605782581452716,0.15800355316520318,0.33333333333333331,0
5,2023-11-13,4342,4669.0499798291521,14287.877722046964,56.522328975297796,104.85750263198656,2.8864431097588494,5.3547902477778857,0.32396763111460464,0.199223252166292,0.33333333333333331,0.33333333333333331
5,2023-11-15,4343,5474.5105020520377,444.34027615929739,69.380811338949272,16.774118597762406,3.5039044158855241,0.84713492236565868,0.010582537299191978,0.019492982724650609,0,0
5,2023-11-16,4344,6883.3023900207127,527.04484417913989,61.96978019712234,19.476812095287869,3.1281280228728376,0.98315600793962121,0.057198276203280503,0.046611596336030514,0,0
5,2023-11-17,4345,8352.8115811642292,9231.1138757363569,59.614756431530928,68.656762080603812,3.0281280251704636,3.4874161670444361,0.44634410961379478,0.1116817515470372,0.66666666666666663,0
5,2023-11-20,4346,8367.2361614802212,8938.9325822076971,86.036427191876626,71.483649030865763,4.2876720418557079,3.562426444277174,0.22870018590009625,0.11296957459430997,0.33333333333333331,0
5,2023-11-21,4347,6220.7087102421492,486.63752103555657,64.457640644212077,15.608439844267423,3.2268349049691913,0.7813791817109671,0.092928776218918777,0.033209076246496709,0,0
5,2023-11-22,4348,16221.44108237655,3069.2983405984119,101.34522631225143,36.712182838440867,5.065108644438685,1.8348293394527762,0.006006856384822565,0.033079672709028139,0,0
5,2023-11-24,4349,14119.747518386221,13574.747459102393,102.25159854224178,79.612610560096527,5.047841361648941,3.9302253874112765,0.53134890629883536,0.21882780174998062,1,0.33333333333333331
5,2023-11-28,4350,11227.428995992441,40870.922164805255,97.790475595398973,180.10978032304055,4.7773749039008759,8.7989340395730498,0.0064509617587481596,0.036900967597548545,0,0
5,2023-11-29,4351,10814.930227477087,16922.543766309514,82.63129737356644,110.37243709462193,4.059608311359475,5.4225079021652176,0.17749056125975746,0.2211807053746124,0.33333333333333331,0.33333333333333331
5,2023-11-30,4352,9940.3658117212344,37138.516247147345,81.757898650511677,156.62438978989863,3.9971594138316067,7.6573965869706972,0.12912825059941699,0.013236123735073163,0,0
5,2023-12-01,4353,9842.868435770366,14359.239051627481,84.295789986474347,92.676759877526976,4.1138961951379587,4.5229135393244162,0.40471988649059437,0.1038447449561547,0.66666666666666663,0
5,2023-12-04,4354,11991.616892810785,41403.724601098329,78.137936466888732,152.77898758778761,3.8618101893833856,7.5507938610614884,0.37755829876846558,0.15681867330052671,0.66666666666666663,0.33333333333333331
5,2023-12-05,4355,12431.70871893179,13202.835241820218,88.130950844334095,114.34171812128322,4.3491389086228818,5.6426035393448091,0.11943993638548951,0.046775323274800967,0.33333333333333331,0
5,2023-12-06,4356,13104.743690477235,33120.309961275656,93.11531263381373,181.98728835637925,4.5939766458046138,8.9786022179870351,0.11104616259441026,0.15026352818209787,0,0.33333333333333331
5,2023-12-07,4357,12744.153507423624,34777.401966067948,77.754461206268914,158.38765033139362,3.8720412930764865,7.8874383910857837,0.090655977759532644,0.16860005060860547,0.33333333333333331,0.33333333333333331
5,2023-12-08,4358,15246.974942546769,6501.5794649233794,74.84136304553931,79.881918755121958,3.7672143077814062,4.0209356834430805,0.34831773055106185,0.28481728348713242,0.33333333333333331,0.33333333333333331
5,2023-12-11,4359,8898.3739988702819,6286.2592027661594,71.217160656635542,71.482202794694558,3.5952828662763738,3.6086630888100846,0.18871031689549647,0.098777945492094968,0.33333333333333331,0
5,2023-12-12,4360,7573.7598843885935,13868.106503202254,70.26548164323367,100.22125353998156,3.5442865898226317,5.0552965215627523,0.13203193127100302,0.1700433786776234,0,0.33333333333333331
5,2023-12-13,4361,8969.5200446913677,3109.1104923608468,94.588485822841449,42.072206296623108,4.6228672021329089,2.0562145690153515,0.6012793202503981,0.26182846832837786,1,0.66666666666666663
5,2023-12-14,4362,9021.7615967155707,13689.90954371413,83.358261820265014,95.127654361465531,4.1016711027045725,4.6807879920024371,0.00041543805549832947,0.015531941116062093,0,0
5,2023-12-15,4363,12629.99162367604,15680.097314338482,88.455771679118541,121.18420745185881,4.3704524162710809,5.9875099410488799,0.22679920409197449,0.25381818315419541,0.33333333333333331,0.33333333333333331
5,2023-12-18,4364,12351.917374789069,1102.3800826037768,99.406480320610626,30.230591435658351,4.8696441237715549,1.4809117219319738,0.16482699192288822,0.06143712994793446,0.33333333333333331,0
5,2023-12-19,4365,12410.018438836729,275.81487648621925,90.383721359739639,15.475010685705683,4.4402604386892799,0.76023731599349975,0.30267659397902574,0.23479886755633403,0.66666666666666663,0.66666666666666663
5,2023-12-20,4366,12088.79035930168,9472.8078687442194,91.129197599711986,70.042490369011304,4.463398031038448,3.4305965797625162,0.0074002324301835299,0.011960921102685847,0,0
5,2023-12-21,4367,11147.530706214769,50436.030140496674,93.363816514511271,190.74286597239052,4.5419253023210393,9.279182037964123,0.44599090591483392,0.32322698758335661,1,0.66666666666666663
5,2023-12-22,4368,8857.4462221218801,34702.799548054834,86.764161675360356,143.65886149375987,4.1927206763003939,6.942053807565471,0.13244244301206007,0.13609789645565828,0.33333333333333331,0.33333333333333331
5,2023-12-27,4369,10300.712812542444,25977.662772919339,93.636769387192246,144.52561813648558,4.5052333230943145,6.9536960227331397,0.02063754778296056,0.084555595202541411,0,0
5,2023-12-28,4370,7890.635926779355,36763.39597403611,74.923817047822766,169.38894071234458,3.6328460554607624,8.2131953409786913,0.058168629797870429,0.08731597824897043,0,0
5,2023-12-29,4371,9795.0750049605304,44940.877913931174,79.208943646593752,148.61095760572812,3.8836480422933364,7.2864581699751456,0.018662053650572625,0.039421626019482903,0,0
5,2024-01-04,4372,13571.759734908623,20038.788033336805,100.85928382328241,133.9928907679417,4.9047722334856632,6.516054697300639,0.23171090638356165,0.11892357570422447,0.33333333333333331,0
5,2024-01-05,4373,13012.509894667686,22406.935725588028,89.875860539073685,146.37370764767289,4.4167212412931187,7.1931646590826519,0.08526249695609539,0.10442580894182248,0,0
5,2024-01-09,4374,12050.396136492114,14805.542253470272,85.848084957683341,116.58522766585452,4.2356465836630823,5.7521821425821251,0.058031162306880595,0.073940996166656073,0,0
5,2024-01-10,4375,11983.108509845644,29270.21722236092,86.164720082580061,170.27214990393955,4.2463455182012195,8.3913042359578913,0.18005891334030522,0.15899466870706319,0,0
5,2024-01-11,4376,10667.401908200138,60104.505423145187,93.8591446496157,228.59945801077856,4.5659107654326219,11.120543770134924,0.20708816595762039,0.32457304595742786,0.33333333333333331,0.33333333333333331
5,2024-01-12,4377,11529.419529482737,41953.838372151229,81.875552815282916,200.83299252645807,4.0171504950706725,9.8536904804090995,0.0057906759664595906,0.0098762380639016,0,0
5,2024-01-16,4378,16644.004156786217,14831.718157226547,95.162693372605119,120.20038438493157,4.7303438982281651,5.9749165843137355,0.31068270738786835,0.19323366384336471,0.33333333333333331,0.33333333333333331
5,2024-01-17,4379,13706.191702215738,73523.635206402381,87.480272890072456,225.42189179208609,4.3453344372179838,11.197193115045009,0.14320911389518351,0.27202184754444292,0.33333333333333331,0.66666666666666663
5,2024-01-18,4380,12708.247316114755,33259.939515915998,93.448384851322771,161.06788139718955,4.6066591827326304,7.9400498581346062,0.21465814425282873,0.12290819851446011,0.33333333333333331,0
5,2024-01-19,4381,12606.509890250678,41773.100516663391,83.13837673386638,161.22044334063116,4.1097593481730339,7.9695713359515148,0.10181475926896233,0.096220520318667777,0.33333333333333331,0
5,2024-01-23,4382,13838.129521290606,933.88184079671498,93.435438651476787,26.318598084166752,4.6148933717668141,1.299908531556899,0.19695617266739729,0.19154906281283182,0.33333333333333331,0.33333333333333331
5,2024-01-24,4383,12744.333298416093,45025.384910588058,89.525677862662477,198.43587700380598,4.4237518400327351,9.8053552565191335,0.16807336658412333,0.079632353179936222,0.33333333333333331,0
5,2024-01-25,4384,12748.246214890491,4515.2192809903072,87.024560363359797,50.199385278135502,4.3028212787816962,2.4820462436655375,0.59188004454437815,0.42528194893866633,1,0.66666666666666663
5,2024-01-29,4385,12503.024539517855,2890.004575734351,97.535963445363905,46.785605626188122,4.7740370252986422,2.2899882835069199,0.27162503558260576,0.13415765258562706,0.66666666666666663,0
5,2024-01-30,4386,10582.832360402532,34703.246923995226,92.467065205917379,168.11166344431331,4.5034489324688849,8.1875886250730936,0.15193860326897443,0.10408147002282697,0.33333333333333331,0.33333333333333331
5,2024-01-31,4387,10905.648690601573,6442.6459951629668,87.786732408796524,56.195410385570234,4.2909662198497704,2.7468001263812223,0.24717030796589792,0.1197755829562354,0.33333333333333331,0
5,2024-02-01,4388,11255.318001897287,32697.22886887785,87.900940536004782,162.89297983697588,4.3212614869112294,8.0079138626441448,0.25392677577390765,0.24439266758847233,0.66666666666666663,0.33333333333333331
5,2024-02-02,4389,12840.926247727262,1383.1576680400465,81.678551808199927,29.979960533042156,4.047500089603564,1.4856273802300375,0.12679424654943725,0.14644222997412171,0,0
5,2024-02-05,4390,12986.98527609439,13592.72000983527,96.346937221104625,96.734064253173003,4.7442848739956984,4.7633476587144479,0.012097491179976938,0.043909758934753552,0,0
5,2024-02-06,4391,12331.911048488866,759.71908610886931,97.091893773457969,21.253497095217728,4.75567661507925,1.041021605369207,0.41826823141612102,0.44785390880964798,0.66666666666666663,1
5,2024-02-07,4392,10998.303139319622,4483.1246547415458,81.029982468108003,66.717109673514031,3.9942810474013748,3.2887442226857289,0.29636073095787191,0.26279967944267618,0.66666666666666663,0.33333333333333331
5,2024-02-08,4393,12951.475724419628,8181.1650151974345,87.9321699288367,71.231478800034893,4.3455483038713476,3.5202114554007853,0.23080354556883043,0.086937711786174654,0.66666666666666663,0
5,2024-02-09,4394,12609.089347942943,6878.2971185548095,95.660921575706269,56.267827765326807,4.7144508193635737,2.773043603830605,0.22429373902382474,0.31888395728210095,0,0.33333333333333331
5,2024-02-20,4395,14738.105628014315,13839.264291754218,98.46373472336829,92.355618547642123,4.8582082014737038,4.5568332822322501,0.24678099338815354,0.30012576728073798,0.33333333333333331,0.33333333333333331
5,2024-02-21,4396,14049.26032823344,3845.2250226355777,93.107191398088233,57.960719911376295,4.6001576777711577,2.8636719323802518,0.24530503397487635,0.20398221100846983,0.66666666666666663,0.33333333333333331
5,2024-02-22,4397,13241.027643658917,2160.5293189497074,96.629643345596762,44.479747429286441,4.7666556504339361,2.194146972636466,0.062161159924971544,0.09800855395523056,0,0
5,2024-02-26,4398,13356.738994147818,9284.9828467772186,101.26742635893318,75.356610865910469,4.9761640430914804,3.7029365797356566,0.098072423495515593,0.12661115213476115,0,0.33333333333333331
5,2024-02-27,4399,12661.337021900108,2049.8826437561925,91.827079217157305,33.965851482908114,4.51804862196646,1.671177715708043,0.29424415548624139,0.16409427644185551,0.33333333333333331,0.33333333333333331
5,2024-02-28,4400,11558.634605569599,5935.9726956822024,91.747356080446636,71.786587395438502,4.4797420024143273,3.5051188884762823,0.13195400870294918,0.093320647423039541,0.33333333333333331,0
5,2024-02-29,4401,13108.97531393104,2566.408057105295,96.450026044210674,38.958132759978831,4.7053383766323869,1.9005821426470302,0.010914103735317704,0.036653797123639149,0,0
5,2024-03-01,4402,11388.723820689907,1984.4013100623968,104.60931095401004,38.952781308509962,4.9860256406668118,1.8566183507785781,0.027678409490817523,0.063149449278857669,0,0
5,2024-03-04,4403,7885.1721595141034,6048.2002629488779,69.68626855378163,72.297949141171031,3.2649113827671297,3.3872727296275777,0.00420909645802148,0.003214365255153001,0,0
5,2024-03-05,4404,7994.7800417659346,10588.562062615814,74.197633007519315,96.955638097287945,3.4625677489100646,4.5246115265785267,0.0021483155019009705,0.025344333784094147,0,0
5,2024-03-06,4405,9020.4304371670878,5186.0806790674733,81.854832915095201,71.034063542603988,3.8011020880491864,3.2986168029257237,0.015919171061171588,0.0023184807112404397,0,0
5,2024-03-07,4406,7694.9767139061223,4918.8299110120342,71.816287308465391,67.931609027416016,3.2936452249978401,3.1154857496120538,0.25241117122022211,0.22696592086206346,0.33333333333333331,0.33333333333333331
5,2024-03-11,4407,9935.5595451707868,3581.410678066135,79.751744607188968,59.837089992320976,3.6900749384471472,2.7686334293728621,0.0082857059428537994,0.011165968159804224,0,0
5,2024-03-12,4408,5368.7813608392207,2919.3479695887272,64.785116327325795,45.73638094033398,2.9876921383197654,2.1092225115446404,0.065481646621157699,0.081095043037006417,0,0
5,2024-03-13,4409,9301.8264472366463,7639.6828841471843,79.169813617793508,85.84881652611223,3.6639121444739673,3.973010761112191,0.016261079015149903,0.0045309225437037137,0,0
5,2024-03-14,4410,8982.7771547816574,7447.395785729801,78.171647792240194,78.886849495054776,3.6132865465917958,3.6463449349444068,0.63114510701815907,0.22245594625812556,1,0.66666666666666663
5,2024-03-15,4411,9672.5123617552254,5696.6964540086074,85.529704217113249,72.462258178961591,3.9631028527726642,3.3576099056581605,0.0039119329066556645,0.0065984224772990272,0,0
5,2024-03-18,4412,10868.237121854037,13788.197144432163,84.539521928982893,113.83051337836771,3.9231297010990254,5.2824035165607555,0.52432782426866975,0.37811653956436991,0.66666666666666663,0.66666666666666663
5,2024-03-19,4413,10917.777671472315,4024.1068655305771,94.258640954739505,54.324963149968575,4.3427155473273205,2.5028778230807913,0.6907718763880567,0.50249369286984125,1,0.66666666666666663
5,2024-03-21,4414,12207.755026452864,7190.9160242936159,100.08971370588809,72.51312672559682,4.6090308392838502,3.3391566920978462,0.0040818510319995515,0.083117438494769463,0,0
5,2024-03-22,4415,9957.7039251853748,1831.9157826184621,81.398620509394121,37.941217395632215,3.7342242641248795,1.7405825027815496,0.046674427864204164,0.062634170173208756,0,0
5,2024-03-26,4416,9898.8110144494003,1764.9790483737725,82.629098582013583,40.099699515203916,3.7683722616871251,1.828781844994934,0.011679134573370524,0.050293973658237047,0,0
5,2024-03-27,4417,7398.1605804619658,917.07869492267537,74.545752259031204,24.275036156756567,3.3664846234349226,1.0962601285594673,0.0008148954076123827,0.0021476160683388261,0,0
5,2024-03-28,4418,8236.8711208723198,426.07644753168825,75.429931341205247,17.242190536484333,3.3309751089072752,0.76141269757051599,0.0017257009545361332,0.030271456021400352,0,0
5,2024-04-02,4419,7897.9004686163171,6048.0510545190309,72.542703194657562,68.880511100470514,3.1814882001033946,3.0208763064039865,5.4948472587419146e-05,0.00033370676297884131,0,0
5,2024-04-03,4420,9017.9188601184233,8798.1625613216802,66.574569221774709,87.079302474119075,2.8692843108188648,3.753013790501845,0.0012506639144527158,0.001636369574122615,0,0
5,2024-04-08,4421,5990.5194404329632,1988.5071972765033,54.165044712147541,30.562550787609933,2.3216907291962086,1.3100107495760793,0.0002583030421800227,0.015405338762342341,0,0
5,2024-04-10,4422,10276.056564964316,11205.793570202179,81.558467837414511,91.23596322960536,3.3961469014122225,3.7991240153906034,0.014758982977336257,0.005620664524999818,0,0
5,2024-04-12,4423,2215.7172167952563,6602.6474362434519,43.154334206943837,65.06411073828788,1.8408981403866498,2.7755358219558013,0.0080547829197751119,0.049196264740577339,0,0
5,2024-04-15,4424,2440.9011773211246,3935.1138152013059,31.734296005218766,52.998795898023673,1.3394802357477895,2.2370384272006274,0.034975031744831332,0.22155697847468256,0,0.66666666666666663
5,2024-04-16,4425,4162.6495036971637,19463.81327241231,41.834007105612123,120.21143836950598,1.7557395855798934,5.0451772514167121,0.037093535480636645,0.024380976356186818,0,0
5,2024-04-18,4426,5389.0970497789585,20245.843130275971,49.319282026202323,136.50293656945345,2.0724999800900248,5.736140545844159,0.0071062798288406281,0.0096185388666043207,0,0
5,2024-04-19,4427,4362.5825526844719,8345.0667048881878,64.460168416119814,72.783790121013382,2.7606658993177504,3.1171455543379252,0.48868271303073746,0.59179950018928762,0.66666666666666663,0.66666666666666663
5,2024-04-22,4428,5430.4424264409781,9370.89132747248,72.687746731563493,79.667501615471338,3.1217224647969033,3.4214821712070838,0.23305181144833328,0.41619881801024872,0.33333333333333331,0.66666666666666663
5,2024-04-23,4429,2762.2304202794185,4540.8608635287928,51.344242289206704,62.55182892007997,2.2128754353714775,2.6959090149802805,0.831204415783665,0.45495730737761036,1,0.66666666666666663
5,2024-04-24,4430,3212.167022501575,1131.8027243696624,55.824975336909723,26.306202896424111,2.4075980220343181,1.1345237804124773,0.78430188816104274,0.49105332965805282,1,0.66666666666666663
5,2024-04-25,4431,5970.4031940548621,5704.6676881147914,55.993200971470436,63.913741941185741,2.3897059865763493,2.727742816831793,0.5845936357032574,0.42184873776835441,0.66666666666666663,0.66666666666666663
5,2024-04-26,4432,3027.1194310272513,2372.8182656845197,54.51755935679936,46.815866842030722,2.3631365130818964,2.0292963520602827,0.0013620367238181815,0.0088090783254875151,0,0
5,2024-04-30,4433,4623.9755210735539,1555.247002289206,59.396552578591731,33.068629616839793,2.5606377210981091,1.4256177624090274,0.74864654513853901,0.23826140937129267,1,0.66666666666666663
5,2024-05-07,4434,4357.13288167675,1933.1007255488137,61.6624228183382,33.050114234722209,2.6704671972602672,1.4313295179715555,0.068973401588603531,0.025709175704714132,0,0
5,2024-05-08,4435,4243.70982342772,1033.3145298530678,49.203469620272394,27.395006581404534,2.1156412959656188,1.1779252088147456,0.30893075699385258,0.47620924970691919,0.66666666666666663,1
5,2024-05-09,4436,8340.4914650291666,7479.5978998838364,68.44110914296607,74.072962228787063,2.8848283058848909,3.1222138392289431,0.1180618580154859,0.10854892296234252,0.33333333333333331,0
5,2024-05-10,4437,3081.3725979961296,2945.5094703491118,47.622970734462037,45.2809479345486,2.0318700714421891,1.9319458970282701,0.10254605717406994,0.012833235397560915,0,0
5,2024-05-13,4438,7025.3353054676918,3619.5138036853655,61.031891663758564,52.07474093496694,2.5917528362213544,2.2113825056783631,0.051187509578875807,0.12742944291027633,0,0.33333333333333331
5,2024-05-14,4439,3666.4291005217437,6385.2897098182848,48.708692366315667,75.087752649819322,2.0661163251883634,3.1850584368958361,0.43804735048664994,0.18965527157938333,0.66666666666666663,0.33333333333333331
5,2024-05-15,4440,4943.6063275151228,6437.7064019574254,50.98952842883606,50.91054959579818,2.1447601761939956,2.1414381086816765,0.33096580846954732,0.19054265562696568,0.66666666666666663,0.33333333333333331
5,2024-05-16,4441,7411.2483531660655,1569.5305700222434,64.673880750318247,38.358456977979131,2.691828883306346,1.5965394563380977,0.31331682919532416,0.16172810575474963,0.66666666666666663,0
5,2024-05-17,4442,8719.7004964316238,6703.8794591826954,68.637458581817555,75.152212408892112,2.8277286936850636,3.0961237757546285,0.56909487073459386,0.2737873964255168,1,0.66666666666666663
5,2024-05-21,4443,4270.6378138408008,8580.8129614814698,51.774915611255743,85.615323940000806,2.150210374652425,3.5556013098550943,0.027154857602704852,0.057772178888641411,0,0
5,2024-05-22,4444,5956.6352337439503,1954.1296735680546,71.910128928921949,34.312414381909853,3.0695406551808575,1.4646525112865436,0.034105331231210255,0.035335611559125131,0,0
5,2024-05-24,4445,5159.2334674017429,20023.348332693025,69.284372945270661,141.46363310028346,2.9474559353910901,6.0180644970660646,0.1817019973407025,0.039993908635270976,0.33333333333333331,0
5,2024-05-28,4446,4526.982503444684,5111.9381290091151,64.656320531320787,68.336842569531953,2.7591405693268527,2.9162029816088917,0.24514727540778888,0.1787598440964018,0.33333333333333331,0.33333333333333331
5,2024-05-29,4447,5138.7745932612443,7155.3553660812468,65.484182817170066,73.40893303078731,2.7882813998922771,3.1257130157240556,0.27556503378724267,0.46331910933399878,0.66666666666666663,1
5,2024-05-30,4448,4210.821200862697,11224.565091036902,60.767837510080732,89.861328488238087,2.5877925054862443,3.8267360156813832,0.0043851319114948453,0.011830393616005526,0,0
5,2024-05-31,4449,4422.3469897677278,8552.3638578526698,65.449554834391321,67.182764371580717,2.7997414054152081,2.873883063334933,0.49425247930099553,0.49343834570568984,1,0.66666666666666663
5,2024-06-03,4450,5419.8589152033428,434.29596214688962,72.131490177615731,16.925748278858617,3.1010958803790083,0.72767619427595076,0.62292964712012311,0.33706647422418423,1,0.33333333333333331
5,2024-06-04,4451,3746.3252857187977,1610.6585339016526,59.163700715605501,37.641072887811028,2.5283092547426551,1.6085584875456089,0.068904578131197811,0.1337130649385869,0,0
5,2024-06-05,4452,3530.7341513775332,24257.871831250897,42.828097316645803,142.31471519028159,1.8142886264782601,6.028751808450461,0.63811354394795017,0.12090940297104757,0.66666666666666663,0
5,2024-06-06,4453,5451.351711767923,234.71586038666877,72.267151837910049,13.866434442803438,3.1273650613601371,0.60007073060426841,0.095602192193652166,0.12139425737864058,0,0.33333333333333331
5,2024-06-07,4454,4394.1913425154762,27966.479579701234,65.152768231319286,159.87300261683717,2.8125520497008112,6.9014894287432398,0.01026674300440039,0.030565047694205035,0,0
5,2024-06-11,4455,4123.6808974497771,81557.993306644334,50.136161595986927,196.43592227468858,2.1552353184733768,8.4443169166980585,0.29359596147078498,0.085258250403012534,0.33333333333333331,0
5,2024-06-12,4456,5092.774742108867,4010.4719061090032,67.299567435488072,38.895580808854298,2.9123925668810826,1.6832084476741518,0.37300608392835405,0.3116854747284013,0.66666666666666663,0.33333333333333331
5,2024-06-13,4457,4165.8345038658772,130811.13582663942,58.543020830792706,266.32266116607633,2.5120908335640206,11.427950016781152,0.0082318806788916274,0.034812941893971112,0,0
5,2024-06-14,4458,5115.1906379508082,4337.6724972605725,62.208733984548871,56.766537500727281,2.6763927112762222,2.4422542861758036,0.09911881952258926,0.10221590910828544,0,0
5,2024-06-18,4459,6906.2489192183884,3201.4755403038253,59.908081624818351,56.462134378049392,2.5475455700296967,2.4010092863603245,0.14741744275409174,0.15214448716120837,0.33333333333333331,0.33333333333333331
5,2024-06-20,4460,3325.4308517990798,13249.874137869376,57.022880753574704,99.900626886270402,2.4420411020566886,4.2783078257968947,0.049520904730429138,0.069261854690359573,0,0
5,2024-06-21,4461,3181.424637170574,22065.148626351871,56.129106683957311,126.54490028106784,2.4102675978081511,5.4340268505021072,0.027358947343437884,0.036114641999297009,0,0
5,2024-06-24,4462,2584.9977428572079,6755.1893198340522,49.746451330847016,81.089459579436152,2.1395863026965878,3.4876436884985762,0.010385083575254037,0.050689202445565851,0,0
5,2024-06-25,4463,5627.1687090278065,17239.833569125029,74.375550574669589,119.7533031475961,3.2342117528610692,5.2074577934727495,0.024573489986119221,0.047127690651087351,0,0
5,2024-06-26,4464,8663.8010190713885,18711.008136186527,90.389056410899229,93.080991890499419,3.89004374293765,4.0058956744060694,0.014234989560065177,0.016457960688799494,0,0
5,2024-06-27,4465,5125.0046517180072,6265.8273425619991,55.864604914582891,67.674782573085693,2.3966967658236258,2.9033756305755585,0.10825909420035922,0.23699734501240602,0,0.66666666666666663
5,2024-06-28,4466,5390.2567508495422,4950.3130958586471,62.910752285163198,55.342903335574192,2.7010756208476749,2.3761497288898803,0.18034719864062956,0.11000475248072701,0.33333333333333331,0
5,2024-07-01,4467,3352.0104089923511,8125.4019049403332,55.79198510345865,78.044772858414646,2.3927086996229723,3.3470471902397185,0.46343879416080519,0.29546829867072094,0.66666666666666663,0.33333333333333331
5,2024-07-02,4468,3959.2169983984454,37732.044825075114,51.096586540917542,174.79785007002056,2.1638717911752829,7.4024541076088068,0.059343697896261559,0.18511397546774758,0,0.33333333333333331
5,2024-07-03,4469,5021.1051549255762,14185.240239866032,52.430452518139646,113.24577075303371,2.2038398738210478,4.7601257120713605,0.016922860050961271,0.017047802474887939,0,0
5,2024-07-05,4470,2915.9169509455983,10016.235406397172,46.271291155133589,69.07214664099304,1.9469122990399761,2.9062818101526537,0.22361639086636834,0.13570629001194062,0.33333333333333331,0
5,2024-07-08,4471,3364.5031654522245,13302.456596640497,53.384479589517163,95.716986738625266,2.2545073520637344,4.0422731846203499,0.062389151152310453,0.2764205006141694,0,0.66666666666666663
5,2024-07-09,4472,3499.9821780642487,13905.872307484407,49.638172510529635,88.218215797609446,2.0818324705068312,3.6998853271377712,0.17970397704982113,0.16227792552978718,0.33333333333333331,0
5,2024-07-10,4473,3327.1436709230243,7084.0657798800485,44.481082132759489,64.465836161350126,1.8463009352797399,2.6758191997903924,0.094827061394197443,0.21097394445414727,0,0.33333333333333331
5,2024-07-11,4474,4138.2005943110471,7932.2769961880849,55.652653301231567,77.532416831230876,2.3122609760156041,3.2213231747400499,0.50722756483542886,0.1722259775566255,1,0.33333333333333331
5,2024-07-12,4475,3819.5895288721567,11941.594239599834,44.9348232300052,94.121887552545104,1.8391790778489356,3.8524020772980152,0.033919804258234439,0.14472267493677746,0,0
5,2024-07-16,4476,5889.6373306033738,27826.831740375073,53.604816633336362,162.71406693566891,2.1756967543362431,6.6041913684417928,0.0006486054566699085,0.0049665818702048494,0,0
5,2024-07-18,4477,3332.0401656285321,8279.440329975032,55.791111216859008,86.578224605215539,2.3212444858272936,3.6021728564682971,0.018418312711752195,0.019826306529296563,0,0
5,2024-07-19,4478,3139.576658178727,19915.921868533991,54.092723923990434,103.50408615661854,2.2607399140715692,4.3258279833083355,0.10191571155846391,0.049763110346711735,0,0
5,2024-07-22,4479,3030.8117383882363,17710.773320245713,51.269815324657429,125.87683169215734,2.1334865517314063,5.2381021052872265,0.024423661257081133,0.14615031571499892,0,0
5,2024-07-23,4480,2239.596162716598,16476.247263635178,42.373557886409039,115.72068083714369,1.7499249576249374,4.778982875431816,0.066645842907813599,0.016436816211566212,0,0
5,2024-07-24,4481,4758.2997437455315,5988.4355314987797,62.432784480352893,66.653458807172228,2.6407573166548048,2.8192817361971172,0.18425882398190097,0.13603013056750907,0.33333333333333331,0.33333333333333331
5,2024-07-25,4482,2285.2556890476458,58507.374348680838,43.652319622397648,238.74740452532538,1.8294421701687966,10.00575854009997,0.19533156104742314,0.14771936175044409,0.66666666666666663,0
5,2024-07-26,4483,2418.6837717840672,41001.021303172347,43.446571534190902,183.65339544114295,1.8170118997194138,7.6807074334466536,0.0035551687302988297,0.017108466633927604,0,0
5,2024-07-29,4484,2189.3821344338526,8774.2380084780907,42.48043313004549,63.176328897746316,1.7772380767721154,2.6430845684654876,0.029871299436801262,0.1028271127918987,0,0.33333333333333331
5,2024-07-30,4485,3197.3874984750541,9426.9772715646377,44.705700200167179,90.859568033451524,1.8425462721084445,3.7447788003730587,0.11030694089370489,0.30946211601519596,0,1
5,2024-07-31,4486,4147.2014737400614,22912.389483344756,53.689935771152705,137.60649213993733,2.1873637029660302,5.6061800387010789,0.10215130480191975,0.048905992941942207,0.33333333333333331,0
5,2024-08-01,4487,5191.7141607478252,26212.979682645793,52.01426130112759,150.19296103670436,2.105968431326906,6.0810559765453114,0.0040882436694519601,0.064992982340829883,0,0
5,2024-08-02,4488,4613.6924058629565,6250.9945644908976,66.336055153595979,68.856611007457857,2.7711032501449959,2.8763962239679959,0.54498652927519065,0.42867115144953055,1,1
5,2024-08-05,4489,3033.9467628911293,22246.940539301078,54.221870137216378,123.08634208215244,2.2624969283852363,5.1359805588096394,0.0079314179254364944,0.013588595917582264,0,0
5,2024-08-06,4490,2721.6001080152791,40675.062835150202,45.619477265362242,189.94662579205928,1.9004552173701701,7.9129590615117706,0.34028405143291979,0.27220288408953025,1,0.66666666666666663
5,2024-08-07,4491,3287.4187625778522,51102.787835105839,46.179145182106062,212.4812603970648,1.9149949276205629,8.8113483753370314,0.54041519818886874,0.24261475569676719,0.66666666666666663,0.33333333333333331
5,2024-08-08,4492,2463.7361004934669,13515.570915193452,44.754854072479553,116.03868452830041,1.8437742423828267,4.7804677746637454,0.084434712501739617,0.24973251861694987,0,0.33333333333333331
5,2024-08-09,4493,5551.3744651299749,14007.738148651237,54.056768710855067,112.07389649047461,2.1871606364773144,4.5345591426624834,0.059330269881659063,0.028383917222990926,0,0
5,2024-08-13,4494,5135.6576041829931,27377.650096801965,47.480611410554047,156.78001963472161,1.9326987996317844,6.3817323903904279,0.029990463430909494,0.12136590013139954,0,0.33333333333333331
5,2024-08-14,4495,5837.8063127644155,3660.4510642014156,51.20033618099751,59.216500946698034,2.0597126148924896,2.3821908820781252,0.17930124169357434,0.068719613551108033,0.33333333333333331,0
5,2024-08-16,4496,6894.8167508621555,15133.300229822971,55.373537265055802,96.622666423946313,2.2197806123371269,3.8733505611812267,0.52261306058958423,0.38025498860790385,1,0.66666666666666663
5,2024-08-19,4497,10286.023293613396,33237.749132839577,82.513595628138162,171.42057404842126,3.2617292470852122,6.7761863444380372,0.5116655775974176,0.17827188955314957,0.66666666666666663,0.33333333333333331
5,2024-08-20,4498,5621.9863187206838,76678.785057823858,69.121927626172692,269.72352311623553,2.7671461649021278,10.797795116645071,0.38347688724088352,0.32330549821904014,0.33333333333333331,0.66666666666666663
5,2024-08-21,4499,5040.7910898086984,21963.395339935076,65.271542635902279,126.03818142242062,2.6287371178373853,5.0760443585348618,0.043775674121469238,0.021956757289205514,0,0
5,2024-08-22,4500,4482.7988395197544,38298.246675046837,58.539721846306293,193.91577668129517,2.33114534271688,7.7220363444287683,0.087036485282787082,0.25830762961276904,0,0.66666666666666663
5,2024-08-23,4501,5434.6671518841213,39380.231838069136,69.795350220669363,184.67122655787838,2.7822985477933209,7.3616721435840757,0.045136606677879255,0.01712555412210855,0,0
5,2024-08-27,4502,6814.9834750221353,30487.867638327789,78.005751264739047,146.45153918440778,3.1136912988619518,5.8457854179985143,0.44370915130216854,0.43782355451508853,1,0.66666666666666663
5,2024-08-28,4503,7582.8540489396482,14147.004005640001,84.340451395205648,113.1500737687943,3.3493686269491145,4.4934702263132644,0.31016129238795115,0.27931783197055526,0.33333333333333331,0.66666666666666663
5,2024-08-29,4504,7152.8687235711868,37430.841174484885,80.785624210358193,177.64055667014722,3.2142608156587102,7.0678797887340492,0.0095463608854797124,0.029709412914541915,0,0
