fold,date,row_index,squared_price_error_full,absolute_price_error_full,absolute_percentage_error_percent_full,brier_full,zero_one_full,squared_price_error_zero,absolute_price_error_zero,absolute_percentage_error_percent_zero,brier_zero,zero_one_zero
1,2006-01-19,772,17.863990572734046,4.2265814286174646,0.74510029592198579,0.029640487880934617,0,190.33744574364121,13.79628376569724,2.4321346435781823,0.017346041092150381,0
1,2006-01-20,773,70.329148763099639,8.3862475972928223,1.5123981239482096,0.012011507010973437,0,71290.019787179088,267.00190970698895,48.151832228492147,0.017977510157036008,0
1,2006-01-23,774,9.2893084463950668,3.0478366830253663,0.5469424285375265,0.06365013478543749,0,106125.82203268369,325.76958426575629,58.460221492284667,0.037567790299067455,0
1,2006-01-24,775,24.162505775106471,4.9155371807266874,0.87503999656905873,0.13088089891848839,0,99522.769222522678,315.47229549125655,56.158842099022074,0.013225520272905694,0
1,2006-01-25,776,1.3468003634727659,1.160517282711794,0.20658963644179687,0.061627901643754347,0,47.427872301909467,6.8867896949093392,1.2259527716794552,0.014991504499570671,0
1,2006-01-27,777,34.303673535832324,5.8569337998505944,1.027983115375269,0.39907935550565554,1,11394.987448776503,106.74730651766583,18.735815097440252,0.23002810335590751,0
1,2006-02-06,778,0.030793923023907998,0.17548197350129158,0.031408980401161905,0.01000498885721487,0,104.15161435542527,10.205469825315504,1.8266457535914629,0.037122918227462609,0
1,2006-02-07,779,39.646745342365087,6.296566154847028,1.1474380236623287,0.0031797071195750638,0,595.60689383927934,24.405058775575185,4.4473911208337471,0.052753752416927188,0
1,2006-02-08,780,3.638605112379059,1.9075128079200567,0.34246190447397784,0.28569606016658894,1,1415.8589896933554,37.627901744494807,6.7554581228895527,0.44032737382198311,1
1,2006-02-10,781,9.1116490863842809,3.0185508255426612,0.54952682059760805,0.092798958340532978,0,948.39540572229816,30.796029057693431,5.6064134457843497,0.057869433778221242,0
1,2006-02-13,782,48.125145711538828,6.9372289649065806,1.2853861339460033,0.023466464939223972,0,454.06354166872086,21.308766779631355,3.9482614007099044,0.14005213130473421,0
1,2006-02-14,783,56.160952854767537,7.4940611723395705,1.3910090343089689,0.169994099010395,0,0.46068592680703357,0.67873848189640285,0.12598394095524879,0.30750021267492494,1
1,2006-02-16,784,4.6263136269343885,2.15088670713601,0.38986527227406376,0.03905365961837954,0,62.711216116617095,7.9190413634869401,1.4353890454027443,0.1510361219215704,0
1,2006-02-17,785,2.8744253608989796,1.6954130354869221,0.30603123384240472,0.17937959388476302,0,106.02094846903974,10.296647438318928,1.8586006206351855,0.052211911274638888,0
1,2006-02-21,786,1.8575233557200355,1.3629098853996311,0.24645748379740162,0.17169335163677224,0,14.835123735574051,3.851639097264183,0.69649893259750151,0.22140063307851843,0
1,2006-02-22,787,7.677920498615447,2.7709060789957221,0.50270429589907872,0.26752811355360256,1,9.9227309406585231,3.150036657034093,0.57148705679138112,0.11501327055464616,0
1,2006-02-23,788,8.8514419961564101,2.975137307109776,0.53688302934400001,0.077811451673735335,0,131.6865914345876,11.475477830338377,2.070825197209849,0.066039478684894862,0
1,2006-02-24,789,8.4913612904604232,2.9139940443419619,0.52670475270528005,0.24446952048341394,0,4.160130502470154,2.0396397972363047,0.36866512376616445,0.13860109824656541,0
1,2006-02-27,790,1.4937158587673041,1.2221766888495722,0.21981595123193742,0.0021084877252967676,0,1072.0089113889162,32.741547174636025,5.8887674774525225,0.0003062598606534667,0
1,2006-02-28,791,91.1538980730259,9.5474550573975421,1.6920611532826837,0.22895843164684512,0,11.811623857067461,3.4368043088118156,0.60909247830072055,0.19138702410752573,0
1,2006-03-01,792,53.005357830555511,7.2804778572944997,1.2914373139325055,0.046699211410568535,0,66.627500740272012,8.1625670435391839,1.4479054622685914,0.0033522305456052176,0
1,2006-03-02,793,45.664300766930829,6.7575365901288933,1.1960241752440519,0.1576499997490447,0,243.97963765565919,15.619847555455181,2.7645747885761383,0.076259082762448124,0
1,2006-03-03,794,53.161459024902541,7.2911905080653696,1.2899054414976328,0.27056124477061083,1,119.46174000816602,10.929855443150473,1.9336320996285665,0.14397085937417167,0
1,2006-03-06,795,0.11979008828700506,0.34610704743909082,0.062587169518822927,0.45393842585985655,1,642.81684266393211,25.353832898872156,4.5847799093801367,0.14067054912465951,0
1,2006-03-07,796,92.117190774391389,9.5977700938494763,1.7618669286552504,0.016858032868179745,0,1897.6779163797407,43.562345166206796,7.9967590943013853,0.00096667489277306982,0
1,2006-03-08,797,2.0205196512023216,1.4214498412544572,0.25839844414732904,0.018701660282049889,0,0.013809899626423762,0.11751552929899844,0.021362575767860104,0.0015479613953614274,0
1,2006-03-09,798,152.19129852789396,12.336583746235988,2.3059035039693434,0.45211807417908917,1,1238.1335456755944,35.187121872577109,6.5770321257153475,0.35044933894852065,1
1,2006-03-10,799,71.420168025410604,8.4510453806266241,1.5549301528291857,0.0019074622621549741,0,189.16338868625584,13.753668190204962,2.5305737240487511,0.050127047233019369,0
1,2006-03-13,800,54.452622206306351,7.3792020033541803,1.351997435572404,0.036989238704855119,0,120.68501692795985,10.98567325783722,2.0127653458844303,0.026167186406270113,0
1,2006-03-14,801,4.1225227131000715,2.0303996436908847,0.36732693689568241,0.060364900065277734,0,182.4936778333643,13.509022090194549,2.4439660045580367,0.074097313226668543,0
1,2006-03-16,802,5.6552153901364637,2.3780696773089858,0.43022517906992058,0.017244717720652548,0,0.47349997884166251,0.68811334737938523,0.12448907234362465,0.014679986914251719,0
1,2006-03-17,803,0.0668387156205347,0.25853184643392524,0.046519450550413899,0.058570456375755774,0,124.7420385393758,11.168797542232369,2.0096801695424866,0.28637203069227851,1
1,2006-03-20,804,34.614218860797628,5.8833849832216174,1.0682496565086912,0.67013317922679383,1,31.986635485509964,5.6556728587772795,1.0269038327330513,0.4042340821625095,1
1,2006-03-22,805,50.78485824107873,7.1263495733144282,1.3039980920977909,0.0051887226876382673,0,274.58869293801843,16.57071793671048,3.032153327851872,0.00012887941275595394,0
1,2006-03-23,806,0.15275257617005963,0.39083574065080029,0.070199504382721198,0.00025109017502407052,0,576.65983751843953,24.013742680357836,4.313200301815507,0.0026784609625370545,0
1,2006-03-24,807,37.762639054521131,6.1451313293143812,1.0876338635954657,0.068279682599411334,0,7.3782354340386389,2.7162907491722308,0.4807594246322533,0.046711591602761379,0
1,2006-03-27,808,153.60691478161505,12.39382567174539,2.1839340390740776,0.14752737912785627,0,130.16086300342556,11.408806379434509,2.0103623576096052,0.18485883479507642,0
1,2006-03-28,809,353.12998666779487,18.791753155780725,3.3259740098726946,0.42785561792893734,1,7.0062562801142638,2.646933372813578,0.46848378279886332,0.21082939945530216,0
1,2006-03-29,810,391.70451376568388,19.791526312179258,3.4006058955634466,0.14004423580950423,0,66.31638860952404,8.1434874967377482,1.3992246557968639,0.006703440560766237,0
1,2006-03-31,811,1157.7343410209569,34.025495455921828,5.7965068919798686,0.098877957080198323,0,200.37341946791796,14.155331838848497,2.4114705006556214,0.098898655301053726,0
1,2006-04-03,812,412.40862345968401,20.307846352079878,3.4537153659999791,0.0057709633106131138,0,1154.8792260489963,33.983514033263191,5.7795091893304749,0.0062302594465841127,0
1,2006-04-04,813,47.609034190548755,6.8999300134529449,1.1764586553201952,0.022572945315991404,0,2845.5603583347161,53.343794000190087,9.0952760443631853,0.00092344128142118887,0
1,2006-04-05,814,66.431914588526837,8.1505775616533356,1.382039433938675,0.4788319723224308,1,1095.3415081982421,33.09594398409331,5.6118599379556269,0.045432543270852645,0
1,2006-04-07,815,21.220685451729381,4.6065915221266778,0.77130038043142357,0.0045478108513410508,0,487.54925256704553,22.080517488660576,3.6970309734048681,0.0031055067613948474,0
1,2006-04-10,816,17.162274186348959,4.1427375232265149,0.69363541619531432,0.020292545438158845,0,960.91099645764325,30.998564425754353,5.1902158938056679,0.0030225948624583413,0
1,2006-04-12,817,1.4088419986029128,1.1869465019969994,0.20015961247841474,0.40225482754163966,1,18.077674859867102,4.2517849028222372,0.71699576776091689,0.21315870305375639,0
1,2006-04-13,818,167.9666654587451,12.960195425175698,2.1082058438675393,0.0028291928882142616,0,507.73469044592292,22.532968966514886,3.66538738780234,0.063571886518520845,0
1,2006-04-18,819,196.90367591124706,14.032237024482129,2.2460563464557231,0.0012451072187749448,0,486.88371972989825,22.065441752430388,3.531883433762367,0.0091763625416171474,0
1,2006-04-19,820,632.19842778697978,25.143556387014542,4.022969021922326,0.0030494914374564414,0,38.38092358504354,6.1952339411069488,0.99123743057711189,0.0034750038175622062,0
1,2006-04-20,821,500.54201147836011,22.372796237358443,3.5882592201056043,0.10393790210749278,0,301.60259568520996,17.366709408670658,2.7853583654644201,0.0047161379065186384,0
1,2006-04-21,822,598.68882840446452,24.468118611868476,3.930621463753972,0.48419440013647763,1,337.33601450255128,18.366709408670658,2.9504754070153667,0.25261708079451067,1
1,2006-04-24,823,1203.3808855778882,34.68978070812625,5.465109209629972,0.5649349690050337,1,6196.8259916265206,78.719921186612737,12.401720549289127,0.14252185259639075,0
1,2006-04-25,824,486.89558121166118,22.065710530405795,3.4721810433368678,0.09324167428608697,0,2946.5167965702435,54.281827498438588,8.5415936268196049,0.0011155842160154748,0
1,2006-04-26,825,537.04223927196495,23.174171814154761,3.6323153313722196,0.010567779935904454,0,0.024501982504791301,0.1565310911761344,0.024534653789362756,0.0044131484163100702,0
1,2006-04-27,826,878.25974359418342,29.635447416804482,4.6017775491932422,0.0018698827914136486,0,563.98696063906789,23.74840964441762,3.6876412491331707,0.0068321318699880928,0
1,2006-04-28,827,2354.5801975267182,48.524016708499289,7.1834221626201762,0.0019084408760299892,0,4553.0620726972238,67.476381591614881,9.9891016419859184,0.0013698833372417891,0
1,2006-05-08,828,3975.8121506182292,63.054041508996306,9.1217419904515449,0.0038130206332852509,0,2275.2928479896768,47.700029853131923,6.9005468141963,0.0021428854269477599,0
1,2006-05-09,829,2957.6571921098248,54.384346940179626,7.7703024632346951,0.018043058646482486,0,3823.5091104182225,61.834530081647927,8.8347664068649703,0.01351290063275668,0
1,2006-05-10,830,2196.9410061133922,46.871537270644239,6.5508787240592934,0.078361280841342348,0,4313.689578867371,65.678684357007114,9.179410811601274,0.0026604892816757342,0
1,2006-05-11,831,2394.530045006431,48.93393551520694,6.7495083469250954,0.10353478044005562,0,5651.8345816505062,75.178684357007114,10.369473704414775,0.003660488876532472,0
1,2006-05-12,832,286.0241795431927,16.912249393359616,2.4599635481250348,0.2654102556085699,1,1496.2005946241879,38.680752249978127,5.6262912363604549,0.0068658435806331578,0
1,2006-05-15,833,789.73865559568526,28.102289152232515,4.0610244439642358,0.16501048341940761,0,3692.0499411178753,60.762241080443005,8.780670676364597,0.6560759674432397,1
1,2006-05-16,834,691.0485101076049,26.287801545728485,3.7580845669375957,0.0066332862501876791,0,10103.015127360353,100.51375591112071,14.369371824320332,0.00083329114694424779,0
1,2006-05-17,835,500.35543960471267,22.368626234185967,3.2254688153116029,0.0079425794834259485,0,4700.3360775039564,68.55899705730792,9.8859404552715091,0.000715172853750344,0
1,2006-05-18,836,21.966341756218373,4.686826405598822,0.71939008527994197,0.13531095416984315,0,2066.246400819613,45.455983113552975,6.9771271087571725,0.0091470417047584945,0
1,2006-05-19,837,72.429849917157938,8.5105728313174041,1.3043023496271884,0.010937741365278938,0,1473.6170644311694,38.387720229666797,5.8831755141251794,0.063094362078285476,0
1,2006-05-22,838,7.2185101523251607,2.6867285222599548,0.40295890847543381,0.36349637024299952,1,1205.850819965603,34.725362776587417,5.2081533973134482,0.16890009214260226,0
1,2006-05-23,839,28.222805499663295,5.3125140470085626,0.81920031565282381,0.058684693790720686,0,603.28596445815242,24.561880311941763,3.7874911814867795,0.12147153712741048,0
1,2006-05-24,840,36.159042468098193,6.013238933228763,0.93591267443249238,0.034071038108060635,0,805.86265983783358,28.387720229666797,4.4183222147341317,0.067063481252559357,0
1,2006-05-25,841,57.669411057647146,7.5940378625371068,1.1824115005896625,0.079441354761334876,0,319.33707107259568,17.870004786585696,2.782406350577765,0.090151698900708066,0
1,2006-05-26,842,1080.0265578963083,32.863757513350606,4.9755878142847241,0.054608966379478797,0,5527.802644887186,74.349193976042443,11.256501737478038,0.024487091475087097,0
1,2006-05-30,843,504.63086960884925,22.46399050945422,3.4401210581093751,0.13743169373709974,0,1995.4963852243907,44.670979228402757,6.8408850273204838,0.034152713313161831,0
1,2006-05-31,844,183.58976209819571,13.549529958570361,2.1679247933712578,0.0017288690635275021,0,1893.9515791636127,43.519553986267056,6.9631286378027291,0.00038554644907639571,0
1,2006-06-01,845,70.748506947188417,8.411213167384858,1.3303619086413376,0.0065226760692844669,0,2517.824926459989,50.177932664269747,7.9364069061715696,0.20169690379431526,0
1,2006-06-02,846,1082.8839213651315,32.907201664151444,5.1273296453959869,0.8139788404537075,1,2883.5017659302475,53.698247326428145,8.3668194650090602,0.16690040394902972,0
1,2006-06-05,847,265.11899535074195,16.282475099036446,2.596885980707567,0.66557790073634271,1,1403.5050057523242,37.463382198519184,5.9750210842933313,0.12492766484962223,0
1,2006-06-06,848,79.558004085111079,8.9195293645523179,1.4438736324649644,0.034758183949958457,0,865.51153707440517,29.419577445544746,4.7623759523342368,0.020733212583394112,0
1,2006-06-07,849,271.95832876801353,16.49115910929288,2.6858565324581236,0.0012926921997251316,0,28.389936830714067,5.3282207941032311,0.86778840294840887,0.011160031702326595,0
1,2006-06-08,850,1332.044550925787,36.497185520609492,5.9248677793197233,0.0020586119125145883,0,11.295279585798712,3.3608450701867696,0.54559173217317691,0.14517467735726552,0
1,2006-06-09,851,872.77210501240847,29.542716615308223,4.8494282034320779,0.83688806842992225,1,233.81915193234138,15.291146194198177,2.5100371297107968,0.24970197198906199,0
1,2006-06-12,852,112.3270592310311,10.598446076243022,1.8070666796663293,0.016145896818316612,0,17131.927057635807,130.88898753384797,22.316962921372202,0.025031590823576848,0
1,2006-06-13,853,172.59138556343572,13.137404064861357,2.3139417111160472,0.094857900793252348,0,1127.2335772638589,33.574299356261463,5.9135710006625208,0.13911511483592887,0
1,2006-06-14,854,164.45309168252444,12.823926531391407,2.2517869238615291,0.13122988510087488,0,1.8029806618616884,1.3427511541092372,0.23577720001918123,0.34791658966364047,1
1,2006-06-15,855,259.00853695582867,16.093742167557821,2.8037878340693068,0.051248938579744795,0,69.755520500596916,8.3519770414313825,1.4550482650577321,0.22718925668209713,0
1,2006-06-16,856,262.17137925581665,16.191707113699181,2.8356755015234993,0.17248013505581658,0,376.61878555200963,19.406668584587351,3.3987160393322857,0.30705951545514082,1
1,2006-06-19,857,61.049804936107073,7.8134374596656926,1.3780312980010039,0.068073008148365824,0,1458.986658698851,38.196683870446805,6.7366285485796835,0.032801993719126725,0
1,2006-06-20,858,0.23870080937350618,0.48857016832130284,0.085027874751357951,0.40072802839793753,1,1350.8085019697862,36.753346813178609,6.3963360273544394,0.18960705231528127,0
1,2006-06-21,859,0.29297726568805987,0.54127374376378157,0.092604575494231234,0.048265875537182465,0,2194.8151416908945,46.848854219616669,8.015201748437411,0.31357175173087315,1
1,2006-06-22,860,23.121635365691237,4.8084961646746933,0.82962321681757989,0.059479858112344831,0,1082.5274462920879,32.901784849641331,5.6766364474881525,0.10199126015980449,0
1,2006-06-23,861,9.6183313978453242,3.1013434827257242,0.53150702360338031,0.0084445712828154287,0,370.97158897725666,19.260622756734961,3.3008779360299849,0.0001933526198511819,0
1,2006-06-26,862,108.07664952858616,10.395991993484131,1.7657735870036741,0.23977126793746706,0,12.326843323318066,3.5109604559604577,0.59634147871939824,0.12587972284350363,0
1,2006-06-27,863,81.590770820083819,9.0327609743690118,1.5500233332250557,0.68289942669427606,1,79.883902351370637,8.9377794978042857,1.533724495547711,0.34067053950934717,1
1,2006-06-28,864,43.689861256415128,6.6098306526275792,1.1217362159741331,0.0034991240549391983,0,258.98074639846226,16.092878748019643,2.7310782771352811,0.019307918767203024,0
1,2006-06-29,865,744.57316540169802,27.286868002790243,4.4477372457685806,0.43679192314169696,1,702.01160026354148,26.495501509945825,4.3187451523954072,0.0061738660352087743,0
1,2006-06-30,866,1029.3208918299158,32.083031213242862,5.1501775765700071,0.080130804284686455,0,55.554980200059134,7.4535213288793329,1.1964878929094362,0.046645919630635489,0
1,2006-07-03,867,1173.7095866359587,34.259445217865959,5.4991083816799291,0.14829190240409185,0,51040.867095115529,225.92225896337777,36.263604970044589,0.088185706627293151,0
1,2006-07-05,868,329.93483347479139,18.164108386452426,2.9016147582192375,0.17428084226739099,0,64.217236571858663,8.0135657838354746,1.2801223296861781,0.019523808200368267,0
1,2006-07-06,869,909.33752114198035,30.155223778675236,4.7751739950396255,0.040029692857662134,0,19033.498140813503,137.96194453838893,21.84670539008534,0.03347903866501082,0
1,2006-07-07,870,336.17369345456029,18.335040045076539,2.9289201349962521,0.18150356586281075,0,19.49034448148382,4.4147870256088027,0.70523754402696526,0.05380547837669554,0
1,2006-07-10,871,635.05433186018877,25.200284360700948,3.9952888403806495,0.0030861258253446007,0,107.80992486302929,10.383155823882703,1.6461602574526679,0.0010309430017674088,0
1,2006-07-11,872,1750.4601501217999,41.838500811116546,6.4366924324794681,0.034661733806459011,0,2268.7444828726539,47.631339293291489,7.327898352814076,0.051321619977872858,0
1,2006-07-12,873,1240.9804917372917,35.227553019437664,5.4237956919842443,0.041680514193972291,0,1871.9020611835874,43.265483484916558,6.6613523456376527,0.10771191191581739,0
1,2006-07-13,874,2325.2296202283228,48.220634797027742,7.2703557929932519,0.49026286148023085,1,483.23390505423697,21.982581855965805,3.3143734422865898,0.21351846147629058,0
1,2006-07-14,875,504.29690436524834,22.45655593285062,3.4816365787365298,0.003724514501554864,0,106.67336759658156,10.328279992166244,1.6012837197156971,0.0061081747796373469,0
1,2006-07-18,876,387.22936170688672,19.678144264815387,3.067042435289181,0.022374396432209637,0,3.2987518574617227,1.8162466400414132,0.283080835417926,0.023582243681825543,0
1,2006-07-19,877,77.061738802077329,8.7784815772477032,1.3663006345910822,0.00022538964498017909,0,9.8930333904907908,3.145319282758237,0.48954385723863608,0.0015175139820053089,0
1,2006-07-20,878,612.92455142029416,24.757313089677041,3.90493897313518,0.032776965614884655,0,150.72185882369575,12.276883107030699,1.9364168938534223,0.010894836178209986,0
1,2006-07-21,879,38.910495555155563,6.237827791399468,1.0298543489185186,0.57366358942545537,1,24096.746668140797,155.23126833257788,25.6284081777411,0.034125470169260388,0
1,2006-07-24,880,1771.491340219799,42.089088137185854,6.8022768706562999,0.0389833480910588,0,5412.5242858352667,73.569859900881056,11.890078367819161,0.046210849184205864,0
1,2006-07-25,881,915.95858084971655,30.264807629484721,4.9267145742283445,0.099474909815127743,0,499.45269446977125,22.348438300466796,3.6380332574420962,0.10060576238100456,0
1,2006-07-26,882,2283.2666451678529,47.783539479279398,7.4778622033301083,0.093256826429869932,0,248.68785276504266,15.76983997271509,2.4678935794546306,0.063600106851728663,0
1,2006-07-27,883,762.98187211507479,27.622126495168231,4.3356029658088575,0.018513095199738764,0,242.58793280937311,15.575234598855104,2.4447079891469317,0.01651158595730674,0
1,2006-07-28,884,627.88433001771,25.057620198608447,3.9616790827839443,0.55992220772413304,1,2252.6134234850142,47.461704810141555,7.5038268474532099,0.53322870719488336,1
1,2006-07-31,885,400.20768783767818,20.005191522144401,3.1393003565546334,0.050197974136318123,0,2164.0883534768395,46.519763041924875,7.3000805087367393,0.26837723128926727,1
1,2006-08-01,886,1393.0253890806703,37.323255338738477,5.7034314392937775,0.88043545433488735,1,1783.3061675416409,42.229209885358273,6.4531188700119619,0.2198267312497022,0
1,2006-08-02,887,342.81869467289118,18.515363746707521,2.8732718415126506,0.20708259616256777,0,1502.6342723641901,38.763826853965156,6.015491442266474,0.035245897772682694,0
1,2006-08-03,888,441.304835194747,21.007256727015715,3.2207369454987678,0.001675542163300207,0,846.25062078990516,29.090387085597627,4.4600056857949602,0.00073259368785158453,0
1,2006-08-04,889,466.73608047501534,21.604075552427958,3.3249827706699437,0.3693753607012602,1,1314.4496704426599,36.255339888665503,5.5798907100677964,0.21238534323173311,0
1,2006-08-07,890,306.02434511173163,17.493551529398815,2.7079801129100334,0.0081521381352191499,0,3106.1227035062793,55.732600006695179,8.6273374623367154,0.0062076394025845976,0
1,2006-08-08,891,334.7574120473891,18.296377019710462,2.8191644098167123,0.015506031430459697,0,1521.2608088410598,39.003343559764971,6.0097601787003043,0.0010389427566211014,0
1,2006-08-09,892,216.90449583864341,14.72767788344936,2.2842462789374731,0.64737948442412963,1,8.1945021016584061,2.8626040770002419,0.44398667343935511,0.45343466019224465,1
1,2006-08-10,893,343.56461428708275,18.535496062611401,2.8759497381864079,0.4533486758054866,1,1291.3207900193108,35.934952205607715,5.5756326152998783,0.25511524019842141,1
1,2006-08-11,894,23.021685473861179,4.7980918575889291,0.76818633646956913,0.048264928391748563,0,326.8573775446842,18.079197370035104,2.8945240746133689,0.050070121724471832,0
1,2006-08-14,895,212.55622910489367,14.579308251933412,2.315094601339168,0.045869119177113615,0,415.13508842453712,20.37486413266447,3.2353893025271092,0.036844438353453753,0
1,2006-08-16,896,591.84699282400527,24.32790563990261,3.8893534196486987,0.59492700437743729,1,2390.7494988363783,48.895291172426596,7.8169929931936997,0.41713010657109401,1
1,2006-08-17,897,106.87087344130765,10.337836980786051,1.683961065448127,0.0082585059551736305,0,1148.0221888816018,33.882476132679585,5.5192174837399559,0.027181459312163373,0
1,2006-08-18,898,382.29622965711286,19.552397030980956,3.1283835249569529,0.013203485634505798,0,871.21167572140257,29.516295087991693,4.7226072140786712,0.063425630478863251,0
1,2006-08-21,899,405.74613522457543,20.143141145922982,3.2345469523762311,0.54860700664117878,1,1175.4653227254794,34.285059759689489,5.5054291063331169,0.42166249658698152,1
1,2006-08-22,900,649.9002454859525,25.493141145923005,4.0587710787968483,0.022455079649542138,0,1107.6221635460931,33.280957972181227,5.2986718631079812,0.054194873637012711,0
1,2006-08-23,901,380.05476411554542,19.494993308938206,3.1254498290882893,0.32707074075769194,1,2327.8218882924489,48.247506550001617,7.7350711903810208,0.074867659064272535,0
1,2006-08-24,902,355.59405471238682,18.857201667065738,3.0353644534512254,0.15284347238293416,0,3562.9078104669661,59.690098093963343,9.6080640795112018,0.10711078399957696,0
1,2006-08-25,903,128.99308165495145,11.35751212435855,1.8515670238602135,0.0077196413289923032,0,1406.9571513785847,37.509427500011043,6.1150028529525668,0.0046048107480543441,0
1,2006-08-29,904,646.47688974589039,25.425909811566044,4.1158898926047822,0.00014159271950583177,0,2595.3798194728752,50.944870394112058,8.2468426376547228,0.00075148806080253621,0
1,2006-08-30,905,451.26363171768389,21.242966641165822,3.4070515863938771,0.10115153352638737,0,2141.7945269281986,46.279526001550607,7.422538252053025,0.36062134343756491,1
1,2006-08-31,906,322.222549381237,17.950558469898283,2.8903564076802648,0.25676620915073756,1,3083.1255699389521,55.525899992156383,8.9406488997917055,0.36051967593303991,1
1,2006-09-01,907,1435.0088466526884,37.881510617353797,5.939868383748145,0.27638708400578299,1,1198.0237455499589,34.612479621517423,5.4272802228957158,0.048426734897429442,0
1,2006-09-05,908,459.40788890654551,21.433802483613249,3.3732770669835141,0.066259905274513767,0,51.335343940443522,7.1648687315570214,1.1276154755362011,0.10028817009812011,0
1,2006-09-06,909,36.061480347434689,6.0051211767486166,0.96623027783565829,0.46063506622679024,1,10.861321904673948,3.295651969591745,0.5302738486873283,0.010014929047213959,0
1,2006-09-07,910,5.7809178883592729,2.4043539440688164,0.39415638427357641,0.47561191300081346,1,1.8669232423846656,1.3663539959998161,0.22399245836062562,0.0050241202434104576,0
1,2006-09-08,911,5.9261099363275944,2.4343602725002711,0.41400684906467194,0.12606421342652541,0,624.27105569304763,24.9854168605018,4.2492205545071089,0.0044291227962258775,0
1,2006-09-11,912,19.086161821075201,4.3687712026467125,0.73959221307714784,0.30356010643144121,1,294.89372722819445,17.172470038645997,2.9071389941841876,0.01610528584505096,0
1,2006-09-12,913,26.437970635211574,5.141786716231195,0.87296888221242708,0.36135292892917181,1,989.51520232494624,31.456560560953676,5.3406724212145464,0.6780610138774299,1
1,2006-09-13,914,1.8398859617553884,1.3564239609190736,0.23210540056794551,0.52396153381543775,1,1280.4913837353263,35.783954277515591,6.1231954615871986,0.018272495100153531,0
1,2006-09-14,915,222.88587708828987,14.929362916356808,2.602748067705162,0.0079091143491674086,0,355.52352286241626,18.855331417464299,3.2871916697113495,0.00089755714417852101,0
1,2006-09-15,916,25.294491344425289,5.0293629163568312,0.86193023416569514,0.70415189160092539,1,185.04073216876802,13.602967770628879,2.331271254606492,0.024150607031363777,0
1,2006-09-19,917,36.494038643293976,6.0410296012595381,1.041108074323057,0.27073942440849352,1,1267.4598828431956,35.601402821282136,6.1355282759641767,0.70853846953885002,1
1,2006-09-20,918,83.274439620095862,9.1254829801000596,1.5767573183758203,0.0041592912704056136,0,322.73574879088619,17.964847586074484,3.104077336686736,0.0072915385022006944,0
1,2006-09-21,919,3.9065363540805125,1.976495978766593,0.33556807788906501,0.0016940579917570423,0,78.668127890955859,8.8695055043083357,1.5058583199165256,0.042348504135536695,0
1,2006-09-22,920,7.9475095008368006,2.8191327568663382,0.48210906487667177,0.5383696879430302,1,11.106911453966514,3.3327033252251113,0.56993643868749233,0.069265596728704998,0
1,2006-09-25,921,34.712922783830123,5.8917673735331846,0.99691495322050494,0.11855331939593526,0,19.466102148322278,4.4120405877918074,0.74653817052314841,0.012077290050583391,0
1,2006-09-26,922,77.589066534239379,8.808465617475008,1.4835310513642119,0.0067592191209966757,0,113.72776445951955,10.664322034687416,1.7960963426841965,0.18802772411355317,0
1,2006-09-27,923,268.32475067771639,16.380621193279467,2.7165209275753677,0.042806847522284988,0,200.70558720109617,14.167059934972258,2.3494295082872729,0.066224936897080172,0
1,2006-09-28,924,88.015914570902297,9.3816797307786146,1.565570251277199,0.20792903229068399,0,101.63432486435212,10.081385066763005,1.6823337616625789,0.19536847819096675,0
1,2006-09-29,925,72.995495485607918,8.5437401344848922,1.495229284999106,0.24072306842886415,0,1562.404261032053,39.52725972075541,6.9176163319487944,0.00012606650641206854,0
1,2006-10-10,926,12.103309161263445,3.4789810521564277,0.60598868701557695,0.00028544511386998636,0,261.14395037141708,16.159948959431063,2.8148317295647205,0.00067678376628592374,0
1,2006-10-11,927,125.93100355215095,11.221898393415927,1.9584464909975439,0.22968928998499252,0,52.518391801416755,7.246957416834789,1.2647395142818132,0.013956310820423718,0
1,2006-10-12,928,17.33821900011684,4.1639187071936021,0.71044509592110594,0.21600350168800822,0,141.57926853781527,11.89870869203105,2.0301499218616361,0.024978522576126493,0
1,2006-10-13,929,173.28875572960169,13.163918707193602,2.2120515387655186,0.009470448501510095,0,30.453440362359096,5.5184635871190721,0.92731702018468698,0.036879620687361121,0
1,2006-10-16,930,81.539311411588784,9.0299120378655289,1.5304935657399201,0.011565321386616584,0,213.28621035969456,14.604321632985716,2.475308751353511,0.04238590015447518,0
1,2006-10-17,931,42.624850417137061,6.5287709729425387,1.099119692414569,0.27461059802773141,1,69.278495991320156,8.3233704706278786,1.4012408199710233,0.056792331776621567,0
1,2006-10-18,932,53.035455147034597,7.2825445516683658,1.2193460948795924,0.10487577122886625,0,87.842873857451821,9.3724529263929526,1.5692679659092428,0.099839852461764522,0
1,2006-10-19,933,64.709105094271919,8.0441969825627666,1.3483400909424685,0.69792879039809597,1,584.14001743233121,24.168988754855491,4.0511211456345109,0.41354073482430398,1
1,2006-10-20,934,30.319590554383197,5.5063227797127183,0.94488593388463626,0.11980797004043044,0,433.47852122056463,20.820147002856743,3.5727407984310156,0.10653870845744436,0
1,2006-10-23,935,149.93195554672664,12.244670495637138,2.053613500316501,0.00026066634527932737,0,123.21988943937806,11.100445461303707,1.861709930616974,3.6350433569871326e-05,0
1,2006-10-26,936,1.1167506965267269,1.0567642577825609,0.17723509564487394,0.011937445397799435,0,307.85157879703326,17.545699723779421,2.942675006084599,0.1641926603756754,0
1,2006-10-27,937,358.069481147462,18.922723935719773,3.1097327749744901,0.16793719561371434,0,456.42266759724976,21.364050823690945,3.5109368650272712,0.051989735878510586,0
1,2006-10-30,938,48.292581598607121,6.9492864093090247,1.1510205232809978,0.0034114967536653892,0,792.63990814333897,28.153861336295222,4.6631654387238468,0.13217994766677971,0
1,2006-10-31,939,222.22668881450676,14.907269663305442,2.4274987238732195,0.19723745315690633,0,63.651638756746642,7.9781977135658053,1.2991691440426323,0.05895052770190623,0
1,2006-11-01,940,354.29063492033595,18.822609673484067,3.0322367577098777,0.0085012366713025315,0,349.79211490244188,18.702730145688406,3.0129247113473068,0.475042480714777,1
1,2006-11-02,941,236.65987513137219,15.383753609940982,2.4570761236129979,0.013988859170425,0,69.640135243784528,8.3450665212318427,1.3328648013467246,0.052275773748110488,0
1,2006-11-06,942,0.063231596759747835,0.25145893652791074,0.040185207595351297,0.014160307367031031,0,272.18130316237057,16.497918146310781,2.6365030996900969,0.0095019098525965361,0
1,2006-11-07,943,0.4448001555652038,0.66693339664857376,0.10701755401934751,0.045813825059416252,0,3047.6429754978999,55.205461464404948,8.8583859859443095,0.18603254480112416,0
1,2006-11-08,944,24.326986409358053,4.9322394922953663,0.78884278165459676,0.84077979899751765,1,1314.1794216524261,36.251612676575178,5.7979388527109439,0.16283569614045293,0
1,2006-11-09,945,117.99764043289424,10.862671882777931,1.7261515783851791,0.019768456463221309,0,44.357130540541931,6.660114904454872,1.0583370259740779,0.041726659393032585,0
1,2006-11-10,946,16.127787785274588,4.0159417059109046,0.64409650455668077,0.010608735591895025,0,258.44821097621701,16.076324548111643,2.578400087908844,0.0031932604074422772,0
1,2006-11-13,947,39.140095814783074,6.256204585432215,0.9977997743911029,0.65495466111856981,1,621.23154565474113,24.924516959306175,3.9752020668749881,0.26869061696864543,1
1,2006-11-14,948,15.845590379549835,3.9806520043266573,0.64437911846647622,0.0028088592025940018,0,689.59008735366069,26.260047360080307,4.250918229070062,0.007204979519848078,0
1,2006-11-15,949,780.22400622143266,27.932490154324455,4.4709868194196805,0.56653788637823677,1,1.3528511539835688,1.1631212980526016,0.18617387723931197,0.16253428800623793,0
1,2006-11-16,950,560.86033990967474,23.682490154324455,3.8166785099636509,0.010751803441597754,0,32.170259212314406,5.6718832156801682,0.91408271002097785,0.088034262291984106,0
1,2006-11-17,951,589.53290146460324,24.280298627994739,3.8817423865699023,0.084616414244769608,0,5.0070506885639023,2.2376440039836325,0.35773685115645604,0.042206123778246819,0
1,2006-11-20,952,630.06188601671272,25.101033564710292,4.019380875053689,0.011043774381618932,0,32.528470545601621,5.7033736109079882,0.91327039406052646,0.03805303363630997,0
1,2006-11-21,953,908.13870218849161,30.135339755650534,4.7697593788620667,0.26019596424739194,1,48.194889411569598,6.9422539143688482,1.0988056211410018,0.34344471793452291,1
1,2006-11-22,954,223.97814505609907,14.965899406854874,2.3402501027138189,0.025176580599401931,0,1.4120355721507432,1.1882910300724916,0.18581564191907607,0.0024125115260127876,0
1,2006-11-24,955,40.445865734126862,6.3597064188629702,0.99564875442081735,0.022837039539942313,0,540.74322413239167,23.253886215692887,3.6405301316153249,0.22358357396859696,0
1,2006-11-27,956,159.79304122290552,12.640927229555018,1.984446974812405,0.15118785287918152,0,81.366743638205421,9.020351636061946,1.4160677607632568,0.13485538361772931,0
1,2006-11-28,957,52.97603285064794,7.278463632570265,1.141719785501218,0.55969910434431192,1,461.84843432379654,21.490659234276563,3.3710838014551472,0.25746649281717393,1
1,2006-11-29,958,174.18342814467653,13.197856952728216,2.0408005184364022,0.46124414373551992,1,182.39547676993317,13.505386953728248,2.0883542529346291,0.0059758107441302121,0
1,2006-11-30,959,313.41135392381238,17.70342774503888,2.7288520608923128,0.0043799766469693243,0,21.502557840022448,4.6370850585278731,0.71477226335689759,0.045241914760200917,0
1,2006-12-01,960,232.16988147968166,15.237121824008682,2.3586875888558332,0.013683462849950733,0,28646.260039723067,169.25206066610554,26.200009391038009,0.031705697126350504,0
1,2006-12-04,961,275.71702315003574,16.604728939372535,2.5707894317034423,0.34277576404438964,1,39111.062938832991,197.76517119764287,30.61854330355208,0.22819403301507576,0
1,2006-12-05,962,14.289093677560226,3.7800917551774091,0.59435404955619642,0.60424506018088997,1,22233.240332675414,149.10814978623876,23.444677639345716,0.23791597263569772,0
1,2006-12-06,963,243.85527914099143,15.61586626290682,2.4875931920202023,0.78039407213853873,1,1.3781412336369712,1.173942602360512,0.18700798126013732,0.091321981478889466,0
1,2006-12-07,964,109.9284629507451,10.484677532034311,1.6449133247622076,0.91578306674073051,1,3.5788380005814426,1.891781700033448,0.29679662692711767,0.28899116697631461,1
1,2006-12-08,965,104.52991447188285,10.223987210080168,1.6312703965026196,0.016812610910572963,0,418.62317970213576,20.460282981966202,3.264504664055238,0.18401209303414315,0
1,2006-12-11,966,106.15321977044474,10.303068463833711,1.6406159974257501,0.79375965303858576,1,22.61312962035225,4.7553264472959427,0.75721758714903542,0.12333320442353307,0
1,2006-12-12,967,42.096518117855439,6.4881829596471334,1.039772910199861,0.071128782844228786,0,383.1053571225043,19.573077354430097,3.136711114492003,0.18373272411890074,0
1,2006-12-13,968,144.06123884619203,12.002551347367444,1.9130620572788404,0.46743508084307406,1,52.170336078665194,7.2229035767248888,1.1512437960989621,0.36615247950919944,1
1,2006-12-14,969,113.59309027437624,10.658005923922929,1.7086983445167021,0.2767292481547346,1,152.46772676286002,12.347782260910662,1.9796043704866793,0.27077829237241496,1
1,2006-12-15,970,3.0973184110445295,1.7599200013195286,0.28663192203901122,0.48084375741988872,1,356.32575581888347,18.876592802168602,3.0743636485616617,0.03154517641584037,0
1,2006-12-18,971,298.05825086363984,17.264363610154874,2.7823309605406727,0.20855021290270218,0,815.65971896728161,28.559756983687407,4.6027005614322976,0.017243562014169832,0
1,2006-12-19,972,195.98366441832101,13.999416574211978,2.2607051391541342,0.17690109976802085,0,185.68403139611317,13.626592802168602,2.200499443224643,0.54513145613862779,1
1,2006-12-20,973,162.38974343974365,12.743223432073364,2.0537024064582377,0.56938249355544568,1,445.26798100009097,21.101373912617419,3.400704901308206,0.070056288897509367,0
1,2006-12-21,974,240.30497542259781,15.501773299290562,2.5012946025478922,0.0053760941948652928,0,806.0163104922035,28.390426387995717,4.5809481868488451,0.06751161043311471,0
1,2006-12-22,975,483.1428068850185,21.980509704850306,3.4972966913047423,0.062219271070319042,0,500.02210825814547,22.36117412521412,3.5578638226275454,0.0072560053675003421,0
1,2006-12-27,976,895.07626916609854,29.917825274676943,4.7338331130817952,0.021785709765734108,0,11.892980773309016,3.4486201259792324,0.54566774145241015,0.61470462461086173,1
1,2006-12-28,977,470.25409052289729,21.685342757791432,3.4112541698586489,0.59396256409481996,1,2.1921167188924153,1.4805798590053882,0.23290543637020422,0.19207334188482422,0
1,2006-12-29,978,115.06207386206412,10.726699113057293,1.7061713238519631,0.21819614801418435,0,24.204801861813067,4.9198375849018703,0.78254136868170354,0.079036814650228673,0
1,2007-01-04,979,25.473757466485722,5.0471534023135973,0.82808095197926113,0.34253791744318152,1,181.53534375752929,13.473505251326742,2.2105833062061921,0.0055328880114124375,0
1,2007-01-05,980,18.639203298552157,4.3173143617939331,0.70822085987433292,0.76713000124054631,1,236.40052469474801,15.375321937922081,2.5221984806302626,0.046835345942108565,0
1,2007-01-09,981,330.10478095747271,18.168785896627014,2.9863224682161431,0.013659306488562712,0,42.957782706895181,6.5542186953820192,1.077287754007564,0.24588670567835033,0
1,2007-01-10,982,324.95236574825907,18.026435192468284,2.9454959464817456,0.50577007263824358,1,8.7274081001445047,2.9542186953819964,0.48271547310163343,0.036533807882875531,0
1,2007-01-11,983,456.61894629861422,21.368643997657273,3.4479457842125494,0.017159387482108518,0,22.99951832172356,4.7957813046180036,0.77382513991415958,0.18873383184589626,0
1,2007-01-12,984,795.19095281048021,28.199130355570901,4.497110334992569,0.11711753065612875,0,59.386650524531042,7.7062734524886309,1.228972721870446,0.16091042936863073,0
1,2007-01-16,985,259.55776297773048,16.110796472481752,2.5715557019124904,0.42001972546032679,1,12.896236344039773,3.5911330167566575,0.57320558926682486,0.25228446144748407,1
1,2007-01-17,986,106.07496076306906,10.299269914079787,1.6219322699338248,0.081039049055229948,0,35.053979134168351,5.9206400949701674,0.93238426692443588,0.073904129233136648,0
1,2007-01-18,987,0.98949741863576202,0.99473484840723359,0.15814544489781138,0.07147235110730675,0,161.06244329886289,12.691037912592606,2.0176530862627353,0.016005160999394492,0
1,2007-01-19,988,79.619310523868236,8.9229653436437957,1.3963952024481685,0.69486282770463714,1,24.291263784812692,4.9286168226808513,0.77130153719575134,0.031695101563721122,0
1,2007-01-22,989,96.189683904931869,9.8076339605906924,1.5264799938662557,0.41461584751887337,1,96.133814651027578,9.8047852934690809,1.5260366215516079,0.55668217879278259,1
1,2007-01-23,990,127.51275167658601,11.292154430248729,1.7586286295356999,0.43772256754848304,1,245.9981343327716,15.684327665946398,2.4426612156901411,0.0063083734498759177,0
1,2007-01-24,991,328.24066211065394,18.117413229008548,2.7798102384362942,0.02812586376498533,0,31.185767773864722,5.5844218835851507,0.85683496487689303,0.0045690784677627112,0
1,2007-01-25,992,4.7779628394761557,2.1858551734907223,0.33902367948673479,0.023578424062609269,0,62.190550904978714,7.8860985858013919,1.2231250230013793,0.0040266851416488605,0
1,2007-01-29,993,39.851722492754554,6.3128220704178375,0.97045689014878356,0.22003402403261912,0,9.5961299055266096,3.0977620802002548,0.47621246428904762,0.070853881487165302,0
1,2007-01-31,994,11.489343465748229,3.3895934071431384,0.52494864598778657,0.066822914809288966,0,58.256618323364961,7.6326023297015126,1.1820663357134138,0.18516794111545978,0
1,2007-02-02,995,380.79122030350726,19.513872509153771,3.0049079934021821,0.19460327940068115,0,23.741379655254981,4.8725126634268463,0.75030992661331175,0.060709926637603218,0
1,2007-02-05,996,507.13631138504894,22.519687195541792,3.447330607813516,0.087190043667366088,0,0.37938806139376646,0.61594485255886866,0.094289300047281852,0.15670557379832448,0
1,2007-02-06,997,339.15537536075465,18.416171571766881,2.8170052117425439,0.018857617940497347,0,0.013443208834897793,0.11594485255886866,0.01773535029581165,0.065737138518640992,0
1,2007-02-07,998,375.38633098388198,19.37488918636393,2.9534892052384039,0.011334899403095171,0,99.140945271729365,9.9569546183423654,1.5178284479180435,0.01202147071855003,0
1,2007-02-08,999,275.63434798771391,16.60223924618947,2.4984558685010492,0.027108805079933865,0,2.9095745760672065,1.7057475124024677,0.2566963901282871,0.087623478625878617,0
1,2007-02-09,1000,373.54237808602733,19.327244451447996,2.8941665845235094,0.0055229367313767916,0,49.672190547555545,7.0478500656267897,1.0553833581351888,0.077214183905080586,0
1,2007-02-13,1001,409.5890503741557,20.238306509541644,3.0285531626699056,0.11490579032431783,0,462.21238110710107,21.499125124225429,3.2172278524841649,0.032052211368730238,0
1,2007-02-14,1002,298.21178065680465,17.268809474216937,2.597790067576824,0.47835702382731782,1,485.60641104423576,22.036479098173459,3.3150024969046199,0.039796056633634461,0
1,2007-02-15,1003,1051.4743290808085,32.426444903516767,4.7286102666448073,0.10741660934912692,0,690.28339627335322,26.273244875221508,3.8313153299630343,0.041622642846599445,0
1,2007-02-26,1004,247.67854818106889,15.737806333192339,2.3273892832286807,0.004964046965881542,0,145.3910999476505,12.057823184457902,1.7831740882073204,0.0077419417178484374,0
1,2007-02-27,1005,12.765192098248717,3.5728409002149419,0.53791642580772991,0.013534487547641595,0,7.5577765312371721,2.7491410533541512,0.4139025976142956,0.10425364615515187,0
1,2007-02-28,1006,289.11412936034276,17.00335641455365,2.536300181168504,0.052726122668418404,0,483.22974493993746,21.982487232793687,3.2790106254167193,0.21247367805503872,0
1,2007-03-01,1007,107.76174174656673,10.38083531063694,1.5923968876571468,0.012896177288227119,0,22.012354414049884,4.6917325599451942,0.71970126705709381,0.10613602692150768,0
1,2007-03-02,1008,0.33038591198111367,0.57479205977563197,0.090269659956911177,0.42131945030728402,1,601.65165008928875,24.52858842431192,3.8521536590988488,0.032727449806910225,0
1,2007-03-05,1009,230.90028423804904,15.19540339175137,2.3604510123108926,0.098298032954503997,0,4.9516738195966781,2.2252356773152542,0.34566767802955406,0.083873809837165234,0
1,2007-03-06,1010,218.29409918682987,14.774779158648357,2.2857022213255505,0.031099040405795541,0,53.012001420718505,7.2809341035830357,1.1263821323612371,0.088243045841998227,0
1,2007-03-07,1011,346.34471072006397,18.610338812608006,2.8445301968067263,0.044136974204464531,0,31.122186667354285,5.5787262585068902,0.85269029553028497,0.054915181605994616,0
1,2007-03-08,1012,198.74988193759819,14.097867992629176,2.1614209264283901,0.027977943782579166,0,0.32387146771234887,0.56909706352462308,0.087251370413893928,0.10254051061846887,0
1,2007-03-09,1013,15.243450189824438,3.9042861306293162,0.60274583259425951,0.65503419872806157,1,24.147256694105895,4.9139858255906574,0.75862382486926394,0.4350943241254524,1
1,2007-03-12,1014,240.74449787584734,15.515943344697007,2.3841338882447767,0.29111152036561089,1,10.811843790737376,3.2881368266447453,0.50524536365162032,0.023683164254272488,0
1,2007-03-13,1015,0.21976225300240329,0.46878806832341979,0.072878051818642792,0.041732494625508688,0,27.495816468908728,5.2436453416405584,0.81517999870043667,0.29812510649956908,1
1,2007-03-14,1016,176.87545586412151,13.299453216734946,2.0508023464510328,0.062350189797333561,0,182.75579072822029,13.518720010719221,2.0846137256313368,0.012468847745548068,0
1,2007-03-15,1017,505.97899086272446,22.493976768520156,3.4436584152664049,0.030675297123160319,0,333.74632173950846,18.268725235754914,2.7968042308259204,0.091613427216382798,0
1,2007-03-16,1018,840.47069763316813,28.990872660773221,4.3992219515589106,0.0041841519764764879,0,579.3035344742633,24.068725235754869,3.6523103544392823,0.0098150974481216076,0
1,2007-03-20,1019,776.96901969475346,27.87416401786345,4.2042479664952417,0.18118963460137108,0,1228.7731038847407,35.053860042579345,5.2871583774629478,0.165910412420542,0
1,2007-03-22,1020,245.26271186045116,15.660865616575961,2.3864176177639562,0.57666082737564928,1,327.59796751248348,18.099667607790025,2.7580445878537181,0.12986195446248858,0
1,2007-03-23,1021,465.46097405923831,21.57454458521056,3.2540791229578523,0.30624844052198197,1,37.601030800285145,6.1319679386217558,0.92488204202439761,0.018242409669547051,0
1,2007-03-26,1022,882.74191716548739,29.710973009403233,4.4560889402929478,0.35481200006129865,1,122.37308075929788,11.062236697851745,1.6591281136635538,0.041356615218712374,0
1,2007-03-28,1023,432.46386494053888,20.795765553124966,3.1461067402609628,0.59300706714541052,1,1.1671189512369626,1.0803327965201106,0.16343915227233141,0.025349636616812776,0
1,2007-03-29,1024,348.68474058208949,18.673102061041959,2.8217759064664842,0.13322542367870582,0,1.0336230321325508,1.0166725294471917,0.15363392964823447,0.026125399845006794,0
1,2007-03-30,1025,444.64038960218249,21.086497803148404,3.174482168332466,0.10555499497993259,0,32.870760807307029,5.7333027835015855,0.86312424290577117,0.37228090458961738,1
1,2007-04-03,1026,552.65433506144086,23.508601299555039,3.4970027965124642,0.30173472932938367,1,0.19566461323902345,0.44233992951012624,0.065799915137244508,0.15190801516556982,0
1,2007-04-04,1027,636.25777934422013,25.224150716014606,3.7452339593191692,0.033206911780718711,0,38.770213150166967,6.2265731466166017,0.92450974708487033,0.058513074524839954,0
1,2007-04-05,1028,634.80268680503116,25.195290964881337,3.7194111256098816,0.27104119551040717,1,79.924559869479822,8.9400536838141988,1.3197599178940358,0.0062431612949564825,0
1,2007-04-10,1029,466.41626265976612,21.596672490450146,3.1844105706945069,0.0160535948066577,0,383.61711775622803,19.586146066958349,2.8879601986078365,0.01458370737084823,0
1,2007-04-11,1030,315.92168474835103,17.774185909581092,2.6244645123043324,0.43959001833428546,1,45.51115473642264,6.7461955750202378,0.99611599483502966,0.37931094343294752,1
1,2007-04-12,1031,344.7927907112587,18.568596896676354,2.7236665781703491,0.00059253367572409865,0,116.19243905537839,10.779259671024647,1.5811161967032854,0.0031988828434675997,0
1,2007-04-13,1032,521.15294266849799,22.828774445171121,3.3253859352033679,0.27179709311841949,1,360.51686374828802,18.987281631352289,2.765809414617959,0.0077884932841929084,0
1,2007-04-16,1033,224.46075763139447,14.982014471738921,2.1776183825201922,0.14857764688770003,0,465.70892619521089,21.580290224999544,3.1366700908429572,0.0014459206042114323,0
1,2007-04-17,1034,198.8606008180785,14.101794241091397,2.0474474397228888,0.15365813123470043,0,622.32812820431479,24.946505330492982,3.6219971441732097,0.056725876847978515,0
1,2007-04-18,1035,87.036226993216289,9.329320821647002,1.368136210829594,0.49567515624685748,1,196.68904508930248,14.024587162882995,2.0566926474384801,0.0010537036456831348,0
1,2007-04-19,1036,269.25794917587746,16.409081302007053,2.3733123086501378,0.053544253751821244,0,624.01489972520665,24.980290224999521,3.6130011896152046,0.4226892917940599,1
1,2007-04-20,1037,204.6701626788944,14.306298007482383,2.0772902580924035,0.060238508998812924,0,917.75282262483165,30.294435505961019,4.3987854662350836,0.03143400500236463,0
1,2007-04-23,1038,187.15909270614944,13.680610099924252,1.9873053602446618,0.034992301605117009,0,899.66616132125091,29.994435505960951,4.3571231124289591,0.054321226762614104,0
1,2007-04-24,1039,123.82623551412819,11.127723734624624,1.626860195120559,0.84735672457083588,1,632.11463745355798,25.141890093100756,3.6757149258919237,0.59579846770282641,1
1,2007-04-25,1040,25.647664588656991,5.0643523365438341,0.75250406189358598,0.2091850461179463,0,147.45652746897352,12.143167933820791,1.8043340169124504,0.17784214760797062,0
1,2007-04-26,1041,411.26093694505244,20.279569446737582,2.9932943832823002,0.79155250934591448,1,203.17647043930464,14.25399840182763,2.1039112032217906,0.011772812226405468,0
1,2007-04-27,1042,276.29465655166348,16.62211348029075,2.4292456675616734,0.046638667847046053,0,705.89590576335763,26.568701619826243,3.882893915940993,0.12267375403757895,0
1,2007-05-08,1043,113.64389492935163,10.660389060881016,1.560818310524307,0.053789811302551241,0,515.6993548552947,22.70901483674038,3.3248923626267031,0.095082441577847079,0
1,2007-05-09,1044,68.104990385867936,8.252574773115839,1.2253266181315277,0.27297682709174781,1,174.47807295722748,13.20901483674038,1.9612494189666489,0.31120199674547183,1
1,2007-05-10,1045,1.1146152734498531,1.0557534150784704,0.15781067489962189,0.45011618084856675,1,3.5775869462380121,1.891451016082101,0.28272810404814663,0.040914074816531934,0
1,2007-05-11,1046,66.875889409695702,8.1777679968128041,1.2201981493304692,0.56374356881598153,1,4.7598624055195584,2.181710889535907,0.32553131744791208,0.069978109193648871,0
1,2007-05-14,1047,156.15243703468545,12.496096872011094,1.8699733441094042,0.030798192298643053,0,0.053689936329500212,0.2317108895358615,0.034674282010604039,0.014869355588743116,0
1,2007-05-15,1048,118.64132280708624,10.892259765865219,1.6311882839184155,0.2675827889233669,1,20.127246413164947,4.4863399796677186,0.67185922570838164,0.016043665716374448,0
1,2007-05-16,1049,230.44943210625962,15.180560994451412,2.3114672241265946,0.71901038766425085,1,25.695949044668378,5.0691171859277802,0.7718488292238721,0.070605711638875204,0
1,2007-05-17,1050,260.57055663456504,16.142198011255005,2.4569555572686461,0.14290187411317112,0,29.447308501721714,5.4265374320759747,0.8259569911835577,0.0027397489459877458,0
1,2007-05-18,1051,256.73695378450117,16.023013255455453,2.4351083974856311,0.0076969273417244778,0,87.183379461113404,9.3372040494525663,1.4190279710414235,0.097998947756455096,0
1,2007-05-21,1052,384.61509936903758,19.611606241433606,2.9624782842044719,0.0063367015519692647,0,197.78024360322618,14.063436408048574,2.1243861643577904,0.56465872602548317,1
1,2007-05-22,1053,530.09696947313046,23.023834812496602,3.4776580035490681,0.0037398490934848522,0,108.22423330891046,10.4030876814968,1.5713447143715431,0.34175221025779151,1
1,2007-05-23,1054,374.26800116452591,19.346007370114535,2.9356612094255743,0.0022637612998837966,0,40.493057067235902,6.3634155189831745,0.96561692245571684,0.02529706856193694,0
1,2007-05-24,1055,242.04129609040584,15.557676436100792,2.3741303885397214,0.7817912215093944,1,18.152762655983388,4.260605902449015,0.65017639286571272,0.065436904031895143,0
1,2007-05-25,1056,171.08743548079673,13.080039582539371,1.9813738669301479,0.25656316334559293,1,142.44367064639712,11.934976776114695,1.8079189238983102,0.012104553132026345,0
1,2007-05-29,1057,19.014632909986826,4.3605771303792835,0.66813408877335234,0.00046372884188610933,0,110.02995757727943,10.489516555937143,1.6072192685110156,0.026003945318683025,0
1,2007-05-30,1058,396.83380984613041,19.920687986265193,3.0224075233295693,0.010019579897377656,0,10.981629152441826,3.3138541235911134,0.50278472516933903,0.00011959289774848683,0
1,2007-05-31,1059,557.36736296180698,23.608628993692264,3.5421798940273468,0.39229001230271049,1,181.77241454515601,13.482300046548289,2.0228507196621592,0.10536404042129111,0
1,2007-06-01,1060,266.75554688390946,16.332652781587853,2.4337137209935706,0.33923201411530629,1,15.931681213783017,3.9914510160821237,0.59476248190763281,0.02363225922889008,0
1,2007-06-04,1061,228.20245051581119,15.106371189528318,2.2496457467652,0.035381434031315759,0,114.67295001479044,10.708545653579222,1.5947201271152973,0.0070003362642403668,0
1,2007-06-05,1062,280.22480940624331,16.739916648724488,2.4996142524599798,0.49099691669055978,1,45.863681511182271,6.7722729944371167,1.0112398080389902,0.043461207778483314,0
1,2007-06-06,1063,471.02846895990155,21.703190294514343,3.2453368664694344,0.0015164777033543969,0,41.103782014162157,6.411223129338282,0.95868757074217303,0.0059502276643428843,0
1,2007-06-07,1064,112.33842491752026,10.598982258571823,1.6175478456423995,0.00043142746206222698,0,0.035834113352293445,0.18929900515399822,0.028889584914765086,0.0093366525313812992,0
1,2007-06-08,1065,132.8488513363375,11.526007606120061,1.7724139022174474,0.0014749822207223875,0,47.885034965076699,6.9199013696061229,1.0641090834393547,0.00027693714203868869,0
1,2007-06-11,1066,0.24133143812934962,0.49125496244755595,0.075898796824651366,0.024657097737130797,0,218.01586460415024,14.765360293746653,2.281245313827216,0.0026391910011906257,0
1,2007-06-12,1067,85.28100301875412,9.2347714112886479,1.4258892011562803,0.0096152884093012904,0,286.67563478175123,16.931498302919067,2.6142975840220903,0.0027533776431617123,0
1,2007-06-13,1068,213.09721044367001,14.597849514352106,2.2346497534408121,0.1728012112623977,0,128.40285378905719,11.331498302919044,1.7346342599187208,0.016614545565337032,0
1,2007-06-14,1069,244.02482210009472,15.621293867669692,2.3918686062884231,0.028280563417318962,0,107.749745887405,10.380257505833129,1.5893825609911389,0.14627853470142455,0
1,2007-06-15,1070,70.891470159156029,8.4197072490173923,1.2834919586916758,0.24189004012935578,0,0.0011527547645831364,0.033952242408759048,0.0051756467086522939,0.1428964233728732,0
1,2007-06-18,1071,51.087251070717464,7.1475346148666858,1.0890651553964172,0.074539577784347277,0,43.942347889327159,6.6289024649128123,1.0100415152998343,0.029739368017714676,0
1,2007-06-19,1072,216.55562725970799,14.715829139389598,2.2374683198098824,0.026594613094167538,0,22.024992443043267,4.6930792069858853,0.71355925300074274,0.56536826246006433,1
1,2007-06-20,1073,74.454269225574279,8.6286887315266085,1.3264702123791865,0.015111278222840141,0,31.502149687551903,5.6126775862819613,0.86282514777585884,0.009376999888531622,0
1,2007-06-21,1074,49.260858657810999,7.0186080285061507,1.0750720729886116,0.032265812682979622,0,0.071948582211746423,0.26823232879678471,0.041086364217934393,0.0029426721796709703,0
1,2007-06-22,1075,37.15874527644489,6.0957973454212606,0.93673412914656329,0.11507913460275021,0,42.145408332776285,6.4919495017118152,0.99761037290999854,0.0025551246924839064,0
1,2007-06-25,1076,13.561451055794477,3.6825875489653299,0.56917891019556877,0.098945188953126123,0,46.85980496798777,6.8454221906313251,1.0580250681037597,0.037250466504316959,0
1,2007-06-26,1077,10.393431704684287,3.223884567518553,0.50208449891271656,0.026465593396312905,0,19.601775011498631,4.4273891868118653,0.68951708251236021,0.00030525111708509735,0
1,2007-06-27,1078,88.530884362606713,9.4090852032812791,1.4537018467796492,0.0073577477848073575,0,201.12761361482961,14.18194674982351,2.1911080339626898,0.00010293485031396639,0
1,2007-06-28,1079,184.18805912968986,13.571590147425241,2.0863320749308594,0.49614763277062446,1,160.98986938784256,12.688178332126427,1.9505270303038318,0.31872270620324311,1
1,2007-06-29,1080,292.6723330551323,17.107668837545702,2.6128551107362661,0.40726896785782818,1,23.821078241973382,4.8806841981399884,0.74542713984574083,0.12581186115728313,0
1,2007-07-02,1081,59.759093953438779,7.7304006334367159,1.1815667762226543,0.52328536042483142,1,8.0507346135273714,2.8373816474925206,0.43368462323156598,0.025259485517090202,0
1,2007-07-03,1082,11.630624784361496,3.4103701828923931,0.52386638754107429,0.11726956589195808,0,40.89741024410187,6.395108305893018,0.98235150628156964,0.22833596230382802,0
1,2007-07-05,1083,22.326283032711586,4.7250696325780837,0.72833443276733467,0.067844241459452878,0,377.56989084293053,19.431157732953807,2.9951688220352688,0.16236377368471225,0
1,2007-07-06,1084,268.15259197624806,16.375365399778048,2.4764257693426157,0.34112311802024731,1,267.73721779261405,16.362677586281961,2.4745070073772344,0.04082521433060203,0
1,2007-07-09,1085,224.33146172280556,14.977698812661629,2.2635180312319219,0.21200456399521223,0,203.28292178811063,14.257732000150327,2.1547124074581117,0.0059637235008353868,0
1,2007-07-10,1086,214.03461083649051,14.629921764537585,2.2066247005335722,0.78912496308514291,1,811.19120199087286,28.481418538950493,4.295839900294192,0.261790885478215,1
1,2007-07-11,1087,334.88467025869238,18.299854378073405,2.7425784006104768,0.86176630191659265,1,1185.6984747240917,34.433972682862077,5.1605803945840503,0.057218563858172151,0
1,2007-07-12,1088,206.68858997617301,14.37666825019528,2.1570394974036429,0.057648310682836157,0,11721.310820558461,108.26500275046624,16.24381136541129,0.010583864160075526,0
1,2007-07-13,1089,62.28354990990308,7.8919927717847713,1.1840949395025913,0.010462638419442311,0,989.25749291777925,31.452464019815352,4.719049365313631,0.073206694523935703,0
1,2007-07-17,1090,364.75320766282897,19.098513231736888,2.8644189323939839,0.26086479460303635,1,170.03496599215032,13.039745626052309,1.9557173792354419,0.16320581859325145,0
1,2007-07-18,1091,314.99461214090127,17.748087562915089,2.6312954133306286,0.80296226381039548,1,51.709190367723302,7.1909102600243386,1.066109749447641,0.037895995710195099,0
1,2007-07-19,1092,723.90492945223571,26.90548140160729,3.9474004403766561,0.0076002684549696447,0,30.711271348041819,5.5417751080354947,0.81305385974699151,0.006676565058993205,0
1,2007-07-20,1093,77.968244571238912,8.8299628861756219,1.2947159657149006,0.011148927417395073,0,2.070916230618066,1.4390678339182159,0.2110070137709994,0.08492383871297339,0
1,2007-07-23,1094,253.49580433989138,15.921551568232644,2.3266917387450894,0.071880630179385008,0,1820.8138771494175,42.67099573655878,6.2357147064969727,0.017204260015148708,0
1,2007-07-24,1095,102.36990787885733,10.117801533873717,1.4994889268430851,0.1214657950484839,0,1250.8692171823502,35.367629510363713,5.2415901460338965,0.02426734520429134,0
1,2007-07-25,1096,13.936879135671422,3.7332129775397789,0.55719596679698191,0.00010662770570359533,0,35.016975229774125,5.917514277952705,0.88321108626159772,0.0028386457142146621,0
1,2007-07-26,1097,102.48692397507973,10.123582566220307,1.5327149986707505,0.0006563580206214323,0,9.4417379980497369,3.0727411212221796,0.46521440139624221,0.016837101403848798,0
1,2007-07-27,1098,6.044989488647043,2.4586560330080829,0.37167891655450985,0.00037599671172847658,0,131.47457703193211,11.466236393513441,1.7333690693142012,0.081621467501138328,0
1,2007-07-30,1099,10.433664113905595,3.2301182817205927,0.4853671347438907,0.052539106540887059,0,39.459587856182658,6.2816867047141614,0.94390483917568169,0.22568261598278389,0
1,2007-07-31,1100,51.367481618006387,7.1671111068551454,1.0765469180405778,0.041013967069686352,0,155.35402462389061,12.464109459720362,1.8721906811446281,0.013439387377015596,0
1,2007-08-01,1101,44.26524185528357,6.6532128971861084,0.99860606336752089,0.015516727974974507,0,34.162830167612952,5.8448977893212941,0.87728297025460333,0.017687116272351002,0
1,2007-08-02,1102,4.4460187976589065,2.1085584643682296,0.31447553532710359,0.031239307771292531,0,711.02384168502522,26.665030314721662,3.9768874444029323,0.13377020230698949,0
1,2007-08-03,1103,4.6218640554285129,2.1498521008265925,0.32015667919979035,0.3666576743400029,1,248.10284254967451,15.751280663796024,2.3456858769614333,0.20066386663089728,0
1,2007-08-06,1104,107.38718006097949,10.362778587858543,1.5513141598590634,0.74048458809481488,1,153.50032537832368,12.389524824557384,1.8547192851133809,0.047490460917596476,0
1,2007-08-07,1105,14.505726241485881,3.8086383710567588,0.56382507343549348,0.0049961840828053388,0,231.314132304189,15.20901483674038,2.2515195909312182,0.12910292223103195,0
1,2007-08-08,1106,412.50349042906782,20.31018193983175,3.0652251644780786,0.052990454354398732,0,14.794647181069644,3.846381049905176,0.58049819648433088,0.0019861043592247626,0
1,2007-08-09,1107,4.0735067151185076,2.0182930201332283,0.30191369037146276,0.091819617171899889,0,1.2520236155094109,1.1189386111442445,0.16738049530953544,0.043667430647571046,0
1,2007-08-10,1108,7.8900879536580604,2.8089300371597119,0.42002692144444287,0.35766534134156541,1,107.58214746441976,10.372181422652602,1.5509803996489873,0.40073591544446163,1
1,2007-08-13,1109,223.24195523700553,14.941283587329622,2.2355477799550565,0.59571679005594425,1,9.1768879805105215,3.0293378782351965,0.4532562098055205,0.33422792714910171,1
1,2007-08-14,1110,7.3779696575143161,2.716241826037276,0.41015354111548152,0.18181103488076511,0,9.4289658660412652,3.0706621217648262,0.46367113956433764,0.40175606980418516,1
1,2007-08-16,1111,36.963158516699423,6.0797334248056814,0.92467428514154859,0.034732652130405148,0,107.99176413765993,10.391908589747118,1.5805184166915769,0.15803246414586211,0
1,2007-08-17,1112,0.65304357462583151,0.80811111527179946,0.12290663350141436,0.19909525277791734,0,25.37475148471113,5.0373357526286782,0.76613471522869636,0.0075422943662544024,0
1,2007-08-21,1113,15.716483111974771,3.9644019866777853,0.60112236340830716,0.32501818390067694,1,61.513546824420864,7.8430572370996288,1.189242947247859,0.0022961861448783419,0
1,2007-08-22,1114,0.17210398977115657,0.41485417892454279,0.062785346791455587,0.22124472976671686,0,41.882507075094409,6.4716695740044088,0.97944299266052337,0.061576774935080458,0
1,2007-08-23,1115,9.4836527426114703,3.0795539843638835,0.46599893839205314,0.0036780888005964979,0,35.800120264912771,5.9833201706838963,0.90539761983565048,0.043975540567732341,0
1,2007-08-24,1116,2.6659193127895229,1.6327643163633638,0.24515980726176634,0.019598912261652592,0,14.727026218108854,3.8375807767536116,0.57621332984288454,0.0694169702028819,0
1,2007-08-28,1117,16.077377915773578,4.0096605736363244,0.60363727115337973,0.22635726507065995,0,5.1538061357449632,2.2701995805974775,0.3417688491678551,0.06435030219517289,0
1,2007-08-29,1118,0.0091420572374114762,0.095614105849563202,0.014356472349784263,0.34274434977166535,1,39.656796371997984,6.2973642400609151,0.9455501861953326,0.057495038022369535,0
1,2007-08-30,1119,141.87335403240755,11.911060155687551,1.772479189834457,0.63737665734013615,1,71.312244269119105,8.4446577354632382,1.2566454963486962,0.27874621621738188,1
1,2007-08-31,1120,245.77375690650427,15.677173115919345,2.3097124296013769,0.21837960629600031,0,62.969079444854628,7.9353058822489402,1.1691058390053688,0.0090296266882526136,0
1,2007-09-04,1121,82.773903281743472,9.0980164476518439,1.3374518849910833,0.28792061872742569,1,2637.9810687170884,51.361279858635612,7.5503535257090206,0.013543858391054278,0
1,2007-09-05,1122,293.75783542808432,17.139365082408517,2.4906437669706483,0.16732122043293254,0,15282.007101144362,123.62041538979054,17.964167026053993,0.10482007790312878,0
1,2007-09-06,1123,702.39092277369298,26.502658786878214,3.7672578232946998,0.13251075358445188,0,1781.8546785686958,42.212020545914356,6.0002872133495888,0.042122810149865623,0
1,2007-09-10,1124,225.66290299721194,15.022080514935737,2.1333637030370998,0.0048619200865745137,0,5967.7623525044382,77.251293532888099,10.970857563429396,0.0064035242119123842,0
1,2007-09-11,1125,12.872834241461028,3.5878732198143553,0.50819733991704741,0.026469571476176471,0,6665.2208333824856,81.64080372817557,11.563853219288324,0.012510784346758815,0
1,2007-09-12,1126,23.110019004258433,4.8072881132982275,0.68236878826092651,0.085923704685662045,0,2791.6169257421893,52.835754236522348,7.4997521982288635,0.0089563294105660888,0
1,2007-09-13,1127,94.677209123267787,9.7302214323862017,1.3583054976458717,0.39254319066308324,1,3318.9836090570543,57.610620627251137,8.0422448003421696,0.57887891260927204,1
1,2007-09-14,1128,39.847617606247532,6.312496939107973,0.88317550739530926,0.00099665818866854616,0,684.61293639158703,26.165109141595167,3.6607358015523146,0.00074527408744520535,0
1,2007-09-18,1129,141.33115028372063,11.888277851889256,1.6394232713079029,0.22314118217794682,0,1456.7886157812859,38.167900332364184,5.2634489874321426,0.061227152711960893,0
1,2007-09-19,1130,1158.6437487182598,34.038856454326719,4.6342895104597304,0.014127380012332002,0,22239.138837939536,149.12792775982484,20.303325767164718,0.034037346385846538,0
1,2007-09-20,1131,404.67704166223837,20.116586232813916,2.7295232337603683,0.00043891471389637294,0,6656.7580015903841,81.588957595929514,11.070414870546745,0.0048407392280515483,0
1,2007-09-21,1132,381.14771357771548,19.523004727185707,2.6798908342053132,0.14432584955577718,0,1862.1423135493715,43.152547011148386,5.9234793426421941,0.017457786905332076,0
1,2007-09-25,1133,926.74145482194183,30.442428530292091,4.143236274963197,0.6711903454399043,1,2225.0250869628949,47.170171580808301,6.419894056591807,0.40563521181803819,1
1,2007-09-26,1134,408.5840801892511,20.213462845075583,2.7623454520089621,0.33619992582025782,1,738.05492777121799,27.167166355201971,3.7126294984901906,0.0012979989941458872,0
1,2007-09-27,1135,1145.2495937687797,33.841536516074143,4.5654686699594125,0.13173711610731356,0,342.28402594035043,18.500919597153825,2.4959082087222697,0.020579628546392403,0
1,2007-10-10,1136,998.10725364355164,31.592835479639234,4.2180020667075082,0.73246434251548942,1,6678.996922253742,81.725130298175372,10.911232349556125,0.210019181338162,0
1,2007-10-11,1137,1513.4751403500661,38.903407824380452,5.1905814308713074,0.23696795763702774,0,5150.6185037317755,71.767809662353329,9.575424904917055,0.0062145014124895866,0
1,2007-10-12,1138,719.04856433503733,26.815080912334338,3.5336470860294309,0.38176241938989791,1,6924.5689447071136,83.213994884917724,10.965802844424816,0.0056598147031149681,0
1,2007-10-15,1139,230.37053156831917,15.177962036067925,2.0056771768837693,0.12883070257800233,0,8670.0475573228141,93.113090150219023,12.304339630025639,0.029926294194705706,0
1,2007-10-16,1140,51.947951368777211,7.2074927241570776,0.94524494743043652,0.18474611950164099,0,1718.0986751402922,41.449953861739004,5.4360595228510169,0.047186921816610064,0
1,2007-10-17,1141,212.64685846614799,14.58241607094476,1.9083185331341699,0.073464943705479943,0,11165.053029755389,105.66481453045469,13.827758232082013,0.012237595507974373,0
1,2007-10-18,1142,88.719944118080321,9.4191265050470747,1.2344857804779914,0.12104220937335806,0,959.76003140948762,30.979994051153199,4.0602875558523195,0.0063532753765951485,0
1,2007-10-19,1143,0.71856157516840946,0.84768011370351815,0.11283595523507729,0.10582024365627446,0,1.4760121128918342,1.2149123889778366,0.16171878721834762,0.55323863997663292,1
1,2007-10-22,1144,146.81076124325102,12.116549064946298,1.5995444310160132,0.21961787608513025,0,679.08625567161153,26.059283483465379,3.4401694367611064,0.09774444340509493,0
1,2007-10-24,1145,285.35436479930172,16.89243513526992,2.200968747266439,0.0020376549965051656,0,1037.479458688106,32.209927952234011,4.1967332836786984,0.024525894000363424,0
1,2007-10-25,1146,550.20332853776029,23.456413377534091,3.0105131717299738,0.26623918277086545,1,2728.2573176771443,52.232722671493434,6.7038083387657625,0.0077913529218724712,0
1,2007-10-26,1147,776.9141466090914,27.873179700369519,3.5349625491908081,0.164239087001506,0,216.24601851213484,14.705305794580909,1.8649721996932034,0.0061670929505956455,0
1,2007-10-29,1148,617.04100212345361,24.840310024704877,3.1714407947277214,0.13435161070251411,0,2650.3766286119744,51.481808715428542,6.572845032292185,0.0035890898631753777,0
1,2007-10-30,1149,109.06772104632448,10.443549255225662,1.3228054788126233,0.11718047737090681,0,14787.723551221963,121.60478424479015,15.402759245698563,0.29550405568631039,1
1,2007-10-31,1150,85.067997276457575,9.2232313901613452,1.1671282999255104,0.22930644645540926,0,4459.5648336418053,66.779973297702099,8.4504869721862832,0.0098582073428649473,0
1,2007-11-01,1151,1.8116312350503931,1.3459685119089499,0.16898537500426239,0.18570710907977711,0,1007.7260419298066,31.744701005519119,3.9855242944782319,0.040071867838004684,0
1,2007-11-02,1152,9.0979401652043137,3.0162791921843564,0.37480946780793489,0.023864995013329657,0,567.49291481527405,23.822109789338015,2.9601876097344535,0.008391899090399604,0
1,2007-11-05,1153,193.84764719945235,13.922918056192543,1.6927559946738655,0.16756241144902759,0,945.92477067269203,30.755890015941532,3.739317935068879,0.014149110296112818,0
1,2007-11-06,1154,511.00389138406803,22.605395183098835,2.7088550249369487,0.067574242798319958,0,3742.0028561084059,61.171912313646089,7.3303669638880882,0.031786305337958197,0
1,2007-11-07,1155,1186.75336392707,34.449286842067863,4.0957421046329641,0.18526715884149692,0,9192.5024354152374,95.877538742998809,11.399065360004613,0.0047718708184996302,0
1,2007-11-08,1156,140.36795837253476,11.847698441998546,1.4745113182325509,0.030294597526745216,0,8207.9697895331701,90.597846495008753,11.275400932795115,0.01571651790562471,0
1,2007-11-12,1157,84.485755100984392,9.1916133024069495,1.1428801122047809,0.97701695459780558,1,1345.0009757747616,36.674254945053235,4.5600565676161935,0.097030943223120156,0
1,2007-11-13,1158,51.486691707075536,7.1754227545891354,0.88204336258010263,0.0046378577778214596,0,37497.85620985803,193.64363198891419,23.803765456535242,0.047687425464125834,0
1,2007-11-14,1159,219.48205956842648,14.814926917417665,1.8658598132767841,0.026749983476311742,0,581.16032387764346,24.107267034602728,3.0361797272799405,0.018749636492923733,0
1,2007-11-15,1160,320.67809671646569,17.907487169239175,2.2674880872730832,0.15715339065444919,0,8747.4572322003114,93.527842016162822,11.8427150384505,0.020495627091173169,0
1,2007-11-16,1161,29.099790665717777,5.3944221808936845,0.6926137485900602,0.2543644860377357,1,7251.7361717639469,85.157126370985225,10.933700503432654,0.41664944647716262,1
1,2007-11-19,1162,153.03615653086479,12.370778331651763,1.5550946991391281,0.37764630013041289,1,637.60487182578152,25.250839032114982,3.1742098091910727,0.17504064832864011,0
1,2007-11-20,1163,576.95552077727109,24.019898433949948,3.0100123350814472,0.033123421395501118,0,21630.82931273969,147.07423062093403,18.43035471440276,0.046134268335359212,0
1,2007-11-21,1164,1168.0151507749054,34.176236638560795,4.1176188721157585,0.00014184000969227428,0,2117.1129939014781,46.012096169393089,5.5436260445051913,0.017301578378630913,0
1,2007-11-26,1165,163.14804665219165,12.772941973257048,1.5754476686101817,0.27042069486984738,1,1213.9492727279355,34.841774821727086,4.297474538603403,0.021949534848173895,0
1,2007-11-27,1166,739.46083840032099,27.193029224422958,3.3917092889832192,0.88509592792071623,1,1320.5718848961601,36.339673703765698,4.5325442723748921,0.1535755981362939,0
1,2007-11-28,1167,645.59685151265217,25.408597984002427,3.1980614202646223,0.78816199767629891,1,0.71587531554027251,0.84609415288150558,0.10649391477426123,0.014499307876566152,0
1,2007-11-29,1168,105.82909891894543,10.287327102748577,1.3129964394063276,0.056435052702081573,0,22725.655483311402,150.75030840204408,19.240626471224516,0.0027313702647523805,0
1,2007-11-30,1169,131.85130579746004,11.482652385118172,1.4641571418703438,0.1286262525298302,0,13472.89142115343,116.07278501506471,14.800482628634326,0.0061608464713944367,0
1,2007-12-03,1170,600.56754669618965,24.506479687955789,3.0729128135367758,0.010227505823778623,0,12561.369627937323,112.0775161570657,14.053607041638333,0.29151438119527529,1
1,2007-12-04,1171,315.10827214768642,17.751289309446975,2.2384980213678403,0.56624176270431592,1,8274.6260463229082,90.964971534777646,11.470992627336399,0.37605714978172849,1
1,2007-12-05,1172,452.08693138317841,21.262335981335127,2.65281796398442,0.40843813311164429,1,11393.770716010107,106.74160723921159,13.317730160849855,0.25227134066379059,1
1,2007-12-06,1173,336.50558375591805,18.344088523443133,2.3147114856079667,0.0078627826969851766,0,9219.7337603901669,96.019444699447035,12.116018258605305,0.025003085221227017,0
1,2007-12-07,1174,856.28430708454039,29.262335981335127,3.6148654702081688,0.26618084621924615,1,13165.636431837493,114.74160723921159,14.174380140730278,0.22971438683172035,0
1,2007-12-10,1175,512.44411356317949,22.637228486790946,2.7990390710096995,0.043105431410704206,0,3675.090258565303,60.622522700439504,7.4958297002089029,0.12208125277188843,0
1,2007-12-11,1176,960.65912502968865,30.994501528975889,3.8076783205130083,0.94305038632289628,1,4295.9626674117999,65.543593641269013,8.0520385308684279,0.02602676649415565,0
1,2007-12-12,1177,303.72540481328656,17.427719438104532,2.1765604393786102,0.86791095370667759,1,6287.5214827690825,79.293893098832541,9.9030714498354619,0.073629484226965983,0
1,2007-12-13,1178,41.983500214935468,6.4794675873049528,0.82070520421848681,0.013239184267166523,0,1066.585364593539,32.658618534676862,4.1366204603770562,0.0080682178785162154,0
1,2007-12-14,1179,221.96776256341144,14.898582568936263,1.8841078177598816,0.81806716487068099,1,21555.041894358939,146.81635431503855,18.566722012651095,0.0099012606646578776,0
1,2007-12-17,1180,572.11207438554356,23.918864404179885,2.9740583654560009,0.23160861505626751,0,23630.674498691347,153.72271952672236,19.11379788955205,0.091888064004906234,0
1,2007-12-18,1181,263.84347341396006,16.243259322376161,2.031042115958257,0.12697043004181996,0,5351.7172355954754,73.155432030680231,9.1472875311885247,0.37047495223748839,1
1,2007-12-19,1182,137.90413951257463,11.743259322376161,1.4766751741434971,0.6041172966113264,1,1295.9485290369646,35.999285118415401,4.5267884462012447,0.15718516845282765,0
1,2007-12-20,1183,1422.7986868488863,37.720003802344536,4.5500607722972903,0.29336116300577569,1,191.26688579020768,13.829927179497645,1.6682662460190161,0.050425245149314589,0
1,2007-12-27,1184,2199.1417572741288,46.895007807592151,5.6245886425897629,0.049127043719230219,0,31759.393910840885,178.2116548120265,21.374711221832264,0.035260293797291758,0
1,2007-12-28,1185,807.92132670121146,28.4239569149197,3.324439405253766,0.064010466563918053,0,6366.1577859738345,79.788205807461509,9.3319538956095336,0.055751885704869782,0
1,2008-01-04,1186,782.93220554023924,27.980925744875549,3.2564359319028862,0.14682628225268085,0,12565.237278297231,112.09476918347809,13.045652508987848,0.0042783903346018904,0
1,2008-01-07,1187,418.19183729902716,20.449739296602957,2.3411264220495656,0.012700378848113817,0,15531.98372181418,124.62737950311794,14.26758780802724,0.003405213545508305,0
1,2008-01-08,1188,2223.3980378798678,47.152921838204975,5.3766159450632811,0.031200901611798889,0,4582.7446349689499,67.695972073447251,7.7190390049540776,0.0031057352206916716,0
1,2008-01-09,1189,1134.0963436229431,33.67634694593437,3.8084644552936799,0.00037440735542274874,0,14567.713014156006,120.69678129161525,13.649621859385382,0.0067174509496157825,0
1,2008-01-10,1190,3761.6241006294099,61.332080517698159,6.8835107202803769,0.0006328509841203139,0,10263.928922383688,101.31105034685845,11.370488254417335,0.0071711853668387062,0
1,2008-01-11,1191,4112.3720643847946,64.127779194236837,7.0238531428517899,0.11206200553992721,0,7390.6785537939586,85.969055792150925,9.416106877563081,0.0066186615557050589,0
1,2008-01-15,1192,1638.119250752693,40.473685905198863,4.5488829339925667,0.17101460130631696,0,3086.4797228551174,55.556095280852105,6.2440118326329985,0.0054927085962823271,0
1,2008-01-16,1193,2693.4360964509447,51.898324601579816,5.8427610021480234,0.82935958267547716,1,150.23717838120919,12.257127656233706,1.3799186778760153,0.015169357533969965,0
1,2008-01-17,1194,2168.5579425189321,46.567777942681914,5.2797934175376326,0.053470966834766785,0,33402.074300940338,182.76234377174183,20.721354169131725,0.038658684613881139,0
1,2008-01-18,1195,4067.6964600024412,63.778495278600303,7.2889708889828917,0.44225034204180608,1,47733.816986234488,218.48070163342686,24.969223043820215,0.097870443601943954,0
1,2008-01-22,1196,4481.7868698682751,66.946149029412254,7.5368588831311287,0.66584567855012233,1,31559.364205067173,177.64955447472187,19.999949842355402,0.35060218191562104,1
1,2008-01-23,1197,6886.516203881145,82.985036023858811,9.1267567801879359,0.39367521792466814,1,18393.21148714043,135.62157456371176,14.915762943493183,0.003776601863556067,0
1,2008-01-24,1198,7778.833138273546,88.197693497469345,9.604976150010275,0.068131317520639931,0,7850.3742116907433,88.602337506923277,9.6490430173616417,0.013058743162721998,0
1,2008-01-25,1199,4154.1172888194251,64.452442070253824,6.992399465175354,0.28357913414720537,1,25060.115168553486,158.30386972071619,17.174273905149573,0.011390574943262132,0
1,2008-01-28,1200,1291.853626233848,35.942365339997423,3.8877626111408783,0.039775707820236761,0,4898.0790331823282,69.986277463387978,7.5701760371431019,0.030987302702016332,0
1,2008-01-29,1201,1652.8148743916822,40.654825966810904,4.4238113130370955,0.0014821876202352547,0,5611.9240883058828,74.912776535821195,8.1515534859435466,0.0047412031989037253,0
1,2008-01-30,1202,1862.6946820256671,43.158946720531389,4.6746760596297197,0.075354954378129002,0,3561.3219107879454,59.676812170121366,6.4637760270914013,0.018191390290902439,0
1,2008-01-31,1203,1293.9204417870412,35.971105651439757,3.9323427878042918,0.024603694856751276,0,275.74767416194243,16.605651874044042,1.8153213308602396,0.043784427490410692,0
1,2008-02-01,1204,1093.8120652017938,33.072829712647717,3.7004564713451988,0.092633204311074052,0,22312.814447491706,149.3747450123069,16.71325818319518,0.058034016501833312,0
1,2008-02-04,1205,186.37542012004005,13.651938328312212,1.5185693357410692,0.53473300831042647,1,28383.094381383216,168.47282980167222,18.740025561921271,0.21752794265508599,0
1,2008-02-13,1206,10215.338114935219,101.07095584259218,11.155734640462715,0.073422851349984039,0,16776.478341168888,129.5240454169375,14.296252253525111,0.013675459224267226,0
1,2008-02-14,1207,240.43374889751294,15.505926250873017,1.6992795891367689,0.13077809379181163,0,5200.4821306604908,72.114368406445124,7.9029444828980955,0.0084474119083843644,0
1,2008-02-15,1208,811.00194375453259,28.478095859002451,3.0820450063855467,0.20821299640089452,0,6886.2657183315569,82.983526788945028,8.9809011676347428,0.0073981051650655735,0
1,2008-02-19,1209,974.24146191000682,31.212841298254261,3.3927001411145934,0.096166446197196512,0,1061.1087323130905,32.574663963164539,3.5407243438222324,0.011974059936873754,0
1,2008-02-20,1210,2426.2458068647784,49.256936637033959,5.2123742473051804,0.86348399811636711,1,3480.4262280108028,58.995137325128781,6.2428716746168016,0.058685456619297478,0
1,2008-02-21,1211,780.03947855575302,27.929186858119465,2.9617377368101234,0.035633741944425382,0,25272.415558895595,158.97300261017779,16.858218728544834,0.073624177759225959,0
1,2008-02-22,1212,464.72200373314303,21.557411805064703,2.2988442340778144,0.88707353329780092,1,9209.1539808237121,95.96433702591662,10.233467024891135,0.28636119213006661,1
1,2008-02-25,1213,23.484536888238004,4.8460846967668658,0.51719153647458549,0.81164288970189813,1,48126.062890171313,219.37653222295978,23.412650183880444,0.065818792411145632,0
1,2008-02-26,1214,357.33935764530588,18.903421850165273,1.970132553430461,0.35893104782960622,1,49865.213328786318,223.30520219821642,23.273079958125734,0.1908989848334938,0
1,2008-02-27,1215,293.55797327869846,17.133533589971989,1.7852079802002592,0.057204424509382186,0,48483.568960754266,220.18984754242024,22.942417040106303,0.12102808653493961,0
1,2008-02-28,1216,971.00715613892442,31.160987727267639,3.2075128900944558,0.016273240410782003,0,4943.1817335065298,70.307764389905969,7.2370318466192449,0.08110138178040395,0
1,2008-02-29,1217,2418.3331988908835,49.176551311482626,4.9748660911970282,0.073192516585320513,0,44336.646919709616,210.5626911865196,21.301233301620599,0.029864624658100393,0
1,2008-03-03,1218,1031.4846984906424,32.116735489315261,3.261410052228003,0.014086976990964234,0,14893.771884226338,122.04004213464668,12.392997424183466,0.022628517364808285,0
1,2008-03-04,1219,234.18630445229417,15.303146880700524,1.5703588384505411,0.89599990799581297,1,10782.221562635572,103.83747667694729,10.65546194735221,0.16412228761424433,0
1,2008-03-05,1220,380.92131039624752,19.517205496593192,2.0069105909093254,0.940706824609155,1,9242.2321141636821,96.136528511090319,9.8855042170786955,0.37464071308381686,1
1,2008-03-07,1221,1110.2719464979407,33.320743486572155,3.4377862766646534,0.95311560300153242,1,25883.033606903547,160.88204874038479,16.598612199162734,0.3690108943186276,1
1,2008-03-10,1222,1922.4478435511626,43.845727768519964,4.5201781204659754,0.38226020121090459,1,27628.191924639625,166.21730332501375,17.135804466496264,0.19040298461571076,0
1,2008-03-11,1223,23.282619865499118,4.8252067173851856,0.49463933545722044,0.036015861932178699,0,10293.984989255421,101.45927749227974,10.400746026886697,0.061339725329357227,0
1,2008-03-12,1224,1221.3887378229188,34.948372463147962,3.5123992425274335,0.00055395222952268387,0,13164.124746645904,114.7350197047349,11.531157759269838,0.019645033342956395,0
1,2008-03-13,1225,2749.9207456478266,52.439686742464687,5.2256787984518871,0.012250962470150305,0,10826.828456249823,104.05204686237471,10.36891348902588,0.090053276182975331,0
1,2008-03-14,1226,267.44301172536899,16.353684958607005,1.6171752740278866,0.0028705234625079302,0,37776.050570144689,194.36061990574296,19.219838804028971,0.0011991705503779182,0
1,2008-03-17,1227,1126.0773220983629,33.557075589186297,3.3332084022037543,0.00036051661981375887,0,5699.2096483461473,75.493109939557712,7.4986948040285784,0.0088787289595294323,0
1,2008-03-18,1228,907.37856365354969,30.122725036980796,3.1426943178905367,0.98900288985833984,1,3594.8081934284096,59.956719335103799,6.2552654496717581,0.18378156919225386,0
1,2008-03-19,1229,1793.2428220363283,42.346697888221797,4.5693766267301639,0.61145982428892398,1,35960.283918234825,189.63196966291002,20.46204150665336,0.026819870092699864,0
1,2008-03-25,1230,5.3440361526099007,2.3117171437288562,0.24417397874083507,0.88256771816737611,1,7653.9790963852647,87.487022445533398,9.2407734296840136,0.13641717119923866,0
1,2008-03-26,1231,1824.2813772985198,42.71160705591069,4.5113923481289353,0.078105395997208227,0,8800.8390173644657,93.81278706745934,9.9089291858948343,0.34661359069276831,1
1,2008-03-27,1232,2133.5613231065227,46.190489530925333,4.9441251839363476,0.53627888891997899,1,10304.982556355442,101.51345997627823,10.865770401528309,0.064515185322396917,0
1,2008-03-28,1233,95.865220813297128,9.791078633802158,1.0488568434710399,0.31644039686585873,1,2772.7095931557988,52.656524696905308,5.6407632240926953,0.06144129891307417,0
1,2008-03-31,1234,930.41203428238521,30.502656184050352,3.4272647397809388,0.39515529993320586,1,83.841944525036837,9.1565246969053078,1.0288229996522817,0.033255713167699749,0
1,2008-04-02,1235,2258.68159041831,47.525588796124453,5.3012368986195701,0.9159455094928064,1,7863.3517775816972,88.675542161194016,9.891304200914,0.016106782408864168,0
1,2008-04-03,1236,270.77090114289001,16.455117779672378,1.7760515682323126,0.01144110514723445,0,3587.5015410071983,59.895755617632858,6.4647334719517389,0.73649922671094614,1
1,2008-04-07,1237,244.61040689176917,15.640025795751399,1.709292436694142,0.00078167074831600133,0,398.32912868477723,19.958184503726216,2.1812223501340129,0.044326494822204021,0
1,2008-04-08,1238,707.566137366102,26.600115363774307,2.9007759393428905,0.52753905117211752,1,6392.4504445691391,79.952801355356769,8.718953255764097,0.011457518387586954,0
1,2008-04-09,1239,186.17551476839941,13.644614863322431,1.470324877513193,0.096000481315041492,0,10397.753274708199,101.9693741998459,10.988079116362705,0.55072611215965472,1
1,2008-04-10,1240,13.255562705169746,3.6408189607792565,0.39243535012441461,0.0011401818007375866,0,6849.7599877759149,82.763276806660542,8.9208598013107565,0.38674355119627324,1
1,2008-04-11,1241,667.31911480744429,25.832520488861405,2.7784372668847976,0.39590148077607684,1,61517.661941691076,248.02754270784339,26.676799430797892,0.029687601114791306,0
1,2008-04-15,1242,577.15035885898533,24.023953855662171,2.5422173392235101,0.11498599283385554,0,2560.5411029608254,50.60178952330466,5.3546867220428211,0.14334555712579639,0
1,2008-04-16,1243,6.5366531585630998,2.5566879274880421,0.27026299444905305,0.0016216639675124646,0,30244.849811457145,173.91046492795408,18.383770076950746,0.19528360559811239,0
1,2008-04-17,1244,162.86051406659985,12.76168147489193,1.3894046243758225,0.4065072782816791,1,1381.237245766089,37.165000279376954,4.0462711245919385,0.063297714486022477,0
1,2008-04-21,1245,84.059446560129032,9.168393892069048,0.99873571809031025,0.59373440784464593,1,326.86563869707544,18.079425839806845,1.9694363659920309,0.062762035014362311,0
1,2008-04-22,1246,9.9541379104502994,3.155017893839954,0.35114278172954416,0.78609950873367618,1,195.88040135276762,13.995727967946777,1.5576770136835589,0.1037542474326635,0
1,2008-04-23,1247,1185.2022570974329,34.426766579181276,3.8444183784680375,0.69716351334788185,1,6343.1605401578026,79.643961102884646,8.8937980014388209,0.23628574720679099,0
1,2008-04-24,1248,350.4444257868289,18.720160944469171,2.0998497974727059,0.47365623813261831,1,6380.0782725114404,79.875392158733348,8.959662608943729,0.1272862774291327,0
1,2008-04-25,1249,33.88028303799809,5.8206771975430911,0.65364145957811237,0.4094987440325733,1,577.3096329401618,24.027268528489913,2.6981772631656273,0.049363766611651094,0
1,2008-04-28,1250,967.29916282820693,31.101433452948868,3.5707730715211099,0.23467687534039713,0,2.9040144052649444,1.7041168989435391,0.19565061985574503,0.055540304295884448,0
1,2008-04-30,1251,371.55278529043704,19.275704534217084,2.2200638680353681,0.49836801528113467,1,2671.9015481398947,51.69043962030014,5.953405081520315,0.016159547511915898,0
1,2008-05-07,1252,187.6866696785298,13.699878454881627,1.562129812415237,0.54055382201977364,1,12.403259116330265,3.5218261053507831,0.40157652284501522,0.016306934649782369,0
1,2008-05-08,1253,151.32975219320477,12.301615836677911,1.4042940452828665,0.068022695530126978,0,2685.1053270658572,51.818001959414232,5.915297027330392,0.4704757197350895,1
1,2008-05-09,1254,42.216931561695269,6.4974557760476728,0.73542227233137214,0.14390264532971314,0,3518.6253564570707,59.318001959414232,6.7139787164022895,0.043583688017646338,0
1,2008-05-12,1255,420.04574052780856,20.495017456147934,2.3693661799014953,0.00098166454536220021,0,2981.9335808064689,54.607083613817622,6.3129576432159107,0.041303288577162506,0
1,2008-05-13,1256,620.94463773009363,24.918760758314079,2.875794663394585,0.79691627772589735,1,1141.1225192340623,33.780505017451446,3.8985002905310382,0.016598018086645121,0
1,2008-05-14,1257,86.207188058462478,9.2847826069576058,1.0535923525625652,0.10801965988568023,0,54.920969549642805,7.4108683397860204,0.84094959884096676,0.26478927250031953,1
1,2008-05-15,1258,131.66593568527119,11.474577799870076,1.2792171460278792,0.21000960599810117,0,8816.174940069759,93.894488337014536,10.467612969566838,0.019215063447915407,0
1,2008-05-16,1259,392.10825541085768,19.801723546470839,2.1653060192969753,0.042206933891507259,0,7386.3051962332001,85.943616378607203,9.3978804131883216,0.38106214613875861,1
1,2008-05-20,1260,272.9845749341647,16.522244851537721,1.7900590305024617,0.17991002205925921,0,14482.629527556383,120.34379721263736,13.038331225637851,0.13922475738478401,0
1,2008-05-21,1261,1321.2654593663879,36.349215388593848,3.9392268099261822,0.061994497248402496,0,35393.181778360478,188.130757130142,20.388052791128906,0.11842817783437321,0
1,2008-05-22,1262,60.216767100305304,7.7599463335969858,0.83665189580560495,0.87272837059173614,1,13179.170877224178,114.80057002133822,12.37741994839226,0.16810942256633443,0
1,2008-05-23,1263,773.71686030980368,27.815766398030519,3.0676334599427095,0.11775406093925218,0,16276.6936960774,127.58014616733044,14.070046448009974,0.130012773343365,0
1,2008-05-27,1264,432.51730717573662,20.797050444131173,2.3043823206793541,0.024548543444604526,0,15050.204153126142,122.67927352705567,13.593271304936916,0.01867757647529518,0
1,2008-05-28,1265,4267.0788644609211,65.322881630106622,7.3978348391966726,0.21251897820436239,0,2147.8142548129495,46.344516987589259,5.2485296701686588,0.20398906034319222,0
1,2008-05-29,1266,1655.1950716251545,40.684088678808507,4.593179641976687,0.4187451709761511,1,7521.3759147558767,86.725866468752429,9.7912352773076403,0.081264183376020566,0
1,2008-05-30,1267,1.1375536124147507,1.066561583976636,0.12007448173111579,0.20041659599049219,0,12345.731969389837,111.11134941755427,12.509017665922237,0.14086104807656158,0
1,2008-06-02,1268,9.343802612683147,3.0567634211176937,0.34765577720985996,0.28025704327739065,1,6984.6741009829921,83.574362701626342,9.5051876828690745,0.099381482545110006,0
1,2008-06-03,1269,0.81581964952033226,0.9032273520660965,0.10223286384449309,0.08080807627666646,0,5842.6895667449189,76.437487967259358,8.6516681343813637,0.23041403059268417,0
1,2008-06-04,1270,37.164959956730435,6.0963070753309694,0.69374760458958395,0.27301490271601753,1,8061.1333840412344,89.78381471090006,10.217219312762452,0.24369930812679139,0
1,2008-06-05,1271,41.764801650156429,6.4625692762365361,0.72572366942577604,0.68728531129344328,1,7744.464484636449,88.002639077680215,9.8823850732936798,0.0585100472721405,0
1,2008-06-06,1272,44.531990056353365,6.6732293573916195,0.76004890175303186,0.051523693728249005,0,7927.0201619748841,89.03381471090006,10.140525593496589,0.049347374955847234,0
1,2008-06-10,1273,392.98391033054202,19.823821789214662,2.2623477077563092,0.8803909269259218,1,3818.9122900606567,61.797348568208463,7.0524791518640191,0.12745984005550764,0
1,2008-06-11,1274,756.41394849862968,27.50298072025339,3.1896759316037566,0.22289841687928685,0,90.601253723254132,9.5184690850605875,1.1039105926425732,0.036064898800594061,0
1,2008-06-12,1275,702.26675073292188,26.500316049679896,3.060082684720542,0.85424256093435291,1,2.5374165429813331,1.5929270363018304,0.18394076631660861,0.080307540434699135,0
1,2008-06-13,1276,557.96828102359189,23.621352226822069,2.6593135071007112,0.20792765629107715,0,481.67452248719025,21.94708460108518,2.4708229215969806,0.039591931399912586,0
1,2008-06-16,1277,66.745610536240136,8.1697986839481018,0.92680643039683519,0.011909666821101141,0,23.109148342085611,4.8071975559660132,0.54534288780102247,0.46226836863581117,1
1,2008-06-17,1278,80.761877448660002,8.9867612324273978,1.012592814921397,0.5301736614616942,1,28964.926424420912,170.1908529399301,19.176434134076629,0.10755218693379422,0
1,2008-06-18,1279,92.94952940897646,9.6410336276239832,1.0676670683968974,0.3451225660658982,1,33523.649344607096,183.09464586548427,20.276262000607339,0.14674754471666315,0
1,2008-06-19,1280,75.589475615139179,8.6942208170220283,0.9580408613798379,0.25202330605762074,1,27695.177345082004,166.4186808777248,18.338146653192815,0.19002748840745565,0
1,2008-06-20,1281,1604.7333903447777,40.059123684184328,4.5470060935510022,0.45475228815798135,1,2977.4282462248502,54.56581572949176,6.1936226707709157,0.046645512747945608,0
1,2008-06-23,1282,207.84865052384328,14.416957047998835,1.6207933724563053,0.31113111126670179,1,1546.0094100748483,39.319326165066059,4.4203851787595347,0.020258793623641993,0
1,2008-06-24,1283,1154.9798344411956,33.984994253952664,3.8499002270124794,0.51078505747142844,1,32383.883476224662,179.95522630983703,20.385752060021186,0.34295236228590331,1
1,2008-06-25,1284,272.28901015077275,16.501182083437925,1.814313588063543,0.77542659651401291,1,4484.3820959059185,66.965529161695713,7.3628949050792425,0.0009996861584801774,0
1,2008-06-26,1285,0.063797604919935566,0.25258187765541606,0.027469480984819585,0.35876369117944285,1,9691.1507463444686,98.443642488199657,10.706214517476852,0.08829687235202352,0
1,2008-06-27,1286,309.98076970721024,17.606270749571308,1.892638618604817,0.083122112203743923,0,11758.990845441955,108.43888069065429,11.656961106224594,0.017093457448777896,0
1,2008-06-30,1287,1497.4014330402135,38.696271565103189,4.1276023002776734,0.018345849367540867,0,82606.662866569532,287.4137485691482,30.657466514042476,0.020891304339033741,0
1,2008-07-01,1288,7.092676928080496,2.663208014421798,0.28475894300152876,0.072430267078388219,0,57063.495242953926,238.87966686797336,25.541798114725832,0.21863394778080467,0
1,2008-07-02,1289,15.607952273866026,3.950690100965403,0.42298609218045002,0.50513681926282383,1,36978.486158880856,192.29790991812899,20.588641318857494,0.036611612498165545,0
1,2008-07-03,1290,184.31865270733201,13.576400579952406,1.4809272516991989,0.37757216528551307,1,32494.574640977593,180.26251590660104,19.663214170340993,0.056555409846173299,0
1,2008-07-07,1291,31.125871988866837,5.5790565500689127,0.60576075462203172,0.86603066501647652,1,6761.6272546175751,82.229114397624244,8.928242605605238,0.076051020698560179,0
1,2008-07-08,1292,1937.1379119913729,44.012928918573152,4.7466086728037915,0.10548078176103889,0,80987.661329178591,284.58331175453452,30.691109383071936,0.076609544428574414,0
1,2008-07-09,1293,104.78505324885954,10.236457065257468,1.0895643496814762,0.64911965740727673,1,23938.630027682611,154.72113633140953,16.468455170985578,0.6763843238385816,1
1,2008-07-10,1294,89.260702247726044,9.447788219881204,0.98133349466436814,0.092725207093490053,0,30038.203449755001,173.31532952902637,18.002111610389651,0.011949716473983287,0
1,2008-07-11,1295,375.38820848434528,19.374937638205324,2.001543144442699,0.42303603726105532,1,35829.163614124845,189.28593084042154,19.554331698390655,0.35910221331316067,1
1,2008-07-14,1296,1680.158711849796,40.989739104436808,4.1571743513627597,0.011225308469328194,0,27063.329231083535,164.50935909875625,16.684519178372845,0.013654876242577911,0
1,2008-07-15,1297,94.051370580996604,9.6980085884163145,0.9921236407587023,0.02175607618448935,0,20675.081902017151,143.78832324642065,14.709802889659402,0.018051387414953522,0
1,2008-07-16,1298,323.908663410467,17.997462693681769,1.8640562085636221,0.98639005616487385,1,18045.407298453556,134.33319507275019,13.913329370559316,0.43674836949954776,1
1,2008-07-17,1299,145.85708843665813,12.077130803160912,1.2583621571410173,0.87963782667046242,1,13700.58273022249,117.04948838086602,12.195831037339518,0.17584737481911852,0
1,2008-07-18,1300,7.7086967720949646,2.7764539924326073,0.28876276572362009,0.84340894496572949,1,27360.58309839822,165.4103476158557,17.203364286620456,0.046344019290362769,0
1,2008-07-22,1301,2706.3471069217571,52.022563440508748,5.6149555791158923,0.0026264050993439767,0,65033.684134936077,255.01702714708301,27.524773572270156,0.036680315953130094,0
1,2008-07-23,1302,549.13838600657994,23.433701927066068,2.5251833973131537,0.91335087179760233,1,9934.1163986391784,99.670037617325988,10.740305777729093,0.06933716712587952,0
1,2008-07-24,1303,303.13522191756982,17.410778900370019,1.8914480065583943,0.00023666675881771809,0,44615.444821920071,211.22368432995404,22.946625130902124,0.29815761184081663,1
1,2008-07-25,1304,136.74356554568064,11.693740442889975,1.2662415206161315,0.8005043491481113,1,45371.044936978025,213.00480026745413,23.064948594201855,0.099298438219731069,0
1,2008-07-28,1305,896.91429735046506,29.948527465477582,3.2668151039517408,0.0012227576896486534,0,29688.338073262847,172.3030413929564,18.794986789523467,0.24252001104935184,0
1,2008-07-29,1306,2391.0244772814094,48.89810300289173,5.4482566019935081,0.96400893918967623,1,28458.280538099214,168.69582252711302,18.79619192502652,0.066366292547890005,0
1,2008-07-30,1307,27.262052255805969,5.2213075235812312,0.56876988274305351,0.35653767061632563,1,10219.982660911335,101.09392989151888,11.012410663564149,0.18100438786908621,0
1,2008-07-31,1308,189.53170467972723,13.767051415598303,1.5087179633532388,0.065376907408355958,0,33263.452141050933,182.38270790031311,19.98714607126719,0.22918331553402441,0
1,2008-08-01,1309,510.01913022146238,22.583603127522906,2.4933594399694075,0.92674061730411417,1,27341.74245949804,165.35338659821286,18.255963190528607,0.14508058602606061,0
1,2008-08-04,1310,2096.5549967522516,45.788153454275175,5.1914006183985455,0.96903906454721089,1,25760.083844473975,160.49948238070419,18.197220224569634,0.029912249717273059,0
1,2008-08-05,1311,1908.5875746565748,43.687384616804138,4.967297852962381,0.81872587564653165,1,28815.79835091054,169.75216744098009,19.300985496416157,0.017669908467710459,0
1,2008-08-06,1312,1202.6536811572148,34.679297587425481,3.9792653571343068,0.60867124722998389,1,6966.8014981327869,83.467367863931031,9.5774375059014378,0.048480624061983862,0
1,2008-08-07,1313,2248.4610770044706,47.417940455111193,5.5622217542652423,0.53973551624151439,1,21177.88639825174,145.52623955236299,17.070526633708269,0.011040290119782416,0
1,2008-08-08,1314,1095.0832324982416,33.09204183029874,3.8817644375716998,0.97580248264747993,1,0.094627287438125568,0.3076154863431384,0.036083928016790431,0.053223306863087627,0
1,2008-08-11,1315,3478.9269421393437,58.982429096633041,7.212770296133665,0.60471925969760454,1,383.00413881902642,19.570491532381766,2.3932120492059634,0.073360820855260744,0
1,2008-08-12,1316,1157.9463186257944,34.028610295247063,4.1574355889122856,0.96601696755432775,1,354.21090152045377,18.820491532381766,2.2993880919220238,0.037406822355645554,0
1,2008-08-13,1317,87.18490544675916,9.3372857644370697,1.1414774773150453,0.0016175935680941792,0,5060.5460210063093,71.137514863862862,8.6965177095186874,0.5753578267802546,1
1,2008-08-14,1318,743.0404762028495,27.258768794698881,3.4233932552212099,0.60852784569673268,1,3833.3780090353844,61.914279524479525,7.7757336922423264,0.036304548772351626,0
1,2008-08-18,1319,0.61496130728676213,0.78419468710694673,0.09613174221353929,0.4791793481890379,1,3413.794465920103,58.427685782684421,7.162449988683349,0.039724934193115242,0
1,2008-08-20,1320,376.69062745229894,19.408519455442729,2.3285566233284616,0.011620944119126351,0,2073.6132561372915,45.536943860312931,5.4633405951185283,0.68678305630726655,1
1,2008-08-21,1321,314.24279203931309,17.726894596609782,2.1513221597827403,0.004401178502057161,0,6094.0608033295466,78.064465689131225,9.4738429234382551,0.48682842639849361,1
1,2008-08-22,1322,362.71295056419888,19.045024299385886,2.302904993879793,0.90275173706698175,1,61066.386901298916,247.116140511499,29.881032709975695,0.00073578609968434107,0
1,2008-08-26,1323,682.45589992744544,26.123856911402754,3.1588702432167777,0.028728039535925825,0,33794.16436884553,183.831891598943,22.228765610513062,0.33545768205854265,1
1,2008-08-27,1324,547.32809355645577,23.395044209328944,2.7909387663977268,0.50664281998730454,1,5311.5359756129792,72.880285232791039,8.6943376358832136,0.0078789226070966056,0
1,2008-08-28,1325,1708.0851020512036,41.328986220946717,4.9614629316862811,0.0025448451746019622,0,11513.391977424935,107.30047519664083,12.881209507399859,0.15562961576737333,0
1,2008-08-29,1326,24.406797315758983,4.9403236043561947,0.61870051400828996,0.45788369274956314,1,14589.897441142837,120.78864781569018,15.126943996955564,0.052304883411527697,0
1,2008-09-02,1327,18.38767521593547,4.288085262204504,0.53218557396270605,0.50139011317890181,1,15149.45428020886,123.08311939583291,15.275596574102751,0.0021579637527201342,0
1,2008-09-04,1328,1.1629251807473895,1.0783900874671417,0.13338158162858896,0.19329219488232197,0,12340.715775425637,111.08877429977179,13.740108138499913,0.17573802011451739,0
1,2008-09-05,1329,3.0763161945549005,1.7539430419927839,0.21707215866247329,0.19351568877654493,0,22520.865247553957,150.06953470826102,18.572962216368939,0.28185658968842853,1
1,2008-09-08,1330,452.05023987121456,21.261473135020879,2.719727935404014,0.753778917912584,1,14287.729818627538,119.53129221516656,15.290219662957028,0.12596407627311634,0
1,2008-09-09,1331,1060.8175529309701,32.570194241529634,4.198542602839785,0.95360411743673246,1,30.619944071235015,5.5335290792797878,0.71331344882755887,0.0075753582524816145,0
1,2008-09-10,1332,4313.7243801463228,65.678949292344214,8.8665473226249354,0.44037808540803208,1,0.14025041027822865,0.37450021398956324,0.050556896927379441,0.048622547927628469,0
1,2008-09-11,1333,1771.039799061678,42.083723683410881,5.6092933933236759,0.88242960809849125,1,11187.375889256917,105.77039230927016,14.098019634691125,0.015041167867049857,0
1,2008-09-12,1334,321.27501560908109,17.924146161228464,2.2994414575020481,0.0016408593818822666,0,16036.631992356919,126.63582428506129,16.245776046832749,0.67210215892531011,1
1,2008-09-16,1335,0.21607583688303356,0.46483958188071028,0.057175840329730658,0.18844135954432586,0,7661.0136921258772,87.527216864960792,10.765955333943516,0.50875381258526886,1
1,2008-09-17,1336,1328.144066883983,36.443710937334345,4.222909726226459,0.047707684104440998,0,2749.0958242029665,52.431820721799909,6.0755296317265248,0.57098168244795566,1
1,2008-09-18,1337,4015.6097527267034,63.368838972532103,7.292156383490461,0.17337718296039165,0,2986.1132650212949,54.645340743939869,6.2883015815811127,0.10824714728927219,0
1,2008-09-19,1338,1042.1689521233263,32.28264165342307,3.6313432681015825,0.50342695961627681,1,3374.187895054582,58.087760286092816,6.5340562751510483,0.833522167654831,1
1,2008-09-22,1339,1908.6362992808315,43.687942264208687,4.8758864134161479,0.072983031535466855,0,1131.6253620930916,33.639639743806583,3.7544240785498415,0.34458685498458064,1
1,2008-09-24,1340,3490.5540748930048,59.080911256454101,6.6495116777100849,0.0020532911668192776,0,139.17769753672974,11.797359769742116,1.3277838795432881,0.14173666750397171,0
1,2008-09-25,1341,2533.937840761937,50.33823438264335,5.5807355191400605,0.16731899673013384,0,16552.786895156096,128.65763442235402,14.26359583396386,0.21690163980421545,0
1,2008-09-26,1342,2553.27893677259,50.529980573641524,5.7715568901932066,0.0065086170392284811,0,57.425908960965288,7.577988450833459,0.86556121654294216,0.043579652095387264,0
1,2008-10-06,1343,4371.4011947063955,66.116572768908668,7.5410975499182964,0.27261395879408318,1,14410.125811205919,120.04218346567143,13.69172323532038,0.13245905086953005,0
1,2008-10-07,1344,919.45070033114894,30.322445487314326,3.3561090744122106,0.43950565843580508,1,614.01847166300979,24.779396111749975,2.742600565771995,0.05005700695535692,0
1,2008-10-08,1345,514.49263498192454,22.682430094280562,2.5188706378990076,0.41386019396342844,1,154.02323469735578,12.410609763317666,1.3781909787137887,0.042826434765912191,0
1,2008-10-10,1346,5566.8486029774604,74.61131685593989,8.9623203430558416,0.76485652287142836,1,5589.1176150464444,74.760401383663293,8.9802283944340289,0.27346023523153085,1
1,2008-10-14,1347,2643.689709699097,51.416823216716693,6.0704631896950048,0.71428040752995625,1,0.97281359978472814,0.9863131347522085,0.11644783172989473,0.086262808233743174,0
1,2008-10-15,1348,3687.7030193517621,60.726460619335967,7.5671602017864128,0.071715115701197971,0,11121.884640588692,105.46034629465566,13.141476173788869,0.22685873980330398,0
1,2008-10-16,1349,2045.4896424329133,45.227089696695202,5.7650847287055713,0.82524979304280643,1,6167.5354216241785,78.53365789025861,10.010663848343992,0.091595842477338554,0
1,2008-10-17,1350,2717.3853880700508,52.128546767294893,6.5570499078358351,0.80343183580807254,1,7389.7311665833367,85.963545567777373,10.813024599720425,0.036266494723358918,0
1,2008-10-20,1351,980.60961712074902,31.314686923562704,4.2089632961777825,0.025210523723820422,0,4331.2444527739272,65.812190761088686,8.8457245646624578,0.037360562861530069,0
1,2008-10-22,1352,17.269017624611333,4.1556007537552659,0.57716677135489802,0.015420776908911173,0,1748.2592962416702,41.812190761088686,5.807248716817873,0.0056687094210596317,0
1,2008-10-23,1353,457.0638621007202,21.379051945788433,3.0005686941457452,0.0020532740741342347,0,2295.5572516821421,47.911973990664819,6.7244875776371673,0.0067852644909012789,0
1,2008-10-24,1354,416.27317879656027,20.402773801533954,2.7929875156103972,0.0041329553310237377,0,23.654565731694237,4.8635959671516957,0.66579000234793917,0.032023398634814126,0
1,2008-10-27,1355,76.659154804799314,8.7555213896603163,1.1460106530969001,0.10152058825811043,0,392.53247698500894,19.812432384364342,2.5932503120895736,0.12173272239979102,0
1,2008-10-29,1356,1.2354877506062611,1.1115249662541373,0.15210741926159935,0.84972550335797403,1,2767.2692400296705,52.604840461973367,7.1987465565478441,0.094990938292502075,0
1,2008-10-31,1357,130.01624514989805,11.402466625686657,1.5382754301094985,0.082611785545864735,0,39.87660061433845,6.3147922067427089,0.85191125891975839,0.070765029780115701,0
1,2008-11-04,1358,148.66872652775825,12.192978574891299,1.6176422653255456,0.0046933197913502471,0,2632.1627802143094,51.304607787354826,6.8065814643256815,0.07672606720262834,0
1,2008-11-05,1359,104.97083711751327,10.245527664181736,1.3579228183143455,0.0071047216788068714,0,84.183659730998173,9.175165378945394,1.2160590296812981,0.12758591413232889,0
1,2008-11-06,1360,50.308303644382747,7.0928346691842989,0.96468339601282538,0.18205553340896632,0,7.900419454632865,2.8107684811511717,0.38228745068360037,0.08129682750005518,0
1,2008-11-07,1361,67.885072473915102,8.2392397995151896,1.0941885523924555,0.10860455796788154,0,20.625246544299365,4.5415026746991316,0.60312120513932688,0.094050517929855096,0
1,2008-11-10,1362,494.73774843449257,22.242701014815907,3.031373221780703,0.0053568611969592329,0,121.99660786086011,11.045207461196014,1.5053093643878726,0.36084070967061566,1
1,2008-11-11,1363,260.0224208348734,16.125210722185102,2.2249342148582412,0.55415929051294843,1,832.72938753534675,28.857050915423542,3.9816558696686504,0.019736742066252595,0
1,2008-11-12,1364,175.09972544244047,13.232525285917291,1.7702374964437846,0.71888176231442757,1,4.1966266209183187,2.0485669676430689,0.27405578162449085,0.020185362569094638,0
1,2008-11-14,1365,361.14886653145663,19.00391713651311,2.5890895281353012,0.0017532361712877147,0,88.969310446962311,9.4323544487557456,1.2850619139994204,0.047374287831057141,0
1,2008-11-17,1366,168.75574203939226,12.990602066085785,1.7602441823964476,0.97632271160776085,1,5.3423592513089613,2.3113544192332256,0.31319165572265928,0.1605155491865439,0
1,2008-11-18,1367,10.346638686910694,3.2166191392377641,0.42212849596296115,1.4568768489013174e-05,0,87.906915426585414,9.3758687824961271,1.2304289740808565,0.079258581604108425,0
1,2008-11-19,1368,315.98430925776188,17.775947492546265,2.4086649718897379,0.11714443248189176,0,613.07453146664818,24.760341909324438,3.3550598793122548,0.18786177882758059,0
1,2008-11-20,1369,174.40820239092801,13.206369765795898,1.705147807075003,0.30258562703349973,1,528.04409451616425,22.979210049872563,2.9669735377498467,0.43057598155943139,1
1,2008-11-21,1370,157.5657887122106,12.552521209390989,1.5298624264949408,0.011746936141595403,0,0.089534902855993956,0.29922383403732056,0.036468474593213965,0.29201424748377974,1
1,2008-11-25,1371,130.51694487932841,11.424401291942104,1.406080159008259,0.002118602899591677,0,1291.4621311189067,35.936918776084667,4.4230053878258051,0.025135554166772545,0
1,2008-11-26,1372,1276.2128119772235,35.724120870599791,4.3860185230938971,0.6557491708528107,1,2734.3306028891179,52.290827139079738,6.4199910545217609,0.2200484419772257,0
1,2008-11-28,1373,841.68823506027957,29.011863695052057,3.7290313232714727,0.0025561433537990134,0,2088.6829416547444,45.702110910271358,5.8743073149449039,0.11610455782841178,0
1,2008-12-01,1374,264.89652218191975,16.275641989854648,2.086620767930083,0.057232964154128839,0,2630.9813350816025,51.293092469470025,6.5760374960858998,0.069724063325240462,0
1,2008-12-02,1375,28087.711764435255,167.59388940064389,21.871959465010622,0.0014187763495569249,0,1127.942343433682,33.584852886884619,4.383015058647258,0.14215034904535237,0
1,2008-12-03,1376,21203.024815146102,145.61258467298114,18.83124276404541,0.73974464261108441,1,1385.899036747039,37.227664938148337,4.8144409877980392,0.12185847187344889,0
1,2008-12-04,1377,22712.860472711091,150.70786466774416,20.121210236013905,5.2385441244948708e-05,0,345.78521187127456,18.595300800774226,2.4826836850165854,0.050233846557360289,0
1,2008-12-05,1378,19266.653926415369,138.80437286488984,18.091153191904834,0.89197426017239001,1,2564.0800634454777,50.636746177509053,6.5997714144684334,0.3623129342394299,1
1,2008-12-08,1379,998.68062324107632,31.601908537951886,3.93915968064218,6.1986780673311571e-05,0,628.23914706558242,25.064699221526325,3.1243003080743317,0.010475875878575671,0
1,2008-12-10,1380,7414.109299101141,86.105222252202225,10.402322229199907,6.6675094912978269e-05,0,697.88794092424916,26.417568792836505,3.1914912464918759,0.0194348256932011,0
1,2008-12-11,1381,19856.780862585889,140.91409036212769,17.049496716530875,0.01456926726387889,0,1657.6406296299499,40.714133045294602,4.926089902636976,0.32956902562710938,1
1,2008-12-12,1382,4565.705729208441,67.57000613592129,8.1803881520485824,0.65165941506134351,1,629.35986040125056,25.087045669054987,3.0371725991591996,0.01531230661691862,0
1,2008-12-15,1383,2011.5592499908348,44.850409697023224,5.3504813238321773,0.62587281032574105,1,1394.0549792930979,37.337045669054987,4.4541659014679373,0.023284668025838388,0
1,2008-12-16,1384,735.90643120696541,27.127595381953142,3.1181144117187523,0.0018220048337391169,0,2635.761222008678,51.339665191824906,5.9011109415890699,0.009340041640575069,0
1,2008-12-17,1385,2097.4185782095219,45.797582667751385,5.3548766638703755,5.1815888506160943e-05,0,5034.3312766349964,70.953021617370155,8.2961732379269399,0.063051414924211624,0
1,2008-12-18,1386,980.68972425319703,31.315965963916824,3.7470494722006373,0.91973516826718693,1,6609.6670043522354,81.299858575228996,9.7277724888099311,0.20255230923849532,0
1,2008-12-19,1387,1619.8140806556678,40.246913927103378,4.7405081186223059,0.3873144541476698,1,45.831837441098244,6.7699215239985051,0.79739947279134338,0.15821679610215417,0
1,2008-12-22,1388,3063.5574628578838,55.349412488823077,6.614808782649904,0.0026504754942513614,0,1043.4861351785542,32.303036005591707,3.8605361225684738,0.13732247288671953,0
1,2008-12-24,1389,799.529155918073,28.275946596322342,3.2122631748165111,0.41337987506941787,1,1145.3059220415637,33.842368741587279,3.8446314957781627,0.059226459525629188,0
1,2008-12-29,1390,904.21000678060011,30.070084914755398,3.4573250836166025,3.2843495999555769e-05,0,138.76902451505089,11.78002650740018,1.3544152351135592,0.028341612027474043,0
1,2008-12-30,1391,186.29518968382646,13.648999585457773,1.5991797991163177,0.89731109134069498,1,1747.76799860706,41.80631529574282,4.8982208899522925,0.13534690731078794,0
1,2009-01-05,1392,1567.1719002549326,39.587522027211207,4.6669639878822524,0.88874019554982475,1,17.455935787500369,4.1780301324308766,0.4925470241592545,0.28658206922992663,1
1,2009-02-03,1404,1423.0866055548083,37.723820134694847,4.1683779154358946,0.8963500459851963,1,155.3118761912614,12.462418553044245,1.3770628235408005,0.1661173092418646,0
1,2009-02-04,1405,1992.5863929134446,44.63839594915396,4.8519995596906478,0.0046951199015480786,0,421.76367820638819,20.536885796205524,2.2322701952397312,0.14785745267396389,0
1,2009-02-05,1406,1484.4550192823262,38.528625971896872,4.2200028446765465,0.00080871691300892423,0,29.60628820733697,5.4411660705529812,0.5959656156136891,0.029638424168626078,0
1,2009-02-06,1407,2553.1434782496453,50.528640178117257,5.6456581204600287,0.89318656752982373,1,157.72430966742965,12.558833929447019,1.403221668094639,0.19692774453940737,0
1,2009-02-09,1408,3098.1555240755397,55.66107728094687,6.1182827459133682,0.45421934898866934,1,1512.8634582464097,38.895545480766941,4.275410330394827,0.050699394668783114,0
1,2009-02-10,1409,60.027292987888053,7.7477282469048987,0.82138650908082678,0.00018171533898446015,0,1359.9967344716124,36.878133554609462,3.9096881584531631,0.050142236945316568,0
1,2009-02-12,1410,119.15643538445192,10.915879963816565,1.1668498090664419,0.00028939664303968268,0,1076.766342513755,32.814118036506102,3.507655589150839,0.0037339053043937108,0
1,2009-02-13,1411,188.56315355552039,13.731829941982255,1.4185774733452743,0.94961316257880524,1,5114.7183185905342,71.517258886163518,7.3881465791491241,0.1792023333749467,0
1,2009-02-17,1412,107.43040136060831,10.364863788811135,1.075193339088292,0.0012672403719981493,0,3893.7621765341182,62.400017440174793,6.4730308547899158,0.01141459435021251,0
1,2009-02-18,1413,1061.7231029663558,32.584092790291947,3.3232119112995355,0.98495927772788128,1,5808.7994344233903,76.21548028073687,7.7731239450012106,0.32193712177425898,1
1,2009-02-19,1414,1685.9707571175827,41.060574242423627,4.1717626865556134,0.00042624982188274894,0,5919.742614234442,76.939863622406051,7.8171057782480107,0.083569944598825205,0
1,2009-02-24,1415,699.5486192076437,26.448981439889963,2.7030129218078653,0.00061086050132145935,0,5067.9966825767724,71.189863622406051,7.2754076262039904,0.082999299464544124,0
1,2009-02-25,1416,149.53710846372093,12.228536644411747,1.3057700634716227,0.98397206814313343,1,581.7628492346073,24.11976055508444,2.575521682336833,0.44041756658045894,1
1,2009-02-26,1417,0.63864331038197342,0.79915161914493638,0.083944497809342059,0.12677301589804993,0,2133.2789946375583,46.187433297787379,4.8516211447255655,0.012797355795679083,0
1,2009-02-27,1418,12.808334396669316,3.5788733418031597,0.38184831600993968,0.00042922734765106252,0,651.78745503035759,25.530128378650147,2.7239400777434137,0.060168461694835813,0
1,2009-03-02,1419,83.903137486686674,9.1598655823481749,1.0024476697508262,0.91703251991666412,1,48.921695370332849,6.9944045758257971,0.76546151308627053,0.60138401539572894,1
1,2009-03-03,1420,5965.1759269257873,77.234551380362063,8.5013265140739751,0.26534097249649097,1,202.839576183361,14.242175963783097,1.5676583339331973,0.21881445521540552,0
1,2009-03-04,1421,5334.794896917525,73.039680290356728,7.9999649825144274,0.36090457704644724,1,53.080886791215505,7.2856630989372206,0.79799157710155755,0.36134486504645658,1
1,2009-03-05,1422,9223.620190273934,96.039680290356728,10.26064960367059,0.0042223492987564183,0,179.21700612961766,13.387195603621308,1.4302559405578321,0.019632366689017564,0
1,2009-03-06,1423,6620.5514079571085,81.366770907767432,8.8083107883916032,0.07321925709717679,0,44.062450002033408,6.6379552576100878,0.7185878492676685,0.0047136545373366433,0
1,2009-03-09,1424,3904.1632476687123,62.483303751231915,6.7531265875419519,0.10688529303182458,0,5.1312029638882031,2.265215875780541,0.24482203466960725,0.17088342753007285,0
1,2009-03-12,1425,4005.8060112333892,63.291437108296009,6.8201979642560344,0.17993945374445619,0,26.196798386601884,5.1182808038053054,0.55153887972039928,0.065618697272194632,0
1,2009-03-13,1426,4707.832836199932,68.61364905177345,7.4620607995403434,0.37074937727018686,1,100.33256903470047,10.016614649406279,1.089354502382412,0.33257675157153344,1
1,2009-03-16,1427,4783.7686833365815,69.164793669442702,7.5548655018506494,0.06457354512914712,0,151.91704463292984,12.325463262406402,1.3463094770514912,0.27074057066535157,1
1,2009-03-17,1428,3946.2674359917182,62.819323746692135,7.0326698848801712,0.073884101542016481,0,121.24687017689948,11.011215653909403,1.2327137591838122,0.17250802322861777,0
1,2009-03-18,1429,14440.756805396211,120.16970003039955,12.563481445938271,0.0063434638666377248,0,792.08984316706926,28.144090732639938,2.9424036312221578,0.044236260027977183,0
1,2009-03-19,1430,14271.71017599864,119.46426317522173,12.585121219407084,0.0070344076841693665,0,64.748085388227523,8.0466195006491716,0.84768180149056327,0.0034222609494083036,0
1,2009-03-23,1431,8009.2119388293859,89.494200587688283,9.6881407943370252,0.13752655701396793,0,17.428049122023172,4.1746915002216838,0.45192871450302396,0.23431572344681692,0
1,2009-03-24,1432,8514.7007233057793,92.27513599722181,9.9327379975480952,0.027378234307256298,0,48.288389606415919,6.9489847896232959,0.74800697412522021,0.0086966641896489404,0
1,2009-03-25,1433,9374.2130564315485,96.820519810789847,10.319266699791084,0.2937082242893066,1,91.546788789452719,9.5680086114850837,1.0197717678108269,0.68168993110351661,1
1,2009-03-26,1434,9133.6236770410487,95.569993601763144,10.298490689845167,0.10708735738644862,0,0.054492206758987312,0.23343565871346073,0.025154704602743612,0.19041694312065496,0
1,2009-03-30,1435,6249.1797541781461,79.051753643914481,8.6253959240495899,0.0078015689225738238,0,341.33340581360807,18.475210575622896,2.0158440344378503,0.025241701438765977,0
1,2009-03-31,1436,5596.8855134075393,74.812335302458905,8.3333149877425683,0.23315659846134879,0,631.6033097563809,25.131719196194695,2.799411773455271,0.034806083766359651,0
1,2009-04-02,1437,2810.0550400000157,53.009952273134672,6.0238582128562124,0.0022992524373135889,0,1250.4689091033938,35.361969813676865,4.0184056606450982,0.048714592480415278,0
1,2009-04-08,1438,7666.8267004601275,87.56041742968182,9.8272073433986336,0.009197447963078394,0,280.17090722168524,16.738306581661277,1.8785978206129379,0.15991415595861208,0
1,2009-04-15,1439,7123.5084828026875,84.400879632872829,9.5855627067430813,0.56239184525194741,1,54.494826951756053,7.3820611587656231,0.83839422586775947,0.17746539338827394,0
1,2009-04-16,1440,4300.873927837587,65.581048541766904,7.4778846683884721,0.033657491461670033,0,18.096391969676645,4.2539854218928213,0.48506105152711754,0.16045717988925304,0
1,2009-04-20,1441,4941.2806102151571,70.294243080178035,7.9338874808327358,0.19706554378322952,0,132.85365139282601,11.526215831435138,1.3009272947443722,0.34145546332537324,1
1,2009-04-22,1442,6478.8457594108495,80.491277536207917,8.9683874692153669,0.11934121027722162,0,5.0733920672113388,2.2524191588626081,0.25096592299304826,0.084162164732035777,0
1,2009-04-23,1443,12248.059628631683,110.67095205441979,12.195146231891988,0.34515930959223318,1,0.033023635558705119,0.18172406433575361,0.020024690284931528,0.36434590504508485,1
1,2009-04-24,1444,12900.651364538218,113.58103435229941,12.515816457553655,0.24124204757492296,0,19.452481341233526,4.4104967227324323,0.48600514851046089,0.17474404785018366,0
1,2009-04-27,1445,5161.7318766724693,71.845193831407187,8.063433651111918,0.24730374531714674,0,31.512072090668532,5.6135614444547173,0.6300293428119772,0.10564544791446569,0
1,2009-04-28,1446,12602.64475355889,112.26150165376771,12.306001825570592,0.13838463126841175,0,18.253688422509939,4.2724335480507989,0.46834020806257048,0.039585969582310289,0
1,2009-05-07,1447,6833.7074563830065,82.666241334555707,9.1142493202376738,0.094000052810097573,0,224.15605997588187,14.971842237209216,1.6506992543780834,0.088491569419316352,0
1,2009-05-08,1448,7059.1927510351952,84.019002321113021,9.2025194218086561,0.62505706156443008,1,118.27131636290767,10.875261668709754,1.1911568092781768,0.059155722435449705,0
1,2009-05-11,1449,8197.5517891856216,90.540332389414289,9.8735367927387454,0.13419481518920179,0,92.106722109001879,9.5972247086854168,1.0465893902601326,0.14436147388735771,0
1,2009-05-12,1450,9713.8867563366694,98.559052127831819,10.666564083098681,0.0021085433643976649,0,28.882770477859257,5.3742692971100041,0.5816308763106065,0.053831538280254658,0
1,2009-05-13,1451,3442.721286143485,58.67470738012662,6.3414976903676434,0.095624590780169424,0,220.04868710963419,14.834038125528537,1.6032464874929517,0.025952602091447112,0
1,2009-05-14,1452,2896.4417275799992,53.818600200859919,5.8434962215917396,0.018776448297985616,0,23.443761893331342,4.8418758651303051,0.52571942075247613,0.13976696849382714,0
1,2009-05-18,1453,2197.8841852682622,46.881597511905056,5.0696509880405571,0.76259608029347237,1,59.819748603828963,7.7343227631014315,0.83636904710477777,0.087732461636448961,0
1,2009-05-19,1454,3319.5270491232559,57.615336926232203,6.1325531587261528,0.014759680631807921,0,426.0249889846005,20.640372791802974,2.1969529315383687,0.19811800439895141,0
1,2009-05-20,1455,2902.6108013610437,53.875883300054056,5.746760885339099,0.39698604821834049,1,176.11483145662166,13.270826329080705,1.4155548084352754,0.23585793750611012,0
1,2009-05-21,1456,5892.7222274473161,76.764068596233983,7.9983400464948149,0.6488013016373233,1,280.79526189329988,16.756946675731228,1.7459699583986694,0.11507342089246701,0
1,2009-05-22,1457,2602.1514685439497,51.011287658163951,5.3980198580067675,0.24555535784409371,0,39.474206025938393,6.2828501514788968,0.66485186788136474,0.025028762048925811,0
1,2009-05-26,1458,3075.03322011716,55.452982066947129,5.8310180932646825,0.67527195745976032,1,88.332755235217519,9.3985506986565497,0.98828083056325455,0.032551333539587127,0
1,2009-05-27,1459,4798.6040326190787,69.271957043374186,7.0559671039851475,0.020699816865413275,0,356.89341769696603,18.891622950317583,1.9242804125609965,0.092237708634289761,0
1,2009-06-01,1460,1085.9356792801157,32.95353819061188,3.3626059378175386,0.10847123180245299,0,3538.1933686569846,59.48271487295267,6.0696647829543533,0.022205356082899325,0
1,2009-06-02,1461,110.31204862158629,10.502954280657718,1.0752960614955434,0.6521662709230821,1,924.44964176960741,30.404763471693173,3.1128501122798231,0.23042559048758843,0
1,2009-06-03,1462,274.76552280088868,16.576052690580127,1.7075511399000902,0.77583160681227592,1,780.96756949319013,27.945796991554744,2.8787841351073649,0.19077000223352192,0
1,2009-06-04,1463,104.52324001018869,10.223660792993314,1.0627506021822573,0.4724664513696637,1,2347.6535519851232,48.452590766491767,5.0366518468286658,0.061994787631987847,0
1,2009-06-05,1464,463.06561436257033,21.518959416351208,2.2801546401431745,0.78495675613039861,1,980.78275469620132,31.317451280335717,3.3184054336779569,0.15070310332681339,0
1,2009-06-08,1465,1027.0525383711617,32.047660419618182,3.3522657342696842,0.73429265307876823,1,2075.9971888272453,45.563112150370557,4.766015915310728,0.26070777038430432,1
1,2009-06-09,1466,3912.9358133101136,62.553463639594838,6.5586855716482138,0.0011839520525058543,0,439.10080772580352,20.954732346794685,2.1970885815774244,0.00903779293668369,0
1,2009-06-10,1467,2991.2595585108043,54.69240860037894,5.7722858681138725,0.92808809446038221,1,125.4927656434747,11.20235536141729,1.1823066344503737,0.5001465108844434,1
1,2009-06-11,1468,1914.0368311989148,43.749706641289777,4.6678801431090715,0.75895793511565524,1,1625.9462421799055,40.32302372317713,4.3022698024195396,0.18824123857323213,0
1,2009-06-12,1469,1570.4838117708348,39.629330195838975,4.250933783409919,0.35283100494719633,1,1247.7160049481342,35.32302372317713,3.7890076399224601,0.11891493570845271,0
1,2009-06-15,1470,1527.4835306629589,39.083033795535357,4.1844789930980033,0.2504615338594432,1,222.03263487462581,14.900759540192098,1.5953704004488329,0.12487296504613558,0
1,2009-06-16,1471,1624.4958226442593,40.305034705905655,4.3315459114353203,0.7472869861375816,1,4.4525151298347563,2.1100983697057245,0.22677037825961574,0.33426336842171706,1
1,2009-06-17,1472,1060.2679797884646,32.561756399009937,3.4621750557161017,0.59782643132905833,1,60.785858346794988,7.7965286087331833,0.8289769918908223,0.1999125558018883,0
1,2009-06-18,1473,986.43117428245534,31.407501879048823,3.3581931974390611,0.36071589408931132,1,13.503000729166956,3.67464293900332,0.39290488521821115,0.3605043004410281,1
1,2009-06-19,1474,401.46886912881212,20.036688077843905,2.1796777892677621,0.012789477749120901,0,2.6825084519948832,1.6378365156494965,0.17817095628496019,0.1492492006556832,0
1,2009-06-22,1475,1841.1535957001402,42.908665741317805,4.660186341712496,0.00079781888497908366,0,31.325505673410081,5.5969193020276862,0.60786525137417169,0.025697144057357391,0
1,2009-06-23,1476,2580.6745604449534,50.800340160720907,5.4419218168956514,0.96121905901866889,1,10.469966045477356,3.2357326906710568,0.34662374833112553,0.038003578868332687,0
1,2009-06-24,1477,3565.988650880668,59.715899481466977,6.3713949833520385,0.67708138789461492,1,159.48930181050051,12.628907387834488,1.3474427727750853,0.33065917219094082,1
1,2009-06-25,1478,3505.5201510874676,59.207433241844456,6.2852901530620437,0.78895024939049374,1,153.07389130143693,12.372303395141785,1.3134080037305504,0.41082011372978972,1
1,2009-06-26,1479,3573.3672118619479,59.777648095771951,6.3899142806811273,0.063016980951379531,0,34.483947164593729,5.8723033951417847,0.62771816089169263,0.12634099236730742,0
1,2009-06-29,1480,2864.3349862700588,53.519482305699285,5.7270714077794844,0.12593702150055203,0,23.739340374310164,4.8723033951417847,0.52138078064652593,0.101923144083174,0
1,2009-06-30,1481,2416.6591477741144,49.15952753814986,5.288814151495413,0.080259359421370483,0,79.627968108872992,8.9234504598206286,0.96002694565041724,0.053436950840904801,0
1,2009-07-02,1482,3248.8313448011072,56.998520549230989,6.1653348349627892,0.055810470466695454,0,257.13057730602043,16.035291618989049,1.734482598051817,0.17859546169255092,0
1,2009-07-06,1483,3068.5179188904917,55.394204741024055,5.9950438031411313,0.13265882540239343,0,1.9625712910632551,1.4009180172527067,0.15161450403167823,0.052548762960377117,0
1,2009-07-07,1484,2599.5345654183543,50.985630970091506,5.5539903017528873,0.13990236064726796,0,3.086523370475144,1.7568504120940815,0.19137804053312435,0.047704378189102517,0
1,2009-07-08,1485,3211.8086872876906,56.672821416334045,6.2158290558085048,0.35161572264075974,1,94.303736836971467,9.7110111130083396,1.0650958171657077,0.072860298622572622,0
1,2009-07-09,1486,3355.0532408285258,57.922821416334045,6.3442301660825899,0.31467599760516618,1,71.588709054450618,8.4610111130083396,0.92672629934373929,0.026264338701784611,0
1,2009-07-10,1487,2641.0136390197663,51.390793329348071,5.6566640978919178,0.045942816548603597,0,52.178575235542588,7.2234739035690154,0.79509894370600065,0.50018455890395386,1
1,2009-07-13,1488,8133.5916533577965,90.186427212512399,9.7525198391470553,0.4508619812505516,1,8.7682088709436918,2.9611161528963521,0.32020720766654254,0.75855071588656386,1
1,2009-07-14,1489,6238.4218690289663,78.98368102987456,8.4204350778117867,0.19664066446650147,0,371.80442666973937,19.282230853035117,2.0556749310271982,0.14645217753596049,0
1,2009-07-15,1490,3857.0847997912911,62.105432932967233,6.6422922922959611,0.0081476730965120963,0,101.55652927939181,10.077525950320933,1.0778102620664098,0.08371469504652379,0
1,2009-07-16,1491,3337.3283065788573,57.769614042148987,6.1620921644958919,0.045843995507127672,0,212.27562054544657,14.569681552643715,1.5540993656153297,0.05445509002841311,0
1,2009-07-17,1492,4207.5214466578018,64.865410248126864,6.8441477444607619,0.010004477722687564,0,1122.6894418147588,33.506558191117733,3.5353793923627261,0.12102402232737564,0
1,2009-07-21,1493,2198.3070946356256,46.886107693384247,4.9444880246121006,0.67464205468878224,1,235.6015182139312,15.349316538984112,1.6186993450022793,0.31708266284534375,1
1,2009-07-22,1494,1546.0190423925856,39.319448653212135,4.1323645457921314,0.097452227335800626,0,2659.9470705152644,51.574674701012555,5.4203546716776199,0.085994150243097728,0
1,2009-07-24,1495,3205.158407599326,56.614118447603914,5.9281799421574775,0.0012113563249571283,0,2194.7601238561974,46.848267031515661,4.9055776996351472,0.022006420569317398,0
1,2009-07-27,1496,2222.4557498736071,47.142928948821236,4.992632136491526,0.012132652186289705,0,2304.8203453476449,48.008544503532335,5.0843044218726323,0.032702278802610736,0
1,2009-07-28,1497,1380.2079873038085,37.151150551548312,3.9904565576313979,0.43394233569970569,1,2289.7827077260608,47.85167403264029,5.1398146114543808,0.32262758995730251,1
1,2009-07-29,1498,3376.7318010198101,58.109653251588156,6.2315982039236628,0.32460509801940651,1,857.16786858941566,29.277429337109083,3.1396707063923954,0.17205182178293241,0
1,2009-07-30,1499,3432.2706988094974,58.585584394196303,6.2391463678590311,0.00046085518962847458,0,214.22000086762031,14.636256381589533,1.5587067499030387,0.063782269795516586,0
1,2009-07-31,1500,6707.0642628867145,81.896668203820809,8.533125105894328,0.0039335334165915507,0,1428.8324141333615,37.799899657715514,3.938515202679397,0.10065565763738771,0
1,2009-08-03,1501,6236.5530022216408,78.971849428904989,8.221952048818844,0.0077022633836726995,0,1239.9092174213733,35.21234467372733,3.666043172694152,0.007845003912082097,0
1,2009-08-04,1502,2306.7837893721448,48.028989052156248,5.0004153099590054,0.037012234749045816,0,687.0568765168498,26.211769808939835,2.7289713491868648,0.01605083629952438,0
1,2009-08-05,1503,3130.6209741089629,55.951952370841923,5.8041444368093282,0.22433819424229845,0,243.04199148276973,15.589804087376137,1.6171995941261552,0.007344517378586048,0
1,2009-08-06,1504,3168.0405468326048,56.285349308968534,5.8875888398502649,0.083582870446934604,0,28843.525886940173,169.83381844303028,17.765043770191451,0.46465068235234924,1
1,2009-08-07,1505,3588.6326841001528,59.905197471506199,6.3391743356091208,0.17019236915137131,0,1736.4662555099778,41.670928181526961,4.4096220297912128,0.0017078521444432661,0
1,2009-08-10,1506,2401.9174298690727,49.009360635179405,5.1985532362958793,0.44517961594938976,1,585.89067086995806,24.205178596117776,2.5675076739451366,0.045913768904925358,0
1,2009-08-11,1507,1971.2543552575214,44.398810291014797,4.687126977145927,0.85541835440345115,1,445.75826277628556,21.112988011560219,2.2288717879715194,0.20269800701051338,0
1,2009-08-12,1508,4342.520572435772,65.897804003136343,6.9111488204652698,0.013088051535574768,0,313.71896546755016,17.712113523449148,1.8575892525903668,0.050657810880526122,0
1,2009-08-13,1509,4342.520572435772,65.897804003136343,6.9111488204652698,0.056845242745428994,0,313.71896546755016,17.712113523449148,1.8575892525903668,0.28091633345474454,1
1,2009-08-14,1510,2501.8429626307347,50.018426231047442,5.3624686390830814,0.67206891950788294,1,9.7487784913139155,3.1223033951417847,0.33474172019745746,0.079730224685025608,0
1,2009-08-17,1511,3163.2090083059252,56.242412895482403,6.0152313257200429,0.27693448035028523,1,31.541448520860403,5.6161773939985551,0.60066068385011284,0.014656463512330442,0
1,2009-08-18,1512,3475.0599259445235,58.949638895794124,6.2679041888138363,0.15283707551608244,0,119.88090899189143,10.949014064832113,1.1641694912102194,0.3185957710271804,1
1,2009-08-20,1513,4211.7249644294998,64.897804003136343,6.8134177431114278,0.05207466449502067,0,371.77071595574381,19.281356693856992,2.0242894166778993,0.11142376154082306,0
1,2009-08-21,1514,4425.9026975920369,66.52745822284237,6.9918505751804902,0.2445936781660317,0,329.04194207618059,18.139513281126938,1.9064123259198045,0.042518918481005481,0
1,2009-08-24,1515,4823.9852917855906,69.454915533643771,7.3071978467799861,0.55023431885828911,1,442.9109505089113,21.04544963902913,2.2141451487668733,0.0020029973156157808,0
1,2009-08-25,1516,3513.1381002580861,59.271731038144026,6.3021510939015455,0.9296754068483043,1,370.85203409368904,19.257518897658883,2.0475830832173187,0.14865967812623143,0
1,2009-08-26,1517,3811.1913449955209,61.734847088135894,6.546643381562661,0.40822577110405495,1,288.98170635842894,16.999461943203642,1.802700100021595,0.023493380971835055,0
1,2009-08-27,1518,5237.4454215961314,72.370197053732909,7.5740656257177292,0.013519839891621753,0,507.23631029944301,22.521907341507358,2.357080831136301,0.069006443314654262,0
2,2009-08-28,1519,53.846411021850905,7.3380113806024383,0.76837815503690454,0.0015940445113031437,0,10959.120393752679,104.68581753873195,10.961865710861984,0.00023997164243603564,0
2,2009-09-01,1520,234.20337469175342,15.303704606785686,1.586287080257651,0.14118331111597612,0,67212.818580123596,259.2543511305521,26.872697707235254,0.029747532170542258,0
2,2009-09-02,1521,547.24662257555156,23.393302942841387,2.3797866676339154,0.063061531759447897,0,21712.072092175458,147.35016828010566,14.989844179054494,0.0037445216456520234,0
2,2009-09-03,1522,78.32376936322099,8.8500717151456456,0.89485052731502979,0.000762847331161478,0,163.54675205670446,12.788539871959756,1.2930778434741916,0.040244248474265915,0
2,2009-09-04,1523,456.7809608427799,21.372434602608564,2.1356417289641336,0.0075956396591849952,0,347.11448168250223,18.631008606151795,1.8617045821785454,0.019647593041935425,0
2,2009-09-08,1524,278.44124637247842,16.686558853534734,1.6694906306688078,0.047716302725112195,0,710.07013218525481,26.647141163457945,2.6660471399157526,0.0051889597176219236,0
2,2009-09-09,1525,165.07296766571858,12.848072527259433,1.2968026774927512,0.060806108316644798,0,111.89984859137175,10.578272476702978,1.0677035050924024,0.030302946781866007,0
2,2009-09-10,1526,628.86920270873577,25.077264657628348,2.4872070079472697,0.13739846202606956,0,0.45191267667849866,0.6722445066183127,0.066674386969334268,0.0039386275123678574,0
2,2009-09-11,1527,207.40750455608236,14.401649369293864,1.4412458713328862,0.0008768696555453094,0,12693.525329178627,112.66554632707653,11.27501089087581,0.067514534800721476,0
2,2009-09-14,1528,166.6317035688804,12.908590301379945,1.2960432029497937,0.57864598701114556,1,0.038304964728737165,0.19571654178616882,0.019650255199414539,0.22472077684124667,0
2,2009-09-15,1529,874.07346199613755,29.564733416625586,2.9106309049102226,0.098087038094159307,0,94.775457969198357,9.7352687671783542,0.95843157934318046,0.038004843124987357,0
2,2009-09-16,1530,334.52084780544772,18.289911093426554,1.7957693758887141,0.0006910123988935154,0,911.88208882381571,30.197385463377714,2.9648881161882881,0.00036620438522732667,0
2,2009-09-17,1531,38.892629882176344,6.236395584163688,0.61624462294107585,0.00013881127073107238,0,3244.1277819293823,56.957245210151996,5.6281862855881419,0.0019078209959684839,0
2,2009-09-18,1532,10.880621841600325,3.2985787608605506,0.32667281612879923,0.49281804777736404,1,18237.026627006126,135.0445357169483,13.374056520618796,0.019314736173401716,0
2,2009-09-24,1533,49.631289456052102,7.0449477965455571,0.71053432138633954,0.50777481487922849,1,483.38362366138074,21.985986984017359,2.2174469978837479,0.59046449172599547,1
2,2009-09-25,1534,0.53517937191259868,0.73155954775575083,0.073932243330545822,0.37730979098329642,1,22090.229111892593,148.62782078700002,15.020497300353716,0.1826210988483318,0
2,2009-09-29,1535,3928.7082987411359,62.679408889531942,5.9609518677633799,0.032856061738522048,0,509.31972506514489,22.568113015162453,2.1462779852746032,0.06277243685455311,0
2,2009-10-09,1536,1035.1627026358551,32.173944468091804,3.0367101904758664,0.00067562970605605007,0,62.411215831072369,7.900076950958919,0.74564199631514094,0.00010458115060918437,0
2,2009-10-14,1537,62.613074509526683,7.9128423786605708,0.75110036816901471,0.0097672199601254259,0,12678.811906204872,112.60023048912853,10.68820412806156,0.014998109550560022,0
2,2009-10-15,1538,36.272738594917577,6.022685330889999,0.57495802681527441,0.46165517406417461,1,1512.0113372902767,38.88458997199632,3.7121326942239921,0.12000992741290369,0
2,2009-10-16,1539,370.18620229484748,19.240223551062172,1.8121237156639671,0.032001013500357417,0,11.690865280081914,3.4191907346742028,0.32203350456079138,0.22400734513638235,0
2,2009-10-20,1540,150.61880523104256,12.272685330889999,1.1646676470595492,0.84600197631250551,1,50.856004241061058,7.1313395825090993,0.67675820474582205,0.59494235813000174,1
2,2009-10-21,1541,165.88045620215749,12.879458692125127,1.223120483582633,0.054626232161467288,0,207.52935983676178,14.405879349653105,1.3680797103184337,0.01869992238661395,0
2,2009-10-22,1542,368.9710063873377,19.208618023880263,1.8091469765839665,0.026157115663573427,0,4656.36490906777,68.237562303087657,6.4268954370697111,0.020178188437069363,0
2,2009-10-23,1543,71.346894901874848,8.4467091166841328,0.80139555186756473,0.013464383946857991,0,33878.348835317724,184.0607205117858,17.463066462218769,0.0062222149725714463,0
2,2009-10-26,1544,18.333456002437487,4.2817585175296244,0.41309778268496133,0.31322184371927969,1,3930.938040033589,62.697193238881027,6.0489332599016912,0.17220991356842008,0
2,2009-10-27,1545,65.379731311802814,8.0857733898374136,0.78369502203415686,0.109914295613393,0,1198.8310276434811,34.624139377657912,3.355865217122163,0.060390919475806985,0
2,2009-10-28,1546,117.03071664284205,10.818073610529837,1.0396995300845591,0.0092121741864284231,0,952.09028181188967,30.855960231564495,2.9654935349893794,0.27607046783142064,1
2,2009-10-29,1547,22.755481374533858,4.7702705766585041,0.45867986314024073,0.03631611827729956,0,63322.690745268868,251.64000227560973,24.196154064962474,0.0086617229307544771,0
2,2009-10-30,1548,1538.7842211729837,39.227340225574608,3.59883855280501,0.74084982074066197,1,5986.6830526891417,77.373658648723222,7.0985007934608459,0.79184975465765117,1
2,2009-11-04,1549,6.1566450540188544,2.4812587640185484,0.22784745307791995,2.2108731947606257e-05,0,926.35039754347315,30.436004953729935,2.7948581224729048,0.00062511536576561244,0
2,2009-11-05,1550,1010.9299534644491,31.795124680750178,2.8990311995213291,0.37360923510794064,1,21248.944196499942,145.77017595002053,13.291103346252156,0.62302846134530665,1
2,2009-11-06,1551,1545.8113008215569,39.316806849254135,3.5524560062574326,0.12516792205494326,0,8215.6330328209024,90.640129263041672,8.1897564276522861,0.025778645576280828,0
2,2009-11-09,1552,116.06951603082578,10.773556331630971,0.97808046587662023,0.054816151084342284,0,408.96993471641264,20.223005086198555,1.8359514376939223,0.22123799546264064,0
2,2009-11-10,1553,2286.4470172588772,47.816806849254135,4.2875415242550226,0.081777294868505046,0,12046.943430471458,109.75856882481412,9.8416111925410554,0.069863767937701729,0
2,2009-11-11,1554,528.5904286899522,22.991094551803144,2.0624440055441262,0.077040902104013112,0,599.8545952119706,24.491929185182016,2.1970781955758705,0.00087515387519557914,0
2,2009-11-12,1555,124.29352507497502,11.148700600293068,1.0098460688671258,0.66548758136321406,1,82.242817160452475,9.0687825621994307,0.82144769585139765,0.48807949050497146,1
2,2009-11-13,1556,766.40117785218729,27.683951630000138,2.4499072238938173,0.26260436233481715,1,44804.302902420903,211.67026929264512,18.731882238287177,0.38808695146803657,1
2,2009-11-16,1557,932.06336334478556,30.529712794993429,2.690435143863708,0.00049507248943842007,0,89.161320514492672,9.4425272313344522,0.83212401245511802,0.0033800786794360473,0
2,2009-11-17,1558,1591.1419373034773,39.88912053810509,3.4716379928725054,0.025779176944844544,0,81.363653952416172,9.0201803724989986,0.78504615948642287,0.013778228475843842,0
2,2009-11-18,1559,724.13421344591313,26.909741980292438,2.3698583866395806,0.031912737967070275,0,750.18734888563733,27.389548168701822,2.4121134450640089,0.028839590306563016,0
2,2009-11-19,1560,1037.6788655940395,32.213023229651071,2.8257037920746555,0.19413162922507227,0,16418.126063339743,128.13323559225273,11.239757508092344,0.40299720432380409,1
2,2009-11-20,1561,2617.2378170806496,51.158946598621924,4.3979322242529051,0.0070311166682230997,0,16383.677341908078,127.99873961062303,11.003545206157149,0.0032010552507343612,0
2,2009-11-24,1562,2449.8042941787394,49.495497716244245,4.195422565479487,0.33171547147541958,1,5.1215939731594302,2.2630938940219494,0.19182825971790204,0.21975091506097855,0
2,2009-11-25,1563,1613.6487336776713,40.170246871007294,3.4436559683675352,0.024388538278422082,0,52559.082322328759,229.25767669225115,19.653465640141548,0.0195769674620874,0
2,2009-11-27,1564,2138.3019427418708,46.241777028374145,3.9329599854028618,0.29458602338501094,1,3334.7876877198114,57.747620623882085,4.9115560811296692,0.1870910580618938,0
2,2009-11-30,1565,1935.3554145893393,43.992674555991016,3.6891131703137119,0.074675182370977963,0,9878.1518101547917,99.388891784518819,8.3344982628527315,0.005808331128275725,0
2,2009-12-01,1566,1828.1096715753401,42.756399188604973,3.5263009640086578,0.221190498992861,0,43086.802897909096,207.57360838485488,17.119472856482876,0.13982011858685492,0
2,2009-12-02,1567,1713.0229000421762,41.388680820269883,3.4240894163615208,0.59739397813264172,1,162814.2335337961,403.50245790304189,33.381795896839037,0.15465538711114082,0
2,2009-12-03,1568,641.88239535251921,25.335398069746589,2.1285778676535676,0.013086186258809343,0,91345.822120826648,302.23471362639111,25.392540527317042,0.007805427937145803,0
2,2009-12-04,1569,593.01956052034336,24.351992947607869,2.1314654658737742,0.34685599235955272,1,6199.2340103420029,78.735214550682485,6.8914848622041553,0.21146900333482629,0
2,2009-12-07,1570,682.78730247424801,26.130199051561931,2.2786308307444458,0.0086929145212306796,0,16601.966562316833,128.84861878311631,11.235981581261505,0.20679310778431581,0
2,2009-12-08,1571,287.73382702337864,16.962718739146112,1.4866537019409387,0.10050450902295779,0,15377.48568635978,124.00599052610232,10.868184971612823,0.24034187668252222,0
2,2009-12-09,1572,359.77414580224121,18.967713246520816,1.6807898313266119,0.21645669835988166,0,6359.2838425556529,79.745117985715297,7.0664703576176606,0.007980427465470126,0
2,2009-12-10,1573,194.33927000939812,13.940562040656687,1.2402635267488156,0.47865789118015628,1,7054.8430562522462,83.993113147759004,7.4726968992668148,0.063885521493456748,0
2,2009-12-11,1574,824.76229849278934,28.718675082475329,2.555610685870997,0.62790956656014973,1,7102.3309373509828,84.275328165193059,7.4994730291606722,0.16450008842136898,0
2,2009-12-14,1575,1620.7999175892041,40.259159424771951,3.5881603765393901,0.35966065826472376,1,8760.8642677026601,93.599488608125739,8.3422004107063934,0.24955234570964577,0
2,2009-12-15,1576,2652.2336924119827,51.499841673659375,4.527458608673351,0.28955436769119591,1,941.20184855561092,30.679013161371586,2.697056102098601,0.013167377330343948,0
2,2009-12-16,1577,644.08005902638195,25.378732415673994,2.272044083766696,0.097353101403042527,0,7767.3445497445737,88.132539676016222,7.8901109826335025,0.34096273685200512,1
2,2009-12-17,1578,329.33664988406099,18.147634828926357,1.6430633616049215,0.12334368866770189,0,891.1955730921992,29.852898906005748,2.7028428162974873,0.009189322222387929,0
2,2009-12-18,1579,305.92912276895163,17.490829676403337,1.5821646021169911,0.58560795182130221,1,11041.678145090311,105.07938972553234,9.5051460629156335,0.14497432296188908,0
2,2009-12-21,1580,65.786071012341083,8.1108612990447,0.74823443718124538,0.023054322398436314,0,1893.637886558713,43.515949794974176,4.0143865124514919,0.069063362531841435,0
2,2009-12-22,1581,1433.4235080389351,37.860579869290632,3.4278478831408452,0.32061732268664539,1,10345.606461670259,101.71335439198856,9.2089954180161673,0.0097040052966696783,0
2,2009-12-24,1582,564.00661547980701,23.748823454643116,2.1472715600943144,0.04214686570964371,0,4998.9669905164455,70.703373261227398,6.3927100597854798,0.032016691237249248,0
2,2009-12-29,1583,23.177320465014471,4.8142829647845247,0.4426926864169678,0.019964464672571996,0,8396.6919742100872,91.633465361788467,8.4260657803943406,0.043890948497026107,0
2,2009-12-30,1584,3701.4432591670175,60.83948766358094,5.4248317132038286,0.0096838997009764272,0,5.7494795683919344,2.3978072417089606,0.21380358820409814,0.080568428385720481,0
2,2010-01-04,1585,918.51325890625617,30.306983665588632,2.6981512277399182,0.075997491700587741,0,42144.451755787442,205.29113900942593,18.276531405246022,0.062540396409425075,0
2,2010-01-05,1586,1490.7944824325361,38.610807844857845,3.4168856499874201,0.080461837627768304,0,13433.126789119819,115.90136664043189,10.256758109772733,0.16134422780592414,0
2,2010-01-06,1587,1347.0748978649813,36.702518958035853,3.2472920998041013,0.50450427442051948,1,6310.3735103056897,79.437859426760042,7.0283441209254631,0.33596656314276674,1
2,2010-01-07,1588,1154.216230387379,33.973757966809899,3.0151992870476945,0.11958200767684778,0,593.69476981043726,24.365852536089051,2.1624896859187088,0.015246322170212509,0
2,2010-01-08,1589,2880.6279031037852,53.67148128292888,4.6620179181697186,0.090772811500617473,0,1787.0855331678868,42.273934441543133,3.6720029916649848,0.017380492446068697,0
2,2010-01-12,1590,481.41951541050429,21.941274243090447,1.9464426030685693,0.028865742632704729,0,10078.447809685815,100.39147279368808,8.9058747211078355,0.072708041937000298,0
2,2010-01-13,1591,1255.5595569933864,35.433875839278244,3.1130134714938058,0.49488861793404321,1,10980.554528770808,104.78814116478452,9.2060743390981337,0.43696748228348703,1
2,2010-01-14,1592,475.37061125290239,21.802995465139702,1.9328896688953636,0.014842755541227753,0,1635.9534910173411,40.446921897931134,3.5857200264123348,0.05334758726642045,0
2,2010-01-15,1593,830.59632983226936,28.820068178827569,2.5436953379371201,0.12326932480405124,0,795.90098811916982,28.21171721322844,2.4900015192611158,0.012980377017848351,0
2,2010-01-19,1594,90.855047673613882,9.531791419959518,0.85086288060339366,0.12074559170823171,0,55.920795628700667,7.4780208363376914,0.66753142926469011,0.27931031529740541,1
2,2010-01-20,1595,3.3926136880868785,1.8419049074495888,0.16619940513869513,0.0061864213990267102,0,2305.2363658384593,48.012877083533112,4.3323146477358998,0.039212088244110856,0
2,2010-01-21,1596,297.28277669282761,17.241890171696014,1.5905802741416988,0.02386641575122693,0,5420.754284064531,73.625771874151042,6.792045375844193,0.051770706418737739,0
2,2010-01-22,1597,60.185522150246442,7.7579328529091072,0.7083253004253921,0.18100022008422173,0,14996.157752181873,122.45880022351139,11.180899358458014,0.20143665395516028,0
2,2010-01-25,1598,85.06040337478457,9.2228197084614294,0.84245898227553584,0.19590050069822132,0,29626.279643255679,172.12286205863438,15.722572464821594,0.031952013476076915,0
2,2010-01-27,1599,49.381262849788108,7.0271802915385706,0.65156979986449426,0.42858892852781327,1,35484.335160161296,188.37286205863438,17.466190269692571,0.0060556178482736511,0
2,2010-01-29,1600,1142.6561486334328,33.803197313766532,3.1112008572265561,0.051565252175429774,0,6106.9845167892772,78.147197753913588,7.1925630698493865,0.026931042152817705,0
2,2010-02-01,1601,833.27858631174388,28.866565197677119,2.5982506928602267,0.0012508095841297627,0,2878.021826847511,53.647197753913588,4.828730670919315,0.043620324333433172,0
2,2010-02-02,1602,487.30325153813715,22.074946240888949,1.9793720009763685,0.37333025939814407,1,155.67781083472602,12.477091441306584,1.1187708084560937,0.17993829846589043,0
2,2010-02-03,1603,85.778075452610238,9.2616453966134031,0.85498688175521842,0.039308262363605094,0,5145.7181254593324,71.733661034826127,6.6220781015302226,0.075522643533183692,0
2,2010-02-04,1604,8.9394000105234603,2.989882942612212,0.28259763162686313,0.062392512518316262,0,14011.291780414511,118.3693025256739,11.188024813390728,0.00864841786094518,0
2,2010-02-05,1605,22.320216419042229,4.724427628723106,0.44402515307547985,0.0015490256784747209,0,17516.688611445399,132.35062754458477,12.438968754190299,0.039740904685317623,0
2,2010-02-08,1606,118.44302792844312,10.883153400023502,1.0159303057198135,0.090561443870538855,0,23936.538548893324,154.71437731798983,14.442415618948875,0.010318116632236913,0
2,2010-02-09,1607,221.33816883289975,14.877438248330918,1.3910648198532882,0.049568537116633664,0,27331.677840859647,165.32295013354815,15.457966351897909,0.13247316907366763,0
2,2010-02-10,1608,3407.4452497436955,58.373326526279925,5.234102356088763,0.42508970300899523,1,3401.023906276846,58.318298211426281,5.229168187529817,0.45857318197614877,1
2,2010-02-22,1609,117.02058704099149,10.817605420840209,0.97720012835051573,0.019294104756580117,0,16696.779132991993,129.2160173236739,11.672630291208121,0.067764028757335865,0
2,2010-02-23,1610,17.083412314195559,4.133208476981963,0.37472424995303383,0.24236447355995841,0,19255.498742854445,138.76418393394761,12.580615043875575,0.32927678156663237,1
2,2010-02-24,1611,46.777943123482579,6.8394402639019063,0.62489175549583431,0.28635544561616622,1,708.99166448636038,26.626897387535791,2.4327909901814335,0.056141693526727147,0
2,2010-02-25,1612,372.13259662742769,19.290738623169091,1.7406486463495681,0.084781950747817747,0,82.74439169670741,9.0963944338791407,0.82078903080344146,0.045517038041738851,0
2,2010-02-26,1613,1182.6128605935417,34.3891387009553,3.0527420062987396,0.01956916662746494,0,3895.0296622787855,62.410172746746866,5.5401839988235118,0.24005449676069668,0
2,2010-03-02,1614,1367.3545078116949,36.977756933211822,3.2536521718620168,0.10860937640785248,0,11946.64325071217,109.30070105315963,9.6173076157641546,0.14581866566241655,0
2,2010-03-03,1615,691.03307389890711,26.287507943867695,2.3171007442809777,0.067766648904924578,0,3395.3700649196462,58.269804057673355,5.1361660694291187,0.014873654544192308,0
2,2010-03-04,1616,732.91195327468313,27.072346652528722,2.3852287799584775,0.16122178057322101,0,11644.986048418581,107.91193654280596,9.5076596072956789,0.067247255510615139,0
2,2010-03-05,1617,139.54582333076701,11.81295150801725,1.0493405736635355,0.028076194652128392,0,2612.8795727924762,51.116333718220403,4.5406470102794048,0.168293172992031,0
2,2010-03-08,1618,28.807391641447428,5.3672517773482014,0.48104430000880138,0.022722990361577357,0,4363.3509081472239,66.055665223712822,5.9202926483273872,0.0048714715077687225,0
2,2010-03-09,1619,280.00275860540972,16.733282959581175,1.4933764354824788,0.089338157643600605,0,673.46516383268806,25.951207367532788,2.3160381407882897,0.094469023694166376,0
2,2010-03-10,1620,23.839339160908718,4.8825545732647697,0.44226037801311324,0.20213493631088514,0,3590.2184137930667,59.918431336217964,5.4273941427733661,0.079635462809352658,0
2,2010-03-11,1621,14.430573694160513,3.7987594941191674,0.34339068873393602,0.086885482515269563,0,27017.985439176202,164.37148608921257,14.858439420493792,0.17674709049049758,0
2,2010-03-12,1622,3.2355357176838431,1.7987594941191674,0.16289422631824019,0.099373072604453785,0,48615.451670799841,220.48911916645648,19.967318919307807,0.14957393075031941,0
2,2010-03-15,1623,247.43491679654829,15.73006410656194,1.4022789486571823,0.01723874881088026,0,61.327713679324084,7.8312012922235681,0.69812358299296351,0.050249441118296136,0
2,2010-03-17,1624,192.30604266347984,13.86744542673523,1.2351320798695373,0.17847879866285019,0,6736.700851591062,82.077407680744045,7.3103903523263458,0.074172216738863053,0
2,2010-03-18,1625,1.1815457379485166,1.0869892998316573,0.098325581169756412,0.26208402835620881,1,7877.6560652193612,88.756160716985505,8.0285988889177311,0.18424252535768026,0
2,2010-03-19,1626,2.6120041572660715,1.6161695942153074,0.14672442979712277,0.022011933086218148,0,1251.8933294846759,35.382104650298515,3.2121747299408545,0.016210306443957333,0
2,2010-03-23,1627,184.62000114133548,13.587494292228257,1.2431376296640675,0.034172990356586871,0,50070.566436119654,223.76453346345943,20.472509923463807,0.10404765763888058,0
2,2010-03-25,1628,86.802675415093091,9.3167953404104082,0.84968493756592878,0.10022888123328305,0,12504.578669480532,111.82387343264645,10.198255671011989,0.35735089759984351,1
2,2010-03-26,1629,265.02265790494909,16.279516513242925,1.4699337709474423,0.32251680851945991,1,43406.795450630612,208.34297552504768,18.812006819417398,0.020051897578686768,0
2,2010-03-29,1630,374.90413778638811,19.362441421122185,1.7490913659550305,0.14233811146649727,0,43022.981471019964,207.41981937852506,18.737111054970647,0.029910749546468531,0
2,2010-03-30,1631,497.2739777232199,22.299640753232325,1.9990713360136554,0.18434825360708365,0,25300.818383970429,159.06230975303492,14.259283707129979,0.13812288324466171,0
2,2010-03-31,1632,878.16390451880932,29.633830405784693,2.6160962618216455,0.022204446301980752,0,44.247620235905842,6.6518884713971147,0.58723358829372008,0.091500819866915883,0
2,2010-04-06,1633,843.93793216431698,29.050609841521691,2.543836238311882,0.33973614438196453,1,7646.2753934879174,87.442983672150149,7.6570038241812739,0.013610823662875367,0
2,2010-04-07,1634,1404.1792962737102,37.472380445785802,3.2641446381346513,0.097324865897463309,0,2452.2691092056771,49.520390842618326,4.3136228956984599,0.042958553961203634,0
2,2010-04-08,1635,1482.6627263251542,38.505359709073673,3.3410290420020541,0.072146639757194014,0,1407.8614393975424,37.521479706929767,3.255659844419069,0.11360413924894081,0
2,2010-04-09,1636,1779.6147857199878,42.185480745393761,3.6406024375744348,0.077411227743866232,0,4720.6863106974351,68.707250786925215,5.9294283311262328,0.041500209647548823,0
2,2010-04-12,1637,1559.5026439951325,39.490538664281758,3.4391934390839762,0.12491007369917102,0,10685.810010334322,103.37219166842851,9.0025858191533654,0.10637773697916882,0
2,2010-04-13,1638,1729.664489284138,41.589235257265045,3.6023590521667428,0.31205429815905122,1,5612.6890228226575,74.917881862894774,6.4892058781199458,0.024464891675483776,0
2,2010-04-15,1639,1406.6520069070068,37.505359709073673,3.2570872521991903,0.012782334008168464,0,2763.6119100853689,52.570066673777092,4.5653553342403033,0.0081900889894992637,0
2,2010-04-16,1640,582.55633838190431,24.136203893361198,2.1241983624520304,0.1243465487448723,0,1741.2469859255755,41.728251651915343,3.6724533907076209,0.156398217008582,0
2,2010-04-19,1641,968.95394791720491,31.128025120736538,2.7191985255065769,0.11069037808829824,0,13867.458537217457,117.76017381618226,10.286977402592903,0.096213748783592887,0
2,2010-04-20,1642,222.31291728548516,14.910161544580433,1.3044760756413327,0.017104413263937475,0,29028.587422119414,170.37777854555861,14.906192348692793,0.010863036273275662,0
2,2010-04-21,1643,48.647955659283355,6.9748086467861867,0.61519811658533063,0.059663931299523916,0,19865.688767866097,140.94569439279121,12.431814279408265,0.058913401634074464,0
2,2010-04-22,1644,185.03392902380406,13.602717707274678,1.1937444236309502,0.10413647237261857,0,6377.754275196623,79.860843191119784,7.0084109864958126,0.027772827436951961,0
2,2010-04-23,1645,2132.8899987665077,46.183222048342486,4.0002790860409254,0.031489483938345837,0,0.58261662372586465,0.76329327504299727,0.066114618886357487,0.27791292490207048,1
2,2010-04-26,1646,416.04555738495827,20.397194841079454,1.7744406125340979,0.0080956244885235524,0,14300.518313329514,119.58477458827906,10.403199181233498,0.0085398519337860756,0
2,2010-04-27,1647,1105.619828704695,33.250862074609358,2.8639846748156206,0.075592082008580141,0,2392.410284216272,48.912271305023978,4.2129432648599465,0.026379483789588855,0
2,2010-04-28,1648,2407.2093000358836,49.063319292888082,4.1605528338255739,0.014392391423425492,0,1780.1120997169223,42.191374707597788,3.577814263947237,0.01577844208045253,0
2,2010-04-30,1649,2365.3849919977274,48.63522377863319,4.1033726031329421,0.086794108807951284,0,36021.071325368364,189.79217930507139,16.012839426709249,0.024755119304427121,0
2,2010-05-06,1650,3072.57408771477,55.43080450178195,4.6105888543798672,0.22459940559358887,0,255.27824530737365,15.977429245888516,1.328960635964942,0.33994530120802507,1
2,2010-05-07,1651,2983.5241757586832,54.621645670546059,4.5651187355241163,0.21999320657836324,0,34784.932237337787,186.50719084619175,15.587730116689658,0.039675380499045995,0
2,2010-05-10,1652,4916.4742385982427,70.117574391861581,5.735588907309741,0.52343183792263726,1,2118.5870208731167,46.028111202537048,3.7650806709641755,0.076870326988683138,0
2,2010-05-11,1653,8108.5231678866694,90.047338483081603,7.276552604693463,0.24050571234718976,0,57322.393059005553,239.42095367574984,19.347147771777763,0.020883692024083481,0
2,2010-05-12,1654,4405.2839821915468,66.37231337079902,5.3634192622867891,0.007287472783140167,0,12520.204596824384,111.89372009556382,9.0419167753990966,0.023530121118129441,0
2,2010-05-13,1655,4446.1801681260422,66.679683323528479,5.3926149068765454,0.45086617555304886,1,20351.417752992475,142.65839531199163,11.537274186169967,0.24482040589287196,0
2,2010-05-14,1656,4661.6580366358503,68.276335846586335,5.5239753921186354,0.12037113763487133,0,18853.608861480963,137.30844424681595,11.109097430972165,0.49017343314408296,1
2,2010-05-17,1657,2775.45136298335,52.682552737916467,4.3297762677556166,0.56561654645493975,1,65901.954637068295,256.71376012412793,21.098316015954627,0.058952037200707109,0
2,2010-05-18,1658,299.60706154967045,17.309161202948872,1.4484653726317047,0.67496440052576312,1,17259.83015732541,131.37667280505093,10.993863833058654,0.089579007060284932,0
2,2010-05-19,1659,2740.9901357025556,52.354466244080413,4.3921532083960084,0.10347065259082652,0,646.56579747251283,25.427658120096567,2.1331927953101149,0.050605452442542054,0
2,2010-05-20,1660,1979.9958442273808,44.497144225527336,3.7717435240964048,0.26425414137843556,1,521.5609845513319,22.837709704594545,1.9358092565877976,0.315185733561125,1
2,2010-05-21,1661,1874.1570189161744,43.291535187795944,3.6471386004882853,0.35197325773530502,1,38715.364101358653,196.76220191225411,16.576428130771198,0.44859052141051609,1
2,2010-05-24,1662,3228.7904085883497,56.822446344629952,4.7421194529213393,0.23192502122703321,0,1447.8082527332497,38.05007559431715,3.1754705273788568,0.17185702400020247,0
2,2010-05-25,1663,4865.8179247709659,69.755415021136287,5.7553972789716408,0.098256993744187671,0,3885.6591510576141,62.33505555510169,5.1431563989357834,0.0084932385478602226,0
2,2010-05-26,1664,3306.5308353805763,57.502441994932497,4.7621069975099379,0.015124117819917836,0,3972.2272814268981,63.025608140079839,5.2195120612902564,0.0067227992732606908,0
2,2010-05-28,1665,3647.8419582143501,60.397367146377746,4.9193538706070248,0.0034412740106136183,0,56308.313368143223,237.29372804215291,19.327528246153769,0.063367666137023451,0
2,2010-06-01,1666,2404.2541788415811,49.033194662815731,4.0356538817132286,0.11226410397487331,0,8088.5612327345361,89.936428841346242,7.4021752132795253,0.017388343002492965,0
2,2010-06-02,1667,2077.8105559842134,45.583007316150315,3.7516878449506437,0.0068924454410947749,0,5028.5261046916821,70.912101257061067,5.8363869347375363,0.0010047033403972618,0
2,2010-06-03,1668,698.02973364833417,26.420252338846694,2.195284780959426,0.34918419894733993,1,122.3221977518708,11.059936607045756,0.91898102260454984,0.23150245688357704,0
2,2010-06-04,1669,2464.735753271907,49.64610511683577,4.0860991865708458,0.50837745248980937,1,99.117193174594249,9.9557618078474661,0.81940426402036748,0.015220405090340155,0
2,2010-06-07,1670,5772.2847569254627,75.975553679624227,6.0975564750902267,0.039052040525941363,0,270.42179185614759,16.444506433947709,1.3197838229492542,0.019437695324149372,0
2,2010-06-08,1671,2768.1995580014,52.613682231919483,4.2653978299083493,0.0021284401546982478,0,22927.45872084608,151.41815849113368,12.275489135884369,0.0094449688159729799,0
2,2010-06-09,1672,1666.2821035489571,40.820118857604484,3.3527818363535506,0.29013859955921611,1,1309.1961780341505,36.182816060032565,2.971894542918486,0.32608842371105912,1
2,2010-06-10,1673,1565.4567137229085,39.565852874959091,3.243102694668778,0.27303117635341312,1,4785.1738012385167,69.174950677528614,5.6700779243875914,0.16292794660584195,0
2,2010-06-11,1674,5723.0833770557074,75.651063290978982,6.0763906257814444,0.25538763585204743,1,1283.2366153519617,35.822292156588219,2.8772925426978491,0.25261503577109845,1
2,2010-06-17,1675,4110.7964831198806,64.115493315733602,5.1047367289596819,0.14755898118117247,0,682.35093500846017,26.121847848275593,2.0797649560728977,0.066240957771331294,0
2,2010-06-18,1676,4239.342597541533,65.110234199713432,5.1901342526674714,0.12898369541692459,0,790.43437159196503,28.114664707087741,2.241105197854742,0.027508360404595339,0
2,2010-06-21,1677,1642.7190757396988,40.530470953835447,3.2791643166533531,0.36985298639881031,1,17237.928854120342,131.29329325643539,10.622434729485065,0.50055076670297727,1
2,2010-06-22,1678,2276.0722053307427,47.708198512737226,3.8897838167743357,0.023561146191494166,0,21146.595712452388,145.4186910697947,11.856395521385627,0.035086061889871352,0
2,2010-06-23,1679,4150.2734992328751,64.422616364386158,5.2111317584943304,0.074215919800873817,0,4358.4251038221591,66.018369442316271,5.3402118861327619,0.11107023915936622,0
2,2010-06-24,1680,4578.5300455452907,67.664836108168402,5.3959199448300161,0.2174538133216618,0,8806.5492482314876,93.843216314401161,7.4835100729187527,0.091518807498853771,0
2,2010-06-25,1681,4573.4263985548359,67.627112895308755,5.3629748529190131,0.016682665023677171,0,81.973557623670544,9.0539249844291589,0.7179956371474352,0.011253408485416175,0
2,2010-06-28,1682,817.22871983942252,28.587212523074413,2.3156915774057851,0.0026549631423187156,0,5612.3646475920705,74.915716959741303,6.068506841615334,0.0014188758252203601,0
2,2010-06-29,1683,2604.0597048379836,51.029988289612447,4.1020890908048591,0.22566645110230441,0,5599.975066408545,74.832981140727952,6.0155129534347225,0.02060667498460805,0
2,2010-06-30,1684,7.0739801625787884,2.6596955018533208,0.22136458608849946,0.1462155077803596,0,9627.0506670673531,98.117534962244918,8.1662534300661598,0.089099805590682951,0
2,2010-07-02,1685,1067.6460821255021,32.674853972519941,2.7342974035581542,0.024418442311080295,0,11223.875690106273,105.94279442277457,8.8655058094372023,0.028975935953078867,0
2,2010-07-06,1686,1370.491093908264,37.02014443391954,3.1024633927441472,0.21296206917474547,0,1091.8534659776462,33.043206048712136,2.7691771253896618,0.080526283764239842,0
2,2010-07-07,1687,1485.5378453890978,38.542675638687797,3.2293821230572095,0.70384142220763446,1,1082.7911107096413,32.905791446334206,2.7570834894289238,0.015674269076451239,0
2,2010-07-08,1688,4267.0271628467308,65.322485889980726,5.4041353373303593,0.00094154784792429918,0,8767.284294400868,93.633777529270219,7.7463311296190458,0.15590664758610495,0
2,2010-07-09,1689,2279.3682527210185,47.742729841526852,3.9604089457923561,0.13774443037093276,0,1294.2408621103236,35.975559232766955,2.98428529512791,0.14334945377282482,0
2,2010-07-12,1690,2974.1695473899908,54.535947295247297,4.4848640867802052,0.87576098374624012,1,9849.6212224918308,99.245257934532219,8.1616166064582405,0.34610257984595233,1
2,2010-07-13,1691,1402.2177344244526,37.446197863393991,3.1024190441917141,0.023130204969564947,0,7797.387087773689,88.302814721693267,7.3158918576382153,0.35508545334707642,1
2,2010-07-14,1692,1805.6902125983486,42.493413755526262,3.5176667016164127,0.00079193871867816001,0,3463.0796673330619,58.847936814582226,4.8715179482270052,0.0035873506099702059,0
2,2010-07-15,1693,484.712501883904,22.016187269459351,1.8512665351658062,0.14836906122117791,0,70.691833555038741,8.4078435734163577,0.70698705683551466,0.020789505549859612,0
2,2010-07-16,1694,627.07451333766085,25.041455894928731,2.1167756462323526,0.060928518426204482,0,33058.423441085179,181.81975536526602,15.36937915175537,0.055972678199545045,0
2,2010-07-20,1695,967.40624813999102,31.103154954762886,2.6104200549528231,0.0058184631745759737,0,3899.9110348676099,62.449267688801683,5.2412310271759699,0.007275435573230204,0
2,2010-07-21,1696,1432.9565987643928,37.854413200634781,3.1558493706239918,0.097674202082995876,0,3240.951587425242,56.929356112863616,4.7460905471332735,0.14626065636841035,0
2,2010-07-22,1697,541.11099053164287,23.261792504698406,1.9539514913648386,0.14541712169815613,0,1817.5646939664452,42.632906234110351,3.5810925018152333,0.2153721821294084,0
2,2010-07-23,1698,662.55584191768799,25.740160098913293,2.1749184705461171,0.010741101548100348,0,3073.279098695341,55.437163515960492,4.6841709772674687,0.042141283207386006,0
2,2010-07-26,1699,145.24755562016162,12.051869382803716,1.0318381320893593,0.083214439150632855,0,92602.64634053348,304.30682927028352,26.05366688957907,0.28782622367964356,1
2,2010-07-27,1700,985.93575337507468,31.399613904872695,2.7138819278195934,0.011617874554372699,0,29377.098926510735,171.39748809860293,14.813957484753926,0.0014993859356906463,0
2,2010-07-28,1701,1841.6797331759094,42.914796203359856,3.6915953723320309,0.080678402825497139,0,291.96178491801584,17.086889269788571,1.4698399371861137,0.0033353212710207801,0
2,2010-07-29,1702,2080.9715328729549,45.617666894230297,3.9022811714482719,0.0066627788319446541,0,35422.601331838705,188.20893000024921,16.099994011997364,0.006125992566512254,0
2,2010-07-30,1703,2332.8624832624437,48.299715146804374,4.063922183155606,0.27639263772866202,1,32560.24761071273,180.44458321244429,15.182548019557787,0.57343430595609746,1
2,2010-08-02,1704,1976.3362128424567,44.456003113667975,3.7436634200983558,0.050530440934598901,0,26591.29916434018,163.06838799822663,13.732074778798031,0.4659084641726286,1
2,2010-08-03,1705,3133.026666022156,55.973446079566656,4.6663981725357777,0.26388646518266407,1,2812.2328669824647,53.030489974942384,4.4210496019126628,0.31462065324119526,1
2,2010-08-04,1706,1275.2426768004148,35.710540135937663,2.9945945606656319,0.1811455923518811,0,2582.3118719655049,50.816452768424369,4.2613377583584375,0.078882004796670513,0
2,2010-08-05,1707,3884.7208484642115,62.327528817242637,5.1606316553295501,0.015985163679342791,0,17619.704035064759,132.73923321710413,10.990621669807835,0.011202054608697269,0
2,2010-08-06,1708,1842.7872462825733,42.927697891717571,3.5683871896689583,0.095352763470030064,0,337.23061801878617,18.363839958428798,1.5265037371927515,0.12265879980572837,0
2,2010-08-09,1709,652.29977872135487,25.540160115421259,2.1417325044378415,0.04403728585097702,0,1135.8522346307648,33.702406956043433,2.8261976483055289,0.03384899120494337,0
2,2010-08-10,1710,1640.8723073869044,40.507682078673724,3.3602390774511588,0.32879573165235421,1,9.3262869420424455,3.0538970090758539,0.25333032012242673,0.0034892457135110078,0
2,2010-08-11,1711,2174.8314105945738,46.63508776226945,3.844607400022213,0.23124652117851549,0,677.22169944621089,26.023483614731731,2.1453819962680738,0.12863900176589638,0
2,2010-08-12,1712,1362.3671494389639,36.910258051644178,3.0397577147740726,0.18887978343842096,0,30196.477028717287,173.77133546335335,14.311001479378493,0.09813040420861105,0
2,2010-08-13,1713,2572.4096606443313,50.718928031301402,4.1453966515162568,0.44574142709215198,1,755.51232129600794,27.486584387588209,2.2465536892184885,0.18391737053116639,0
2,2010-08-16,1714,2161.8783584662724,46.496003682749688,3.7924962220839875,0.036781986998539254,0,1.809869820696747,1.3453140230803911,0.10973197578143484,0.022476981536865108,0
2,2010-08-17,1715,932.59743118945801,30.53845823203028,2.5072625806264597,0.10120914323252661,0,271.75436055267124,16.484973780769906,1.3534461232159201,0.092432910927312109,0
2,2010-08-18,1716,2177.9930009722716,46.668972572494795,3.8066046143959866,0.055303684398858959,0,384.75402614019873,19.615147874543254,1.5999304954766111,0.035519468537134863,0
2,2010-08-23,1717,1243.0838793864903,35.257394676670174,2.8852205136391302,0.34922400928413444,1,19732.310111246563,140.47174132631289,11.495232514428224,0.24686152698817621,0
2,2010-08-24,1718,1858.8468742968323,43.11434650202682,3.4839875961233795,0.19884138059255951,0,99.265743072356898,9.9632195134081485,0.80510864754813316,0.25672120527209874,1
2,2010-08-25,1719,376.9930320954897,19.41630840544849,1.5696288120815269,0.0069050345118473137,0,389.76440305767386,19.74245179955301,1.5959944866251421,0.00059994001035659533,0
2,2010-08-26,1720,85.780856463572505,9.2617955312980484,0.74994295799984201,0.16082067626855065,0,42.481784068025796,6.5178051572615914,0.52775750261227461,0.36235228517546314,1
2,2010-08-27,1721,334.28679780923818,18.28351163779098,1.4673765359382809,0.10077195203688419,0,880.1452244837551,29.667241605578283,2.3809985237221736,0.10476607579168612,0
2,2010-08-31,1722,341.70198936172778,18.485182968034906,1.4829669448884801,0.048745849802096154,0,9429.8728269754774,97.107532287539243,7.7904157470950057,0.16364891043867905,0
2,2010-09-01,1723,212.80681891451221,14.587899743092294,1.1684341003678249,0.079497134775382367,0,15828.607123584072,125.8117924663029,10.077035840312607,0.12638222712652347,0
2,2010-09-02,1724,57.037763116199535,7.5523349446511929,0.60881378030239364,0.0026128789173517457,0,21253.611324908175,145.78618358715676,11.752211494329444,0.022934288008584852,0
2,2010-09-03,1725,1073.7228971456498,32.767711197849167,2.6073372745453884,0.14761280601594221,0,268.17743335849383,16.37612388077514,1.3030534219833012,0.26526443406496997,1
2,2010-09-07,1726,427.02059447896835,20.664476632108745,1.646571843195916,0.0094277735361497587,0,14792.42230999899,121.62410250439257,9.691163546166738,0.0075648675917586762,0
2,2010-09-08,1727,371.17503358820744,19.265903394032875,1.5351317445444523,0.41276706561462334,1,14091.3250293202,118.70688703407313,9.4587160983325198,0.26839631109314849,1
2,2010-09-09,1728,76.195363057706501,8.7289955354385711,0.70182878676893035,0.18265266582927836,0,11546.982571053555,107.45688703407313,8.6397497112822617,0.037555116889014389,0
2,2010-09-13,1729,1716.8239946401127,41.434574869788548,3.2741663271267125,0.04813208007185258,0,3387.1527987289223,58.199250843365007,4.5989135395784277,0.15341405085647056,0
2,2010-09-14,1730,1857.828610697351,43.1025360123665,3.4019365439910416,0.0051041760314089416,0,53282.106954740608,230.82917266831896,18.218561378714991,0.00062848597895684259,0
2,2010-09-15,1731,1225.0127360721285,35.000181943414646,2.7505054572428014,0.039173844179812456,0,16420.515618970017,128.14255974878142,10.070142219943531,0.043583262789408814,0
2,2010-09-16,1732,1423.2839367461515,37.726435516043011,2.9612586747286507,0.027421512699379726,0,19287.77553805237,138.88043612421575,10.901133133768898,0.0044808848034546753,0
2,2010-09-17,1733,1598.0598944732008,39.975741324873525,3.1353522607743942,0.023175307688429261,0,725.6204142847273,26.937342376053493,2.1127327353767447,0.01328180156478706,0
2,2010-09-21,1734,3211.6708794359838,56.671605583713472,4.3694375931930196,0.017098292477945799,0,33447.201185258404,182.88575993023187,14.100675399401069,0.00475742579703981,0
2,2010-09-27,1735,2389.9836018520291,48.887458533370591,3.7780107058246206,0.014816747514323162,0,1338.4827597375042,36.585280643142596,2.8273014407374495,0.010020600626812218,0
2,2010-09-28,1736,3597.5466587583805,59.979552005315782,4.5873462336761595,0.31325598495406326,1,11566.912415885821,107.54958119809589,8.2255893841755938,0.36668697036347181,1
2,2010-09-29,1737,8574.7211272287259,92.59979010358893,6.9027051884896702,0.053637970189343839,0,5515.0342471791719,74.263276571796723,5.5358387306594645,0.27604668750545414,1
2,2010-10-08,1738,341.92452488181186,18.491201282821294,1.3712422160045452,0.0072394619383324681,0,62.258699667345709,7.8904182187857259,0.58512556312834452,0.0050836003550843323,0
2,2010-10-12,1739,23.061884919164271,4.8022791379889895,0.35168649857114531,0.0038660187400587896,0,16284.14787251358,127.60935652417334,9.345247639998048,0.0007361041424791395,0
2,2010-10-13,1740,31.344112060649621,5.5985812542687654,0.40768842193837729,0.0094576987624911384,0,10438.705398665768,102.16998286515354,7.4400133162318252,0.0026853699178780869,0
2,2010-10-14,1741,88.789549640329469,9.4228206838679398,0.68905452898485853,0.0050694725389575776,0,68785.251002698351,262.26942445260056,19.178751331085962,0.009687564975595038,0
2,2010-10-15,1742,60.568319507302206,7.7825650981731087,0.56921302601375823,0.5923841465875358,1,38521.665551752878,196.26936987658792,14.355046251716066,0.022997892912134645,0
2,2010-10-18,1743,28.607704194945573,5.3486170357341507,0.39944862104063861,0.56932678477041887,1,1918.7233537747804,43.803234512702147,3.2713393960195778,0.017383980267971083,0
2,2010-10-19,1744,562.15143991987009,23.70973302084758,1.7707044825128886,0.35374116503217046,1,9531.2880063219036,97.628315597074106,7.2911363403341385,0.0052488621731900161,0
2,2010-10-20,1745,619.01635943418717,24.880039377665526,1.8518823504030908,0.60174086342371769,1,3575.2125863628448,59.793081425553282,4.450545695984613,0.54182094863178942,1
2,2010-10-21,1746,770.36276181577512,27.755409595532456,2.0751708108809312,0.0091472063788454808,0,5041.4667097844103,71.003286612553438,5.3086569429946495,0.0011842212757002192,0
2,2010-10-25,1747,1109.9610643610151,33.316078165969884,2.5059103547175545,0.60311692590348143,1,12501.525697024914,111.81022179132333,8.4099452268765198,0.75112918292191921,1
2,2010-10-26,1748,1407.4698076895979,37.516260577109733,2.8324847547836716,0.85715408943745519,1,296.10738684214215,17.207771117786933,1.299189967367832,0.82598585527700907,1
2,2010-10-27,1749,199.59883075522089,14.127945029452121,1.0594634442783741,0.040988664967477426,0,7918.0242418428616,88.983280687120441,6.6729119375418406,0.018601960532894802,0
2,2010-10-28,1750,233.0587120082148,15.266260577109733,1.1335630649422486,0.015825881262643324,0,183.79210170686645,13.55699456763432,1.0066452249960511,0.008073356617470568,0
2,2010-10-29,1751,2.7720750536572893,1.6649549704593483,0.12292026359980422,0.029526144676362678,0,652.53963597341328,25.544855371941594,1.8859250920591801,0.0031331117656734544,0
2,2010-11-01,1752,198.45078757026641,14.087256211564636,1.0427280689537111,0.009476163222342418,0,14059.216547405575,118.57156719637965,8.7765778827816163,0.006097504371490068,0
2,2010-11-02,1753,400.48632626402554,20.012154463326169,1.44910604368763,0.39782427997785269,1,6207.9006102454196,78.79023169305583,5.7053028018143248,0.13534053310939717,0
2,2010-11-04,1754,7144.9875809201903,84.528028374736095,6.0877226053104856,0.0038962762986341024,0,15338.237368814558,123.8476377199604,8.9195273835045299,0.003158659170244652,0
2,2010-11-08,1755,6296.2245830932388,79.348752876735489,5.5840079434718852,0.15765176238745265,0,42488.049472439212,206.12629495636702,14.505720968076496,0.20302489026224341,0
2,2010-11-09,1756,1089.9735059862201,33.014746795730844,2.3743075725085108,0.00376705258578375,0,16712.96853007879,129.27864684501765,9.2972777306736898,0.0021528392286879893,0
2,2010-11-10,1757,1241.0486232038168,35.228520025737907,2.5190218109215521,0.32724225290040831,1,29932.010650402222,173.00870108292884,12.371019026308819,0.018158157106186085,0
2,2010-11-11,1758,1359.1081593842828,36.866084134123639,2.6551014860730024,0.0019693976590070485,0,1370.9363140159321,37.02615715971524,2.6666299718916266,0.05007416317548806,0
2,2010-11-12,1759,111.60572907512079,10.564361271516646,0.77196647946778563,0.41797990630073634,1,48755.506848495963,220.80649186220944,16.134928159459953,0.020553319624500504,0
2,2010-11-15,1760,67.296023571388659,8.2034153601648541,0.60811084953038208,0.1721119221619217,0,804.22309719033251,28.358827500274629,2.1022110823035307,0.11698146029838667,0
2,2010-11-16,1761,49.512093020780817,7.0364830008165882,0.52112445849410016,0.28921018458915493,1,3157.5509422429436,56.192089676776959,4.161606345252876,0.017499724459682155,0
2,2010-11-18,1762,489.38384684211508,22.122021762083932,1.6478228500621177,0.016957611062585597,0,633.64751697361248,25.17235620623569,1.8750358440399024,0.071880549477418176,0
2,2010-11-19,1763,5.295667773626838,2.3012317948496275,0.16964480610760246,0.54938599888801964,1,2108.0083046257882,45.913051571702226,3.38467022275726,0.28259161990462134,1
2,2010-11-22,1764,117.53606790094614,10.841405254898746,0.78990202221484485,0.032453320409203207,0,735.00574844086327,27.11098944046239,1.9752997770828702,0.16688477521795056,0
2,2010-11-24,1765,57.864840905140497,7.606894300904969,0.56139441335092022,0.06661549651987049,0,14.009923017418098,3.742983170870275,0.27623492035942987,0.011794967900855293,0
2,2010-11-26,1766,85.118592169528767,9.2259737789313476,0.67988016056973821,0.33995328043049761,1,334.91636609127232,18.300720370828913,1.3486160921760435,0.45754537147283736,1
2,2010-11-29,1767,307.662996476047,17.540324868030439,1.2678225419610003,0.4013925979758628,1,13.526369808489699,3.6778213399361448,0.26583457462494725,0.44428273908191396,1
2,2010-11-30,1768,670.14170461754873,25.887095329865588,1.8684298325417241,0.25279984887582424,1,17641.017930969305,132.81949379127036,9.5863943551981503,0.10306995138331637,0
2,2010-12-01,1769,863.60137192660784,29.387095329865588,2.1157016076217126,0.033832352681144609,0,2104.7855849603893,45.877942248540194,3.3029476060864074,0.14146835891273499,0
2,2010-12-02,1770,1926.0771364927098,43.887095329865588,3.1269750858472096,0.037556240316193291,0,6024.6462185139771,77.618594540960203,5.5303594257898254,0.037651506224329202,0
2,2010-12-03,1771,5457.0774171193762,73.872034066481319,5.2022559201747409,0.072046343700623683,0,13432.017700748709,115.89658192004072,8.1617311211296286,0.23107391044195932,0
2,2010-12-07,1772,720.46647785812331,26.841506624221438,1.9373155268294073,0.050424549671252768,0,95998.617850871815,309.83643725500042,22.362788686755714,0.34398916120417844,1
2,2010-12-08,1773,919.2678799068932,30.319430731906778,2.1792942125359769,0.39067471601472109,1,13208.618837744063,114.9287554867974,8.2608269891678265,0.025700934859990462,0
2,2010-12-09,1774,360.29253681454901,18.981373417499299,1.3802125735320341,0.042018234909567444,0,3112.841853086124,55.792847687549738,4.0569240274531717,0.20790273699211417,0
2,2010-12-10,1775,1498.9972076595191,38.716885304212155,2.7674685707085174,0.25397049439476943,1,14478.379196738259,120.32613679803012,8.6008675338120177,0.015220405090340155,0
2,2010-12-13,1776,1424.6533632276237,37.744580580894308,2.7066748354890144,0.077525604323041078,0,75114.510885271287,274.07026632831094,19.653658395719681,0.11462354720918991,0
2,2010-12-14,1777,1038.2776409197916,32.222315883868305,2.3202387675152694,0.16947820243796369,0,127348.87718926423,356.85974442246106,25.696471245541751,0.14086144507601073,0
2,2010-12-15,1778,461.38063255664207,21.479772637452243,1.5759187554990641,0.071936013275485766,0,48.947548114808704,6.9962524336110619,0.51329805088855918,0.11883857565417436,0
2,2010-12-16,1779,586.28257041105371,24.213272608448733,1.7545849716267197,0.066726479622644344,0,299.46877602201687,17.305166165686387,1.253997548238144,0.0076488219150825385,0
2,2010-12-20,1780,682.0939520427047,26.116928457280437,1.8884257742068282,0.066858754599492087,0,185.41407601508826,13.616683737793437,0.98457583064305398,0.031556080988680422,0
2,2010-12-21,1781,964.59238957615571,31.057887719163318,2.2392132457940388,0.12046749846962825,0,16307.722744030805,127.70169436632705,9.2070435736356924,0.54472576980367715,1
2,2010-12-22,1782,2018.8997976351106,44.932168850781181,3.1810385027101722,0.1310424588545967,0,6886.7860945731782,82.986662148643973,5.8751619220278917,0.11923383641387444,0
2,2010-12-29,1783,1428.2668475049309,37.792417857355076,2.6888949026933529,0.0093971693767352007,0,11286.637138990751,106.23858592333931,7.5587752346737327,0.0094899717467780715,0
2,2010-12-30,1784,739.16120309846281,27.187519252378706,1.9580496400704865,0.21065166747174041,0,62105.078993361414,249.20890632832811,17.948066714319634,0.064985911969328666,0
2,2011-01-04,1785,403.3954381322572,20.084706573217773,1.4681803050597786,0.050126907550646235,0,1774.3171759928866,42.122644456312173,3.079140676631007,0.059374738860962804,0
2,2011-01-05,1786,672.17386919546607,25.926316151653054,1.8945061126527625,0.18737170813582671,0,22977.02049607761,151.58172876728122,11.076487304879883,0.016389478633664585,0
2,2011-01-06,1787,119.69235388905149,10.940400079021401,0.800321878494616,0.018285440162506206,0,15271.592290682536,123.57828405784949,9.0401085631199329,0.019055204467299729,0
2,2011-01-07,1788,437.81393269624135,20.924003744413767,1.5228532565075523,0.034900650818025611,0,17966.059059781684,134.03752854996128,9.7552786426463811,0.018049166931722472,0
2,2011-01-11,1789,440.9421672619734,20.998622984900067,1.5230188928304671,0.029065863340056557,0,31751.037818178913,178.18820897629257,12.92389548332131,0.037155097089218554,0
2,2011-01-12,1790,443.07535144114433,21.04935513124201,1.5236594376577639,0.030525555053204263,0,39.574523715860963,6.2908285396965766,0.45536218166460929,0.13997325479935024,0
2,2011-01-13,1791,176.46840329618226,13.284141044726312,0.97177330246717708,0.081105798376746557,0,2813.2000129186345,53.039607963470417,3.8800005825508714,0.35701170403230331,1
2,2011-01-14,1792,163.44238246858279,12.784458630250356,0.93351286091641872,0.1460985489777368,0,5403.6199003367692,73.509318459204678,5.3676026622274318,0.037602083554450633,0
2,2011-01-18,1793,233.61467561983457,15.284458630250356,1.114027596957023,0.04062825696730319,0,16406.853459110116,128.08924021599205,9.3359504530606436,0.030135988141667434,0
2,2011-01-19,1794,17.287887437899197,4.1578705412625823,0.30902047872631605,0.30661159712935049,1,7186.035937274467,84.770489778427418,6.3002965275679985,0.34803108718580372,1
2,2011-01-20,1795,57.603511733221907,7.5896977366178362,0.56491981664442392,0.11360442689056188,0,13136.561358342447,114.61483917164674,8.5310635780905635,0.052933815501520501,0
2,2011-01-21,1796,237.64089747397279,15.415605647329357,1.1478485217668917,0.61182469911895276,1,5575.3558752790614,74.668305694444825,5.5598142735997635,0.26322799157411808,1
2,2011-01-24,1797,1472.1929884654062,38.369167158871278,2.8979733503679213,0.48133441174069047,1,47255.231359467922,217.3826841297805,16.418631731856532,0.024645112209653791,0
2,2011-01-25,1798,7457.130794691132,86.354680213009487,6.4709389443993626,0.0006130531498452868,0,106.81212290596842,10.334995060761685,0.77444698844223947,0.00087066987944022748,0
2,2011-01-27,1799,4511.7570908661983,67.169614342098157,5.0924650752159328,0.18954538906157714,0,267.16049182861201,16.345044870804486,1.2391997627600067,0.33108090095437326,1
2,2011-01-28,1800,7239.8591310723496,85.08736175879676,6.4120091754933508,0.59208289047940932,1,536.55998362006187,23.163764452697706,1.7455738095476796,0.10375831413959365,0
2,2011-01-31,1801,8759.1841766858543,93.590513283590099,7.028953307066474,0.0050551496929263258,0,9028.6293033028687,95.01909967634333,7.1362448123427207,0.058951397687691941,0
2,2011-02-01,1802,10084.349293025731,100.42086084587072,7.3568396224081107,0.20994602804707535,0,515.24729597279406,22.699059363171727,1.6629347518807125,0.024685493539127416,0
2,2011-02-09,1803,165.75912118740146,12.874747422275959,0.95139459983565189,0.017902596143513104,0,64.074319390271938,8.0046436141949471,0.59151255231442434,0.083750102905787022,0
2,2011-02-10,1804,1.0926668293687025,1.0453070502817354,0.07657927108291103,0.0513927214752685,0,1169.072767014801,34.191706114419048,2.5048868948292342,0.035268300976761549,0
2,2011-02-14,1805,462.28058344837137,21.50071123122143,1.5662510458001404,0.047736538285766843,0,14054.157367070397,118.55023140875937,8.6359665932441718,0.22860452432366271,0
2,2011-02-15,1806,526.92254956678744,22.954793607584179,1.6645970708908033,0.0052341604706228678,0,3615.1765561906891,60.126338290225931,4.3601405576668553,0.015532189420759583,0
2,2011-02-17,1807,812.22695873732005,28.499595764454625,2.0599635536288128,0.0058214709168694714,0,40575.739426957523,201.43420619884182,14.559754694531394,0.20913249561529162,0
2,2011-02-18,1808,1746.0852322492765,41.786184705585129,2.9825970525042917,0.00027073169969057134,0,51398.984044694625,226.71344037064637,16.182258413322366,0.024645980955502446,0
2,2011-02-22,1809,2490.6999412439936,49.906912760097612,3.541381072208452,0.1201069986299098,0,40525.535811999449,201.30955221250542,14.284871542487524,0.015394894739198984,0
2,2011-02-23,1810,4028.8265762310848,63.473038183397875,4.4968500307047732,0.73789242975804759,1,1868.0007780173582,43.220374570535114,3.0620173269950488,0.11232029948791201,0
2,2011-02-24,1811,1597.9742718019684,39.974670377652501,2.8502438771944743,0.042689174810316657,0,0.58076121156330129,0.76207690659362015,0.054337034338226037,0.022971606667929089,0
2,2011-02-25,1812,4794.2648737858335,69.240630223777089,4.9072027089849106,0.30254766795001825,1,2286.3541456438634,47.815835720437462,3.3887906251195936,0.02568052889600015,0
2,2011-02-28,1813,2239.1854947225452,47.320032699931062,3.3306375294690174,0.019117951124997822,0,1003.0741041680617,31.671345158803433,2.2291990257823988,0.043318379190256745,0
2,2011-03-01,1814,1906.2770323027764,43.660932563365805,3.0714690512392404,0.039517573957363425,0,9112.2104274308731,95.457898716821092,6.7152936135646213,0.25783055734487198,1
2,2011-03-03,1815,5935.0746794432807,77.039435871787646,5.3986990800131496,0.28231251609502517,1,156890.06284367759,396.09350265269131,27.757077971456994,0.05247733725569214,0
2,2011-03-04,1816,5415.8572800409411,73.592508314643965,5.11947883927958,0.0046738454584241609,0,33079.08114497771,181.87655468745197,12.652282065214049,0.012420213189071314,0
2,2011-03-07,1817,1997.9529022404333,44.698466441707296,3.1339853771573916,0.0030031298736193771,0,71176.748193727821,266.78970781071712,18.70567627069007,0.054798343723264899,0
2,2011-03-08,1818,2068.7982246833271,45.484043627225219,3.1784796385202809,0.019041371880328437,0,46565.523928594353,215.79046301584867,15.079696926334638,0.073389420961858298,0
2,2011-03-09,1819,1165.4321600532921,34.138426443720164,2.4155971302826931,0.026097230907484319,0,87358.878262992643,295.56535362419027,20.913876074593333,0.034204158199366418,0
2,2011-03-10,1820,1399.3223757376777,37.407517636668672,2.6501960776952651,0.095850400255525131,0,1364.8103360357877,36.943339535507448,2.6173106295081436,0.039086179011215888,0
2,2011-03-11,1821,4647.9009786170582,68.175515976170345,4.7934973440794764,0.23838544241383991,0,17236.117292055929,131.28639416198439,9.2308942986102576,0.51000158114679517,1
2,2011-03-14,1822,723.7209269155818,26.902061759567459,1.9208898078948562,0.0015758815926205463,0,35180.873999605217,187.5656525049435,13.392763477682507,0.00089490506674355457,0
2,2011-03-15,1823,2014.8270085060988,44.886824442213538,3.2016279915986829,0.59991716881355606,1,16.767798630554196,4.0948502574030954,0.29207205830264593,0.052080988854102388,0
2,2011-03-16,1824,2675.4063631261524,51.724330475378338,3.6847252342210748,0.0934304212457608,0,13798.194395905721,117.46571583192144,8.367994004054955,0.076307708253395876,0
2,2011-03-17,1825,4169.9470844419266,64.575127444256168,4.547544186215223,0.29899464437777701,1,3652.841398394627,60.438740873669985,4.2562493573007032,0.017678284895283062,0
2,2011-03-18,1826,2721.8290841161079,52.171151838119386,3.6585660475539545,0.053755657042143939,0,22841.65476721399,151.13455848089143,10.598496387159287,0.017474984093617488,0
2,2011-03-22,1827,3944.1818613907217,62.802721767378216,4.362814989050241,0.010511369159504598,0,23959.946684567876,154.79000834862654,10.753039829706603,0.0088346373663862939,0
2,2011-03-23,1828,4219.654275419045,64.958866026271153,4.4892098152226092,0.17109607388650089,0,36966.795668769337,192.26751069478519,13.287319329287159,0.077230331972021893,0
2,2011-03-24,1829,13844.609486939029,117.663118635106,8.1938104899098896,0.10889087215442816,0,148069.65300959701,384.7981977733225,26.796531878365077,0.37238579473723554,1
2,2011-03-25,1830,2153.9738610307122,46.410923940713701,3.2752945618005436,0.56786948414622607,1,8550.2223563583429,92.467412402198988,6.5255760340295694,0.10646302228268259,0
2,2011-03-28,1831,3972.0490706739351,63.024194327844725,4.4461512753329613,0.7914736514730879,1,492.00771407806394,22.181246900885981,1.5648145961824325,0.39547114083780666,1
2,2011-03-29,1832,5010.3481687702861,70.783812900763451,4.9655428201166929,0.02389616987066541,0,2505.6593781525635,50.056561789165698,3.5115090697415434,0.41211744263534755,1
2,2011-03-30,1833,6431.0428528290986,80.193783130795737,5.5728827748989396,0.10909024558397745,0,7162.2112706651533,84.629848579949339,5.8811569548262224,0.18694494845122794,0
2,2011-03-31,1834,7191.5016191553632,84.802721767378216,5.802444185246542,0.020521312949455615,0,5979.5076367395004,77.327276149748741,5.2909528669003585,0.053768224603030081,0
2,2011-04-06,1835,5085.3224434442354,71.311446791130493,4.8860189647914005,0.015649190826354679,0,59.888983900350127,7.7387973161435184,0.5302361984339512,0.0023874405302406897,0
2,2011-04-07,1836,7441.1113679302443,86.261876677534929,5.8701515262017647,0.4469985451093324,1,27844.789449967615,166.86758058402961,11.355398474585208,0.18295511034764692,0
2,2011-04-08,1837,9336.7420789322568,96.626818631952574,6.5822083536752434,0.016765902339527902,0,47952.304544440296,218.98014646182037,14.916903709933269,0.06217907232671703,0
2,2011-04-11,1838,6729.5895124103317,82.034075312703635,5.6284099699968193,0.34229060843866049,1,105373.78512934817,324.61328550961707,22.271923534107518,0.38145000325399692,1
2,2011-04-13,1839,9214.3665915400561,95.991492287285837,6.5001856974630661,0.39304314959658238,1,15062.929361134082,122.73112629294201,8.3108939423018118,0.0064682565156807823,0
2,2011-04-15,1840,13939.079440979596,118.06387864617864,7.9078284424768013,0.01852827103554551,0,146021.33409757545,382.12737941369164,25.594600094687987,0.029476520582359382,0
2,2011-04-18,1841,12968.959284402599,113.88133861349979,7.6404789408587579,0.0064337852841155792,0,91665.50196512921,302.76311196235451,20.312855549302551,0.083612938031611406,0
2,2011-04-19,1842,16543.18208534714,128.62030199524156,8.5689741502492716,0.19340768242726089,0,10454.297898805489,102.24626105049265,6.8118761525977778,0.069263299394222877,0
2,2011-04-20,1843,12090.043080991391,109.95473196270996,7.3108199443291193,0.064872253311986483,0,18746.644355787757,136.91838574781605,9.1036160736579816,0.014718338357046492,0
2,2011-04-21,1844,3252.6382858857778,57.031905858789059,3.8084745147772328,0.41839402189801678,1,32482.087399124084,180.22787630975427,12.035250504824994,0.22317689017551037,0
2,2011-04-26,1845,8546.0027161817306,92.4445926822209,6.118106729465314,0.28989956426605162,1,2875.0663948401234,53.619645605320102,3.5486198282806156,0.070055006161910433,0
2,2011-04-27,1846,8738.4025081503587,93.479422913015242,6.0878816615444631,0.095346679522725367,0,45853.015284608242,214.13317184548555,13.945501259881835,0.030108775811917989,0
2,2011-04-28,1847,4107.250596669176,64.087835013122231,4.3113242524804729,8.2271147888877399e-05,0,393.76650120184627,19.843550619832286,1.3349176333556869,0.0013997839254060167,0
2,2011-05-06,1848,5766.8014363441143,75.93945902061796,5.055889415487214,0.23120322247842245,0,21660.949957773919,147.17659446316156,9.7987080201838594,0.18106737952942523,0
2,2011-05-09,1849,7206.1669268533451,84.889144929451049,5.6087971542418931,0.077528757458346406,0,41834.626054894899,204.53514625827734,13.514049967510891,0.28708035608382532,1
2,2011-05-10,1850,6867.0993111818843,82.867963117129193,5.4952230183772679,0.29549999579419067,1,293.13831110381705,17.121282402431689,1.1353635545379104,0.28382928928651668,1
2,2011-05-11,1851,5044.8794588025548,71.027314878168909,4.7685340636568592,0.38791344516214182,1,26146.960217700827,161.70021712323341,10.856006520525909,0.051457087912824905,0
2,2011-05-12,1852,11221.511138164991,105.93163426552519,7.0351409108766525,0.019679639756115419,0,25847.70952285028,160.77222870524088,10.677219239929661,0.013789707696144888,0
2,2011-05-13,1853,11165.987821308023,105.66923781928222,7.0410953069653326,0.026747130267777343,0,18317.336426691607,135.34155469290135,9.0182611822689562,0.0081793406778664177,0
2,2011-05-16,1854,5171.8914784885019,71.915863886130865,4.8056040017461319,0.021690114824121694,0,70889.864975573277,266.2515069921169,17.791614232684054,0.046231556599390579,0
2,2011-05-18,1855,9809.0933577542855,99.040867109260944,6.6336816550074316,0.02072025900292775,0,667.67270585166341,25.839363495482303,1.7307008369378634,0.019090553463516697,0
2,2011-05-19,1856,12655.52298976684,112.49676879700519,7.5463202278722248,0.25576623766594597,1,18920.57817603456,137.55209259053299,9.2270395834669117,0.03563443087807637,0
2,2011-05-20,1857,15418.98675663826,124.17321271771243,8.2206694947178036,0.038096909892939422,0,17189.696166733604,131.10948160500675,8.6798729960282532,0.0049248461339660545,0
2,2011-05-23,1858,12161.04289315138,110.27711862916703,7.2218152343920785,0.055000579348544652,0,29742.405273451852,172.45986568895341,11.294031806742201,0.0092303570386387708,0
2,2011-05-24,1859,8477.7729815275052,92.074822734162808,6.0327484182907654,0.020087659794223389,0,37964.085363096085,194.84374601997388,12.766175005403694,0.021358072769908108,0
2,2011-05-25,1860,75.943169936533465,8.7145378498537411,0.57389119854157011,0.35863534917481427,1,554.84050153105534,23.555052569057352,1.5512053058318966,0.18893774213780498,0
2,2011-05-26,1861,12548.442195045349,112.01982947248825,7.3072295807233036,0.039370371993719365,0,3096.3810447150145,55.645134959985626,3.6298196320929961,0.075524583426410025,0
2,2011-05-27,1862,607.51354795416898,24.647789920278228,1.6041516381567347,0.32641743818586,1,28389.428027334288,168.49162598578687,10.965937259081475,0.37679973892540236,1
2,2011-05-31,1863,7.344659841342434,2.7101032897921868,0.17669785100519556,0.06643993923287593,0,49836.112645714289,223.24003369851539,14.555177421256097,0.38349889146169447,1
2,2011-06-01,1864,458.36164425332208,21.409382154871309,1.3906711370491269,0.77240406831983222,1,17861.427750095361,133.64665259592311,8.6811726272116356,0.096918202315672386,0
2,2011-06-02,1865,276.47523997975532,16.627544616682144,1.0797106893949444,0.03316913107429155,0,57272.322783211683,239.31636547301082,15.540023732013688,0.058536950360178239,0
2,2011-06-03,1866,159.18500964741526,12.616854189829382,0.8166248666556235,0.44789848606292593,1,16704.804525685373,129.24706776436119,8.3655060041657716,0.30941375275715138,1
2,2011-06-07,1867,394.21971081017858,19.854966905290439,1.2911700149758047,0.43445845367381886,1,131043.75155932948,361.99965684973995,23.540865345455369,0.65130414163130124,1
2,2011-06-08,1868,901.29732165840153,30.021614241382849,1.9523078680788717,0.021476889460825911,0,121003.65204021989,347.8557920176404,22.621088734686417,0.094583992401448658,0
2,2011-06-09,1869,1500.0535418933446,38.730524678776874,2.5326483360324912,0.83100423218406894,1,44138.696077274013,210.09211331526467,13.738245108076812,0.35637431485310356,1
2,2011-06-10,1870,197.01863206239216,14.036332571665298,0.92587945723385867,0.051873664640712788,0,12916.014932196782,113.64864685598673,7.4966125894450339,0.29307824881750444,1
2,2011-06-14,1871,1053.4660467189392,32.457141690526896,2.1217284975013495,0.21934734455780214,0,5784.2195902290232,76.0540570267558,4.9716657641285043,0.033864084950466153,0
2,2011-06-15,1872,173.7504598636196,13.181443770073884,0.86534999311169425,0.024505685841784301,0,21576.933241021794,146.89088889724167,9.6432554667481813,0.0089770510983250996,0
2,2011-06-16,1873,152.88178232446029,12.364537287115127,0.80419754712943903,0.061413185784982748,0,324.43706799699277,18.012136686051235,1.1715210852716251,0.016581441902570587,0
2,2011-06-17,1874,899.07092948492868,29.984511493184755,1.9420020397140387,0.007815765633317177,0,4799.5025002780094,69.278441814737789,4.486945713389753,0.0076697976107058911,0
2,2011-06-20,1875,931.77824371809334,30.525042894615126,1.9760506809914307,0.0097926392585604254,0,66612.09558706703,258.09319167127796,16.707764471356398,0.015801629473610305,0
2,2011-06-21,1876,1464.9789085846278,38.275042894615126,2.4653811848383334,0.031659151173093994,0,171266.70842015886,413.84382129030132,26.656606846396219,0.13354077652717403,0
2,2011-06-22,1877,53.915351167496404,7.3427073458974519,0.48212129651329294,0.4958873908886412,1,12101.999738224715,110.00908934367521,7.223183804574866,0.1560534450820015,0
2,2011-06-23,1878,1.7292665577583237,1.3150158013340842,0.086814048610931463,0.024863899424836557,0,49879.778230278818,223.33781191343041,14.744202800028413,0.042817340022443466,0
2,2011-06-24,1879,8041.287602392812,89.673226787000431,5.9861967147530333,0.020847759771166631,0,31230.481156261674,176.72147904615804,11.797161485057279,0.040340237674774987,0
2,2011-06-27,1880,7130.6866945461661,84.443393433389247,5.6333151056297028,0.032567551574850258,0,5693.4961620971098,75.455259340201792,5.0337064269647627,0.026294598412072382,0
2,2011-06-28,1881,14522.034318561284,120.50740358401754,8.0111287075963133,0.0095255384572215107,0,20189.034261562785,142.08812146538776,9.4457783922478153,0.20514419755795563,0
2,2011-06-29,1882,6663.808452759652,81.632153302235338,5.4222619264188197,0.0018135780991417798,0,13251.46782243491,115.11501996887682,7.6462982377201474,0.15694785904030817,0
2,2011-06-30,1883,6904.9335340064717,83.095929707817049,5.50304170250444,0.002874291473448753,0,864.47857710895539,29.402016548341635,1.9471534137974593,0.1775245676076366,0
2,2011-07-05,1884,11164.494108810615,105.66216971466474,6.918459303628401,0.0098224928275620852,0,22845.244354770821,151.14643348346272,9.8966399399877378,0.15797483308051197,0
2,2011-07-06,1885,11162.165460093938,105.65114982854629,6.9166055534236524,0.062247733280615447,0,72721.558128138786,269.66934962679534,17.65429457458562,0.051160079530015799,0
2,2011-07-07,1886,10824.366201872552,104.0402143494166,6.7492840966212526,0.53352304059212308,1,3352.8583022288421,57.903871219710709,3.7563328718592741,0.42270812009872843,1
2,2011-07-08,1887,451.65394803787291,21.252151609610564,1.3662585412800106,0.80160511259841027,1,19027.456755716841,137.94004768636569,8.8678912045236693,0.3915550121274064,1
2,2011-07-11,1888,561.2863873186451,23.691483434319707,1.5279899022457082,0.047287878578059141,0,67305.595888295516,259.43322047936635,16.732229634270645,0.34291985788283064,1
2,2011-07-12,1889,455.80460324462007,21.349580868125258,1.3520950518128727,0.13713756742893002,0,52529.90634383406,229.19403644910585,14.515138470494355,0.0026478737046639941,0
2,2011-07-13,1890,6241.01234039051,79.000078103698797,4.9669964227412011,0.054325149746020131,0,17922.877307538645,133.87635081499138,8.4172493439164651,0.18326991895157063,0
2,2011-07-14,1891,1194.7725535216719,34.56548211036079,2.1780392004008062,0.032518501903383921,0,65677.082913841557,256.27540442625696,16.148418678403083,0.24163240996282395,0
2,2011-07-15,1892,8.2396415826259943,2.8704775878982218,0.17929279124910819,0.47560085263457791,1,26559.398969855305,162.97054632618529,10.179297084708637,0.1674638003979004,0
2,2011-07-19,1893,1334.4878972424729,36.530643263464071,2.3033192473810891,0.0083122116056752616,0,30207.428982938676,173.8028451520247,10.958565268097397,0.016008719196936312,0
2,2011-07-20,1894,898.99757289619868,29.983288226880632,1.8727850235403267,0.84564626717345859,1,1306.8798492165865,36.15079320314544,2.2580133168735439,0.41357483506628417,1
2,2011-07-21,1895,592.80196107826328,24.347524742327778,1.5198205207445554,0.0986551000437976,0,16187.033462697267,127.22827304768884,7.9418397657733353,0.39014130158255489,1
2,2011-07-22,1896,277.86396859874981,16.669252190747784,1.0331113846140554,0.019028812111590167,0,15301.793624713982,123.70041885423825,7.6665893309103357,0.011268090182758567,0
2,2011-07-25,1897,0.89635318600050529,0.94675930732182678,0.058704653996082892,0.015522465379714943,0,61931.505711837213,248.86041411168071,15.430811602026395,0.011698537652625475,0
2,2011-07-26,1898,87.745483462501412,9.3672559195583744,0.57644651812666914,0.27385051969714269,1,95074.14610823369,308.34095755872863,18.974828157460223,0.44193308906978662,1
2,2011-07-27,1899,517.30717669449632,22.744387806544637,1.4096304807278981,0.017642434102744665,0,27535.129956998451,165.93712651784244,10.284296654344125,0.0047801325702430163,0
2,2011-07-28,1900,88.403243423361161,9.4022999007349881,0.57735952721737727,0.081225868174520266,0,212355.66303892087,460.82064085598518,28.297245370339898,0.058319352061734525,0
2,2011-07-29,1901,224.32268050691866,14.977405666767481,0.92282228384272835,0.011566420868421863,0,91754.820809191267,302.91058220074001,18.663621823828713,0.002315427834808207,0
2,2011-08-01,1902,127.35415539100373,11.285129834920099,0.68906303373042888,0.40720795035473095,1,114341.72076015532,338.1445264382603,20.646895218333707,0.46140179072620813,1
2,2011-08-02,1903,15.479410296814699,3.9343881731235797,0.2356979585516597,0.0067283286494916215,0,89532.850442771189,299.22040445593143,17.925439835610689,0.00076631121592688758,0
2,2011-08-03,1904,2527.4122203315187,50.273374865146252,2.9933536686600926,0.016287600535923971,0,321120.15361947048,566.67464529434392,33.740675516186002,0.00019948123891243587,0
2,2011-08-04,1905,469.23265228055118,21.661778603811626,1.3059097877203694,0.0034370305901733722,0,66142.922964803511,257.18266458842731,15.504606757403305,0.00020124389362585619,0
2,2011-08-05,1906,2100.6326507284048,45.83265921510997,2.7071860138871804,0.13973297273105245,0,259979.21696922334,509.88157151364408,30.117044980132551,0.14242508856877373,0
2,2011-08-08,1907,8545.4504032756467,92.441605369420358,5.3249772678237539,0.25297912840283432,1,246058.54311588971,496.04288435163517,28.57389886818175,0.12254477237721266,0
2,2011-08-09,1908,14058.609396354223,118.56900689621307,6.691253210847238,0.069361977299576272,0,322795.47158470505,568.15092324549209,32.062693185411518,0.0070526232021967507,0
2,2011-08-10,1909,826.29214552767223,28.745297798556066,1.6332555567361402,0.14801189514682747,0,199536.91538167544,446.69555111023374,25.380429040354191,0.0042438858461568783,0
2,2011-08-11,1910,355.1508565512363,18.845446573409617,1.0855671989291253,0.60954456125510204,1,200536.59263379138,447.81312244483343,25.795686776776115,0.79460269042338849,1
2,2011-08-12,1911,488.048437233149,22.09181833243133,1.2393726974716035,0.74849887661462777,1,44910.852143917873,211.92180667387174,11.889021412278918,0.37223535935517044,1
2,2011-08-16,1912,858.49085197871716,29.300014538882351,1.6368723206079527,0.13800964851447226,0,3616.2926544267402,60.135618849619732,3.3595317793083646,0.16483544140148496,0
2,2011-08-17,1913,1281.8256613203569,35.802592941299054,1.9628614551150798,0.066086145785241787,0,1591.9402845683308,39.899126363472305,2.1874521032605432,0.0033152554737691038,0
2,2011-08-18,1914,5791.9409620528977,76.104802490072188,4.0535181086589711,0.10080291624478527,0,11370.770233379293,106.63381374301161,5.6795639809859715,0.0080024176642114891,0
2,2011-08-22,1915,5207.5555238993547,72.163394625664296,3.8466628265279477,0.0089368075821355079,0,11188.774950568177,105.77700577426162,5.6384331436173571,0.0018141452116122469,0
2,2011-08-23,1916,328.34372419668074,18.120257288368748,1.023743349625353,0.20960680018519337,0,106793.97923760167,326.79348102066183,18.462908532240782,0.19317782710424675,0
2,2011-08-24,1917,659.58056840884569,25.682300683716903,1.4853846549286813,0.12440452151514136,0,53303.228468981455,230.87491953216022,13.353089620136508,0.065731133547317216,0
2,2011-08-25,1918,683.16316254360208,26.137390124945568,1.4618227139231303,0.12308136365366047,0,103660.29046137164,321.96318184129632,18.006889364725744,0.18654708589122923,0
2,2011-08-26,1919,3140.8250158946466,56.043063940996717,3.0708528186847515,0.0011574407039787727,0,37464.106224635871,193.55646779334415,10.605833851690091,0.010926943558217366,0
2,2011-08-30,1920,13198.605925077427,114.88518583819859,6.12639305896273,0.0055850764053618244,0,224220.0865373734,473.5188344061653,25.250971038856967,0.035617821134419476,0
2,2011-09-02,1921,7342.2445537460926,85.686898378609158,4.5217360621957337,0.16279035763222915,0,6601.2657935345915,81.248174093542502,4.2875025906882591,0.033099618189593956,0
2,2011-09-06,1922,4032.9102034678854,63.505198239733772,3.5085744883830818,0.11975731073908721,0,75536.019006210365,274.83816875792627,15.184429213145098,0.050206292337979908,0
2,2011-09-07,1923,6396.356244963863,79.977223288658024,4.311440608552993,0.012762242567148824,0,155662.65396064191,394.54106752104008,21.269060243721839,0.079761192741239925,0
2,2011-09-08,1924,7188.6321221364278,84.78580141825887,4.5805403251355408,0.23199687515613476,0,79216.334902103743,281.45396586671814,15.205508690800547,0.1513558298692021,0
2,2011-09-09,1925,2721.869120871108,52.171535542584024,2.8665678869551665,0.022961857970638856,0,108381.17985591538,329.21297036404167,18.088624745277016,0.059686855700550268,0
2,2011-09-13,1926,2225.2540073288847,47.172598055745084,2.5940389362521357,0.18428462211395477,0,46.843310857306115,6.8442173297833051,0.37636608907249414,0.037760595136952797,0
2,2011-09-14,1927,131.64355466175394,11.473602514544154,0.6438609716354744,0.40493790381934519,1,30547.527161227172,174.77850886544138,9.8079971304961493,0.22432570864206261,0
2,2011-09-15,1928,909.83635616551908,30.163493765900512,1.6813541675529828,0.48491935192777097,1,16470.134243994005,128.33602083590563,7.153624349827516,0.025815741046053574,0
2,2011-09-16,1929,1417.7936107459141,37.653600236178136,2.0930294739398629,0.19214732084616418,0,73663.92728588474,271.41099330330144,15.086770055769952,0.50485787352161227,1
2,2011-09-20,1930,1419.5624686938875,37.677081477920865,2.1013430829849895,0.22792135195025748,0,697.37630729888747,26.407883430878883,1.4728323162788,0.36962818223499383,1
2,2011-09-21,1931,642.95161385045856,25.356490566528691,1.4725023557798311,0.16149772325741746,0,37152.82777959037,192.75068814297492,11.193419752786001,0.044795677881347092,0
2,2011-09-22,1932,14813.198699881141,121.70948483943698,7.6163632565354815,0.008253585984979734,0,474.96541931690234,21.793701367984795,1.3638110993732662,0.23467286552857886,0
2,2011-09-26,1933,2614.1273385942191,51.12853741888398,3.0818889342304994,0.0013839891312472327,0,12191.15935321522,110.41358319163101,6.6554299693569021,0.00097318683989923102,0
2,2011-09-27,1934,3135.8886784819933,55.99900604905406,3.4083387735273316,0.030445478940721846,0,2865.2869229747489,53.528374933064697,3.2579656076119718,0.32898209133499934,1
2,2011-09-28,1935,901.91941962270164,30.031973288858353,1.8618706316713176,0.92203380757840103,1,871.60605110205347,29.522974970386258,1.8303146292861907,0.02221817682147554,0
2,2011-09-29,1936,21027.722178575368,145.00938651885735,8.719746633725638,0.9361106366539319,1,96476.083997606256,310.60599478697486,18.677450077388748,0.080542983951707003,0
2,2011-10-11,1937,7258.6761556358069,85.197864736364181,5.0652713874176092,0.029403242804628388,0,4456.6242469903236,66.757952687229135,3.9689627043536944,0.061937735177080032,0
2,2011-10-12,1938,877.63468722130051,29.624899784156241,1.7889432236809326,0.00080032868411507817,0,68.139693197691727,8.2546770498724982,0.49847083634495759,0.12820302754912166,0
2,2011-10-13,1939,7179.3656540518177,84.731137452838539,5.0495314334230361,0.10399797615576173,0,12007.029124868972,109.5765902228618,6.5301901205519544,0.080028220762928801,0
2,2011-10-14,1940,6606.8659498415136,81.282630062280305,4.8324988146421113,0.010721903524348307,0,7454.351050483072,86.338583787800644,5.133090593805032,0.20261846742761042,0
2,2011-10-17,1941,331.57540675976679,18.209212140006684,1.116444643777234,0.054161108953045933,0,98.499085512185715,9.9246705493021636,0.60850217960160413,0.58322346842083861,1
2,2011-10-18,1942,2899.0663400657472,53.842978558636105,3.2582740428826686,0.02235569022790973,0,53532.780566268892,231.37152064648944,14.00130230841086,0.20091126714030169,0
2,2011-10-19,1943,74.32104038199904,8.6209651653396122,0.53215834353948221,0.063301265002544016,0,32573.554359411617,180.48145156611417,11.140830343587295,0.043818288657257884,0
2,2011-10-20,1944,891.92384149058364,29.865094031169292,1.8182705650635795,0.59333359610865588,1,91505.12271860936,302.49813671923562,18.416933742419218,0.041263085055833079,0
2,2011-10-21,1945,2392.0188089991329,48.908269331465135,2.9605489910087854,7.9581609971352449e-05,0,147521.24800692929,384.08494894610135,23.249694246132044,0.14574326654572986,0
2,2011-10-24,1946,52.864011487500498,7.2707641611800682,0.4390558068345452,0.00079891743247735645,0,62538.671269141509,250.07733057824635,15.101288078396518,0.049402312251622303,0
2,2011-10-25,1947,5652.3106478486052,75.181850521576052,4.3183142172071252,0.010434777543133947,0,146707.79799535786,383.02453967775728,22.000260751163541,0.007430050087795962,0
2,2011-10-28,1948,502.33801388641837,22.41289838210173,1.3015620430953385,0.023104384815496291,0,19317.136243253422,138.98610089952672,8.0712021428296588,0.1920855406395289,0
2,2011-10-31,1949,7.9294485383352287,2.8159276514738849,0.16574029732041701,0.1939724235235917,0,113185.30938074943,336.43024445009314,19.801662416132615,0.021334441374843371,0
2,2011-11-01,1950,1475.9416039363603,38.41798542266838,2.2041299726143651,0.11549148358514277,0,124606.79517245064,352.99687700098798,20.252259150945953,0.0068717342049697799,0
2,2011-11-02,1951,1536.026750412773,39.192177158366349,2.2408334567390709,0.021939952166308518,0,191861.23841964765,438.01967811920008,25.044006753527736,0.66568147417594925,1
2,2011-11-04,1952,3439.4570583486307,58.646884472652346,3.2672359037689329,0.0068259898426919,0,2016.0241218247611,44.900157258352237,2.5014015185711553,0.32122612442573639,1
2,2011-11-08,1953,588.70547034930053,24.26325349884678,1.3684858149377765,0.33402386947999058,1,86903.117527285634,294.79334715574169,16.626810330273077,0.074659485248945626,0
2,2011-11-11,1954,1581.9476640492067,39.77370568666197,2.2282188059754606,0.38716997315902185,1,44640.476370938239,211.28292967236666,11.836578693129784,0.018601472526715606,0
2,2011-11-15,1955,20.800960822693796,4.5608070363362003,0.25972705218315495,0.11711992865143607,0,101959.29033009105,319.31064863247366,18.183977712555446,0.23252543881281143,0
2,2011-11-16,1956,112.41903334901207,10.602784226278118,0.60848116076201542,0.59509248682370919,1,173971.75093836791,417.09920994694767,23.936826969695705,0.13037504878300613,0
2,2011-11-17,1957,1383.7146262797487,37.198314831182188,2.1639508336929718,0.50258148974425376,1,26930.542261966271,164.10527798326984,9.5465548565020271,0.0060091987212309893,0
2,2011-11-18,1958,2282.4900094270329,47.775412184794732,2.8070159920560949,0.60715900625742592,1,24690.850659342024,157.13322582872797,9.2322694376455914,0.19935453419185095,0
2,2011-11-21,1959,464.59201952898997,21.554396756323058,1.2686519574057127,0.1183951870282514,0,11755.898831026821,108.42462280786049,6.3816729139411708,0.1522395815419629,0
2,2011-11-22,1960,627.73990079190287,25.05473809066666,1.4838459040963377,0.29334770516198538,1,125085.08645276596,353.67370053873947,20.946029051746489,0.57730121972492998,1
2,2011-11-25,1961,1909.2897899006252,43.695420697146574,2.5493244280715621,0.91728313937094974,1,64294.403383896934,253.56341097227914,14.793664584146974,0.065890469302324201,0
2,2011-11-28,1962,411.52879953098852,20.286172619076979,1.1814893779310995,0.016863641686037278,0,31348.572623691492,177.05528126461377,10.311897569284437,0.16695034576940293,0
2,2011-11-29,1963,187.85589941808411,13.70605338593441,0.78499733023679319,0.29215813742407448,1,206016.20208113888,453.89007709041061,25.995995251455362,0.29383481679412693,1
2,2011-11-30,1964,5.7883003308623797,2.4058886779862405,0.13732241312706853,0.084131071600337184,0,77387.312026357686,278.18575094054995,15.878182131309929,0.11308515765065019,0
2,2011-12-01,1965,11.05960606509897,3.3255986025224047,0.19036053820963963,0.39122361897813424,1,131167.47579057672,362.17050651671889,20.730996366154486,0.19032293717764023,0
2,2011-12-02,1966,4.0327114195717018,2.0081612035819489,0.11514685800355212,0.56167770176418275,1,84825.62205911598,291.24838550473714,16.700022104629422,0.031306511417194233,0
2,2011-12-05,1967,50.195087562475166,7.0848491559436297,0.40823100869741452,0.32130923758094893,1,129321.90943622378,359.61355569030457,20.721034611944948,0.098599992143927909,0
2,2011-12-07,1968,899.06978818843197,29.984492461744821,1.7483669073903685,0.71588337858397733,1,162509.62344139468,403.12482364820289,23.505820620886468,0.0014998866638193703,0
2,2011-12-08,1969,638.74579375248243,25.273420697493293,1.478842638823481,0.18792153271413775,0,83547.680645542918,289.04615660053832,16.913174757199435,0.2481141200858121,0
2,2011-12-09,1970,4172.5388240429265,64.595191957628913,3.892449048365707,0.071023081359219004,0,63668.310774713122,252.32580283180141,15.20492936618267,0.011026958201591081,0
2,2011-12-12,1971,4.5287643990818625,2.1280893776065568,0.1272400225773726,0.55239548825629503,1,14626.177236125319,120.93873339887978,7.2310154498582833,0.025728709786859455,0
2,2011-12-13,1972,5158.5886104808333,71.823315228975844,4.5631077019679696,1.5854690405938319e-05,0,51453.306469850351,226.83321288966999,14.411258760461882,0.027523482215417661,0
2,2011-12-15,1973,4.5220812697267032,2.1265185796805781,0.13340769006779032,0.1959294771628666,0,10862.92571482884,104.22536022882741,6.5386047822350957,0.0043714276615561326,0
2,2011-12-16,1974,87.720708959474351,9.3659334270255385,0.58610346852475215,0.00020697252641682101,0,0.96700975927376787,0.98336654370268661,0.061537330644723817,0.037064247543987155,0
2,2011-12-19,1975,14286.800264683307,119.52740382307024,7.4079580925361173,4.4191494421991241e-05,0,39712.819033726439,199.28075429836781,12.350836956824779,0.0097504716708538362,0
2,2011-12-20,1976,12927.172998138751,113.69772644225895,7.0707541319812783,0.0018843341468761403,0,478.15295006452124,21.866708715865798,1.3598699450165297,0.13479598017908551,0
2,2011-12-21,1977,8281.2124055863369,91.001167056177565,5.664560663316375,0.96301952972498384,1,49705.108156219387,222.94642440779216,13.877773072380464,0.035777066786892624,0
2,2011-12-22,1978,3170.7254306096429,56.30919490287215,3.5842899365290997,0.88890573808072271,1,91860.486277660864,303.08494894610135,19.292485610827583,0.15628677998728285,0
2,2011-12-28,1979,595.84172233139623,24.409869363259531,1.5943742235963116,0.29413015214031885,1,1881.3886646347223,43.374977402123477,2.8331141346912787,0.15887939102385454,0
2,2011-12-29,1980,29710.604807861884,172.36764431836355,10.947452798879869,0.045572985356562075,0,11777.527371841243,108.52431696095232,6.8926209565546088,0.045917405486715364,0
2,2011-12-30,1981,6629.7334987053637,81.423175439830175,5.0479340012293967,0.0010604748236279426,0,51701.006674288328,227.37855368149462,14.096624530780819,0.17936173266849725,0
2,2012-01-04,1982,3420.4121554206572,58.484289817186436,3.6575540848772006,0.0064375679344811894,0,90244.292734600531,300.40687864062056,18.787171897474707,0.051092351019750376,0
2,2012-01-05,1983,996.66160940422856,31.569947884091107,1.9529816198014911,0.96888649088745038,1,149263.62588170453,386.34651011974279,23.900186212170912,0.019452684847012403,0
2,2012-01-06,1984,45.317203603447496,6.7318053747451359,0.41122818416280615,0.023312316553183998,0,151066.66083537889,388.67294842242222,23.743002347124143,0.093608157408441958,0
2,2012-01-10,1985,11.966729759391304,3.4592961364114672,0.21164246781348839,0.34247242653539978,1,6132.8836976094544,78.312730112092595,4.7912346351846189,0.67652973830072149,1
2,2012-01-11,1986,1176.7335449682714,34.303550034482896,2.0652348003903009,0.02182992787238857,0,59066.642808972283,243.03629936487323,14.631926512033308,0.0073419806671802881,0
2,2012-01-12,1987,136.98731777330033,11.70415814030639,0.71563180313704622,0.056514353540216028,0,92880.788999343378,304.76349682884165,18.634270671283502,0.51231886023537132,1
2,2012-01-13,1988,542.31325024204455,23.287620106873192,1.4062572528305066,0.56569837061570172,1,178192.11006336508,422.12807305765045,25.490825667732516,0.047293094405030746,0
2,2012-01-17,1989,1.4546206162526816,1.2060765383062062,0.073228690850407174,0.02264232369826975,0,3907.3862539018201,62.509089370281345,3.7953302592763416,0.23012587647309876,0
2,2012-01-18,1990,312.87442383148652,17.688256664563824,1.0687768377379954,0.77112289606002371,1,9168.8943482071445,95.75434375633904,5.7857609520446553,0.11994229243043698,0
2,2012-01-19,1991,4072.945809933638,63.819634987467907,3.691129843115553,0.067069713424502811,0,96581.822963485494,310.77616215450871,17.974329794939774,0.24897938208788559,0
2,2012-01-30,1992,2170.1980611567237,46.585384630340059,2.6711803113727095,0.26740794796684053,1,205449.26314594815,453.26511353285082,25.989972106241442,0.024623264181014761,0
2,2012-01-31,1993,1228.6979968288949,35.05278871686096,2.0145280871759175,0.015735959227921318,0,37650.019777853726,194.03613008368757,11.151501728947562,0.012034708777935712,0
2,2012-02-01,1994,2290.8126339173609,47.862434475456439,2.7334342932870612,0.32556390534187696,1,13592.461768193887,116.58671351485077,6.6582931761765147,0.019298210335565814,0
2,2012-02-02,1995,139.33440837578311,11.803999677049433,0.68073815899939061,0.18244610163202848,0,108652.64468162533,329.62500615339445,19.009515925801296,0.35888165667052097,1
2,2012-02-03,1996,2.4486042021090895,1.5648016494460535,0.091029764365680832,0.48444437419382641,1,78298.699982445105,279.81904864116223,16.278013300823865,0.092422644707208179,0
2,2012-02-06,1997,469.86548154832258,21.676380729917128,1.2573306687886965,0.88868241660677583,1,147216.69958502954,383.68828439897607,22.25570095121671,0.3157578258381839,1
2,2012-02-07,1998,660.02782941076521,25.691006780793259,1.4714207778232107,0.093265555421350926,0,74720.302938321067,273.35014713425903,15.655793077563517,0.0026550956660578349,0
2,2012-02-08,1999,2.789989306583851,1.6703261078555443,0.095556413492880105,0.035431464704306331,0,47021.800490175665,216.84510713911823,12.405326495372897,0.0032739233260151842,0
2,2012-02-09,2000,1164.0178437791162,34.117705722675964,1.9934388386021598,0.012297543489965561,0,50668.839123277859,225.09739919261142,13.152053706842617,0.0087130864147131164,0
2,2012-02-10,2001,5.6648177589161932,2.3800877628600574,0.13837719551511962,0.10471935272025726,0,7101.9865281492721,84.273284783193731,4.8996095804182405,0.018935557801902678,0
2,2012-02-13,2002,257.45528740913949,16.045413282590744,0.93178938923291188,0.47451150986679885,1,8989.2210283663535,94.811502616330017,5.5058944608786309,0.33762966358340363,1
2,2012-02-14,2003,20.735012404740775,4.5535713901003874,0.26275657184653128,0.017899992502418704,0,2265.3494795705806,47.595687615272254,2.7464332149608914,0.1246546109833889,0
2,2012-02-15,2004,385.80115500563267,19.641821580638407,1.1399780371815673,0.44257669558801038,1,5829.6183803998083,76.351937633565058,4.4313370652098119,0.4475704541074052,1
2,2012-02-17,2005,372.32780417541596,19.295797578110523,1.1038785799834396,0.0086932656273111548,0,5375.6854094565942,73.319065797762278,4.1944545650893748,0.018087059845413964,0
2,2012-02-21,2006,1.2835590897744202,1.1329426683528254,0.064665677417398704,0.0027875646678427114,0,31956.677687053892,178.76430764292377,10.203442217061859,0.040845940133856992,0
2,2012-02-22,2007,122.1811680247652,11.053559065964464,0.62203483770199575,0.29892695492587096,1,34970.550301445968,187.00414514509021,10.523587233826124,0.06034699420569703,0
2,2012-02-23,2008,489.37424378064441,22.121804713464144,1.2445459754410206,0.091885870957857108,0,3336.5145643157143,57.762570617275287,3.2496523554022669,0.57628370419882147,1
2,2012-02-24,2009,288.62810012719007,16.989058247212824,0.95875046541833098,0.042325919382282751,0,21427.791703938819,146.38234765141192,8.2608548336011243,0.34766432686468979,1
2,2012-02-27,2010,397.90420504244287,19.947536315105253,1.1200188834983298,0.51865931914549213,1,84688.156130480609,291.01229549708137,16.339825687651956,0.086979162774325533,0
2,2012-02-28,2011,224.6718671383388,14.989058247212824,0.84683944899507491,0.13828551709059764,0,37519.539015196031,193.69961026082638,10.943480805696405,0.64113350978782357,1
2,2012-02-29,2012,1649.2717142746005,40.611226456173426,2.3693831071279714,0.71664182906721219,1,126694.68072756068,355.94196258317265,20.766742274397469,0.033464531504887811,0
2,2012-03-01,2013,844.64756903579303,29.062821078412071,1.7025671399186919,0.097249835416628003,0,135364.91319144345,367.91971025135831,21.55358583780658,0.031072055275891231,0
2,2012-03-02,2014,745.3757285232233,27.30157007432399,1.6012651069984747,0.041780777539236771,0,53055.173563247612,230.33708681679468,13.509506558169775,0.12750354495152941,0
2,2012-03-05,2015,16.239202270271669,4.0297893580523123,0.24144933241775388,0.47736703375147499,1,51283.657286098445,226.45895276208103,13.568541208033613,0.09600271799853119,0
2,2012-03-06,2016,3421.4306488888942,58.492996579837609,3.4869148482764594,0.60545034401322939,1,18873.441890990009,137.3806459840323,8.1896063179751,0.1951165986335073,0
2,2012-03-07,2017,1950.0017594508497,44.158824253492639,2.6168192150217857,0.0104238879938694,0,26430.497763206393,162.57459138256013,9.6340498597072664,0.070696561736252009,0
2,2012-03-09,2018,5553.8231846776116,74.523977246773484,4.390219572711251,4.7983545094471057e-05,0,94389.624007518636,307.22894396120728,18.098906860748588,0.013412537548076931,0
2,2012-03-12,2019,3843.0168168768282,61.992070596785425,3.6681698577979538,0.064382299211009644,0,42386.959786787076,205.88093594790917,12.182303902243145,0.16414028956841462,0
2,2012-03-13,2020,2780.4301063898297,52.729783864433102,3.2069201073092959,0.11111057668056669,0,6880.6632139845588,82.949763194264506,5.0448388745181392,0.14832755630573305,0
2,2012-03-14,2021,2068.3888862157892,45.479543601665455,2.7596810437903798,0.0061608604984333569,0,14678.448459539228,121.15464687555004,7.3516169220600753,0.0020628382713738201,0
2,2012-03-15,2022,2402.0139141414334,49.010344970643018,2.9559918558892049,0.055076457467070579,0,72001.574411729278,268.33109102697972,16.184022377984302,0.10668023746545023,0
2,2012-03-16,2023,4117.2052799779667,64.165452386607285,3.8618990301900262,0.031946459477289246,0,90419.216875667189,300.69788305817383,18.097976711295445,0.01557414839003355,0
2,2012-03-19,2024,1824.1326977060194,42.709866514729583,2.5896538738656711,0.10207631050773629,0,124498.68610467813,352.84371342660779,21.394192113179187,0.15382193453234594,0
2,2012-03-21,2025,5850.5084861115292,76.48861670936094,4.5522164385871706,0.14163880281754845,0,158550.36303423162,398.18383070415052,23.697892022267549,0.0038588947013757503,0
2,2012-03-26,2026,6037.7688882745342,77.703081588020268,4.5923807085118362,0.072783337179389035,0,105423.00984468979,324.68909720637339,19.189662955459418,0.07725240009025014,0
2,2012-03-27,2027,4037.8303935109407,63.543924914274385,3.7914036345032454,0.19823614882271684,0,34426.66334652785,185.54423555187009,11.070658445815637,0.031876873885183558,0
2,2012-03-28,2028,2309.7834529800402,48.060206543251979,2.8995599724435586,0.083048583714607188,0,116448.82659752035,341.24599132813319,20.587993443627944,0.017049632594085859,0
2,2012-03-29,2029,2333.9385817744519,48.310853664310798,2.9059160098833563,0.031031047511626733,0,24068.929898639195,155.14164463044472,9.3318282484478026,0.05848929088690908,0
2,2012-03-30,2030,2008.0895113027896,44.811711764925803,2.7027570425166347,0.33206616414343415,1,67392.058135159925,259.599803804163,15.65740674331502,0.10658734001172734,0
2,2012-04-11,2031,2882.4661598951116,53.688603631451542,3.2177766635571792,0.0098533154823212173,0,47014.807901973829,216.82898307646474,12.995443996192074,0.01677097452160832,0
2,2012-04-12,2032,891.96389119773437,29.865764533956508,1.792125084545845,0.19737474512473585,0,160897.32706340929,401.12009057563955,24.069612395777952,0.11349469190260425,0
2,2012-04-13,2033,6.7958751097059311,2.6068899304930255,0.15770658986648672,0.0077449247904994648,0,22010.534039199905,148.3594757310766,8.9751648960118935,0.041432944552568143,0
2,2012-04-16,2034,805.87102713754655,28.387867604621988,1.7357302112272692,0.086642789593204636,0,9097.978499344079,95.383324010772867,5.8320589428781942,0.089179470088507865,0
2,2012-04-17,2035,677.6895799458697,26.032471644964289,1.5834836767009908,0.0027394405230790845,0,82178.574957809891,286.66805709358323,17.437229750217959,0.055709599914987633,0
2,2012-04-18,2036,668.79385794410371,25.861049049566873,1.5673363060343559,0.30482877747238363,1,102174.00106039469,319.64668160391511,19.372526157813034,0.041579024097598324,0
2,2012-04-19,2037,536.27861224354717,23.157690131866502,1.4107639434582091,0.0096171097550100202,0,24210.243233518031,155.59641137737731,9.4789163190604508,0.022068184648545736,0
2,2012-04-20,2038,4.8123882961777911,2.1937156370363482,0.13466639883587159,0.51515295326629484,1,19.383807981503566,4.4027046211963352,0.27027038804151843,0.021904957281617558,0
2,2012-04-23,2039,0.1731459661909765,0.41610811839109374,0.025226318180727115,0.35336261635627758,1,111831.51276864369,334.4121899223228,20.273548949519419,0.073423216315781359,0
2,2012-04-24,2040,0.81093975836773924,0.90052193663882463,0.054985311350256423,0.10244777418499101,0,48666.310646832295,220.60442118605033,13.469969237432473,0.10444984105797125,0
2,2012-04-25,2041,1064.6028831151787,32.628252835773765,1.9732841146521782,0.10797076679237688,0,27398.949325283789,165.52627986299876,10.010661013788857,0.0027468371540374892,0
2,2012-04-26,2042,811.50462081816534,28.486920170811118,1.7124689011608727,0.63006300705931939,1,12511.568261166689,111.85512174758333,6.7240830626740795,0.52435922134436908,1
2,2012-04-27,2043,380.54527413641779,19.507569662477636,1.1837117513639341,0.044298890220638182,0,806.312271516088,28.395638248084651,1.7230363014614472,0.2124188054595105,0
2,2012-05-02,2044,1012.3009485774899,31.816677208305236,1.9854400754012629,0.51879203145327757,1,11204.057831151973,105.84922215657502,6.6052556727971927,0.052336296340937734,0
2,2012-05-08,2045,38.06518382710663,6.1696988441176472,0.38987038509432209,0.00030593042046501967,0,43289.222685660898,208.06062262153523,13.147590686984847,0.0055867348635991907,0
2,2012-05-09,2046,4250.577234496749,65.196451088205322,4.0786018822774679,0.06289524081070659,0,10838.884294186377,104.10996251169422,6.5129785743943831,0.0046065356573910836,0
2,2012-05-10,2047,2856.3952697700761,53.445254885444001,3.3762005613041062,0.00082773185439649133,0,16912.573375443462,130.04835014502669,8.2153095480117919,0.023003204265359723,0
2,2012-05-11,2048,458.14417950286497,21.404302826835192,1.3733912625495792,0.59196542627342896,1,65142.760066169452,255.23079764434669,16.376695389435142,0.015188917607032832,0
2,2012-05-14,2049,3624.4359597045113,60.203288612039387,3.8678630653414321,0.66746210998957178,1,2692.5300596945767,51.889594907790297,3.3337356188750591,0.0032911611891542642,0
2,2012-05-15,2050,14838.688558332733,121.81415582079421,7.8665906245265882,0.77756042360833966,1,6409.8371421308339,80.061458531123662,5.170258865426133,0.063296906244437678,0
2,2012-05-16,2051,20783.777502066048,144.16579865580479,9.2770784205794588,0.92187546146015498,1,82663.125745376834,287.51195756937977,18.501412971002559,0.55890040767074023,1
2,2012-05-17,2052,43166.027929527932,207.76435673504716,13.07105106857799,0.067146025179350033,0,69279.387228705571,263.20977798840522,16.559281408518732,0.026951130817125045,0
2,2012-05-18,2053,8256.6135395926613,90.865909666896869,5.7058655991771978,0.0012437996504378985,0,142050.01296799752,376.8952281045722,23.666890304839701,0.78496319115699531,1
2,2012-05-21,2054,1187.9434279205818,34.466555208209911,2.1779813717668191,0.18135005175536717,0,69850.286816430656,264.29204834128223,16.700919326463332,0.47801521945206826,1
2,2012-05-22,2055,57.446224765327742,7.5793287806591252,0.48930463399994356,0.07967280444589836,0,108321.29797851204,329.12201077793634,21.247386105741533,0.023660119073586672,0
2,2012-05-23,2056,19434.503630463241,139.40768856294562,8.8822993668649648,0.0025713093687676609,0,91557.347285530384,302.58444653605443,19.27903450373077,0.0010871275724963214,0
2,2012-05-25,2057,2387.0578434398376,48.857525965196373,3.0932273482238917,0.0021985347355431219,0,172299.66816719549,415.08995189861616,26.279832345591398,0.0078289719062660055,0
2,2012-05-29,2058,4.8221457158230994,2.1959384590245463,0.14259340643016535,0.037686992572950231,0,16884.73088906757,129.94125937925787,8.4377441155362245,0.15504796373668181,0
2,2012-05-30,2059,13559.151370417052,116.44376913522274,7.473926131914169,0.018642929660234567,0,29378.031813949397,171.40020949213977,11.001297143269561,0.022682236880893519,0
2,2012-05-31,2060,27064.43960863251,164.5127338798809,10.243632246567927,0.025175149184309034,0,21759.144858991611,147.50981275492018,9.1849198477534344,0.65283057457453342,1
2,2012-06-01,2061,5552.4361930206587,74.514670991829917,4.5574722319162024,0.020496857273179413,0,70925.033716366524,266.31754301278488,16.288534740843112,0.38110998141855934,1
2,2012-06-06,2062,446.57223661343824,21.132255833522322,1.3158316210163339,0.050991950106870326,0,9788.1146215554636,98.934900927607259,6.1603300702121579,0.50907834784824846,1
2,2012-06-07,2063,823.01246246093456,28.688193781779546,1.8197395357931838,0.28519262848765614,1,3427.7424952584092,58.546925583316579,3.7137282323702241,0.02240074936859722,0
2,2012-06-08,2064,2397.8578824774349,48.967927079645051,3.0914095378563795,0.59552443776292885,1,47071.034380438352,216.95860061412259,13.696881351901681,0.090633704457474873,0
2,2012-06-11,2065,2549.7026794127487,50.494580693503622,3.1490228059559477,0.021915552381756742,0,30701.014922433355,175.21705088955628,10.927162512600953,0.34458654931988492,1
2,2012-06-12,2066,3912.7648944987809,62.552097442841841,3.8624326917469491,0.0033208719451026446,0,5709.4769994944654,75.561081248844403,4.6657043068134865,0.23254778065767578,0
2,2012-06-13,2067,190.26594561319538,13.793692240049268,0.85489260861786598,0.044778260246794092,0,73554.075655273817,271.20854642741961,16.808710655557459,0.2071267723008535,0
2,2012-06-14,2068,151.5619388176076,12.31104946044843,0.75655550532791094,0.57661161335524092,1,3596.8255122658675,59.973540101163508,3.685576285215149,0.14753704226651951,0
2,2012-06-15,2069,715.4306476464792,26.747535356486196,1.655681544814992,0.17321471020821411,0,2314.2197202829793,48.106337631158112,2.9777986772614122,0.24566348365714391,0
2,2012-06-18,2070,314.71093787216449,17.740094077320009,1.091362293283298,0.47892402796880351,1,730.1151320287421,27.020642701992529,1.6622973055670582,0.24924735660043895,0
2,2012-06-19,2071,914.05971055136638,30.233420424281576,1.8884085211918538,0.043439108425396944,0,55533.933783287466,235.65638922653352,14.719324748690413,0.32791886343723409,1
2,2012-06-20,2072,906.92278533619481,30.115158730051462,1.9036130676391569,0.18676975202386795,0,16558.923123336088,128.68147933302635,8.1341010956400979,0.038528205769457875,0
2,2012-06-21,2073,525.12869237254677,22.915686600504614,1.4595978726436059,0.44621643675217293,1,8.1051512012655476,2.8469547241334112,0.18133469580467587,0.031335502824955841,0
2,2012-06-25,2074,461.29877247805331,21.477867037442365,1.362808822172739,0.28634136704841923,1,76873.05940494439,277.25991308688026,17.592634079116767,0.062137069978772608,0
2,2012-06-26,2075,378.03792551089003,19.443197409656932,1.2356655487548098,0.11436522222906846,0,59802.927385249008,244.54637062375105,15.54155517151262,0.10838331770666791,0
2,2012-06-27,2076,774.77746642352338,27.834824706175596,1.7860009436108819,0.92697798684976707,1,62674.08616012636,250.34793020939151,16.063389811318029,0.16922383833106205,0
2,2012-06-28,2077,7662.2335608472476,87.534185098435955,5.4760203377188583,0.82243884497004216,1,59585.214109903121,244.10082775341652,15.270617938906259,0.038298846321196546,0
2,2012-06-29,2078,7239.1427035829038,85.083151702219538,5.2601639383134184,0.013948836871423667,0,29167.106158505594,170.78379946149926,10.558503830695471,0.097053980898954159,0
2,2012-07-03,2079,9.7464358859663758,3.1219282320332695,0.19463392967788462,0.041031165792805503,0,1223.4929424243999,34.978463980346532,2.1807022431637488,0.40099143574996343,1
2,2012-07-05,2080,5095.839699797787,71.385150415179396,4.4981191187888712,0.13327900875968895,0,13506.950481332635,116.219406646793,7.3232140294135482,0.066178700100616272,0
2,2012-07-06,2081,4189.9102322175959,64.729515927570446,4.0838811310769998,0.12392929517510423,0,15036.781477761897,122.62455495438871,7.7365649813494457,0.0049633238873286536,0
2,2012-07-09,2082,4657.2951917797618,68.244378462843088,4.2779738889103953,0.69372901430823863,1,69.59352820850502,8.342273563514027,0.52294458946961464,0.027369239746390838,0
2,2012-07-10,2083,3102.6129116757552,55.701103325479608,3.5320927917235005,0.00025029494695643869,0,23262.913624400695,152.52184638405311,9.6716453001936014,0.0079361113244749443,0
2,2012-07-11,2084,87.292608981549165,9.3430513742325729,0.60035671481012509,0.46756924874759259,1,542.31057949444448,23.2875627641547,1.4963895752067276,0.036990603618708401,0
2,2012-07-12,2085,7276.9106483720334,85.304810229974919,5.3465879178925046,0.96798080655700902,1,205098.58012866002,452.87810736296365,28.384713717515741,0.29090710634588135,1
2,2012-07-13,2086,852.8627479058573,29.203813927394094,1.8422213485187886,0.017417140224333227,0,50585.432750737695,224.9120555922641,14.187797230232713,0.10128653286553102,0
2,2012-07-17,2087,1163.1300976537013,34.104693191021397,2.1636601548625785,0.46240260549381346,1,15037.982290843864,122.62945115609,7.7798224365481365,0.057114985949800086,0
2,2012-07-20,2088,544.57870563651625,23.336210181529395,1.4842556960743774,0.71904698053520433,1,2801.5729572304417,52.929887183239316,3.366505783637419,0.022156074175839282,0
2,2012-07-23,2089,1675.8240950147388,40.936830544324494,2.5856201196478446,0.59402129330139997,1,2257.2907854996602,47.510954373698496,3.0008497946438335,0.16176589581280687,0
2,2012-07-24,2090,3373.4117613718145,58.081079202885121,3.6278000751333619,0.32426943281735593,1,20702.093395267377,143.88222056691848,8.9870218967469384,0.38620694134015082,1
2,2012-07-25,2091,1392.6666706987526,37.318449468041308,2.3064554677405011,0.042314437159716757,0,559.34498122496291,23.650475285392531,1.4617104626324184,0.47097584551742222,1
2,2012-07-26,2092,13.722559607505064,3.7043973339134482,0.22891378550368904,0.044674269357579982,0,117825.98186993935,343.25789411161304,21.211672739787613,0.003508517143597551,0
2,2012-07-27,2093,420.99853569124633,20.518248845631206,1.268320126449155,0.13910054631669116,0,66261.786576049431,257.41364877575825,15.911831171426874,0.13158595299240489,0
2,2012-07-30,2094,108.35729785851801,10.409481152224544,0.64176825846020613,0.89720579509882215,1,17989.034948900462,134.12320809203925,8.2690017319383013,0.19808810136595939,0
2,2012-07-31,2095,795.34287604552048,28.201823984372368,1.7637163217243506,0.013014004130816763,0,112292.26738313306,335.10038403907129,20.956872047471624,0.15348130457314946,0
2,2012-08-01,2096,150.65447242098597,12.274138357578749,0.76857472495796808,0.57762053944826308,1,43328.825518680489,208.15577224444314,13.034174843108525,0.0095268682537729601,0
2,2012-08-02,2097,6.7989198413350262,2.6074738428860655,0.16276366060462333,0.85964047263876608,1,50181.083222614558,224.01134619169306,13.98323009935662,0.20802684122464532,0
2,2012-08-03,2098,520.98096768607479,22.825007506813108,1.417702329615721,0.060337113114424808,0,596.26489110060368,24.418535809925288,1.5166792428525022,0.087712371165835704,0
2,2012-08-06,2099,376.64241313578123,19.407277324132338,1.2046727078915169,0.084579306591326342,0,21.030759614336919,4.5859306159532025,0.28466360123856005,0.41857576861000878,1
2,2012-08-07,2100,76.676052713875691,8.7564863223713019,0.54278545311460114,0.40968915800515077,1,33.43811342873947,5.7825697945411321,0.35844226217518255,0.57334049026971967,1
2,2012-08-08,2101,290.11156207812621,17.03266162636146,1.0546539706725362,0.33640820443223046,1,242.88163965594728,15.584660395913261,0.96499445175933507,0.47932223300976906,1
2,2012-08-09,2102,183.13293069359599,13.53266162636146,0.83612367169363355,0.0050579162356506327,0,893.96111327826407,29.899182485115944,1.8473390475820788,0.28687785170598984,1
2,2012-08-10,2103,136.08574849738571,11.66557964686649,0.71898795974523821,0.51208225278078379,1,316617.68309263134,562.68790914025453,34.680302566425546,0.48831065513576621,1
2,2012-08-13,2104,1018.9831747817959,31.921515859711235,1.9979042941455942,0.58482946789803192,1,107848.17509596431,328.40245902849801,20.554057833108935,0.51871081504401606,1
2,2012-08-14,2105,902.78630473067585,30.04640252560489,1.8726333764789587,0.20991137280173214,0,21939.206203020563,148.11889212055485,9.2314672558775221,0.030172278773440003,0
2,2012-08-16,2106,310.72507565368892,17.627395600419504,1.0916485895909276,0.19023396199881307,0,58884.639866099344,242.66157476225885,15.02781079190332,0.30992381156450394,1
2,2012-08-17,2107,450.85036854510065,21.233237354324956,1.2951044436916717,0.09358360487996123,0,12664.250642543197,112.53555279352031,6.8640166388240509,0.50709762975960293,1
2,2012-08-21,2108,364.00074505205976,19.078803553998341,1.1619246987818723,0.025630525458499243,0,3618.7645866233702,60.156168317333595,3.6635912495331056,0.0070763364612932934,0
2,2012-08-22,2109,1353.8253241569341,36.794365385979063,2.2095400321861018,0.41524337117519788,1,17192.827711194412,131.12142354014622,7.8739782939586389,0.3465543486562559,1
2,2012-08-23,2110,822.41896994242052,28.677848070286245,1.720326818853404,0.090572492366808574,0,16.54303720670692,4.0673132663598608,0.24398999798199522,0.15419715530760492,0
2,2012-08-24,2111,2526.0944528992545,50.260267139155303,3.013205463978136,0.20008487872439951,0,190723.80399990192,436.71936526779064,26.182216143152914,0.35102019629830317,1
2,2012-08-28,2112,2197.4071124681709,46.876509175365982,2.8238860949015652,0.0088748401532333307,0,166194.19253798571,407.66921951256722,24.558386717624529,0.36920713196591393,1
2,2012-08-29,2113,1275.0042040873286,35.707201011663301,2.1503884981429269,0.44217091208441045,1,61225.429869431639,247.43772927634063,14.901398932631174,0.11796854198503379,0
2,2012-08-30,2114,472.90439216851377,21.746365033460506,1.3191607542287236,0.063761806693346565,0,217713.69542916626,466.59800195582307,28.304398056161546,0.11296975223452366,0
2,2012-08-31,2115,2622.1217168407597,51.206656958258463,3.0174812585891848,0.3074867033682151,1,102897.15697487381,320.77586719526425,18.902526057469903,0.099796374794626649,0
2,2012-09-04,2116,1856.3233032939102,43.085070538342052,2.5494124578900621,0.009694561321707415,0,6373.1445185275352,79.831976792057048,4.7237856089974581,0.00016066994332158721,0
2,2012-09-05,2117,1352.4843153516294,36.776137852575403,2.1620304440079603,0.68768481127490155,1,1675.0634806243381,40.927539391274649,2.4060869718562401,0.16915392463708331,0
2,2012-09-06,2118,6938.6422407177215,83.298512836170858,4.8205157891302575,0.032018130960775423,0,2861.0221529751889,53.488523563239141,3.095400669168932,0.099121254048558274,0
2,2012-09-07,2119,1940.9015177539104,44.055663855557896,2.5436295528613102,0.058010753228199978,0,1778.4002517407807,42.171083122689424,2.4348200417257173,0.11915286757960351,0
2,2012-09-10,2120,2496.1127799267147,49.961112677028268,2.8767014640580548,0.041724695373916466,0,32984.736150809535,181.61700402442921,10.457291148664414,0.01357311564180063,0
2,2012-09-11,2121,2585.549601524091,50.848299888237079,2.927363263571507,0.077462617768272832,0,2345.1990423674847,48.427255160368986,2.7879824502227395,0.063037962362579997,0
2,2012-09-12,2122,2390.5123733956543,48.892866283289777,2.8208779047044441,0.0096555094567106724,0,25381.655503787046,159.31621230680526,9.1917618524047455,0.032520088968334783,0
2,2012-09-13,2123,5299.4353697218949,72.797220892846553,4.1000969244070156,0.058952303890950145,0,29648.566746708686,172.18759173270496,9.6979775687245819,0.092816001951082736,0
2,2012-09-14,2124,1972.7519362259468,44.415672191535577,2.5100690698805073,0.00067025487924959274,0,19662.434461070417,140.22280292830555,7.9244307956092426,0.00037938801766397828,0
2,2012-09-18,2125,1164.367247886498,34.122825907103561,1.9404507197670493,0.45262401139536279,1,2493.2832322451513,49.932787146775127,2.8395102159098737,0.0015153843121973227,0
2,2012-09-20,2126,3969.6306781216158,63.005005183093317,3.5306811534375635,0.5246672824214661,1,15869.083667793862,125.97255124745971,7.0592631688125369,0.73099229119609344,1
2,2012-09-21,2127,540.77980352438067,23.254672724516695,1.3194140552917275,0.0055487396568328672,0,322.40415068364734,17.955616132108844,1.0187583621054663,0.0031639528513076431,0
2,2012-09-24,2128,2282.3433453637285,47.773877227662069,2.6968036820582597,0.22050562187941053,0,152800.03747712233,390.89645365124807,22.06584553492792,0.011748586374543769,0
2,2012-09-25,2129,7.652750164573936,2.7663604545637099,0.15855340046216992,0.01199504765485996,0,50813.851419182109,225.41927916480904,12.919861250311451,0.018981121783757611,0
2,2012-09-26,2130,1327.9618390726357,36.441210724571647,2.0670000410987885,0.21772349982269518,0,612346.09172848915,782.52545755936217,44.386015743582654,0.47116507761463905,1
2,2012-09-27,2131,1471.5473632986507,38.360752903177627,2.1599523031068482,0.018236189961940694,0,43137.953021817659,207.6967814430875,11.69463859476844,0.0028077955953024559,0
2,2012-09-28,2132,739.50620337322005,27.193863340342432,1.5329122514285474,0.057035523743823167,0,174550.61269963594,417.79254744386708,23.550876406080445,0.036652628542134066,0
2,2012-10-09,2133,24.510045726910008,4.9507621359655332,0.28109366279435249,0.084607990351730625,0,24207.442176821154,155.58741008456036,8.8339196641340152,0.25089113001491997,1
2,2012-10-10,2134,309.44046640155864,17.59091999872544,0.99439909546215033,0.81611610129436007,1,63198.027561827636,251.39217880003275,14.210976755230794,0.42791829387648267,1
2,2012-10-11,2135,40.017845463378499,6.3259659707730407,0.3580566560505471,0.03405264775670816,0,15836.800838182373,125.84435163400212,7.122929199603913,0.011985967667214745,0
2,2012-10-12,2136,575.12535375488085,23.981771280597286,1.3814384378224243,0.0012596104779193853,0,33693.158227265747,183.5569618054999,10.573557707690085,0.057388380053141064,0
2,2012-10-15,2137,704.19736951832317,26.536717384000667,1.5194226959061361,0.012275893193554583,0,42498.502584681984,206.15164948329175,11.803701659507114,0.031119762362658808,0
2,2012-10-16,2138,536.79616708692799,23.168862015362947,1.3246919391288134,0.25533768576256871,1,87905.538153320478,296.48868132412827,16.95189715975576,0.08473783222954831,0
2,2012-10-17,2139,270.18728817402655,16.437374734854302,0.94305075931464721,0.44281891436906234,1,101989.96388742562,319.3586759232096,18.322356622100379,0.24952663942864459,0
2,2012-10-18,2140,666.30497289970526,25.812883854767279,1.4860612466762968,0.0026562321463880698,0,32880.916569644614,181.3309586630055,10.439318288025648,0.040369527248795126,0
2,2012-10-19,2141,488.6361589901145,22.105116127044312,1.2801572970635189,0.021019709987469878,0,93784.75726599613,306.24297096585929,17.735223452489318,0.080488634799328246,0
2,2012-10-22,2142,1176.0777228609791,34.293989602567081,2.0043243484843414,0.16424896610967454,0,141788.55036951925,376.54820457614619,22.007492961785282,0.48498668241826137,1
2,2012-10-23,2143,6110.4491341619423,78.169361863596805,4.5566518136751268,0.02931985868123093,0,165278.66713409126,406.5447910551693,23.698326496949537,0.063422102182145848,0
2,2012-10-25,2144,4838.8427247837999,69.561790695638365,4.0466428560580781,0.18109853717781141,0,167381.86822946629,409.12329221087657,23.800075172244128,0.042153584784857687,0
2,2012-10-31,2145,2552.6468480007738,50.523725595018959,2.9438441715961523,0.34556709832703619,1,203806.58829488506,451.44943049569247,26.304409642866279,0.029264983546626523,0
2,2012-11-01,2146,2371.4222957586926,48.697251418932183,2.8900445945953819,0.031047224427462061,0,189612.93649470279,435.44567571018865,25.842473335916239,0.0037211901439548815,0
2,2012-11-02,2147,4061.1763167602344,63.72735924828703,3.7854089247571743,0.00066181925987436802,0,148468.21626623761,385.31573581445855,22.887777595156432,0.0017386734707131497,0
2,2012-11-05,2148,5843.8326857417715,76.44496507777194,4.5206957467635682,0.42594358896852075,1,123847.48246339998,351.91971025135831,20.811337093516162,0.12287289961511247,0
2,2012-11-06,2149,10139.475992013711,100.69496507777194,5.8705707668136968,0.030695211945318504,0,141503.65091059086,376.16971025135831,21.930896968451147,0.21081469649099124,0
2,2012-11-07,2150,8241.1776980001523,90.780932458309508,5.2871830202859353,0.20695133225413273,0,210891.31504709038,459.22904421115436,26.74601305830835,0.38421810573222026,1
2,2012-11-08,2151,9076.5993508431802,95.271188461376823,5.4808680259673137,0.42124111095759847,1,74162.751333212756,272.3283887757807,15.666813679032401,0.49280648963600548,1
2,2012-11-09,2152,1266.6591159729066,35.590154761856638,2.0510102153497556,0.061339114797234674,0,137972.70670195716,371.44677505930395,21.405951595407231,0.22717558682167302,0
2,2012-11-12,2153,797.5550220486906,28.241016661032063,1.6515214421656175,0.016043575742619144,0,728.80428690301221,26.996375440103293,1.5787354058539937,0.037847632784585784,0
2,2012-11-15,2154,3790.0092685202667,61.56305116317958,3.5928246958377348,0.0091180893686296366,0,76888.704962651638,277.2881262561591,16.182557703890229,0.019426729928335353,0
2,2012-11-16,2155,2836.3662216581865,53.257546147547828,3.0744722844593926,0.093913292571955687,0,97895.742317699245,312.88295306344071,18.062228492621777,0.04347328553149294,0
2,2012-11-20,2156,566.21594353224418,23.795292465784996,1.3802373820060903,0.12514601929220187,0,37360.922528682087,193.2897372564878,11.211701697012053,0.29305140359227311,1
2,2012-11-21,2157,4834.911775550624,69.533529865458604,3.9722096466985777,0.64416019079104792,1,19390.213625654113,139.24874730371585,7.9547984749337814,0.03193627877698612,0
2,2012-11-26,2158,1717.9431731494963,41.448078039270968,2.3735477760498767,0.0014460021102464019,0,14894.360651352401,122.04245429911839,6.9888305969430711,0.0073919976733990188,0
2,2012-11-27,2159,951.43889300362775,30.845403109760582,1.7881393107107582,0.019356767235506167,0,91273.100552960328,302.11438322754566,17.513877288553374,0.19196229812805318,0
2,2012-11-29,2160,163.88515466385059,12.801763732542895,0.74170125912763007,0.1918644486616056,0,115184.39950780751,339.38827249598285,19.663283458631682,0.15729437228431667,0
2,2012-11-30,2161,502.74340374470347,22.421940231494318,1.3036011762496695,0.52680292837109632,1,11509.588885602383,107.28275204152055,6.2373693047395671,0.5525881429631545,1
2,2012-12-03,2162,119.5310778031603,10.933026927761603,0.64397154632670306,0.024683223618633728,0,19198.913392918694,138.56014359446476,8.1613985330269347,0.016650214123333538,0
2,2012-12-04,2163,2020.1919589990391,44.94654557359263,2.6532789594800845,0.29812421575342835,1,90531.743357154119,300.88493374902328,17.761802464523218,0.11662563861243154,0
2,2012-12-05,2164,3489.8023017716296,59.07454868021955,3.4867669281522531,0.5311631053490794,1,77760.421134831558,278.85555604081401,16.458937939549301,0.066204781051167158,0
2,2012-12-06,2165,3250.1476316968997,57.010066055889638,3.3505769060176105,0.00047392216175400412,0,162934.66764696818,403.65166622592824,23.723283351509153,0.026297046440668326,0
2,2012-12-07,2166,3716.7221115668676,60.964925256797187,3.5599956354334128,0.0036758336547799528,0,123451.91227253641,351.35724309104035,20.517211275389215,0.025170227833521283,0
2,2012-12-10,2167,5814.0920643753298,76.250193864509811,4.4590756645912171,0.10719631988266294,0,130761.63453444984,361.60978213324074,21.146770884984839,0.18320104688562441,0
2,2012-12-11,2168,7124.6659627589588,84.407736391630351,4.9181492435035885,0.49353210541131792,1,108746.11175584648,329.76675356355508,19.214377483674003,0.040936106413530654,0
2,2012-12-12,2169,1573.8197873123465,39.671397597164969,2.3436064154284431,0.28105428714932146,1,43730.244171012047,209.11777583699586,12.353730665307687,0.15663912533730662,0
2,2012-12-13,2170,4175.6753257523605,64.619465532859067,3.8095484470366441,0.03742345005456401,0,55284.599875300461,235.12677405029922,13.861563687563697,0.036384187777433491,0
2,2012-12-14,2171,3576.5442296934225,59.804215818731564,3.5267118277300051,0.87705540273391902,1,7345.2699950936958,85.704550609017815,5.0540793518512643,0.62329935246211987,1
2,2012-12-17,2172,3500.6530585209371,59.16631692543433,3.4926987559288269,0.10027296367925871,0,104212.90928205964,322.82024298680471,19.056684946092368,0.066854711068321526,0
2,2012-12-18,2173,1158.9420146972773,34.043237429734518,2.0446388846687396,0.089289027557204012,0,78319.090753620898,279.8554819073961,16.808137051495262,0.017825550376581102,0
2,2012-12-19,2174,1759.2045167210945,41.942872060948503,2.5412221787911844,0.002545428625542594,0,8677.6060957333593,93.153669255340446,5.6439666316474071,0.0024431238652179235,0
2,2012-12-20,2175,1292.4038088054244,35.950018203130639,2.1768100637681287,0.017431288416330567,0,9795.7380659432474,98.973421007577826,5.9929410237709853,0.0015347615192629518,0
2,2012-12-21,2176,2231.7269512491839,47.241157386850546,2.8535884860676863,0.033034437966701372,0,61045.062405528995,247.07299003640401,14.924372699269345,0.20961316293412247,0
2,2012-12-27,2177,1791.497679111274,42.326087453381206,2.5536101027680966,0.13228573315646325,0,57748.749074829277,240.30969409249656,14.498322418853487,0.10152672080401588,0
2,2012-12-28,2178,1479.8042592048666,38.468224019375612,2.3342368943795879,0.0087988470499263689,0,106483.35913571063,326.31788050260229,19.80084226350742,0.023376215899934941,0
2,2013-01-04,2179,3333.4880957466726,57.73636718522107,3.5092762306774694,0.65688788559826927,1,30773.269955160707,175.42311693491456,10.66239884120435,0.00041174826231741912,0
2,2013-01-07,2180,3304.389306783954,57.483817781911057,3.4712450351395563,0.0022277543939064558,0,72993.202285198524,270.17254169363423,16.314767010485159,3.0950142794747469e-05,0
2,2013-01-08,2181,2437.5052542658545,49.371097357318831,2.9781992071976373,0.098002257541267734,0,93403.324333986777,305.61957452687284,18.435806033893702,0.34858311236462991,1
2,2013-01-09,2182,3247.0782934751305,56.983140431842912,3.4019785332443528,0.5339033975965829,1,43407.521358602113,208.34471761626719,12.43849060395625,0.070143207843764918,0
2,2013-01-10,2183,174.82293297570709,13.222062357125196,0.7977111527677343,0.030693339857337524,0,2418.4212957308341,49.177447023313789,2.9669651296116917,0.038465821706707322,0
2,2013-01-11,2184,3170.638926352302,56.308426779233514,3.3591902627432368,0.0016207086726824735,0,4587.9793271106128,67.734624285594236,4.0408426121159868,0.00095585743426224602,0
2,2013-01-16,2185,899.33962753254298,29.988991772524514,1.7903875685089263,0.39275460429765868,1,6725.3041225923862,82.007951581492307,4.8959971093428241,0.5389420652099306,1
2,2013-01-17,2186,1581.4628236583574,39.76761023318295,2.3552034488115456,0.072872223537306727,0,19038.641049918653,137.98058214806406,8.1717845512623057,0.020711753810758342,0
2,2013-01-18,2187,2268.2498744302879,47.62614696183482,2.8172816895495312,0.10543437752687451,0,87909.962863924753,296.49614308439959,17.538961436521717,0.087302168726074283,0
2,2013-01-22,2188,2444.1044806418026,49.437885074523592,2.9248859680238777,0.22289465387137075,0,9285.9760700852385,96.363769488772277,5.7011548285030189,0.35685478187213876,1
2,2013-01-23,2189,778.96904893482724,27.910016999902155,1.6702583482885791,0.49841656339656532,1,49871.720473073037,223.31977179164642,13.36443876670535,0.28030768290967228,1
2,2013-01-24,2190,2339.0434990630529,48.363658867615186,2.9196292706076177,0.002212418739352203,0,9183.1153133251555,95.828572530979272,5.7850028693618638,0.073989460341849819,0
2,2013-01-28,2191,1551.9578809727595,39.394896636147678,2.3681933655634313,0.0050150423242366227,0,15678.7254196412,125.21471726455002,7.52718468677788,0.00080383018846739691,0
2,2013-01-29,2192,2630.8703415840832,51.29201050440588,3.0576459317082492,0.0049192585736608117,0,5379.0492714538359,73.342002096028409,4.3721014662312019,0.032451790083135403,0
2,2013-01-30,2193,1160.9303446231952,34.072427923809528,2.046699379715244,0.59253786402099418,1,1151.1000691674708,33.927865673623955,2.0380156584246256,0.3266028909558884,1
2,2013-01-31,2194,317.41603645641027,17.816173451569512,1.0674759407770829,0.2058108307023194,0,1087.9202967464316,32.983636802912315,1.9762514561361484,0.0019915696666173649,0
2,2013-02-01,2195,1427.4155915267963,37.781153920000861,2.2677763457383473,0.40170827154172212,1,9.1613969775244293,3.0267799684688725,0.1816794698960908,0.22700771225762142,0
2,2013-02-04,2196,576.69165659460486,24.014405189273475,1.4349808897086032,0.0012048069694159422,0,6.6580523646453322,2.5803202058359602,0.15418704546375619,0.00034819865988497585,0
2,2013-02-05,2197,1439.8383430340425,37.945201844687062,2.2663999907234325,0.0039943479366048055,0,199.66093297835678,14.130142709058418,0.8439685058419244,0.038445306057410936,0
2,2013-02-06,2198,1534.7159637793759,39.175451034791877,2.3486481435726545,0.59494245426820669,1,673.49778940499414,25.951835954417447,1.5558654648931323,0.63912591054050172,1
2,2013-02-07,2199,496.12353046266685,22.273830619421233,1.335161433803161,0.012962634595170594,0,10445.662365530481,102.20402323553844,6.126421293903098,0.011597646581806521,0
2,2013-02-08,2200,976.06789790542109,31.242085364223385,1.9667664692617806,0.60108754696251188,1,6757.1750977099528,82.202038281966907,5.1748214215906145,0.25821060222582604,1
2,2013-02-20,2201,813.00786260806638,28.513292735285177,1.8080718284898651,1.4449160904687328e-05,0,7761.7424535515311,88.100751719559867,5.5866044210247221,0.00010865741510374015,0
2,2013-02-21,2202,20722.779542327167,143.95408831404256,9.1312456907099637,0.057153553719729057,0,15056.541924321375,122.70510146005086,7.7833873428513067,0.0023004608573243021,0
2,2013-02-22,2203,36317.137273788809,190.57055720595667,12.013904315584345,0.89074001477487774,1,23737.528580548034,154.06988213323211,9.7128373291241665,0.30575580598473862,1
2,2013-02-25,2204,37955.04951003944,194.82055720595667,12.249013342090958,0.0091640954719638124,0,7640.92761931528,87.412399688575533,5.4959069279204984,0.4459829947157129,1
2,2013-02-26,2205,40288.416668838079,200.71974658423142,12.511749826039049,0.00066052397223369285,0,10233.831110751107,101.16239968857553,6.3058999338367174,0.10515269119572636,0
2,2013-02-27,2206,16833.20409551838,129.74283832072729,8.1676322518556681,0.00050817451432803515,0,34093.810178673149,184.6450924846722,11.623864808603852,0.10002125721203101,0
2,2013-02-28,2207,33055.626662145572,181.81206412706933,11.490729285957929,0.16381361074285156,0,6620.9126932135941,81.368990980677609,5.1426127970091713,0.0013554638773211596,0
2,2013-03-01,2208,44911.552190458155,211.92345832978981,13.461868085106547,0.0097949012597668157,0,76606.782169342783,276.77930227772231,17.581661253150536,0.0048702938568358041,0
2,2013-03-04,2209,33165.907333128482,182.11509364445465,11.528095815442612,0.0014998043611815946,0,17132.626816776807,130.89166060821753,8.2855933285784165,0.0020428342905703663,0
2,2013-03-05,2210,29481.577889445318,171.7020031608406,10.908640607423164,0.65615816855428277,1,5986.6735551480042,77.373597274186523,4.9157304494400584,0.59821555693866457,1
2,2013-03-06,2211,33352.89989710087,182.62776321551132,11.562378171289099,0.00011412126103785958,0,7705.9484707032052,87.783531887838762,5.5576784987552239,0.0010061219799055831,0
2,2013-03-07,2212,29006.830811817868,170.31391843245774,10.767435968544824,0.49461420765244379,1,19980.729561049848,141.35320852760947,8.9365075724741239,0.34686053733198119,1
2,2013-03-08,2213,27453.610866237079,165.69131198176046,10.493433311067795,0.12409840892237928,0,2334.076128567559,48.31227720329025,3.0596755670228148,0.1131421772368212,0
2,2013-03-11,2214,32415.545824468019,180.04317766710301,11.295055060671457,0.00042684207879258371,0,6430.713313620945,80.1917284613628,5.030848711503312,0.00098710699027132519,0
2,2013-03-12,2215,17793.722304685904,133.39311190869603,8.3934630743241172,0.79882031445554069,1,1232.9718772366418,35.113699281571598,2.2094509536933522,0.41017079116017563,1
2,2013-03-13,2216,18615.242324374711,136.4376865985887,8.6026284110081139,0.031987753428795285,0,100.26056522225274,10.01301978537208,0.63133794359218665,0.023388598564447392,0
2,2013-03-14,2217,20970.192239892891,144.81088439717814,9.0762071073129515,0.00052989428782111313,0,38237.777840039897,195.54482309700734,12.25602150404308,0.00018569798403234909,0
2,2013-03-15,2218,25123.117488764008,158.50273653399177,9.8832571494305075,0.20170706169998628,0,1.3568292821198493,1.1648301516186166,0.072631654037014284,0.48649700785065991,1
2,2013-03-18,2219,24942.882517498791,157.93315838511808,9.8049454220157131,0.15187250369074975,0,3745.8508833996475,61.203356798460391,3.7996806952326803,0.18476996810766597,0
2,2013-03-19,2220,3751.8260591796552,61.252151465721226,3.7956406795179691,0.12417488841034054,0,3704.2445936569616,60.862505647212402,3.7714953150867481,0.55083962187146041,1
2,2013-03-21,2221,2859.6210045712528,53.475424304733224,3.3261032066386704,0.0014878207338100934,0,236.98326082654023,15.394260645660779,0.95750338334074192,0.074159902409731637,0
2,2013-03-22,2222,2113.7224255380206,45.975237090612382,2.8747998806073083,0.10681559969175361,0,1394.7238569973761,37.346001887717193,2.3352197522411875,0.0053521155349879872,0
2,2013-03-25,2223,2517.1770513615124,50.171476471811275,3.1396418317779271,0.0041804764260061087,0,14099.099968508126,118.73963099364983,7.430515080954307,0.0015103486751074423,0
2,2013-03-26,2224,3251.8249611728556,57.024774976959407,3.5679508823375192,0.63999000210069623,1,6787.9837041207302,82.389220800543626,5.1549645425023378,0.26815969821418745,1
2,2013-03-28,2225,1968.3753408252051,44.366376241757735,2.8017919950589034,0.035785215932912916,0,45.940785123853615,6.7779631987680204,0.42803682972958768,0.040721314401149004,0
2,2013-04-02,2226,16818.255171069915,129.68521569966993,8.2352891379374462,0.46013452940574101,1,8948.4137660343185,94.596055763622189,6.0070522790044256,0.01137286166771904,0
2,2013-04-03,2227,14332.52433769259,119.71852128093042,7.6011759543447885,0.42364941262522127,1,31.45335062860174,5.6083286840735127,0.35608436089355638,0.0027796527528455078,0
2,2013-04-08,2228,22379.752247245349,149.59863718378369,9.484776489699394,0.21902366828725633,0,296.09983315691608,17.207551631679507,1.090984411582153,0.02933127578788508,0
2,2013-04-09,2229,28827.070520308775,169.78536603697262,10.780023240442706,0.0015675458324328922,0,418.75228120831713,20.463437668395727,1.2992658837076652,0.0078844176456806542,0
2,2013-04-10,2230,15915.4784233024,126.15656314002217,8.2159923894511344,0.016584393317487307,0,107962.70687636295,328.57678992339515,21.39868381135755,0.014598961460695089,0
2,2013-04-12,2231,517.65619291469977,22.752059091754745,1.6309719779035659,0.011553699412077602,0,39710.23140059079,199.27426176149993,14.284893316236555,0.0080587808317730252,0
2,2013-04-15,2232,5.1532559472476782,2.2700784011235555,0.16449843486402577,6.347890750772838e-05,0,167978.79423993916,409.85216144353706,29.699431988662106,0.011497140279055164,0
2,2013-04-16,2233,22787.450746843784,150.95512825619335,10.84447760461159,0.51894503316965124,1,110736.71089648041,332.77125912025576,23.905981258639063,0.27440912105419202,1
2,2013-04-17,2234,35784.573491094314,189.16810907521995,13.572599754275871,0.0021035185131557631,0,33626.320144833269,183.3748078249389,13.156936884300549,0.097864370539757953,0
2,2013-04-18,2235,47620.582891051534,218.2214079577243,15.319158157790403,0.1419873334872756,0,6672.6759360205133,81.686448913026652,5.7343944480889188,0.57077016425422089,1
2,2013-04-22,2236,35656.367924841325,188.82893826117152,13.41114618332184,0.076575078867407165,0,7.5164557447763416,2.7416155355513183,0.19471701246813342,0.085210472103611476,0
2,2013-04-23,2237,47685.575745525704,218.37027211945701,15.049639704993591,0.22719231370581522,0,116409.33995064395,341.18812985015165,23.513999300492877,0.002668986733389811,0
2,2013-04-25,2238,35342.292768067193,187.99545943470866,12.775770263996511,0.0028986376421963281,0,315.00559227294741,17.748396893042127,1.2061431799552924,0.12976229928312541,0
2,2013-04-26,2239,36139.610226456884,190.10420886044813,12.938860565625191,0.24369412572832458,0,2948.5543242504637,54.300592301101688,3.6958034576213503,0.29596329097365737,1
2,2013-05-02,2240,28878.902989930972,169.9379386421142,11.766518168053606,0.33309475734421207,1,35503.957966720103,188.42493987452963,13.046559797440169,0.015950770322007764,0
2,2013-05-07,2241,34391.792009436591,185.45024133021934,12.654400636657751,0.001338951139092953,0,50845.000047295798,225.48835900617087,15.386445513897707,0.00022466817116714255,0
2,2013-05-09,2242,1145.316071221526,33.842518689091776,2.3724163118886628,0.0034421429840215795,0,64448.629219109229,253.86734571249849,17.79651915264623,0.0075907314231335897,0
2,2013-05-10,2243,23777.248760079885,154.19873138284856,10.777475546590848,0.51243996832102201,1,45622.320064136591,213.59382028545815,14.928800998459421,0.00038162618747844334,0
2,2013-05-13,2244,27290.105503561022,165.19717159673473,11.522034636215151,0.043242744560135896,0,17916.841170040709,133.85380521315301,9.3359236417194769,0.10603801984826154,0
2,2013-05-14,2245,16335.881443187935,127.81189867609328,9.0646736649711546,0.11100637939415843,0,23475.933981278151,153.21858236283924,10.866566125024061,0.40493620674678404,1
2,2013-05-15,2246,12253.455321641924,110.69532655736612,8.0155920751170253,0.67002081686804915,1,11027.03709215163,105.00969999077051,7.6038884859355909,0.060628555047895757,0
2,2013-05-16,2247,19711.294770765726,140.39691866549538,10.257309126246238,0.28451717862671727,1,592.64658784279368,24.344333793365422,1.7785814643554647,0.00057956093442174258,0
2,2013-05-17,2248,18276.436603005441,135.19037170969477,9.9789903457977314,0.16881006092741599,0,237.35357850044369,15.406283734257386,1.1372049259462917,0.0014669935614569818,0
2,2013-05-20,2249,17568.548634393261,132.54640181609329,9.740687254535608,0.056279279147881049,0,83.553146672495529,9.1407410351948784,0.67174286497849556,0.00014297967496976479,0
2,2013-05-21,2250,34782.014300098286,186.49936809570772,13.240991700085743,0.011014186005648042,0,825.76033818358087,28.736045973369073,2.0401878575341903,0.038871265038072714,0
2,2013-05-22,2251,19322.062415991906,139.00382158772436,10.069092472852182,0.073632807822302387,0,61.221228083470073,7.8243995350103432,0.56678011843609877,0.047661843333759418,0
2,2013-05-23,2252,20665.390309771876,143.75461839458194,10.340199129263222,0.40393209569287108,1,4498.5878711738824,67.071513112303364,4.8244210114945778,0.49420993244471817,1
2,2013-05-24,2253,20457.037823689905,143.02810151746371,10.390708428439064,0.19481158647246474,0,38515.305509218146,196.25316687691475,14.257404059347239,0.034825760038689833,0
2,2013-05-28,2254,20900.943433547109,144.5715858443391,10.457257565594148,0.10689872920736887,0,206.69129185947904,14.376762217532814,1.0399104678143085,0.00069172851618660926,0
3,2013-05-29,2255,460.31516618638176,21.454956681065141,1.517860394840123,0.41667589724580761,1,313.42723778767714,17.703876349197571,1.2524850618463086,0.090459114165951524,0
3,2013-05-30,2256,0.69971021752425022,0.83648683045475991,0.059984713550000707,0.65248334903825256,1,1.6799365181694157,1.2961236508024285,0.092945403427926038,0.27959464886607754,1
3,2013-05-31,2257,51.31592093024809,7.1635131695452401,0.51076742741855541,0.022490531469169395,0,44.941958105330556,6.7038763491975715,0.47799474860588742,0.025866686090217004,0
3,2013-06-03,2258,0.061113134996714835,0.24721070971281733,0.017664216485374584,0.17552248916572136,0,13.718700010145131,3.7038763491975715,0.26465711677010156,0.041816858069198236,0
3,2013-06-04,2259,18.086216747581357,4.2527892902871827,0.30290522010592469,0.062201361481993372,0,67.303587152923271,8.2038763491975715,0.58432167729327433,0.03401211164926924,0
3,2013-06-05,2260,1.7370226388704362,1.3179615468102384,0.094140110486445605,0.14859361671898211,0,17.672576359342703,4.2038763491975715,0.30027688208554082,0.18774119055960245,0
3,2013-06-06,2261,77.887586134105817,8.8253943897202589,0.63675284197115867,0.090814922322146566,0,77.117340841587108,8.7816479570515185,0.63359653369780078,0.079287080710171612,0
3,2013-06-07,2262,78.327236571137362,8.8502675988434021,0.63900849089122036,0.042024430060394719,0,116.55628588341555,10.796123650802429,0.77950351269331619,0.05364963502013733,0
3,2013-06-13,2263,36.089101331608916,6.0074205222881574,0.43180021723544704,0.062112423528556955,0,20.667240248385202,4.5461236508024285,0.32676540167492746,0.13619035062090606,0
3,2013-06-14,2264,224.91632907152481,14.997210709712817,1.0830265903385317,0.1437095302489852,0,122.01684770881677,11.046123650802429,0.79769804302599234,0.062853729482383797,0
3,2013-06-17,2265,815.03054661590988,28.548739842870646,2.088804817477274,0.06134914703173084,0,447.83891159563007,21.162204790513442,1.548359596891417,0.10828919498461387,0
3,2013-06-18,2266,510.14938734230628,22.58648683045476,1.6453459719872343,0.13545067922872536,0,531.12381532807501,23.046123650802429,1.67882889461318,0.096275101576410574,0
3,2013-06-19,2267,5481.8643948052404,74.039613686223674,5.7284033799786211,0.081359897392201799,0,6087.7651027752199,78.02413154130727,6.0366832913970807,0.062077095220959777,0
3,2013-06-20,2268,1544.1405502263835,39.295553822619468,3.0338200210476329,0.0024126771751395619,0,2012.770292554153,44.863908574199741,3.4637258115575942,0.011007579650417404,0
3,2013-06-21,2269,267.67217777989754,16.360690015396585,1.2714738694693286,0.096582616897718979,0,141.95255199568462,11.914384247441603,0.92592844355481663,0.11654653415960653,0
3,2013-06-24,2270,380.65315374937495,19.510334537095332,1.5254366330801667,0.29699705255721781,1,386.68800783102949,19.664384247441603,1.5374811765005163,0.2135941804911482,0
3,2013-06-25,2271,4292.1886386563328,65.514797096963775,5.2994780260435821,0.095273357057315752,0,3322.7353738445463,57.643172829438754,4.6627440104702735,0.090167632079687449,0
3,2013-06-26,2272,1317.2224166312249,36.293558886271057,2.9441134768826651,0.2070508565206792,0,1570.7122951032065,39.632212846410766,3.2149432444867787,0.18083362210219431,0
3,2013-06-27,2273,6341.252287543829,79.63198030655667,6.6805352606171713,0.13568016403468189,0,6362.9511571307266,79.768108647069766,6.6919554234118923,0.21065322069447043,0
3,2013-06-28,2274,114.97123485239638,10.722464028962577,0.85608495241218174,0.16045876670113637,0,3.0140802503624569,1.7361106676598865,0.13861163015248595,0.19473023044462037,0
3,2013-07-02,2275,1.37502249592653,1.1726135322119262,0.093809082576954098,0.10491210674474648,0,17.94463358866189,4.2361106676598865,0.3388888534127909,0.20126212351233749,0
3,2013-07-03,2276,2186.6115926597599,46.761218896215269,3.8558003624997133,0.15909642786046158,0,1913.9437578741902,43.748642926086177,3.607391706954127,0.067250962650968527,0
3,2013-07-05,2277,171.5017292481815,13.095866876544733,1.0601794678441394,0.063933986249163702,0,451.50482620031215,21.248642926086177,1.7201896722190795,0.12149430552298081,0
3,2013-07-08,2278,30.088616365111971,5.4853091403413146,0.43690236083961093,0.50368713762224482,1,0.119054054352557,0.34504210518798573,0.027482445654160553,0.3544311015380936,1
3,2013-07-09,2279,53.796442954663462,7.3346058486235961,0.58396543380761123,0.22060860063034324,0,67.905684363997906,8.2404905414664427,0.65609001126325173,0.37499066469363518,1
3,2013-07-10,2280,780.97085054062507,27.945855695265891,2.1747747622775013,0.83898979866724566,1,1013.9168530857258,31.842061068431576,2.4779814061036247,0.45809058599055053,1
3,2013-07-11,2281,476.11440823568859,21.820046018184485,1.7050241076916963,0.09935131646552757,0,707.1377118671943,26.592061068431576,2.0779106128877967,0.049187595556908256,0
3,2013-07-12,2282,754.63893671057031,27.470692323102639,2.1270377331089927,0.073654162014162278,0,1225.0949970156173,35.001357073913823,2.7101321776162464,0.013477873771736563,0
3,2013-07-16,2283,302.86833397702605,17.403112766888171,1.3415388527183019,0.14443143168608399,0,649.32678692254058,25.481891352930234,1.9643007402528605,0.011129598873042844,0
3,2013-07-17,2284,686.50077461253545,26.201159795179592,2.041781398416489,0.010599738303567443,0,40.957338407956001,6.3997920597435041,0.49871747981636505,0.06537828209861507,0
3,2013-07-18,2285,2.959577325111884,1.7203422116288039,0.13276806572477745,0.017283715975766188,0,61.650624746250962,7.8517911807593919,0.60596497632717672,0.026254746929747139,0
3,2013-07-19,2286,47.558232165143188,6.8962476873400647,0.5196870902290931,0.043530188208680438,0,483.86040557153586,21.996827170561119,1.6576358078795115,0.076897548455335751,0
3,2013-07-22,2287,326.43619623558874,18.067545384904633,1.3548965418001224,0.00050405885932238738,0,812.06915878883046,28.496827170561119,2.1369949134279054,0.031613456188723868,0
3,2013-07-23,2288,342.04700895342984,18.494512941773564,1.3853567746646864,0.016167451547686916,0,367.11429487356384,19.160226900367434,1.4352229887915682,0.053698482175122429,0
3,2013-07-24,2289,107.54780746522317,10.370525901092151,0.78209094276713054,0.039978870033465043,0,103.23021066695003,10.160226900367434,0.76623128962047005,0.18242838847348589,0
3,2013-07-25,2290,79.908196837285516,8.9391384840646424,0.67161070503866582,0.10005561604316091,0,141.23154555375032,11.88408791425536,0.8928691145195613,0.023665686294429205,0
3,2013-07-26,2291,59.12285062712391,7.6891384840646424,0.57823940470499291,0.47719052362029624,1,113.08382576811192,10.63408791425536,0.79970580291448479,0.14978981710371664,0
3,2013-07-29,2292,53.373105113397166,7.3056899135808635,0.55172676158900902,0.023791999210660251,0,69.059871135592033,8.3102269003675246,0.62758954048767313,0.066292826818730097,0
3,2013-07-30,2293,1.0893402333523805,1.0437146321444288,0.079400124164657956,0.0092081101871444356,0,21.30664438332343,4.6159120857446396,0.35115344889651123,0.058288427228770673,0
3,2013-07-31,2294,2.5306137875804535,1.5907903028307828,0.12097264660310136,0.59142357961937653,1,16.940732297578791,4.1159120857446396,0.31299711678666459,0.013189684667955882,0
3,2013-08-01,2295,56.407159781527213,7.5104700106935525,0.57364674513603608,0.0041424949812846126,0,97.336221283642146,9.8659120857446396,0.75355448430358141,0.0017788015884022134,0
3,2013-08-02,2296,164.45080870334041,12.82383751859561,0.98285782859518001,0.72846496479010081,1,206.3794300553439,14.36591208574464,1.1010471037167764,0.21001002478481623,0
3,2013-08-05,2297,509.5918958655447,22.574142195564036,1.7629162198800497,0.87151012954620422,1,1676.8538428749869,40.949405891599781,3.1979231465521112,0.52438038524891328,1
3,2013-08-06,2298,1353.9948750965232,36.796669347870647,2.869136011529875,0.14571160562347982,0,1340.7250178709803,36.61591208574464,2.8550418780307711,0.04286371308362219,0
3,2013-08-07,2299,13.226909739435868,3.6368818704263504,0.28013725171780091,0.0075344637693403656,0,2.9015707228311514,1.7033997542653196,0.13120737564146503,0.33841689747919368,1
3,2013-08-08,2300,516.71857465024266,22.731444623037987,1.6951114558566731,0.01359109915449137,0,1372.5294923416725,37.047665140217305,2.7626894213435724,0.001898529237599692,0
3,2013-08-12,2301,2.3990081645200663,1.5488731918785561,0.11658812133071556,0.0011530006724162303,0,3.9637909808948928,1.9909271661451839,0.14986279007491035,0.00062907261411430221,0
3,2013-08-13,2302,60.781696394001919,7.7962616935299138,0.58773175224499907,0.011064719298040079,0,19.523442369301389,4.4185339615421526,0.33309717011248796,0.028778038569674199,0
3,2013-08-14,2303,2449.8431105323539,49.495889834736317,3.6148175888067424,0.027979587271761058,0,2224.8705960811553,47.168533961542153,3.4448445471274165,0.092873937195224313,0
3,2013-08-16,2304,1160.7144345954177,34.069259378439938,2.4959164379809478,0.24562670764177513,0,1129.3724835087278,33.606137586886234,2.4619881016033873,0.41856236144464537,1
3,2013-08-19,2305,0.00044472072334042262,0.021088402579152898,0.0015364956341823604,0.087359499213737923,0,3.9040561660567854,1.9758684586927302,0.1439612720359002,0.051860236210627998,0
3,2013-08-20,2306,94.964330139890166,9.7449643477998507,0.71496436887746517,0.037282646120870004,0,56.612555450894909,7.5241315413072698,0.55202725908343875,0.06034720326705293,0
3,2013-08-21,2307,7.5902214448939018,2.7550356522001493,0.20029339528899667,0.11376963721649694,0,24.759266918213168,4.9758684586927302,0.36174979706962779,0.091613030136965964,0
3,2013-08-22,2308,22.6103640536945,4.7550356522001493,0.34519315079492918,0.16166317446874642,0,48.662740752984085,6.9758684586927302,0.50641513311743958,0.34536558427331143,1
3,2013-08-23,2309,2162.7183410124071,46.505035652200149,3.2767331796512345,0.048684234849842391,0,2374.2102570538273,48.72586845869273,3.4332125036951018,0.16944125221184217,0
3,2013-08-27,2310,13.794918447888517,3.7141511073041329,0.26165206814400377,0.00060572793250790306,0,561.87375397804794,23.703876349197571,1.6698750510177929,0.05316339360680767,0
3,2013-08-28,2311,908.05052982123527,30.133876780481387,2.1405701850812564,0.00049903306011081451,0,69.852519179518922,8.3577819533365982,0.59369788338388196,0.032021106822851628,0
3,2013-08-29,2312,4481.951667981918,66.947379844038096,4.7999555364071051,0.26359412195258386,1,839.69109385064553,28.977423864978846,2.0776070166681375,0.08199003573570382,0
3,2013-08-30,2313,1432.0582209105567,37.842545116714291,2.7040046528556121,0.49248848525852412,1,232.40828396062821,15.244942897913006,1.0893135332556632,0.14081400334427016,0
3,2013-09-03,2314,714.04304880834263,26.721583950214153,1.922416111526198,0.0031976565529047191,0,22.86415718517496,4.7816479570515185,0.34400345014759126,0.10889875360087439,0
3,2013-09-04,2315,1006.2588883104842,31.721583950214153,2.2903670722176286,0.71025863156343327,1,95.680636755690145,9.7816479570515185,0.70625617018422515,0.11640876326906335,0
3,2013-09-05,2316,158.33583537081964,12.583156812613424,0.90722111121942484,0.78213001245534797,1,60.554044927484071,7.7816479570515185,0.5610416695783359,0.12985442507395425,0
3,2013-09-06,2317,4142.2281014348082,64.360143733795439,4.7384607939477599,0.00029925407788521606,0,4155.5095734693841,64.463242033498318,4.746051318497944,0.00057896413795845126,0
3,2013-09-10,2318,906.02610952198199,30.100267598843402,2.2071690264963082,0.78458885783242027,1,1026.9540410425188,32.046123650802429,2.3498532466216262,0.59882985557192314,1
3,2013-09-11,2319,1372.9540406090948,37.053394454612317,2.7901652450762287,0.010899816303576114,0,1808.3017633424038,42.52413154130727,3.2021183389538606,0.0052244359701978139,0
3,2013-09-12,2320,857.1725917297565,29.277509998798678,2.22051649592709,0.054775545673911991,0,1260.6612492900892,35.505791771063059,2.6928928154010663,0.022459832814481641,0
3,2013-09-13,2321,81.290192311511646,9.0161073813210351,0.68707238569792606,0.068643964481326147,0,344.15860488983168,18.55151219954405,1.4137178281229985,0.032650153741349011,0
3,2013-09-17,2322,396.16288591134366,19.903840983874034,1.5298878542562671,0.18949532137928465,0,703.59542411186669,26.525373213432204,2.0388449818164647,0.09249672780738985,0
3,2013-09-18,2323,16.166378573462254,4.0207435349027492,0.30593445196140379,0.034842963886242091,0,2.5273785083153375,1.5897730996325663,0.12096428378410243,0.068234998988656537,0
3,2013-09-24,2324,94.291094069686096,9.7103601410908595,0.73410396077042972,0.22258314927625536,0,13.206594968536875,3.6340879142553604,0.2747373210550263,0.27057501948185553,1
3,2013-09-25,2325,221.06934745143943,14.868400971571873,1.1154089250991654,0.18930612745937178,0,192.76789721077176,13.88408791425536,1.041566985315481,0.16460901452088736,0
3,2013-09-26,2326,301.91857530416701,17.375804306683676,1.295734847627418,0.028548247543596195,0,478.91330383885753,21.88408791425536,1.6319230361115107,0.025759291850559845,0
3,2013-09-27,2327,44.592642015756219,6.677772234492295,0.50341290874423628,0.36123152472267028,1,54.524754325452079,7.3840879142553604,0.55665947337017418,0.089117872947935939,0
3,2013-09-30,2328,16.008576767556178,4.001071952309303,0.30094561506651396,0.013809595317244051,0,64.812065498208312,8.0505941084002188,0.60553547261378105,0.10057716496172214,0
3,2013-10-08,2329,926.47409581604143,30.438036990187811,2.3342052906585744,0.66285815483346844,1,228.49079818396086,15.11591208574464,1.1591957120969816,0.23012621391019999,0
3,2013-10-09,2330,238.80240495371058,15.453232831796413,1.1900833909739248,0.0066676837500871614,0,895.70364730086999,29.928308460400331,2.3048370011860091,0.16056521774574931,0
3,2013-10-10,2331,1429.8840006776106,37.813807011164727,2.9880527073223808,0.069112146754787093,0,2874.6660287862983,53.61591208574464,4.2367374228166454,0.029373731831253296,0
3,2013-10-11,2332,568.19136278253598,23.836764939532713,1.8761719747762857,0.10914706433713636,0,2595.8419607069827,50.949405891599781,4.0101854302715294,0.18623483254142356,0
3,2013-10-15,2333,480.55232852884126,21.921503792596923,1.6616641116237956,0.014941796918458528,0,2.1992495534757084,1.4829867003704749,0.11241134738453476,0.54082023441885407,1
3,2013-10-17,2334,38.076429480520268,6.1706101384320391,0.46871326535754188,0.00012152372016458493,0,10.09514157762246,3.1772852527940358,0.24134335380129401,0.0010811305825682623,0
3,2013-10-18,2335,20.141145331035041,4.4878887387094437,0.34063671641058396,0.47612929943611931,1,2.7563533607036566,1.6602269003674337,0.12601342697286025,0.060720689176612157,0
3,2013-10-21,2336,167.47615447418596,12.941257839722766,0.97083704724101783,0.58054865450157611,1,192.76789721077176,13.88408791425536,1.041566985315481,0.09561992574601122,0
3,2013-10-22,2337,172.09244405093787,13.118400971571873,0.98541979129178392,0.2803918421866633,1,147.236089510878,12.13408791425536,0.91148078229148244,0.063879924093470139,0
3,2013-10-23,2338,298.26229816668319,17.270272093012409,1.2842738124567696,0.011283325101225912,0,657.10646319577268,25.63408791425536,1.9062344609968664,0.10723944287292494,0
3,2013-10-24,2339,843.31758164270855,29.0399308133251,2.1546971480857056,0.071756990973612489,0,691.7212504548163,26.300594108400219,1.9514445637841007,0.071966815187590238,0
3,2013-10-25,2340,1891.4782152740745,43.491128006457529,3.1955274067933526,0.11581613519432683,0,1564.2494943274221,39.550594108400219,2.9059951585892887,0.054424355884654038,0
3,2013-10-28,2341,6.8991926032809685,2.6266314174777108,0.19467344209580958,0.0027844253196627955,0,22.617555369711109,4.7557917710630591,0.35247669231521656,0.032381114641562667,0
3,2013-10-29,2342,8.256247011026149,2.8733685825222892,0.21209585403375453,0.39102114857692455,1,0.55384588801745827,0.74420822893694094,0.054933251813023873,0.075106643982389754,0
3,2013-10-30,2343,1239.3414048976904,35.204281059236109,2.6589336147459295,0.11083786965951947,0,624.30651080115001,24.986126366468852,1.8871696651411518,0.080029641862473994,0
3,2013-10-31,2344,904.55183765361267,30.075768280355078,2.3015701764189842,0.065402759181521219,0,1113.150395347559,33.363908574199741,2.5531975185919067,0.086484189691939786,0
3,2013-11-01,2345,52.064114183565799,7.2155467002553451,0.55196379424405018,0.034146810537571036,0,140.7998696266207,11.86591208574464,0.9077002934208942,0.15252553097356447,0
3,2013-11-05,2346,386.71680724242384,19.665116507217135,1.4909110316313219,0.029258123020091099,0,219.48925845879444,14.815169876136906,1.1232122726411604,0.65640571215852872,1
3,2013-11-06,2347,14.41325369689558,3.7964791184590467,0.29041722076565663,0.22329098015083376,0,30.829990619519041,5.5524760800492459,0.42474477567789221,0.020729859451656608,0
3,2013-11-07,2348,303.23784813134819,17.413725854375571,1.3546266708965826,0.55703755142589939,1,122.0273769890655,11.04660024573468,0.85932323965263946,0.42695448061546365,1
3,2013-11-08,2349,493.12971625203488,22.206524182141493,1.7315028602059646,0.49945010630019115,1,197.30697846347357,14.04660024573468,1.0952514811489029,0.066749899858731768,0
3,2013-11-11,2350,533.57653831402365,23.099275709727863,1.802870299295833,0.050244376232080522,0,233.98597907781027,15.29660024573468,1.1938809947890483,0.18459962671448765,0
3,2013-11-12,2351,1270.8476109220449,35.648949646827532,2.8014891667447963,0.14592496258214946,0,674.64038750032478,25.973840445731639,2.0411662432795001,0.020350760631917215,0
3,2013-11-13,2352,141.82306653122862,11.908949010354718,0.92604580173831397,0.16645128217711985,0,103.2137675036121,10.159417675418808,0.79000137444936303,0.16096022835146309,0
3,2013-11-14,2353,257.38684938412348,16.043280505685971,1.2499634207780266,0.010574747053053821,0,99.390516003969537,9.9694792243110442,0.77674166141885814,0.29444957784673698,1
3,2013-11-18,2354,666.67876674842489,25.820123290728588,2.0239171695652431,0.51858451038633879,1,1929.6063896803364,43.927285252794036,3.4432518324745467,0.01738412809716847,0
3,2013-11-19,2355,524.01699322416346,22.891417457732132,1.8211151517686659,0.036850576455655877,0,1993.6742502127527,44.650579505900623,3.5521542964121418,0.078943170912348273,0
3,2013-11-20,2356,436.2143069799003,20.885744108838935,1.6843342023257206,0.14187066410151478,0,3492.8784979332863,59.100579505900669,4.7661757666048921,0.18190428723780974,0
3,2013-11-21,2357,164.10746346211442,12.810443531045848,1.0279192402042807,0.12340798308457059,0,1394.4848673634042,37.342802082374646,2.9964134068104031,0.34977995485210506,1
3,2013-11-22,2358,493.00199035905058,22.203648131760929,1.7862951031183369,0.34002686496427892,1,2176.2030992173081,46.649792059743504,3.7530001657074421,0.026920698456469928,0
3,2013-11-25,2359,2.4674846357780149,1.5708229167471472,0.12591766867712603,0.55472740771895579,1,1067.5321882702121,32.673111089552094,2.619087061286741,0.31676357006104333,1
3,2013-11-26,2360,4.8321490322571341,2.198214964978888,0.17656345100232032,0.085879394542117168,0,354.38532820235253,18.825124918638721,1.5120582263966844,0.669690064590999,1
3,2013-11-27,2361,33.660709592594927,5.801785035021112,0.46303152713656115,0.16684778584467291,0,117.18332950413298,10.825124918638721,0.8639365457812227,0.099563316784506958,0
3,2013-11-29,2362,526.87916720135001,22.953848635933582,1.8669254685590548,0.2494252540916993,0,1178.2142006801528,34.325124918638721,2.7917954386855408,0.086338987633683154,0
3,2013-12-02,2363,233.47410485661376,15.279859451467928,1.2552770138811196,0.0025454239485936392,0,1481.4487132635929,38.489592271984293,3.162012098745886,0.030718863613979977,0
3,2013-12-03,2364,13.97115292759317,3.7378005467912772,0.30450513619480873,0.0089436940481899419,0,154.00340276978631,12.409810746735275,1.0109825455588817,0.35795322254311895,1
3,2013-12-04,2365,76.299406419648605,8.7349531435290828,0.71451559456270608,0.3261206955486009,1,280.7705710787136,16.756209925836856,1.3706511186778614,0.23916337447042296,0
3,2013-12-05,2366,23.627651474458204,4.8608282704142312,0.39422775915768304,0.028473198314049927,0,39.1401626361396,6.2562099258368562,0.50739739868912059,0.12554329940118131,0
3,2013-12-06,2367,38.301219418493609,6.1887978976933482,0.50030702487415912,0.20546466058635868,0,115.76704378827309,10.759509458533557,0.86980674684992376,0.17535569377854429,0
3,2013-12-09,2368,1255.9083964335546,35.438797897693348,2.7987204657605806,0.27184574672885725,1,341.89824046406,18.490490541466443,1.4602559164040625,0.23445097307519655,0
3,2013-12-10,2369,2.3716973688310241,1.5400316129323528,0.12215202164841188,0.0080586560840396476,0,8.5955017108270351,2.9318086074686107,0.23254480328920171,0.050825025670145976,0
3,2013-12-11,2370,1415.2490153068479,37.619795524522033,3.0703771087143057,0.26379304867125547,1,1060.6870905805556,32.568191392531389,2.658085402369426,0.29321473031564038,1
3,2013-12-12,2371,332.61527549041864,18.237743157814748,1.480336295277171,0.0042843475103660853,0,475.74326637344132,21.811539752466842,1.7704171877002308,0.03449895044557047,0
3,2013-12-13,2372,239.87018812243755,15.487743157814748,1.2543221832609637,0.81855620639836668,1,363.34229773487368,19.061539752466842,1.5437570157899851,0.13856992185828126,0
3,2013-12-16,2373,387.1559947163758,19.676280001981468,1.5974248022716839,0.023712750029937248,0,612.49532668291533,24.748642926086177,2.009226135667642,0.073101961505828705,0
3,2013-12-17,2374,81.516461039023156,9.0286466892343924,0.73373804869844717,0.089968426868312745,0,637.03701805600929,25.239592271984293,2.0511655645659728,0.031124070239653988,0
3,2013-12-18,2375,2415.577115765404,49.148520992654539,4.1094081097537236,0.045772332633161647,0,3267.0299829049054,57.157938931568424,4.7790918839104028,0.06202969752277334,0
3,2013-12-19,2376,438.44140685539338,20.938992498575317,1.7518504495775207,0.21877813973224275,0,1215.9083211546515,34.869876987948373,2.9173710092406084,0.090005027209153599,0
3,2013-12-20,2377,65.162601631238815,8.0723355747416008,0.67466239655174265,0.26410057285849764,1,44.807836117482005,6.6938655586650384,0.55945387034392302,0.11140869313649079,0
3,2013-12-24,2378,87.431073720190923,9.3504584764700667,0.76990189184603264,0.061572709770674687,0,127.82867600554063,11.306134441334962,0.93092914296706142,0.015991863171434882,0
3,2013-12-27,2379,197.55924525636115,14.055577016129973,1.1669221267023639,0.0086074166339901378,0,151.55618507212827,12.310815776061645,1.0220685575808754,0.056428291698269718,0
3,2013-12-30,2380,448.22018442117991,21.171211217622385,1.6987932772415153,0.29164191371464893,1,434.53762599262427,20.84556609911624,1.6726632777625867,0.025341147470937284,0
3,2014-01-06,2381,570.39408897414989,23.882924631923743,1.945655774494806,0.00015507779822999672,0,197.61772605823569,14.057657203753251,1.1452266561102444,0.00031191761976692072,0
3,2014-01-07,2382,923.12210918915855,30.382924631923743,2.4883640157185702,0.0038278787562351065,0,422.61726970702796,20.557657203753251,1.6836738086612,0.0088187060443322817,0
3,2014-01-08,2383,202.75339943748966,14.239150235793204,1.1614315037351715,0.048182023594599915,0,117.55360695211745,10.84221411668841,0.8843567795015016,0.10238648071496037,0
3,2014-01-09,2384,33.063535150744656,5.7500900124036889,0.46213301285141162,0.31251077205882216,1,55.321107054938302,7.4378160137864597,0.59777504631597023,0.21103001960177928,0
3,2014-01-10,2385,264.47903086231855,16.262811284102099,1.3157614307525969,0.0059560138480862961,0,30.887553594430411,5.5576572037532515,0.44964864108036012,0.040681545917538399,0
3,2014-01-15,2386,97.672199280285042,9.8829246319237427,0.79604709077114311,0.50001307505225145,1,0.0033243531446439534,0.057657203753251451,0.0046441565649014459,0.086189406726501938,0
3,2014-01-16,2387,2.7848687632635851,1.6687926064264502,0.13350340851411602,0.0049311520806497866,0,71.273151889339374,8.4423427962467485,0.67538742369973992,0.027299867898935373,0
3,2014-01-17,2388,137.85281894391889,11.741074011516957,0.94839046942786409,0.00089896800385273735,0,392.76071007100524,19.818191392531389,1.6008232142594014,0.041730457565909707,0
3,2014-01-21,2389,67.571536882402413,8.2201908057174933,0.66238443237046685,0.76113859300861519,1,54.954204015016657,7.4131102794317485,0.59734974048603939,0.19011262940129026,0
3,2014-01-22,2390,44.873992684450648,6.6988053177003621,0.53038838619955364,0.066925204756872261,0,84.427801720497101,9.1884602475331576,0.72751070843492938,0.22786466279767709,0
3,2014-01-23,2391,53.462788601408704,7.3118252578551619,0.57709749470048632,7.9524742240824636e-05,0,34.362789061865556,5.8619782549806132,0.46266600276090081,0.0010349355777966177,0
3,2014-01-24,2392,0.0025053271083318863,0.050053242735430103,0.0039709038266902107,0.0059428756415763253,0,11.056455724552162,3.3251249186387213,0.26379412285908144,0.12931835903171726,0
3,2014-01-27,2393,84.639020336502881,9.1999467572645699,0.73526048010106448,0.29754633070276082,1,158.13376671936851,12.575124918638721,1.0050049885025951,0.1325787645220802,0
3,2014-01-28,2394,0.012278114794261524,0.11080665500890063,0.0087663492886788479,0.62087940013912546,1,0.03058129408111385,0.17487508136127872,0.013835053905164455,0.058716034069176852,0
3,2014-01-29,2395,457.49759194941151,21.389193344991099,1.721464253117996,0.00019096135423369171,0,454.76095279554613,21.325124918638721,1.7163078405343035,0.0023551731334918915,0
3,2014-01-30,2396,2.4402420552554953,1.562127413259077,0.12405220673091737,0.6323905176564395,1,20.931768021148965,4.5751249186387213,0.36332141501995008,0.03856785517991837,0
3,2014-02-07,2397,141.36118062643797,11.889540808056381,0.93105252999658417,9.9789883809334057e-05,0,173.57733340947436,13.174875081361279,1.0317051747346342,0.0093129188701506667,0
3,2014-02-10,2398,2141.3090880864024,46.274281065040896,3.5705463784753775,4.9746803997659181e-05,0,1136.2678480631225,33.708572323121643,2.6009700866606207,0.00010504304456786859,0
3,2014-02-13,2399,3294.7650968970279,57.400044398040563,4.3484882119727706,3.9870067420657032e-05,0,830.28064747397605,28.814590878129366,2.1829235513734369,0.00055239287364984135,0
3,2014-02-14,2400,1017.002510483263,31.890476799246244,2.4145732954189847,0.00058448655323190999,0,416.88472063224998,20.417755034093489,1.545921259443005,0.087524008736823644,0
3,2014-02-18,2401,868.11298143877173,29.463757082876782,2.2384620765718353,0.016881627158026231,0,164.99279626400232,12.844952170561101,0.97587480877957078,0.051147085492883979,0
3,2014-02-20,2402,150.30759119756354,12.259999641009927,0.92650667984205004,0.52233360908750759,1,54.911462714929144,7.4102269003674337,0.56000203290137418,0.020908766210223483,0
3,2014-02-21,2403,337.99265832803462,18.384576642610909,1.3773797821772549,0.0039068911590925308,0,357.59668142338012,18.910226900367434,1.4167617082125816,0.21748237706086573,0
3,2014-02-24,2404,883.89648711290602,29.730396686100676,2.2203432924645763,0.010546209921959341,0,450.83972421810944,21.232986700370475,1.5857346303488031,0.066281474775526164,0
3,2014-02-25,2405,2974.9438278382931,54.543045641385788,4.0417225373387025,0.0018591632077592734,0,923.1927983811986,30.38408791425536,2.2515070703412641,0.0085043432151628087,0
3,2014-03-03,2406,613.65318859106685,24.772024313549082,1.8559298979995567,9.7901923729663788e-05,0,106.813055019663,10.335040155687011,0.77430531228222599,0.00027392682667005247,0
3,2014-03-04,2407,384.41380696465097,19.606473598397315,1.4588149998807527,0.33004481604008412,1,0.84738923935749444,0.92053747308705169,0.06849237150945324,0.15243886149408176,0
3,2014-03-10,2408,1315.6597478026958,36.272024313549082,2.6943007846647413,0.0010914370772310347,0,584.11803385021642,24.168533961542153,1.7952485765305219,0.0017298251010442699,0
3,2014-03-11,2409,3138.4672081878844,56.022024313549082,4.1011730829830952,0.00034905403727261518,0,1928.8376253311314,43.918533961542153,3.2151196165111382,0.0017207599324979394,0
3,2014-03-12,2410,2416.1429142808315,49.154276663183964,3.5911800301869565,0.031433705741987929,0,989.06939898404823,31.449473747330785,2.2976784472935732,0.022322655189697865,0
3,2014-03-13,2411,1731.853503898448,41.615544017811999,3.0047324200586281,0.00027496282624367733,0,960.64094373870239,30.994208228936941,2.237848969598335,0.012853474101518363,0
3,2014-03-14,2412,123.01748899559233,11.091324943197378,0.81809514609606326,0.031433705741987929,0,218.27496279985033,14.77413154130727,1.0897386348004625,0.051298222078885285,0
3,2014-03-18,2413,221.82246105601769,14.893705417256569,1.1131319444885328,0.26747908805958015,1,1057.8191325162584,32.52413154130727,2.4308020583936671,0.065898704470370315,0
3,2014-03-19,2414,225.67858467942747,15.022602460273902,1.1320725290334515,0.026515684228585933,0,729.31278918201724,27.005791771063059,2.0351011131170353,0.043837971162702126,0
3,2014-03-20,2415,41.061236893591257,6.4079042512814794,0.48887310709757614,0.19902699517237424,0,128.40212258072359,11.331466038457847,0.86450246335745551,0.0054370447050534837,0
3,2014-03-24,2416,965.00047762982706,31.06445682174126,2.3650138425383527,0.07752075589354554,0,31.538468554812709,5.6159120857446396,0.42755326119106507,0.60751624541964389,1
3,2014-03-25,2417,771.9199739552987,27.78344784139108,2.1306325031741622,0.0013063672509074742,0,25.095075967620961,5.009498574470399,0.38416400110969318,0.010124338447532128,0
3,2014-03-26,2418,443.54596028650906,21.06053086430893,1.6250409617522321,0.50770405986713052,1,0.29877182863721297,0.54660024573468036,0.042175944886935213,0.26414518914558494,1
3,2014-03-27,2419,1.2306876395731103,1.1093636191858423,0.08568168520454468,0.81283153617919912,1,444.77852939398542,21.089773099632566,1.6288683606590126,0.5713287278914162,1
3,2014-03-28,2420,296.04842045625105,17.206057667468485,1.3263486349946798,0.41972022221311889,1,478.1181113415135,21.86591208574464,1.6855588426089525,0.49381363814985263,1
3,2014-04-04,2421,39.036065139193219,6.247884853227788,0.47996042659710297,0.35193937545430148,1,198.52170599912949,14.089773099632566,1.0823716611970475,0.0086644826312844755,0
3,2014-04-09,2422,964.89176047781461,31.062706908410519,2.3523443323294599,0.16225564711167362,0,21.717714762908258,4.6602269003674337,0.35291381297746566,0.089692647731623817,0
3,2014-04-10,2423,1023.7595235073476,31.996242334176486,2.4276359889360002,0.13223698784679222,0,1.245259783110952,1.1159120857446396,0.084667077825845191,0.0083193163905561709,0
3,2014-04-11,2424,135.17986221286176,11.626687499578793,0.89573863633118589,0.084138066520681759,0,445.88174321289654,21.11591208574464,1.626803704602823,0.1362704421588985,0
3,2014-04-15,2425,12.005593883029814,3.4649089285333048,0.26622427418619321,0.052152608319110873,0,310.32035861268406,17.61591208574464,1.3535084199573291,0.15924870864038423,0
3,2014-04-16,2426,379.70367398389874,19.48598660535049,1.5000759511432249,0.51746766408761569,1,503.97582488579496,22.449405891599781,1.7282067660969809,0.44345020252666345,1
3,2014-04-17,2427,70.534577260253897,8.3984866053506266,0.65268984692835652,0.061137277837372217,0,1204.0487692299896,34.699405891599781,2.6966703626656137,0.081009804786222814,0
3,2014-04-22,2428,27.103036437007407,5.2060576674684853,0.40506186870013505,0.024517328254404547,0,1146.9000013993848,33.86591208574464,2.6349669002719036,0.258926794232894,1
3,2014-04-23,2429,66.793666219005928,8.1727392114887607,0.62806833517685001,0.17914164110608735,0,212.86147909876206,14.589773099632566,1.1212121498276708,0.057981734000506865,0
3,2014-04-25,2430,352.61547206947284,18.778058261425031,1.4455780031889938,0.0017101278617190051,0,7.2766352987064824,2.6975239199507541,0.20766157967288332,0.030742854404090303,0
3,2014-04-28,2431,0.47918921455385444,0.69223494173138533,0.053724093265920481,0.3212374597102452,1,747.4631931393925,27.339773099632566,2.1218294993894116,0.15496920088771243,0
3,2014-04-30,2432,2.9305072210464624,1.711872431300435,0.13208892216824344,0.067828716803837688,0,393.61659664490401,19.839773099632566,1.5308466897864634,0.28536927583303223,1
3,2014-05-07,2433,129.79593276301759,11.392801796003369,0.8852215847710464,0.017895736428103381,0,831.7325124382902,28.839773099632566,2.2408526106940609,0.058126355641352392,0
3,2014-05-08,2434,133.11075692251896,11.537363516961705,0.89350346694766358,0.13432381968274029,0,87.265947316981823,9.3416244474385621,0.72345591074064375,0.14422259335045431,0
3,2014-05-09,2435,153.48358736672282,12.388849315683956,0.95556107332695384,0.35979395222183724,1,28.416634787486903,5.3307255404388343,0.41116278753866831,0.43762828480576782,1
3,2014-05-13,2436,514.24586317500109,22.676989729128536,1.7457266920037364,0.097111451586312056,0,36.038084020113224,6.0031728294388813,0.46213801612308553,0.056735689873903358,0
3,2014-05-15,2437,535.77628206471206,23.146841729806511,1.7922448106702678,0.068032967331490002,0,82.657635093262542,9.0916244474385621,0.70395853251556817,0.034621934111921278,0
3,2014-05-16,2438,37.253788271479422,6.1035881472687379,0.46878557198684623,0.10093870504901366,0,248.59870839069433,15.767013299629525,1.2109841243955088,0.1351812187877631,0
3,2014-05-19,2439,710.23764821176519,26.65028420508429,2.0571427406471856,0.034674981356190092,0,584.54112219497199,24.177285252794036,1.8662512738551937,0.14356617361185756,0
3,2014-05-20,2440,22.862888742143312,4.7815153186143107,0.37145195716560969,0.082911772540955719,0,1208.3117607642232,34.760779058649177,2.7003906823576753,0.087903866972881536,0
3,2014-05-21,2441,343.28327339343838,18.527905261886417,1.4268698699951032,0.083938828188290251,0,448.47741067820778,21.177285252794036,1.6309037545470955,0.042113465556314969,0
3,2014-05-22,2442,123.18356554823924,11.098809195055082,0.85937353426675056,0.26643187246010097,1,793.95940421732428,28.177285252794036,2.181748761346809,0.077639063694226185,0
3,2014-05-23,2443,207.24687934956157,14.396071663810289,1.1286610477311085,0.066946909673021693,0,1142.9491276344133,33.80753063496968,2.6505316060344715,0.15536189777975359,0
3,2014-05-27,2444,195.18200158563684,13.970755226029723,1.1057186565911929,0.32112062960354487,1,898.1696849764113,29.969479224311044,2.3719413711366082,0.18412237507098816,0
3,2014-05-28,2445,18.229381297172246,4.2695879540269743,0.34020621147625291,0.064264575638073196,0,817.54833092184788,28.592802082374646,2.2783109228983784,0.16272738194477379,0
3,2014-05-29,2446,196.52315322909311,14.018671592882583,1.121045309306884,0.034841148802412861,0,1398.626022887526,37.398208819240608,2.9906604413627034,0.022736262302702325,0
3,2014-05-30,2447,233.93002946441246,15.29477131128192,1.2307198802077586,0.1015149687760212,0,2199.5904952471797,46.899792059743504,3.7738718213432714,0.16144329513858235,0
3,2014-06-03,2448,21.264370609683063,4.6113306766792448,0.37031364598909816,0.09111778018998215,0,562.28369265688787,23.712521853587987,1.9042378521251144,0.23353928507055155,0
3,2014-06-04,2449,3.3707844305021943,1.8359696158984207,0.1465844004709318,0.12097465382200968,0,271.01462577986206,16.462521853587987,1.314373002282474,0.23672041030533536,0
3,2014-06-05,2450,2.120052479209797,1.456039999179211,0.11671663320073834,0.19703529075232035,0,266.50970360915892,16.325124918638721,1.308627247987072,0.078721640557906439,0
3,2014-06-06,2451,19.396097483867994,4.4041000765046192,0.35134424224209165,0.010194497867365862,0,106.60820458549426,10.325124918638721,0.82370362334572966,0.037919327578775905,0
3,2014-06-09,2452,342.61965365000322,18.509987942999942,1.469629848590706,0.17339557062090827,0,18.706705561829605,4.3251249186387213,0.34340015233336413,0.29698389331945807,1
3,2014-06-10,2453,0.9380293618520138,0.9685191592591309,0.076744782825604665,0.4299859645648681,1,3.331080968635999,1.8251249186387213,0.1446216258826245,0.10452523668594227,0
3,2014-06-11,2454,134.46460658193448,11.595887485739695,0.91612778872128731,0.33669669710084871,1,3.7051440788455894,1.9248750813612787,0.15207387567539235,0.44523197638034745,1
3,2014-06-12,2455,105.60265923099936,10.276315450150378,0.80725180283977827,0.47709307986242661,1,84.178332758584133,9.1748750813612787,0.72072860026404395,0.3976705553531123,1
3,2014-06-13,2456,30.229641577322415,5.4981489228032387,0.43080500864276117,0.191416658800353,0,20.0873500994708,4.4818913529302336,0.35117659964193798,0.092444514005008957,0
3,2014-06-16,2457,80.721560489395259,8.9845178217528883,0.70883769796866969,0.14506373532177877,0,119.6661584197881,10.939202823779624,0.86305347722127213,0.34882857765104547,1
3,2014-06-17,2458,302.01858961265458,17.378682044753987,1.3686695841507373,0.13088129575910223,0,396.00172402103061,19.899792059743504,1.5672212687334912,0.083277507739600506,0
3,2014-06-18,2459,354.46839373366686,18.827331030543519,1.4560967541023604,0.491525979130852,1,11.223893242957674,3.3502079402564959,0.25910347565788833,0.28146389507691838,1
3,2014-06-19,2460,672.12928860510453,25.925456381809454,1.9752728671854822,0.00055483629914755239,0,148.05426256970745,12.167755034093489,0.92706705021664682,0.0014346141848481056,0
3,2014-06-20,2461,675.76105926604066,25.995404579772185,1.9790943722704366,0.0021991522941052777,0,220.09549475755884,14.835615752558397,1.1294720786112216,0.090207143768347153,0
3,2014-06-23,2462,532.74482744135139,23.081265724421428,1.7505700208131536,0.004801579781349377,0,0.0932246088942979,0.30532705234600144,0.023157152244672085,0.10413743750686796,0
3,2014-06-24,2463,462.79525329009476,21.512676571967859,1.6337707668097861,0.053560232646269988,0,4.2243692921053029,2.0553270523460014,0.15609090961427768,0.18009594755195266,0
3,2014-06-25,2464,495.62676814804655,22.262676571967859,1.6897667227300084,0.41150070553409901,1,1.7038787135863007,1.3053270523460014,0.099076057104060825,0.1213334631712643,0
3,2014-06-27,2465,28.096323569040507,5.3005965295465103,0.40308718855866998,0.0056055417584829044,0,14.480513975316308,3.8053270523460014,0.28937848306813702,0.0086277465478962635,0
3,2014-06-30,2466,1040.8802995874037,32.262676571967859,2.4303334517489912,0.093192638621312135,0,75.597337666666277,8.6946729476539986,0.65496594709257994,0.05798401259888377,0
3,2014-07-01,2467,427.68821454768073,20.680624133417268,1.5590368739854708,0.00019142208444630161,0,59.207991771358273,7.6946729476539986,0.58007334697730861,0.0013770599278181855,0
3,2014-07-02,2468,198.90936348099822,14.103523087547956,1.0704761356772641,0.7498042559993896,1,20.989831061542642,4.5814660384578474,0.34773935775771136,0.067674519027104404,0
3,2014-07-03,2469,55.147593434472412,7.4261425676102135,0.56558587719803599,0.94243787711394966,1,82.473025407663272,9.0814660384578474,0.69165773331742941,0.53682961568855581,1
3,2014-07-07,2470,281.00368925623934,16.763164655166975,1.2670570412068765,0.15403115645462215,0,51.268849264745427,7.1602269003674337,0.54121140592346439,0.2563512711259931,1
3,2014-07-08,2471,329.83586449140211,18.161383881505344,1.3730019944437983,0.00027760300154732918,0,47.75123581456171,6.9102269003674337,0.52241367608145406,0.003201772954271302,0
3,2014-07-09,2472,1132.3395748269575,33.650253711182586,2.5107445410320901,0.12699242865893193,0,446.64967196747449,21.13408791425536,1.5768765464842647,0.3323027975789275,1
3,2014-07-10,2473,0.01692980282703636,0.13011457576703833,0.0099628312225909892,0.01048789314445207,0,96.821134652252681,9.8397730996325663,0.75342826184016587,0.038685750829161036,0
3,2014-07-14,2474,226.29322216881596,15.043045641385788,1.1483240947622739,0.06416233871829212,0,83.099853155025187,9.1159120857446396,0.69587115158356028,0.11455876686521381,0
3,2014-07-15,2475,392.20074930952933,19.804058909969172,1.522218209836216,0.059503222734947812,0,220.21886564857834,14.839773099632566,1.1406435895182603,0.0021176947511329721,0
3,2014-07-16,2476,840.01675848947673,28.983042602347268,2.2251856124642817,0.37749823361779489,1,276.08853444119478,16.61591208574464,1.2756938261608168,0.15708708721458325,0
3,2014-07-17,2477,501.7786291853397,22.400415826170274,1.7135525588961771,0.01614617263007671,0,73.784201903171265,8.5897730996325663,0.65708725183649386,0.0030566091153631449,0
3,2014-07-18,2478,1674.9326507089188,40.925941048544246,3.1235215453954779,0.16341744035982511,0,31.245563305375867,5.5897730996325663,0.42661882080767533,0.0038488675534350293,0
3,2014-07-22,2479,1495.8284159904697,38.675941048544246,2.9568762269529243,0.0049368870373048303,0,61.462042253722416,7.8397730996325663,0.59937103208200049,0.23241101382072543,0
3,2014-07-23,2480,548.77471400987031,23.425941048544246,1.8121014154743182,0.077495930402014246,0,695.1613201132152,26.36591208574464,2.039521337129734,0.014229878695248914,0
3,2014-07-24,2481,579.44654778088818,24.071695988876399,1.8591771375845838,0.030618052105774396,0,712.8582749643931,26.699405891599781,2.0621282789418638,0.013985305568258135,0
3,2014-07-25,2482,387.26627400498984,19.679082143356936,1.5085536330668405,0.30895277863633464,1,128.59045395115038,11.339773099632566,0.86928118816654398,0.42235921213221655,1
3,2014-07-28,2483,264.22031893836999,16.254855241999849,1.2647232244310329,0.6679324420378383,1,1057.3561539282834,32.517013299629525,2.5300146508173138,0.044863333118633858,0
3,2014-07-31,2484,44.577755313904014,6.6766574956263867,0.51706931234279863,0.078772792713998896,0,703.15199433272915,26.517013299629525,2.0535925111039322,0.11694686852818659,0
3,2014-08-01,2485,242.13012077911083,15.56053086430893,1.2057753478736095,0.38971004861766589,1,101.84088398813967,10.091624447438562,0.78199337058803275,0.013324841270317443,0
3,2014-08-04,2486,652.15693539744666,25.537363516961705,1.9565112826632221,0.17230032215143137,0,21.700462788702083,4.6583755525614379,0.35689527313246028,0.076500190988233102,0
3,2014-08-07,2487,1089.8103592890764,33.012275887752367,2.5205020719795663,0.35529356630324471,1,37.085336405008434,6.0897730996325663,0.46495690777877963,0.053037031177233872,0
3,2014-08-08,2488,274.35489368974316,16.563661844222224,1.2588760664428824,0.038525397375902527,0,0.0080592094176386748,0.0897730996325663,0.0068229602608828651,0.013028149796313756,0
3,2014-08-12,2489,274.81840589783712,16.57764777939974,1.2635402270883949,0.041949840722262016,0,14.743857456661885,3.8397730996325663,0.29266563259394562,0.020976604350985043,0
3,2014-08-13,2490,864.96424943440422,29.410274555576734,2.2390768599601625,0.0081152310700596357,0,5.4745381577641874,2.3397730996325663,0.1781327064813526,0.0066968972716278464,0
3,2014-08-14,2491,133.17328426351673,11.540072974791656,0.89009432894652185,0.030515890242523585,0,374.02682354527144,19.339773099632566,1.491690944823183,0.026695016173481564,0
3,2014-08-19,2492,103.61371328120804,10.179082143356936,0.78602950913953185,0.12105594140186757,0,434.29614284416914,20.839773099632566,1.6092488880025149,0.14010104942546706,0
3,2014-08-20,2493,235.15426872889014,15.334740582379936,1.2006060350268104,0.15549516626033358,0,1489.1705878811254,38.589773099632566,3.0213171344398173,0.057864553087818182,0
3,2014-08-22,2494,94.827854594173289,9.7379594676797296,0.75722857446965242,0.076378690303877006,0,160.38662836684702,12.664384247441603,0.98478882172951809,0.14640681877703585,0
3,2014-08-26,2495,0.063045604321093865,0.2510888375079503,0.019574261353182638,0.032357037922462639,0,176.2744333601126,13.27683822904055,1.0350292909016214,0.0016955657669176986,0
3,2014-08-27,2496,974.65386228590808,31.219446860665357,2.4163658560886496,0.011611962280972637,0,6.5852496071380644,2.5661741186322615,0.19862028781983446,0.10349612772151223,0
3,2014-08-28,2497,38.681519252640165,6.2194468606653572,0.49087978379363517,0.0054792929055791162,0,275.32108094485642,16.592802082374646,1.3096134240232555,0.020692789884643081,0
3,2014-09-02,2498,206.68565710505422,14.376566248762401,1.1360384234502094,0.049703502850891416,0,1586.6660688685399,39.832977152963849,3.14760783508209,0.25373097942237016,1
3,2014-09-03,2499,222.12260928467165,14.903778355996565,1.1721414357842364,0.025485758469950371,0,187.05327460047016,13.676742104772984,1.0756383881064084,0.076889202789356487,0
3,2014-09-04,2500,285.74249275039904,16.903919449358455,1.3352227053205732,0.16541323712572212,0,367.74743775297298,19.176742104772984,1.5147505611984979,0.033737156089976537,0
3,2014-09-05,2501,25.196263228212707,5.0195879540269743,0.39972828620561213,0.10966027890669942,0,775.22162779828591,27.842802082374646,2.2172249319032171,0.078981648951357147,0
3,2014-09-09,2502,42.921036183086152,6.551414823004734,0.52369423045601393,0.0041183008543527562,0,1477.1589718792927,38.433825881367738,3.0722482718919055,0.055836755816625436,0
3,2014-09-10,2503,426.41154631834803,20.649734775980733,1.6636241511364134,0.020475231411881335,0,2342.5398714264102,48.399792059743504,3.8992783129702726,0.11830112062440463,0
3,2014-09-11,2504,124.42223137868605,11.154471362583081,0.90576300142777755,0.00082628339186716776,0,948.11201838043041,30.791427676878357,2.500318934379079,0.068483704927771907,0
3,2014-09-12,2505,444.69725814117879,21.087846218644017,1.711328563087362,0.0021313757457535809,0,996.98851362763992,31.575124918638721,2.5623960169315252,0.079399874146825242,0
3,2014-09-16,2506,1.8529635875501236,1.3612360513702697,0.11013236661571761,0.66602496794611143,1,631.92013725306754,25.138021745019387,2.0338205295323131,0.081997063736885326,0
3,2014-09-17,2507,199.90464599507177,14.13876394862973,1.1584403071388554,0.60898198404459136,1,1651.4488113486684,40.638021745019387,3.3296207902514863,0.12140648865324161,0
3,2014-09-18,2508,296.26984702710479,17.212491017487991,1.4111490893615897,0.00088389873963850088,0,1067.3133438765703,32.669761919496295,2.6783981897516949,0.089775346805085893,0
3,2014-09-19,2509,391.16094120747675,19.777789087951078,1.6298136866873572,0.0058394958825855161,0,663.38234974377701,25.756209925836856,2.1224730058374006,0.085077778354488195,0
3,2014-09-22,2510,114.84780233547924,10.716706692612206,0.88040309653827942,0.010494985837000157,0,484.27327530000059,22.006209925836856,1.8078627994115308,0.096932979618830198,0
3,2014-09-24,2511,299.24692450293674,17.298754998638969,1.4252321317107286,0.4635274976595663,1,292.33263524310235,17.097737722959209,1.4086704612118812,0.022552137775825393,0
3,2014-09-25,2512,299.24692450293674,17.298754998638969,1.4252321317107286,0.010843608083023351,0,292.33263524310235,17.097737722959209,1.4086704612118812,0.012157950924462355,0
3,2014-09-26,2513,38.566416881198954,6.2101865415781958,0.50924038881330014,0.0052732093814937247,0,34.862339689905411,5.9044339008837596,0.48416842155668383,0.12471399333981774,0
3,2014-09-29,2514,132.73391450729301,11.521020549729656,0.94706293051620682,0.7129028226715457,1,79.288943095207969,8.9044339008837596,0.73197154959998023,0.047827407545734016,0
3,2014-09-30,2515,232.23490241027514,15.239255310226781,1.2521984642750026,0.0018198712832716757,0,70.63450919432421,8.4044339008837596,0.69058618741855049,0.0054273514883479397,0
3,2014-10-08,2516,353.44874698470039,18.800232631132531,1.5325235484925641,0.67891481172947299,1,101.85278577708483,10.09221411668841,0.82267895795299861,0.45057265511530215,1
3,2014-10-09,2517,276.65418181125557,16.632924631923743,1.347068202625936,0.77080442318354103,1,46.344196603813536,6.8076572037532515,0.55133891101463872,0.3234713438127082,1
3,2014-10-14,2518,185.85663401971311,13.632924631923743,1.1014279646070486,0.13728674724386547,0,14.498253381294029,3.8076572037532515,0.30762732407620696,0.075224344595437295,0
3,2014-10-16,2519,148.83281080888966,12.199705357462108,0.98843065484805415,0.18552514816159427,0,53.401853807566788,7.3076572037532515,0.59207269222226055,0.086234521759427668,0
3,2014-10-17,2520,32.748321686635741,5.7226149343316592,0.45983245755979579,0.22365058903922996,0,74.959906542768181,8.6579389315684239,0.69569617770738634,0.041934832655513711,0
3,2014-10-20,2521,4.680852823336358,2.1635278651629051,0.1730476196890946,0.7960072360934779,1,8.4561088297313063,2.9079389315684239,0.23258859680611266,0.57899563970792367,1
3,2014-10-21,2522,214.11064217920909,14.632520021486698,1.1764840218280761,0.064186129640999665,0,101.23458219047053,10.061539752466842,0.80896802029884163,0.0061515388487170652,0
3,2014-10-22,2523,500.89988369871588,22.380792740622837,1.8214276899794781,0.078153102863586857,0,628.08077476447579,25.061539752466842,2.0395963175964877,0.011432075788631226,0
3,2014-10-27,2524,910.57371815340866,30.175714045460609,2.4548069184836776,0.17554035356220876,0,571.58954395560511,23.907938931568424,1.9449207998021905,0.035295436876099713,0
3,2014-10-28,2525,588.35162691087237,24.255960647042457,1.982505978507761,0.32200471582596929,1,588.52379916867915,24.259509458533557,1.9827960325732374,0.056132522457017338,0
3,2014-10-29,2526,2569.3929611146136,50.689179921504092,4.2170698769970132,0.0066485802313571369,0,2093.932705885622,45.759509458533557,3.8069475423072845,0.011008943849728385,0
3,2014-10-30,2527,2675.731652722106,51.727474834193345,4.4429868871971951,0.14914699834375347,0,3554.2844737856012,59.617820102596852,5.1207060427396911,0.41009849694765049,1
3,2014-10-31,2528,4532.2041830851558,67.32164721012964,5.8950654299588123,0.011666739022769259,0,1349.702205355009,36.738293446416492,3.217013436638922,0.071975899724795678,0
3,2014-11-05,2529,1412.8593431355296,37.588021271883008,3.2557835662090091,0.081909003449126258,0,628.87665501085473,25.077413244010131,2.1721449323525448,0.041003799435466934,0
3,2014-11-07,2530,198.05869197201395,14.073332653355919,1.211130176708771,0.12546508627351677,0,0.032664352852328334,0.18073282173509142,0.015553599116617162,0.29004357504740236,1
3,2014-11-10,2531,1162.1780000151118,34.090731878548922,2.9477502705187137,0.5725354078709276,1,486.53890987539353,22.057627022764564,1.9072742778006542,0.18261604036254389,0
3,2014-11-11,2532,862.02770731827923,29.36030836551754,2.5212802374854051,0.16464517208104598,0,300.44056117448196,17.333221315568608,1.4884689837328131,0.087917826849882252,0
3,2014-11-12,2533,970.16715251410631,31.147506361089427,2.6810851182345106,0.65472670073299888,1,679.3371507145813,26.064096967180376,2.2435202898369164,0.18570937236235807,0
3,2014-11-13,2534,496.60949752142102,22.284736873506517,1.9063076880672811,0.0014638811015470932,0,91.348234306279423,9.5576270227645637,0.81758999339303362,0.095835562341366823,0
3,2014-11-14,2535,322.17699308561424,17.949289486929956,1.5179103160194467,0.45123115326486118,1,27.786676169807937,5.2713068749417289,0.44577647991050562,0.24847783122791786,0
3,2014-11-17,2536,140.89238705613721,11.869809899747224,0.99516326973357572,0.31063208167927986,1,6.738226114465947,2.5958093370788902,0.21763230660900357,0.30477627455981537,1
3,2014-11-18,2537,532.82945276870726,23.083098855411663,1.9300249879106741,0.30176104686727917,1,51.751701676147043,7.1938655586650384,0.60149377580811358,0.083690374856042513,0
3,2014-11-19,2538,968.90784298172514,31.127284542370944,2.6157381968378943,0.15518711488344958,0,397.71514184729665,19.942796740861013,1.6758652723412617,0.10395399490759075,0
3,2014-11-20,2539,244.32405129684028,15.630868539426729,1.2985145204092818,0.011861970792926712,0,0.30928551683894984,0.55613444133496159,0.046200161273932429,0.09033133337903046,0
3,2014-11-21,2540,513.46530229733332,22.659772776824866,1.8898893058235919,0.19750453867464707,0,119.7448005117984,10.942796740861013,0.91266027863728216,0.15208578998500255,0
3,2014-11-25,2541,583.69462062780792,24.159772776824866,2.0175175596513455,0.14762733753376914,0,154.82319073438146,12.442796740861013,1.0390644460009197,0.018664763664244171,0
3,2014-11-26,2542,2162.0057737678999,46.497373837324403,3.9312934971316342,0.16246179661434471,0,739.44819458978134,27.192796740861013,2.2991161903074202,0.14785367893723259,0
3,2014-11-28,2543,365.77566215295951,19.125262407427499,1.6017807711413317,0.065599898044846644,0,84.527163910807204,9.1938655586650384,0.77000549067546387,0.059736631615541456,0
3,2014-12-01,2544,109.72596735293689,10.475016341416222,0.86947635122774192,0.035053452260865953,0,0.23081204092745677,0.48042901757435175,0.039877901438003883,0.033835272247232512,0
3,2014-12-03,2545,0.084792771081377269,0.29119198320245232,0.024085358412113508,0.017471379802847565,0,0.88886569457814801,0.94279674086101295,0.077981533569976252,0.021237298995377008,0
3,2014-12-04,2546,765.06303006558198,27.659772776824866,2.3165638841561864,0.015163488938798982,0,254.17276792040855,15.942796740861013,1.3352426081123125,0.045820517459950631,0
3,2014-12-05,2547,545.16134253048597,23.348690381485767,1.9571408534355212,0.0054541011962971429,0,287.05836140213057,16.942796740861013,1.4201841358642928,0.02225556429560643,0
3,2014-12-08,2548,115.04510337268725,10.72590804420247,0.87415713481682722,0.037391247291383323,0,566.73203703891465,23.806134441334962,1.9401902560175193,0.13266577069607124,0
3,2014-12-09,2549,25.294796111326171,5.0293932150236742,0.40922646175945276,0.0041010774787013432,0,148.57621204510767,12.189184223938355,0.99179692627651383,0.031211789640728481,0
3,2014-12-10,2550,138.55692478215784,11.771020549729656,0.96781258373933454,0.0017466852842994932,0,83.803660045649849,9.1544339008837596,0.75267699082291961,0.09241703523539388,0
3,2014-12-11,2551,121.46289395756337,11.021020549729656,0.90558919882741618,0.047616290238727224,0,70.63450919432421,8.4044339008837596,0.69058618741855049,0.16318081771532311,0
3,2014-12-12,2552,373.00509870767922,19.313339915915094,1.5971337536419346,0.022679462808008585,0,259.99639695116906,16.124403770408662,1.333421854075556,0.042191916352076503,0
3,2014-12-15,2553,286.53695285476567,16.927402424907541,1.4076841933395046,0.08455907546726929,0,204.79944817637485,14.310815776061645,1.1900886300259164,0.061165595395662922,0
3,2014-12-16,2554,257.77863138391609,16.055486021416982,1.3427126089414159,0.098816426187540538,0,443.55796115320709,21.060815776061645,1.7613059398755297,0.26550349487623265,1
3,2014-12-17,2555,507.34564329126277,22.524334469441328,1.8785933669258823,0.11278648568987898,0,119.7448005117984,10.942796740861013,0.91266027863728216,0.30127332135043744,1
3,2014-12-18,2556,656.75771301564475,25.627284542370944,2.1436457166349596,0.094088100118771764,0,208.59437769782551,14.442796740861013,1.2080967579139283,0.11189496724193745,0
3,2014-12-19,2557,263.91619860450214,16.245497794912353,1.3591715369096302,0.053349683278851853,0,215.87827606825601,14.692796740861013,1.2292655712914464,0.11035260540837841,0
3,2014-12-22,2558,1189.939368118803,34.495497794912353,2.9307984532635811,0.1068150563778749,0,1085.2278571096829,32.942796740861013,2.7988782277706892,0.056764921874802823,0
3,2014-12-24,2559,776.1962156077974,27.860298196677604,2.350088418108613,0.057877490289032288,0,313.07287840811284,17.693865558665038,1.4925234549696365,0.14499994773713518,0
3,2014-12-29,2560,21.517750693091834,4.6387229592951371,0.38463706130142095,0.079446578562805473,0,101.35142973369294,10.067344721111567,0.83477153574722773,0.3636843777542399,1
3,2014-12-30,2561,197.95888214036026,14.06978614408763,1.172482178673969,0.013307124660877964,0,10.200777206826737,3.1938655586650384,0.26615546322208655,0.017369748479187069,0
3,2015-01-05,2562,6.6837973836426459,2.5853041182117522,0.21361736155436911,0.13446948514609372,0,49.789033254193448,7.0561344413349616,0.5830311457413726,0.05627670796117374,0
3,2015-01-06,2563,232.72118219742433,15.255201807823596,1.2602397197706399,0.04219876558318307,0,27.768378338822412,5.2695709824256483,0.43532184902318444,0.086412582951285913,0
3,2015-01-07,2564,153.8577119567563,12.403939372504055,1.0204804090912427,0.0058670516425892933,0,30.882508063384979,5.5572032591389871,0.4571948382672964,0.24321056365517521,0
3,2015-01-08,2565,86.58422677825881,9.3050645767914375,0.76411944789911201,0.39887336914646776,1,60.952422729510424,7.8072032591389871,0.64111708143206625,0.12528468888247637,0
3,2015-01-09,2566,29.046270035892558,5.389459159868693,0.43763371172299576,0.39570680139995829,1,464.71301235583257,21.557203259138987,1.750483415277222,0.18397972894465098,0
3,2015-01-13,2567,0.060751567720997567,0.24647833113886009,0.019957759606385433,0.010072230551841215,0,92.652102775122984,9.6255962295913378,0.77940050442035125,0.055369335490708549,0
3,2015-01-14,2568,424.1051283185185,20.593812864997062,1.6357277891181146,0.20855976960581893,0,1130.6807217955072,33.625596229591338,2.6708178101343396,0.12167121895983057,0
3,2015-01-15,2569,1736.7754570676409,41.67463805562852,3.2622025875247376,0.13062189036664179,0,2244.8760566371443,47.380123012051627,3.7088158913543348,0.027332535877382654,0
3,2015-01-16,2570,2114.5219145622832,45.983931047293936,3.5681032820402665,0.26529816640551307,1,2211.805971220429,47.029841284235999,3.6492602354402326,0.05243694355900845,0
3,2015-01-20,2571,1225.7066529571589,35.010093586809489,2.7066172081027822,0.10926157359858894,0,1417.8958540600656,37.654957894812014,2.9110906760581376,0.025716318860204587,0
3,2015-01-21,2572,1265.0990438872018,35.568230823126441,2.7449917671716335,0.072790473021291727,0,1592.4056645867197,39.904957894812014,3.0796803314537535,0.03188632901588602,0
3,2015-01-22,2573,485.42738631660461,22.032416715299405,1.7016734284842172,0.15335746260476027,0,528.16733015788941,22.981891352930234,1.7750060902050768,0.0399390287102711,0
3,2015-01-23,2574,59.874454776309278,7.7378585394351376,0.60053228866396102,0.091255974953786081,0,1.3220217806492096,1.1497920597435041,0.089234928967287866,0.091195476597097647,0
3,2015-01-27,2575,52.386596236874141,7.2378585394351376,0.56194553877601994,0.034167455387670166,0,2.7218138403927137,1.6497920597435041,0.12808944563225963,0.14227940295152203,0
3,2015-01-28,2576,26.650902134203722,5.1624511749946578,0.40689270344785478,0.0095526278352953652,0,436.80130814051762,20.899792059743504,1.6472742510142662,0.39196808970703806,1
3,2015-01-29,2577,405.13029413978012,20.127848721107284,1.5971314200442202,0.50365669412112979,1,127.73842438266166,11.302142468694228,0.89681749404437439,0.13087991837844817,0
3,2015-01-30,2578,1266.1420769627196,35.58289022778672,2.7962978568005283,0.54223364458417667,1,0.89843389965307208,0.94785753130577177,0.074487821713616634,0.37154186012599344,1
3,2015-02-02,2579,549.58999941796571,23.443335927678163,1.8543275402553423,0.31021404919697332,1,81.969949217372857,9.0537257091968968,0.71613412768019757,0.028301131959721927,0
3,2015-03-03,2592,312.20112821804923,17.669214136968549,1.4730482815313504,0.89116807602961956,1,937.57686675709033,30.619876987948373,2.5527200490161208,0.32109456672441145,1
3,2015-03-04,2593,27.91996637642729,5.2839347437707147,0.43959523658658195,0.013417108306598561,0,10.435671637586392,3.2304290175743517,0.26875449397457168,0.11893236540646164,0
3,2015-03-05,2594,1077.5346435131546,32.825822815477977,2.8092274553254581,0.49193469446734772,1,563.222859537506,23.732316775601703,2.0310069983398975,0.32485711528407762,1
3,2015-03-09,2595,522.82588753372056,22.865386231894718,1.967761293622609,0.07864578301999188,0,318.40043218393635,17.84377852877401,1.5356091677086066,0.28919740911425995,1
3,2015-03-10,2596,490.09683803389328,22.138130861341779,1.9250548575079807,0.25966068897949474,1,159.97854183093168,12.64826240362413,1.099848904662968,0.12422726856527083,0
3,2015-03-11,2597,186.40154238885737,13.652895018597974,1.1848899994443891,0.029161826100798295,0,1.245199024649144,1.1158848617349122,0.096843988868293526,0.099584686192424235,0
3,2015-03-12,2598,127.35600666370442,11.285211857280501,0.97961908483337679,0.69654673405328671,1,17.413834499974968,4.1729886771922793,0.36223860045071865,0.17948054615889389,0
3,2015-03-13,2599,411.09633411569365,20.275510699257211,1.7619387963725579,0.0039893507097102845,0,8.5438628069942713,2.9229886771922793,0.25400727153528391,0.081998585159106324,0
3,2015-03-16,2600,188.70692142994537,13.737063784883048,1.1937487538460176,0.010916300375242867,0,8.5438628069942713,2.9229886771922793,0.25400727153528391,0.10160767273197382,0
3,2015-03-17,2601,477.98528492441937,21.862874580539938,1.9056765814373446,0.020298248524110756,0,0.33294206664831566,0.57701132280772072,0.050295168691019458,0.060397001874624018,0
3,2015-03-18,2602,9.6899881541716919,3.1128745805399376,0.26697037568953152,0.036844985190745402,0,330.25751746135882,18.172988677192279,1.5585753582497668,0.015975750836262504,0
3,2015-03-19,2603,303.79857367642978,17.42981852104117,1.4732329068583527,0.83108729703250739,1,1244.1837302213282,35.272988677192188,2.9814038269962126,0.23217054512561047,0
3,2015-03-20,2604,7.3845325759070688,2.7174496455145345,0.22907900067561932,0.72244834006169134,1,59.172602020901969,7.6923729772354363,0.6484613679439778,0.39855587888778493,1
3,2015-03-23,2605,2.8329693991257963,1.6831427150202671,0.1412625023097161,0.81231812585458729,1,13.585881167348903,3.6859030328196241,0.30934981391687988,0.16194793328327597,0
3,2015-03-24,2606,18.257798588189189,4.2729145308780971,0.35738662854450465,0.76088048628688199,1,7.090519488696458,2.6628029383896319,0.22271687340160856,0.33286712682419628,1
3,2015-03-25,2607,21.915331468831706,4.681381363319133,0.38909374253577134,0.83768761188368013,1,60.905391903226452,7.8041906629212008,0.64864652478254581,0.31075024233429488,1
3,2015-03-26,2608,30.883272339951031,5.5572720232098618,0.46475199859584876,0.65648668751557526,1,0.16337009199260624,0.40419066292110983,0.033802271622087376,0.62042801046994023,1
3,2015-03-27,2609,168.18506934366866,12.968618636680958,1.0939366205551209,0.0041178250318563998,0,275.38541290206302,16.594740519274865,1.3998094069400981,0.073450661861991326,0
3,2015-03-30,2610,44.75642748674661,6.6900244757957807,0.56360779071573552,0.010401534762673238,0,227.8511913442384,15.094740519274865,1.2716714843534005,0.028134894384326779,0
3,2015-03-31,2611,157.0355188729398,12.531381363319042,1.0347961489115642,0.32070524526513838,1,139.21923083483392,11.799119917808866,0.97432864721790813,0.041296652342310759,0
3,2015-04-07,2612,2.971772477139587,1.7238829650355001,0.14279419880186375,0.10210397367504612,0,26.576700313606391,5.1552594807251353,0.42702501393457326,0.019551365772501484,0
3,2015-04-08,2613,149.61290691682106,12.231635496401168,1.0237391610647111,0.2054572423535104,0,229.30429313503228,15.142796740861058,1.267391759362325,0.098681486500686103,0
3,2015-04-09,2614,12.217853250020935,3.4954045903186852,0.28951046426625965,0.09785033321809547,0,8.5809887212134459,2.9293324702418886,0.24262496129886851,0.26476623303798186,1
3,2015-04-10,2615,7.0812464325700182,2.6610611478449755,0.2219585576649408,0.050901721068066119,0,30.477769974123518,5.5206675297579295,0.46047773206755599,0.14426446179088376,0
3,2015-04-13,2616,169.44942692814408,13.017274174271051,1.0912292878087895,0.021131860186225614,0,72.837313327656091,8.5344779176969041,0.7154395102436838,0.20585554886491936,0
3,2015-04-15,2617,42.190280791933048,6.4954045903186852,0.53932864950543336,0.059039662948500347,0,8.5002690123959201,2.915522082302914,0.24208262401319505,0.11869383676437326,0
3,2015-04-16,2618,4.0751210214228104,2.0186928992352478,0.16775608918728949,0.024666775728695401,0,3.5360132901359838,1.8804290175744427,0.1562661750591634,0.050595189558693215,0
3,2015-04-17,2619,150.65218219663561,12.27404506251446,1.0258290900555336,0.56250643371484377,1,76.220390830904265,8.7304290175743517,0.72966393795021744,0.49401870186734964,1
3,2015-04-20,2620,84.120512391762404,9.1717235235130374,0.76731561311077034,0.13818643751870577,0,46.168498724276276,6.7947405192749102,0.56845482466953157,0.23954723328435307,0
3,2015-04-21,2621,77.211331955955217,8.7869978921105485,0.73886885786088274,0.038015091623301765,0,164.98735900750151,12.844740519274865,1.080070676415797,0.14482986326827296,0
3,2015-04-22,2622,31.6649494838877,5.6271617609490931,0.47456561340494147,0.080008081137208559,0,155.21741771736777,12.458628243806288,1.0506960357416224,0.22972220974221785,0
3,2015-04-23,2623,186.22349672314991,13.646373024476134,1.1535395625085489,0.23065360872005608,0,48.547845395165169,6.9676283910068832,0.58897957658553535,0.22814878848527465,0
3,2015-04-24,2624,53.002526128192777,7.2802833824098343,0.60669028186748619,0.18449241524740995,0,40.995885467853931,6.4028029383898684,0.53356691153248903,0.37309907947889043,1
3,2015-04-27,2625,120.18741521758855,10.963002107889452,0.90678263919681157,0.011871090467696944,0,12.876989424999532,3.5884522325090984,0.29681159904955323,0.054823452135636518,0
3,2015-04-28,2626,1180.4715451380923,34.357990993917156,2.9110773983407885,0.10892587509429381,0,624.02183390207074,24.980429017574352,2.1165370910886976,0.15124755486264757,0
3,2015-04-30,2627,121.81532247045268,11.036997892110548,0.9298229058222871,0.06576960893762332,0,208.35415275648216,14.434477917696995,1.2160470023333612,0.16117846886650677,0
3,2015-05-07,2628,41.34532952552437,6.4300334000317889,0.54216133221178664,0.67061798452297627,1,73.325451087011771,8.5630281493763505,0.72200911883443097,0.34447357495800002,1
3,2015-06-02,2645,379.26706048231546,19.474780113837369,1.6365361440199468,0.17358101866716502,0,139.09652522634556,11.793918993546868,0.99108562970982084,0.23172481107646609,0
3,2015-06-03,2646,813.22132223729363,28.517035649542777,2.4249179974101001,0.016817709618614448,0,444.43180396060973,21.081551270260206,1.7926489175391329,0.15771724728854272,0
3,2015-06-04,2647,1127.1888549422101,33.573633329477616,2.882846756781523,0.062992120862684658,0,758.2700770423836,27.536704179011394,2.3644774325099944,0.037909407665897572,0
3,2015-06-05,2648,879.01095179487027,29.648118857608324,2.5279773923608735,0.005272064185349922,0,133.15483936564021,11.539273779819951,0.98390806444576662,0.002857965073391912,0
3,2015-06-08,2649,505.01538509899791,22.472547365596938,1.9086586857140253,0.11672728913463015,0,64.466074117138035,8.0290767910848899,0.68193280032995496,0.30985464945238406,1
3,2015-06-09,2650,194.55001966596768,13.948118857608279,1.1735901436776002,0.26769079565385184,1,0.041890252580401334,0.20467108388925226,0.01722095783670612,0.078741189063868067,0
3,2015-06-10,2651,676.88614398957975,26.017035649542777,2.2076398514673548,0.0005140215792105797,0,399.26025574523078,19.981497835378377,1.6955025740668965,0.22354199381014692,0
3,2015-06-11,2652,356.40967670560951,18.878815553567165,1.5961122382116306,0.27546777173935183,1,106.03196042720658,10.297182159562226,0.87057678048378639,0.13320059907202814,0
3,2015-06-12,2653,411.23036025559202,20.278815553567028,1.7165071570650947,0.15426859160646697,0,171.5347808308448,13.09712872468026,1.1086108620856829,0.16310835412731811,0
3,2015-06-15,2654,572.58821379663573,23.928815553567119,2.0317398050152513,0.033330228273888887,0,262.30597092818317,16.195862771960719,1.3751528568847988,0.042363797969427942,0
3,2015-06-16,2655,407.72429960646758,20.192184121745413,1.7141073108442626,0.18162701678435417,0,194.55468702973184,13.948286168190407,1.1840650397445167,0.13766402309808429,0
3,2015-06-17,2656,13.51567189612784,3.6763666705223841,0.30589230523962097,0.24539353484112969,0,94.348115706034704,9.7132958209886056,0.80819535058356751,0.24064923402833197,0
3,2015-06-18,2657,44.024884310128172,6.6351250410318698,0.55136488624163782,0.018566899747125734,0,0.042491407904514215,0.20613444133505254,0.017129336989783323,0.024415032239479655,0
3,2015-06-19,2658,1114.451508507052,33.383401691664858,2.8339050672041477,0.044099623179716586,0,634.73086178808842,25.193865558665038,2.1386982647423629,0.036980126040250132,0
3,2015-06-23,2659,946.61048266023613,30.767035649542777,2.6212596932517807,0.4158861934019783,1,544.36128467678066,23.331551270260206,1.9877785959753105,0.16719607757296936,0
3,2015-06-24,2660,652.40316970913887,25.542184121745322,2.1781592224231714,0.033638983195924767,0,290.13924397314958,17.033474219111895,1.4525625053606697,0.26517748437526262,1
3,2015-06-25,2661,765.82998165436936,27.673633329477525,2.3642574395111087,0.18322940060160425,0,298.29804116840944,17.271306874941729,1.4755494980727664,0.47269187854327505,1
3,2015-06-26,2662,372.74425100720993,19.306585690049133,1.6417164702422733,0.067958606826761317,0,34.026470916403959,5.8332213155686077,0.49602222071161628,0.024071592672340148,0
3,2015-06-29,2663,738.40634832489184,27.173633329477525,2.3205493876582004,0.0024471182789546934,0,233.6324671199414,15.285040631936226,1.3052980898322994,0.16357988470026924,0
3,2015-06-30,2664,1437.4662527016324,37.913932171454235,3.2460558365971095,0.1661405889501642,0,334.34271091155875,18.285040631936226,1.5655000541041291,0.17499118953834686,0
3,2015-07-01,2665,932.58671188038659,30.538282726446596,2.6207494294311604,0.17383441613977071,0,275.00322920112905,16.583221315568608,1.4231470770708954,0.11159173124291727,0
3,2015-07-02,2666,480.99989046338419,21.931709702241278,1.8809356519932485,0.1417622548492172,0,157.69399644286679,12.557627022764564,1.076983449636755,0.045517836809463544,0
3,2015-07-06,2667,823.48842952161397,28.696488104324089,2.4818584306442455,0.47131156924643136,1,497.63022338677581,22.307627022764564,1.9293082830499082,0.27954257888652972,1
3,2015-07-07,2668,683.58373632807115,26.145434330453782,2.2568350738415002,0.10247897337652066,0,402.30840178433527,20.057627022764564,1.7313445854781668,0.074996646468465711,0
3,2015-07-08,2669,245.09718008117798,15.655579838548874,1.3446922773071828,0.1875367330534489,0,7.8035291550331385,2.7934797574052936,0.23993813677520237,0.13192481353527288,0
3,2015-07-09,2670,979.10990149524059,31.290731878548968,2.6991056567367351,0.50190309999633098,1,339.61446992433252,18.42863179740516,1.589634417096969,0.057917197323000762,0
3,2015-07-10,2671,1338.8816594078564,36.590731878548922,3.1707739929418479,0.09525269609011866,0,603.07704498921635,24.557627022764564,2.1280439361147803,0.083624858581030179,0
3,2015-07-13,2672,506.50112386929345,22.505579838548783,1.9444945428156886,0.046861286066811475,0,92.996701831483904,9.6434797574052027,0.83320198353250419,0.033478736367144823,0
3,2015-07-14,2673,298.44463031728986,17.275550072784654,1.505625768937132,0.31555971803789495,1,13.943615865819817,3.7341151382649969,0.32544144485488902,0.3178136049461695,1
3,2015-07-15,2674,157.79450997516372,12.561628476243186,1.0976606497940566,0.078252220283393237,0,11.744406606651701,3.4270113228076298,0.29945922079759085,0.079128767204580161,0
3,2015-07-16,2675,583.78429062401221,24.161628476243322,2.1329121183124404,0.0083851651407527341,0,225.81106929579281,15.027011322807766,1.3265370164907986,0.02169457008082961,0
3,2015-07-17,2676,2549.1012086845717,50.488624547362861,4.5666266775834723,0.0072940471819078982,0,1184.900532550899,34.422384178770926,3.1134573244184995,0.02509740431096227,0
3,2015-07-21,2677,1555.7914000831577,39.44352164910174,3.6233255235257897,0.021781254870695727,0,1176.2134940033966,34.295969063483199,3.1504656497779902,0.02069983222703169,0
3,2015-07-22,2678,120.90933807513011,10.995878231188726,1.0019936423536291,0.019400382165571689,0,166.55004035800687,12.905426779382651,1.1760002532697877,0.26404661543927188,1
3,2015-07-23,2679,241.58236691625757,15.542920154084868,1.4380940186977118,0.075663445020589623,0,303.33383815850061,17.416481796232574,1.6114435414722961,0.040300737038734998,0
3,2015-07-24,2680,304.46551551357879,17.448940240415141,1.5862672945831946,0.32007647217415136,1,255.35739387689128,15.979905940802382,1.4527187218911255,0.15138634452813701,0
3,2015-07-27,2681,68.985993741199977,8.3057807424227121,0.75768844576014527,0.20468921370008175,0,148.35010872679428,12.179905940802428,1.1111025306333175,0.2476352618836247,0
3,2015-07-28,2682,51.576214991171987,7.1816582340829882,0.6587166460979581,0.29963527553722891,1,116.86321488871745,10.810329083275747,0.99154589160979101,0.058022758279011197,0
3,2015-07-29,2683,134.68494141756389,11.605384156397577,1.067161761507823,0.069742444264513898,0,7.0266616427036563,2.6507850993061766,0.24375035395918865,0.20090159396847376,0
3,2015-07-30,2684,567.23663867899234,23.816730226439404,2.1683112005134197,0.094987245491538586,0,183.62377680758078,13.550785099306268,1.233684003942668,0.17008564825252856,0
3,2015-07-31,2685,364.76151471973662,19.098730709650226,1.7491281902784346,0.23696447190864647,0,115.8171376182857,10.761837093093618,0.98560647431940807,0.15718943570135227,0
3,2015-08-03,2686,365.21591325634625,19.110623047309218,1.752223265695614,0.092811326683556142,0,105.51939720637306,10.272263489921443,0.94184784210529882,0.053768113150804007,0
3,2015-08-04,2687,94.680375831072979,9.7303841563975766,0.89672695202263186,0.12196001394324626,0,0.062893166033963221,0.25078509930608561,0.023111703926466283,0.17023113251810676,0
3,2015-08-05,2688,214.38026402382394,14.641730226439222,1.3435861643899263,0.0081429241674304906,0,24.017694589581449,4.9007850993061766,0.44971645783952063,0.037316803877500616,0
3,2015-08-06,2689,147.42893031561019,12.142031556358688,1.1103824011301955,0.55848251699367835,1,36.350925163094175,6.0291728423635504,0.55136468608720168,0.086455442818891406,0
3,2015-08-07,2690,268.74090627936704,16.393318952529626,1.494377297404706,0.50996414974560544,1,73.792301914503284,8.590244578270358,0.78306696246767171,0.091798307076890184,0
3,2015-08-10,2691,709.07460790784614,26.628454853931089,2.4027480129872401,0.58924065730722985,1,587.08834190013056,24.229905940802382,2.1863213120507452,0.051410742110134439,0
3,2015-08-11,2692,650.51357202809038,25.505167555381604,2.2792821765309745,0.068598324310559247,0,935.76306335839899,30.590244578270358,2.7337126522136157,0.038531162425555349,0
3,2015-08-12,2693,7.9111603967700797,2.8126785093163562,0.25186286181476214,0.17467936990287308,0,142.12082853898332,11.921444062653791,1.0675123405107492,0.071625833767451741,0
3,2015-08-13,2694,484.64772090476464,22.014716007815423,1.9686756993351595,0.027843026195757979,0,3.4596884160210837,1.8600237675957487,0.16633344668864286,0.081924220874872583,0
3,2015-08-14,2695,528.28672311874982,22.98448875043232,2.0543876251727138,0.20774162155215042,0,20.713281856366919,4.5511846651577343,0.40679162184105599,0.15702016587084097,0
3,2015-08-17,2696,244.43723848739049,15.634488750432183,1.3883131687991992,0.45288138376943732,1,141.63819643418887,11.901184665157871,1.056802794046785,0.10441516940533066,0
3,2015-08-19,2697,2.7564085461489269,1.6602435201345997,0.14465831838760995,0.15685945183035852,0,356.25899460593348,18.874824359604872,1.6445782312106711,0.21564544591347631,0
3,2015-08-20,2698,183.47088823882663,13.545142606810259,1.1712185565767625,0.00052464848863271172,0,75.220732594705481,8.6729886771922793,0.74993417009877028,0.055302575471473513,0
3,2015-08-21,2699,16.60208344190125,4.074565429822087,0.34929836517977603,0.0014230245499533662,0,236.11041758409414,15.365884861734912,1.3172640258666877,0.11678178107366012,0
3,2015-08-24,2700,1977.7897375575496,44.472348010393489,3.9096569679466806,0.0029901067255709663,0,591.42675608783281,24.319267178264909,2.1379575541331786,0.030798610605565682,0
3,2015-08-25,2701,3060.6711358738771,55.323332653355919,4.9362777294986326,0.041957629419040042,0,1755.4643924429433,41.89826240362413,3.7384128845526767,0.21465382986583864,0
3,2015-08-26,2702,2319.9300405928402,48.165652083127043,4.3043478179738202,0.14731077202816845,0,830.99658180528456,28.827011322807721,2.5761404220560968,0.1578611833562337,0
3,2015-08-27,2703,109.17433373076551,10.448652244704363,0.92058610085500991,0.001321324267862881,0,158.79338702749851,12.60132481239566,1.1102488821493974,0.082333355449597662,0
3,2015-08-28,2704,156.89751617999397,12.525873868916051,1.0965485309389873,0.0021519102808738402,0,23.392108069284031,4.8365388522458943,0.42340355880643393,0.022140566162822714,0
3,2015-09-01,2705,865.28058747557634,29.415652083127043,2.5854231670513772,0.0056563132515708185,0,101.54615719999501,10.077011322807721,0.88569644674205417,0.0081719138558783207,0
3,2015-10-09,2720,16.915519419149899,4.1128480909401333,0.35297357457433343,0.0012384454978458252,0,197.84911694358465,14.065884861734958,1.2071648525347543,0.0048486060045929954,0
3,2015-10-13,2721,13.291252087885923,3.6457169511477332,0.3105645243332254,0.074020499359321076,0,126.60159893770027,11.25173759637596,0.95849200071351559,0.025202560887267033,0
3,2015-10-14,2722,61.725724599196269,7.856572064150896,0.66342174913665997,0.26212188120287394,1,3.3831694014013438,1.8393393926628505,0.15531681593099858,0.31733210132136114,1
3,2015-10-15,2723,202.3006377333312,14.223242869800515,1.2044919227506048,0.31109669430731862,1,27.450677271509679,5.2393393926629415,0.44369220414641503,0.16781755197341758,0
3,2015-10-16,2724,690.31987909123905,26.273939162052557,2.2353189690362902,0.076810369800665593,0,191.13139618589031,13.825027890962474,1.1761977106485002,0.25909822539431149,1
3,2015-10-19,2725,259.56134190963712,16.11090754456859,1.3679395070743867,0.079163807619874196,0,131.67626509836876,11.475027890962565,0.9743178001241829,0.25207324190382252,1
3,2015-10-20,2726,860.62900226369379,29.336479036579931,2.5136217150698257,0.17618979926776629,0,645.19160732246098,25.4006221837667,2.1763878145631654,0.11768986450261111,0
3,2015-10-21,2727,1545.4811572699373,39.3126081209316,3.3853699135355519,0.068583664927925614,0,790.44949613821393,28.114933685467122,2.4210922441737024,0.022089562094054584,0
3,2015-10-23,2728,605.06291766639811,24.598026702693005,2.1088843195038582,0.35454291061934518,1,180.73518113072262,13.443778528773919,1.1525873224257475,0.059094355094834489,0
3,2015-10-26,2729,1043.6509786280328,32.305587421188193,2.7713466090064505,0.0025840585676099614,0,284.11957239639543,16.855846831185772,1.4459849730793319,0.015462814665207356,0
3,2015-10-27,2730,326.42968361085167,18.067365154079653,1.5316518441912219,0.52693220993303369,1,82.895035545810742,9.1046710838893432,0.77184393725748934,0.039790447461611374,0
3,2015-10-28,2731,2762.4250853925191,52.5587774343403,4.5758991323646443,0.0031145056138386744,0,1895.4446107707481,43.536704179011394,3.7904147813870277,0.060126286180788649,0
3,2015-10-29,2732,2664.9438865920774,51.623094508098575,4.5190260872848578,0.10993900560944626,0,1841.7190611342924,42.915254410690522,3.7567518195553484,0.24753908088534851,0
3,2015-10-30,2733,855.03518070161385,29.24098460554319,2.5785700710355548,0.095122039029802694,0,191.18624212105291,13.827011322807721,1.2193131677960953,0.067608184131198484,0
3,2015-11-02,2734,2356.2271864755767,48.540984605543144,4.3546231816222427,0.029176399758173804,0,1097.3988791814279,33.127011322807675,2.971832001687241,0.056635453489932722,0
3,2015-11-04,2735,3085.8797942471829,55.550695713439836,5.0213048642718823,0.040430929324977251,0,1724.4926694046044,41.527011322807766,3.7536844728200096,0.078688131426508004,0
3,2015-11-05,2736,1595.9143649991206,39.948896918427181,3.6687388115003374,0.28605659236765835,1,1272.1701608868366,35.667494457654811,3.2755528016948121,0.29373701340176045,1
3,2015-11-06,2737,269.81283818910293,16.42598058531371,1.5075239156859133,0.26082854952071588,1,60.599114731439748,7.7845433219579263,0.71444046640583037,0.026607929457697414,0
3,2015-11-09,2738,22.948409384794754,4.7904498102782327,0.44066321500121725,0.10503706076894213,0,6.7882487027233065,2.6054267793824692,0.2396676275763471,0.033153346633461298,0
3,2015-11-10,2739,64.613947928132887,8.0382801598434526,0.74325290428510893,0.066811174720105407,0,59.757517683293344,7.730298680083024,0.71477565234239704,0.016218765606750733,0
3,2015-11-13,2740,139.37129805944221,11.805562166175832,1.0883210109403856,0.047549224271428749,0,13.045367187046299,3.6118370930935271,0.33296493137529631,0.040892255678573734,0
3,2015-11-16,2741,9.9996075826160027,3.162215612923319,0.293014789929885,0.34343051113234158,1,15.167694584632908,3.8945724520970089,0.36087587584294001,0.27399204447120346,1
3,2015-11-17,2742,29.331924842496232,5.4158955716018227,0.50722505938673124,0.11198744707748443,0,235.4559037376558,15.344572452097054,1.4370941186698249,0.0077712382650912994,0
3,2015-11-18,2743,99.183761015735655,9.95910442839795,0.9199246654718225,0.01127307665956195,0,5.0589676695035353,2.2492149006939144,0.20776047484702703,0.029287754056237011,0
3,2015-11-19,2744,48.08180422392995,6.9341044283980864,0.64100803590460698,0.19896272228882883,0,18.22646726844853,4.2692466862959009,0.39466112191318709,0.055881580618179855,0
3,2015-11-20,2745,5.6190355655536042,2.3704504984398227,0.22022022467854166,0.0067699188792568815,0,1.1680277250821942,1.0807533137040082,0.1004044327112605,0.029279096005662794,0
3,2015-11-24,2746,99.093055779012886,9.9545495015602228,0.9374281478067823,0.037394920146979517,0,242.75987382249843,15.580753313704008,1.467252407355119,0.2272865056589243,0
3,2015-11-30,2747,501.63303481351727,22.397165776354768,2.1022306904782022,0.083842964435130576,0,378.27196025336713,19.449214900693732,1.8255317158526123,0.12430597591240497,0
3,2015-12-01,2748,135.67713386142859,11.648052792695808,1.1036623832381851,0.4690337985518232,1,308.36821897697655,17.560416252953019,1.6638635828077522,0.092353365217595351,0
3,2015-12-02,2749,508.65991974336191,22.553490189843387,2.1368601250502994,0.092049300935657663,0,203.25817850428268,14.256864259165923,1.3507853767744489,0.15320378684788985,0
3,2015-12-03,2750,11.4748699098696,3.387457735510452,0.3138714603206349,0.54519086765847713,1,0.44667095287932096,0.66833446183727574,0.06192582458533942,0.05989452457496193,0
3,2015-12-04,2751,63.450801477956212,7.9656011372624107,0.74043513081078371,0.37994787917686978,1,8.0632358564926001,2.839583747046845,0.26395089673237082,0.041539950308931678,0
3,2015-12-07,2752,7.9174538481109469,2.8137970516920632,0.26245658536443084,0.031921292970170337,0,9.8254548680149245,3.1345581615300944,0.29237553973790642,0.045831916261380966,0
3,2015-12-08,2753,46.777505021638724,6.8394082362174231,0.63269271380364689,0.0080267644019760519,0,33.240319592780295,5.7654418384699966,0.53334337081128547,0.063141869432815204,0
3,2015-12-09,2754,33.157670785104742,5.758269773560869,0.53765357362846578,0.17869188651630347,0,42.000163513086662,6.4807533137040991,0.60511235422073761,0.041888674299261359,0
3,2015-12-10,2755,7.2296295851879311,2.6887970516920632,0.25070368780345575,0.076858032161507217,0,102.07100803897502,10.1030197485195,0.94200650335846159,0.17168042061004604,0
3,2015-12-11,2756,31.439004112948375,5.6070495015603683,0.52488176939483899,0.8163383818143255,1,85.206806738459207,9.2307533137040991,0.86410047401863777,0.39757132829397512,1
3,2015-12-14,2757,12.063886518191106,3.4733105991533648,0.32720778136159817,0.087790277870081812,0,199.43477979100896,14.122137932728492,1.3303945296965136,0.050124834715096545,0
3,2015-12-15,2758,1.9403110911032184,1.3929504984396317,0.12954666342149562,0.035784127406492297,0,4.9762603466018192,2.2307533137040991,0.20746368878903501,0.053309732438497542,0
3,2015-12-16,2759,453.957894626734,21.306287678212129,2.0303304438929035,0.55144414179147316,1,393.99726149305246,19.849364259165895,1.8914964988722978,0.01148194693963369,0
3,2015-12-17,2760,9.0945939039568415,3.0157244409854229,0.28383288856333388,0.0019361593823543307,0,67.473428292483192,8.2142211007790138,0.77310316242626009,0.063185348652922718,0
3,2015-12-18,2761,74.100336365947598,8.6081552243176702,0.79797499182550824,0.55783727189920596,1,15.049639272082036,3.8793864556243989,0.35961867491303812,0.2155602559958672,0
3,2015-12-21,2762,44.757313085260819,6.690090663455976,0.62239191212726541,0.38021300881611519,1,16.733615439198388,4.0906742035022035,0.38056323411500631,0.051998709307967864,0
3,2015-12-22,2763,151.48418618761363,12.307891216110647,1.1501627152705962,0.051428004497147684,0,87.229452832706556,9.3396709167243444,0.87278487213572042,0.09008095359401827,0
3,2015-12-29,2764,467.49121450349611,21.621545146068911,2.0397684100065012,0.11067350236391488,0,377.90080535053477,19.439670916724253,1.8339312185588919,0.32630322639112175,1
3,2015-12-30,2765,586.76877638305575,24.223310599153365,2.2382361375979083,0.014154818565080541,0,67.556647677326822,8.2192851074364626,0.75946270338983257,0.15357460527729433,0
3,2016-01-04,2766,98.669458769921974,9.9332501614487683,0.92230735018094412,0.37085203815565765,1,3.9627837844894942,1.9906742035022944,0.18483511638832817,0.2217845853751102,0
3,2016-01-05,2767,40.702630994950951,6.3798613617343563,0.5845575739173865,0.13957683094386453,0,9.4255888270514738,3.0701121847664581,0.28130036510596096,0.21299554598281642,0
3,2016-01-06,2768,6.3387985935790292,2.5176970813779462,0.22756786562823217,0.055620172277511863,0,74.097618639069822,8.6079973651872024,0.77805372307020415,0.014256389851640468,0
3,2016-01-07,2769,247.89100904621552,15.744554901495803,1.4289199892449793,0.012989675100530999,0,34.370545586162294,5.8626398137837441,0.53207240675080503,0.06552873552890609,0
3,2016-01-08,2770,780.02445511391329,27.928917900876741,2.5731451907938769,0.2060622834844128,0,112.09219571267326,10.587360186216074,0.97543395856053738,0.18444254988756079,0
3,2016-01-12,2771,193.92359121989503,13.925645091696651,1.2797541783482655,0.0095782491153013471,0,17.056123079875562,4.1299059408024732,0.37953461754376444,0.044874348719584102,0
3,2016-01-13,2772,852.322035896442,29.194554901495621,2.6823369075244048,0.041746216504814956,0,57.568034595376815,7.587360186216074,0.69711137322823169,0.05877754296462788,0
3,2016-01-14,2773,261.0828055470115,16.158056985510711,1.4773080672466936,0.22051649246392721,0,1.4597935944971585,1.208219183135725,0.11046575388669484,0.12621576591459563,0
3,2016-01-15,2774,798.42155170218848,28.256354182770792,2.6012754138339047,0.0069958999525889711,0,132.06612455854219,11.492002634812707,1.0579519111450133,0.0096663208264791498,0
3,2016-01-19,2775,162.72457203629389,12.756354182770792,1.1578265652617012,0.46344655919838795,1,16.064042879348285,4.0079973651872933,0.36378464853072778,0.17235239612021089,0
3,2016-01-20,2776,571.66320813945242,23.909479461909086,2.180527082709447,0.16203075358964031,0,17.482903769793857,4.181256243020016,0.38132751874327553,0.0068371829855107492,0
3,2016-01-21,2777,900.03619627029263,30.000603265106065,2.7366570823357872,0.46345057290090202,1,2.2260718622880589,1.4920026348127067,0.1361005824230519,0.030122981543766202,0
3,2016-01-22,2778,95.65691016608821,9.7804350703886485,0.88382749596861099,0.38454178973988978,1,78.464117321663423,8.8579973651872024,0.8004696697259357,0.17009082245940849,0
3,2016-01-25,2779,17.301269394043501,4.1594794619090862,0.37262973902880953,0.018929734689753504,0,130.44938447632953,11.421444062653791,1.0231976763855579,0.012087367625899318,0
3,2016-01-27,2780,115.09175301463014,10.728082448165196,0.96302355908125647,0.032789535061503852,0,17.973311166584768,4.2394942111748151,0.38056500997978593,0.0077232318073319813,0
3,2016-01-28,2781,1011.1442241118751,31.798494054150979,2.8600912083244272,0.11821612282259726,0,546.38172980830632,23.374809727745514,2.1024293692881377,0.048667495485052288,0
3,2016-01-29,2782,292.3584989198348,17.098494054150933,1.5178423483489512,0.5479524492032456,1,75.25232381258742,8.674809727745469,0.77006744143324179,0.075900309293151086,0
3,2016-02-01,2783,227.96452270323107,15.098494054150933,1.3379259241604724,0.015421574102535614,0,51.650115756151131,7.1868014969213618,0.63684550260712114,0.0073846218050570437,0
3,2016-02-02,2784,756.29870975553445,27.500885617658469,2.4294068566836104,0.089635335854330644,0,47.574786400114,6.8974478178608933,0.60931517825626269,0.04872816897593063,0
3,2016-02-03,2785,16.885941026164041,4.1092506648005838,0.35536391791417687,0.053163234419934396,0,72.641335991546242,8.5229886771921883,0.73705959935937992,0.019202974131060573,0
3,2016-02-04,2786,78.838399346548371,8.8790990165978201,0.77186065254903469,0.22574584964131483,0,6.3654718652399884,2.5229886771921883,0.21932356910437595,0.0032050585696106497,0
3,2016-02-05,2787,1401.6452459109403,37.438552935589541,3.0953743642488254,0.26608531158057602,1,2195.0853157996603,46.85173759637587,3.8736451092497619,0.1006994318047915,0
3,2016-02-16,2788,194.6024606281845,13.949998588823746,1.1528924453573344,0.50912379326652391,1,988.62281843958522,31.442372977235436,2.5985432212591268,0.014397592466207575,0
3,2016-02-17,2789,92.705029862419039,9.6283451258468631,0.79566524467786659,0.018614431304195499,0,200.7136564468052,14.167344721111476,1.1707581787547705,0.018416549911603939,0
3,2016-02-18,2790,4.3429277504632342,2.0839692297304282,0.17208664159623685,0.099820440106424713,0,60.935734916195891,7.8061344413349616,0.64460234858257326,0.069337807165486376,0
3,2016-02-22,2791,217.28101818339849,14.740455155231757,1.2068985266493435,0.10616639375560569,0,382.44030433095338,19.556081006453041,1.6011856557459403,0.06571337677667087,0
3,2016-02-23,2792,1333.9011748668825,36.522611829753941,2.9200569122329756,0.024181262512446934,0,1665.2278378326835,40.807203259138987,3.2626186895174083,0.014822252708055617,0
3,2016-02-24,2793,157.65868424513781,12.556220938050501,1.0158754804247978,0.25029438284293476,1,112.26602096074134,10.59556609911624,0.8572464481485631,0.21503884301944154,0
3,2016-02-25,2794,9.3404864221782837,3.056220938050501,0.24918230232780278,0.28452252753893326,1,1.2002650775327759,1.0955660991162404,0.089324590225539374,0.16118827908719177,0
3,2016-02-26,2795,133.09485479829152,11.536674338746479,0.9342193164423418,0.37022987282106418,1,90.736983529206441,9.5255962295914287,0.77136579719745957,0.092959174416293713,0
3,2016-02-29,2796,142.39297371800757,11.932852706624999,0.96505076478972907,0.051343099201067249,0,123.11158705985758,11.09556609911624,0.897336522370905,0.019032912280215093,0
3,2016-03-01,2797,80.62349242884035,8.9790585491375623,0.72458509918798919,0.67143567602583965,1,16.823506989504168,4.1016468630909912,0.33099151574330143,0.023346148796903537,0
3,2016-03-02,2798,78.315610621124648,8.8496107609953469,0.70782729542054357,0.31158183616095175,1,6.2025431371338149,2.4904905414664427,0.19919940343662812,0.0065713239859101422,0
3,2016-03-03,2799,893.6181986716914,29.893447420324264,2.3399958841741104,0.003259770681068086,0,592.53593705925221,24.342061068431576,1.9054450934193015,0.0025991186750283818,0
3,2016-03-04,2800,252.25871855535982,15.882654644465447,1.2535639024834606,0.0045064885812126192,0,191.60265462218911,13.842061068431576,1.0925067930885222,0.0014710143130188106,0
3,2016-03-08,2801,27.812071794380365,5.2737151794897272,0.4231157878281232,0.49114707809902541,1,89.20882036877218,9.4450421051878948,0.75778579149453573,0.24018960671882714,0
3,2016-03-09,2802,144.02851214228124,12.001187947127619,0.94758688883755382,0.032797962362664815,0,7.1549567008875075,2.6748750813612787,0.2112021382835593,0.18402569737990385,0
3,2016-03-10,2803,105.08685432733456,10.251187947127619,0.8105307726529053,0.10733642203397004,0,0.85539391612303195,0.92487508136127872,0.073127106650427265,0.0039260219692129625,0
3,2016-03-11,2804,88.516361997502656,9.4083134512782181,0.75705600090752112,0.40585813293802381,1,229.2804445878206,15.142009265213801,1.2184276214213479,0.31157194733894011,1
3,2016-03-14,2805,383.25029041559492,19.576779367801919,1.5890242993345713,0.3791484703299316,1,670.39614378991735,25.892009265213801,2.1016241286699513,0.13837332153171306,0
3,2016-03-15,2806,770.00301371908165,27.748928154418536,2.2587650105346793,0.4125513661598551,1,1065.2404634283582,32.638021745019387,2.6567376267822049,0.24875208227584999,0
3,2016-03-16,2807,687.49281770928815,26.220084242986104,2.0702790559009951,0.41576720803880068,1,150.40298155588565,12.263889332340113,0.96832920113226317,0.23156362179512957,0
3,2016-03-17,2808,192.53711765065117,13.875774488317802,1.1082001827583903,0.0083928640270171922,0,33.547371328323571,5.7920092652138919,0.46258360076782146,0.0010897123401094929,0
3,2016-03-18,2809,1.0276463534912348,1.0137289349186176,0.080936441909670073,0.065136722054657287,0,15.989145250339023,3.9986429260861769,0.31925292823043327,0.33468459137942297,1
3,2016-03-22,2810,1438.5803799198604,37.928622172705673,3.115031387377273,0.066516598404612867,0,1513.1044214911612,38.898642926086268,3.1946980064131298,0.0086429635762279994,0
3,2016-03-23,2811,778.89301926831524,27.90865491685895,2.2763992591238948,0.017329726414704958,0,890.7265382604437,29.845042105187986,2.4343427491996725,0.24061897027160173,0
3,2016-03-29,2812,485.5634527241761,22.03550436736532,1.7824472693520987,0.11377093519551901,0,285.87839891364717,16.907938931568424,1.367679590015646,0.053021717805882072,0
3,2016-03-30,2813,34.180108147802919,5.8463756420369464,0.47262535505553327,0.071355755004452029,0,115.76704378827309,10.759509458533557,0.86980674684992376,0.10673916296871468,0
3,2016-03-31,2814,697.1362230676101,26.403337347153865,2.1444334901241717,0.048335100974732835,0,479.95778822933141,21.907938931568424,1.7793249893659633,0.0055044309744594908,0
3,2016-04-05,2815,1401.8939429586717,37.441874191320494,3.0654883077878248,0.364294235535639,1,1186.4609256281669,34.445042105187895,2.8201278946444974,0.51074209195438014,1
3,2016-04-06,2816,72.023643797610006,8.4866744840137471,0.68325211206937819,0.75048302258561017,1,32.030047311231826,5.6595094585336483,0.45564040403620071,0.39705629402617793,1
3,2016-04-07,2817,106.87165795034313,10.337874924293828,0.82389917707063787,0.02242009913463373,0,48.8669580103318,6.9904905414664427,0.55712217903697492,0.018509576339912324,0
3,2016-04-11,2818,2.6982690903355557,1.6426408890367838,0.13092945074420406,0.051396006965946435,0,0.62166956193990475,0.78846024753306665,0.062845548185323355,0.029803682265957584,0
3,2016-04-12,2819,17.330889595587646,4.1630385051771555,0.33417929000017305,0.19978308883972876,0,54.877559213847121,7.4079389315684239,0.59465694814918113,0.14983022428644266,0
3,2016-04-13,2820,243.76697136414592,15.613038505177201,1.2649306088614762,0.0866935204098888,0,355.62186074676572,18.857938931568469,1.5278245913933783,0.23983321524537121,0
3,2016-04-18,2821,4.3554082808732018,2.0869614948228445,0.16669021524144126,0.14612790300321216,0,1.340822569241823,1.1579389315684239,0.09248713510929904,0.21842977639935277,0
3,2016-04-20,2822,0.43962005934755682,0.66303850517715546,0.053074925369394073,0.36164121831200108,1,15.271986692868154,3.9079389315684239,0.31282280821040015,0.1554263368250548,0
3,2016-04-21,2823,44.39608212147342,6.6630385051771555,0.53593714097543976,0.06730226174903757,0,98.16725387168924,9.9079389315684239,0.79693858287298802,0.10608620386706183,0
3,2016-04-22,2824,121.28701711651267,11.013038505177065,0.88893683954936342,0.38511570953066038,1,203.28882257633194,14.257938931568333,1.1508547042996473,0.19832234084016057,0
3,2016-04-25,2825,67.45400148752185,8.21303850517711,0.66143500887308604,0.11076135682126463,0,131.28436455955031,11.457938931568378,0.92276225590467742,0.088679939142487924,0
3,2016-04-26,2826,6.3153625285025745,2.5130385051770645,0.20146212162714963,0.13692988156858865,0,33.153860739670279,5.7579389315683329,0.46159523260929397,0.086759432630291983,0
3,2016-04-27,2827,37.051100239455955,6.0869614948228445,0.48463069226296529,0.20455184873404539,0,8.0773111166944318,2.8420610684315761,0.22627874748659044,0.12922904330822221,0
3,2016-04-28,2828,1482.667940130478,38.505427411346545,2.9872325377305309,0.015180053605178205,0,1284.6533416331786,35.842061068431576,2.7806098579078027,0.0059333571353660502,0
3,2016-05-06,2829,52.423322236132577,7.2403951712688013,0.57225016172841736,0.032303967735198377,0,2.0302689974843107,1.4248750813612787,0.1126160902083603,0.024356078927296212,0
3,2016-05-09,2830,13.845574793805127,3.7209642290413285,0.29465982174860061,0.095005672901660648,0,1.0508810988141382,1.0251249186387668,0.081178723363855454,0.083751693546734202,0
3,2016-05-10,2831,94.922107056136696,9.7427977016941441,0.76303384905777061,0.15207235706964639,0,165.85419435869304,12.878439127421188,1.008610183453122,0.1904633839654058,0
3,2016-05-11,2832,72.218535114141844,8.4981489228032387,0.6643071270512596,0.28331379364166354,1,55.978698217052198,7.4818913529302336,0.58486545655112243,0.014372022951966799,0
3,2016-05-12,2833,0.44224316207517306,0.6650136555554127,0.052532874283546298,0.49611325317186861,1,34.434699093813897,5.8681086470696755,0.46355230642781226,0.22822143253803337,0
3,2016-05-13,2834,361.7302044264016,19.019206198640404,1.4792305034913789,0.17849715551588941,0,195.49328580514523,13.981891352930234,1.0874502316103625,0.19996313763216403,0
3,2016-05-16,2835,23.313023134442307,4.8283561524024208,0.37810149979658736,0.16802548965594766,0,27.372687128866151,5.2318913529302336,0.40970175042523366,0.017931583439051105,0
3,2016-05-17,2836,209.67067315598055,14.480009432178576,1.1375606435838304,0.97204174652084907,1,0.16299444826646384,0.40372570919680584,0.031717001272433487,0.71112832917654645,1
3,2016-05-18,2837,449.22601542175033,21.194952593052676,1.7006983023512678,0.40689391922390106,1,640.19841350610011,25.302142468694228,2.0302621840476811,0.078192916865970394,0
3,2016-05-19,2838,7.3496092649042586,2.7110162789817878,0.21615502144648283,0.018154109305365856,0,250.16247593658107,15.816525406567052,1.2610847876388975,0.0078698198980362271,0
3,2016-05-20,2839,3.8172080011145533,1.9537676425600239,0.15681576712095865,0.21236091528489781,0,750.96418274489395,27.403725709196806,2.1995124575966614,0.039431087816625167,0
3,2016-05-23,2840,812.86040253198769,28.510706805198424,2.3051062622952196,0.18192177755097699,0,1219.2743114885748,34.918108647069857,2.8231482109447272,0.17201824301511301,0
3,2016-05-24,2841,310.61332488662964,17.624225511682198,1.4438985344651973,0.1778555774561959,0,1390.6939550367988,37.292009265213892,3.0552195039500161,0.13062350125557884,0
3,2016-05-25,2842,879.93681432433345,29.663728934918709,2.4238043007655112,0.054587206016485867,0,1065.9338849150829,32.648642926086268,2.6676997120632651,0.16043509306989995,0
3,2016-05-26,2843,1170.9679063958972,34.21940832913242,2.8135176426830357,0.5102322450504887,1,1567.7673593116094,39.595042105187986,3.255501920262116,0.1550708321467886,0
3,2016-05-27,2844,1509.5000569402659,38.852285092903685,3.1990354131662153,0.16402849590195584,0,1494.4362424368737,38.657938931568424,3.183033259083444,0.35054006638897739,1
3,2016-06-01,2845,1311.1511503813238,36.209821186817862,2.9866233245478275,0.061829184393703281,0,937.21921496487903,30.614036240993755,2.5250772221208968,0.04993379580113242,0
3,2016-06-02,2846,111.91488719852022,10.57898327810949,0.85279994180648844,0.16380789136591761,0,79.633206527980249,8.9237439748112592,0.71936670494246346,0.32214875973102014,1
3,2016-06-03,2847,1.3308491592856677,1.1536243579630536,0.092735077006676339,0.0093851699192953261,0,14.133911368803281,3.7595094585335573,0.30221137126475539,0.0085602619922591147,0
3,2016-06-06,2848,1.2224379304654858,1.1056391502047518,0.089092598727216102,0.15392353572612091,0,45.690968120004626,6.7595094585335573,0.54468247047006901,0.088452190470529615,0
3,2016-06-07,2849,324.22831047570151,18.006340840817757,1.4256801932555625,0.059567663650700819,0,232.27255194452809,15.240490541466443,1.2066896707416028,0.21011825806539206,0
3,2016-06-08,2850,881.05998674260343,29.682654644465401,2.317508951004482,0.11233131111441175,0,764.08354011089807,27.642061068431531,2.1581871539999633,0.034033676379775411,0
3,2016-06-13,2851,733.83630103021994,27.089413080209397,2.1046042093158834,0.41295250947257195,1,544.04979756111254,23.32487508136137,1.8121334018071995,0.13723682506007367,0
3,2016-06-14,2852,254.33503988493501,15.9478851226404,1.2427246257804412,0.2673710516528961,1,379.27075943462472,19.474875081361233,1.5175621508112862,0.085427467487835945,0
3,2016-06-15,2853,1496.4368003428244,38.683805401522022,2.9512725845143635,0.059179936914047077,0,2201.9439014013606,46.924875081361279,3.5800019135122088,0.18176897161644623,0
3,2016-06-16,2854,489.60620168826699,22.127046836129466,1.7143446839799694,0.058504748061801559,0,1.1029367177778873,1.0502079402565414,0.081367315430118645,0.056269055721584207,0
3,2016-06-17,2855,572.59036950933421,23.928860597808125,1.8668170227654959,0.044942677898080645,0,343.44410347636892,18.532244965906557,1.4457984838435447,0.10385990910412508,0
3,2016-06-20,2856,726.84332388895427,26.960031971215358,2.1185000763174098,0.09536288859108237,0,290.69540928049577,17.049792059743595,1.3397604950293569,0.22119303278813393,0
3,2016-06-21,2857,136.86054063911092,11.698740985213362,0.92491133219064425,0.031443248792605856,0,26.692984776704257,5.1665254065671888,0.4084694158649001,0.01933457940028362,0
3,2016-06-22,2858,28.036522962674294,5.2949525930525851,0.41951848774334155,0.1197301792534681,0,88.400283001621887,9.4021424686941373,0.74493067136981628,0.03224211798429364,0
3,2016-06-23,2859,2946.3165211116475,54.279982692624799,4.1261864456575292,0.70189060289769845,1,1931.4141815919495,43.947857531305772,3.3407721422505339,0.21238001929565395,0
3,2016-06-24,2860,1827.8708572766523,42.753606365740097,3.2277835012449589,0.0017134018986655352,0,1986.9466822038498,44.5751801140932,3.3653074715256657,0.0019074507486761866,0
3,2016-06-27,2861,102.76361288458943,10.13723891819609,0.77401228664549815,0.3113952726456588,1,412.22442157293443,20.303310606227114,1.5502260522430416,0.0097826396223598018,0
3,2016-06-28,2862,170.24166842567644,13.047669080172,0.98733780402360938,0.053445274744079133,0,327.42729405489388,18.094952170561101,1.3692737170307303,0.2892389972815062,1
3,2016-06-29,2863,151.01015436885112,12.288618895907348,0.93042732507343151,0.23392951048013405,0,300.84736579905223,17.344952170561101,1.3132653545758926,0.19583580281036495,0
3,2016-06-30,2864,1011.7448419561181,31.80793677615884,2.354835223110038,0.034059758649437825,0,1087.8774116768157,32.982986700370475,2.4418276291223746,0.068690453606106885,0
3,2016-07-05,2865,1987.2582478912566,44.578674810847133,3.2628490254965876,0.28362732043530542,1,2350.5999993883001,48.482986700370475,3.5486175078038773,0.083703430288688249,0
3,2016-07-06,2866,24.473347965668076,4.9470544736911961,0.3646387907194808,0.17360388524106285,0,767.86174430808717,27.710318372550091,2.0424794260005963,0.078797673788876033,0
3,2016-07-07,2867,271.67206019399237,16.482477368223272,1.2170926614896267,0.074732855731130476,0,522.40302539067363,22.856137586886234,1.6877339920167056,0.15791375556162621,0
3,2016-07-08,2868,333.48926828122796,18.26168853861077,1.345640596758586,0.070756603428063697,0,660.80550963592054,25.706137586886143,1.8941962704948894,0.19663124577792634,0
3,2016-07-11,2869,453.25993607326762,21.289902209105321,1.5859581502611235,0.36929417675575715,1,195.20816447772353,13.97169153959976,1.0407994293503993,0.15951840030640776,0
3,2016-07-12,2870,24.825080724857099,4.9824773682232717,0.37106515495984149,0.18875552114001987,0,128.9618608922903,11.356137586886234,0.84573729933987962,0.077908272427077888,0
3,2016-07-13,2871,50.535203605929155,7.1088116873306717,0.53708157202558715,0.038089142820266708,0,2.3059453923566275,1.5185339615420617,0.11472755829118025,0.043157327268641001,0
3,2016-07-14,2872,87.300243636231713,9.3434599392426207,0.70410398939281238,0.59086064516210957,1,85.24804340921807,9.2329867003704749,0.69577895255240951,0.58321228429017957,1
3,2016-07-15,2873,552.15792796930748,23.498040938965687,1.7655752452449984,0.063969158100892903,0,670.6456575019173,25.89682717056121,1.9458131467849731,0.0075496063845586995,0
3,2016-07-19,2874,3.0854329850452182,1.7565400607572883,0.13348583180768206,0.21639222461391547,0,14.267883880974615,3.7772852527939449,0.28704956704870771,0.0046130934553552756,0
3,2016-07-20,2875,1.0367568683276547,1.018212585036963,0.077070172579719404,0.19135648055348647,0,0.74094058780880734,0.86077905864908644,0.065153771990242318,0.70803032257958753,1
3,2016-07-21,2876,117.58048287946824,10.843453457246369,0.82100726536031565,0.059224452884652959,0,300.84736579905223,17.344952170561101,1.3132653545758926,0.009626441949640005,0
3,2016-07-22,2877,48.745355507736249,6.981787414963037,0.53168239842843823,0.24146866022644303,0,42.605452771341312,6.5272852527939449,0.49707080324364655,0.26929058289884988,1
3,2016-07-25,2878,19.702364689362437,4.4387345819909569,0.33550525940974735,0.17582918074924231,0,27.384149806254271,5.2329867003704749,0.39553943313457862,0.096222261506353809,0
3,2016-07-26,2879,128.67408339320221,11.343459939242621,0.85353347925076151,0.127022330355234,0,126.17999021069997,11.232986700370475,0.84522097068250379,0.017592648299063464,0
3,2016-07-27,2880,579.84661939401553,24.080004555523146,1.7946714779596158,0.0074346264606223343,0,575.18365107014711,23.982986700370475,1.7874407825877008,0.017189470144222025,0
3,2016-07-28,2881,477.29446740883509,21.847069995970514,1.6279485839024228,0.022445452361181551,0,498.30359368512666,22.322714747205964,1.6633915608946324,0.098126041531251346,0
3,2016-07-29,2882,870.07713834718936,29.497069995970605,2.1855347679747048,0.04614156083225103,0,898.36362931738336,29.972714747206055,2.2207768493465752,0.023702457307394186,0
3,2016-08-01,2883,2171.1717251769487,46.595833774887524,3.4167430815682875,0.027404591652846283,0,1742.1625647908991,41.739220941350823,3.0606211506031764,0.07735854525765741,0
3,2016-08-02,2884,67.873521329657876,8.2385387860747414,0.60626527235813821,0.21096400454383235,0,250.2894059373545,15.820537473087143,1.1642164598636502,0.13127395842870418,0
3,2016-08-03,2885,571.768848767534,23.911688538610861,1.7546643579974948,0.12813777519854497,0,983.20736436773961,31.356137586886234,2.3009457044128592,0.070782147575503204,0
3,2016-08-04,2886,273.66123598523956,16.542709451152177,1.234162149444358,0.12878599338303734,0,7.1795194331302348,2.6794625269128574,0.19990021836115021,0.014292361867718794,0
3,2016-08-05,2887,0.66290185740769381,0.81418785142477645,0.060905733948591896,0.044488488771872753,0,70.085219234203919,8.3716915395996239,0.62624861906041474,0.052855038485540878,0
3,2016-08-08,2888,434.60032741689406,20.847069995970514,1.5545913494385171,0.17633726132719121,0,454.65816419071473,21.322714747205964,1.5900607566894827,0.21938900170796083,0
3,2016-08-09,2889,902.60948512087896,30.043459939242666,2.2292394404721128,0.29994401206682592,1,659.93607257353995,25.689220941350868,1.9061527744565456,0.43875271807133182,1
3,2016-08-10,2890,478.07179797484696,21.86485302888741,1.6169836584001931,0.18439576450847611,0,911.38906104569776,30.189220941350868,2.2326002766862052,0.0067314723603842759,0
3,2016-08-12,2891,40.620775426217129,6.3734429805417676,0.47421450748078625,0.029072000006060611,0,225.30965764531345,15.010318372550046,1.1168391646242595,0.024189268490631737,0
3,2016-08-16,2892,1.9290621809597437,1.388906829474081,0.10287817706559617,0.18076489514560146,0,24.171244821991529,4.9164260212060071,0.36416621763682877,0.069615068390209492,0
3,2016-08-18,2893,108.45530860476624,10.414187851424913,0.77348394618426264,0.022488168515380016,0,322.98169679452161,17.97169153959976,1.3347958659833452,0.016107898107096428,0
3,2016-08-19,2894,190.79722965533054,13.812937039432654,1.0339798667140245,0.14447413153598226,0,95.94098958986288,9.7949471458432527,0.73320960744391439,0.064519880716492839,0
3,2016-08-22,2895,20.321343387671575,4.5079200733455309,0.33591058668744639,0.052811094180295601,0,169.26838415511327,13.010318372550046,0.96947230793964567,0.060601511916734727,0
3,2016-08-23,2896,1.8296637344864193,1.3526506328266805,0.10191377907904919,0.13044422408353989,0,27.449436072289,5.2392209413508226,0.39474258363916537,0.048096569195543538,0
3,2016-08-24,2897,10.301031712912231,3.2095220380786031,0.24290638296212844,0.048662093052032465,0,0.50520687021427535,0.71077905864922286,0.053793919522381203,0.20183674936561896,0
3,2016-08-25,2898,12.811231606525048,3.5792780845479228,0.27141445190884722,0.092431754920692513,0,0.85985794004929894,0.92728525279403584,0.070315469406182801,0.18086717376127123,0
3,2016-08-26,2899,0.23040437332306057,0.48000455552323729,0.036415017678051602,0.050579974254751671,0,0.14667881266073354,0.38298670037056581,0.029054864800710522,0.088640544961352458,0
3,2016-08-30,2900,34.260610469016456,5.8532563987080266,0.4470694213257993,0.13598705355873314,0,74.967467209193586,8.6583755525614379,0.66132331888955032,0.021477638352978969,0
3,2016-08-31,2901,113.3211942429038,10.645242798682602,0.81292423052177187,0.0097098986939971859,0,68.34350889625145,8.2670132996295251,0.63131067580217826,0.12199933635658101,0
3,2016-09-01,2902,27.478178107507638,5.2419631921168275,0.39570945815028513,0.18121261216641918,0,48.066304587514516,6.9329867003705203,0.52336277650566321,0.068796627275935676,0
3,2016-09-02,2903,335.18054899982934,18.30793677615884,1.3690736044986982,0.065651377809339384,0,379.58677076681278,19.482986700370475,1.4569442288555225,0.018461298576571243,0
3,2016-09-06,2904,795.07475635765547,28.197069995970423,2.0912277966381447,0.37107303755063298,1,822.12457097463721,28.672714747205873,2.1265038563582062,0.58745844305920658,1
3,2016-09-07,2905,635.09232136356104,25.201038100910864,1.8759147015714503,0.021297155391142773,0,589.7169258272877,24.284087914255451,1.8076587698567403,0.029107735774895303,0
3,2016-09-08,2906,10.135698025008548,3.1836611039821037,0.23922013029132541,0.0093077607296043838,0,124.8295548224316,11.172714747205873,0.83951720683817666,0.06096828969097047,0
3,2016-09-09,2907,27.351929903737499,5.2299072557491399,0.39568051868728121,0.060959309689639883,0,52.412990066836421,7.2396816274499542,0.54773456610175553,0.088885897495077151,0
3,2016-09-14,2908,1.878878569500736,1.3707219154521226,0.10433261649049495,0.0014503906010617674,0,67.416892749952623,8.2107790586492229,0.62496415425857998,0.010403047538835739,0
3,2016-09-20,2909,71.06497680613947,8.4300045555230554,0.63569900878689811,0.15122337145973039,0,69.4386673485497,8.3329867003703839,0.62838298019533856,0.34723359439699703,1
3,2016-09-21,2910,937.28491689658608,30.615109290946293,2.2870137295742943,0.041891717439625199,0,1051.0127741918907,32.419327170561246,2.4217926396415228,0.01792229794613838,0
3,2016-09-23,2911,521.82366199578246,22.843459939242621,1.7040999581680434,0.022827777758783935,0,516.78868431922092,22.732986700370475,1.6958587616837355,0.012058726932016157,0
3,2016-09-26,2912,1.3658894491505098,1.1687127316627084,0.088071795905253075,0.064547670636299528,0,53.622151268947711,7.3227147472059642,0.55182477371559646,0.015508367806637096,0
3,2016-09-27,2913,23.328944006374346,4.8300045555231463,0.36521773576734567,0.18424497174037602,0,7.9677185440940299,2.8227147472059642,0.21343778806850391,0.4981857675366429,1
3,2016-09-28,2914,0.18490391777058043,0.43000455552305539,0.032623060126170653,0.12444410802033057,0,0.11088014262355583,0.33298670037038391,0.025262628053287606,0.3563125978513092,1
3,2016-09-29,2915,1601.9449077333716,40.024303963134344,3.1738871546040479,0.077186337369565303,0,1078.674001504387,32.843172829438799,2.6044306593266562,0.15718846167765124,0
3,2016-10-13,2916,3236.9831827047142,56.894491672785989,4.5451960593398031,0.030424619154129702,0,1776.0470161319449,42.143172829438754,3.3667403898093675,0.16867267642427894,0
3,2016-10-14,2917,818.62524420904663,28.611627779786431,2.2801743528679022,0.084803179728284786,0,1095.4914270420597,33.098208819240654,2.6377278306694816,0.1018037229639828,0
3,2016-10-17,2918,69.662495616193851,8.3464061497265902,0.66336084483600311,0.41546142097869931,1,115.83187664895802,10.762521853587941,0.85539038734604511,0.20008121169081997,0
3,2016-10-18,2919,6.2679821671263811,2.5035938502733188,0.19728094639874857,0.66909325726976532,1,0.0076524260996736794,0.087478146411967828,0.006893199354790421,0.39324966509425363,1
3,2016-10-19,2920,26.046670188549033,5.1035938502734552,0.40133636222808594,0.34132381765258457,1,7.2225387874426392,2.6874781464121043,0.2113378796376443,0.061856763897086511,0
3,2016-10-20,2921,41.315639756437427,6.4277243061940226,0.50789967256876634,0.29156667930982755,1,2.4914700789743063,1.5784391274212339,0.12472356899539601,0.076851456529800799,0
3,2016-10-24,2922,8.685591135898461,2.9471326973684882,0.2321673780816518,0.015349512269421972,0,31.079232172783939,5.5748750813613697,0.43917402563111468,0.16616832244142887,0
3,2016-10-25,2923,5.4844475087842843,2.3418897302785808,0.18432819600775921,0.22183111230591765,0,44.55395735177774,6.6748750813612787,0.52537387495956545,0.092103021282568254,0
3,2016-10-26,2924,26.747516778302227,5.1718001487201946,0.40843436515065701,0.22608506847645607,0,60.425168006969777,7.7733627219479331,0.6138884676760461,0.097188089202197209,0
3,2016-10-27,2925,74.101418777508954,8.608218095373104,0.66810649193784033,0.29453556371285028,1,606.38447277264993,24.624875081361324,1.9112014499096841,0.025725464000963857,0
3,2016-11-01,2926,799.49271766920197,28.275302256018449,2.1687671912574076,0.073489441184548476,0,1176.3864693712396,34.298490773957383,2.6307567228346986,0.18397972894465098,0
3,2016-11-02,2927,226.36278546362252,15.045357605042909,1.1548478358184611,0.04875104935069164,0,444.84174817977612,21.091271848320957,1.6189186251397727,0.070250345629708957,0
3,2016-11-04,2928,10.75687091535211,3.2797668995451659,0.25562268809050043,0.056825499639503514,0,1.7990101710983173,1.3412718483209574,0.10453776924679142,0.045942950298709852,0
3,2016-11-07,2929,17.911941931187251,4.2322502207675825,0.33003861822182579,0.02715845911223521,0,4.7388453284306742,2.1768889104478149,0.1697577814518513,0.14951447415277905,0
3,2016-11-08,2930,273.35570239816212,16.533472182157084,1.290266285481277,0.010592195584595964,0,89.407690477057713,9.4555639957147832,0.73790884936122858,0.011367907763182172,0
3,2016-11-09,2931,428.13776763099673,20.691490222576931,1.6324647118403892,0.0077001772211539509,0,160.60774468812826,12.673111089552094,0.99985097353468189,0.168065811349011,0
3,2016-11-10,2932,467.8761918846991,21.630445947430189,1.7493991627182812,0.04745163737789268,0,667.77938437933244,25.841427676878311,2.0899694833497762,0.13276477045164384,0
3,2016-11-11,2933,412.71462836622362,20.315379109586502,1.655762590943926,0.02626743965246842,0,957.40793736857393,30.942009265213755,2.5218639117497661,0.17887042064240297,0
3,2016-11-15,2934,742.68895681321135,27.252320209721802,2.2170777912237067,0.0786081633826861,0,505.80716235395909,22.490157010433677,1.8296580711384378,0.10568017098900129,0
3,2016-11-16,2935,633.15804050280667,25.162631827827681,2.0511621624477425,0.48223490328560009,1,524.09814152680917,22.89318985040768,1.8661658732755395,0.14552232071994947,0
3,2016-11-17,2936,1111.5913590910652,33.340536274797159,2.7531408980014169,0.026333755637864022,0,1493.2961218146511,38.64318985040768,3.1910148513961749,0.16144329513858235,0
3,2016-11-18,2937,1204.3769837148823,34.704134965661979,2.8580716463382316,0.03400279808015115,0,1069.688105709592,32.706086676788345,2.6935216534311999,0.22537937999129001,0
3,2016-11-21,2938,1347.1935235775302,36.704134965661979,3.0277694341647332,0.38417922583996322,1,1204.5124524167454,34.706086676788345,2.8629479626140109,0.067642707378327671,0
3,2016-11-22,2939,1778.8681361523538,42.17663021333442,3.5511181454352463,0.0052132043458002616,0,1799.4459636726681,42.419876987948328,3.5715986350044902,0.041749433301025589,0
3,2016-11-25,2940,170.19517174252999,13.04588715812497,1.0990637875421203,0.016084248927384422,0,91.522241103066563,9.5667257252973741,0.80595835933423532,0.12875022116954674,0
3,2016-11-28,2941,171.86182649242735,13.109608174633877,1.1048508848876049,0.03244438753196574,0,15.253490989696582,3.9055717878047744,0.32915357867808137,0.080919137164511462,0
3,2016-11-29,2942,136.24512250689634,11.672408599209348,0.9907824971742083,0.0023539263819825663,0,61.582691065147635,7.8474639894138818,0.66611187415447604,0.02684113162691168,0
3,2016-11-30,2943,1382.9074862341397,37.187464100609759,3.2007112880844999,0.070616406565821202,0,580.68777072109879,24.097463989413882,2.0740598174819369,0.027526048142586673,0
3,2016-12-01,2944,1105.9132567764532,33.255274119700971,2.8338537809715358,0.083682736092332025,0,154.93935976775307,12.447463989413791,1.0607127387655553,0.047444076459069569,0
3,2016-12-02,2945,449.14260859928737,21.192984891215474,1.8235230503541107,0.31829400245480804,1,61.43580173827889,7.8380993702733122,0.67441915077209702,0.12316945175693704,0
3,2016-12-05,2946,96.868216321071699,9.8421652252475269,0.83941707678017274,0.00090151134619411875,0,6.0609547106484385,2.4619006297266424,0.20997020296176055,0.19965154143202199,0
3,2016-12-06,2947,145.3521973382141,12.056209907687162,1.0237515312433372,0.87561381625395474,1,57.941031196834238,7.6119006297267333,0.64636357404379341,0.028474147917554985,0
3,2016-12-07,2948,394.83649783938768,19.870493145349656,1.6968099692882161,0.55719262941736747,1,3.1700141571794349,1.7804533572041237,0.15203905530968992,0.29755081112524362,1
3,2016-12-08,2949,518.52153291194088,22.771067891338362,1.9569498015931903,0.00020866362368172336,0,85.201269179521717,9.2304533572041692,0.79326687497457626,0.010084949232496466,0
3,2016-12-09,2950,330.62689883025729,18.18314876005411,1.569474667476942,0.0084295528014079989,0,21.313453547210564,4.6166496019527585,0.39848514107744665,0.0029990956893804189,0
3,2016-12-13,2951,209.76159800585557,14.483148760054064,1.2461302439280759,0.0062058503967592103,0,0.84024649276006724,0.91664960195271306,0.078868539638865393,0.0050305762404569991,0
3,2016-12-14,2952,2478.361900465668,49.783148760054019,4.4175117582904315,0.42586916283882159,1,1311.6457083906182,36.216649601952668,3.2136873509874144,0.0054506628575250165,0
3,2016-12-15,2953,1233.1516989060842,35.116259751090865,3.1032396386612646,0.0027434769161255421,0,387.25295657127106,19.678743775232988,1.7390194216360011,0.0094581017807526396,0
3,2016-12-16,2954,565.04515005033579,23.770678367483242,2.0920288992284481,0.55580178242754052,1,0.37147561538960439,0.60948799445895929,0.053640307543142737,0.19624115883703522,0
3,2016-12-19,2955,1177.908963604229,34.320678367483197,3.0488299162728256,0.78748639773051765,1,98.813778932304658,9.9405120055409952,0.88305161282233224,0.4993378367087411,1
3,2016-12-20,2956,698.94437916390905,26.437556225262369,2.3320739403927462,0.0049175900374133514,0,3.9621380442026539,1.9905120055409498,0.1755843519199885,0.040434509267699682,0
3,2016-12-21,2957,825.84713780012646,28.737556225262551,2.540111921621298,0.27889862362356882,1,18.408493269692585,4.2905120055411317,0.37923825567164288,0.053624244117203422,0
3,2016-12-22,2958,696.57709895628636,26.392747089992099,2.3261719628055793,0.049431366833106644,0,0.33494119446773618,0.57874104266738868,0.051008376755454679,0.11109125186183437,0
3,2016-12-28,2959,539.94479998508541,23.236712331676472,2.0278132761738781,0.63903153080462105,1,0.76866714912121292,0.87673664752946934,0.076510746795485585,0.039593302659165185,0
3,2016-12-29,2960,23.584905237187797,4.8564292682162886,0.41898276837341808,0.059989641173102841,0,123.84039718486275,11.128360040224379,0.96008627730345786,0.10473969289996427,0
3,2016-12-30,2961,40.855605155539735,6.3918389494369876,0.54900914317689387,0.39121438991783197,1,264.98500559917682,16.27836004022447,1.398184242235299,0.055348307128224403,0
3,2017-01-04,2962,16.646438170563208,4.0800046777624175,0.3467327847167857,0.53892305234387794,1,154.62911516921463,12.434995583803584,1.0567685547551273,0.063983422560954004,0
3,2017-01-05,2963,156.68097347339764,12.517227068060947,1.0523099678907899,0.44193190860932458,1,36.602943730836714,6.0500366718588339,0.50862014895828789,0.35087707266820423,1
3,2017-01-10,2964,787.11409835153961,28.055553788003181,2.3805145125792864,0.35642155152852628,1,220.07473423253171,14.834916050740958,1.258743035996857,0.18398861608295358,0
3,2017-01-11,2965,36.27008401678178,6.0224649452513859,0.49976888471444225,0.063608756360434185,0,482.61792780414021,21.968566812701738,1.8230419329240892,0.036302324816795101,0
3,2017-01-12,2966,212.36615775623272,14.572788262931454,1.2242439839485408,0.061146481886325786,0,23.56067463398341,4.8539339338296941,0.40777367445118612,0.1007187202440471,0
3,2017-01-13,2967,63.481102990622539,7.9675029332045142,0.65519534009329505,0.077526987789797885,0,462.94634423914289,21.516187957887496,1.7693505988970435,0.22380457401356546,0
3,2017-01-17,2968,122.0108730436872,11.045853205782123,0.92352771253560662,0.082120913047246114,0,34.843816577992193,5.9028651160256231,0.49352996246190578,0.039968346939148344,0
3,2017-01-19,2969,24.151481906204783,4.9144157237869877,0.40934702626187897,0.24844156227166006,0,36.194517544630521,6.0161879578874959,0.50111931680375632,0.075741598172002031,0
3,2017-01-20,2970,54.546855101044216,7.3855842762129669,0.6089445748619341,0.56288215069243708,1,118.74754867953027,10.897134883974331,0.89847342078363623,0.038274048898834602,0
3,2017-01-23,2971,9.4932010924775021,3.0811038756389735,0.25321366499334103,0.23096115546317783,0,133.85497271738453,11.569570982425603,0.95081944300013166,0.017853826919497322,0
3,2017-01-24,2972,783.65715754625955,27.993877143873078,2.3425838614119732,0.030110352356237151,0,204.3908432135527,14.296532559105117,1.19636255724729,0.040052593245741466,0
3,2017-01-25,2973,3.2789475460330424,1.810786444071482,0.14901139269844321,0.19863441337524218,0,175.48658263421325,13.247134883974468,1.0901197238293669,0.31309524170681668,1
3,2017-02-03,2974,100.05269034908994,10.002634170511783,0.81537674102398883,0.015850124086032161,0,463.09193526765597,21.519570982425648,1.7541936810618015,0.0079510522512770496,0
3,2017-02-06,2975,55.708362536462666,7.4638034899414833,0.60632034849240324,0.0016727193501685719,0,444.6714120280551,21.087233389614084,1.7130165223082114,0.047185291331066387,0
3,2017-02-07,2976,52.576954378930679,7.2509967851965484,0.58376916393177269,0.34048450205492609,1,279.74556923531691,16.725596229591247,1.3465579445770266,0.21474235422054402,0
3,2017-02-08,2977,3.8063884558474443,1.9509967851965939,0.15774553567242836,0.096548279789896788,0,130.54424920165076,11.425596229591292,0.92380305866682522,0.004921013268535614,0
3,2017-02-09,2978,42.88944310750535,6.5490032148034061,0.53317619594589327,0.1161008716399952,0,8.5591132985987848,2.9255962295912923,0.23818254738999367,0.24999613595204237,0
3,2017-02-10,2979,158.73488200662541,12.599003214803361,1.0308041083905388,0.036216070715881211,0,9.7618989205438638,3.1244037704086622,0.25562722605102572,0.064043338471925143,0
3,2017-02-13,2980,12.649999999019595,3.5566838486179222,0.28898507809205137,0.057124007696519645,0,28.57507692002082,5.3455660991162404,0.43433403202244486,0.13135022868464871,0
3,2017-02-14,2981,98.1423848764654,9.9066838486178312,0.80910518201713733,0.015804662143619891,0,1.0088874612443837,1.0044339008836687,0.082034784456359741,0.012479693043906682,0
3,2017-02-15,2982,38.978996566107753,6.2433161513820323,0.50327001341195698,0.64491525448319731,1,229.38817246269775,15.145566099116195,1.2208751037133687,0.27566269761970758,1
3,2017-02-16,2983,152.92108023291547,12.366126322859373,0.995702429474566,0.0046872783623528287,0,0.15393286976675333,0.39234279624679402,0.031590868895430085,0.00081508251476933682,0
3,2017-02-17,2984,312.09201925522319,17.666126322859327,1.4285469876569221,0.12472676803821443,0,24.085099229550291,4.9076572037531605,0.39685094438629848,0.025945260409223514,0
3,2017-02-22,2985,142.0158364586263,11.917039752330538,0.95496752562950049,0.090465735120457233,0,0.89097236173664129,0.94391332321174559,0.075640141294314095,0.019834352067084667,0
3,2017-02-23,2986,8.3167273857046045,2.8838736771406275,0.22938861574456154,0.12224282531001637,0,244.68288815529397,15.642342796246794,1.2442207123963405,0.035932653778048176,0
3,2017-02-27,2987,999.53688798902772,31.615453309877239,2.5488111343016153,0.020835921560601038,0,42.98227251356046,6.5560866767882544,0.52854616871882087,0.021978138024770364,0
3,2017-03-01,2988,262.96275291893704,16.216126322859509,1.3097590116193774,0.044616431297212045,0,11.955393338667383,3.4576572037533424,0.2792712384906989,0.015260726404838899,0
3,2017-03-02,2989,773.73688360927258,27.816126322859418,2.2679271359852766,0.10066750552499004,0,226.73304046574219,15.057657203753251,1.2276932086223606,0.076100305991138401,0
3,2017-03-03,2990,545.97585933582161,23.366126322859373,1.8982189628221593,0.021387486868685485,0,112.52239135233728,10.607657203753206,0.8617455789230436,0.31563581457197137,1
3,2017-03-06,2991,1303.2372115415872,36.100376889190329,2.9671949113705938,0.19095265961379432,0,620.39138737967676,24.907657203753161,2.0472327459625328,0.11017548885838536,0
3,2017-03-07,2992,657.87136591299077,25.649003214803315,2.1211547481643498,0.049492360729276971,0,261.61133732820849,16.174403770408617,1.3376119558723631,0.15540495783730582,0
3,2017-03-08,2993,1124.5609461542315,33.534473995490544,2.7793687783755785,0.092637232201648378,0,355.4896777227965,18.854433900883805,1.5626732336731846,0.20939726661537797,0
3,2017-03-09,2994,637.30075521464369,25.244816402870583,2.0990991895290052,0.036205500267373673,0,488.77116832975815,22.108169719127773,1.8382879240949379,0.22922156982249217,0
3,2017-03-10,2995,428.54588034163027,20.701349722702389,1.7185247984976251,0.39086773697959309,1,20.226344843811368,4.4973708812829045,0.37334973279785028,0.33364080820863157,1
3,2017-03-14,2996,332.48221980925547,18.234094981908356,1.5210289441031328,0.11396210797853877,0,110.17719576435476,10.496532559105162,0.87558663322532226,0.19696059063582894,0
3,2017-03-15,2997,375.32875993361597,19.37340341637514,1.5759062444686329,0.051899817833153963,0,402.14155640302755,20.053467440894792,1.6312252361731641,0.031657355826511038,0
3,2017-03-16,2998,0.47172442787330571,0.68682197684211133,0.055857350101017514,0.23430088318430994,0,180.51127386207585,13.435448405694387,1.0926682177695501,0.11871207580695788,0
3,2017-03-17,2999,17.086709703454044,4.1336073475179091,0.33292584951014087,0.36878758774428572,1,262.29636127084029,16.195566099116149,1.3044109293746899,0.12406921630108281,0
3,2017-03-21,3000,217.3653711396023,14.743316151382032,1.1803623675098702,0.34262975161172521,1,559.11279614767307,23.645566099116195,1.8930840317934585,0.31631135306202329,1
3,2017-03-22,3001,37.342810518574275,6.1108764116593193,0.48984981255786131,0.54358730352309925,1,35.311437908105624,5.9423427962467485,0.47634010390755499,0.12592043664521615,0
3,2017-03-24,3002,82.885574349011549,9.104151489788137,0.72395940438059214,0.10050948219001844,0,430.05701302165625,20.737816013786414,1.6490649289321628,0.059396201104611419,0
3,2017-03-27,3003,7.0445201307443464,2.6541514897880916,0.2121454312035882,0.47976141572681957,1,204.14168644381022,14.287816013786369,1.1420203032360619,0.26111139873131961,1
3,2017-03-29,3004,42.198243860297779,6.4960175384844661,0.52018077662431661,0.039760554958493032,0,270.46034491805017,16.445678609228935,1.3169185305276214,0.025362151254895316,0
3,2017-03-30,3005,196.47740341841839,14.017039752330675,1.1251436628937772,0.08898287659331415,0,1.3365364042476253,1.1560866767883908,0.092798737902423406,0.22706738736250826,0
3,2017-04-05,3006,3.298314820582871,1.816126322859418,0.14500010561751842,0.16067413176690185,0,119.73486587057312,10.942342796246749,0.87364014341291396,0.33466893582506491,1
3,2017-04-06,3007,12.878334479297351,3.5886396418834465,0.28336212577547054,0.13894496769150366,0,354.95737518482213,18.840312502313282,1.4876475583176028,0.044395058795617046,0
3,2017-04-07,3008,252.66431782012552,15.895418139203684,1.2715825878327816,0.041714775716181027,0,57.354458841145828,7.5732726638584609,0.60583757960549267,0.0031077893944723195,0
3,2017-04-10,3009,155.97632782060597,12.489048315248283,0.99681126308949486,0.17172359844604762,0,1.6477852092692817,1.2836608622487802,0.10245517297859208,0.28839522667668965,1
3,2017-04-11,3010,27.733946296275636,5.2663029058605844,0.4132702586408683,0.01870321162937497,0,374.95793201074605,19.363830509760874,1.5195660762584065,0.015216796720963445,0
3,2017-04-12,3011,153.67873350316296,12.396722692032881,0.96536406899761562,0.086880532056497428,0,413.10054707294432,20.32487508136137,1.5827492957490457,0.02124860064670658,0
3,2017-04-13,3012,5.567393231851856,2.3595324180548687,0.1844898094573571,0.20497029222551011,0,277.50803184467594,16.658572323121689,1.3025194357184946,0.090170885878358725,0
3,2017-04-18,3013,76.422139100737979,8.7419756977892575,0.6834741173362463,0.24721928991060801,0,231.79682124305421,15.224875081361233,1.1903268114116909,0.070847017739458451,0
3,2017-04-19,3014,89.41521040414051,9.4559616329668188,0.73753698096613529,0.063230853128805345,0,333.97105923935607,18.274875081361188,1.425386091674689,0.057911495442040876,0
3,2017-04-20,3015,69.12832335334609,8.3143444331676619,0.64862069923685783,0.32543827468561359,1,2.8119564179828598,1.6768889104478149,0.13081787342105669,0.22781745127779457,0
3,2017-04-21,3016,997.06552203897991,31.576344342545099,2.4875015237549309,0.26078753328429088,1,127.56475663563137,11.294456898657472,0.88974766808393502,0.22472435305014501,0
3,2017-04-24,3017,205.06560598066386,14.320111940228117,1.1295245259684585,0.41580862497538829,1,1.3514570600697542,1.1625218535880322,0.091695997285694289,0.15116160711852461,0
3,2017-04-25,3018,46.887374344725572,6.8474356035471828,0.54265052134145764,0.80091699697531904,1,3.9087059000287345,1.9770447390053505,0.15667826912908434,0.29603238990235631,1
3,2017-04-26,3019,399.83398367322081,19.995849161093929,1.5834533703748754,0.14983185802491056,0,1.0548208959184751,1.027044739005305,0.081330752217715005,0.17023448170259928,0
3,2017-04-27,3020,559.12618254921074,23.64584916109402,1.8670969371940478,0.13784249323412917,0,6.8798943011802258,2.6229552609947859,0.20711084219627984,0.0098614110157349086,0
3,2017-04-28,3021,159.91750100514233,12.64584916109402,1.0072762086179474,0.064226471685068232,0,70.174878559294939,8.3770447390052141,0.66725435015374668,0.14131412295663104,0
3,2017-05-02,3022,169.10793904102147,13.004150838906071,1.0574199738905572,0.038319740315077004,0,1157.8397736702686,34.027044739005305,2.7668763001305341,0.06507807201155015,0
3,2017-05-08,3023,2699.878338116886,51.960353521862089,4.2576494200149204,0.030192356761317801,0,1385.5720278079425,37.223272663858324,3.0500878944492231,0.055448352913119121,0
3,2017-05-09,3024,1622.886203251556,40.28506178785824,3.2935504057440412,0.052930433393691551,0,566.72976286275525,23.806086676788254,1.9462933145393657,0.29822901110128808,1
3,2017-05-11,3025,756.05792005112119,27.496507415508631,2.2332188763864878,0.19440173766057853,0,338.30943287314011,18.39318985040768,1.4938631350584919,0.092173747761976413,0
3,2017-05-12,3026,575.82746983627487,23.996405352391321,1.9457070747094236,0.29955119910602168,1,68.188902494698723,8.2576572037532969,0.66955786943592777,0.27216999725131047,1
3,2017-05-15,3027,563.30979829792784,23.734148358387074,1.9230390826759904,0.1940994987637813,0,54.135119527941448,7.357657203753206,0.59614788557391074,0.14190253592625235,0
3,2017-05-16,3028,43.446970693217374,6.5914316118137322,0.52421119864909593,0.17419930166683206,0,60.168103696819841,7.7568101495924111,0.61689280655260137,0.053633910956882226,0
3,2017-05-17,3029,2.4832563466146524,1.5758351267231774,0.12547457016666752,0.095736833941989022,0,205.7027968850536,14.342342796246839,1.1419971969302363,0.020489438473065686,0
3,2017-05-18,3030,61.106110489517306,7.8170397523306292,0.62436419747049754,0.016218492773540625,0,25.441061612072037,5.0439133232116546,0.40286847629486056,0.12286347092645079,0
3,2017-05-19,3031,20.556010520267439,4.5338736771404911,0.36015996164280822,0.038630873832799631,0,299.02511938290365,17.292342796246658,1.3736618974656758,0.22880254530872554,0
3,2017-05-22,3032,7.0828389557542701,2.6613603581165535,0.21118555452440516,0.10369880801864459,0,158.51596890590613,12.590312502313282,0.99907256802993816,0.036826599784147145,0
4,2017-05-23,3033,295.14645088186052,17.179826858320212,1.3715881089234132,0.023924907328203897,0,165.99071220200344,12.883738285218442,1.028600717354073,0.1915274492142548,0
4,2017-05-24,3034,307.85079519895521,17.545677393562073,1.3958930262589659,0.14293642442409732,0,22.523573214652163,4.7459006747562853,0.37757274949331993,0.22634343111626992,0
4,2017-05-25,3035,549.90290226174977,23.45000857700802,1.853682350658711,0.32284568652521511,1,92.679472001900848,9.6270178145623504,0.76099899723823961,0.7638405126042761,1
4,2017-05-26,3036,711.31381410962285,26.670467077080275,2.1063392100047604,0.00097866924436847982,0,0.072665590541521191,0.26956555889341871,0.021289334930770707,0.0073435824798747506,0
4,2017-05-31,3037,641.12605300149926,25.320467077080139,2.0018553249065216,0.013475249895662945,0,73.898341431267482,8.596414452041472,0.67963904431683386,0.47455039032348623,1
4,2017-06-01,3038,707.85439876961016,26.605533235956955,2.0867903240093302,0.1888199148558897,0,2.2607695000301571,1.5035855479586644,0.11793290309099685,0.28248628321690539,1
4,2017-06-02,3039,300.91893033883065,17.347015026765575,1.355288489922698,0.017856615735904784,0,0.13260698457056375,0.36415241942154353,0.028450519115711042,0.017119745058481021,0
4,2017-06-05,3040,615.41719109109613,24.807603493507713,1.917866524430438,0.04016582538834116,0,173.86657641824553,13.185847580578411,1.0193929323987949,0.055289930147928414,0
4,2017-06-06,3041,552.87866581479784,23.513372063887346,1.8213301366295387,0.0020056568854926234,0,101.63596845626621,10.08146658260921,0.78090368571721225,0.0016517410322093571,0
4,2017-06-07,3042,0.30949998943901591,0.55632723233634351,0.043924616662298646,0.35055653668875814,1,431.11732343340242,20.763364935226718,1.6393640152561462,0.090812935212879073,0
4,2017-06-09,3043,14.417323113483928,3.7970150267656209,0.29982746579008374,0.070452304935170282,0,193.60363755089313,13.914152419421498,1.0987170261703645,0.19459246282258613,0
4,2017-06-12,3044,0.34430997037006228,0.58677931999181965,0.046495984151491261,0.12365119676364227,0,335.40817884180564,18.314152419421589,1.4512006671490958,0.25755878942388433,1
4,2017-06-13,3045,1293.8745017433127,35.97046707708023,2.8201071797005275,0.010385013478846012,0,69.97541680101115,8.3651310091959203,0.65583151777310233,0.01261464849767001,0
4,2017-06-14,3046,6.031353294640267,2.455881368193559,0.1957579505156079,0.021866375614360389,0,482.3103597381222,21.961565512005791,1.7505532272134066,0.14387036945694964,0
4,2017-06-15,3047,251.87172524469037,15.87046707708032,1.2641761253051074,0.20203122419402075,0,39.218166180253995,6.2624409123163787,0.49884028296291044,0.10620908800734272,0
4,2017-06-16,3048,361.30601626282231,19.008051353645442,1.5228979973276802,0.11171466506353343,0,125.49064760955537,11.202260825813482,0.897509179650962,0.051184568648261097,0
4,2017-06-19,3049,0.032093218725991454,0.17914580298179317,0.014421655368040024,0.076613177856468428,0,118.36008967464817,10.879342336494801,0.87581245664907426,0.09728703135628658,0
4,2017-06-20,3050,221.1995895566848,14.872780155595819,1.1970044390821584,0.051286917621552859,0,18.481107373029097,4.2989658492513172,0.34599322730392895,0.047473780619244121,0
4,2017-06-21,3051,1269.2639350650454,35.626730625543587,2.8483155281054993,0.064070333777431557,0,158.7339404705998,12.598965849251272,1.0072726134674825,0.037087007599793109,0
4,2017-06-22,3052,362.34148913018947,19.035269610126079,1.5159090236621866,0.070665065206278049,0,71.596225857897224,8.4614553037818041,0.67384369704402358,0.069233484319053684,0
4,2017-06-23,3053,110.69257074531556,10.521053689878954,0.84303314822748021,0.043309328465340365,0,25.799718571308929,5.0793423364948467,0.40699858465503574,0.067947587768863726,0
4,2017-06-28,3054,10.890276925800471,3.3000419581878759,0.2653833500754223,0.0030628214199565091,0,91.76379959976255,9.5793423364948467,0.77035322368273795,0.0045431379471822554,0
4,2017-06-29,3055,34.353090093029131,5.861150918806743,0.47181734101885636,0.26110616756533434,1,24.885578186167145,4.9885446962182414,0.40157333034560205,0.29818758541858748,1
4,2017-06-30,3056,22.543438106094921,4.747993060872659,0.38625121503946785,0.07537763567266513,0,323.58774028784143,17.988544696218241,1.4633756108373595,0.28154083138891545,1
4,2017-07-03,3057,0.16871287427378848,0.41074672764830211,0.03365948763814653,0.096839077061099177,0,320.44702366627223,17.901034150748728,1.4669371589567097,0.1503753209462256,0
4,2017-07-05,3058,101.99860739592059,10.099435993951374,0.82451106163371479,0.01384747433460785,0,3.7495967614453343,1.9363875545575411,0.15808535836048176,0.32424887592684676,1
4,2017-07-06,3059,3.3820957828616849,1.8390475205555958,0.15128100362403618,0.72463386516321526,1,53.488927002130822,7.3136124454424589,0.60162155599411493,0.56392007047105552,1
4,2017-07-07,3060,2.6847168729218303,1.6385105653982919,0.13520179597312415,0.016591048646631353,0,122.40352034294926,11.063612445442459,0.91291463366964754,0.039571578244151744,0
4,2017-07-10,3061,28.067516853133039,5.297878523818099,0.4374615848906403,0.0073966895583099214,0,22.622680171654551,4.7563305364171811,0.39274435707998695,0.012547479491615872,0
4,2017-07-11,3062,47.746780375423612,6.9099045127572936,0.56694326491280722,0.0043954119875829591,0,8.9620568571882426,2.9936694635828189,0.24562434062871835,0.086849115519998688,0
4,2017-07-12,3063,2.865521893455671,1.6927852472938412,0.13887810708785306,0.13928762086565688,0,16.512946106754843,4.0636124454424589,0.33338357908298127,0.0096471263907256643,0
4,2017-07-13,3064,171.42102553175167,13.092785247293705,1.0641945255054626,0.77782761189187644,1,53.822582350664774,7.3363875545574047,0.59630883154981751,0.32965248830611288,1
4,2017-07-14,3065,759.24243513885426,27.554354195641281,2.2207821233641978,0.24549689067210909,0,215.90220444717076,14.693611007753361,1.1842523479954352,0.1187741898066948,0
4,2017-07-18,3066,232.58428173479604,15.250714138518106,1.2277675110508477,0.31582272521032417,1,15.594331278553895,3.9489658492514081,0.31791376639306101,0.19175637583163155,0
4,2017-07-19,3067,3.1536053987578399,1.7758393504925607,0.14336315092375562,0.36157261121142198,1,206.76548603011176,14.379342336494801,1.1608413931133286,0.1837429530371241,0
4,2017-07-20,3068,43.486564440848561,6.5944343533656138,0.52816742247932513,0.0041121048607510157,0,20.514942001165007,4.5293423364948922,0.36276819802930538,0.079778304119558621,0
4,2017-07-21,3069,418.68974898836615,20.461909710199734,1.6297168340726962,0.020035342853108228,0,6.1041492902365189,2.4706576635051078,0.19677891469914444,0.025837761957942403,0
4,2017-07-24,3070,362.07365385503692,19.028233072333251,1.516919090587791,0.015562740148819145,0,1.744136664175131,1.3206576635052443,0.10528202036872163,0.11401427908034062,0
4,2017-07-25,3071,359.40771112745085,18.95805135364526,1.5189529167250428,0.027608654224231286,0,126.61337369214081,11.252260825813664,0.90155122392545983,0.016512176112020136,0
4,2017-07-26,3072,661.94197702429312,25.728233072333069,2.0401421831998312,0.10658393995537103,0,64.330949355142479,8.0206576635050624,0.63600488966022217,0.0073326416994796929,0
4,2017-07-27,3073,650.02956575659448,25.495677393562119,2.0156279068354905,0.016077728367517509,0,10.266252486027518,3.2040993252437602,0.25330850859702425,0.077076477896868445,0
4,2017-07-28,3074,718.21435274402427,26.799521502146717,2.1142772673383075,0.0029224594309049585,0,0.17233375479598553,0.41513100919587487,0.032750661448927056,0.12004770508721635,0
4,2017-07-31,3075,350.82441338443402,18.730307348904716,1.4737249576226221,0.028537836644987928,0,30.931010944331224,5.5615655120056999,0.43759121224325892,0.011339643582600764,0
4,2017-08-01,3076,7.4016126493485448,2.7205904964453111,0.21428721616613983,0.004337843032656971,0,114.79306206659943,10.71415241942168,0.84389984399981732,0.0014326530569937533,0
4,2017-08-02,3077,8.9053733427434256,2.9841872164365668,0.23532743604105094,0.66158931682105626,1,149.18551932486449,12.21415241942168,0.96318527083208583,0.68851925639602707,1
4,2017-08-03,3078,48.678378450658514,6.9769892110177807,0.55474192661348332,0.80606079695696142,1,511.39988964882923,22.614152419421544,1.7980561675615445,0.50049772471952669,1
4,2017-08-04,3079,452.14859084608554,21.263785901059236,1.6902850477789537,0.069889803216862223,0,175.75932873786084,13.257425418906223,1.0538493973693341,0.075893165830837578,0
4,2017-08-07,3080,495.20128418898429,22.253118527275774,1.7636010879121711,0.0061935160911970226,0,28.460827149043425,5.3348689908041251,0.42279830328135404,0.12238360827701394,0
4,2017-08-08,3081,993.53984475729578,31.520467077080184,2.4798762501144869,0.021819884835513108,0,5.7428022259530103,2.3964144520414266,0.18853817332452907,0.047222984489172837,0
4,2017-08-09,3082,306.97109134413614,17.520590496445493,1.3641070146718695,0.0020248925264394271,0,16.694150451719199,4.0858475805785019,0.31811332766883382,0.014144056449376618,0
4,2017-08-10,3083,220.09913712097452,14.835738509456633,1.1569631528859574,1.101140004718036e-05,0,19.687571288635706,4.4370678706366107,0.34602416522160268,4.4545591061618751e-05,0
4,2017-08-14,3084,7.5676882295625623,2.7509431527319066,0.21614167375618989,0.78515150806933298,1,485.04554348461602,22.02374953282515,1.7304065631762049,0.6266531087106757,1
4,2017-08-16,3085,741.53834028773667,27.231201594636559,2.1062109671773963,0.31022398721128364,1,37.981732431141239,6.1629321293635257,0.47667508155027655,0.21894847971463158,0
4,2017-08-21,3086,332.48375348164006,18.23413703693268,1.4198829650313565,0.005772392107720392,0,6.4367133802161245,2.5370678706365197,0.19756018304286868,0.0051641784978892222,0
4,2017-08-22,3087,159.9581274561387,12.647455374743913,0.98297558580374722,0.12465030461093919,0,65.995306472075356,8.1237495328250588,0.63138767596666212,0.060151804686664229,0
4,2017-08-23,3088,237.59993771530321,15.414277074040911,1.195832201244446,0.0070732898664512215,0,33.336183667798636,5.7737495328251498,0.44792471162336306,0.0050173446874393944,0
4,2017-08-24,3089,1941.9009647483824,44.067005398011588,3.3418272777470586,0.055283470137891887,0,541.57990859175027,23.27186946920574,1.7648253493501489,0.024516566577277847,0
4,2017-08-29,3090,156.76289610245004,12.52049903567945,0.95685892515700799,0.0001218657569402872,0,3.9382139393953346,1.9844933709628094,0.1516617020223775,0.00073324008791417184,0
4,2017-08-30,3091,112.91378039506773,10.626089609779683,0.81006972439715519,0.6707884600801155,1,14.31154777332222,3.7830606356919816,0.28839799014232753,0.023409165203660761,0
4,2017-08-31,3092,625.55589039768449,25.011115336939383,1.8942074626582386,0.011310026905311122,0,23.687098775851823,4.8669393643081094,0.36859583189246509,0.029487874462479982,0
4,2017-09-01,3093,1565.7784017899735,39.56991788960363,2.9628181565350329,0.27415392342237721,1,400.67786151438207,20.016939364307973,1.4987787326800175,0.14355836625666021,0
4,2017-09-05,3094,1348.3184426353373,36.719455914206264,2.7446616522185794,0.011257916905380874,0,392.19771758842597,19.803982366898481,1.4802842147399546,0.010065532202108726,0
4,2017-09-06,3095,1461.3964108625885,38.228214853202189,2.8454197881058572,0.2307827769002119,0,148.6241925636312,12.191152224610732,0.90741735947977165,0.057920842011494583,0
4,2017-09-07,3096,1383.5245506138367,37.195759847243835,2.7629162374925782,0.0020443484401786744,0,223.23802979899023,14.941152224610732,1.1098348913359875,0.0075180943763556492,0
4,2017-09-08,3097,598.41952771968533,24.462614899468235,1.833504339639352,0.092839285092292154,0,8.3587611858718507,2.8911522246107779,0.21669556472873464,0.052921194257341535,0
4,2017-09-11,3098,450.63710585371405,21.228214853202189,1.6003177424200672,0.020415913286895272,0,23.125016926866309,4.8088477753892676,0.362521505871788,0.073169200482150351,0
4,2017-09-12,3099,985.30494923232118,31.389567522224979,2.3644734678336015,0.50926382795999192,1,13.720065386198137,3.7040606617870253,0.27901477622590676,0.43708817673355138,1
4,2017-09-13,3100,548.47091531745286,23.41945591420631,1.7681065957650757,0.017496461950342365,0,42.301786628926955,6.5039823668985264,0.49103335977490664,0.051923937977585474,0
4,2017-09-14,3101,694.30170277122704,26.349605362722741,1.9918815710566387,0.65072101929353288,1,23.078246581471532,4.8039823668984809,0.36315397565094165,0.55387323033240055,1
4,2017-09-15,3102,171.5996606590744,13.099605362722741,1.0002753025903133,0.023320332556690519,0,71.335213858661788,8.4460176331015191,0.64493109599125842,0.11524430966497899,0
4,2017-09-19,3103,398.17967967519866,19.954440099266094,1.5217295889015552,0.93661834880015393,1,17.918802345445389,4.2330606356920271,0.32281404985068463,0.3849990684339587,1
4,2017-09-20,3104,48.626263139044148,6.9732534113600195,0.5396837250491463,0.00013673145881411936,0,371.10569724121279,19.264103852533935,1.4909143141037022,0.00096500693643680605,0
4,2017-09-21,3105,533.46380761714954,23.096835445946908,1.7838149093255258,0.069937577397189712,0,24.879889526173162,4.9879744913314426,0.38523127056931128,0.054023729909014058,0
4,2017-09-22,3106,325.57956288007574,18.043823399714256,1.3951769426826148,0.053379496623169514,0,4.318626503019801,2.0781305307943967,0.16068433702887164,0.029735850283450629,0
4,2017-09-25,3107,442.71540524610492,21.040803341272522,1.618461085440754,0.60995830821588792,1,21.826364337295445,4.6718694692056033,0.3593607529868546,0.7802092484186206,1
4,2017-09-26,3108,185.93742903919161,13.635887541307739,1.0631856490045408,0.25843846526345071,1,163.84119289600889,12.80004659741553,0.99801540660524202,0.030797863920979895,0
4,2017-09-27,3109,124.16463180450438,11.142918459923521,0.86826808430463409,0.025668683052356981,0,130.5020533887249,11.423749532825241,0.89015074085987778,0.086998125754447403,0
4,2017-09-28,3110,141.70602625602393,11.904034032882464,0.92775575036103697,0.19324576834742288,0,136.27642815513752,11.673749532825241,0.90980824041970543,0.51558805648692063,1
4,2017-09-29,3111,408.2029912018802,20.204034032882646,1.5645062748089393,0.039861089804144885,0,11.382185910237302,3.3737495328250588,0.26124744717555043,0.054575097965215494,0
4,2017-10-10,3112,255.36135225225087,15.980029795098972,1.2394826290555727,0.022541583340148878,0,30.511808901386061,5.5237495328251498,0.42844673514253639,0.0062639962466882332,0
4,2017-10-11,3113,325.72297514912134,18.047796961100858,1.3987829460260304,0.011414475224370526,0,26.297722740865154,5.1281305307943512,0.39745247283815938,0.082465497159798631,0
4,2017-10-12,3114,693.27046901079484,26.330029795098881,2.0260102950984056,0.07729930253984843,0,23.292693571904582,4.8262504671747593,0.37136430187555858,0.0051838540919346273,0
4,2017-10-13,3115,897.58275433429662,29.959685484569036,2.2987558877134227,0.047686828531849933,0,63.201759103264386,7.9499534025844696,0.60998644997962637,0.02993175824801558,0
4,2017-10-16,3116,176.09828326237434,13.270202834258953,1.0329015632814909,0.033845698060971569,0,226.14067680193378,15.037974491331397,1.1704981117985132,0.075060515874651637,0
4,2017-10-17,3117,42.178789152960498,6.4945199324477016,0.50730510330008605,0.003480623012693175,0,212.39417544551995,14.573749532825104,1.138396307828863,0.03653061869861058,0
4,2017-10-18,3118,101.9008428483254,10.094594734229076,0.79179502190203743,0.025448936639628286,0,29.313046420727662,5.4141524194214981,0.42467271310859656,0.11646683256134577,0
4,2017-10-23,3119,342.23752795441055,18.499662914615783,1.4493057240483986,0.0046518460681985027,0,13.526933998507639,3.6778980407982544,0.28813490859792817,0.0010941519381243083,0
4,2017-10-24,3120,832.49581208501638,28.853003519304821,2.2629806681807705,0.45082783536185927,1,2.4136280548258822,1.5535855479586189,0.1218498468987152,0.24067875623277341,0
4,2017-10-25,3121,645.4411190033112,25.405533235956909,1.9945462795648212,0.23128128545225779,0,0.016919396646733385,0.13007458109382242,0.01021193963445122,0.29173210505013891,1
4,2017-10-26,3122,412.91670821255366,20.320352069109276,1.6045127773784418,0.095041968661869272,0,48.949815184732863,6.9964144520413356,0.55244300620169262,0.50449253312154674,1
4,2017-10-27,3123,1054.3312322037511,32.47046707708023,2.5527096758710872,0.017091265184852392,0,80.059814280089398,8.9476150051334571,0.70342885260483157,0.024516723041722147,0
4,2017-10-30,3124,937.61300401855988,30.62046707708032,2.4107756624871328,0.067386685597343177,0,9.0910150026153573,3.0151310091960113,0.23738385302491918,0.12585337840746283,0
4,2017-10-31,3125,1407.7854496822581,37.520467077080184,2.9380577954723921,0.024027695120150159,0,98.309822929517608,9.9151310091958749,0.77640899018800169,0.10389110977403636,0
4,2017-11-01,3126,1477.0319178387585,38.432172952342398,3.0043912564370232,0.22376545846686632,0,145.56738626906207,12.065131009195966,0.94317784624733947,0.12266300764108705,0
4,2017-11-02,3127,4.8735131845478614,2.2076034935078042,0.17370394944588907,0.13768672854101177,0,88.626265776099643,9.4141524194214981,0.74074690529715137,0.25480840866626553,1
4,2017-11-06,3128,345.74124769368973,18.594118631806396,1.4576762803234868,0.020972781192597247,0,0.83095168267846253,0.91156551200583635,0.071461705237208878,0.10275761925128717,0
4,2017-11-07,3129,302.12028732448539,17.381607731291297,1.3537077672345248,0.41141724885245673,1,13.585472387255725,3.685847580578411,0.28705978041887936,0.20725530090713126,0
4,2017-11-08,3130,387.59769272426769,19.687500926330586,1.5323397358601016,0.13022020902113973,0,20.122828516180775,4.4858475805783655,0.34914753896157891,0.10469065139738574,0
4,2017-11-09,3131,165.18063700789256,12.85226194130405,1.0007211664956825,0.020640059492254323,0,5.9392998060892639,2.4370678706366107,0.18975845757506896,0.10227025623089597,0
4,2017-11-10,3132,107.35109659724027,10.361037428618829,0.81075452315183139,0.12020340988076357,0,77.212561763172616,8.7870678706365197,0.68759089718975863,0.12439798269683995,0
4,2017-11-13,3133,79.766361924035365,8.9312015946363772,0.70070622898449531,0.055738759084003733,0,147.30841649644063,12.137067870636656,0.95222562926695875,0.11979026602762924,0
4,2017-11-14,3134,384.04299795927574,19.597015026765575,1.5283898788617669,0.030946177311662,0,3.5564210971736179,1.8858475805784565,0.14707905011530623,0.27726002612225215,1
4,2017-11-15,3135,205.38333914611084,14.331201594636468,1.1196251245809741,0.057594396214358641,0,45.388083493563499,6.7370678706365652,0.52633342739348166,0.1983042669132514,0
4,2017-11-16,3136,365.44865694119454,19.116711457287693,1.4884347301971965,0.26743085913615494,1,16.288065693659881,4.03584758057832,0.31423269206823062,0.3118180844269916,1
4,2017-11-17,3137,421.53023891960493,20.531201594636514,1.5962682004848789,0.010437875618104405,0,34.643201741801271,5.8858475805784565,0.4576152682769753,0.091104838422255641,0
4,2017-11-20,3138,281.52828362446218,16.778804594620624,1.3074732794062671,0.087028629269817526,0,8.9152857744456782,2.9858475805783655,0.23266949120068306,0.12839201586045967,0
4,2017-11-21,3139,374.84977031237918,19.361037428618829,1.5044125590441608,0.25903077509739686,1,0.045340091715265894,0.21293212936348027,0.016545485789151115,0.19333059788044804,0
4,2017-11-22,3140,336.89193083289484,18.354616063347521,1.4222871804221249,0.033515051836188067,0,14.159658210195634,3.7629321293634348,0.29158714679298214,0.023805724283945624,0
4,2017-11-24,3141,376.32340656354262,19.399056847268184,1.4981123520942299,0.0042116091551603263,0,0.015939180461890894,0.12625046717494115,0.0097498237064592742,0.15471845572375878,0
4,2017-11-27,3142,186.65924288723588,13.662329336069888,1.0575786148600759,0.058361624530271015,0,8.5483113306958138,2.9237495328252407,0.22632267932230837,0.039610376796694824,0
4,2017-11-28,3143,178.23267657313122,13.350381139620367,1.0398707901717776,0.2383756038210772,0,132.25107174272958,11.500046597415576,0.89574690169533655,0.0629027163620723,0
4,2017-11-29,3144,2.2992655504619188,1.5163329286347107,0.11844500301786522,0.057750741877560963,0,212.39417544551995,14.573749532825104,1.138396307828863,0.08113158285712177,0
4,2017-11-30,3145,34.351759739670811,5.8610374286188289,0.46024872814942314,0.051220428481811409,0,176.54617259890131,13.28706787063652,1.0433914068582606,0.233800107468768,0
4,2017-12-04,3146,13.667920108129795,3.6970150267654844,0.29195412041107827,0.10449582018798372,0,196.39646803478126,14.014152419421634,1.1067008149270816,0.01344597495719837,0
4,2017-12-05,3147,584.21147872422148,24.170467077080275,1.9126744541489493,0.010293814278222268,0,11.798324983987124,3.4348689908040342,0.27181047644251277,0.011085368494649733,0
4,2017-12-06,3148,239.33535158302331,15.47046707708023,1.2327065400063928,0.1404211287277117,0,147.25504542397843,12.13486899080408,0.96692183193657999,0.053070218463008648,0
4,2017-12-07,3149,233.42440581253751,15.278233072333251,1.2216234016178187,0.017024050911401786,0,5.901704187885799,2.4293423364947557,0.19424637880260309,0.060375114496011503,0
4,2017-12-08,3150,44.544420375434171,6.6741606495074848,0.53515300080242834,0.024608184272377102,0,35.157100543349088,5.9293423364947557,0.47543137044419315,0.048351769250454042,0
4,2017-12-11,3151,235.07611253313385,15.332192032880812,1.2355703145201717,0.12716594798525549,0,7.2844166554253746,2.6989658492514081,0.21750067283837601,0.10766372731041823,0
4,2017-12-12,3152,501.37058199395557,22.391305946593548,1.8018996456438694,0.0043494799922412066,0,19.793297127805303,4.4489658492514081,0.35802243988664612,0.016646415814622114,0
4,2017-12-13,3153,945.02789130206224,30.741305946593457,2.4573386048436014,0.75287964286434361,1,163.81352681030148,12.798965849251317,1.0230987889089782,0.26398410849657189,1
4,2017-12-14,3154,742.48955159473132,27.248661464276211,2.171900323949961,0.014833016186014599,0,268.92608092490798,16.398965849251226,1.3071071137614561,0.0060647128780984454,0
4,2017-12-15,3155,710.14180676540809,26.648486012631338,2.1139525632739442,0.19592267267083247,0,178.52848783495526,13.361455303781668,1.0599282328876463,0.12783731440592863,0
4,2017-12-18,3156,351.56282163787262,18.750008577007975,1.4876826736230393,0.020900886272810726,0,24.275504545014311,4.9270178145623049,0.39092456972763961,0.066060648619659199,0
4,2017-12-19,3157,421.94726932961777,20.541355099642715,1.6244003874613671,0.057596971459155946,0,5.4096764026015292,2.3258711061882877,0.1839287577547972,0.051857380781716353,0
4,2017-12-20,3158,625.1559360890011,25.003118527275774,1.9772344729173046,0.070428527423568074,0,6.6815476996207366,2.5848689908041251,0.20441018471425609,0.066039917346850843,0
4,2017-12-21,3159,812.42776577993152,28.503118527275774,2.247791374730947,0.080526438896838026,0,0.83746476399186043,0.91513100919587487,0.07216836948037339,0.12787708461631483,0
4,2017-12-22,3160,1141.1169346089271,33.780422356875988,2.6403331527963094,0.4940893892492787,1,84.639631066264343,9.199979949231647,0.71908550486412748,0.64448292679007047,1
4,2017-12-27,3161,670.16270421076933,25.887500926330631,2.0052285767878106,0.019282044587436202,0,114.18733851535347,10.685847580578411,0.82771863521134081,0.020969569798528851,0
4,2017-12-28,3162,1519.1823946698764,38.976690401698761,2.9651343021452079,0.0048902083435761268,0,365.64589199733911,19.121869469205649,1.4546876735797374,0.0016554449634902796,0
4,2018-01-04,3163,750.97943243749694,27.404003949012576,2.0903130395890601,0.0002069782075604423,0,125.70951600703545,11.212025508668603,0.8552269648107248,0.00099202862564657735,0
4,2018-01-09,3164,346.93121415154269,18.626089609779683,1.4113346929175741,0.87009506894950706,1,17.782577602250516,4.2169393643080184,0.3195256195724962,0.82238943453935565,1
4,2018-01-10,3165,503.54320768961099,22.439768441087153,1.6960635230026948,0.0010764880258714161,0,56.50437740668275,7.5169393643079729,0.56815232714621311,0.00038897305294167554,0
4,2018-01-11,3166,934.80205680724498,30.57453281421067,2.2922017328943038,0.016609670969690855,0,100.08122972471375,10.00406066178698,0.75001391924031791,0.0021471168164579201,0
4,2018-01-16,3167,712.78153464446575,26.697968736300254,1.9988746105866249,0.036496436036716512,0,125.27918594394588,11.192818498660017,0.83800535309849267,0.013570952432148448,0
4,2018-01-17,3168,538.85697778304257,23.213293126634198,1.7424780908748085,0.070803877148291117,0,0.79415228742873833,0.89115222461077792,0.066893276130519277,0.0055558400325283969,0
4,2018-01-18,3169,588.55416070807917,24.260135216195295,1.8205114224970207,0.1698287697837243,0,19.323326006003601,4.3958305251685488,0.32986871718209132,0.34471368876197106,1
4,2018-01-22,3170,559.91934388053824,23.662614899468281,1.7746073870907664,0.00011382592341762858,0,4.3729176264947958,2.0911522246108234,0.15682857541704087,0.0011784346536959699,0
4,2018-01-23,3171,2187.9702164820642,46.775743890205149,3.4553995634339327,0.0009574841381859079,0,501.36369794569219,22.391152224610778,1.6540704901093872,0.0077409042164616922,0
4,2018-01-24,3172,556.66044452056087,23.593652632022895,1.7556760525373292,6.8432682076699765e-05,0,157.28049912085643,12.541152224610641,0.93322559992637888,0.00034140785981095811,0
4,2018-01-29,3173,683.09802892744585,26.136144109784937,1.9433522276589288,0.81434407448077906,1,184.71941879254373,13.591152224610823,1.0105697244858964,0.56955141001336473,1
4,2018-01-30,3174,874.03996198149764,29.564166857557439,2.1979976103161549,0.00029565902892887425,0,188.81926445992323,13.741152224610687,1.0216090275165002,0.00078299393261323648,0
4,2018-01-31,3175,715.30937022010801,26.745268183738744,1.9939067494493419,3.5586767228529793e-05,0,100.82473799780324,10.041152224610641,0.74858554624897622,0.0002363714179217716,0
4,2018-02-01,3176,119.33245653745708,10.923939607003376,0.82063926732549863,0.18865333470083451,0,44.793819456005728,6.6928184986600172,0.50278469734139775,0.092422368158911694,0
4,2018-02-02,3177,763.87647125948854,27.638315275347168,2.0724591538202737,0.46893068916708852,1,95.141699393820261,9.7540606617869798,0.73140826798042746,0.051419985586406446,0
4,2018-02-05,3178,964.06121475358634,31.049335174099724,2.3320816564593452,0.00078495954198560083,0,48.202728705335737,6.9428184986600172,0.52146751529668145,0.00033391803819910712,0
4,2018-02-06,3179,597.44352439795523,24.442657883257198,1.8452163124793111,0.6218323243238193,1,0.03717897342550306,0.19281849866001721,0.014556184551392234,0.52470945310943584,1
4,2018-02-07,3180,572.15285996038119,23.919716970741547,1.8183676286245425,0.24720985989134717,0,70.491797370950593,8.3959393382128837,0.63825605976759914,0.19692805927303336,0
4,2018-02-08,3181,302.21818242027558,17.384423557319224,1.3229148129761223,0.76646276945748237,1,15.571055160748115,3.9460176331015191,0.30028290336363439,0.68968116782221234,1
4,2018-02-09,3182,1328.70242873047,36.451370738704327,2.727885555749622,0.44128720395093934,1,429.19157662441512,20.716939364308018,1.5503789982643981,0.42167897763521761,1
4,2018-02-14,3183,1014.3973617611772,31.849605362722741,2.3976817376988553,0.030778686224461265,0,106.17205261735482,10.303982366898481,0.77569784822512755,0.002708261830674612,0
4,2018-02-22,3184,1117.522807459432,33.429370431694224,2.5173666502273595,0.56507984843655701,1,12.199781064581298,3.4928184986599717,0.26302334415150957,0.20423380642302383,0
4,2018-02-23,3185,2141.208954892862,46.273199099401609,3.4700561754331916,0.33867174663705529,1,4.801148071416562,2.1911522246107324,0.16431587736113479,0.02185074635781694,0
4,2018-02-26,3186,960.03061992416735,30.984360892620771,2.3371194337258738,0.0041511040110140968,0,6.0229478111940349,2.4541694748313603,0.18511555533331023,0.0046476482389446487,0
4,2018-02-27,3187,340.05981938458228,18.440710924055566,1.3993027221653123,0.12452693357859754,0,0.65166837860714355,0.80725979622866362,0.061255817902543058,0.081977819973723526,0
4,2018-02-28,3188,126.5536208170023,11.249605362722832,0.86022598835578912,0.060695404086405239,0,106.00797910113553,10.296017633101428,0.78730779071698942,0.057638870930330537,0
4,2018-03-01,3189,488.59891182060875,22.104273609883876,1.6740588919936288,0.1027444173972358,0,23.687098775851823,4.8669393643081094,0.36859583189246509,0.22745140342458858,0
4,2018-03-05,3190,1254.570583306273,35.419917889603767,2.6603513511794925,0.019461823391330721,0,251.75976479063024,15.866939364308109,1.191748487630172,0.085448752807756656,0
4,2018-03-06,3191,1082.3840330229068,32.899605362722923,2.4747709765851451,0.059859169852437583,0,128.91291558784576,11.353982366898663,0.85406817864440066,0.16013237663370691,0
4,2018-03-07,3192,700.20364045331382,26.461361273625243,2.0031310578066042,0.074747439593619333,0,20.330414307230502,4.5089260702777665,0.34132672750020943,0.023415641862415886,0
4,2018-03-08,3193,580.79097863897471,24.099605362722741,1.8248981798215009,0.17310718489008906,0,6.5228259304283664,2.5539823668984809,0.19339560555039231,0.050408550078037358,0
4,2018-03-09,3194,303.97546471604875,17.43489216244393,1.3216762432205533,0.0064042526639826441,0,13.082250365081551,3.6169393643081094,0.27418711778858429,0.18342445868642993,0
4,2018-03-12,3195,442.46668828564123,21.034892162443839,1.5902394377201918,0.10440641668776486,0,52.084213788098623,7.2169393643080184,0.54560116154284777,0.015914797440313017,0
4,2018-03-13,3196,476.76251574554942,21.834892162443793,1.6497217454908235,0.36041002435504704,1,64.271316770990722,8.0169393643079729,0.60571488529394235,0.14824196544642212,0
4,2018-03-14,3197,376.46017013822268,19.402581532832755,1.4712858034375549,0.02065502421380434,0,0.0086007453955658647,0.092740203771427332,0.0070324325134731623,0.095026588034102244,0
4,2018-03-15,3198,184.94926602179714,13.599605362722741,1.0380585728358709,0.19001602832799627,0,63.139196225560269,7.9460176331015191,0.60651993230299361,0.338065599323566,1
4,2018-03-16,3199,85.647058385327853,9.2545695948178945,0.70516379113211625,0.062448189019162562,0,9.8160689469220745,3.1330606356918906,0.23872757053427998,0.10800164683610829,0
4,2018-03-19,3200,61.694263519836312,7.8545695948178036,0.59912811554674328,0.19784337087646459,0,20.548638726860194,4.5330606356919816,0.34577121553714585,0.14285582390346213,0
4,2018-03-20,3201,970.25889403312317,31.148979020717888,2.3435262401322565,0.036298470184236875,0,348.40113771863469,18.665506629037282,1.4043190481914969,0.13989521038505584,0
4,2018-03-22,3202,2282.2494068406318,47.772894059713735,3.5476677602639048,0.0048227485691254091,0,927.54949200999715,30.455697201180556,2.2616736373964472,0.005723694758359754,0
4,2018-03-23,3203,1365.2228523581821,36.948922208342992,2.7544017450030185,0.00018657926265585925,0,102.84296844272814,10.141152224610778,0.75598436204187847,0.0003997266495903052,0
4,2018-03-27,3204,631.80810067824029,25.135793217605851,1.8864342540137229,0.5140304125614017,1,1.3022283997341273,1.1411522246107779,0.085643155436284882,0.22265563212099618,0
4,2018-03-28,3205,1441.7198006676535,37.969985523669266,2.8474997580463657,0.069588926013764374,0,4.5845328489556829,2.1411522246107779,0.1605723667637165,0.13171989163609515,0
4,2018-04-03,3206,1469.0367294609291,38.328014942870823,2.8660745489322381,0.005929314126162091,0,35.893904978457584,5.991152224610687,0.4480036061176017,0.0072103364295827838,0
4,2018-04-04,3207,1135.1771649241882,33.692390311822464,2.5295536853352201,0.029636291683431543,0,14.031246323285508,3.7458305251686852,0.28122906454211383,0.026200630497539307,0
4,2018-04-09,3208,2172.2627112824271,46.607539210758887,3.4809021405398917,0.37374139693381209,1,115.47287367564709,10.745830525168685,0.80255652004695355,0.34150813022446297,1
4,2018-04-10,3209,2755.4510406487079,52.492390311822419,3.8861662270458943,0.010835807758604314,0,508.31447406962604,22.54583052516864,1.6691342235919777,0.067429230456121425,0
4,2018-04-11,3210,1141.5570414835051,33.786935958791901,2.5188754582168635,0.0015430938436150551,0,100.82473799780324,10.041152224610641,0.74858554624897622,0.0024762500547313802,0
4,2018-04-12,3211,1153.4592108095817,33.962614899468235,2.5275444592891447,0.2126167072754791,0,153.54065345347664,12.391152224610778,0.92216657175044847,0.11994234183526581,0
4,2018-04-13,3212,1746.1480168241756,41.786935958791901,3.0968196508535146,0.007413077864635873,0,325.48317359157352,18.041152224610641,1.3370253992374581,0.11290585391348919,0
4,2018-04-16,3213,715.27309194521365,26.744589956572781,1.9927419683013772,0.012668354592116658,0,116.4489663347192,10.791152224610641,0.80404978947996741,0.017194762581033019,0
4,2018-04-17,3214,1739.9422417513395,41.712614899468235,3.0865081874629645,0.60208458729010728,1,405.66601293494369,20.141152224610778,1.4903364700588833,0.58712058701190151,1
4,2018-04-18,3215,781.30493273934474,27.951832368189116,2.0726555218885596,0.021493638945377078,0,298.98394525465756,17.291152224610641,1.2821557336949907,0.042136911578633959,0
4,2018-04-19,3216,380.65095602580635,19.510278214977006,1.4595308184011226,0.18931359336170722,0,29.606137531386324,5.4411522246107324,0.40704336821475462,0.18674084713676803,0
4,2018-04-20,3217,212.06975271021159,14.562614899468144,1.0996462206047077,0.5020731971455803,1,49.123947138579723,7.008847775389313,0.52924924680127716,0.056801243198600249,0
4,2018-04-23,3218,970.30502827071325,31.149719553644672,2.3441110398949974,0.063768199964193556,0,116.7260349842533,10.803982366898481,0.81303249929626975,0.055021726870831775,0
4,2018-04-24,3219,632.50264990070161,25.149605362722923,1.9028945153953709,0.018923562952888568,0,12.988688900916488,3.6039823668986628,0.27268810705547325,0.020146560923432946,0
4,2018-04-25,3220,585.62089971152591,24.199605362722878,1.8323317454927597,0.08505780598474412,0,7.0436224038087873,2.6539823668986173,0.20095270439150578,0.1282977259874015,0
4,2018-04-26,3221,77.635753480847626,8.8111153369393378,0.67559540997848011,0.079914785910821629,0,128.43826337227011,11.333060635691936,0.86896646493574115,0.047850485573273982,0
4,2018-05-02,3222,300.85461176627967,17.345161047574038,1.3275035242288413,0.06383912571413683,0,79.799572320951256,8.9330606356920725,0.68368748168468341,0.0090342656891151726,0
4,2018-05-08,3223,1483.5770712310027,38.517230835445616,2.9316307672447857,0.51698520331145348,1,197.74056140644393,14.062025508668512,1.0702915484011504,0.14153806940047087,0
4,2018-05-09,3224,432.5975283042572,20.798979020717752,1.5771139688139029,0.3064347559154551,1,69.147650497560704,8.3155066290371451,0.63053583780991396,0.31765921288605936,1
4,2018-05-10,3225,804.88521553348346,28.370499035679359,2.1422206392327827,0.037823026066774998,0,192.25227407987177,13.8655066290371,1.046966936915249,0.00048699643324386392,0
4,2018-05-11,3226,598.34616352704222,24.461115336939201,1.8533254034124487,0.55548360132847785,1,18.635965475111334,4.3169393643079275,0.32707802889024717,0.045092824875251465,0
4,2018-05-14,3227,0.96056094311891305,0.98008211039632442,0.075682016246820416,0.10141705708581034,0,421.6065790690036,20.533060635691982,1.5855645278526627,0.15034670346616102,0
4,2018-05-15,3228,21.764508194487924,4.6652447089609268,0.36129678288177558,0.00624970375617341,0,184.59411688917743,13.586541756060569,1.0522007168294729,0.02214425491016065,0
4,2018-05-16,3229,305.53698133079604,17.47961616657517,1.3555344060934602,0.067535714915688994,0,34.223045191932492,5.8500465974154849,0.45366782453784299,0.1623220034636205,0
4,2018-05-17,3230,260.97162015416427,16.154616063347476,1.2539483088836045,0.0053872559997398938,0,63.773761580229333,7.9858475805783655,0.61987484130857462,0.14500122729908155,0
4,2018-05-18,3231,431.02067511250624,20.761037428618693,1.6114438955733064,0.33710066763242247,1,2.6015500539325704,1.6129321293633438,0.12519362978719634,0.080837950764315422,0
4,2018-05-21,3232,648.26442694152422,25.461037428618738,1.9690682826355315,0.2312283911834227,0,39.85311206994858,6.3129321293633893,0.48822026444169908,0.18453132998313632,0
4,2018-05-22,3233,512.67388324544208,22.642302958079199,1.7565789726981536,0.28938171975007737,1,5.1208618221053293,2.2629321293634348,0.17555718614146121,0.39179971824411769,1
4,2018-05-23,3234,989.28447630302196,31.452892971919482,2.4104604339134372,0.010628643546158263,0,101.53082347723955,10.076250467174759,0.77221523295204508,0.036630651398965069,0
4,2018-05-24,3235,566.03853483993566,23.791564363024463,1.8252063186056358,0.5673906500916166,1,65.964763674814847,8.1218694692056488,0.62308166238631746,0.41890975671324848,1
4,2018-05-25,3236,505.55361856121561,22.484519531473552,1.7286476152436034,0.16086769495996364,0,28.622001409826115,5.3499534025845605,0.41131340067537175,0.19556285349053301,0
4,2018-05-30,3237,867.99232119858618,29.461709407272792,2.2569969285841185,0.0074868637688298174,0,30.93612775907922,5.562025508668512,0.42609457300099685,0.061137831851353332,0
4,2018-05-31,3238,200.62858398071504,14.16434198897764,1.0941095310503353,0.76207768848301616,1,26.915079322706212,5.187974491331488,0.40073957139900263,0.50581841411564077,1
4,2018-06-01,3239,247.7968485952432,15.741564363024509,1.215142565365279,0.024248569937777496,0,0.0051652206039082349,0.071869469205694259,0.0055478381416260185,0.057312770543431327,0
4,2018-06-04,3240,152.31421092667429,12.341564363024418,0.95519247420954434,0.43541378520996343,1,11.076452830005792,3.3281305307943967,0.25758527385119745,0.18984416729552345,0
4,2018-06-05,3241,1065.0914280576276,32.635738509456587,2.5102483277791392,0.084460056912564127,0,178.56795509397116,13.362932129363344,1.0278387915824432,0.15192088887364305,0
4,2018-06-06,3242,308.49166544907831,17.563930808594023,1.3539356954013508,0.016321229012122639,0,6.1318163761836635,2.4762504671748502,0.1908845995124186,0.16048067327996662,0
4,2018-06-07,3243,344.61952706626636,18.563930808594023,1.4299195693120759,0.16548862145672563,0,12.084317310533365,3.4762504671748502,0.26776433407855577,0.33426413750229383,1
4,2018-06-08,3244,395.67433280834121,19.891564363024372,1.5305912867824234,0.25257089451484616,1,17.824181815010018,4.2218694692055578,0.3248591465993812,0.23671843444557369,0
4,2018-06-11,3245,358.78286051860181,18.941564363024554,1.458558068996616,0.25576504283852902,1,10.705129823520648,3.2718694692057397,0.25194390091292801,0.11421019404923627,0
4,2018-06-12,3246,270.32503870347904,16.441564363024554,1.2684924092909426,0.069045225656335321,0,0.59578247749195035,0.77186946920573973,0.059550936944469363,0.065910898800852422,0
4,2018-06-13,3247,530.91368829539897,23.041564363024463,1.7686865755535952,0.11185099829556752,0,54.344459471006374,7.3718694692056488,0.5658698498718594,0.11540141964658522,0
4,2018-06-14,3248,8.5151519596100922,2.9180733300604516,0.22704324684383986,0.057595510160871874,0,102.01094126996412,10.100046597415485,0.78584295642213464,0.31612458866990034,1
4,2018-06-15,3249,12.148280459349209,3.4854383453662194,0.27312136859822272,0.0109453388121388,0,17.340165372173917,4.1641524194214981,0.32630587465591798,0.028246283464204724,0
4,2018-06-19,3250,24.650395531997756,4.9649164677764475,0.38964969924473764,0.026095351645876057,0,37.382859807918315,6.1141524194215435,0.47984244384096247,0.055525421982048136,0
4,2018-06-20,3251,68.205314249293181,8.2586508734352719,0.65226480854837665,0.041294174320121384,0,58.772961874140179,7.6663525795609075,0.60548533582600061,0.10467226769386243,0
4,2018-06-21,3252,646.61222641498966,25.428571065142251,2.003590676054229,0.0050474080624604368,0,19.349334142944809,4.3987878038096824,0.34659321623209882,0.048321721163321465,0
4,2018-06-22,3253,663.16814197564179,25.752051218798897,2.0297983147157641,0.063348961511681096,0,8.261885808079553,2.8743496321915245,0.22655865312457826,0.055125365979266996,0
4,2018-06-25,3254,344.95620989998929,18.572996793732273,1.4736964844665774,0.11213777723236865,0,30.532811987262946,5.5256503678085664,0.43843928967774076,0.15748665665626574,0
4,2018-06-26,3255,308.11519010122373,17.55321025058447,1.3991081022305494,0.010639291108978224,0,1.9517082171533373,1.3970355103408565,0.11135306156072507,0.045794645147096406,0
4,2018-06-27,3256,233.46442213228048,15.279542602194624,1.2208495547277076,0.0061656157769562668,0,1.4035044963623493,1.1846959510196484,0.094658299789832478,0.02498987471256946,0
4,2018-06-28,3257,635.4723131635966,25.208576182791376,2.0159603488977069,0.0030298304489422109,0,150.03716437612616,12.248965849251363,0.97956462467522587,0.027472496906369711,0
4,2018-06-29,3258,508.88935939479819,22.558576182791285,1.8078679422015778,0.011541045023578099,0,92.140145375092189,9.5989658492512717,0.76927118522609972,0.0093354340901702689,0
4,2018-07-02,3259,395.22143330827163,19.880176893284215,1.5881906845044309,0.012292479036816181,0,205.18372067054875,14.3242354305753,1.1443367629778549,0.19163814571470594,0
4,2018-07-03,3260,915.5814326097867,30.25857618279133,2.4100817349893533,0.23238961952869214,0,299.25421945356334,17.298965849251317,1.3778547072283007,0.026679086501643228,0
4,2018-07-05,3261,906.52635975494388,30.108576182791239,2.398420853370872,0.17323802518440512,0,294.08702969878482,17.148965849251226,1.3660704862589099,0.20634219036135404,0
4,2018-07-06,3262,547.03066002513413,23.388686581874026,1.8532297913612001,0.0065168804356099761,0,41.438246820500765,6.4372546027402677,0.51006335745337095,0.091850773061895721,0
4,2018-07-09,3263,328.446552127259,18.12309444127186,1.4452228422066873,0.78478750417631493,1,29.647893550682614,5.4449879293422327,0.43420956374339975,0.50221816660619034,1
4,2018-07-10,3264,79.233464039685785,8.9013181068696667,0.71130878271293485,0.04874174024840161,0,2.5788044164250779,1.6058656283839809,0.12832552568195468,0.06339654317054795,0
4,2018-07-11,3265,505.26777176626825,22.478162108283414,1.8041706483893902,0.0043789542095762739,0,76.145490045299439,8.7261383237546397,0.7003883396544377,0.43331567908425533,1
4,2018-07-12,3266,270.88472996474752,16.458576182791376,1.3254873304978154,0.054477651053633898,0,12.24276201422731,3.4989658492513627,0.28178834253453833,0.14976889404270158,0
4,2018-07-13,3267,20.43182495164643,4.5201576246461173,0.36665782159686222,0.033882573712820434,0,21.397697851745303,4.6257645694247458,0.37522425125119613,0.090117082513221897,0
4,2018-07-17,3268,35.378184623533677,5.9479563400830102,0.48574571989244669,0.0021886172835194574,0,8.6030605250752608,2.9330974285003322,0.23953429387507816,0.010007661380266401,0
4,2018-07-18,3269,44.021053046311202,6.6348363240031176,0.54493337637083639,0.037709122479192246,0,29.307199709450959,5.4136124454425953,0.44463163282350587,0.081394865049701823,0
4,2018-07-19,3270,640.43712003502901,25.306859149942511,2.0595612736474069,0.00093282564798331477,0,299.92552248218374,17.318357961486527,1.4094289287069401,0.0055337305634523722,0
4,2018-07-20,3271,81.459178436840631,9.025473862177023,0.73680345011445558,0.41376486133665447,1,3.9457355169009074,1.9863875545574956,0.16216070489060741,0.16305745277039679,0
4,2018-07-23,3272,154.392400699641,12.425473862176887,1.0115580951827157,0.10418250724890214,0,29.013170887890407,5.3863875545573592,0.43850592702058527,0.179544536677504,0
4,2018-07-24,3273,373.36993835719306,19.322782883352829,1.5690444891070101,0.38811724514291424,1,72.869912481603322,8.5363875545574501,0.69316991916828663,0.42723732653776797,1
4,2018-07-25,3274,55.118016006313752,7.4241508609613902,0.60444949000296277,0.22792464265945733,0,0.66732981132276992,0.81690257149966783,0.066509470506791596,0.029022408505598361,0
4,2018-07-26,3275,22.850394867980182,4.7802086636443164,0.39055587758031918,0.062135218924435152,0,4.4368745866576189,2.1063889922465933,0.17209763407382597,0.068065636482456907,0
4,2018-07-27,3276,24.822227910573197,4.982191075277342,0.40710827547616785,0.0044429351914896612,0,0.69954414141851551,0.83638755455740466,0.068343483784720105,0.024228984662004509,0
4,2018-07-30,3277,11.997002731246408,3.4636689696399117,0.28368638925753809,0.0019897876967247033,0,4.054635080440943,2.0136124454425044,0.16492177775031772,0.047434579204360762,0
4,2018-07-31,3278,9.4585394769337743,3.0754738621769775,0.25229482052313185,0.022998094197876736,0,15.71022361766707,3.9636124454425499,0.32515278469586134,0.32137234512164597,1
4,2018-08-01,3279,62.802711354763069,7.9248161716700452,0.65200676059649054,0.0026202830413180763,0,0.12697145118329117,0.35633053641709012,0.029316758107457326,0.0078935708976631026,0
4,2018-08-02,3280,138.22252114967139,11.756807438657461,0.96660424555269775,0.011763449315128969,0,10.568788045642716,3.2509672477037839,0.26728333862565024,0.21614691387078819,0
4,2018-08-03,3281,26.079482215528568,5.1068074386575972,0.42217231750155804,0.42034584723066187,1,11.553423651181463,3.3990327522960797,0.28099307669954776,0.013500973819112475,0
4,2018-08-06,3282,256.75296387952983,16.023512844552215,1.3216903406237652,0.0088529292711293731,0,53.896539919503837,7.3414262864584998,0.60555337043415691,0.047180330967750879,0
4,2018-08-07,3283,174.86129195003861,13.223512844552261,1.0932588850855491,0.7799493148895541,1,27.832376043334769,5.2756398705118954,0.43616550539555171,0.31308745640342056,1
4,2018-08-08,3284,326.65186654220048,18.073512844552397,1.4882668679638007,0.0073854980593568596,0,88.198887693987103,9.3914262864586817,0.77333879170443687,0.031633820550686899,0
4,2018-08-10,3285,17.582863856498786,4.1931925613425847,0.34933082528783982,0.63937313485007641,1,126.47530628242758,11.246124055977134,0.93690374107361485,0.018027105489306253,0
4,2018-08-13,3286,40.966432077032962,6.4005024862922255,0.5347119871589161,0.0041037004196625738,0,50.858796278178005,7.131535338072581,0.59578407168526148,0.007130808641815956,0
4,2018-08-14,3287,10.081208582193161,3.1750919013775274,0.26898440370870275,0.12023578202640239,0,10.675516441382245,3.2673408823357022,0.27679946478614892,0.04160612301503467,0
4,2018-08-16,3288,152.50746477476531,12.349391271425702,1.0427146765251576,3.9659790187050017e-05,0,66.755844687851976,8.1704250004422647,0.68986574918244314,0.0011362465374677654,0
4,2018-08-20,3289,581.38549734719629,24.111936822810321,2.0245969035484546,0.80149650535558614,1,84.469915387909268,9.1907516225774089,0.77171599333115659,0.53708983868020366,1
4,2018-08-21,3290,113.61742239384681,10.659147357732081,0.89396128299006861,0.084475328420578935,0,30.000889251825935,5.4773067516641731,0.45937071763024057,0.049305167489930544,0
4,2018-08-23,3291,138.08540273553621,11.750974544076598,0.98112837472460535,0.34153252058296546,1,39.198404025879633,6.260862881894127,0.52274049276898449,0.23810955330484032,0
4,2018-08-24,3292,330.9244556442174,18.191329133524505,1.5006252120869874,0.018417185173435626,0,85.491426943152348,9.2461574150104298,0.76272694700024168,0.15883493799938295,0
4,2018-08-28,3293,2.4242580773832776,1.5570029150208029,0.12929770096502266,0.0097167856927512664,0,0.0046874099328420042,0.068464661927464476,0.0056854892814702266,0.047278096114059996,0
4,2018-08-29,3294,52.46383848068789,7.2431925613425392,0.60496054132987043,0.07375906030024143,0,221.17621674437868,14.871994376827161,1.24212765195249,0.2641778492487537,1
4,2018-08-30,3295,37.497409557397631,6.1235128445523515,0.50925301214623064,0.012356766958147738,0,0.89741850563755521,0.94732175401895802,0.078782631628671287,0.13610353346013454,0
4,2018-08-31,3296,0.77899263192852974,0.88260559250920778,0.074115597473166886,0.12322937296161666,0,60.539461408701669,7.7807108549734494,0.65337455220837637,0.087551113466846409,0
4,2018-09-04,3297,24.675007199572153,4.9673944074909286,0.41509103430190764,0.1231766381658094,0,3.7276444055117812,1.930710854973313,0.16133624592406726,0.033229335227417382,0
4,2018-09-05,3298,180.02647268617008,13.417394407490974,1.1133381245065737,0.66781223849615445,1,58.175597433130179,7.6272929295478207,0.63289158441254778,0.3791003178524483,1
4,2018-09-06,3299,6.6229683610761692,2.5735128445523969,0.21465617187024746,0.0015603606211146035,0,27.368961993501244,5.23153533807249,0.43636127600904906,0.0071626849520026528,0
4,2018-09-07,3300,15.796013388318459,3.974419880727055,0.33214272778932435,0.20635255854628415,0,4.6682513667723828,2.1606136551388317,0.18056273233652281,0.64998638250485896,1
4,2018-09-10,3301,41.944885874680139,6.476487155447785,0.54431122876394378,0.34045937559005601,1,173.47837955114161,13.171119145734792,1.10695626723829,0.16004444061584688,0
4,2018-09-11,3302,14.956739503091056,3.8673944074907922,0.32346891999755711,0.026748590920126731,0,3.6968024787675011,1.9227070704523612,0.16081524510307474,0.026278123642437957,0
4,2018-09-12,3303,86.944806112100494,9.3244198807271914,0.77577435673091155,0.084833695051089397,0,10.172185256787753,3.1893863448613047,0.26535100003005985,0.0049809865672322271,0
4,2018-09-14,3304,15.00410175691205,3.8735128445523515,0.32273894722149238,0.00021084352489895633,0,7.9587132344306344,2.8211191457346558,0.23505408646347739,0.022816311126305687,0
4,2018-09-18,3305,48.629881393135356,6.9735128445522605,0.57953235639925715,0.87885237165880914,1,0.009471523805344273,0.097321754019048967,0.0080879044310686425,0.34296962906519957,1
4,2018-09-19,3306,5.6335632232549946,2.3735128445523515,0.19800724489466517,0.0026816889705788215,0,22.064831660779742,4.697321754018958,0.39186800317168247,0.21150910687946653,0
4,2018-09-21,3307,31.06404542839055,5.5735128445523969,0.46372517219006543,0.094864958178966577,0,2.241972435058273,1.4973217540189125,0.12457956186196126,0.020762134655542736,0
4,2018-09-25,3308,40.452378042609183,6.3602183958264504,0.53257009803863942,0.048702746917532874,0,83.673495271549299,9.1473217540190035,0.7659469754254975,0.096232443147344332,0
4,2018-09-26,3309,119.38812155816146,10.926487155447603,0.92175528559537734,0.64798719289900097,1,310.50383994817486,17.62111914573461,1.4865124975311801,0.59230147964407232,1
4,2018-09-27,3310,4.9991981872454794,2.2358886795288981,0.18832500985714029,0.79917437157993487,1,9.9235642374865449,3.1501689220558546,0.26533324253997509,0.57188953173224988,1
4,2018-09-28,3311,38.224611912525567,6.1826055925091623,0.52149682362693794,0.102603201044802,0,171.10499647141904,13.080710854973404,1.103345354896327,0.022153480490139432,0
4,2018-10-09,3312,3.3837362758308354,1.8394934834977903,0.1547613565116768,0.13575067243902203,0,3.2406081479360651,1.8001689220559456,0.15145287919030337,0.40523977263806693,1
4,2018-10-10,3313,145.70902196306361,12.070999211459821,1.0012856548015279,0.0003734093851900874,0,47.876562272482886,6.9192891450265961,0.57395289660541626,0.045072200466516839,0
4,2018-10-11,3314,292.64954873452871,17.107002915020757,1.4025007513851819,0.0048469017361101397,0,243.93643839587557,15.618464661927419,1.2804644117177635,0.00063426041075433245,0
4,2018-10-12,3315,76.135054026372273,8.7255403286198998,0.70942236095938049,0.0019632703691743543,0,48.809611062475867,6.9863875545574956,0.5680220785038006,0.0037052963516872347,0
4,2018-10-15,3316,169.70718187495035,13.027170908334256,1.0585171778934148,0.10917834476743707,0,21.563123191328611,4.6436110077534067,0.37731461832724522,0.00024096386619481695,0
4,2018-10-16,3317,24.30849901440445,4.9303649980913633,0.40115251601573276,0.0016534971259399814,0,41.716539939483397,6.4588342554584415,0.5255143611292008,0.0072220722259864365,0
4,2018-10-17,3318,13.915623018984837,3.7303649980913178,0.30381276198976409,0.17399661766079541,0,58.657742152584355,7.658834255458487,0.62375976344492301,0.16334129835170419,0
4,2018-10-19,3319,3.3110715401710444,1.8196350019086367,0.14886975389909488,0.21149830086174617,0,174.47330238817236,13.208834255458441,1.0806540338262653,0.36639953902407985,1
4,2018-10-22,3320,139.95753598806741,11.830364998091454,0.95718799288737033,0.34732414410651263,1,1.4797149020132732,1.2164353258654046,0.098421078997160447,0.69082653220383394,1
4,2018-10-23,3321,25.328017695898858,5.0326948741105753,0.40897930796071474,0.00034070021458651147,0,24.590037173108076,4.9588342554584415,0.40297706354544244,9.3036020199789048e-05,0
4,2018-10-24,3322,11.747038515381048,3.4273952960493261,0.27846890608135572,0.59703458900189399,1,188.96199538600652,13.746344800928227,1.1168625935105807,0.083966342708131636,0
4,2018-10-25,3323,69.433803865027897,8.3326948741105298,0.67534099559188965,0.05958452846684259,0,18.931498180982103,4.3510341507487738,0.35263882568778815,0.00030914195036350965,0
4,2018-10-26,3324,27.906865132954145,5.2826948741105753,0.42920822831577637,0.0014897969914582337,0,22.173120045378855,4.7088342554584415,0.38258321867553152,0.00069127986319733603,0
4,2018-10-29,3325,10.363044828108695,3.2191683441703844,0.26270347185983223,0.2842409216155572,1,102.18853000432726,10.108834255458305,0.82494159094649122,0.006329253736861191,0
4,2018-10-30,3326,84.082206068226341,9.1696350019085457,0.75473352828581797,0.041270439817242502,0,422.6656659434077,20.558834255458351,1.6921547599043869,0.091724026821358773,0
4,2018-10-31,3327,128.00121936230153,11.31376238756593,0.91895889108280293,0.47957785211139375,1,25.944873098307138,5.0936110077534522,0.41372789731173715,0.14792810645577112,0
4,2018-11-01,3328,68.294384160842583,8.2640416359577102,0.6707281581006177,0.00031675342549093981,0,11.620150981187217,3.408834255458487,0.27666863529409036,0.00036836342331728994,0
4,2018-11-02,3329,66.10283500218992,8.1303649980914088,0.65979833622166029,0.064169877897067643,0,10.620000704549078,3.258834255458396,0.26446210228917805,0.00044689408349298036,0
4,2018-11-05,3330,220.38112419778597,14.845239108811484,1.2254613759956647,0.023446645805016684,0,581.23588915715982,24.108834255458305,1.9901629730442714,0.028883411808151922,0
4,2018-11-09,3331,40.608306799259019,6.3724647350345549,0.52859398075853803,0.064214736824922694,0,368.29054813016916,19.190897533210091,1.5918790206304254,0.038941809926647114,0
4,2018-11-12,3332,228.22793758438812,15.107214752706341,1.2567352759925414,0.12514850181811826,0,435.29032427362904,20.863612445442641,1.7355970755713039,0.11968661364673051,0
4,2018-11-13,3333,1.6723470007115593,1.2931925613424937,0.10747496873820848,0.10873165165402043,0,55.787240902769469,7.4690856805079875,0.62074262875611785,0.12600731915968585,0
4,2018-11-14,3334,240.97945103497761,15.523512844552215,1.2809764281513567,0.26355540790398141,1,59.574696737420943,7.7184646619273281,0.63691584452921801,0.62812772711059461,1
4,2018-11-15,3335,184.74593151996481,13.592127556786863,1.111921429710967,0.099167830167292734,0,37.524506378658955,6.125724967598444,0.50112278857971559,0.033641273874954615,0
4,2018-11-16,3336,30.434501644453263,5.5167473790679651,0.45160014563424739,0.0044752030896736605,0,1.859438901366059,1.3636124454426408,0.11162511832372635,0.14717439737015187,0
4,2018-11-19,3337,117.13262934019498,10.822782883352829,0.88493727582606951,0.59169052807334976,1,0.0013240541266714098,0.03638755455745013,0.0029752702009362328,0.22133128850780084,0
4,2018-11-20,3338,53.264114218626531,7.2982267859135845,0.59655278616262741,0.043393806697159275,0,128.4496882227906,11.33356467413455,0.92639894344732299,0.058429980521982665,0
4,2018-11-26,3339,36.291537334378347,6.0242457896717951,0.49330542005173555,0.053111760988154004,0,183.15737278898385,13.533564674134595,1.1082185288351289,0.055932182184359559,0
4,2018-11-27,3340,0.0029543785838106467,0.054354195641280967,0.0044800490946862535,0.13570194305004804,0,164.00359902073589,12.806388992246639,1.0555441164019483,0.31803583551341774,1
4,2018-11-28,3341,131.08958457958721,11.449435993951283,0.93369508615300989,0.15031249881161451,0,10.800343158750097,3.2863875545574501,0.26800306255310502,0.092034990691656535,0
4,2018-11-29,3342,21.510336602852437,4.6379237383609961,0.38092265109120743,0.0083521880857150062,0,51.709007333126969,7.1908975332100908,0.59060387936512604,0.0054317244741719497,0
4,2018-11-30,3343,283.58877497094119,16.840094268469556,1.3687795065000046,0.0075942569746250792,0,53.822582350664774,7.3363875545574047,0.59630883154981751,0.0085633366859847616,0
4,2018-12-03,3344,179.5791394222754,13.400714138517969,1.0804413560040289,0.0055954117010262611,0,22.955269191668467,4.7911657445415585,0.38629087676703688,0.029538783381959706,0
4,2018-12-04,3345,388.06762912500147,19.699432203111883,1.5854035815952585,0.023126007958784018,0,18.913503957953836,4.3489658492512717,0.35000328753380322,9.6824476435296237e-05,0
4,2018-12-06,3346,62.856879649236575,7.9282330723331143,0.63767659232149232,0.0021405964872743544,0,95.635536534361378,9.7793423364948922,0.78656336656437642,0.0039523969391389267,0
4,2018-12-07,3347,99.565135245801429,9.9782330723330688,0.80123925581828959,0.00073404911334185897,0,59.742732954733022,7.7293423364949376,0.62065622808808274,0.034744782234694967,0
4,2018-12-10,3348,98.569811938569032,9.9282330723331143,0.7972563295858921,0.00079596894069953582,0,60.51816718838181,7.7793423364948922,0.62469624480003949,0.0025850124525333053,0
4,2018-12-11,3349,107.70772170366978,10.37823307233316,0.83309115571608749,0.76770928681795647,1,53.719259085535739,7.3293423364948467,0.58834776933532784,0.42970966729134058,1
4,2018-12-12,3350,54.438323269670818,7.3782330723331597,0.59370211807146733,0.0035341707493262856,0,106.69531310450482,10.329342336494847,0.83116816226069989,0.010701277398921499,0
4,2018-12-13,3351,0.00047379914005741598,0.021766927666931224,0.0017620049109103677,0.24111057056874791,0,314.32957968463177,17.729342336494938,1.435167550612777,0.20104303791427547,0
4,2018-12-14,3352,15.111700344514583,3.8873770520126527,0.31308154890771572,0.92734070974300098,1,130.6298662447914,11.429342336494756,0.92049630221839929,0.3131017528827455,1
4,2018-12-17,3353,119.42627808323526,10.928233072333114,0.87685413402335843,0.035529628605178158,0,45.959482515392025,6.7793423364948922,0.5439575011229153,0.019121100191659999,0
4,2018-12-18,3354,385.26753354183325,19.62823307233316,1.56400263524567,0.20069450348757797,0,3.6889258603810746,1.9206576635051533,0.15304045127531102,0.001573390342957025,0
4,2018-12-19,3355,301.84462558495824,17.373676225397958,1.3791368307519714,0.00068222797890182547,0,0.31541076075861413,0.56161442356710722,0.044581418818583629,0.00029775597379723911,0
4,2018-12-20,3356,464.78536219116921,21.558881283386881,1.7135382333892526,0.00036991900493813792,0,53.052843407554903,7.2837382852183055,0.57892447523890678,0.00026557470211732178,0
4,2018-12-21,3357,604.07280663435643,24.577892640223581,1.93831960885044,0.40105929755451919,1,2.4753594751228016,1.5733275168008731,0.12407945716095213,0.6324251705712457,1
4,2018-12-27,3358,257.96660747613907,16.061338906708215,1.2557731748794538,0.020962524763493796,0,6.1923062010392282,2.4884344879942546,0.1945609451129206,7.9341960397873707e-05,0
4,2018-12-28,3359,175.8056113422146,13.259170839166927,1.0359536556892668,0.00014266680303389262,0,0.17152222651268043,0.41415241942149805,0.032358185750566294,7.9341960397873707e-05,0
4,2019-01-04,3360,610.75075876812969,24.713372063887391,1.9125036421519419,0.0241721069689971,0,127.27148825452934,11.281466582609255,0.87304338203136167,0.00017370439616349253,0
4,2019-01-07,3361,83.063097918470177,9.1138958694111807,0.70845317497074745,0.31356227376540718,1,79.210829436166136,8.9000465974154395,0.69182996598510926,0.19516175635481092,0
4,2019-01-08,3362,188.13955383226241,13.71639726138983,1.0644418175841868,0.028150577229239242,0,125.17077321868406,11.187974491331488,0.86822710626505428,0.076137893640411902,0
4,2019-01-09,3363,79.12126918777318,8.8950137261149393,0.68852184581739595,0.0010877577508371864,0,12.097391989243162,3.4781305307942603,0.26922598736699899,0.00069363934529304146,0
4,2019-01-10,3364,139.92707863679951,11.829077674814698,0.91772975482483399,8.2675991843358384e-05,0,40.960596449088946,6.4000465974154395,0.49653179699875394,9.0289368255680306e-05,0
4,2019-01-11,3365,215.93112218889755,14.694594999145011,1.1352437422083599,0.8399372304178544,1,29.030269119236848,5.3879744913313061,0.41625266465785732,0.29099617494579244,1
4,2019-01-15,3366,219.8155244428103,14.826177000252301,1.1472705254393176,0.0038487107225322614,0,56.069761982830379,7.4879744913314426,0.5794300465318768,0.061076291419080816,0
4,2019-01-16,3367,174.93175804200536,13.226177000252392,1.0247289842916552,0.078853253805153789,0,82.591280355089339,9.0879744913313516,0.70411207029761769,0.51654610045945493,1
4,2019-01-17,3368,7.8318595029736597,2.7985459622764211,0.21792134887684325,0.88725408617365165,1,242.98494874239691,15.587974491331352,1.2138276352072379,0.3021676776489674,1
4,2019-01-18,3369,46.256775507878956,6.8012333813712758,0.53047604565722462,0.55010670558113517,1,175.56373483368409,13.250046597415576,1.0334643629526228,0.4432417264636907,1
4,2019-01-22,3370,18.481889776042287,4.2990568472680479,0.33591630311517801,0.54414233690037583,1,224.21317507178276,14.973749532825195,1.1700069958450692,0.31838045639407703,1
4,2019-01-23,3371,67.224533184734554,8.1990568472681389,0.63870505938055144,0.83741330866830388,1,122.62792871574422,11.073749532825104,0.86264310452793513,0.47634555321200583,1
4,2019-01-24,3372,780.31601199813656,27.934137036932725,2.1589100422700924,0.0015535830757327346,0,51.307596689868291,7.1629321293635257,0.55359240508258178,0.0020314373475476323,0
4,2019-01-25,3373,549.72674302981693,23.446252217141591,1.8005799805814682,0.00041233430662493517,0,45.858216107960828,6.7718694692057397,0.52005294852403627,0.0012303264248601717,0
4,2019-01-28,3374,705.37094958103103,26.558820560804861,2.0311896723494214,0.00032077544791821373,0,60.249039997221381,7.7620255086685574,0.59363125759386315,0.00027978206669129605,0
4,2019-01-29,3375,496.92205399483913,22.29174856297368,1.7007513971903321,0.0019911245616617752,0,34.380142578421804,5.8634582439394762,0.44735318867318807,9.1366216328633913e-05,0
4,2019-01-30,3376,308.91892597100696,17.576089609779729,1.3328345802517425,0.010272552841167097,0,10.029504937203964,3.1669393643080639,0.24015616624767303,0.013029390608152211,0
4,2019-02-01,3377,213.4846913893426,14.611115336939292,1.1153523157968925,0.0022237509340609853,0,30.614759998244157,5.5330606356919816,0.4223710408925177,0.0015753642424681184,0
4,2019-02-12,3378,303.14693727620107,17.411115336939247,1.3262580238375419,0.78698568796004764,1,7.469620438369307,2.7330606356920271,0.20818560600944755,0.28838905629327455,1
4,2019-02-13,3379,239.31835951108124,15.469917889603721,1.1796040939116033,0.0080003806949237935,0,16.671384154737037,4.0830606356919361,0.31133940567249502,0.0060423617571866038,0
4,2019-02-14,3380,237.96424064895129,15.426089609779638,1.1717055645269558,0.23275446000935415,0,1.034165670679104,1.0169393643079729,0.077242745380575975,0.26038594061377845,1
4,2019-02-15,3381,1723.4603223174829,41.514579635562768,3.0894570891581594,0.00065754587933774936,0,660.69470951783273,25.703982366898572,1.9128545017226846,0.001269794479142903,0
4,2019-02-20,3382,639.49888946536146,25.288315275347259,1.8995917577725638,0.00011780007299468781,0,54.820114283422797,7.4040606617870708,0.55617357083846541,0.00035538926108096203,0
4,2019-02-21,3383,616.16710066607766,24.822713402568979,1.8677035026950815,0.84567029648622594,1,21.093981761632403,4.5928184986598808,0.34557153595875856,0.89388736339972075,1
4,2019-02-22,3384,719.45795427635358,26.822713402568979,2.0151544572006297,0.55812724332087349,1,43.465255756271922,6.5928184986598808,0.49530960509822181,0.59814861047526147,1
4,2019-02-25,3385,766.71847337538247,27.689681713146911,2.0897084421830807,0.0024728647750340768,0,1.4497620772630093,1.2040606617870253,0.09086907375472815,0.010898513179917363,0
4,2019-02-26,3386,980.92467112734755,31.31971697074141,2.3675939804771073,0.74565901232135623,1,0.99189516540018852,0.99593933821302016,0.075287397529048672,0.14556885362390481,0
4,2019-02-27,3387,513.004623087087,22.649605362722923,1.7169848283154245,0.51643349258368654,1,1.2187770664231736,1.1039823668986628,0.083688918386738628,0.057237070738706632,0
4,2019-02-28,3388,255.03827740068496,15.969917889603721,1.2172657410422441,0.83559960424883672,1,12.838323519045101,3.5830606356919361,0.27310954195601478,0.28529482116433863,1
4,2019-03-01,3389,203.22744301765255,14.25578629952247,1.1104366957098044,0.15188983246366727,0,1006.9871373085069,31.733060635692027,2.4718071845842053,0.33696460360896358,1
4,2019-03-05,3390,142.2151889874377,11.925400999020439,0.92743329307620959,0.038932859352112256,0,90.250885353067261,9.5000465974155759,0.73881452715445639,0.030371180583241755,0
4,2019-03-06,3391,385.38407604925561,19.631201594636423,1.5273633855626254,0.095373304679238685,0,2.0651640648160425,1.4370678706366107,0.11180797250732208,0.033636864536515314,0
4,2019-03-07,3392,602.59433564343249,24.547796961100858,1.8930246355196343,0.28578644504507361,1,1.8820258405385886,1.3718694692056488,0.10579290296554068,0.24249261285776422,0
4,2019-03-08,3393,309.74517494365671,17.599578828587255,1.3614062137758465,0.0018017882200906917,0,6.9070700868933983,2.6281305307943512,0.20329766240915498,0.042947838483402057,0
4,2019-03-11,3394,479.59155286950511,21.89957882858721,1.6884143886964427,0.13201880179542211,0,2.7951475220618258,1.6718694692056033,0.12889784273587013,0.17975396327122226,0
4,2019-03-12,3395,964.92876267644624,31.063302507564231,2.3767781864313271,0.046308391217633617,0,51.294609386820412,7.1620255086686484,0.54799537156499079,0.010281482799000326,0
4,2019-03-13,3396,408.73642265369489,20.217230835445662,1.5605133599973497,0.05078706961008142,0,17.960427789175998,4.2379744913314426,0.32711778714302364,0.037224873776638821,0
4,2019-03-14,3397,1025.2933895470851,32.020202834258953,2.4564789285967743,0.092495021630394456,0,13.779133377006401,3.7120255086686029,0.2847737252526738,0.27624436083933435,1
4,2019-03-15,3398,916.10526244614994,30.267230835445616,2.3182621657050873,0.38147882694605523,1,33.779640513413476,5.812025508668512,0.44516126751443874,0.19184743206885518,0
4,2019-03-18,3399,741.08200549603532,27.222821409545986,2.0817329211245688,0.037520266497274517,0,8.1993931147849484,2.8634582439394762,0.21896904824802907,0.017540827614261793,0
4,2019-03-19,3400,264.09453135322582,16.250985550212818,1.2465280010901909,0.052424651711421806,0,58.738487862423419,7.664103852533799,0.58787327241955956,0.016579961250073202,0
4,2019-03-20,3401,568.86951171645626,23.850985550212727,1.8188809235272423,0.19531163834916487,0,0.0041093039096867087,0.064103852533889949,0.0048885726022946654,0.22861690687046662,0
4,2019-03-22,3402,1095.985611554147,33.105673404329764,2.5088608544071667,0.004230522507629563,0,67.008895737100502,8.1858961474661101,0.62035513223948391,0.023576317061263261,0
4,2019-03-25,3403,223.8287623310423,14.96090780437612,1.136587996989753,0.0013018735579798614,0,0.58819598852511767,0.76693936430797294,0.058264784950845021,0.0011907506006019735,0
4,2019-03-26,3404,89.702685796628202,9.4711501834058254,0.72315417144428684,0.12571422062529475,0,34.024596379658817,5.8330606356919361,0.44537379825089224,0.039140238434239819,0
4,2019-03-27,3405,0.6276952406453713,0.79227220110601593,0.061172234961665899,0.22960213113204717,0,415.46916087829231,20.383060635691891,1.5737992229233593,0.12581405067039284,0
4,2019-03-28,3406,225.79082823029185,15.026337818320599,1.1645615607471596,0.078825101759145783,0,90.021659948156142,9.4879744913314426,0.73533089136878571,0.24384141051078773,0
4,2019-04-02,3407,225.9744276490743,15.03244583057176,1.1648995180419046,0.064016637959324663,0,24.286470528546964,4.9281305307943057,0.38189240426163784,0.11344885286590872,0
4,2019-04-03,3408,248.66538188293876,15.769127492760617,1.2289387439317785,0.018239352424978955,0,17.568243618135799,4.1914488686056757,0.32665307007019256,0.010988193265825929,0
4,2019-04-04,3409,1356.218486436758,36.82687179814161,2.8328362921647394,0.10494465444303111,0,387.53259496576487,19.685847580578411,1.5142959677368009,0.039171604746774377,0
4,2019-04-08,3410,1369.4682552267618,37.006327232336389,2.8400865105400146,0.0015802517151416616,0,246.07051965537607,15.686635064773327,1.2038860372043996,0.0057371789556299145,0
4,2019-04-09,3411,741.71905411021442,27.234519531473552,2.0862169774004022,0.0012710514590387788,0,102.00905873437944,10.099953402584561,0.7736760046408947,0.25886892780161802,1
4,2019-04-10,3412,598.87480434856809,24.471918689562699,1.8841945403112643,0.0043421055932803465,0,0.97609359552162267,0.98797449133144255,0.076068254645168046,0.011122707678426715,0
4,2019-04-11,3413,359.75584556508073,18.967230835445662,1.4654431612026317,0.2542738927161412,1,30.117864017504605,5.4879744913314426,0.42401100914250506,0.029593414155700808,0
4,2019-04-12,3414,40.104677366530296,6.3328253857603158,0.49257771444485793,0.12640360346852567,0,94.636523624171417,9.7281305307942603,0.75667020812773766,0.064924911822687933,0
4,2019-04-15,3415,120.77075063863644,10.989574634108294,0.86101575853866841,0.0069166452859526582,0,107.89117894921232,10.387067870636656,0.81381030835089574,0.11182687604638072,0
4,2019-04-16,3416,125.63127624739283,11.208535865464,0.87861847342353228,0.014234249633673306,0,19.606281059705019,4.4278980407982544,0.3470955585794665,0.028272063371405882,0
4,2019-04-18,3417,0.65222340272586299,0.80760349350771321,0.063615871879299984,0.033663502190758962,0,116.9458925504818,10.814152419421589,0.85184343595286238,0.14569498928886263,0
4,2019-04-23,3418,823.80774416655788,28.702051218798943,2.2570716170958161,0.13529188446148513,0,3.2271048835028089,1.7964144520412901,0.1412664217387874,0.010896546431289355,0
4,2019-04-24,3419,976.68351692563613,31.25193621082758,2.4400324961608044,0.53820043049261657,1,54.075220411145196,7.3535855479585734,0.57414003341338016,0.43623687816830503,1
4,2019-04-25,3420,1332.7185638859783,36.506418119092132,2.8427361874390384,0.025123374364026382,0,59.112024876180172,7.6884344879943001,0.59869447811822929,0.11435958477526419,0
4,2019-04-26,3421,258.80768605469035,16.087500926330677,1.2556588297167246,0.0034114610987020628,0,0.78472593601670493,0.88584758057845647,0.069142021587453681,0.040814668792902999,0
4,2019-05-07,3422,403.50769346533576,20.087500926330677,1.5629863777101367,0.12546214284673085,0,23.871506580644358,4.8858475805784565,0.3801624323512649,0.14367057928304564,0
4,2019-05-08,3423,513.48112591379572,22.660121930691275,1.7619253503375538,0.48591226556170369,1,26.847595946695019,5.1814665826091186,0.40288209179761447,0.36642012631543652,1
4,2019-05-09,3424,533.78661868591917,23.103822598996885,1.7950293371918953,0.33015931341133054,1,38.210529111913253,6.1814665826091186,0.4802631172876326,0.37972750828909091,1
4,2019-05-10,3425,769.72423305444124,27.743904430603152,2.1413942907226886,0.45413514586842835,1,78.551565929701056,8.8629321293633438,0.6840793554618203,0.25744882103739036,1
4,2019-05-13,3426,567.2497461289131,23.817005398011588,1.8343349813625682,0.023637449125705916,0,9.1316950889177786,3.0218694692057397,0.23273794433192693,0.0029311222556189778,0
4,2019-05-14,3427,476.32340216524659,21.824834527786152,1.6799964997141217,0.0026038283252462699,0,14.0621505215545,3.7499534025844241,0.28865779405622544,0.020566748334588117,0
4,2019-05-15,3428,250.01015438004322,15.811709407272929,1.2241007515114135,0.0011238879820294097,0,65.415331372426635,8.0879744913313516,0.62614960837124345,0.061373127141117478,0
4,2019-05-16,3429,90.621014435950514,9.5195070479489914,0.7432469587717826,0.3416589471907947,1,42.790553300584257,6.5414488686058121,0.51073148568127835,0.17654278820537969,0
4,2019-05-17,3430,36.683707341029312,6.0567076321240165,0.47647465933399019,0.093068642187243436,0,242.95668480382787,15.587067870636474,1.2262178240676924,0.076763610611558467,0
4,2019-05-21,3431,139.66630499648082,11.818049965898808,0.92777908352165239,0.011367347699443696,0,40.042293614739535,6.3278980407983454,0.49677328001243093,0.028375350824323908,0
4,2019-05-22,3432,987.86422004661665,31.430307348904762,2.448510680396117,0.32334351221008906,1,50.957246939387097,7.1384344879943455,0.55610442784203995,0.17437767025366824,0
4,2019-05-23,3433,190.64991423392641,13.807603493507713,1.0766162568037203,0.0025480348966656543,0,4.7779296455204934,2.185847580578411,0.17043645852463243,0.0069880408227865065,0
4,2019-05-24,3434,170.73894830801464,13.066711457287738,1.0221944345840366,0.47513850969527732,1,4.0568099686620238,2.0141524194216345,0.15756492368157982,0.52563215103884375,1
4,2019-05-28,3435,273.37934690818042,16.534187216436749,1.2900703949156749,0.061930421512092236,0,1.7844887585374372,1.3358475805785019,0.10422873487914031,0.095107248656077906,0
4,2019-05-29,3436,185.91542389006779,13.635080633794132,1.0644506525464796,0.25000392408793937,1,0.40430214572747669,0.63584758057845647,0.049638750972204729,0.66884714684498459,1
4,2019-05-30,3437,2478.5542537133701,49.785080633793996,3.7799013464273021,0.067915903025009453,0,1353.1985822215399,36.78584758057832,2.7929426452492843,0.27319278221164028,1
4,2019-06-03,3438,2074.4610910274669,45.5462522171415,3.4393998276112141,0.00035804708279174672,0,833.58484664684931,28.871869469205649,2.1802431164210421,0.0026561058611269078,0
4,2019-06-04,3439,1609.6073953477498,40.119912703640694,3.0041117711449417,0.0044305318540815873,0,582.54148284127166,24.135896147466156,1.8072554210008351,0.0020314373475476323,0
4,2019-06-06,3440,1052.3255410289908,32.439567522224934,2.4416353697294095,0.0055860808662760997,0,22.601092775950455,4.7540606617869798,0.35782482777261626,0.00142877277226006,0
4,2019-06-10,3441,581.75621566583766,24.119623041536897,1.8213111108915574,0.34090286595872604,1,0.20617108458247138,0.45406066178702531,0.034286842995320192,0.54712857882935106,1
4,2019-06-11,3442,1044.1264630873145,32.312945750694325,2.4252595602277425,0.46495843424012123,1,72.319047739352811,8.5040606617869798,0.63827527765129133,0.27337750471373828,1
4,2019-06-12,3443,1579.2332268534892,39.739567522225116,2.9747411873811744,0.19708262985460359,0,145.30037843804476,12.054060661787162,0.90231758827660458,0.51214696002747162,1
4,2019-06-13,3444,1932.005835569448,43.954588333522679,3.2528835029433987,0.015243856698940565,0,750.98254075490559,27.404060661787071,2.0280525929167119,0.076452732120169481,0
4,2019-06-14,3445,1281.8555545517545,35.803010411859987,2.6692768517005883,0.00037721115332816973,0,171.50077714393754,13.095830525168594,0.97635357676646495,0.0025236309690748458,0
4,2019-06-17,3446,1353.6946952553162,36.792590222153649,2.7429522661612293,0.21594704243961288,0,172.81286019645322,13.145830525168549,0.98004477020677305,0.42988159354958239,1
4,2019-06-18,3447,1086.8880147402247,32.967984693338849,2.4528837984702094,0.3016957607405355,1,383.87853672142882,19.592818498659881,1.4577447638599668,0.0060916645955299284,0
4,2019-06-19,3448,4210.9670631452973,64.891964549898603,4.704020627031432,0.0036095578438822412,0,3029.7118682764194,55.042818498659926,3.9900557084929269,0.0061321433680587576,0
4,2019-06-20,3449,6480.9226984351408,80.504178142722139,5.7620282820543345,2.2341312483357405e-05,0,4335.0573262643748,65.841152224610823,4.7125328149884282,3.4019082281613618e-05,0
4,2019-06-21,3450,4538.6259088668012,67.369324687626204,4.7925819653998865,1.3864383327584758e-05,0,2381.8340596154449,48.804037329051425,3.471867207017957,4.7208215307991426e-05,0
4,2019-06-24,3451,8031.0839758039492,89.616315343825363,6.2607457973889442,3.5573431381303447e-05,0,5550.8515783286948,74.504037329051471,5.2049767590506821,4.7231067111967116e-05,0
4,2019-06-25,3452,0.8509265112606722,0.92245678015865451,0.065704389768770563,0.0026914830229757217,0,129.99176514351552,11.401393122926493,0.81209395797047557,0.0029207270319363326,0
4,2019-06-26,3453,1389.1013704011398,37.270650254605698,2.6574438684210837,0.14784995069209447,0,359.43104991456323,18.958666881259433,1.3517766047243802,0.22110353301099564,0
4,2019-06-27,3454,3137.312162121681,56.011714507964143,3.9752813703310248,0.31880097299574939,1,1511.1371038665436,38.873346959922856,2.7589316508107067,0.22983957724608214,0
4,2019-06-28,3455,893.7618727578606,29.895850427071991,2.1506258849774831,0.002198114098754817,0,768.95625227724668,27.730060444889887,1.99482486475001,0.011586057412829193,0
4,2019-07-01,3456,3927.9877024194775,62.673660356001847,4.5054929985264263,0.16859519672362111,0,1992.5589944957842,44.638089055153159,3.2089492868806415,0.14549566311396825,0
4,2019-07-02,3457,9402.7289225801596,96.967669470706369,6.8601110343619638,0.0087234758314025922,0,4500.8116930721671,67.088089055153205,4.7462390559004746,0.0031924326402704949,0
4,2019-07-03,3458,2532.0344370187527,50.319324687626249,3.6236146392270365,1.3751997370943642e-05,0,1008.3188866947943,31.754037329051471,2.2866839973392481,0.00010454145072291342,0
4,2019-07-05,3459,5826.4373040095079,76.331103123232197,5.4518322350712234,0.3699936234687245,1,1866.5888415300572,43.204037329051289,3.0857822533427108,0.1390370923762578,0
4,2019-07-08,3460,3854.6585436318464,62.085896495354291,4.4616360529879842,0.13302371113272357,0,1200.9023032032833,34.654037329051334,2.490319236035452,0.00021564548546415158,0
4,2019-07-09,3461,8543.2168879670844,92.429523897762692,6.5631984589762622,0.30313269617904309,1,2642.3750537265032,51.404037329051334,3.6500772086239675,0.15844991240627038,0
4,2019-07-10,3462,5688.0745363375763,75.419324687626158,5.3347002431565809,0.1632832345694922,0,3232.3815606131679,56.85403732905138,4.0215057350345802,0.0013708385574042591,0
4,2019-07-11,3463,3944.9483127947542,62.808823526593414,4.4621215918295976,0.0099391263723052521,0,2570.8994014658265,50.704037329051289,3.6021623564259233,0.009412036296431647,0
4,2019-07-12,3464,5.816530110142172,2.4117483513298339,0.17106418068091173,0.48266398653562814,1,136.72350668369592,11.692882736250112,0.82937069448878342,0.64961030538525311,1
4,2019-07-16,3465,30.574608004609303,5.5294310742253856,0.39206091212999511,0.13811608762594096,0,212.70775820589495,14.584504043878042,1.0341052961235184,0.044571599219395373,0
4,2019-07-17,3466,213.41048917351827,14.608575877665771,1.0306237170740253,0.048550993654770065,0,372.21532427470288,19.292882736250249,1.3610979389925746,0.0049858961758297857,0
4,2019-07-18,3467,1362.6662840296542,36.914310016979243,2.5640279236632106,0.0015586535699225643,0,1357.8143505515613,36.848532542715475,2.5594590916660049,0.0025053501280865595,0
4,2019-07-19,3468,719.80001495553574,26.829088969913528,1.8791167200079517,0.0024654425365840398,0,817.16160617726189,28.586038658360167,2.0021739561099752,0.00068815434623674366,0
4,2019-07-22,3469,1039.1718247559884,32.236188123845977,2.2613158516955547,0.2038692335628399,0,312.4820363097345,17.677161432473667,1.2400239509293725,0.48929131168230883,1
4,2019-07-23,3470,732.24149108611812,27.059961032605315,1.8963496291114137,0.13742776625738776,0,363.93808832066424,19.077161432473758,1.3369187030010692,0.4246194592697739,1
4,2019-07-24,3471,50.826235502177681,7.1292520997772044,0.50344270177086392,0.35791830237931577,1,217.6738549444116,14.753774260995442,1.0418596328645888,0.066981793073668486,0
4,2019-07-25,3472,723.95658202362017,26.906441273858945,1.8942862062699906,0.20309443123047566,0,450.96933789937134,21.236038658360258,1.4950745324106067,0.081116096206165222,0
4,2019-07-26,3473,653.13169058419408,25.556441273858809,1.80095424924131,0.0050248176971521815,0,395.45453352179322,19.886038658360121,1.4013627890743892,0.022500279619064742,0
4,2019-07-29,3474,632.31012652929576,25.145777508943638,1.76350217469273,0.68834878936145416,1,531.23485237261639,23.04853254271552,1.6164199833589676,0.7033253832673908,1
4,2019-07-30,3475,1241.6309151693445,35.236783553118812,2.4683397116121197,0.24243183555622566,0,805.76719071391528,28.386038658360121,1.9884444438625704,0.00058534793591123616,0
4,2019-07-31,3476,341.87635732660914,18.489898791681071,1.3143232010009291,0.23643814760691687,0,1642.192028919206,40.523968573169213,2.8805778058835099,0.017040996998137964,0
4,2019-08-01,3477,3397.2202259857936,58.285677708900266,4.0427034998370219,0.19593155405010979,0,1675.1638759342156,40.928765873578641,2.8388254464073963,0.21218446116949827,0
4,2019-08-02,3478,5469.8345448044765,73.958329786471495,5.0474888098598525,0.00077778992170696084,0,4437.0293537564912,66.611030270943047,4.5460522280118099,0.00046709160851079312,0
4,2019-08-05,3479,3763.4654536447383,61.347090017740356,4.1868002059539569,0.0019464384960009679,0,2460.64880683205,49.604927243491147,3.3854241421935605,0.0036147326722221025,0
4,2019-08-06,3480,6147.1218061557884,78.403582865553972,5.2059083606489809,0.40791310720827084,1,3932.035951585377,62.705948295081043,4.1636033528157128,0.24321254232656525,0
4,2019-08-07,3481,776.83394585179872,27.87174099068443,1.8633956871592465,0.025240341552468064,0,251.23135975842462,15.850279485183364,1.0596877476305107,0.02277402920238112,0
4,2019-08-08,3482,1176.8722808695047,34.305572154819174,2.2905503208131917,0.89366771311699078,1,1846.674372884554,42.97294931563988,2.8692628240395193,0.64673388836015577,1
4,2019-08-09,3483,2122.1517810859532,46.066818656012629,3.0744006043788459,0.0075129349191371975,0,1907.3265019264538,43.672949315639926,2.9146389025387029,0.061106526882897937,0
4,2019-08-13,3484,4952.1950517453797,70.371834221834661,4.6503772821301608,0.097610861019887252,0,3424.9355966009489,58.522949315639835,3.8673682019256459,0.046765126509859881,0
4,2019-08-14,3485,4634.6267202318595,68.07809280695119,4.4928620892229789,0.1862470171795701,0,3663.0273938635082,60.522949315639835,3.9942550282553926,0.011371950968231417,0
4,2019-08-16,3486,3685.2569657956496,60.706317346678588,4.0562820624534677,0.0022491423855270642,0,1753.3438843901349,41.872949315639744,2.7978717971161129,0.55521375701762932,1
4,2019-08-19,3487,1537.6793053485803,39.213254205033536,2.6063111365546865,0.51205592140054068,1,561.77650351642933,23.70182489844251,1.5753431191015594,0.35743458727005978,1
4,2019-08-20,3488,275.86798717343066,16.609274131443271,1.1048910115711472,0.015966398912941999,0,28.261752953105727,5.3161784162221011,0.35364566214682197,0.030172563569547169,0
4,2019-08-21,3489,437.86369538028799,20.925192839739566,1.3931089404307158,0.18881225399082105,0,81.227670808330117,9.0126395028498791,0.60002260263306006,0.022463075964870363,0
4,2019-08-22,3490,132.30099989166459,11.502217172861265,0.76487679032193545,0.77977584882933593,1,129.98375691974016,11.401041922549894,0.75814881783148647,0.87914605737663898,1
4,2019-08-23,3491,1652.6027610694837,40.652217172861356,2.6518945283839237,0.0061153596624166015,0,315.02551283508461,17.748958077450197,1.1578302017319675,0.0022450286073169737,0
4,2019-08-27,3492,2608.1765902433353,51.07031026186678,3.3224025151655194,7.1833761832481351e-05,0,481.75676068566827,21.948958077450243,1.4278995594086616,7.7018653337571733e-05,0
4,2019-08-28,3493,2510.7492229844565,50.107376931789759,3.2533032678736369,0.022429615984693851,0,256.87060907116603,16.027183441614625,1.0405910558118832,0.0075646858752383746,0
4,2019-08-29,3494,1273.8817279217269,35.691479766489465,2.3352185139027393,0.054350411853198201,0,281.934609176148,16.790908527418878,1.0985938581142944,0.034548312580923835,0
4,2019-08-30,3495,2727.372182625561,52.22424899053658,3.3959260649957135,0.11234498161249062,0,53.888938007933874,7.3409085274190602,0.47734880043041006,0.25599310962028465,1
4,2019-09-03,3496,3136.8262707795602,56.007376931789622,3.6224938187562015,0.011002416396644937,0,0.82644730551938161,0.90909147258093981,0.058799008639864161,0.033295266700759635,0
4,2019-09-04,3497,1200.6143200912961,34.649881963598318,2.2660311270419413,0.041594246011547181,0,3.2342917934997422,1.7984136880872938,0.11761256216645699,0.39570144912769706,1
4,2019-09-05,3498,1129.4557842353945,33.607376931789759,2.2056426417135762,0.53277402791520023,1,51.817159624840549,7.1984136880871574,0.47242985417648864,0.17282357734883408,0
4,2019-09-06,3499,555.74521546782137,23.574248990536717,1.5620361112202965,0.65528271451988174,1,470.82115657936811,21.698413688087157,1.4377427569631034,0.59380962779455015,1
4,2019-09-09,3500,86.196117934898027,9.2841864444278599,0.62282805785582529,0.083583016271349439,0,602.75365948279568,24.551041922549757,1.6470024434005137,0.10775351636157168,0
4,2019-09-11,3501,351.66028747279955,18.752607484635291,1.2376324897462572,0.14309233709463975,0,1.0856025997871948e-06,0.0010419225498026208,6.8764687816962831e-05,0.19252937642767634,0
4,2019-09-12,3502,212.11521983289038,14.564175906411265,0.96958763773458934,0.010098893063580451,0,171.637299456411,13.101041922549939,0.87218174040010255,0.0049374676788682811,0
4,2019-09-17,3503,49.739272332333087,7.0526074846352458,0.46907931390989333,0.41035510899999694,1,136.91438207326905,11.701041922549848,0.7782535365846257,0.276818062383416,1
4,2019-09-18,3504,18.084670418376099,4.2526074846352913,0.28337492401114756,0.0027855691939525254,0,210.28021683954688,14.501041922549803,0.96628519507894994,0.032916130973226716,0
4,2019-09-19,3505,29.730928381501293,5.4526074846353367,0.36304730572177485,0.50042679721300076,1,176.91771622542615,13.301041922549757,0.88561434999332544,0.57641452694129314,1
4,2019-09-20,3506,585.76620905532639,24.202607484635337,1.5915961914073149,0.011653362176602532,0,29.691144129810247,5.4489580774502429,0.3583308504554133,0.014563608675348333,0
4,2019-09-24,3507,1304.3263758590294,36.115458959551233,2.362417593429353,0.15400872048999928,0,183.57426498450172,13.548958077450152,0.88627689795258568,0.062609965915192967,0
4,2019-09-25,3508,592.06218800590511,24.332328043282359,1.6152634123262319,0.041509374794904227,0,77.458338922478319,8.8010419225497571,0.58424335651551751,0.00088666899183694511,0
4,2019-09-26,3509,8.8053709363142616,2.9673845278821318,0.19916669091094244,0.00057061816932797564,0,640.14272236662032,25.301041922549757,1.6981704760419998,0.0077221941600815452,0
4,2019-09-27,3510,124.26435989161115,11.1473925153648,0.75051454355112102,0.024094023284808655,0,541.31505809548128,23.266178416222147,1.5664295708760618,0.16836035244260067,0
4,2019-09-30,3511,1324.5067869028751,36.393774012911535,2.414581125421233,0.0019806581867657441,0,697.0563579680213,26.401824898442555,1.751655325821367,0.053575817635748257,0
4,2019-10-09,3512,46.646046540597631,6.8297911051947722,0.45690333858675219,0.047598497532110359,0,22.279124942726227,4.7200767941556023,0.31576644328041226,0.043666651925539236,0
4,2019-10-10,3513,159.27954855641624,12.620600166252643,0.85323328710763902,0.34130517017893447,1,46.784931193627521,6.8399511104705653,0.46242444041987391,0.58072867141506268,1
4,2019-10-11,3514,432.49020233460703,20.796398782832739,1.3977953207980065,0.41001410681151268,1,40.927260469993492,6.3974417129031735,0.42999339379642249,0.39816140440720615,1
4,2019-10-15,3515,295.88474087978955,17.20130055780055,1.1582587406774325,0.052005172567637759,0,18.078014967015275,4.2518248984424645,0.28629889559238197,0.010581828395284334,0
4,2019-10-16,3516,542.82172409730924,23.298534805805048,1.5608839852480521,0.0470048692413879,0,126.50494508515735,11.24744171290331,0.75352170387587902,0.57296145552372624,1
4,2019-10-17,3517,45.896407779847003,6.7746887588912159,0.45467709791216215,0.12199671053521631,0,0.0063877188324386932,0.079923205844352196,0.0053639735466008186,0.083589081081054631,0
4,2019-10-18,3518,258.68019259596355,16.083537937778601,1.0762178686325137,0.059266679394757271,0,3.3516056200529074,1.8307390912013943,0.1225025321155873,0.11005172913265636,0
4,2019-10-23,3519,231.83142293639793,15.226011392889404,1.0174074633583512,0.17969957645021759,0,15.450709803098048,3.9307390912013034,0.26265337551042756,0.018042268695680957,0
4,2019-10-24,3520,1621.286975313149,40.265208000371103,2.6604914599339988,0.52015772875350796,1,433.91969108570589,20.830739091201394,1.3763744485249856,0.39233258582944397,1
4,2019-10-25,3521,20.83170170466509,4.5641759064112648,0.30588941132707359,0.10379969267089868,0,271.13503163486155,16.466178416222192,1.1035572961746662,0.0045346835862390801,0
4,2019-10-30,3522,1426.2109353112935,37.765208000371103,2.499434660337609,0.038126362012536295,0,336.01599562969892,18.330739091201394,1.2131929641087658,0.054295118495684233,0
4,2019-10-31,3523,452.16517697880329,21.26417590641131,1.4093435781025523,0.0024807012665840739,0,0.05467253304038374,0.23382158377785345,0.015497188744555503,0.0062668144210881044,0
4,2019-11-01,3524,11.207649857684414,3.3477828271386443,0.22484185682115884,0.017938114982633046,0,384.79445565705601,19.616178416222056,1.3174504460339203,0.16981382705780929,0
4,2019-11-05,3525,544.42751797212748,23.332970620393098,1.5701336173340803,0.0045566566915868616,0,27.058982274056429,5.2018248984425099,0.35004373328235999,0.10465948387280395,0
4,2019-11-06,3526,267.36502993153158,16.351300557800641,1.101654071605231,0.039906019868656509,0,11.572412639663703,3.4018248984425554,0.22919487272646488,0.20665959213807061,0
4,2019-11-07,3527,14.052747507945101,3.7486994421992677,0.2560324722329862,0.40350449391577353,1,278.82905172226992,16.698175101557354,1.140468879661056,0.24368976813883095,0
4,2019-11-08,3528,84.616071427917959,9.1986994421993131,0.63060940852809433,0.19042083098688231,0,490.54166032924712,22.148175101557399,1.5183502503295674,0.018919190359222113,0
4,2019-11-11,3529,5.1743797225545318,2.2747262961847809,0.15549431240582273,0.72655421969087408,1,211.87838628775432,14.556042947441256,0.99501284759322273,0.49197504821592081,1
4,2019-11-13,3530,4.343996533775857,2.084225643680611,0.1421079087499138,0.02439125688316237,0,308.66687562968428,17.568917884425446,1.1978943772832948,0.011845186487266124,0
4,2019-11-14,3531,5.4486093556161626,2.334225643680611,0.15912643286390421,0.082113964126863087,0,299.94491668747156,17.318917884425446,1.1806474800208224,0.031323237109286063,0
4,2019-11-15,3532,0.12978186207468093,0.36025249766612433,0.024546213175220544,0.082883251950093981,0,274.52903986083339,16.568917884425446,1.1289420423415286,0.069753729457358457,0
4,2019-11-18,3533,98.336219831476271,9.9164620622213988,0.67530130833337176,0.081302651900223774,0,307.64988495769921,17.539951110470611,1.1944534107712628,0.017150200398049355,0
4,2019-11-19,3534,14.449885930735814,3.8013005578006869,0.25829316829521548,0.56802349233609439,1,33.132030412788744,5.7560429474413013,0.39111523730660469,0.21050159259919043,0
4,2019-11-20,3535,0.72029074318957964,0.84869944219940407,0.057850750976408717,0.73840833662684913,1,126.76141956818076,11.258837398602964,0.76744742160137447,0.20166178472346763,0
4,2019-11-21,3536,11.893527842625854,3.4486994421993131,0.23549451618008899,0.0072889479884519406,0,192.06737404091365,13.858837398602873,0.94635101223004348,0.045994014355958464,0
4,2019-11-22,3537,90.225291093236677,9.4986994421992677,0.65130961616835348,0.022658459002465377,0,363.13277281472563,19.056042947441256,1.3066403556939972,0.033039924116545515,0
4,2019-11-25,3538,4.7175183289909599,2.17198488231179,0.14931322877061767,0.040590770599663192,0,316.76282664764017,17.797832077184012,1.2235130153084255,0.013076518458084135,0
4,2019-11-26,3539,1.4418665763916538,1.2007774882931699,0.082564546931149299,0.018295077191523897,0,327.53152589395717,18.097832077184194,1.2443931706387179,0.012047482030727065,0
4,2019-11-27,3540,48.262010681962167,6.9470864887348398,0.47577896029413691,0.030108114857618995,0,263.87882299897836,16.244347416839446,1.112512236197613,0.065912030798909407,0
4,2019-11-29,3541,31.351292735606581,5.599222511707012,0.38320655043678004,0.14535794600523763,0,127.641009644248,11.297832077184012,0.77321507560373748,0.090375483076012342,0
4,2019-12-02,3542,473.02867986373712,21.749222511706876,1.4722278827392457,0.073794782052508348,0,12.799593408002016,3.5776519405892486,0.24217504505444046,0.016523508286757017,0
4,2019-12-03,3543,11.30790711275761,3.3627231692123587,0.22796577650412575,0.0012111146747973507,0,751.46837921643839,27.41292358024657,1.8583773018945544,0.0029205848790140885,0
4,2019-12-04,3544,5.8392888981552957,2.4164620622213988,0.16372248803966249,0.052889372079554305,0,199.65472980305745,14.129923205844307,0.95734430067714404,0.16905371078904297,0
4,2019-12-05,3545,350.30595212657119,18.716462062221353,1.2822568466564828,0.49780721036773645,1,1086.9721648724328,32.96926090879856,2.2587100269789713,0.484602468563605,1
4,2019-12-06,3546,38.423874774722073,6.1986994421993131,0.424074669371233,0.0068919118767322074,0,275.85347973322945,16.608837398602873,1.1362685502225403,0.036923327661765842,0
4,2019-12-09,3547,44.558954094177857,6.6752493656924798,0.45566397253779856,0.35789718191431491,1,56.217485857650196,7.4978320771840572,0.5118148794965055,0.17089891027431428,0
4,2019-12-10,3548,99.560785688811734,9.9780151176880736,0.68025737099046046,0.19334785177206135,0,31.898007172070209,5.6478320771841481,0.38504445576657681,0.24639354342649783,0
4,2019-12-11,3549,120.51681592418788,10.978015117688074,0.74792309018177372,0.05832156522240927,0,21.602343017701912,4.6478320771841481,0.31665295525167925,0.34469516362116209,1
4,2019-12-12,3550,138.44962946169866,11.766462062221535,0.80229524493532911,0.1647396313047429,0,511.98695568099646,22.627128754682872,1.5428289073150738,0.23336408553244337,0
4,2019-12-13,3551,73.077447326060337,8.5485348058050477,0.57842444047669306,0.22841706659277503,0,0.1671480184963271,0.40883739860282731,0.027663400676827071,0.11720237440558587,0
4,2019-12-16,3552,6.5867275168221822,2.5664620622214898,0.17390310761766431,0.0030264905304718246,0,203.91620676481335,14.279923205844398,0.96760558380840211,0.046017796111324324,0
4,2019-12-17,3553,239.92268116366009,15.489437729099791,1.0508081631627009,0.10802464806831576,0,1022.5183420017042,31.976840713267848,2.1693185925353853,0.091584152259016505,0
4,2019-12-18,3554,164.85116119942887,12.8394377290997,0.86946825550888474,0.23706498120176084,0,1003.2377720677308,31.673928901665022,2.1449129072706046,0.13546737690675645,0
4,2019-12-19,3555,111.0797476455712,10.539437729099745,0.71260566119673741,0.15130237250246889,0,862.82769912007439,29.373928901665067,1.9860668628576785,0.018802967365179349,0
4,2019-12-20,3556,55.345233725154131,7.4394377290998364,0.5019524815531905,0.001078285129913777,0,700.45859995930539,26.466178416222192,1.7857215043669248,0.0025366030947570465,0
4,2019-12-23,3557,164.45018408581333,12.823813164804506,0.86016790185494896,0.0033397455713078711,0,313.86297767541703,17.716178416222192,1.1883273579650664,0.095872825962186617,0
4,2019-12-24,3558,574.28172687342658,23.964175906411356,1.5854565601330701,0.00010526508505659041,0,13.697711312471476,3.7010419225498481,0.244858876781333,0.0001168458586387764,0
4,2019-12-27,3559,1068.1345663287145,32.682328043282268,2.1576054162919469,1.3864383327584758e-05,0,0.20343881589746315,0.4510419225498481,0.029776657702581161,2.8877854269512441e-05,0
4,2019-12-30,3560,7572.5343980715252,87.020310261866598,5.5317723133854555,0.00060776771505960056,0,3352.2893464543195,57.898958077450061,3.6805643682823761,0.00032367931390183134,0
4,2020-01-06,3561,4978.0063176323556,70.554987900447941,4.5001108460916504,7.6821128762662312e-06,0,513.4344263627903,22.65909147258094,1.4452333751686028,2.8877854269512441e-05,0
4,2020-01-07,3562,5123.2464211090928,71.576856742309474,4.5533799893323241,0.90838476783484201,1,716.0489764379613,26.759091472581076,1.702286425941097,0.86681740349257752,1
4,2020-01-08,3563,1689.1010834829194,41.098674960184781,2.6502450401537825,0.0011481666459192987,0,1.1377295223805424,1.0666440467093707,0.068782463112001979,0.00031703985297896087,0
4,2020-01-09,3564,1535.6683733087636,39.187604842714791,2.5362503943249495,0.33085658483627378,1,27.218930006359198,5.2171764400256961,0.3376594679972621,0.3850749141462389,1
4,2020-01-14,3565,2673.4057737854773,51.704987900448032,3.3379591930566841,0.4525839333055599,1,14.509177846489525,3.8090914725810308,0.24590648628670309,0.45436425307644768,1
4,2020-01-15,3566,3763.4884740351004,61.347277641596293,3.9463045666975201,0.0036326383041090176,0,451.39396164864871,21.246034021639161,1.3666999467137861,0.021640305821947092,0
4,2020-01-16,3567,2771.3735563783953,52.643836831849512,3.3798046245409297,5.4416691138229542e-05,0,53.039519005716791,7.2828235599743039,0.46756699794390755,5.4593860759909371e-05,0
4,2020-01-17,3568,2060.0346733584311,45.387604842714836,2.9257786915951036,2.2341312483357405e-05,0,3.6972384171652153,1.9228204328967422,0.12394897395066991,4.7741666889071705e-05,0
4,2020-01-21,3569,2698.1621848138248,51.943836831849694,3.3363630825261539,0.90328355054511189,1,13.521649568722706,3.6771795671033942,0.23618598285717732,0.25677878596493403,1
4,2020-01-22,3570,3357.4882267960211,57.943836831849694,3.7074564483875929,0.00021060053111039822,0,158.32744874144899,12.582823559974486,0.80509460361984031,6.5417233595845725e-05,0
4,2020-01-23,3571,4738.6158404817634,68.837604842714882,4.3713354400834978,0.0001280834783625199,0,463.41946011430997,21.527179567103303,1.3670220395048929,0.00018499230410122161,0
4,2020-02-03,3572,1345.8801864153411,36.686239742106864,2.3541720243916235,8.314842724806883e-05,0,32.774811095267431,5.7249289161759407,0.36737118851194794,1.040494087249519e-05,0
4,2020-02-04,3573,1000.8516650200646,31.636239742106909,2.036711500811621,0.017568497806178595,0,116.09909314864345,10.774928916175895,0.69367983751856666,0.077408430985923149,0
4,2020-02-05,3574,1733.5764598622029,41.636239742106909,2.6633557053736912,0.063239331124525761,0,0.60051482512554766,0.77492891617589521,0.049570070759028667,0.39942416928487906,1
4,2020-02-06,3575,3393.1112314888205,58.250418294539486,3.7039658089555521,0.00032477307784196051,0,73.53184409263865,8.5750710838242412,0.54526252400879027,0.00018827880951087026,0
4,2020-02-07,3576,2801.1762804786117,52.926139859984232,3.3642346720051002,0.0010019207492651921,0,83.266922284844483,9.1250710838241957,0.58003248689449494,0.00061843734677801158,0
4,2020-02-10,3577,1720.8933431936871,41.483651517118005,2.6529162574098613,0.00048055744186542072,0,3.5133623249088983,1.8743965228597972,0.11986931782693594,0.00038545639169408277,0
4,2020-02-12,3578,3000.4254979605435,54.776139859984141,3.477739745403901,0.54803689189786908,1,89.787061255989784,9.4756034771401119,0.60160651897654749,0.64888881487519079,1
4,2020-02-13,3579,3736.4049741823587,61.126139859984278,3.8653180637399949,0.00034989936666985684,0,45.238672228989316,6.7259699842468308,0.42531743924666948,0.00039841200750644035,0
4,2020-02-14,3580,4574.3108175389398,67.633651517117869,4.2540901039165879,0.0013291068870826114,0,32.851099796550145,5.7315878948638783,0.36051123658608542,0.002194996800245738,0
4,2020-02-18,3581,9004.3334595006163,94.891166393403637,5.8610973683387053,0.00054429099091831724,0,548.42202552599031,23.418412105136213,1.4464738792548619,8.3341320210003899e-05,0
4,2020-02-20,3582,17784.977768286397,133.3603305645513,8.080975008456118,2.2341312483357405e-05,0,2896.3392649766865,53.817648266871402,3.2610827284052233,4.7803618005765313e-05,0
4,2020-02-25,3583,6520.2929473535896,80.748330926116296,4.9390379182895767,0.00025728979122614917,0,122.03699800570132,11.047035711253102,0.67570100380776199,0.0002497411762971514,0
4,2020-02-26,3584,8743.7444210355061,93.507991214844878,5.6602900251116761,0.38886406201893875,1,792.25561933055235,28.147035711253011,1.7038157210201581,0.17166283886916717,0
4,2020-02-27,3585,510.90047087767448,22.603107549133028,1.4040505357103474,0.003484230411447695,0,2043.467406512812,45.204727700903277,2.8080086778832363,0.016502990108351743,0
4,2020-02-28,3586,2070.0981170623904,45.498330926116296,2.8442678664780603,0.12811326381912458,0,585.78348036235764,24.202964288746898,1.5130162403492575,0.11049974402098288,0
4,2020-03-02,3587,4804.4949377836692,69.314464131115301,4.2905889279551408,0.089707400619759875,0,0.69611583321815906,0.83433556391787533,0.051645655457621502,0.47495692187824984,1
4,2020-03-03,3588,14518.827468076108,120.49409723333383,7.3389223883627519,0.04845309766796118,0,1334.8217521241352,36.535212495948826,2.2252466727136357,0.14949969616208211,0
4,2020-03-04,3589,11119.350495103696,105.44833092611611,6.353840137751031,0.0015778146287398853,0,1277.8505621415916,35.74703571125292,2.1539549114999352,0.0033178298034279778,0
4,2020-03-05,3590,8045.5213843827505,89.696830403212971,5.3275223712299447,0.0067356086087858149,0,817.6895978594988,28.595272299096905,1.6984095446854692,0.0058083880598534237,0
4,2020-03-06,3591,4151.1440583490203,64.429372636624521,3.8522793803661894,0.0013263463039974554,0,106.20661647249067,10.305659438992279,0.61618292609819314,0.00084174571372551031,0
4,2020-03-09,3592,3394.5777407183218,58.263004906358219,3.5230841969075262,0.07268963941573274,0,178.66467802832278,13.366550715436006,0.80825703494699952,0.017720087739801941,0
4,2020-03-11,3593,90.572589434923145,9.5169632464837832,0.60590585385393669,0.031130874140305399,0,7115.7200854935154,84.35472770090314,5.3705180939010084,0.016464625845496246,0
4,2020-03-12,3594,2103.1699194899184,45.860330564551305,2.9344977325666308,0.11181139184647867,0,1074.6325049086829,32.781587894863833,2.0976188824458557,0.062618788559009,0
4,2020-03-13,3595,402.53346520703332,20.063236658302003,1.3486076936413258,0.55025238613032423,1,6064.4216337995977,77.874396522859797,5.234549742747852,0.4883694119390512,1
4,2020-03-16,3596,1321.3869677553628,36.35088675335669,2.3662860795050573,0.35227891451814014,1,5.1316357286261596,2.2653113977169141,0.14746201000630871,0.73316265094796018,1
4,2020-03-17,3597,146.85577158442015,12.11840631372047,0.80886439151785283,0.0026048205449963704,0,289.03542645229589,17.001041922549803,1.1347645122513552,0.013560635464842883,0
4,2020-03-18,3598,833.06986035892544,28.862949612936745,1.9578056376419701,0.88687049728646472,1,2427.5476603446991,49.270149790158939,3.3420484850031498,0.62474610183803991,1
4,2020-03-19,3599,1566.6310728982387,39.580690657165633,2.5947745284624117,0.56485770661571466,1,1038.538014958388,32.226355905661876,2.1126495283638307,0.55223126268879408,1
4,2020-03-23,3600,10534.364112156562,102.63705038706325,6.3918449563794653,0.030692779709174868,0,6761.7482655328977,82.229850209841061,5.1209621802796859,0.010892846489843486,0
4,2020-03-24,3601,15761.064859224214,125.54307969467777,7.6794152003106051,0.002406063786800897,0,8029.7892745413865,89.609091472580985,5.4813488789198059,0.0049581747781984034,0
4,2020-03-26,3602,8088.9885282702853,89.938804352016405,5.5610464571827372,0.67323239475848196,1,949.75193448224468,30.818045598029812,1.90552436765163,0.15154832254763773,0
4,2020-03-27,3603,8575.4559072049142,92.603757522062324,5.7222861967535268,0.00029965257730588026,0,192.82033875434121,13.885976334213638,0.85805946574884995,0.012391206057418192,0
4,2020-03-30,3604,1709.8941989068869,41.350866966810827,2.5700529517269541,0.74953441635382556,1,222.09834459166669,14.902964288746944,0.92625403454097044,0.22832231698794248,0
4,2020-03-31,3605,3062.8508526254786,55.343028943359059,3.4308492308820946,0.00010080588888323024,0,14.964383624190591,3.8683825591829191,0.23981046179300225,0.014334393766878673,0
4,2020-04-03,3606,9016.2123351929804,94.953737868464032,5.7573889870222246,0.9253869268980347,1,1930.3028970641858,43.935212495948917,2.6639510381051337,0.41461491601987882,1
4,2020-04-07,3607,6617.2844607684092,81.346692992207181,4.9366848520577244,0.043242691613199345,0,990.08803840412054,31.465664436082079,1.9095560405438816,0.0041308944607578403,0
4,2020-04-08,3608,9853.6864846328608,99.265736710271085,5.9063895939232491,0.0035711839855429675,0,2230.2846370168768,47.225889478302861,2.8099776561629644,0.040933982387509664,0
4,2020-04-09,3609,16693.46185750344,129.20318052394623,7.5177133519882604,0.60801148866337729,1,4044.3586587962823,63.595272299096905,3.7003038605357053,0.0051112543121514852,0
4,2020-04-15,3610,13633.982363501951,116.76464517781892,6.7513527133749012,0.13397799527288029,0,3645.1188644311665,60.374819787980869,3.4908829018780492,0.43387147044976832,1
4,2020-04-16,3611,0.14646860300123571,0.38271216730231572,0.0226115723200092,0.0030826002574127886,0,404.37333205462107,20.109036079698626,1.188091109846009,0.356692477878224,1
4,2020-04-17,3612,10.701404395582482,3.271300107844354,0.19400427635181794,0.063351743882309366,0,4868.2618233935409,69.772930448659963,4.1378798747870924,0.38766224739131422,1
4,2020-04-20,3613,2365.0461516925925,48.631740167226098,2.8912184636144049,0.0071656404124796269,0,1730.451243177351,41.598692806112922,2.4730949024174622,0.049640914403841635,0
4,2020-04-21,3614,9073.5649936402369,95.255262288443873,5.5686920749726037,0.0027386852671460824,0,1716.0156944666876,41.424819787980823,2.4217251637181505,0.027896878585964173,0
4,2020-04-22,3615,2686.6863329968869,51.833255087799444,2.9853566645240859,0.0029910677612905771,0,6911.4100549913983,83.134890719789837,4.7881866505278525,0.035487012935397341,0
4,2020-04-23,3616,143.34363573961031,11.972620253712648,0.69774580416764653,0.21628210198614645,0,1259.1961442653944,35.485153857146997,2.0680199229061715,0.010292331818103399,0
4,2020-04-24,3617,5.7391055147147734,2.3956430273967726,0.13969171272613037,0.21232317863618944,0,259.55132718979928,16.11059673599334,0.93942078404579377,0.14660334797483135,0
4,2020-04-27,3618,424.39349658713172,20.600813007916258,1.2178660404904531,0.2145226423790664,0,819.65339691198187,28.629589534465595,1.692506253700192,0.34755336970100631,1
4,2020-04-28,3619,12.450093067062728,3.5284689409236307,0.2072217848141906,0.0036901113221069703,0,79048.428444386504,281.15552358861191,16.511849865723793,0.32119105380237833,1
4,2020-04-30,3620,34.427867115340241,5.8675264903824882,0.34459119015607037,0.070349697553849691,0,6056.6266264477617,77.824331840676678,4.5705084035047232,0.15911922395104516,0
4,2020-05-11,3621,93.199111069168552,9.653968669369533,0.56707992653721406,0.28331937410682639,1,126.5402059185502,11.249009108297059,0.66077356134263743,0.50254660424406927,1
4,2020-05-12,3622,343.53208150741034,18.534618461339051,1.0849109377978841,0.69474127672437014,1,277807.02126812545,527.0740187754709,30.851909317224941,0.27541182059654917,1
4,2020-05-13,3623,765.83772664283754,27.67377326355836,1.5981620041324993,0.0075629632306708789,0,968028.88252630946,983.88458801137313,56.81939177704858,0.0073933397576285385,0
4,2020-05-14,3624,1305.2662680152769,36.12846894092354,2.0819125214465979,0.00015828766186721868,0,33031.931473013028,181.74688848234246,10.473212232825798,0.00047250524102704469,0
4,2020-05-15,3625,191.56309677782878,13.840632094591228,0.79786891650378899,0.021382345376464482,0,453.37624067422286,21.292633483771397,1.2274533627584825,0.061433051961222084,0
4,2020-05-18,3626,366.45416334422396,19.142992538895896,1.1014696935410049,0.57950092888947535,1,254.3444543815055,15.948180284330419,0.91764321668232218,0.7195187156330326,1
4,2020-05-19,3627,539.38096927931883,23.224576837465065,1.328409131010986,0.43229673322299816,1,665.9308637244028,25.805636278231987,1.4760416563651542,0.074184545500938323,0
4,2020-05-20,3628,0.1663333213330894,0.40783982313291745,0.023644258979240388,0.15253157700785594,0,114.20692187775475,10.686763863665874,0.61955845925363051,0.0036304821609810774,0
4,2020-05-21,3629,304.71903271144043,17.456203273090068,1.006962780023078,0.11822705854101315,0,1.3435285248291344,1.1591067788729106,0.066863187036596036,0.0047593671589680215,0
4,2020-05-22,3630,27.280533102319794,5.2230769764880733,0.30362313480529418,0.69230862437556184,1,3.0688723162088092,1.751819715669626,0.10183518184389628,0.052102122492044885,0
4,2020-05-26,3631,49.664651734927183,7.0473152146705615,0.41586894929013113,0.034255179467844087,0,1378.7836796453826,37.131976511429912,2.1911941762911549,0.25120352262438334,1
4,2020-05-27,3632,3669.39907401547,60.575564991302144,3.5272696300289486,0.00036537191176538967,0,399.77543148483471,19.994384998914938,1.1642580137371497,0.019688515385700756,0
4,2020-05-28,3633,2267.2117168363866,47.615246684611293,2.7543961754272743,0.02563183392778056,0,3584.299781329114,59.869021883851701,3.4632395374473131,0.018767042745532689,0
4,2020-05-29,3634,1613.3625813889919,40.16668496887678,2.3209687373672008,0.031731313701066431,0,664644.40801656339,815.25726492719059,47.108359235362919,0.045214208964984307,0
4,2020-06-01,3635,1689.9951455438604,41.109550539307293,2.3597021231987654,0.43451031014845021,1,132.33427644540737,11.503663609711793,0.66031418705116052,0.039984164402902755,0
4,2020-06-02,3636,209.90994303921423,14.488269152635667,0.85222606115324062,0.015673218089034328,0,2811.9034866165339,53.02738430864315,3.1191661603272345,0.030275587356183981,0
4,2020-06-04,3637,1349.3485331328031,36.733479730796034,2.1820356845047986,0.0037785763509067,0,13590.657052634957,116.57897345848846,6.9250036210453807,0.0057401728205650499,0
4,2020-06-05,3638,7843.0466979133926,88.560977286349953,5.2392094706037184,0.13630423700472299,0,792.74115844450989,28.155659438992188,1.6656703900962637,0.0085065564128257651,0
4,2020-06-08,3639,12935.809142600157,113.73569862888326,6.6376246646561565,0.12580125915111517,0,3415.8498541155732,58.445272299096814,3.4108708665945029,0.066280718805778696,0
4,2020-06-09,3640,4183.4003927596787,64.679211442005681,3.7559427102584522,0.032592391600221239,0,25794.698473782864,160.60728026394963,9.3265166669928075,0.01874637134006758,0
4,2020-06-10,3641,4841.6136315464582,69.581704718600122,4.0029745271738886,0.085703393778976733,0,158012.97750461244,397.50846217987919,22.868313659132987,0.06804474345808649,0
4,2020-06-11,3642,2886.4534318624783,53.72572411668807,3.099263000674247,0.0050217284144810212,0,1039.873746208887,32.247073451848109,1.8602292155666635,0.0072397570737190798,0
4,2020-06-12,3643,412.42464295159385,20.308240764566335,1.1873039705671802,0.0021360272595926533,0,24.564522086792,4.956260897772836,0.2897635650134664,0.17643319682230788,0
4,2020-06-15,3644,3887.790735971962,62.352151013192497,3.6254412311069282,9.2613226521177469e-05,0,3115.1559316317566,55.813581963817342,3.2452587123189427,0.0048495484835938936,0
4,2020-06-16,3645,4071.3705936576089,63.807292636951843,3.7003678277004002,0.00431354192860564,0,3759.192122966856,61.31225100228221,3.5556732103274982,0.021992313279012087,0
4,2020-06-17,3646,3665.3062969899111,60.541773156969157,3.5208940480935826,0.058277101552388189,0,4907.1359707302581,70.050952675393773,4.0739140840589574,0.0086665982568529965,0
4,2020-06-18,3647,5352.1740913564317,73.158554464645022,4.2172390525807764,0.14705090463694082,0,580.10772366732681,24.085425544659302,1.3884090240472289,0.65755129368696863,1
4,2020-06-19,3648,5260.5112214149194,72.52938178017871,4.1166604296721463,0.081170093179546238,0,233.16842046245148,15.269853321576193,0.86669428847950691,0.0033311862707006532,0
4,2020-06-22,3649,3369.9923510324502,58.051635214113048,3.2817929342593164,0.00098724136394052315,0,2199.0017103249374,46.893514587040045,2.6509986198790232,0.0017646675561364168,0
4,2020-06-23,3650,1438.9369710477388,37.933322699807604,2.1479189547185871,0.045775877620336261,0,3446.4079625615159,58.706115205841343,3.3241479689613178,0.032022112439031136,0
4,2020-06-24,3651,2243.4962157512282,47.365559383915524,2.6736034874641863,0.024763986535225959,0,1771.6450860001669,42.090914530337386,2.3758700908973465,0.24895207153531279,0
4,2020-06-29,3652,1574.4866928535255,39.679802076793749,2.2442057619361888,0.67906391791806431,1,8349.9585738731785,91.37810773852334,5.1681526915063261,0.37861043282023066,1
4,2020-06-30,3653,2013.0949797827618,44.867527007656236,2.5333856755967501,0.0084428411315214651,0,43865.508716585748,209.44094326703589,11.825806344656328,0.021832080718420022,0
4,2020-07-01,3654,2776.9101138435994,52.696395643759161,2.9647188750040314,0.29405249038539372,1,14318.62741902931,119.66046723554655,6.7321425207767609,0.54524843830396996,1
4,2020-07-02,3655,3790.881994301641,61.570138819899057,3.4437126696067488,0.49285882287951671,1,24447.429061044328,156.35673653873801,8.7452730319781864,0.4828182516624358,1
4,2020-07-06,3656,3829.7661640375995,61.885104540895782,3.4581377743508583,0.00013455384932143838,0,291890.44388178905,540.26886258768332,30.190207738687562,0.008101732966115046,0
4,2020-07-07,3657,7167.1215781615592,84.65885410375904,4.6744439348329214,0.00030668812653609698,0,11549.731024734074,107.4696749075481,5.9339448350476562,0.097962764960064452,0
4,2020-07-08,3658,8855.8479048714944,94.105514742078185,5.1931744794480537,0.00054694637248429241,0,26844.304467464186,163.84231586334522,9.0415714289137039,0.0013534533832076981,0
4,2020-07-09,3659,7961.0920909780734,89.224952176944726,4.9484195095637915,0.0013842343465866613,0,32921.782938455362,181.4436081499025,10.06286995451736,0.033059762900791788,0
4,2020-07-10,3660,6485.1883983372418,80.530667440033312,4.4553619607210688,0.049973833377446444,0,26165.322018744497,161.7569844511961,8.9492107580191487,0.010780351649690703,0
4,2020-07-13,3661,7520.2462753627187,86.719353522513757,4.8126618304297546,0.02000179856920295,0,12228.484454547754,110.58247806297231,6.1369930663728454,0.053596726814859934,0
4,2020-07-14,3662,5825.5161251268873,76.32506878560207,4.2294729461155978,0.0024274987330810314,0,16911.620046855605,130.0446848081674,7.2062886405944475,0.19445090220503897,0
4,2020-07-15,3663,8238.8911907139991,90.768338040938033,5.0212058439419174,0.044895717474619026,0,17589.076120155045,132.62381430254163,7.3366053162881917,0.22240926671122571,0
4,2020-07-16,3664,7514.9169978380805,86.688620924767747,4.7964489957544334,0.0012963616070209283,0,1419.1144144964394,37.671135030636378,2.0843298215971662,0.093026722717194157,0
4,2020-07-17,3665,8605.5482663652019,92.766094379170681,5.1092498212304509,0.75109408787215604,1,2277.2740171584237,47.720792293909199,2.6283034887731223,0.52988837267062516,1
4,2020-07-20,3666,12089.981189172509,109.95445052007904,5.9675151567164546,0.0097084143000126903,0,177.35712109467124,13.317549365204968,0.72277818052182952,0.0044426586970792454,0
4,2020-07-21,3667,13639.208413648901,116.78702159764543,6.3046329949063606,0.12157616691686969,0,1207.6241772014932,34.750887430416697,1.875992627424784,0.11480967644203723,0
4,2020-07-22,3668,44843.376381764116,211.76254716489439,10.934476914511883,0.0066383437176577419,0,4090.5832701029444,63.957667797559225,3.3024897527978325,0.032379268088114414,0
4,2020-07-27,3669,45047.452056990784,212.24385045741792,10.935331570787671,8.8856642613694588e-05,0,11054.024488755658,105.13812100639643,5.4169777426140673,0.0039347450020626642,0
4,2020-07-28,3670,47192.219450830467,217.23770264581253,11.135255658712005,0.0011050701480461395,0,1156.3162431615099,34.004650316706829,1.7430237488701026,0.011030954326561315,0
4,2020-07-29,3671,23796.848550560655,154.26227196097125,7.8799720052599413,0.039483081142303998,0,5793.242733233431,76.113354499939305,3.8879960411687127,0.0055102913212631251,0
4,2020-07-30,3672,22788.895165930622,150.95991244675065,7.6828292761336776,0.096355879890133431,0,1809.5622627528464,42.53894994887446,2.1649422336441781,0.034764400548730583,0
4,2020-07-31,3673,21079.242705131437,145.18692332690102,7.4129801805877316,0.022683599133885454,0,19260.711153978657,138.78296420662969,7.0860056780082044,0.047153215119729572,0
4,2020-08-03,3674,27072.399137882552,164.53692332690116,8.3187685589211355,0.38835302949488032,1,240.20966806456639,15.498698915217574,0.78359365565587613,0.27728337416745019,1
4,2020-08-04,3675,52395.2955275965,228.90018682298296,11.175948383808947,0.00065645080340255742,0,48146.392007345661,219.42286117755748,10.71322223360386,0.34139115968546807,1
4,2020-08-05,3676,50359.253438597916,224.40867505200845,10.855945386256849,0.0043631606710664902,0,31.83393664891419,5.6421570918323596,0.27294376759462835,0.027108693565524231,0
4,2020-08-06,3677,22589.476253540648,150.29795824807684,7.3996483887490747,0.0036584898156092095,0,13148.464267874495,114.66675310600931,5.6454103884995837,0.023228816307026511,0
4,2020-08-07,3678,3330.3465214561888,57.709154572356965,2.9871708976839879,0.43406071719839828,1,1866.2743281645403,43.200397314892143,2.236161153004407,0.63017931195276089,1
4,2020-08-12,3679,12092.787023197634,109.96720885426544,5.6560220575679789,0.00099199359864910602,0,188732.14115261167,434.43312621462428,22.344509513417734,0.0061779399955409217,0
4,2020-08-13,3680,18992.037570082328,137.81160172526234,7.0863402352622353,0.74698843089829958,1,83289.765608796224,288.59966321670618,14.83993640399569,0.40088872387948304,1
4,2020-08-14,3681,26652.872325502514,163.2570743505546,8.2751894138203408,0.021007672361773075,0,19673.742547184647,140.26311898423137,7.1096697156008499,0.20989357230776234,0
4,2020-08-17,3682,32449.232365102289,180.13670465816313,8.9676019742707229,0.0017141205162410815,0,994.23087825943537,31.531426835134425,1.5697038872500024,0.038065572510989312,0
4,2020-08-18,3683,28640.103490863014,169.23387217357822,8.5428506902361541,9.8133899866542369e-05,0,66832.810051822482,258.52042482523984,13.0499962052115,0.0033953663262657431,0
4,2020-08-19,3684,13532.35286637561,116.32864164244165,6.0363044725341384,0.44026079320299444,1,43316.491621603658,208.12614353224262,10.799685729301954,0.37700762407342475,1
4,2020-08-20,3685,15284.356234389144,123.62991642150837,6.4245026331752735,0.045928176668104517,0,1564.035802659308,39.547892518556637,2.055129914961241,0.0072970057403777188,0
4,2020-08-21,3686,30481.628612569901,174.58988691378977,8.9811922587406965,0.021598821212290599,0,26489.945859697389,162.757321984903,8.3725055677822464,0.12797512169313946,0
4,2020-08-24,3687,21004.243666732695,144.9284087635433,7.5833089377360912,0.075192670533987038,0,97.549039954281852,9.8766917515067689,0.51679312202112704,0.11231806844076221,0
4,2020-08-25,3688,35847.794315210856,189.33513756091565,9.7951389100036543,0.031661196100024928,0,189789.81192584537,435.64872538071927,22.538023507111891,0.0085188561126094686,0
4,2020-08-26,3689,34121.269823265815,184.71943542374152,9.6015508186054799,0.017911011186235511,0,1371.4578625081476,37.033199463564415,1.9249525411837938,0.59678910484301029,1
4,2020-08-27,3690,41559.9150103594,203.86249044480792,10.415229286781001,0.093893499110625223,0,14550.04780051104,120.62357895747846,6.1625963142758557,0.35030042878254847,1
4,2020-08-28,3691,39838.506960953266,199.59585907767041,10.119697775631629,0.056710185589383851,0,106124.72158338445,325.76789526192488,16.516738675282021,0.0040683841628658965,0
4,2020-09-01,3692,19484.736049871106,139.5877360296065,7.169191136827842,0.10662004775638002,0,221678.25088924885,470.82719854448601,24.181566911198278,0.066503916660983223,0
4,2020-09-02,3693,23324.422445647229,152.72335265324432,7.8705121313738733,0.0089351690813936728,0,26.712465149228738,5.1684103116169808,0.26635112018433771,0.00075360290017495923,0
4,2020-09-03,3694,33157.880889274624,182.09305557674247,9.4529956692489474,0.032248836827970993,0,0.11417216954831087,0.33789372522778649,0.017541074870362171,0.090126159263976963,0
4,2020-09-04,3695,29077.410649673751,170.52099767968093,8.923362603923751,0.010109066914400496,0,172945.2312134793,415.86684312827742,21.762308962991046,0.0011677897962181103,0
4,2020-09-08,3696,44391.903188546843,210.69386129772943,10.82035031315373,0.015406871793262516,0,31157.210682102534,176.5140523644011,9.065019123069078,0.099891013953621932,0
4,2020-09-09,3697,40635.68747908665,201.58295433663693,10.252152795251719,0.26119139582523976,1,147488.68739345553,384.04255935176707,19.531725841157893,0.015941125851376262,0
4,2020-09-10,3698,23681.052272267341,153.88649151978007,7.9021511512673337,0.29657220682199598,1,299190.34489744721,546.98294753808113,28.087858043446705,0.097271847181376284,0
4,2020-09-11,3699,29486.217748677984,171.71551400114663,8.7668103334429279,0.017660468098173551,0,1073.0178429933719,32.756951063757015,1.672382246579722,0.019306254672985985,0
4,2020-09-14,3700,20830.02944311831,144.32612183218362,7.403807516976614,0.037263302359754051,0,5071.6115737606624,71.215248182960522,3.6532817699725819,0.092245251583491783,0
4,2020-09-15,3701,30306.015959760309,174.08623139053907,8.8738011719104435,0.041233139839796186,0,6855.0684382390964,82.795340679527953,4.2203762197740833,0.035713206053550585,0
4,2020-09-16,3702,17156.868843406435,130.98423127768638,6.7648408665041373,0.056214416081557049,0,799.41941476929173,28.274005990826481,1.4602456289645698,0.049848954679506521,0
4,2020-09-17,3703,24344.912564945804,156.02856329834549,7.9979784862160344,0.0037652021834341156,0,195314.53577725834,441.9440414546375,22.653922211068895,0.010971070326371029,0
4,2020-09-18,3704,5987.3104303031423,77.377712749235116,4.1303358999271431,0.064131521611226636,0,5742.7191658830307,75.780730834975657,4.0450907886717014,0.013439163856651564,0
4,2020-09-23,3705,17624.057997143125,132.75563263810363,7.130690621087882,0.026700342179642247,0,1105.279353892749,33.245741891146736,1.7857253600723371,0.052933447936281221,0
4,2020-09-24,3706,17066.02891844471,130.63701205418283,7.0246282762909518,0.49231971092298843,1,4751.6554139018599,68.932252348968404,3.7066329165439802,0.0037265092019197993,0
4,2020-09-25,3707,25261.178588519837,158.93765629491281,8.4364052281065209,0.091120227888951175,0,1679.8548986106391,40.986032969911093,2.1755371941883328,0.051072143016227478,0
4,2020-09-29,3708,24613.846416762179,156.88800596846841,8.3145903846768974,0.025585571432492391,0,655.93171407160276,25.611163856248368,1.3573143174650679,0.12026929398225303,0
4,2020-09-30,3709,36720.695987954248,191.62644908246421,9.9636786212122299,0.44059417200515549,1,35823.329592008587,189.2705196062202,9.8411813132052615,0.036730986020692136,0
4,2020-10-09,3710,40783.896337181039,201.95023232762333,10.488196952875789,0.0063364782431035976,0,16586.893692120222,128.79011488511151,6.6886582646123864,0.22449365277705033,0
4,2020-10-12,3711,24747.111271018777,157.31214597423423,8.31767281627633,0.039388185346130054,0,1882.1981056445377,43.384307135697554,2.2938881793315473,0.11792872230589917,0
4,2020-10-13,3712,31656.833039534522,177.92367194821077,9.315131643057029,0.00011066856768465238,0,5145.8598692519136,71.734649014628303,3.7556424708582656,0.0033880276791489346,0
4,2020-10-14,3713,23996.471410024205,154.9079449544929,8.187956284924832,0.40318907471205451,1,158226.05192762049,397.7763843261946,21.025233063385727,0.008818421484126723,0
4,2020-10-15,3714,30628.967785497593,175.01133616282573,9.1867056593173793,0.0038086318822782303,0,50850.472488001658,225.50049332097183,11.836985555285784,0.00083011996132024328,0
4,2020-10-16,3715,29558.758972272622,171.92660926183771,9.0221772282660435,0.021648949885737696,0,436865.55914423155,660.95806156232902,34.68503681582331,0.19014646632090806,0
4,2020-10-19,3716,27852.823903933706,166.89165318832966,8.7911743145980648,0.010946749129916217,0,52558.936820927651,229.25735936045248,12.0763463632771,0.2251432246828885,0
4,2020-10-20,3717,35180.106645445288,187.56360693227589,9.7478682499948484,0.017473219695828275,0,42110.944074124352,205.20951263068764,10.664943618256769,0.0016184266629390522,0
4,2020-10-21,3718,22496.354693287092,149.98784848542596,7.890152212600329,0.73208571775867204,1,23223.788323189543,152.39353110676825,8.0167038116083145,0.93591076338293011,1
4,2020-10-22,3719,28077.465057982805,167.56331656416569,8.8022124111136861,0.26486199256601456,1,144344.07842532397,379.92641185540651,19.95778698055874,0.013368802933127746,0
4,2020-10-23,3720,26361.846565715467,162.36331656416564,8.5524146837770623,0.059712772474288286,0,25821.806221759671,160.69164950849085,8.4643603733830677,0.016151139675053366,0
4,2020-10-26,3721,28142.599757225289,167.75756244421677,8.8029365820547181,0.0043967902837321448,0,94.348152451630838,9.7132977124986155,0.50969710408241675,0.0041063294548380662,0
4,2020-10-27,3722,20597.309703033749,143.51762854448839,7.6749447067829824,2.2837831074537061e-05,0,169784.1048112931,412.04866801300682,22.035277307575431,0.17881282499426496,0
4,2020-10-28,3723,20229.91137666045,142.23189296589021,7.6047635655183772,0.24409312471712064,0,4727.4036378867431,68.756117094312003,3.6762079395985672,0.0013295278315054988,0
4,2020-10-29,3724,28515.47144263798,168.86524640268044,8.9351418806646077,0.090619934118535445,0,1435.2530888172823,37.884734245039681,2.0045893563172488,0.13003703422972718,0
4,2020-11-02,3725,24184.377729151787,155.51327187462743,8.1842629200130226,0.47757409221365071,1,30221.30555262326,173.842761001496,9.1488967187588344,0.30433420037542408,1
4,2020-11-04,3726,40807.643646506571,202.00901872566624,10.421162203083197,0.24738227803496021,0,477214.28882225452,690.80698376771966,35.637080335717698,0.31282516399295723,1
4,2020-11-05,3727,26893.493842873919,163.99235909905656,8.4497299618227828,0.18011771146808614,0,62773.231669474219,250.54586739651927,12.909411963959155,0.28585738659352539,1
4,2020-11-06,3728,5179.606817983984,71.969485325268124,3.8542004672665415,0.028824496736509213,0,176825.36207993349,420.50607852911412,22.519470815033156,0.083822479189828866,0
4,2020-11-09,3729,19326.472986880683,139.01968560919954,7.3997809979879454,2.7255478050265325e-06,0,826.45115193438573,28.748063446680817,1.5302104352307881,0.00027596975602956891,0
4,2020-11-10,3730,16853.792275110725,129.82215633361943,6.9761227509400809,0.030945457838855116,0,16649.494203220587,129.03291906804475,6.9337123011389208,0.029934609106055842,0
4,2020-11-11,3731,20085.931276451254,141.7248435400486,7.5592630631809792,0.23347619552046997,0,0.010016912386935627,0.10008452621127617,0.0053382684594114821,0.0035731496016900089,0
4,2020-11-12,3732,25138.709181357182,158.55191320623408,8.3849972608934404,0.1441649195640049,0,7245.0028131798872,85.1175822799255,4.5014322428433813,0.028764627495689161,0
4,2020-11-13,3733,23405.377300651293,152.98816065516735,8.0986824411829943,0.025956041249253634,0,649650.70117133658,806.00911978174076,42.667431766323851,0.23790970768321587,0
4,2020-11-17,3734,18872.367751301255,137.37673657246796,7.3224634386476177,0.16864053827861777,0,79226.262213598529,281.47160107832997,15.003016954231116,0.0013979290800108168,0
4,2020-11-18,3735,15034.018064106884,122.61328665404449,6.6015175736422584,0.039297467381742918,0,4636.9484548540568,68.09514266710994,3.6662526000543751,0.001716651188783346,0
4,2020-11-19,3736,23776.460005835786,154.1961737717113,8.220726863129034,0.22658997735165179,0,526.80700920919423,22.952276776154349,1.223664593280074,0.00038615251510694637,0
4,2020-11-20,3737,7687.9632643706227,87.681031382908714,4.8722511326355145,0.017174205731624467,0,1637.8954803886741,40.470921417589125,2.2488842752605649,0.042888651894166831,0
4,2020-11-24,3738,9714.034034449789,98.559799281704045,5.4446911546626922,1.4172960753463476e-05,0,0.39780956955968316,0.63072146749550484,0.034842639901419996,0.00014449384807543455,0
4,2020-11-25,3739,3253.5693178592896,57.040067653004144,3.2057588744452392,0.20352653923221833,0,1013.8182842440453,31.840513253464451,1.7894966140316109,0.033458547599824758,0
4,2020-11-27,3740,10332.255701977896,101.64770386967871,5.613569176842673,0.10141192493701186,0,28204.202275031883,167.94106786319981,9.2746689417754968,0.19365478026083591,0
4,2020-12-01,3741,11043.522318680585,105.08816450333779,5.7658380611948754,0.004156935204584899,0,39748.874745063251,199.37119838397734,10.93883454317883,0.019672300204059089,0
4,2020-12-02,3742,13509.325808049043,116.22962534590329,6.3432000079626318,0.053730470670991064,0,7.2295818128376199,2.6887881680856935,0.14673987873963457,0.5432724867583496,1
4,2020-12-03,3743,14304.892617939315,119.6030627448115,6.4895856074233036,0.032334356784879156,0,10091.025331602932,100.45409564374631,5.4505749128457035,0.63670067201266856,1
4,2020-12-04,3744,20639.34322108026,143.66399417070465,7.7240782908521544,0.020934053819322451,0,11037.475951856204,105.05939249708331,5.6485062768936425,0.17071316647726995,0
4,2020-12-07,3745,21652.253652054802,147.14704771776701,7.8766184577130849,0.0085936280575174655,0,74.764833274742415,8.6466660207702262,0.46284645348447534,0.0082819680626202066,0
4,2020-12-08,3746,16544.161759924693,128.62411033676653,6.9837985794362183,0.12396197792537632,0,19299.391927964458,138.92225137811602,7.5429483577095713,0.21491368469982866,0
4,2020-12-09,3747,15203.191214090992,123.30122146228314,6.6853483049466282,0.0002576481043739566,0,282.70428756272014,16.81381240417295,0.91163891908655903,0.00068472779863058245,0
4,2020-12-10,3748,16657.126709532477,129.06249148971392,7.0066499180083568,0.23206050848361021,0,47053.805261804635,216.9188909749555,11.776269868347205,0.71954227981778274,1
4,2020-12-11,3749,13665.777831091415,116.90071783822123,6.38400556143523,0.027806617586227739,0,1639.2154749162446,40.487226070900988,2.2110272818120302,0.0027313954383388042,0
4,2020-12-14,3750,16072.822973528126,126.7786376860397,6.8504924046167401,0.012671567359445626,0,2997.2253136918634,54.746920586384249,2.9582536182630017,0.0041856569511032789,0
4,2020-12-15,3751,19309.861962675404,138.95992934179048,7.5034385022160688,0.020004784708161551,0,65521.697639394704,255.97206417770417,13.821758912373669,0.013700169291633169,0
4,2020-12-16,3752,29538.512909675697,171.8677192193918,9.0899230051245166,0.00031770125539344602,0,2113.0892923104743,45.968350985329835,2.4312231117455947,0.0062981828761805685,0
4,2020-12-17,3753,21274.883650724587,145.85912261742351,7.7594958168598751,0.0021869985237614798,0,846.98719282543789,29.103044391015828,1.5482401591177459,0.33276977627795956,1
4,2020-12-18,3754,27070.9491482667,164.53251699365296,8.751729627321966,0.35091704338642143,1,13009.78680586416,114.06045241828633,6.0670453413982095,0.21277301045292826,0
4,2020-12-21,3755,22291.9701203976,149.30495678442026,7.9540225232763442,0.058377326122844582,0,67.356788941698994,8.2071181873845944,0.43722327992033427,0.30576622904642387,1
4,2020-12-22,3756,18351.388830990851,135.46729801317679,7.2249225607027618,0.016151469764197207,0,265.74971218661489,16.301831559263974,0.8694310164940785,0.019194650049389216,0
4,2020-12-23,3757,19337.364994908359,139.05885442829003,7.4192420865544495,0.30928890891319305,1,174.10181634273926,13.194764732375461,0.70398360627303325,0.050128232838432332,0
4,2020-12-29,3758,22564.062861475937,150.21339108573488,7.9579037447412002,0.29377532717235977,1,19755.033395383209,140.55260010182383,7.4461008742224957,0.16947027351454838,0
4,2020-12-30,3759,37208.101459754093,192.89401613257496,9.9266167215199133,0.0023763516588819217,0,44010.206349452681,209.78609665431281,10.79590863803586,0.31308244387555062,1
4,2021-01-04,3760,23426.894295050464,153.0584669172224,7.8881885699601835,0.0010378194258158879,0,94485.40926336727,307.38479022776528,15.841718773817368,0.0063516892719275341,0
4,2021-01-05,3761,16103.128087208937,126.89810119623121,6.5683946891084766,0.76032450673864915,1,9991.2079102394491,99.956029884341888,5.173841449537611,0.081973110195003751,0
4,2021-01-06,3762,13590.525127739649,116.57840763940658,6.0714758418523296,0.036210617865100589,0,12640.587970862873,112.43036943309789,5.8554434369615072,0.086566673179208395,0
4,2021-01-07,3763,9324.2266898094695,96.562035447734161,5.1834255970655514,0.26043994750711669,1,29057.331607281634,170.46211194069383,9.150362979263182,0.0019113128070774523,0
4,2021-01-08,3764,12129.457188157912,110.13381491693599,5.981469920811187,0.00076214419709831182,0,7908.8704088090089,88.931830121779285,4.8299704071570551,0.016682695260134932,0
4,2021-01-12,3765,19232.376880656251,138.68084539927008,7.4605721494079722,0.015744103923783254,0,0.41238196405998967,0.64216973150405465,0.034546613847489291,0.004388347870585587,0
4,2021-01-13,3766,17200.955391865471,131.15241283280102,7.1210757612488669,0.012891750417954982,0,11800.402729555555,108.6296586092194,5.898176115608492,0.27725286252394815,1
4,2021-01-14,3767,13372.161397511918,115.63806206224626,6.2880947287790239,0.51387157551755547,1,41936.114103070366,204.78309037386452,11.135567720166641,0.014324243104902729,0
4,2021-01-15,3768,12493.236991020694,111.77314968730502,6.0921758155177965,0.87132202788177227,1,12370.893848592594,111.2245199971328,6.0622728509910502,0.079332599785353772,0
5,2021-01-19,3769,754.09427292883595,27.460776990624936,1.4790895718315704,0.13130736583557528,0,368841.22743673535,607.32300091198204,32.711569584831523,0.061214699878088308,0
5,2021-01-20,3770,530.66059286614109,23.036071558886533,1.2371017431333726,0.020894910307768345,0,217537.81267134933,466.40949033156403,25.047499615034859,0.021929416175862384,0
5,2021-01-21,3771,391.41978550992962,19.784331818636929,1.0678648361114551,0.0035698985908064521,0,127145.90841213371,356.57524929828446,19.246248680211821,0.0059869373574963497,0
5,2021-01-22,3772,240.34526401397216,15.503072728139159,0.83491249848610061,0.19658578066668653,0,183703.13986804395,428.60604273393528,23.082426837597829,0.36695675391298022,1
5,2021-01-25,3773,1050.0617290192092,32.404655977485845,1.7453762780074247,0.31086548194100888,1,49197.280694625493,221.80460025577804,11.946816775599379,0.053440062073217692,0
5,2021-01-27,3774,332.121202151185,18.224192770907166,0.98312525062885925,0.015545035735999116,0,13076.738050232178,114.35356597077407,6.1689359643293988,0.13088837914553939,0
5,2021-01-28,3775,616.53812251132229,24.830185712380853,1.3322344517856453,0.0081197570451743469,0,3972.4870955870947,63.02766928569622,3.3816755706457897,0.021478659104702112,0
5,2021-01-29,3776,1321.5170638033828,36.352676157380529,1.9513500715199295,0.14455815303590699,0,12097.960515848012,109.99072922682171,5.9041160109944828,0.030061500584698048,0
5,2021-02-01,3777,7.1490775585864732,2.6737758990959719,0.14586088588161977,0.045057163330580872,0,22872.77592148176,151.23748186703506,8.2503672394869394,0.59995648702182225,1
5,2021-02-02,3778,12.004202495587668,3.4647081400296429,0.18876614127487223,0.0054388493142132439,0,4721.529969480308,68.713390030475921,3.7436808428710084,0.0045212880259896879,0
5,2021-02-03,3779,2236.2459200061585,47.288961925656167,2.6479064855622467,0.35306319264057839,1,810.03769234759,28.461161120860652,1.5936592822028472,0.70889742861005345,1
5,2021-02-04,3780,286.64723639930867,16.930659656354464,0.93905319927643383,0.00035432754930493578,0,330.16648388700429,18.1704838649664,1.0078196214518651,0.0011470191434872167,0
5,2021-02-05,3781,1979.7065471628619,44.493893369347461,2.4244050330662015,0.44748642363184038,1,626.99181709131153,25.039804653617239,1.3643811281088265,0.16755091412919573,0
5,2021-02-08,3782,1617.3603338086391,40.216418709385835,2.1861501798970338,0.0026525094352440447,0,2556.7137649145066,50.563957172224036,2.7486386808123524,0.032288554167192562,0
5,2021-02-09,3783,348.21470129320545,18.660511817557563,1.0126997431719296,0.30659837137950469,1,88.0928017986177,9.3857765687564552,0.50936295925739861,0.054965820661438333,0
5,2021-02-10,3784,1016.9763830141205,31.890067152863139,1.798497992435109,0.12296805845995304,0,2747.2015985318167,52.413753906124839,2.9559684124932937,0.045527909608787158,0
5,2021-02-18,3785,670.73758885765892,25.898602063772842,1.4328806917908015,0.0022558083939245425,0,1477.0247623883245,38.432079860298018,2.1263149664055998,0.020873210114902105,0
5,2021-02-22,3786,1.2118618777260544,1.1008459827451134,0.061568567267623789,0.26197044824787491,1,2.0272026493618851,1.4237986688299316,0.07963079803299393,0.11138939889320142,0
5,2021-02-24,3787,1.111312795829132,1.0541882165102834,0.059235704577320449,0.11830765361406798,0,1380.0442692161575,37.148947080854896,2.0874299486334333,0.064997026306473693,0
5,2021-02-25,3788,569.12103325409885,23.856257737836813,1.3688072833483556,0.18303591313225551,0,2799.2740997403039,52.908166663949942,3.035726922222219,0.21717883310962113,0
5,2021-02-26,3789,464.63800815934798,21.555463533854891,1.2429987909843376,0.31572791877308509,1,406.8901074592664,20.171517232455926,1.16319333578156,0.050779340058828101,0
5,2021-03-01,3790,117.93609888287037,10.859838805565687,0.6299758566908773,0.25425169465173991,1,253.44397756939463,15.91992391845497,0.92350981340922766,0.45888951640710252,1
5,2021-03-02,3791,350.64929575803785,18.725632052297669,1.0941703898736512,0.086479403284981965,0,804.85258313891302,28.369923918454788,1.6577026947794078,0.010746326632415461,0
5,2021-03-03,3792,569.7271785129451,23.868958471473888,1.3941334309604516,0.041733835647903533,0,74.459828844965969,8.6290108845084887,0.50400157026508319,0.0028821657872911857,0
5,2021-03-04,3793,64.303694967224303,8.0189584714739794,0.47274626213553311,0.11517961945254299,0,599.22197388388065,24.479010884508398,1.4431251811058745,0.013724995621339603,0
5,2021-03-05,3794,288.47028913301926,16.98441312300838,1.006752207878153,0.61284580157834112,1,605.5068387380569,24.607048558046472,1.4585844259533787,0.0086765793409173449,0
5,2021-03-08,3795,2193.4622525766322,46.834413123008517,2.7278474647916893,0.23445088613801457,0,27.488539822684011,5.2429514419536645,0.30537314007534883,0.083337377016565642,0
5,2021-03-09,3796,782.26263797903857,27.968958471474025,1.6297027427732214,0.22802495994712735,0,20.511939591995127,4.5290108845083523,0.26389761592520405,0.1802693735963127,0
5,2021-03-10,3797,274.53038482942782,16.568958471473934,0.97190042652944231,0.045445683710598581,0,253.73338775878847,15.929010884508443,0.93436244043339067,0.0036053926591304289,0
5,2021-03-12,3798,1254.5026192040048,35.41895847147407,2.0548811227032209,0.0069882924660401901,0,8.5321774128209444,2.9209891154916932,0.16946532738616849,0.019630920113548427,0
5,2021-03-15,3799,2187.3354765064578,46.768958471473979,2.6956172029668002,0.30450488910821105,1,203.66113033447979,14.270989115491602,0.82253539570556788,0.088497454905641107,0
5,2021-03-16,3800,1715.5301208616936,41.41895847147407,2.39464391475004,0.68203724862004433,1,79.584046798721261,8.9209891154916932,0.51576845694167561,0.30805832185840609,1
5,2021-03-17,3801,1.9295025225278823,1.389065341345713,0.080483535624642971,0.017557377561598555,0,37.790498865409695,6.1473977311875387,0.35618504729054629,0.041609815433337867,0
5,2021-03-18,3802,998.50049504419087,31.599058451861993,1.8210614598813963,0.0054487855957485003,0,9.9389010653211916,3.1526022688124158,0.18168523909707329,0.043531830642100325,0
5,2021-03-19,3803,109.45691102985984,10.462165695010754,0.60260724563031731,0.1181114141040616,0,13.103849175401065,3.6199239184547878,0.20850294723697765,0.52783022665588364,1
5,2021-03-22,3804,458.90888788921939,21.422158805527033,1.2410009735561947,0.12056120685637099,0,184.14283515265257,13.569923918454833,0.78611539326004132,0.25356064842866,1
5,2021-03-23,3805,723.5593455966856,26.899058451861947,1.5544096187149348,0.021710844204794331,0,2.3944397384846239,1.5473977311876297,0.089419111886023098,0.032223917395978935,0
5,2021-03-24,3806,1057.6908133719137,32.522158805526942,1.8719944054295137,0.29086616102465468,1,6.1005241629557272,2.4699239184549242,0.14217025950929169,0.38270539414911542,1
5,2021-03-25,3807,795.18689757152413,28.199058451861902,1.6283091841934347,0.16005131102905881,0,0.061205637396809183,0.24739773118767516,0.014285583276803048,0.0024765138755198234,0
5,2021-03-26,3808,386.15950372833657,19.650941548138007,1.1669551677982128,0.10203894444726788,0,2313.3596685120488,48.097397731187584,2.8562248125649563,0.014648076034838677,0
5,2021-03-30,3809,348.21927594503978,18.660634392888142,1.1034939471268232,0.0016281906540321046,0,880.84368708277066,29.679010884508443,1.7550640657880276,0.016329117987376233,0
5,2021-03-31,3810,5562.8346809036047,74.584413123008517,4.2750358595138573,0.21792617159626176,0,1088.5348448511124,32.992951441953664,1.8910928519733849,0.056226087635164471,0
5,2021-04-06,3811,774.26974771346499,27.82570300483826,1.6009725269605743,0.00036028103030867083,0,133.41704816149871,11.550629773371611,0.66457407861520734,0.011076984945640158,0
5,2021-04-07,3812,397.1216825390905,19.927912147013558,1.1351701593285992,0.28710187705053919,1,34.802569070830025,5.8993702266284345,0.33605071071651577,0.18536395237120723,0
5,2021-04-08,3813,61.690891308617289,7.8543549263206387,0.45108861281418788,0.020673683977569982,0,172.17421448163901,13.121517232455972,0.75359046820904951,0.020549178576672038,0
5,2021-04-09,3814,45.397310961070943,6.7377526639875214,0.38882492217950321,0.045078329850404539,0,280.58359780456499,16.750629773371656,0.96665203412711187,0.062921077675783171,0
5,2021-04-12,3815,310.19125622488343,17.612247336012615,1.0022904243121225,0.011656462837267583,0,57.750427841367397,7.5993702266284799,0.4324704203635602,0.006274345009112353,0
5,2021-04-15,3816,644.93878870829485,25.395645073679361,1.4311840330062477,0.72657317304322577,1,405.1558185233169,20.128482767544028,1.1343505180503271,0.41528367036500236,1
5,2021-04-16,3817,353.2346009772549,18.794536466145018,1.0591454756914633,0.0032261774186068803,0,407.1711668000695,20.178482767543983,1.1371362506364602,0.014287984815742527,0
5,2021-04-19,3818,45.986659537106455,6.7813464398382166,0.38143524143421642,0.0045141062591178248,0,36.386869835832719,6.0321530016929046,0.33929482249306214,0.095498477817679187,0
5,2021-04-20,3819,278.26731904590616,16.681346439838308,0.9330916761201683,0.085409713676275867,0,253.83349926935512,15.932153001692996,0.89118461763070878,0.022985912099124286,0
5,2021-04-22,3820,115.16179641182934,10.731346439838262,0.60227558872142006,0.01981056194957365,0,99.643378549207569,9.9821530016929501,0.56022858916224882,0.071568749921123123,0
5,2021-04-23,3821,1.4138369420394064,1.189048755114527,0.067050991350524558,0.005989053007253011,0,502.12593323935744,22.408166663949942,1.2636065448980711,0.060392268492301754,0
5,2021-04-26,3822,171.12162467907274,13.081346439838399,0.73319768180020728,0.1094106243927873,0,134.74953329803449,11.60816666394976,0.65062728268081493,0.27449586202649823,1
5,2021-04-27,3823,1.2799447669349162,1.131346439838353,0.063838530630761364,0.0050011669511350783,0,0.1460409167030014,0.38215300169304101,0.021563762650549656,0.023248316443720832,0
5,2021-04-28,3824,11.687192164405593,3.4186535601616015,0.19340104433352764,0.057739628783884195,0,17.37094860129595,4.1678469983069135,0.2357846292143192,0.40516007035978774,1
5,2021-04-30,3825,1770.8397181896999,42.081346439838399,2.3208971370178086,0.014851839299379145,0,1708.3468717553669,41.332153001693086,2.2795771448414683,0.011309624620208025,0
5,2021-05-06,3826,1796.5428854398351,42.385644803870036,2.307894955425664,1.3834672693994134e-05,0,806.7250756119812,28.402906112086157,1.5465359566625552,4.0229023226037091e-05,0
5,2021-05-07,3827,334.35747406508943,18.285444322331614,0.9935311647875037,0.0018470459689786485,0,441569.71264229657,664.50712008397363,36.105687200628843,0.0064371988802017612,0
5,2021-05-10,3828,0.30724397884394644,0.55429593074813965,0.030304298876394929,0.0025637466136934927,0,2131.9975390858763,46.173558873947286,2.5243867953609582,0.013222946791844183,0
5,2021-05-11,3829,82.313857715589108,9.0726984803634423,0.49558630471204684,0.09943819209708693,0,10110.475961943606,100.55086256190748,5.4924817043703218,0.23443481805098734,0
5,2021-05-12,3830,0.0013879553071460681,0.037255272206039081,0.0020268359831368851,0.39875926096492231,1,4595.3724704700599,67.789176646940177,3.6880026465883349,0.22490828232401072,0
5,2021-05-14,3831,840.34174645292205,28.988648579278788,1.5638263246090947,0.54824682741432185,1,1123.9169329975996,33.52487036511252,1.8085380787135199,0.24371479214677202,0
5,2021-05-17,3832,438.27781877890419,20.935085831658398,1.1214723895357386,0.0033339218667667826,0,17228.3265952209,131.25672019070453,7.03129611306841,0.010960871863606916,0
5,2021-05-18,3833,2599.9604852975644,50.989807660919496,2.7000877789149564,0.0022216232766407839,0,9750.2442971769287,98.743325329750405,5.2288027392703222,0.0042648533470365981,0
5,2021-05-19,3834,2066.7477148816711,45.461497059398198,2.4203533545971463,0.0018127219330198851,0,770514.06761922338,877.78930707728682,46.733179315193887,0.0016907193295558833,0
5,2021-05-20,3835,585.32475291169465,24.193485753642335,1.289700184105887,0.55416444600348191,1,200831.64024724951,448.1424329911747,23.889462817376973,0.29955555128515948,1
5,2021-05-21,3836,2498.4173590523978,49.98417108497847,2.6585203885316844,0.50061567496644843,1,456.20749389663649,21.35901434749826,1.1360271439777814,0.19082088324661012,0
5,2021-05-24,3837,3510.3720246089752,59.248392590930052,3.1398194271823026,0.05985527991212386,0,8304.0802277269413,91.126726198887127,4.8291852781604199,0.047901310859697288,0
5,2021-05-25,3838,4212.5974831960966,64.904525906874142,3.431469291119202,0.012868277879657832,0,27132.289666021959,164.71882001162453,8.7086002808228891,0.082070616009076613,0
5,2021-05-27,3839,2334.7589646016349,48.319343586204013,2.5431902727021245,0.060797495650849673,0,13657.199956928487,116.86402336445758,6.1508999376013884,0.034493503459230614,0
5,2021-05-28,3840,3223.5527328959952,56.776339551753381,2.9892510359730111,0.0072211125587645269,0,28453.626978056458,168.68202920897193,8.8810397877680227,0.0017111023455200092,0
5,2021-06-01,3841,3585.6374159930956,59.880192184002681,3.147034144475243,0.24224797918839719,0,5385.8833255912323,73.388577623436959,3.8569742542865306,0.32397723671744966,1
5,2021-06-02,3842,223.2666928901703,14.942111393312871,0.80052028573104772,0.10787817866208944,0,41205.423388050265,202.9911904198068,10.875207758688854,0.21689175161801161,0
5,2021-06-03,3843,3106.2306305060538,55.733568255639739,2.9479301944165739,0.00089054799320497681,0,309.66367180853496,17.597263190863941,0.93077664185253051,0.28684745088309244,1
5,2021-06-04,3844,3340.7818187597441,57.799496699882638,3.0607655528427578,0.018880433476305462,0,699.63259587780408,26.450568914066935,1.4006867673197909,0.035766162798879939,0
5,2021-06-07,3845,2683.3766183305697,51.801318692969289,2.7362500960288032,0.84940780038012675,1,25095.009080866625,158.41404319335652,8.3677491584584693,0.33591541152750526,1
5,2021-06-08,3846,3161.6777668779227,56.228798376614122,2.9678453698202327,0.0042419766898192275,0,47510.002410086017,217.96789307163112,11.504691917641251,0.0042475052085278065,0
5,2021-06-09,3847,2177.7515070295581,46.666385193515453,2.4708858281584969,0.002766074402146209,0,111027.78042414879,333.20831385808606,17.642671424461177,0.031930901932711871,0
5,2021-06-10,3848,2963.9415555819492,54.44209360028276,2.8942395789735924,0.50324976862586868,1,825.98981385784634,28.740038515246397,1.5278721201056005,0.065407397959735283,0
5,2021-06-11,3849,1067.2714240035134,32.669120343276973,1.7516015411118424,0.39049798983639161,1,35936.731859246123,189.56986010240689,10.164058769095861,0.5843992603259589,1
5,2021-06-15,3850,748.03356381753451,27.35020226282677,1.4698483011058321,0.1471455049998309,0,198816.85777685014,445.88884015733129,23.962855846155115,0.088076301825817979,0
5,2021-06-16,3851,2631.9645135398691,51.302675500794976,2.8842792770447505,0.64201382145082198,1,1481054.8719056228,1216.9859785164424,68.419968432925302,0.57090794169708003,1
5,2021-06-17,3852,944.03119007654334,30.72509056254421,1.7328458949040781,0.014059699402165357,0,1341.3052585154867,36.623834568699749,2.0655256087473775,0.21490875582576593,0
5,2021-06-18,3853,462.61522869216299,21.508492013438854,1.2117118961966624,0.90491267716923252,1,1617.3178702192865,40.215890767447718,2.2656201666120794,0.77969329128044951,1
5,2021-06-21,3854,0.36425060510164475,0.60353177638103261,0.034000832448721596,0.41682415321733979,1,10.446813026352746,3.2321530016929501,0.18208799761657138,0.5010276209606771,1
5,2021-06-22,3855,464.41681790246429,21.550332199352852,1.2028539963916529,0.087443137129837686,0,391.3335773823876,19.782153001692905,1.1041612526062128,0.24284970348857834,0
5,2021-06-23,3856,330.44502336589198,18.178146862810081,1.0184691633924465,0.19871352072746243,0,169.83701185953339,13.032153001692905,0.73015396261270726,0.075832816735119463,0
5,2021-06-24,3857,335.72815924426811,18.32288621490261,1.025544242851292,0.2787638132293272,1,82.958699978285694,9.1081666639497598,0.50979020311475443,0.41639538405646798,1
5,2021-06-25,3858,143.35000431500168,11.972886214902474,0.67252071082977449,0.086952548212177641,0,238.95491661045187,15.458166663949896,0.86828998842610217,0.10170469546987168,0
5,2021-06-28,3859,125.92998783265617,11.221853137189783,0.63925791889200956,0.55300523800320744,1,445.77049430609731,21.113277677947053,1.2027273734909596,0.16777040940020571,0
5,2021-06-29,3860,18.532678015882723,4.3049596996816035,0.24416298668188205,0.00021370280328668323,0,75.131571586058172,8.6678469983069135,0.49161143398502183,0.1633800384344806,0
5,2021-06-30,3861,310.99387299531247,17.635018372412105,0.98989718621454426,0.03659239026130906,0,499.83251356398722,22.356934350755409,1.2549500056556502,0.03127606282929124,0
5,2021-07-01,3862,1158.3481798535956,34.034514538238909,1.9054678799786642,0.11287476921865995,0,1335.8564639631597,36.549370226628525,2.0462654439228802,0.17596212778217588,0
5,2021-07-02,3863,1797.3394420656055,42.395040300318215,2.3424615465545884,0.1240692684047732,0,1446.4446619441785,38.032153001692905,2.101398071756936,0.52236272377504966,1
5,2021-07-06,3864,1075.7245390519643,32.798239877346532,1.8174294116502663,0.016702139931452611,0,788.86397079610981,28.086722322052992,1.556352884052475,0.10430611324514187,0
5,2021-07-07,3865,183.21368025653638,13.535644803870127,0.74877716456658328,0.043300367267398512,0,0.19989294460983467,0.44709388791375204,0.024732748128215524,0.13433421660742148,0
5,2021-07-08,3866,326.48813388033943,18.068982646522727,1.0004973779912916,0.38848236052544904,1,81.071850194986354,9.0039907926977776,0.49855984455690905,0.095151729593040552,0
5,2021-07-09,3867,48.770407642613669,6.9835812906139836,0.38962180822439096,0.0058766466834969814,0,522.84896058884453,22.865890767447581,1.2757136112166694,0.051075801703654909,0
5,2021-07-12,3868,533.32791095478638,23.09389336934737,1.2731975284255794,0.0095666454007243308,0,13.248177916493045,3.6398046536171478,0.20066734590055121,0.10546270932110563,0
5,2021-07-13,3869,567.22180014079015,23.816418709385971,1.3062976475091033,0.44068166657326063,1,62.950089314072805,7.9341092325523732,0.43517492499738769,0.097527439578765085,0
5,2021-07-14,3870,108.33473095319968,10.408397136600797,0.57071403079373795,0.56904654119456377,1,6045.2110984955198,77.750955611461904,4.2632463666325924,0.30449741351869691,1
5,2021-07-15,3871,43.815703658313645,6.6193431440221957,0.36284290654071127,0.26522324914540146,1,595.21348727134387,24.396997505253466,1.33733473141772,0.004793063632246063,0
5,2021-07-16,3872,182.4840194584776,13.508664606780258,0.74432005106508659,0.27540900689946035,1,723.55700608131804,26.89901496488892,1.4821210515669689,0.01357103310548695,0
5,2021-07-19,3873,501.87916003178583,22.402659664240446,1.2288560195409037,0.04765735004798196,0,518.95683736614978,22.780624165420704,1.2495885557401445,0.080040769264228998,0
5,2021-07-20,3874,0.065329778963820459,0.25559690718750971,0.014198250593684575,0.16404304300427172,0,2255.8610416368215,47.49590552496943,2.6383682660242993,0.12752100478168718,0
5,2021-07-26,3875,5.2429423999467195,2.2897472349468444,0.12718344960406835,0.01490144216951658,0,239.32673044927071,15.470188442590825,0.85928782973259776,0.083306672357533723,0
5,2021-07-27,3876,56.237310974508738,7.4991540172547957,0.41740810515723009,0.41392282165635824,1,185.23741736670144,13.610195346382852,0.75755289693770744,0.085804639170629096,0
5,2021-07-28,3877,1485.6317160676238,38.543893369347416,2.1070296490104092,0.46312396183556309,1,364.42064171326467,19.089804653617193,1.0435578993941506,0.1480272786202565,0
5,2021-07-29,3878,695.18803555865622,26.366418709385925,1.4441417888202615,0.0023997767984469892,0,4946.0456690706897,70.328128576485597,3.8520130673140134,0.010452693873123057,0
5,2021-07-30,3879,35.095576617207712,5.924151974519873,0.32703922131551366,0.14084272613704843,0,140.04013195081794,11.833855329131666,0.65328081532096749,0.018486191136647796,0
5,2021-08-02,3880,20.664227116281708,4.5457922429739028,0.25078157630948628,0.39367532931489374,1,111.51372735264376,10.560006029953001,0.58257280942007561,0.19846748790006194,0
5,2021-08-03,3881,811.4076364951294,28.485217859358727,1.5573351844819161,0.4326011321174616,1,1660.9744300049069,40.755054042473148,2.2281479439327074,0.11869030491581853,0
5,2021-08-04,3882,9.4561819678479075,3.0750905625441192,0.17076721158095901,0.47627938827457139,1,7.239022356815636,2.6905431341674557,0.14941236341343639,0.42378210206013667,1
5,2021-08-05,3883,1173.6120622638432,34.25802186735018,1.9432765254608984,0.027949594883667023,0,1567.842731588597,39.595993883076062,2.2460714665083703,0.0060641199097330508,0
5,2021-08-06,3884,3664.0770062969204,60.531619888261048,3.5124391382053006,0.0068150422161644825,0,3113.7603953784164,55.801078801206131,3.2379423101056743,0.019498298129861095,0
5,2021-08-10,3885,141.38587622431211,11.890579305665142,0.68195568396794803,0.027683125812644333,0,410.62779557656194,20.263953108329133,1.1621904742102052,0.016545730344417336,0
5,2021-08-11,3886,184.00973763136352,13.565018895355934,0.77629729285543847,0.13424694181995775,0,58.218061010168341,7.6300760815452122,0.43665308924946844,0.11784221734311742,0
5,2021-08-12,3887,2096.8403900766825,45.79126980196861,2.5814623447286191,0.16353870620250135,0,1161.4515857238978,34.08007608154503,1.9212490391828527,0.086712543550024418,0
5,2021-08-13,3888,1514.6682349488187,38.918738866371541,2.1748994867904403,0.035359738146634359,0,1587.9723074589044,39.84937022662848,2.2269060452445433,0.21911326170928561,0
5,2021-08-17,3889,281.50621215002832,16.778146862810217,0.94076911956097553,0.047082243270766592,0,135.30698345479644,11.632153001693041,0.65222759268233144,0.0074993697172353142,0
5,2021-08-18,3890,153.21851975729618,12.378146862810127,0.69577284858829869,0.031846174554463605,0,52.30403703989635,7.2321530016929501,0.40651769212180378,0.28542825240826553,1
5,2021-08-20,3891,1193.3598093506159,34.545040300318306,1.9170388623928027,0.017761708326116447,0,910.96235981760549,30.182153001692996,1.6749252498164815,0.04175124971505248,0
5,2021-08-23,3892,1397.3650616552154,37.381346439838353,2.0670378744139097,0.90857127251013214,1,1341.9146335394485,36.632153001693041,2.0256104952690448,0.27480461551493413,1
5,2021-08-24,3893,250.15255863773504,15.816211892793262,0.88422943438213575,0.79101289913760175,1,147.30002872261826,12.136722322052947,0.67852196131564524,0.42534891111979928,1
5,2021-08-25,3894,57.219469533219069,7.5643551961300091,0.42339388761502345,0.11111636755884992,0,464.27725501457604,21.547093887913888,1.2060390623482531,0.24610809546172846,0
5,2021-08-26,3895,710.12868856059708,26.648239877346441,1.4816925147259628,0.20150666775074,0,711.93728880575452,26.682153001692996,1.4835781485511812,0.070219519262690336,0
5,2021-08-27,3896,1774.6071041490941,42.126085791930564,2.3211882961088004,0.37205649251240253,1,364.49810013151227,19.091833336050058,1.0519785842383702,0.52883188201046938,1
5,2021-08-31,3897,154.16745356678771,12.41641870938588,0.68530846171684956,0.10231084994362565,0,12.012398811879329,3.4658907674477177,0.19129543920122075,0.038544892180324912,0
5,2021-09-01,3898,126.0521193238864,11.227293499498728,0.61941979528833568,0.026321963110910597,0,12316.641973627979,110.98036751438508,6.1228858522184257,0.22672740199509883,0
5,2021-09-02,3899,276.17469574946335,16.618504618330235,0.91125210387290856,0.10061134026039291,0,5254.1191155024062,72.485302755126895,3.974628653568399,0.008375141680336309,0
5,2021-09-03,3900,23.690213491614603,4.867259340903729,0.27008070032481918,0.032766714342082393,0,775.54326816280252,27.848577489035279,1.5452974219146729,0.040073131477468986,0
5,2021-09-07,3901,173.68046431347543,13.17878842357959,0.73789408866627049,0.06393254495695827,0,1565.2906231444156,39.56375390612493,2.2152157842175213,0.029599390680144638,0
5,2021-09-08,3902,0.10174992878264301,0.31898264652272701,0.017837698673156831,0.0057847895569767089,0,482.25017965129109,21.960195346382761,1.2280271408574173,0.028754980728304607,0
5,2021-09-09,3903,374.84643310683941,19.360951244885655,1.0792659147603352,0.054565863611283343,0,3.4527833510141797,1.8581666639497598,0.10358251095098722,0.018213111403561445,0
5,2021-09-13,3904,175.53367589552781,13.248912253295657,0.7390273185494719,0.090687700839030369,0,9.0490666780991749,3.0081666639498508,0.16779621608979783,0.019768700729091482,0
5,2021-09-14,3905,371.10349912572036,19.264046800340793,1.0720413367283894,0.30642213609045643,1,1.4204667009205363,1.1918333360501947,0.066325347730888162,0.086409429541529206,0
5,2021-09-15,3906,613.74682518877796,24.7739142080693,1.4173125208426613,0.007444197296549152,0,2285.6207997680012,47.808166663949805,2.7350992113017996,0.0030316846558034682,0
5,2021-09-16,3907,132.36409769129887,11.504959699681649,0.65519859333589503,0.00070937209650622955,0,251.78856836167918,15.867846998306959,0.90366166452956853,0.057138840089332878,0
5,2021-09-17,3908,90.91657536223812,9.5350183724121962,0.53766879285058056,0.021419499931909867,0,203.26017708175218,14.2569343507555,0.80393224037191269,0.074079985216538136,0
5,2021-09-22,3909,239.6538465646374,15.480757299455263,0.88623524727818093,0.046810746449174628,0,152.35126962156292,12.343065649244636,0.70661012418391556,0.037240910989067601,0
5,2021-09-24,3910,48.730972473897936,6.9807572994552629,0.39769596647041888,0.11525494676312513,0,14.769153584404096,3.843065649244636,0.21894067391583411,0.16395944278053765,0
5,2021-09-27,3911,814.00411208041714,28.530757299455217,1.6456096495720385,0.11653194492980222,0,1112.019710510546,33.346959539222553,1.9234006944036079,0.056340853298395076,0
5,2021-09-28,3912,82.65118661218969,9.0912698019687923,0.52334397156082035,0.4875483494434788,1,6.8640013384914891,2.6199239184547878,0.15081736858963174,0.047192935146263756,0
5,2021-09-29,3913,80.371563794086484,8.9650188953557972,0.51440319573994708,0.46094623171904225,1,9.1813610599515609,3.0300760815450758,0.17386252476159489,0.21129481125847704,0
5,2021-09-30,3914,1859.7111108888082,43.12436794770224,2.4319395430820379,0.13092792002900908,0,1120.9154944260497,33.480076081545121,1.8880629398869375,0.089153905581238216,0
5,2021-10-08,3915,30.630851173977845,5.5345145382389092,0.31488149166437623,0.029534814383519289,0,64.792361045333763,8.0493702266285254,0.45796206449682952,0.063127444912797703,0
5,2021-10-11,3916,569.76961842752678,23.869847473905793,1.3502954305702612,0.24115387716315709,0,329.39963962322668,18.149370226628434,1.0266932669567777,0.12470944408458556,0
5,2021-10-12,3917,619.81823044197256,24.896148907852648,1.3941954924036875,0.15372171077671723,0,192.71417196241512,13.882153001693041,0.77740678734910906,0.4096564249242361,1
5,2021-10-13,3918,976.25254336851788,31.245040300318351,1.7370901373390975,0.50584633452895877,1,722.65015000643416,26.882153001693041,1.4945323289983345,0.39745578526945663,1
5,2021-10-14,3919,10.359730740342123,3.2186535601617834,0.18206598750809083,0.44879979409684334,1,50.719607739146724,7.121769986397112,0.40284922286376745,0.26665217666236479,1
5,2021-10-18,3920,128.32691134539596,11.328146862810172,0.63712861995557779,0.024733704377882422,0,38.219015736341717,6.1821530016929955,0.34770264351479169,0.067928153121040724,0
5,2021-10-20,3921,55.47627727049305,7.4482398773463956,0.41860506251595547,0.040136463236629366,0,55.982613540742825,7.4821530016929501,0.4205110437640055,0.22191088934349135,0
5,2021-10-21,3922,1382.4525230792767,37.181346439838308,2.0562060799025748,0.37048860807424661,1,1327.3017723387679,36.432153001692996,2.0147741187166042,0.33168447959687331,1
5,2021-10-22,3923,1047.5716722891891,32.366211892793217,1.7928936099040695,0.079188153777074666,0,1117.70885432861,33.432153001692996,1.8519403407668187,0.23899171969440114,0
5,2021-10-25,3924,74.207115445091304,8.6143551961299636,0.48244827622469066,0.40738335389546282,1,750.2608185199723,27.390889334228859,1.534030933562704,0.37983040212023805,1
5,2021-10-26,3925,94.344689718660192,9.71311946383139,0.54104550696735221,0.15577537652631918,0,159.64812522325988,12.63519391316413,0.70381250038513465,0.31755822136356471,1
5,2021-10-27,3926,838.73669700863866,28.960951244885564,1.6058193093920468,0.076100787714638962,0,59.935983403177381,7.7418333360501492,0.42926716584697255,0.38944835070280315,1
5,2021-10-28,3927,29.041846484999471,5.3890487551143451,0.30461231411210721,0.28510287016827129,1,707.99453321652732,26.60816666394976,1.5040085161772467,0.050520329049390363,0
5,2021-10-29,3928,481.7252337135385,21.948239877346396,1.2235611482521125,0.0026861789945669449,0,483.21505058983837,21.98215300169295,1.2254517226944448,0.016738340532056216,0
5,2021-11-01,3929,375.63658982103482,19.381346439838353,1.0824846513356057,0.0031358517508688227,0,347.15712547849898,18.632153001693041,1.0406407887231166,0.0079441280779282124,0
5,2021-11-02,3930,2462.7483910280525,49.626085791930564,2.7231918013515823,0.32271646707648538,1,707.12560017226315,26.591833336050058,1.4592056046341295,0.21503277712385596,0
5,2021-11-08,3931,779.32643355774997,27.91641870938588,1.5277414058658063,0.042425200534433376,0,37.453639022142646,6.1199378282906309,0.33491697194169706,0.03445511389398901,0
5,2021-11-09,3932,4273.6227905218593,65.372951520654624,3.5158089448561158,0.18420740758922671,0,1427.0497027814224,37.776311397242353,2.0316398514167124,0.058138461279418754,0
5,2021-11-10,3933,963.85542974062787,31.046021157962059,1.6710275664977694,0.0037140706785320867,0,9415.2129005016759,97.032019975375533,5.222671832465446,0.0011066503284375944,0
5,2021-11-11,3934,748.06963483265679,27.35086168354951,1.470041744836178,0.064979516269248583,0,513.23196199370102,22.654623413195395,1.2176304540697855,0.016572397440912587,0
5,2021-11-12,3935,503.72207357779979,22.44375355366833,1.2067182941915333,0.53985985355330546,1,638.62998337405043,25.271129443973223,1.3587359236503695,0.61054749944925291,1
5,2021-11-15,3936,561.84939429779706,23.703362510365423,1.2749226823561437,0.18908301050713242,0,1415.2885832866998,37.620321413920692,2.0234682343976274,0.0044095974323015317,0
5,2021-11-16,3937,864.55772691596553,29.403362510365469,1.576672342236338,0.15243641453352341,0,633.14243450008166,25.162321723165405,1.3492584976763045,0.12250138219064889,0
5,2021-11-17,3938,811.56034662063098,28.487898248565671,1.5313604390993749,0.021039502623471363,0,10694.275710675276,103.41313122942984,5.5589491603198322,0.021207707144349112,0
5,2021-11-18,3939,576.75612227968224,24.015747381243045,1.3224166394781558,0.43367591570979952,1,5344.609888011435,73.106838859380559,4.0255961487503402,0.25847840159658408,1
5,2021-11-22,3940,1847.918730346935,42.987425258404755,2.4122457427347581,0.024714613048117905,0,41286.671943720474,203.19122014427808,11.402105448459812,0.026314131531572037,0
5,2021-11-24,3941,10.910952782169842,3.3031731383882743,0.18342809520148123,0.056452729613676179,0,11933.443602672591,109.2403020989625,6.066209579018353,0.17019540850410528,0
5,2021-11-26,3942,138.7288371624085,11.778320642706603,0.65949890213648776,0.2356956194816584,0,72.752269429546388,8.5294940898945697,0.47758862733528762,0.22142462556834164,0
5,2021-11-29,3943,891.67640924943817,29.860951244885655,1.6548964334341418,0.16084073389876008,0,74.68128340806922,8.6418333360502402,0.47893113145922411,0.069899740467629271,0
5,2021-11-30,3944,13.78725615268351,3.71311946383139,0.20752379286468575,0.28870076612273365,1,191.58431151809299,13.841398466849114,0.77358661265050233,0.017868296063071273,0
5,2021-12-01,3945,2.366946360534167,1.5384883361709853,0.087166477970027495,0.094170214203721112,0,133.70939065730965,11.563277677947099,0.65514321121513308,0.21584577617510886,0
5,2021-12-02,3946,20.576729413529584,4.5361580013850471,0.25663534278436517,0.089385378324781717,0,795.7006665411742,28.208166663949896,1.5958907337246413,0.2695104809948673,1
5,2021-12-03,3947,2544.4830519769798,50.442869188587792,2.8360199695604975,0.29634271015064451,1,46.678314638543853,6.8321530016930865,0.384120147397919,0.090967048117677515,0
5,2021-12-06,3948,368.95925322393725,19.208312086800788,1.0783008441238831,0.22140065961414732,0,305.76183589771239,17.486046891670867,0.98161769959137002,0.0015109456676470629,0
5,2021-12-07,3949,637.47615594772412,25.248290158894406,1.4154215808327395,0.55887160528787061,1,278.99156063436698,16.703040460777402,0.93637405879456237,0.0061528490835783935,0
5,2021-12-08,3950,150.9216764105052,12.285018372412196,0.69166558975380432,0.05844027425605313,0,81.95754158447518,9.0530404607775381,0.50970022018284145,0.03171457928662564,0
5,2021-12-09,3951,151.16801598645125,12.295040300318306,0.69082962777459223,0.017914638179158827,0,62.919051242267201,7.9321530016929955,0.44568916992234842,0.023183921263387173,0
5,2021-12-10,3952,413.92066482157412,20.34504030031826,1.1379930808993322,0.23153819342568427,0,255.42921456952297,15.98215300169295,0.8939564269880832,0.034177999231824366,0
5,2021-12-13,3953,89.208786274638626,9.4450403003183965,0.53154596771446883,0.36440308557664342,1,25.82827913261805,5.0821530016930865,0.28601232493067064,0.58422688554900037,1
5,2021-12-14,3954,1.4281213193850832,1.1950403003183965,0.067567936014383656,0.02316588641459915,0,10.035254604682121,3.1678469983069135,0.17911101678155164,0.078665308192884531,0
5,2021-12-15,3955,1126.1603101151291,33.558312086800925,1.8688150630283968,0.0026657731202661223,0,570.35723199627591,23.882153001693041,1.329963412691042,0.0037706488437224514,0
5,2021-12-16,3956,1341.855541995458,36.631346439838353,2.0264062864323922,0.15655765107214248,0,1287.5289040369089,35.882153001693041,1.9849617194054896,0.22210236989323587,0
5,2021-12-17,3957,555.83182126847237,23.576085791930609,1.3124804204158889,0.20187468862599037,0,0.29358336405518465,0.54183333605010375,0.030163855483499626,0.0840237427716473,0
5,2021-12-20,3958,0.17169022855986291,0.41435519612991811,0.023099941247660939,0.012644742269144884,0,221.3400434454301,14.877501250056412,0.8294077351947825,0.049103437819659861,0
5,2021-12-21,3959,0.084625981873849315,0.29090545177746208,0.016226319264695567,0.0064173883595385018,0,14.805527116877037,3.8477950980889091,0.21462489391392844,0.33797281653783995,1
5,2021-12-22,3960,1164.9488097962662,34.131346439838353,1.8907238222822043,0.0067415322106435024,0,820.06186535036557,28.636722322052947,1.5863462398655521,0.0039736587704433139,0
5,2021-12-23,3961,388.52159897825578,19.710951244885564,1.0985621426716212,0.082383776495210809,0,2.2745666862496221,1.5081666639498508,0.084055547663360777,0.034689356963720663,0
5,2021-12-29,3962,489.65962556987711,22.128254010876617,1.2253650087701979,0.086319936640238737,0,31.057987275136476,5.572969340947111,0.30860643691043615,0.14731231451028906,0
5,2021-12-30,3963,144.39431859928229,12.016418709386016,0.66337742681826295,0.17711212060751239,0,14.945111425836449,3.8658907674475813,0.21342004899235845,0.15806815599864751,0
5,2022-01-04,3964,635.23115629833205,25.203792498319217,1.3800844626047484,0.51832108964019219,1,1620.7632775931304,40.258704370522537,2.204446508995074,0.24627795491622831,0
5,2022-01-05,3965,649.47556245562339,25.484810426126842,1.4242496116537762,0.055393644663886146,0,7478.8373037876527,86.480271182435899,4.8330550860611901,0.049165127950057695,0
5,2022-01-06,3966,31.497818810999959,5.6122917610366585,0.31308109790453298,0.0021014484522166228,0,3146.0899935084299,56.090016879195446,3.128975615262493,0.028735102537987178,0
5,2022-01-07,3967,55.003266472928921,7.41641870938588,0.41047258741343151,0.12947372027373266,0,71.671306486356514,8.4658907674477177,0.46855716003142117,0.41815473427762051,1
5,2022-01-11,3968,2195.9487515755504,46.860951244885655,2.5727984651853326,0.045044379043863568,0,657.50361683377741,25.64183333605024,1.4078090115323509,0.032322476674567481,0
5,2022-01-12,3969,337.59903056036319,18.373868143653453,1.0093590871894664,0.018686998626113446,0,181.18081546778441,13.460342323573514,0.73943704911547303,0.033424640797038004,0
5,2022-01-13,3970,477.7029292480035,21.856416203211438,1.198958622189936,0.23809621769869863,0,160.75234240495462,12.67881470820339,0.69551083179480455,0.28555998794767812,1
5,2022-01-14,3971,282.05197524386818,16.794403092812445,0.92416580507978774,0.18314750979150685,0,20.355951642520083,4.511757046043158,0.24827387789479477,0.029517297262734915,0
5,2022-01-18,3972,91.69686540709165,9.575848025480127,0.52414395716796447,0.085896184183484298,0,1.9216782327840156,1.3862460938751155,0.075877615363043077,0.046174710566512539,0
5,2022-01-19,3973,765.59255002164559,27.66934314402215,1.4994089546168561,0.098561540035583817,0,2243.2124032703287,47.362563309752659,2.5665897152167698,0.056192829645602696,0
5,2022-01-20,3974,138.03239992011564,11.748719075716963,0.63935127752051391,0.027744013916913588,0,3846.2123922543628,62.017839306560518,3.3749368364475689,0.13412449206643628,0
5,2022-01-21,3975,202.37475204405294,14.225848025479991,0.7766896716248084,0.003084718494724257,0,69.158262186809523,8.3161446708681979,0.45403716263748622,0.13028955281671908,0
5,2022-01-24,3976,865.98362501276722,29.427599715450242,1.5930059933660066,0.067065039832245099,0,173.28131940857631,13.163636253276536,0.71258789873201622,0.2458333102862974,0
5,2022-01-25,3977,131.05390701492465,11.447877838923887,0.63361714896493082,0.027242024833524347,0,23158.497286124621,152.17916179991471,8.4228123315298031,0.035069408658232069,0
5,2022-01-27,3978,2366.6010336414138,48.647723827959453,2.7205616882229928,0.17103921932941477,0,1143.7640886933657,33.819581438766591,1.8913168044496595,0.062256093055414991,0
5,2022-01-28,3979,1014.0335449183654,31.84389336934737,1.7471685158206611,0.0034981303493326872,0,57.699355877418753,7.5960092073021315,0.41676776074301175,0.035464542592078138,0
5,2022-02-08,3980,807.49285226713585,28.41641870938588,1.5546787782791269,0.0014310104499200536,0,43.823576850433277,6.6199378282906309,0.36218064494422969,0.030181317078441492,0
5,2022-02-09,3981,323.1311122351529,17.975848025479991,0.97942343561064604,0.089209662639626375,0,2298.8263400601486,47.946077420996062,2.6123669829185752,0.015139083436924723,0
5,2022-02-10,3982,2160.2369120357034,46.478348852295767,2.4906009084101366,0.03860566149581323,0,7313.0658370723922,85.516465298048843,4.5825075850306156,0.043074853578701902,0
5,2022-02-14,3983,833.95903243488431,28.87834885229563,1.5622162696327193,0.0024810825168439499,0,11558.596522665357,107.5109135049338,5.8159591844923755,0.007689000703925879,0
5,2022-02-15,3984,1871.9674431570716,43.266239068782852,2.3228948281317972,0.057184757535674577,0,1148.2846289371241,33.886348710610946,1.8193035923231478,0.0027551073266051237,0
5,2022-02-16,3985,5493.2168937009938,74.116239068782988,3.9143488905850692,0.1823757813492394,0,1.0054290847768312,1.0027108679857974,0.052956817871388076,0.12168473926564752,0
5,2022-02-17,3986,2205.9456882251825,46.967496082133039,2.4803282679622436,0.28160176451222924,1,16980.663978563465,130.30987674985909,6.8815946741581691,0.15195388954600447,0
5,2022-02-18,3987,3880.4836170517183,62.293527890557925,3.2784341819145268,0.21020040533750181,0,201138.23857245047,448.48437940741087,23.603198747824372,0.43679649946579407,1
5,2022-02-22,3988,8251.2219052635683,90.836236740981121,4.6912274307174053,0.50149396040902505,1,161357.19943300047,401.69291683200049,20.745386398388703,0.09795392894646468,0
5,2022-02-24,3989,393.59124898017996,19.839134280007784,1.0525856472839445,0.0001265897136151645,0,17561.403260372408,132.51944483875718,7.030955265214196,0.0056021974903096017,0
5,2022-02-25,3990,4616.0669221144426,67.941643504660988,3.5574334897851134,0.022057879451783582,0,71968.892636078803,268.27018588743476,14.04666261158912,0.025699831579764881,0
5,2022-02-28,3991,9373.8460254207494,96.818624372693648,5.0204109086177677,0.49082088398791512,1,0.00064892905056324773,0.025474085863152141,0.0013209274494763879,0.18554985126996609,0
5,2022-03-02,3992,3918.4278292169433,62.597346822504733,3.2440581893918288,0.0021336541643819174,0,32384.430131507626,179.95674516813096,9.3261165613666552,0.0048471904441357737,0
5,2022-03-03,3993,5093.8363450826064,71.371117022802764,3.6689002736237479,0.068909249202067605,0,12711.292664350898,112.74436865915254,5.7957316948106996,0.15572906186183541,0
5,2022-03-04,3994,10697.775793737415,103.43005266235446,5.2212348954973349,0.0053849891704292373,0,119199.62587225041,345.25298821625051,17.428657372283528,0.029079014102820027,0
5,2022-03-07,3995,12395.326767849789,111.33430184740814,5.4601065127097499,0.00014753890104055785,0,3833.8535569232426,61.918119778649952,3.0366160603540844,0.0026571072259649656,0
5,2022-03-08,3996,1910.0796864922688,43.704458428085672,2.1974185946043376,0.00019160333216855212,0,148.18420314490604,12.173093409027388,0.6120515565904463,0.056233129586947692,0
5,2022-03-09,3997,616.89406885782353,24.837352291615616,1.2439823846346598,0.54966064367593603,1,465.69435876689062,21.579952705390497,1.0808350548627916,0.20455599206592356,0
5,2022-03-10,3998,934.8916088458991,30.575997266579861,1.5452568487683762,0.01914651076779713,0,2902.898516106181,53.878553396561983,2.7229268406813558,0.12929005052362236,0
5,2022-03-11,3999,3399.5564368522851,58.305715301780538,2.9838394770748211,0.084881659686921018,0,557.95821730199509,23.621139204153451,1.2088298254473249,0.0045554675417486977,0
5,2022-03-14,4000,98.742429739623006,9.9369225487382664,0.5192654115819646,0.053483405526782754,0,510.14199317282424,22.586323144169,1.1802745091405953,0.15186141196192254,0
5,2022-03-15,4001,2572.3160211866489,50.718004901480981,2.6509515419967062,0.057595381279301132,0,2674.9002475984398,51.719437812088017,2.7032948887773371,0.085261014593569079,0
5,2022-03-16,4002,10035.430098302782,100.17699385738615,5.1382039780158566,0.27245507346856729,1,3317.8303874956387,57.600610999325681,2.9544077654617844,0.26530770138114418,1
5,2022-03-17,4003,2784.4623412827159,52.768004901480936,2.755149714213859,0.0086947479359454349,0,652.27930885568469,25.539759373488323,1.3334948113033975,0.001268297310473378,0
5,2022-03-22,4004,5809.3265589120765,76.218938321863789,3.9455901810205147,0.12449081938571942,0,39115.543363084245,197.77649851052638,10.238203624202221,0.16462087837629746,0
5,2022-03-23,4005,9364.352018894373,96.769582095276064,4.9241594797107702,0.0080905988241086572,0,2315.3717591619561,48.118310019803857,2.4485197445452807,0.0077111685261214936,0
5,2022-03-24,4006,3139.9599290477372,56.035345354943047,2.8680184949812184,0.050788129631043254,0,2541.2986353984061,50.411294720512842,2.580166584118786,0.033390417346613167,0
5,2022-03-25,4007,8459.8274742568865,91.977320434207513,4.748319374007254,0.22001574666071075,0,356.13805828714743,18.871620446775296,0.97424539618364503,0.43490074580775739,1
5,2022-03-28,4008,2881.3461048587956,53.678171586398093,2.8103754757276489,0.011677002020110442,0,164.6738825377802,12.832532195080603,0.67186032434976983,0.13639550358584951,0
5,2022-03-29,4009,8412.2848336379266,91.718508675391831,4.7427933229253476,0.050026720472645128,0,56268.78379155611,237.21042091686468,12.266226486897365,0.26486681617843594,1
5,2022-03-30,4010,10003.702077649468,100.01850867539201,5.1498858829334502,0.15358604000051745,0,79095.274103210133,281.23882040573653,14.480798105488068,0.010680738298371241,0
5,2022-03-31,4011,4400.6778541610711,66.337605128321229,3.436914495159507,0.68240646950184969,1,281651.28241826844,530.70828372870574,27.495701563541992,0.26517177710392564,1
5,2022-04-06,4012,7469.9852305166705,86.429076302576959,4.4726286639710695,0.29499345721728143,1,18353.820180204664,135.47627165007407,7.0107778746674638,0.072013305694397206,0
5,2022-04-07,4013,7187.3920630232888,84.778488209116404,4.3668738131820541,0.44074842837592487,1,6985.1285281380633,83.57708135690109,4.3049902831410876,0.50149702076518743,1
5,2022-04-08,4014,9237.3743261512464,96.111260142354013,4.9248679327895273,0.20105928745110363,0,2248.3571904428204,47.416845007263191,2.4297017758839483,0.35592554172748303,1
5,2022-04-11,4015,9735.9492756157906,98.670914030507447,5.0320480419464753,0.08639513565352272,0,7984.5102368240869,89.356086736293946,4.5570077637909048,0.057174995471661161,0
5,2022-04-12,4016,14049.229259943722,118.52944469600675,5.9961778017456302,0.045592022410045834,0,7974.0151627660171,89.297341297297407,4.5173816262702626,0.074600783104723012,0
5,2022-04-13,4017,8281.1673568461883,91.000919538465041,4.6334480416733728,0.58252796323605205,1,249.00241883481704,15.779810481587447,0.80345267217858696,0.080655161893581712,0
5,2022-04-19,4018,6698.3011817878714,81.843149876992584,4.1980533906282265,0.0067546844984615537,0,483.58550962577516,21.990577746520785,1.1279822393127021,0.088591669580799504,0
5,2022-04-20,4019,7634.9448697820353,87.378171586398139,4.4954556560373584,0.015233673640881785,0,38563.541208641596,196.37601994296961,10.103206253175365,0.011851274762096364,0
5,2022-04-21,4020,5122.6418573856026,71.572633438945104,3.6863657098166467,0.13023734025804196,0,5217.5960021786068,72.232928794135205,3.7203743809912289,0.42881573022751723,1
5,2022-04-22,4021,2036.4661349151943,45.12722166182175,2.3813837288560293,0.058846259339571813,0,3914.6135573070219,62.566872682810526,3.3016819357683658,0.34009571986830833,1
5,2022-04-25,4022,4504.5753301547402,67.116133158539014,3.523896522027671,0.013614167939125701,0,31749.025843244144,178.18256324131198,9.3553797774499632,0.076112802043318328,0
5,2022-04-26,4023,2841.863984439296,53.309136031634353,2.8268711438983112,0.039182929633006507,0,5234.3116422449757,72.348542779001264,3.8364907614275778,0.14520078432685912,0
5,2022-04-27,4024,2846.6675241572311,53.354170635079981,2.8252142247858081,0.042448345671363484,0,558764.74758371967,747.50568398087762,39.581979559485184,0.016638619896701963,0
5,2022-04-28,4025,3145.1602038865044,56.081727896762459,2.9793464497443334,0.085290937535535433,0,55009.628119885085,234.54131431345968,12.460026791694407,0.29511825149050169,1
5,2022-05-06,4026,1387.4722631164609,37.248788746970831,2.0016545084083419,0.24376311507197956,0,65531.553003932415,255.9913143134595,13.756317605108254,0.30378137218791035,1
5,2022-05-09,4027,818.97419627734973,28.617725211437573,1.5407825779437141,0.084721294441532216,0,1304604.2430134874,1142.1927346177122,61.495826560298937,0.13784773419838872,0
5,2022-05-10,4028,792.00024328195366,28.142498881264146,1.5196144000250627,0.1355079363071971,0,858012.73024038307,926.28976580786161,50.016996452812521,0.12748037584899408,0
5,2022-05-11,4029,323.58613145341559,17.98849997785851,0.97920579068933933,0.056973204786709676,0,12973.743909913235,113.90234374196712,6.2002854436170551,0.015258676599357283,0
5,2022-05-12,4030,41.463057638450515,6.4391814416469515,0.35545148859523346,0.07652456574482687,0,42520.920128378108,206.20601380264861,11.382849703438968,0.026203614432920415,0
5,2022-05-13,4031,5.9615534878360945,2.4416292691225863,0.13378790515740199,0.0026683443560030717,0,2967.7927772369726,54.4774520075689,2.9850658634284328,0.054374307323121832,0
5,2022-05-17,4032,274.36359534830643,16.563924515292456,0.91480542983417312,0.25155447952504983,1,121549.92654731426,348.6401103535195,19.25496978176453,0.10573575981579812,0
5,2022-05-18,4033,242.81135864275365,15.582405419021597,0.84503283183414291,0.23215643845031206,0,1550.6345815535674,39.378097739143868,2.1354716778277587,0.09587157850385522,0
5,2022-05-19,4034,260.48907850797013,16.139674052098144,0.87992989052983006,0.022951224659746059,0,326647.92109983973,571.53120745926003,31.159699458034023,0.0010605159298887295,0
5,2022-05-20,4035,1131.0767860465442,33.631485040755251,1.8118459778448039,0.42480809370682265,1,34949.41628249122,186.9476297857002,10.071524069911659,0.21572546561002162,0
5,2022-05-23,4036,2307.6974801227075,48.038499977858464,2.5728937913265741,0.044097774610224016,0,26755.162003668469,163.57005228240428,8.760647650495649,0.0079736037079139108,0
5,2022-05-24,4037,633.26353362810073,25.164727966503051,1.3623174516296583,0.35046522435605759,1,11321.759105616751,106.40375512930336,5.760272581707631,0.083486801251044671,0
5,2022-05-25,4038,432.98829247363585,20.808370730877414,1.1258417817328508,0.00062990860741745497,0,711.49597289073915,26.67388184893116,1.4431966373018346,0.0075734036039868946,0
5,2022-05-26,4039,426.08157509856125,20.64174350917483,1.11468536068554,0.15797251981580063,0,6569.675904349323,81.053537272282711,4.3770135690832008,0.2094317569452944,0
5,2022-05-27,4040,339.84295389073895,18.434829912172745,1.0026012896161822,0.36212504619957303,1,11500.926514009643,107.24237275447445,5.832510619158886,0.18246486668253467,0
5,2022-05-31,4041,606.87484480168325,24.634829912172791,1.3352935070829197,0.0093047496165144846,0,1044.1841762477347,32.313838773004591,1.7515225092419422,0.011646622034062503,0
5,2022-06-01,4042,725.48506239767562,26.934829912172745,1.4581436721617986,0.0057145034561669524,0,29729.680222265801,172.42296895212598,9.3342880550089848,0.019449587485831352,0
5,2022-06-06,4043,860.53224597609676,29.334829912172609,1.586009402690993,0.0012484464754123658,0,638.75269960547564,25.273557319963402,1.3664336786312392,0.012798521579384683,0
5,2022-06-07,4044,768.64235344698955,27.724399965499515,1.4962303335491791,0.21641710711789261,0,13134.084611793647,114.60403401186909,6.1849501611953421,0.089826540579472161,0
5,2022-06-08,4045,507.77825453477772,22.533935620188004,1.2214508290748844,0.048268716044004331,0,11374.265507797707,106.65020163036593,5.7809687308109563,0.094130068999198721,0
5,2022-06-09,4046,189.30845643398692,13.758940963387658,0.75185469745287759,0.062041052203353479,0,1269.602343874986,35.631479675632136,1.9470753921110455,0.1918444142654977,0
5,2022-06-10,4047,98.568244675475299,9.928154142411131,0.54227021014343779,0.0060950319846449445,0,0.020566907891079449,0.1434116727853052,0.0078330651219545681,0.031211095347082524,0
5,2022-06-13,4048,6.8740757009556734,2.6218458575888235,0.14419214967765626,0.35106937508266456,1,246.76595226240644,15.708785830305487,0.86392706540755027,0.30562113512542083,1
5,2022-06-14,4049,3.6300744951520412,1.9052754381327759,0.10447020908198909,0.01366784916711508,0,111.12878573443295,10.541763881553834,0.57802680639088877,0.0028649377701983956,0
5,2022-06-15,4050,38.873104033723429,6.2348299121726996,0.34135395084438541,0.31056383088139622,1,8688.7554794925527,93.213494084775903,5.1033941464426995,0.3534674154582399,1
5,2022-06-16,4051,166.53129925819428,12.904700665191513,0.70075211996369979,0.018527136347724679,0,273.88259365595525,16.549398588950453,0.89866680725206771,0.016952164749348218,0
5,2022-06-17,4052,448.95253131171199,21.188499977858555,1.1513924726454861,0.071940412197181405,0,3786.7371771669164,61.536470301496138,3.3439190491235502,0.044959188307446392,0
5,2022-06-21,4053,194.08463432058531,13.931426140944268,0.75638223204627242,0.19633166228461138,0,1232.4122321631592,35.105729335297383,1.9060037101445497,0.21027416315639849,0
5,2022-06-22,4054,169.41576410705542,13.015981104283128,0.70666057355356582,0.45857307192444685,1,232.34148178535111,15.242751778643878,0.82755588135316127,0.068328643774685879,0
5,2022-06-23,4055,11.488430891871459,3.3894587904076161,0.18567798572448527,0.48562758938126932,1,83.158819768168229,9.1191457806182825,0.49955604265349812,0.50212173865599374,1
5,2022-06-24,4056,17.324901926249673,4.1623192965280396,0.22790994341170892,7.559873550903805e-05,0,54.144720951940819,7.3583096531704086,0.40290804649676443,0.0045791585096764302,0
5,2022-06-27,4057,59.377046513352575,7.7056502978887238,0.42360849332831557,0.28643306147873548,1,799.26662567423023,28.271303925964048,1.5541795951713284,0.018794833978369518,0
5,2022-06-28,4058,208.60708784786311,14.443236751083987,0.79456673090821006,0.035277278046416866,0,44.766159094598393,6.6907517585543701,0.36807876542727935,0.010496357692751214,0
5,2022-06-29,4059,67.13567254265196,8.1936361002092326,0.45094309852554942,0.048901837929073474,0,8959.7815807226962,94.656122785178013,5.2094729105766655,0.053776935837414427,0
5,2022-06-30,4060,1491.5815137211525,38.620998352206698,2.1486549474092018,0.13218248476353994,0,2953.1487280621368,54.342881116684794,3.0233320046001166,0.014639306090501562,0
5,2022-07-01,4061,759.56652920588022,27.560234563694848,1.5553179776351493,0.0013042180062668805,0,79.110304105399223,8.8943973435752923,0.50194115934397809,0.0052843449562520583,0
5,2022-07-05,4062,197.50431614366221,14.053622883216349,0.80109575803547561,0.018210011547896723,0,91.469199058317614,9.5639531083290876,0.54517204060474767,0.079661593324380678,0
5,2022-07-06,4063,719.52204136782814,26.823908018180873,1.5345924092897893,0.016868594655141001,0,569.6741203345905,23.867846998306959,1.3654765295521587,0.0068251513755705007,0
5,2022-07-07,4064,1228.2456062555352,35.046335133014054,2.0162429601319789,0.031231709900832221,0,129.97435922948515,11.40062977337152,0.65588711157355428,0.010404374125059802,0
5,2022-07-08,4065,2729.0943278591731,52.240734373275927,3.002341055935398,0.009676625932285703,0,63.243882845919657,7.9526022688123703,0.45704610740300977,0.090518658311294062,0
5,2022-07-11,4066,1843.9066685162447,42.940734373275973,2.4811194530118432,0.68713991121423734,1,1.8154806460094495,1.3473977311875842,0.077852760801270252,0.26657174193608624,1
5,2022-07-12,4067,2725.9503437078292,52.210634392888096,3.0274054501268757,0.0062369172138860189,0,14.984556732253752,3.8709891154915113,0.22445721416511141,0.0090211142594466675,0
5,2022-07-13,4068,1146.9153708252561,33.866139000855355,1.9913058741021554,0.022377289233006283,0,401.16127701175407,20.029010884508352,1.1776921787798174,0.090083968424595789,0
5,2022-07-14,4069,1923.0098342809636,43.852136028715449,2.5702391951889019,0.0016355115803298173,0,30.327583820680225,5.5070485580463355,0.32277634194217014,0.021259250178824185,0
5,2022-07-15,4070,2575.779311477223,50.752136028715313,2.9626768645816126,0.33670010275906304,1,1.940313719640413,1.392951441953528,0.08131411470497231,0.40135290813035218,1
5,2022-07-19,4071,2209.2007912618583,47.002136028715313,2.7497885700997671,0.17371985090426775,0,5.5556779049889524,2.357048558046472,0.13789554543067173,0.060565145082373678,0
5,2022-07-20,4072,1390.842428683558,37.293999901908592,2.1872030908397511,0.23869519417132493,0,42.994885792579915,6.5570485580465174,0.38455507348815426,0.36000188994425086,1
5,2022-07-21,4073,5572.9414136498281,74.652136028715404,4.2978862965954923,0.013313065232749329,0,639.73339264502363,25.292951441953619,1.4561703815281741,0.005280646056941187,0
5,2022-07-22,4074,2163.2391116289218,46.510634392888278,2.7058371279823303,0.15506345176967207,0,3.345280815649859,1.8290108845083068,0.1064058924026009,0.17532166621638309,0
5,2022-07-25,4075,1042.6915263654605,32.290734373275882,1.877313704443236,0.0012230529266400961,0,143.93755232030716,11.997397731187675,0.69750284766068871,0.031069897791116373,0
5,2022-07-26,4076,691.20271388614992,26.290734373275882,1.5338370743721526,0.65080373765480726,1,323.90632509455929,17.997397731187675,1.0499925749650054,0.014291097550763569,0
5,2022-07-27,4077,6961.3012931808407,83.434413123008426,4.758164421044107,0.0020827083697246927,0,1750.8325853736847,41.842951441953574,2.3862532901028555,0.015564510534213333,0
5,2022-07-28,4078,3138.5301465673797,56.022586039626731,3.1950830409277251,0.092736340797795108,0,14.435214118991292,3.7993702266285254,0.21668588038260095,0.012129688120398179,0
5,2022-07-29,4079,2653.1698271267787,51.508929586303566,2.9061684487871569,0.1751317065049719,0,519.81128273087529,22.799370226628525,1.2863558015475358,0.025056100079796771,0
5,2022-08-01,4080,311.49812269006452,17.649309411137438,0.99167351656903702,0.039534559653608733,0,62.919051242267201,7.9321530016929955,0.44568916992234842,0.010821360712173538,0
5,2022-08-02,4081,27.968108881816558,5.2884883361709853,0.30026903257180898,0.013224768804250274,0,111.67939017962637,10.567846998307004,0.60001970182012809,0.0094651473876763564,0
5,2022-08-03,4082,277.6059709239118,16.66151166382906,0.93436023238162058,0.0026650870331002417,0,129.55340695394992,11.382153001693041,0.63829929350005832,0.0056431868401193019,0
5,2022-08-04,4083,56.169302358301152,7.4946182263208811,0.42264870866041909,0.52744932184217508,1,2.0510622202582574,1.4321530016929955,0.080764302929253948,0.30818061738357394,1
5,2022-08-05,4084,2727.8867554542098,52.229175328107658,2.927562306443634,0.0005073687822458419,0,149.62556705682584,12.23215300169295,0.68563958418726778,0.07784700742390542,0
5,2022-08-08,4085,1137.8758874179584,33.732415973629259,1.8791908845786613,0.092448001071395544,0,539.73293309407075,23.23215300169295,1.2942343111162893,0.0067671486568952601,0
5,2022-08-10,4086,523.23007928876837,22.874223031368047,1.2763921115656518,0.054887718794514283,0,13.382183341234645,3.6581666639499417,0.20412737369287104,0.10788853450435032,0
5,2022-08-12,4087,53.861636629946084,7.3390487551143906,0.41529248274753233,0.035937950579557641,0,815.56888320593396,28.558166663949805,1.6160121471225559,0.083425737217681581,0
5,2022-08-17,4088,1137.6572683142263,33.729175328107658,1.9104061243299628,0.0038558469016916792,0,39.285905994186699,6.2678469983070499,0.3550081843225652,0.012266542397072481,0
5,2022-08-18,4089,358.3136786022414,18.929175328107704,1.0812037885539172,0.46144628178214164,1,443.85417714407345,21.067846998307004,1.2033612450839357,0.41886829620992816,1
5,2022-08-19,4090,599.00228499091804,24.474523182095254,1.4120596095251843,0.1971584785249684,0,1145.6166700497686,33.846959539222553,1.9528030889498085,0.37549287454324154,1
5,2022-08-22,4091,2417.9432178244801,49.172586039626594,2.815412443939572,0.40214735340564284,1,9.3063420141813271,3.050629773371611,0.17466604296307642,0.33268506819583626,1
5,2022-08-23,4092,1890.9559136674629,43.485122900452552,2.4910562197721506,0.0021727886314677736,0,14.5872411612888,3.819324699641129,0.21879097755226584,0.020729577340390992,0
5,2022-08-24,4093,3603.5562346576216,60.029627973673314,3.4233200064824678,0.025542857923564477,0,189.8904968131707,13.780076081545076,0.78583878883094727,0.19311534855723139,0
5,2022-08-25,4094,887.77641964105067,29.795577182545912,1.7013891324794239,0.010011389050047195,0,2.7204221444883334,1.6493702266284345,0.094182454054443074,0.022058407908378059,0
5,2022-08-26,4095,108.78075955215245,10.429801510678544,0.60277417272603273,0.35208655399603145,1,372.51430964875868,19.300629773371611,1.115449908881212,0.23025738843478444,0
5,2022-08-30,4096,55.215846139293603,7.430736581207384,0.43857266016687618,0.0074338256976065773,0,2067.5139811500794,45.469923918454924,2.6836996941778271,0.25780579272639925,1
5,2022-09-01,4097,729.01734232065269,27.000321152176184,1.5766610891781714,0.0017367193767784403,0,382.10075806123928,19.54739773118763,1.1414538821131464,0.014256445062438344,0
5,2022-09-02,4098,1279.2166990284968,35.766139000855219,2.1006777282306603,0.35761143915113197,1,328.66103565062724,18.129010884508489,1.0647839119293134,0.24654349711436205,0
5,2022-09-06,4099,1282.7958129285953,35.816139000855401,2.1035526385842891,0.050152378338277431,0,326.85063456216983,18.079010884508307,1.061816044666156,0.12584580876205792,0
5,2022-09-07,4100,1807.6220755400423,42.516139000855219,2.4872693714485168,0.011480402928105801,0,129.48188870976267,11.379010884508489,0.66569227393503316,0.031100148672289451,0
5,2022-09-08,4101,2168.4053014469864,46.566139000855401,2.7177622855641062,0.0038826811733694159,0,53.714400545241233,7.3290108845083068,0.4277466373589533,0.020613626148415897,0
5,2022-09-09,4102,1187.600442078118,34.46157921625354,2.0213848265978553,0.089206402822244957,0,396.09204050755528,19.902061212536637,1.1673790194173468,0.024302627167635597,0
5,2022-09-13,4103,1373.8986604307338,37.066139000855401,2.1753705617028816,0.012581072346668699,0,283.21560735089906,16.829010884508307,0.98767597185916467,0.0085025973480947759,0
5,2022-09-14,4104,495.78094600540584,22.266139000855219,1.3182250311322727,0.012279396590473841,0,1000.3943295323564,31.629010884508489,1.8725363142802967,0.027563331040079107,0
5,2022-09-15,4105,5.5325438975812853,2.3521360287154494,0.14129913367467331,0.0016104547946942146,0,2209.6626141385259,47.007048558046336,2.8238397595918863,0.13028516870634543,0
5,2022-09-16,4106,3.4304078688658359,1.8521360287154494,0.11129621901363755,0.00088367133735835679,0,2169.8693953079169,46.581856932800747,2.7991381145209715,0.0086223609380150779,0
5,2022-09-20,4107,1170.766615123925,34.216467016977731,2.0467454474040814,0.093078807893530763,0,56.401282259072843,7.5100787119092729,0.44923455731474643,0.26022599431957705,1
5,2022-09-21,4108,1205.4485767752337,34.719570515420173,2.0767156452684254,0.070889528718834624,0,21.396514403592452,4.6256366484617502,0.27667773116378563,0.025938234236577672,0
5,2022-09-22,4109,38.683057396283957,6.2195705154201733,0.3784690124088097,0.32775811830446899,1,569.98522544127275,23.87436335153825,1.4527862811658048,0.0034482729247897431,0
5,2022-09-26,4110,138.31413293468776,11.760702909889687,0.71961713944133188,0.0059951989556773447,0,896.39888673707105,29.939921288090773,1.8319721769620494,0.041465841182041434,0
5,2022-09-27,4111,1346.1772000523627,36.690287543876821,2.2207600728672832,0.88082159600414511,1,46.575632956716575,6.8246342727443334,0.41307594787061308,0.11937539004194943,0
5,2022-09-28,4112,1014.9066402602235,31.857599411446927,1.925163126144968,0.027787128008148494,0,89.112113925349348,9.4399212880907726,0.5704569306315429,0.10824056928752468,0
5,2022-09-29,4113,2382.1817603082786,48.807599411446972,2.9195513331207996,0.68348717721595753,1,56.401282259072843,7.5100787119092729,0.44923455731474643,0.12274695954937155,0
5,2022-09-30,4114,840.1480426453212,28.985307358130967,1.7411730256581346,0.0012238869054228829,0,186.88994782339103,13.67076983287302,0.82121522393662649,0.0062654933636948273,0
5,2022-10-11,4115,294.47258629010048,17.16020356202398,1.027157307755902,0.045283254722573642,0,3.5551292016098968,1.8855050256124741,0.11286056478690773,0.034316200612663078,0
5,2022-10-12,4116,199.01158910379664,14.107146738578876,0.8559642460153436,0.79610764992608229,1,916.31950627478352,30.270769832873157,1.8367071071459957,0.24469333607257807,0
5,2022-10-13,4117,21.09472982595689,4.5928999364189167,0.27847571311580166,0.00097382082773565749,0,223.20124809434785,14.939921288090773,0.90583406827689161,0.0047976517839619006,0
5,2022-10-14,4118,1781.7434401469736,42.210702909889733,2.5355580663697093,0.58981218755212461,1,0.26018029234302303,0.5100787119092729,0.030639958667023452,0.20724250157339918,0
5,2022-10-17,4119,251.8432683438962,15.869570515420264,0.96004661315307105,0.012230206452918816,0,126.33583056247511,11.239921288090727,0.67997103981190121,0.0062181546202886304,0
5,2022-10-18,4120,108.75711642397887,10.428668008138857,0.6391290070563741,0.12348197437885769,0,1058.8464774351371,32.539921288090682,1.9942343131758706,0.049624247509108682,0
5,2022-10-19,4121,325.69673969578321,18.047070113893369,1.1035938429580732,0.03408435360994283,0,560.48830794820708,23.67463427274447,1.447724226303704,0.0033462852125747508,0
5,2022-10-20,4122,772.30008177135016,27.79028754387673,1.6911783078580087,0.88511430567373883,1,247.26412301156859,15.724634272744424,0.95692282201396162,0.12041535815106755,0
5,2022-10-21,4123,1763.7538981512794,41.997070113893415,2.5310875464151521,0.020498902879304053,0,0.07582628374699206,0.27536572725557562,0.016595794922740735,0.16542690761785825,0
5,2022-10-25,4124,1806.0009682651728,42.497070113893415,2.5604500746433749,0.0034255749807950275,0,0.60119201100256769,0.77536572725557562,0.046715814264532349,0.021871643672372314,0
5,2022-10-27,4125,275.86025017679367,16.609041217866661,1.0077995945430456,0.0059292417700539217,0,119.3476339932231,10.92463427274447,0.6628824533687977,0.040785407295738166,0
5,2022-10-28,4126,51.207444644274382,7.155937719423946,0.436603887701278,0.083445599948020227,0,398.98601432989619,19.974634272744424,1.2187086194474939,0.31303672020244466,1
5,2022-10-31,4127,887.46123194685708,29.79028754387673,1.8106845490883896,0.073548107127651738,0,188.36558592059089,13.724634272744424,0.83419749416468159,0.0044775700065336063,0
5,2022-11-01,4128,1162.1477048241939,34.090287543876684,2.0666416625065431,0.38822775528006792,1,88.823731174989689,9.4246342727444699,0.57134577749958904,0.10321512084331515,0
5,2022-11-02,4129,783.42824325755544,27.989788196010977,1.6716309242720364,0.076581167533659858,0,237.94190781959375,15.425365727255667,0.92124735590394558,0.11990247701434499,0
5,2022-11-04,4130,157.61370339725536,12.554429632494475,0.74775482489022749,0.38442776634590436,1,0.92333160760957778,0.9609014557224782,0.057232285399951052,0.074605126997710866,0
5,2022-11-07,4131,3418.3391640042828,58.466564496336559,3.4086322399846414,0.0087732942564326625,0,1248.8518859221545,35.339098544277476,2.0602885028000277,0.029021742147185354,0
5,2022-11-09,4132,5568.1774077266246,74.620221171788444,4.2768431678915855,0.00068443905312424796,0,577.00791808656606,24.020989115491602,1.3767582241290501,0.0050758305461919197,0
5,2022-11-10,4133,2918.0276526195739,54.018771298684442,3.0703823172583311,0.011074506919520237,0,25.285638943485878,5.0284827675438919,0.28581480475993365,0.10755249985010562,0
5,2022-11-11,4134,1923.313573336716,43.855599110452431,2.4792582458280528,0.10979176522441811,0,212.5321598035795,14.578482767544074,0.82415528110939418,0.030079346548598423,0
5,2022-11-14,4135,31.299753098280785,5.5946182263207902,0.31583923145176224,0.16128278466055851,0,0.21888081382495933,0.46784699830709542,0.026411889141451178,0.055376755471873353,0
5,2022-11-15,4136,52.484493245140712,7.2446182263208811,0.40860790898594934,0.14395693057466524,0,1.3974857194117596,1.1821530016929955,0.066675296203778656,0.088317574544473407,0
5,2022-11-16,4137,51.199488327100632,7.1553817736792098,0.40687943669277893,0.055475677050056037,0,174.7114792706559,13.217846998307095,0.75161190710264392,0.0095727996825800184,0
5,2022-11-17,4138,200.37483315860956,14.15538177367921,0.80814008755875821,0.16484385412710295,0,408.76133724695524,20.217846998307095,1.154250228265991,0.05369349360993516,0
5,2022-11-18,4139,73.602249310413484,8.5791753281077945,0.49294273317098336,0.055763109081659198,0,987.08111000902272,31.417846998306914,1.80520840027045,0.32658346053585408,1
5,2022-11-21,4140,958.99613255286101,30.967662691150281,1.776738442935843,0.45477080175187484,1,129.31140416804311,11.371517232455972,0.65242934292182631,0.22235518952226846,0
5,2022-11-22,4141,1792.2665725671675,42.335169452444234,2.4165978509829174,0.022420765112248539,0,144.33506928913124,12.013953108329133,0.68578663175095667,0.019051047565493556,0
5,2022-11-25,4142,889.2746519322327,29.820708441152647,1.7074065123330362,0.0017775930748820618,0,638.46409192985459,25.26784699830705,1.4467290944036557,0.001269794479142903,0
5,2022-11-28,4143,2096.2247412986526,45.784546970551673,2.6122295298996789,0.07105073244635815,0,2.6293181351516739,1.6215172324559717,0.092515389539337689,0.47410263082817256,1
5,2022-11-29,4144,1885.454195809644,43.421817048686989,2.4762941002958079,0.038720311484013031,0,335.54351865338492,18.317846998307004,1.0446448245398918,0.016773352694148855,0
5,2022-11-30,4145,7256.7632835284476,85.186637940045784,4.7243234306655451,0.01088572295170531,0,2384.2207293803485,48.828482767544074,2.7079545665942417,0.0015858766840029289,0
5,2022-12-01,4146,76.026322377080035,8.7193074482484008,0.48854503141887667,0.00039934184745156985,0,167.24058125919714,12.932153001692996,0.7245918476925618,0.00021637746395343851,0
5,2022-12-02,4147,32.848332013446722,5.7313464398382621,0.32256564834749335,0.32500178793504347,1,24.821848532278072,4.9821530016929501,0.28040032652481711,0.23851978449883476,0
5,2022-12-05,4148,1.157960631594926,1.076085791930609,0.060665564997779295,0.38356615956009182,1,482.1610832418005,21.958166663949896,1.2379167134936238,0.59520772496316965,1
5,2022-12-06,4149,18.958821653573647,4.3541729012033557,0.24431449339038019,0.037631731394958547,0,107.78910095056382,10.382153001693041,0.58254702063141295,0.15068696254708366,0
5,2022-12-07,4150,39.292589225246715,6.268380111739134,0.35015949008402275,0.030195697667677986,0,120.97626753728116,10.998921198794051,0.61441338428590064,0.0076986418458449149,0
5,2022-12-08,4151,277.18627921794132,16.648912253295748,0.92692215312171855,0.35653347119476153,1,0.15353336324026046,0.39183333605024018,0.02181517891324445,0.010499958291483865,0
5,2022-12-09,4152,301.86362594371985,17.374223031368047,0.97247414258189013,0.28417139920465773,1,83.87201664468401,9.1581666639499417,0.51260308205249872,0.092840713355650945,0
5,2022-12-12,4153,2951.1212079618235,54.324223031368092,2.9790366609836907,0.20153052237622462,0,772.38600017878582,27.791833336050104,1.5240510726906367,0.049467544298906867,0
5,2022-12-13,4154,62.126447331675806,7.8820331978288323,0.43594110770326222,0.0019388017129107239,0,1592.2204904889491,39.902637638243277,2.206943261427686,0.00058605084631636656,0
5,2022-12-14,4155,1032.6747571967637,32.135257229354238,1.8017581357043111,0.22517477493626964,0,1257.1801876917609,35.456736844946136,1.9879867032012635,0.027904798067379905,0
5,2022-12-15,4156,72.185541911617591,8.4962075016808285,0.47397325049124589,0.12260465140780011,0,1342.3338335756982,36.637874304818752,2.0438969236461326,0.23839722879397549,0
5,2022-12-16,4157,192.28854236884732,13.866814427576628,0.77433629816711125,0.00087910217873828403,0,24.583416667504043,4.9581666639498962,0.27686881080801301,0.021555135655808633,0
5,2022-12-19,4158,1366.5453689228975,36.966814427576765,2.0379742228114428,0.0099514774440476461,0,121.50733272168887,11.023036456516365,0.60769813421447516,0.35356901439353705,1
5,2022-12-20,4159,2.6178165729279947,1.6179668021711677,0.089019108259534407,0.0013858965290269125,0,291261.70511693723,539.68667309554462,29.693085367420135,0.015800229741255008,0
5,2022-12-21,4160,218.45429628233407,14.780199466933254,0.82080299144406366,0.01283920307246343,0,894662.80417481076,945.866166101109,52.52769290282162,0.0088892366640425657,0
5,2022-12-22,4161,9.4619567864874874,3.0760293864798314,0.17113772040056921,0.0052680514163068485,0,7408.9333197902824,86.075160875773463,4.7888706395779153,0.12463778335178144,0
5,2022-12-23,4162,15.732477378165989,3.9664187093858345,0.21994724869747054,0.0036479944902636182,0,141.98845278174684,11.915890767447763,0.66076417597514425,0.054845939445783885,0
5,2022-12-28,4163,206.39398653339396,14.366418709385925,0.79208373311569547,0.027453939425221348,0,2.297924818833093,1.5158907674476723,0.083577712884778624,0.038454807551881166,0
5,2022-12-29,4164,168.128014147111,12.966418709385835,0.71544782792428807,0.18207128193688776,0,77.969997956253579,8.8300621717094145,0.48721616529419892,0.026764934072253357,0
5,2022-12-30,4165,1609.4211440742069,40.117591454051762,2.1599952325446488,0.53771982851285793,1,1395.0935998469786,37.350951793053127,2.0110349320547636,0.081899334524945855,0
5,2023-01-04,4166,210.83307984491171,14.52009228086763,0.79171713636137564,0.00067517328257174979,0,1489.2967661961827,38.591407932286984,2.1042207160461825,0.0011324444401958295,0
5,2023-01-05,4167,502.79510510541894,22.423093120830117,1.2106194320715968,0.0070471925253255668,0,3504.9846293006276,59.202910648891475,3.1963562600632476,0.062874294081957105,0
5,2023-01-06,4168,1311.5294373338602,36.21504435084762,1.9277164107655829,0.70386321661296336,1,1028.6443825478618,32.072486379260681,1.7072092395741985,0.67672142061408691,1
5,2023-01-10,4169,2134.5586938990768,46.201284548149488,2.4675559883648619,0.15163322864877041,0,28429.127322172932,168.60939274599423,9.0052283358343388,0.079336480648386998,0
5,2023-01-11,4170,1462.56226353901,38.243460402257142,2.0314711642324053,0.12519053880851311,0,288006.59082129161,536.66245519999961,28.507208584101335,0.002582987180879937,0
5,2023-01-12,4171,2512.4061075549148,50.123907544752683,2.62821002777719,0.73433408357966889,1,14404.837842244724,120.02015598325443,6.2931681295783983,0.32083478625114681,1
5,2023-01-13,4172,8063.3562571064931,89.796192887596817,4.6920364138152797,0.0090651982673709171,0,3487.0589004637714,59.051324290516732,3.0855535735456541,0.25498835921315444,1
5,2023-01-17,4173,3701.6938477561666,60.841547052619944,3.1676756938938899,0.4403561683250789,1,260245.71455879588,510.14283740810856,26.560256021664426,0.10794808946618463,0
5,2023-01-18,4174,2717.794592588114,52.132471575670706,2.7172141965845253,0.36488992764080685,1,17905.972581253696,133.81320032513122,6.9745231066992197,0.096191148665157322,0
5,2023-01-19,4175,3738.7190357401814,61.145065506058472,3.1765320539279172,0.25436772794724599,1,73564.896466503167,271.22849493831427,14.090523920116071,0.67399344266537831,1
5,2023-01-20,4176,3253.9612718721482,57.043503327479357,2.9646849606298717,0.063028308201101738,0,8515.7177108823616,92.28064645895347,4.7960421214569653,0.15402926519481733,0
5,2023-01-30,4177,4055.9771971647947,63.686554288678508,3.3102840214501015,0.055569735743677268,0,4303.3375515496673,65.599828898783471,3.4097317375530678,0.097243060568007855,0
5,2023-01-31,4178,3793.5184218039421,61.591545051280718,3.1980655823916457,0.55934832190427819,1,4569.7368671448012,67.599828898783471,3.5100383664148436,0.3389392290384205,1
5,2023-02-01,4179,2443.0926530412967,49.427650693122132,2.5721463686478874,0.0083545641021562801,0,4013.2008215051414,63.349828898783471,3.2966372075447383,0.020773958676774805,0
5,2023-02-02,4180,4.0293211082816685,2.0073168928402083,0.10703692072627555,0.87734076104578151,1,444.57329430241481,21.084906789037859,1.1243184892973503,0.73691753766476442,1
5,2023-02-03,4181,1709.4016370262125,41.344910654471278,2.2071218819949969,0.0055182901889070241,0,29190.821073595143,170.8532149934415,9.1206841048147069,0.51142189810786154,1
5,2023-02-06,4182,988.46314600412711,31.439833746445402,1.68064541329157,0.12114457951476823,0,129013.72759007025,359.1848097986192,19.200556465420387,0.22009638075311874,0
5,2023-02-07,4183,645.52139172662146,25.407113014402512,1.356746483026861,0.40717154347831308,1,159171.55259662477,398.96309678543548,21.304733761537687,0.35134643523357889,1
5,2023-02-08,4184,1014.8756496124023,31.85711301440233,1.6953388864031895,0.041793761640920586,0,260826.96372636638,510.71221223539033,27.178554214006191,0.0033547155230601658,0
5,2023-02-09,4185,119.67419716860906,10.939570246065841,0.58824381599536701,0.004885965224034638,0,525681.78109697381,725.03915831972404,38.986888117423455,0.0060906867555350405,0
5,2023-02-10,4186,300.66441902572581,17.339677592900216,0.93422470261578172,0.30384771794462256,1,624678.13466075144,790.36582331269324,42.583218302992556,0.65263377832515557,1
5,2023-02-13,4187,581.90139420582193,24.122632406224284,1.294340956496447,0.22291320201047993,0,50461.943942938517,224.63736096860316,12.053300475860018,0.14669864519113482,0
5,2023-02-14,4188,21.159760118004176,4.599973925796121,0.25119997410420053,0.039540936723916724,0,6550.292656653899,80.933878299843627,4.4197181247184156,0.072485395572951333,0
5,2023-02-15,4189,33.73632410693105,5.8082978665811424,0.31757554151732642,0.025576254022528496,0,12569.221362424265,112.11253882784149,6.1298853893130749,0.079391400329152359,0
5,2023-02-16,4190,34.197559208688098,5.8478679199079124,0.31886735842896002,0.018474628494200729,0,37699.630184664049,194.16392606419981,10.587198454930604,0.01309690256874672,0
5,2023-02-17,4191,94.69117374857889,9.7309389962417754,0.52976231027257403,0.014336010534509728,0,110544.61191710872,332.48249866287506,18.100688606194034,0.091297489726743397,0
5,2023-02-21,4192,425.50565392757738,20.627788391574541,1.1236708915470266,0.40766205224925106,1,142783.02806499315,377.86641563519925,20.583762257126473,0.07687421928943336,0
5,2023-02-22,4193,91.593393194102774,9.5704437302615588,0.52847642012543461,0.088755521363183654,0,121999.40955436046,349.28413870996269,19.287343035973532,0.25249548949715039,1
5,2023-02-24,4194,139.68028675336518,11.818641493562836,0.6498579437254467,0.017643077047329678,0,7477.0060262461939,86.46968270004345,4.7546082368813929,0.0002030679686782343,0
5,2023-02-27,4195,126.17519652999594,11.2327733231823,0.61562936113023681,0.59352159431925666,1,1945.2114032297122,44.104550822219153,2.4172175173856822,0.11568558198886945,0
5,2023-02-28,4196,26.822058067845269,5.1790016477932568,0.28127639634993923,0.66242611670010865,1,1429.5624605912396,37.809555149343396,2.0534721058706529,0.74960882140081131,1
5,2023-03-01,4197,362.81482530609424,19.047698687928005,1.0373433551861455,0.44332464156606455,1,19041.881244537413,137.99232313624339,7.515103100764807,0.090847332561667216,0
5,2023-03-02,4198,409.09884124715933,20.226191961097356,1.0985629612523344,0.029034252651281615,0,585.64800692183678,24.200165431703908,1.3144048791083784,0.07924483046552161,0
5,2023-03-03,4199,334.41061185150954,18.28689727240544,0.98898879275332952,0.049091973756785721,0,8301.6158593601413,91.113203540212226,4.9275684021639341,0.043922023232270978,0
5,2023-03-06,4200,295.76174190541684,17.197724904923234,0.94685486455559298,0.63560737436065973,1,7933.7424902234334,89.071558256400976,4.9040113558553644,0.18264939248368944,0
5,2023-03-08,4201,294.90090667108711,17.17267907669293,0.93768041261837554,0.0001069169453330202,0,248.99646120658019,15.779621706700709,0.86161525099381386,0.0050023384930465925,0
5,2023-03-09,4202,1110.9839685892289,33.331426140944359,1.7908086576733033,0.79417965382922617,1,2460.4171548735794,49.602592219294138,2.6650150285718812,0.52623498857618889,1
5,2023-03-10,4203,2697.2054910660022,51.934627090853382,2.7172409925628309,0.19177739160355406,0,7547.8767368433864,86.878517119270555,4.5455196525543116,0.014120166025965036,0
5,2023-03-13,4204,5730.8520782585811,75.702391496296741,3.9685665642471619,0.0096225867562762975,0,51174.42591215179,226.21765163698387,11.859068000156425,0.024660333793902315,0
5,2023-03-14,4205,5849.3025169165294,76.480732978420974,3.9763300914225317,0.1843106321867872,0,78140.120742967527,279.5355446861231,14.533406711350894,0.044018540400596683,0
5,2023-03-15,4206,5270.1630340238135,72.595888547656841,3.7756280612485682,0.70184980662699359,1,278848.11345897941,528.06071001256987,27.46382577103471,0.28943861403282473,1
5,2023-03-16,4207,10333.209773805103,101.65239679321439,5.1807959223900104,0.00090164885558251023,0,91582.730958446162,302.62638840399586,15.423596575301762,0.17427505665066334,0
5,2023-03-17,4208,7371.7108555002442,85.858667911284556,4.3597465108428954,0.57176952684668547,1,0.24815294205256061,0.49814951776806993,0.025295123658469542,0.58127339425269497,1
5,2023-03-20,4209,5201.8545685744239,72.123883482341853,3.6463956865614322,0.063822175176385637,0,50635.507094591558,225.023347887706,11.376594347061655,0.037445777270133408,0
5,2023-03-23,4210,3593.273114929591,59.943916413007173,3.0065160203133301,0.086753556643581864,0,51710.130066269237,227.39861491721808,11.40528713598245,0.066223482223581584,0
5,2023-03-24,4211,68.450177260983381,8.2734622293803568,0.42509760973052568,0.0017776048761597,0,116550.58325325615,341.3950545237235,17.541171716055157,0.088363273485106572,0
5,2023-03-27,4212,1014.260273575802,31.847453172519181,1.6225107966741821,0.0049794812632587343,0,81596.171283812262,285.6504354693202,14.552840791161842,0.017856547766482087,0
5,2023-03-28,4213,1180.9929644767903,34.365578192092016,1.748884386366006,0.089986760083911835,0,80372.496911294133,283.50043546932011,14.42750307731909,0.092812798983972947,0
5,2023-03-29,4214,837.9612315333552,28.947560027286499,1.4622195295896601,0.055119300335696536,0,100579.4927467581,317.1427009198826,16.019735359897087,0.054948578075731093,0
5,2023-03-31,4215,317.12049753464379,17.807877401157157,0.8978912620963625,0.0079034445520216549,0,89750.671035775071,299.58416352633708,15.10533774650013,0.064748436661765774,0
5,2023-04-03,4216,2445.6361438533104,49.453373432490025,2.4703218658519419,0.0018928409726447039,0,60811.774773658268,246.60043546932002,12.318319370064438,0.012869817273846965,0
5,2023-04-06,4217,954.40457045824542,30.893438954869453,1.5425894519832952,0.00069751580188459074,0,78503.16549095315,280.18416352633699,13.990321242639286,0.027781253847598889,0
5,2023-04-11,4218,1112.6552933118417,33.35648802424862,1.6610142428168817,0.0035130099992355676,0,87787.095154924915,296.28887112904681,14.753952351809922,0.005540977036064443,0
5,2023-04-12,4219,6024.0681287852158,77.614870538996684,3.7889560662450479,0.20544805836390242,0,7608.4318483798916,87.226325432061458,4.2581622901248002,0.017540487846716139,0
5,2023-04-13,4220,1242.6710529329603,35.251539724286658,1.7665074653246804,0.00087521248281445746,0,14055.605089150495,118.55633719523598,5.9410356641144535,0.0068079498555984937,0
5,2023-04-17,4221,2708.0392712226235,52.0388246525863,2.6027220492440879,0.018115670743576555,0,11653.065011664045,107.94936318322607,5.3990878855269608,0.019224045138225343,0
5,2023-04-18,4222,687.576227377446,26.221674763017063,1.3173080185384474,0.35233330760493842,1,24351.931923151271,156.051055501561,7.8395948607953088,0.13722748395529216,0
5,2023-04-19,4223,5491.3730705890011,74.103799299286948,3.6919910967933109,0.041915316325209069,0,71970.578911832577,268.27332873737669,13.365883403700604,0.42793305580921576,1
5,2023-04-20,4224,425.21686793781419,20.620787277352292,1.0448046653333818,0.29595493309946136,1,43467.114714906966,208.48768480393983,10.563559131757902,0.29222702561260605,1
5,2023-04-21,4225,45.487165939527962,6.7444173906667402,0.34093708374617027,0.072144265974074584,0,6269.3181651913847,79.179026043462954,4.0025794178274667,0.082171471183794087,0
5,2023-04-24,4226,346.20441798565378,18.606569215888612,0.93622668893471928,0.20783321958913531,0,9238.513582387337,96.117186716982815,4.8363282035313881,0.012336144314522591,0
5,2023-04-25,4227,668.25778618021752,25.850682508982572,1.2905982281069681,0.068119554878731989,0,1155.0402805504539,33.985883548180027,1.696749053828259,0.041571562692454482,0
5,2023-04-26,4228,269.6537898881229,16.42113850767123,0.82699058281526105,0.66534729417334415,1,3642.5078273369745,60.353192354149542,3.0394677991664962,0.23482521195783607,0
5,2023-04-27,4229,1987.7094740893187,44.583735533143908,2.2488076231693479,0.20435887787186641,0,15574.881050938797,124.79936318322621,6.294891083868059,0.062237806178928316,0
5,2023-04-28,4230,8146.1641919440408,90.256103350100602,4.4456754679391493,0.074405461958581248,0,5602.8439759845396,74.852147437361737,3.6869346585243692,0.19320332960145001,0
5,2023-05-09,4231,7495.6241162652786,86.577272515743289,4.2499213369532569,0.066838930264420351,0,8987.2596251059549,94.801158353186565,4.6536169822146904,0.011154577646175202,0
5,2023-05-10,4232,2896.7509714308972,53.821473144377023,2.6697821446155423,0.86100901650260508,1,0.12687105186403105,0.35618962907983587,0.017668574571781833,0.30805448109659311,1
5,2023-05-11,4233,2502.2969784669513,50.022964510981865,2.4765069810872746,0.022028843552001964,0,2977.2695315929659,54.564361368873051,2.7013397380500543,0.029092270626966083,0
5,2023-05-12,4234,2757.1688325187738,52.508750056716963,2.5995717637861753,0.17763877187247176,0,3957.5837160025594,62.909329324056216,3.1144774159144619,0.19780628798189229,0
5,2023-05-15,4235,1411.7276621434992,37.572964510981819,1.8716762315864315,0.0082811675735009731,0,4490.9246296779111,67.014361368873097,3.3382829644012602,0.031904139171544853,0
5,2023-05-16,4236,63.526050411431861,7.9703231058365418,0.40368330155168863,0.014784287324039285,0,30343.781466665874,174.19466543687804,8.8226633628888784,0.0060633279884909873,0
5,2023-05-17,4237,255.11510758420326,15.972323174297571,0.81478973495370965,0.050426046132680986,0,616121.56253785233,784.93411350116025,40.041530046480659,0.032868974266662243,0
5,2023-05-18,4238,828.37561570028265,28.781515173810476,1.4672468991542862,0.048387994444408187,0,24085.515068637043,155.19508712790184,7.911658193714409,0.0062514546910455654,0
5,2023-05-19,4239,1241.2351902367066,35.231167880680687,1.7881118550820019,0.44788093650936706,1,7158.2417015004503,84.606392793337136,4.2940868290786751,0.38754083870622386,1
5,2023-05-22,4240,1137.0952060381267,33.720842309143563,1.712413279968696,0.0019448228752256271,0,1767.4045419578056,42.0405107242741,2.1349030430770921,0.25498678667427288,1
5,2023-05-23,4241,887.39513583062012,29.789178166418424,1.51240972591163,0.69991678068385188,1,4017.09186351579,63.380532212310982,3.2178575996908578,0.022183493376293457,0
5,2023-05-24,4242,37.685244490837228,6.1388308732882706,0.31509461687608215,0.0010118481703775036,0,3967.804441304896,62.990510724274145,3.2331841767880993,0.11458267447200682,0
5,2023-05-25,4243,725.59861416846923,26.9369377281173,1.3828706672887365,0.37875075251455015,1,10926.362405955386,104.5292418701838,5.3662529837354995,0.024339513129706326,0
5,2023-05-26,4244,1049.2010930865526,32.391373744973407,1.6590116901827656,0.064500063608380717,0,121185.37246005102,348.11689482133875,17.829746975407243,0.036248820484861777,0
5,2023-05-30,4245,1966.1574255914211,44.341373744973453,2.2572476962417762,0.098053824174045207,0,118596.18456010926,344.37796758809827,17.530949276527092,0.52298436919582103,1
5,2023-05-31,4246,2374.9832201745662,48.733799566364269,2.468346522468877,0.059300399862471986,0,12135.479723517225,110.16115342314288,5.5796162495577217,0.11794442045982624,0
5,2023-06-01,4247,484.20443575875356,22.004645776716188,1.1208274940387719,0.46248146409181512,1,11755.180523493882,108.42131028305221,5.5225422275844753,0.24507037310083291,0
5,2023-06-02,4248,922.21192357698965,30.367942366531679,1.5496615398939442,0.035206098819759259,0,23337.254069553201,152.76535624791768,7.7955428902057848,0.12303185882420514,0
5,2023-06-05,4249,802.87326387123926,28.33501833193759,1.4476954058979481,0.025947528138546463,0,520331.20599976787,721.33986857775153,36.854764009592614,0.0012029181617369564,0
5,2023-06-06,4250,2375.9683559761447,48.743905834228599,2.4776428105943835,0.19829143016206593,0,497150.69744290516,705.08914148702161,35.839537524437524,0.084636278572816845,0
5,2023-06-07,4251,1377.7416455251673,37.117942366531679,1.8876089486641414,0.26378929198873091,1,18455.138731945048,135.84969168881116,6.9085481941014617,0.18986426783591542,0
5,2023-06-08,4252,962.11274865347241,31.017942366531543,1.5823058902479998,0.45230397649817944,1,0.00046141387059362154,0.021480546329030403,0.001095778520075009,0.11275082481630562,0
5,2023-06-09,4253,889.42591979034842,29.82324462211227,1.527126049573059,0.29403857014044554,1,626255.62427485827,791.36314311121305,40.522461114814533,0.079420229550615562,0
5,2023-06-12,4254,5199.5275878047732,72.10774984566342,3.6895082810920701,0.018921557038441301,0,291367.392313583,539.7845795440835,27.618940828084497,0.026403375307928627,0
5,2023-06-13,4255,4930.876021718499,70.220196679577157,3.5903567174341524,0.62314780892940713,1,292284.2837747233,540.63322481579257,27.642561857848069,0.14066871474012907,0
5,2023-06-14,4256,3292.6816545746747,57.381893089847381,2.9391191686863207,0.69423318691913982,1,357517.05659874051,597.92730042935864,30.626030190762858,0.54593046809908663,1
5,2023-06-15,4257,7544.5731425629219,86.859502315883219,4.432172589150821,0.0013399065049376679,0,145.76559984123821,12.073342529773527,0.6160654435399171,0.0030100321067496197,0
5,2023-06-16,4258,991.29621174802799,31.484856864023186,1.6309594583658309,0.1048714651339339,0,27895.781682753517,167.02030320518975,8.6518844417203109,0.049442931233862383,0
5,2023-06-20,4259,4567.7903423282978,67.585429955932796,3.5097463171361767,0.0029725167607639979,0,22603.303753319953,150.34395150228011,7.8074391245698909,0.026338159276682864,0
5,2023-06-21,4260,4775.4741158446013,69.104805302124987,3.5937805035168227,0.62743971665317422,1,3546.51078783196,59.552588422603094,3.0970195237715479,0.40958206542139242,1
5,2023-06-26,4261,4219.5268843440499,64.957885467001233,3.3851626174892506,0.05277695250157205,0,39773.866227211736,199.43386429393513,10.393134832140035,0.018690726368811205,0
5,2023-06-27,4262,2625.3859660955541,51.238520334759414,2.6848941697107218,0.24588660495605127,0,2349.1144968353806,48.467664445848641,2.5397015534399832,0.079977587569065242,0
5,2023-06-28,4263,4396.3829910019067,66.305225970521406,3.4673931740369408,0.0080131049590851725,0,266.19398178356846,16.315452239627575,0.85320707227755666,0.011356007788515239,0
5,2023-06-30,4264,6212.5711268677251,78.819865052331352,4.086577578863583,0.43396241998350743,1,634.51999082440818,25.189680244584451,1.3060106413264783,0.30720746889476669,1
5,2023-07-03,4265,4820.6687372886927,69.431035836207229,3.6074629587824916,0.37233202815019367,1,790.99785920635725,28.124684161895175,1.4612882426360727,0.11687239309351116,0
5,2023-07-05,4266,1754.0879559667721,41.881833245057123,2.194144658689078,0.003244210904867192,0,693.16014935021872,26.327934771839182,1.3792924754735532,0.0049545890912017776,0
5,2023-07-06,4267,3870.0190599429675,62.209477251805993,3.2362002419916762,0.0062963718261823225,0,39381.840713811689,198.44858455985946,10.323497089937026,0.010864061853184802,0
5,2023-07-07,4268,4246.0043498171217,65.161371607856154,3.3888793222309213,0.78102753961344573,1,39510.085533375852,198.77144043693966,10.3376035176274,0.32873429200408644,1
5,2023-07-10,4269,5823.425436672328,76.311371607856245,3.9458813106779518,0.5262997413271604,1,23140.657919063444,152.12053746639026,7.8657947447653891,0.34269332948192427,1
5,2023-07-11,4270,8724.4533970830362,93.404782517187186,4.7818964069619208,0.78191552892401683,1,71953.570180773793,268.24162648771312,13.732740822593209,0.36845703274531749,1
5,2023-07-12,4271,3700.4769640181498,60.831545796717592,3.1067411862167762,0.0075295555169583557,0,128559.67242993104,358.55218926947168,18.311697314648335,0.012373605762119023,0
5,2023-07-13,4272,1008.1611052699624,31.751552800925538,1.6252010442199691,0.02624419831073414,0,85465.058913534274,292.34407624156552,14.963611416367176,0.041610238972265456,0
5,2023-07-14,4273,3836.7314212616634,61.9413546934652,3.1362711237197569,0.031060561244788905,0,105141.98629317533,324.25605051128241,16.418027873988983,0.35749748837947048,1
5,2023-07-18,4274,1099.9313076595865,33.165212311390178,1.6789537201706117,0.005688887530098107,0,2985.3552066823358,54.63840413740445,2.7660112960945886,0.0063870375681285285,0
5,2023-07-19,4275,721.57820382153045,26.862207724264408,1.3593546745743843,0.060774081011757353,0,29719.491418004342,172.39342046030742,8.7239218895960438,0.22733156342998165,0
5,2023-07-20,4276,78.488881361020645,8.8593950900171876,0.45187162552367577,0.052131470316271938,0,15752.696906167981,125.50974825155208,6.4015989111268015,0.032387501807173716,0
5,2023-07-21,4277,233.91043932951567,15.294130878527085,0.78031279992485125,0.015703434367950402,0,31204.080824647863,176.64676850893102,9.0125902300475005,0.10192603675622067,0
5,2023-07-24,4278,180.73440606101389,13.443749702408695,0.68636083639192802,0.32094966727895008,1,21306.477714042099,145.96738578888812,7.4522584259400686,0.1196932925145528,0
5,2023-07-25,4279,442.83940153762222,21.043749702408604,1.070220703982536,0.100794984994913,0,57067.883810134954,238.88885241914272,12.149155897835668,0.30429780345186375,1
5,2023-07-26,4280,57.601673416588667,7.5895766296011971,0.39013939032056943,0.013707085982427879,0,65976.063984921027,256.85806194262432,13.203694036683597,0.0093581746814336963,0
5,2023-07-27,4281,1335.0659337932739,36.538554073653131,1.869697023085743,0.060590436813504157,0,237538.18244900572,487.37889003218606,24.939434055631882,0.11707396101663471,0
5,2023-07-28,4282,2722.6580221259433,52.179095643044093,2.647811414662375,0.0083552490766526776,0,4990.5251348519587,70.643648935003057,3.5847892286810472,0.0098701067844125905,0
5,2023-07-31,4283,3.778162905613891,1.9437497024086952,0.099822807231342181,0.006043460148777653,0,94518.582697479287,307.43874625277681,15.788760592274897,0.0087832389938904392,0
5,2023-08-01,4284,1188.0869370771377,34.468637006373456,1.772895638636635,0.0056303026334018754,0,69110.193580048188,262.88817694991189,13.521663252232893,0.023645413528784673,0
5,2023-08-02,4285,2340.4671587022049,48.378374907619673,2.4993348439862411,0.060528870801369358,0,122599.77378355082,350.14250496555087,18.089143438408332,0.031388333309708152,0
5,2023-08-03,4286,2513.4568719934186,50.134388118270863,2.5809873159294119,0.0017212407438723831,0,151787.80997091002,389.59955078376311,20.057121201769061,0.037545060223814819,0
5,2023-08-04,4287,1427.7322669307748,37.785344605161072,1.956066915419634,0.35652411671660517,1,117739.67794540057,343.13215813356896,17.763221935785523,0.78699821485090182,1
5,2023-08-07,4288,4311.4916382110832,65.661949698520857,3.4085314419913235,0.015908656460372837,0,4701.6811290788437,68.568805801755389,3.5594272114698602,0.014711813799993751,0
5,2023-08-08,4289,3511.6264494661323,59.258977796331692,3.0819907838425009,0.12425838329017291,0,584781.77295869705,764.71025425235212,39.771694409171872,0.072446082827282696,0
5,2023-08-09,4290,3352.183528256533,57.898044252431646,3.0141102739565646,0.080194676905540926,0,339440.9831526319,582.61563929629619,30.330347196433767,0.018641600228554382,0
5,2023-08-10,4291,1675.6277306246011,40.934432091145482,2.1501999785237285,0.029344428606201487,0,497336.08084926812,705.22059020512734,37.043760483526057,0.012189472056889115,0
5,2023-08-14,4292,1965.3570417757805,44.332347577990731,2.337772435362182,0.26044710964210155,1,19744.021015628256,140.51341934359243,7.4096775038148248,0.17630539874706733,0
5,2023-08-17,4293,3970.4316550305389,63.011361317071533,3.3274204634879614,0.011844120030245694,0,36390.581536010082,190.76315560403714,10.073567914877602,0.019921924108840781,0
5,2023-08-18,4294,5208.6349808285377,72.170873493595309,3.8188678198584709,0.066557873999312428,0,8635.3640341003429,92.92665943689326,4.9171447171412153,0.0051184492141597192,0
5,2023-08-21,4295,4334.0415906563885,65.83343824118856,3.4781898423557553,0.019322561014486737,0,18320.822649232618,135.35443343028192,7.1512050418851896,0.01320591711047988,0
5,2023-08-22,4296,8052.0899385852181,89.733438241188651,4.6817853150647561,0.87535233536156321,1,12422.090731265123,111.45443343028182,5.8150644838797811,0.60927648371594945,1
5,2023-08-23,4297,5754.4279475226485,75.857945843020616,3.9570144671772054,0.030381838918291781,0,494.45175982082594,22.236271266127915,1.1599212991903141,0.022445303244928855,0
5,2023-08-24,4298,5686.821479156336,75.411016961425048,3.9368842057648159,0.77257274904542839,1,0.044423712803934257,0.21076933553990784,0.011003358681279449,0.30217855001616256,1
5,2023-08-25,4299,7065.2810129554164,84.055225970521406,4.3551930554674305,0.0022151760279382885,0,1000.8278378356968,31.635863159327528,1.6391638942656752,0.024335358716955073,0
5,2023-08-29,4300,6996.344277303564,83.644152678496084,4.2948398078866319,0.022810589106995845,0,84.180540759240458,9.1749954092217649,0.47110448559583912,0.0047650761563900849,0
5,2023-08-30,4301,4546.2201076592173,67.425663568549453,3.4714340507928467,0.025459876424845235,0,236850.97911466192,486.67338032263683,25.056550497999119,0.0084634633329074959,0
5,2023-08-31,4302,2131.4332798349506,46.167448270777868,2.3790908902516228,0.013852434540944434,0,200409.36133019504,447.67104142461017,23.069286615887773,0.10857208088813519,0
5,2023-09-01,4303,1017.2634152310142,31.894567174222857,1.6559143956296589,0.2665135280876777,1,21462.236844851526,146.49995510187546,7.6060409688944217,0.11784377439308769,0
5,2023-09-05,4304,3759.1551758339351,61.311949698520721,3.1899248041685038,0.0046644273419891415,0,615.37104602610771,24.806673417169577,1.2906362174329273,0.17737161885455052,0
5,2023-09-06,4305,3566.0507948026029,59.716419808982209,3.1129053514208676,0.0120441920380306,0,6837.3995727764559,82.688569783111234,4.3104005933803133,0.023954343787077077,0
5,2023-09-07,4306,4240.6286107413016,65.120109111865759,3.3779494300168982,0.10459833070523422,0,12591.890657146656,112.2135939053137,5.8208109713307241,0.038541804338642571,0
5,2023-09-08,4307,1578.2779929559222,39.727547029182688,2.0638222826142334,0.01838295652033186,0,363758.07577561983,603.12359908696976,31.331909872306802,0.0073240693658401168,0
5,2023-09-11,4308,544.17445039872575,23.327547029182597,1.2222654386409892,0.54272547289065864,1,447186.70301963895,668.72019785530551,35.038128309727568,0.25231306050618352,1
5,2023-09-12,4309,3312.2042648031706,57.55175292554668,3.0071978746758639,0.029214358237964894,0,19685.127765401317,140.3036983311606,7.3311578185369735,0.10356483813087683,0
5,2023-09-13,4310,2685.2984140418321,51.819865052331352,2.7248515868190535,0.57780991393008141,1,1808.9290846599065,42.531506964365917,2.2364404871495158,0.48801225618051175,1
5,2023-09-14,4311,8189.0385685785932,90.493306761210761,4.694366694050462,0.41172518141002951,1,356.57115975369163,18.883091901319858,0.97956590243916886,0.4343760346282714,1
5,2023-09-15,4312,6992.9489801434902,83.623854133515579,4.3030773732737577,0.075870699717547424,0,19895.884557291483,141.05277224248903,7.2582279178989388,0.027992183704772865,0
5,2023-09-20,4313,2924.1663904537963,54.075561859806839,2.8237891310604093,0.12250411991486866,0,1406.0307021203739,37.497075914267953,1.9580718493090314,0.24915002182899304,0
5,2023-09-21,4314,5039.3275546275345,70.988221238650112,3.6832034263963531,0.008295109302393645,0,69.381447177640439,8.329552639706435,0.43217644121236076,0.011526144303080264,0
5,2023-09-22,4315,2622.1139555520745,51.206581174220901,2.6602894342011534,0.26059945038182131,1,11608.493791289089,107.74272036332241,5.597460600219363,0.45450093744373538,1
5,2023-09-25,4316,2262.8012637961624,47.568910685406308,2.4943714472827829,0.011472076951076632,0,77.940647204460149,8.8284000364992608,0.46293490136594534,0.0050853697782923092,0
5,2023-09-26,4317,732.96366254886902,27.073301655854038,1.4344991075003466,0.0025059881539346443,0,2340.6807248453365,48.380582105275835,2.5634812751166129,0.02310599381129241,0
5,2023-09-27,4318,2194.6153841877649,46.846722235261723,2.5004255149455163,0.021822293235884405,0,256.33485890535098,16.010460921077538,0.85455210275026217,0.04167799294664265,0
5,2023-09-28,4319,1947.7192788658488,44.132972694640102,2.3765736507614488,0.022673301109379984,0,640.51697151757639,25.308436765584247,1.3628668155941974,0.033565851847696407,0
5,2023-10-10,4320,2090.0399172133075,45.71695437376934,2.4431238142294904,0.01288580266022972,0,1892.5715933167221,43.503696317861568,2.3248468306138448,0.030333737008406771,0
5,2023-10-11,4321,1294.6560157199112,35.981328709761556,1.9200282129008299,0.017588208018084379,0,451.58244620114209,21.250469317197258,1.1339631439272817,0.29698963479001783,1
5,2023-10-12,4322,5376.184889383162,73.32247192630075,3.8404814543421719,0.057168891131477641,0,18055.078274783205,134.36918647808807,7.0379837878738778,0.12196827559605052,0
5,2023-10-13,4323,6414.8550538404543,80.092790273784658,4.1757404798511333,0.072990511752126536,0,2340.5781025042775,48.37952152000139,2.5223284857016965,0.036094509434066488,0
5,2023-10-16,4324,7176.260322801576,84.712810854094414,4.3933622473858733,0.079788583824630985,0,48744.826023377798,220.78230459748761,11.450176568690363,0.043958462329836544,0
5,2023-10-17,4325,6694.0714543619179,81.817305347719184,4.1835304672352187,0.18537288844719008,0,48936.379303305053,221.21568503002914,11.311330215781005,0.30054050922061543,1
5,2023-10-18,4326,3749.6502882190207,61.234388118270772,3.1345186004080148,0.77881552301661394,1,89098.657717542359,298.49398271580344,15.279567081252257,0.12067529587960754,0
5,2023-10-19,4327,7638.8543558289257,87.400539791404753,4.3952999643653383,0.012030657707488443,0,2381.4268251963508,48.799865012070995,2.4541043506196125,0.36673434710349195,1
5,2023-10-20,4328,231.19880708470725,15.205223019893765,0.77066513025310512,0.13466465286714999,0,17530.80934572138,132.40396272665475,6.7107938533530032,0.10454274592445012,0
5,2023-10-23,4329,1014.498635140531,31.851195191711895,1.6059696057939745,0.008114398534134315,0,73630.045909495762,271.34856902054185,13.681670398857554,0.23309866675658791,0
5,2023-10-25,4330,613.74333801042985,24.773843827925248,1.2543718393886203,0.094448068568705343,0,74802.488201907734,273.50043546932011,13.848123314902283,0.06062670998468353,0
5,2023-10-26,4331,989.17767898717,31.451195191712031,1.5861210949474018,0.11666189354932946,0,63580.522697763794,252.15178503782954,12.716313734319911,0.032708655987069526,0
5,2023-10-27,4332,1981.1569831222857,44.510189654979968,2.2281833027122531,0.084814162834353751,0,47954.909818186439,218.98609503387752,10.962459703337881,0.01790190163842104,0
5,2023-10-30,4333,2075.5799084227165,45.55853277293636,2.2814629061513525,0.053009566801340606,0,48261.980351233782,219.68609503387734,11.001356854818836,0.087804081448170812,0
5,2023-10-31,4334,1225.5973669137463,35.008532772936178,1.7624553967294878,0.86433679711606648,1,68722.850816754217,262.1504354693202,13.197595361810366,0.73830886480003632,1
5,2023-11-01,4335,1233.5680158614396,35.122186945881367,1.7706285010022873,0.0053325810784080807,0,75947.681438194573,275.58606902054134,13.89322791997083,0.084169469563399199,0
5,2023-11-02,4336,1446.2281767216082,38.029306813582707,1.9162202365001868,0.40079129004517117,1,13.00240429642276,3.6058846759738117,0.18169327199303698,0.12630185597433066,0
5,2023-11-06,4337,76.080622577780744,8.7224206833757307,0.44486258394327183,0.029031131918750945,0,5130.0832235878624,71.624599290940978,3.6530116433386537,0.029118676748623316,0
5,2023-11-07,4338,1009.5700484662584,31.773732051275601,1.6216465690803379,0.059960114407713795,0,3745.0675562781712,61.196957083487177,3.1233295268067054,0.23604133949483944,0
5,2023-11-08,4339,1058.6904027485064,32.53752299651137,1.6622403124734408,0.49867218672012997,1,11494.060630243157,107.21035691687234,5.4770419125327514,0.56553731843010102,1
5,2023-11-09,4340,155.59426245152702,12.47374292069253,0.64243004252530211,0.58587940826906471,1,2865.7250907160278,53.53246763148536,2.757060625317918,0.5093824855103577,1
5,2023-11-10,4341,38.793054537668063,6.2284070626178618,0.32252321480039675,0.19946104193445222,0,18.482145582948924,4.2990865986798781,0.22261795296480735,0.18602136668653935,0
5,2023-11-13,4342,3705.7049451447415,60.874501600791291,3.1086968440808542,0.031459030856958732,0,9352.1264070991911,96.706392793337045,4.9385350216186827,0.1087120243465633,0
5,2023-11-15,4343,4042.1385949097357,63.577815273173201,3.2108386078063331,0.029085299131641755,0,969.73140816863872,31.140510724274236,1.5726736389209757,0.013274764592618267,0
5,2023-11-16,4344,219.68934342890719,14.82192104380897,0.74818510607046618,0.14099808352939688,0,1292.3341132663302,35.949048850648751,1.8146462154235758,0.034968202817258875,0
5,2023-11-17,4345,76.143577819674817,8.7260287542314927,0.44323811419878562,0.3811633570506292,1,26774.497670111516,163.62914676215701,8.3115328268480209,0.16539338777835469,0
5,2023-11-20,4346,4403.5932213821134,66.359575204955263,3.3070654442816338,0.010875390244693774,0,24620.871455099212,156.91039307547226,7.8197145956081071,0.13585988508872845,0
5,2023-11-21,4347,1841.0299218165421,42.907224587667542,2.1479925202206474,0.064185973598251636,0,39.641802905107163,6.2961736717713848,0.31519479721515781,0.0063368617509970155,0
5,2023-11-22,4348,4476.3119392706894,66.905245977207869,3.343841166364689,0.0067224481206178228,0,9066.1974090394087,95.216581586609209,4.7588065865311853,0.080427506611135333,0
5,2023-11-24,4349,4084.5868913054178,63.910772889282271,3.1550748100255355,0.77548197658348805,1,48.937407493774245,6.9955276780078748,0.34534730471739317,0.091186036655294428,0
5,2023-11-28,4350,7309.6846796375557,85.496693969050966,4.1767846781333677,0.0024174046446879295,0,42401.188704428365,205.91548922902416,10.05962476997602,0.0017713890904054873,0
5,2023-11-29,4351,4223.2258176154546,64.986351010157932,3.1927264737604917,0.022705233006144708,0,15372.320366276424,123.98516187946211,6.0912899790936708,0.057684873226678146,0
5,2023-11-30,4352,5252.2741364061931,72.472575063993645,3.5431981550793799,0.019180519529420747,0,66347.835210570847,257.58073532500612,12.59317176713631,0.012604454700271658,0
5,2023-12-01,4353,5812.4344959055152,76.23932381589907,3.7207156397305612,0.25444786779536166,1,39159.049681450284,197.8864565387189,9.6574732943910035,0.19053839308217921,0
5,2023-12-04,4354,2658.0116503814406,51.55590800656546,2.5480469521617843,0.19020710688997552,0,16606.43654012389,128.86596346640135,6.3689407896014707,0.065652527382156267,0
5,2023-12-05,4355,4431.5688967772567,66.570030019350725,3.2851376835447454,0.030955663293855459,0,10299.560010595009,101.48674795555826,5.0082287779095065,0.085862288192151748,0
5,2023-12-06,4356,6485.8952907529483,80.535056284533312,3.9733117709079537,0.24225803638435098,0,32721.801898064172,180.89168554155322,8.9245490917930432,0.43750476013465261,1
5,2023-12-07,4357,1772.2499595815102,42.098099239532303,2.0964144833191725,0.020615519130220566,0,76722.56520753201,276.98838460760771,13.793555331288667,0.0066055386547933647,0
5,2023-12-08,4358,65.077385452316875,8.0670555627389149,0.40606325033291796,0.042542935853368422,0,6992.6149204161402,83.621856714713886,4.2091891734685971,0.14793680600634268,0
5,2023-12-11,4359,2056.8473653557503,45.352479153357763,2.289546364104186,0.11422853179996202,0,2238.5930058018134,47.313771840784511,2.3885590448940865,0.078564911057680445,0
5,2023-12-12,4360,1988.6336836208279,44.594099201809513,2.2493870971908958,0.081435465599200355,0,13215.43996444125,114.95842711363639,5.7986596274217606,0.18014911199312897,0
5,2023-12-13,4361,9580.1739591034875,97.878363079403243,4.7836549083330846,0.40877324667877402,1,8769.7292397012534,93.64683251291126,4.5768453405459786,0.29681191718879396,1
5,2023-12-14,4362,4757.5470243212967,68.974973898663393,3.3939366185436892,0.00034321453746213149,0,14379.838294075293,119.91596346640131,5.9005050172908193,0.038865458339688894,0
5,2023-12-15,4363,3175.0378803951016,56.347474481072368,2.784034906053626,0.24443852912582112,0,14084.559802067733,118.67838810022545,5.863701578607448,0.16559378449208759,0
5,2023-12-18,4364,7387.8704855731512,85.952722386048663,4.2105823296371847,0.022217517229367434,0,882.7259722834043,29.710704674972021,1.4554439304858069,0.034449577410442161,0
5,2023-12-19,4365,5423.1532020071609,73.642061364461824,3.6177967313238106,0.4235123476843542,1,49.590957544985898,7.0420847442348986,0.34595488905872607,0.42117770870516313,1
5,2023-12-20,4366,5589.4875205065273,74.762875282499181,3.661795331463936,0.013974263127251798,0,26264.579733323044,162.06350524816821,7.9376747439960909,0.016592508492954156,0
5,2023-12-21,4367,8350.7356699089323,91.382359730469489,4.445532191597076,0.61118742113258395,1,127287.76365575066,356.77410732247745,17.356202924814042,0.43320579424955258,1
5,2023-12-22,4368,8557.1574705101357,92.504905115945803,4.4701316862832607,0.01919607832352135,0,16675.937731199145,129.13534656010779,6.240231301831825,0.080049284023845424,0
5,2023-12-27,4369,11049.608507134013,105.11711804998276,5.0575980586019416,0.057706337990533971,0,60084.335678496544,245.12106331055384,11.793738611939657,0.19208422457841751,0
5,2023-12-28,4370,6143.8458560694744,78.382688497330037,3.8005570450606103,0.062405316935155102,0,30196.961927220058,173.77273067780243,8.4257530390711022,0.021083648297931544,0
5,2023-12-29,4371,4658.6965648651176,68.254645005780503,3.3465541421284355,0.018226109904777719,0,120.50606904703692,10.977525634086987,0.5382327294789041,0.025815345844305591,0
5,2024-01-04,4372,9316.1161949363304,96.520030019350543,4.6937549551073774,0.46457641635265379,1,5117.5063080570944,71.53674795555844,3.4788215992199016,0.09302904531105427,0
5,2024-01-05,4373,5577.1113494417332,74.680059918573534,3.6699621563012199,0.19362619404776968,0,36271.470836219421,190.45070447813896,9.3592168891905718,0.077427625268871147,0
5,2024-01-09,4374,5206.7884400317071,72.158079520118235,3.5601973317603237,0.013235190210330186,0,22047.091894823825,148.48263162681292,7.3259636681869411,0.095253101705917165,0
5,2024-01-10,4375,4509.7384947193641,67.154586550133445,3.3094934603224719,0.090287894086233986,0,30487.467435494462,174.60660765129842,8.6049137644480904,0.1286149226011844,0
5,2024-01-11,4376,8785.8760184145267,93.733003890916279,4.5597744699202813,0.16717942723274831,0,105250.68623356165,324.42362157149046,15.782045658136864,0.11642282144364441,0
5,2024-01-12,4377,3029.4040508787657,55.040022264519166,2.7004892802060283,0.0074820443893904949,0,20985.717047660582,144.86447821208822,7.1076455713312665,0.0023588511142715678,0
5,2024-01-16,4378,3034.9655848994548,55.090521733774267,2.7384377648203935,0.079879591843835876,0,9381.3094097927587,96.857159827205123,4.8145723786357708,0.015437848436801443,0
5,2024-01-17,4379,4037.2587744148477,63.539426928599596,3.1561408170375316,0.036635653739721122,0,128637.84466981517,358.66118366755995,17.815477034947342,0.20595745040963587,0
5,2024-01-18,4380,5849.3483818804143,76.481032824357271,3.7702315853371755,0.071148027237327063,0,70737.053001346882,265.96438295634039,13.111058783679988,0.044195904812071994,0
5,2024-01-19,4381,3888.7267854770976,62.359656713913182,3.0826098872395851,0.011876384666048345,0,104436.86949398444,323.16693750132367,15.975033367177819,0.088493537241374196,0
5,2024-01-23,4382,5082.3665068554055,71.290718237758028,3.5211378874253838,0.025069092873183329,0,474.83214289782671,21.790643471403655,1.0762671805696618,0.071882497443538057,0
5,2024-01-24,4383,5422.2603278300767,73.635998858099811,3.6385916668610156,0.11940875587892823,0,64761.301243587164,254.48241833884549,12.574795223661297,0.10463393839506224,0
5,2024-01-25,4384,4513.9313457174912,67.185797202366302,3.3219182794742301,0.61847822619037973,1,123.08784013355314,11.094495938687487,0.54855356927997456,0.64805040048448204,1
5,2024-01-29,4385,9997.24265087596,99.986212303876982,4.8939679549632649,0.0092170838196959422,0,5018.204126425675,70.839283779733933,3.4673299126176027,0.084188512778142696,0
5,2024-01-30,4386,8080.8656268292207,89.893635074065287,4.3781144563041652,0.10322229496692405,0,75151.355677579762,274.13747587219768,13.351392956152328,0.02006048812600145,0
5,2024-01-31,4387,7046.2696661150667,83.942061364461779,4.1030408565858583,0.48526530741705431,1,37.903315998858446,6.1565669003803123,0.30092953541952305,0.044100353700695094,0
5,2024-02-01,4388,6864.766181102601,82.853884526331058,4.0731452708173466,0.019383354458661989,0,8251.7319183081418,90.839044019122866,4.465700367186435,0.4003366298872022,1
5,2024-02-02,4389,3066.0208266389541,55.37166086220418,2.7438880506543204,0.19306327799605141,0,3728.1687113352887,61.058731655147312,3.0257052356366358,0.24947243282427364,0
5,2024-02-05,4390,5849.2952593264672,76.480685531227209,3.7660373021088835,0.014115387155442395,0,33841.298836531023,183.96004684857803,9.0585014205523944,0.10125025089152154,0
5,2024-02-06,4391,7617.9180668009667,87.280685531227164,4.2751119480420829,0.73285246220109468,1,2115.0795396127951,45.98999390750987,2.2526446859085949,0.4573967474919316,1
5,2024-02-07,4392,2405.6660842205292,49.047589994010195,2.4177452983023286,0.29976519832355308,1,3492.7354232996881,59.099369060081244,2.9132363423991938,0.12270893393143056,0
5,2024-02-08,4393,4785.9672505705557,69.180685531227255,3.4188626405350755,0.018959849981192978,0,2886.9132110330206,53.730002894407335,2.6553003654266041,0.051133695681840854,0
5,2024-02-09,4394,5920.9882416070022,76.94795800803945,3.792221083635082,0.22182791764620502,0,768.25346351394887,27.717385582228871,1.365994065459015,0.71779161735630148,1
5,2024-02-20,4395,7926.1385968402847,89.028863841117754,4.3926909505917235,0.11797037157897949,0,35568.17299291119,188.59526238193575,9.3053046691469472,0.24305247759287962,0
5,2024-02-21,4396,5593.532288630754,74.789921036398709,3.6951542014030982,0.0068501968347305349,0,1923.7512508179059,43.860588810661284,2.1670251388666641,0.026676970457657573,0
5,2024-02-22,4397,5740.8441513449725,75.768358510297503,3.7375867457723708,0.010000357636561463,0,2180.162009734081,46.692205021117616,2.3032855673400561,0.04796581966493059,0
5,2024-02-26,4398,8467.2693922932685,92.017766720852705,4.521646481455134,0.20173725513577945,0,4480.3830426414306,66.935663458588579,3.2891409773022082,0.2569328198528219,1
5,2024-02-27,4399,6447.7620602608886,80.297958008039586,3.950796231545159,0.70990535850307246,1,5609.9146052528076,74.899363183226114,3.6851761757104042,0.2600900195423384,1
5,2024-02-28,4400,8187.6166452769749,90.48544990923665,4.418126994420871,0.0050331652182004196,0,9691.1164370680672,98.443468229578684,4.8066926212533234,0.051970248294836326,0
5,2024-02-29,4401,6987.5236091235865,83.591408704026435,4.0780275492256042,0.017885551077649216,0,7124.0728099254293,84.404222701979961,4.1176808811581598,0.043734384331635304,0
5,2024-03-01,4402,14871.951035062273,121.9506089983247,5.8125692427885269,0.041217828095886269,0,452.41620930249059,21.270077792582015,1.0138022350555045,0.057812513022040699,0
5,2024-03-04,4403,21662.390192161532,147.18148726032609,6.8956843731412141,0.00085376640250092533,0,3199.5597297671384,56.564650885222818,2.6501429387754318,0.0029318197931957005,0
5,2024-03-05,4404,14614.584145011351,120.8907942939054,5.6415892056796046,0.00056291687983859521,0,16607.480868221268,128.87001539621724,6.0139540983371331,0.017929079659344954,0
5,2024-03-06,4405,9644.119096873852,98.204475951322365,4.5603323017168895,0.0013231688587802375,0,7147.9134669486129,84.545333797605963,3.9260411803202291,0.0016880901248930832,0
5,2024-03-07,4406,12561.934321803008,112.08003533994361,5.1402249691551569,0.051846355082451306,0,8050.5278878352374,89.72473398029797,4.1149640661468032,0.10961861125671626,0
5,2024-03-11,4407,1161.7542305272282,34.084515993735749,1.577074192885402,0.0067955341413786481,0,3593.8364304928969,59.948614917218038,2.7737936341107248,0.011564825096683754,0
5,2024-03-12,4408,2134.9387375530059,46.205397277298744,2.1308521157212112,0.02006676446507108,0,7339.2878339612307,85.669643596557762,3.9508228922965212,0.15656207179664849,0
5,2024-03-13,4409,1331.3779937237912,36.488052753247757,1.6886362806945461,0.0079636549668664399,0,6796.4457520046662,82.440558901578697,3.8152794752674328,0.0073725497924710323,0
5,2024-03-14,4410,1531.7871733159759,39.138052753247393,1.8090574200118974,0.54117076960829114,1,7672.326366412738,87.59181677766901,4.0487100130656595,0.28794514774983393,1
5,2024-03-15,4411,1624.5130287515865,40.305248153951197,1.8675832613095102,0.0027768948683030074,0,10018.934530043258,100.09462787803977,4.637982896371418,0.010057034539252632,0
5,2024-03-18,4412,1181.1703790890435,34.368159378835571,1.5948841885394016,0.57726166757545661,1,12708.808804658025,112.73335267194898,5.2314888241658073,0.51144525514565675,1
5,2024-03-19,4413,11906.219764535166,109.1156256662407,5.0272115027063213,0.33906873005087712,1,10027.022639826302,100.13502204436918,4.6134541370361291,0.40385768919404991,1
5,2024-03-21,4414,12498.516805380747,111.79676563023077,5.1481288280636752,0.0010321503853863256,0,9222.4048254149657,96.03335267194916,4.4222394857224696,0.0028814415229680033,0
5,2024-03-22,4415,3588.2058213193654,59.901634546307378,2.7480335143732164,0.0017725831409193277,0,3488.1669247734399,59.060705420553859,2.7094552445432543,0.00070343950876271884,0
5,2024-03-26,4416,4858.2503894917963,69.7011505607461,3.1787818926777991,0.00059295884709947562,0,1216.4565800435605,34.877737599270404,1.5906297076330738,0.0014656466493575384,0
5,2024-03-27,4417,8195.1312342711681,90.526964128215241,4.0881958194601236,0.00011536943784863243,0,201.99906444041574,14.212637490642464,0.64184241382990337,0.0011504423871786984,0
5,2024-03-28,4418,18253.16674482061,135.10428100108675,5.9661859572129279,0.00037625573851531307,0,31.976853999312542,5.6548080426582601,0.24971552407411171,0.0023279401919129973,0
5,2024-04-02,4419,20716.527157207394,143.93237008125516,6.3124079591805424,7.476173152297758e-05,0,5753.3059647093851,75.850550193847539,3.3265596646644977,0.00064145951170172216,0
5,2024-04-03,4420,25739.965342431748,160.43679547545116,6.9146340038983372,9.6189059830450988e-05,0,3844.6661719827512,62.005372121960136,2.672357380539172,0.0011263496927983827,0
5,2024-04-08,4421,17415.126782561176,131.96638504771272,5.6565102892290069,0.0002766770440542904,0,249.56856046555868,15.797739093476594,0.67714269581982822,0.0035808206263999551,0
5,2024-04-10,4422,27428.218943417283,165.61467007308647,6.8963010648797205,0.0028323681094411229,0,4686.7279654497715,68.459681312797329,2.850705030722354,0.011262421306664045,0
5,2024-04-12,4423,4852.2165278558114,69.657853310705832,2.9714978803304257,0.0001993092094788647,0,14507.222369807074,120.44593131279726,5.1380398990187386,0.092954722375994392,0
5,2024-04-15,4424,7272.8896085619872,85.28123831512994,3.5996555015566734,0.0022491178128724774,0,60.553792785188278,7.7816317559486379,0.32845669357991841,0.30583984300032002,1
5,2024-04-16,4425,12382.65273103712,111.27736845844765,4.6702215326498369,0.089650122139608102,0,877.88701597482452,29.629158205639669,1.2435119068972036,0.014258313201672351,0
5,2024-04-18,4426,15682.943823590693,125.23156081272282,5.26249362578152,0.01284915764848771,0,13842.205375445084,117.65290211229421,4.9440224445221759,0.0046422202394764299,0
5,2024-04-19,4427,6477.2816308520014,80.481560812722819,3.4468215941550278,0.7697053960315634,1,255.85482912965202,15.995462766974015,0.6850451944141851,0.67602662310807116,1
5,2024-04-22,4428,5748.1394431833778,75.816485299592841,3.2560924778111122,0.064546700186479081,0,1264.3146243166052,35.55720214410303,1.5270760438962843,0.08294410320981617,0
5,2024-04-23,4429,4219.6161719600523,64.958572736476071,2.7996367950210566,0.8058179511675132,1,2768.5115760444892,52.616647328050931,2.2677145707596562,0.46996614445662438,1
5,2024-04-24,4430,3855.9327961545832,62.09615766015304,2.6780591564304586,0.85054502128515963,1,2789.0788276813682,52.811730019772767,2.2776439392665186,0.57523533490122603,1
5,2024-04-25,4431,16921.490271484832,130.08262863074697,5.5517318352075016,0.7040190251933286,1,8949.0776093942513,94.5995645306798,4.0373677833075758,0.66333601595829383,1
5,2024-04-26,4432,2289.3446726009483,47.847096804309331,2.0739963937715356,0.00011145632174658761,0,3422.1990502791809,58.499564530679891,2.5357418522184609,0.0029367878348739249,0
5,2024-04-30,4433,10586.882596207315,102.89257794519153,4.4357897027587319,0.48051795679069459,1,3606.9958761739417,60.058270672522212,2.5891649712244447,0.03976079656778566,0
5,2024-05-07,4434,8527.1517015638237,92.342577945191806,3.9991588724883309,0.011829693035493725,0,5448.2687245497655,73.812388692886543,3.1966561439937,0.004781156633014828,0
5,2024-05-08,4435,11216.482978289494,105.9078985642218,4.5538073940844397,0.55786868685719238,1,67.48007138874766,8.2146254563886032,0.35321088086978558,0.42673067958243632,1
5,2024-05-09,4436,23304.43399404423,152.6578985642218,6.4346097310468853,0.312542469859034,1,8341.7136717323592,91.332982387154971,3.849732655573562,0.087144549579010772,0
5,2024-05-10,4437,7315.0678313262479,85.528169811625503,3.6491240639826561,0.22732152242977965,0,256.61466809631889,16.019196861775526,0.6834711520511787,0.014936300767605422,0
5,2024-05-13,4438,20238.734179918327,142.2629051436752,6.0412724863016836,0.023059013838796737,0,7241.8119306081571,85.098836247084819,3.6137688705049076,0.062605777917734889,0
5,2024-05-14,4439,9915.8306624230354,99.578264005871461,4.2238924286689912,0.313820693707628,1,11756.319354735366,108.42656203502611,4.5992179018038648,0.14275728024100817,0
5,2024-05-15,4440,13801.183543540861,117.47843863254593,4.9414670914673984,0.52297903465518947,1,19211.762054737974,138.60650076651518,5.8301716482928905,0.22763571840512334,0
5,2024-05-16,4441,20890.357026074649,144.53496817751284,6.0157732530389101,0.21391022988459865,0,2397.4741760962452,48.96400898717593,2.0379592519427261,0.16532982576549585,0
5,2024-05-17,4442,24199.604638020865,155.56222111432089,6.4088584482478836,0.3431505790266014,1,7700.5551310044493,87.752806969375342,3.6152435615447343,0.04956100085218438,0
5,2024-05-21,4443,11219.037797695075,105.91995939243498,4.3988520865665093,0.027584038907116273,0,16521.591343687531,128.53634250159575,5.3381096599358679,0.03895274166844373,0
5,2024-05-22,4444,1268.576142184178,35.617076553026891,1.5203430466140306,0.038938127945514413,0,4885.3239300751256,69.895092317523449,2.9835272257448011,0.036946384970037598,0
5,2024-05-24,4445,6831.6184571826589,82.653605227979369,3.5162021240073753,0.0049542575178894727,0,18701.044714499618,136.75176311294717,5.817614834745588,0.060081841101098557,0
5,2024-05-28,4446,7376.630232903487,85.887311245046476,3.6651507988583214,0.06419060285696028,0,9603.1803551210196,97.995818049144418,4.1818686090060986,0.12567820204017691,0
5,2024-05-29,4447,10472.751064336753,102.33646009285621,4.3574316106898392,0.33129785054029792,1,17533.294332193502,132.41334650326417,5.6380893105645677,0.57732529660563903,1
5,2024-05-30,4448,7524.7646618517238,86.745401387345737,3.6940445603043006,0.0055531260129834253,0,27302.777660523439,165.23552178791169,7.0365387751692401,0.0055807542982265722,0
5,2024-05-31,4449,5805.7391925787006,76.195401387345555,3.2594174353999894,0.30752959823562542,1,23927.610650798448,154.68552178791151,6.616996269320766,0.55547800891876098,1
5,2024-06-03,4450,5363.5850920648054,73.236501091087121,3.148602798413032,0.25889064854448485,1,910.94924242799777,30.181935697168228,1.297589668837843,0.15087025521580341,0
5,2024-06-04,4451,6601.3928472639818,81.248955976455363,3.4721034155875028,0.064312975857590493,0,520.6778079875553,22.818365585369065,0.97512299247319767,0.099652747344093712,0
5,2024-06-05,4452,9917.1761876340388,99.585019895735513,4.2186316993872541,0.81496084655524681,1,29544.12357202671,171.88404106264989,7.2813708829386554,0.15152489596351187,0
5,2024-06-06,4453,3141.2809263070981,56.047131294180417,2.4254427598312449,0.22941743840127815,0,22.063055827660641,4.6971327240839855,0.20326868288402222,0.04795334825088015,0
5,2024-06-07,4454,6546.3695079743329,80.909637917706277,3.4927536333997962,0.0013975825342808078,0,8383.4241953601922,91.561040816278364,3.9525594999472635,0.0036666989856902351,0
5,2024-06-11,4455,10775.869717875574,103.80688665919797,4.4624131825555278,0.68477091469978379,1,234736.46381983536,484.49609267757296,20.827344123700072,0.13287996566326712,0
5,2024-06-12,4456,9645.7747367605953,98.212905143675471,4.250168995312249,0.76824407644540205,1,11.53764584249461,3.3967110331163894,0.14699286104883111,0.13174154609545108,0
5,2024-06-13,4457,9036.0050573665158,95.057903708037429,4.0789505764138871,0.0022626304700345944,0,37797.509339006181,194.41581555780431,8.3424152227168289,0.0014733232584173354,0
5,2024-06-14,4458,12473.424815794515,111.68448780289282,4.8049772109575937,0.0095752050806829723,0,2746.5205121937483,52.407256293320188,2.254705887380136,0.0028735261763693301,0
5,2024-06-18,4459,19738.742914155202,140.49463660280844,5.97442747928255,0.29969044983301074,1,3749.1422421652837,61.230239605649786,2.6037693317592185,0.38242400623416473,1
5,2024-06-20,4460,4777.9015834327674,69.122366737784432,2.9602092776507756,0.016849561071076557,0,14547.765048110674,120.61411628872747,5.1653761713336959,0.12314501984831511,0
5,2024-06-21,4461,4076.0361941005535,63.843842256716925,2.7415498553608986,0.0027996631106309128,0,3039.44418918666,55.131154433647225,2.367414039018668,0.063488996108419918,0
5,2024-06-24,4462,3617.2817614008704,60.143842256717107,2.5867762954223394,0.010356160779721273,0,8917.7062379156105,94.433607565927559,4.061573194809899,0.031442673843502189,0
5,2024-06-25,4463,6927.4226637327856,83.231139988184623,3.6192959793092263,0.0029911912409580463,0,5708.478535753693,75.554473962523844,3.285477092710797,0.070685757004322294,0
5,2024-06-26,4464,7506.4261988764247,86.639634110933457,3.7286811030699543,0.027257863279835218,0,12.970301398833959,3.6014304656391687,0.15499356453947188,0.039656649723336497,0
5,2024-06-27,4465,13979.394106012454,118.234487802893,5.0724822087130725,0.07161207102367366,0,3065.8493740366771,55.370112642441654,2.3754821160256405,0.35902037894057148,1
5,2024-06-28,4466,13556.989949921996,116.43448780289282,4.9991193080113705,0.33280436448901879,1,276.92376927785119,16.641026689415867,0.71448313466213853,0.051278361038339736,0
5,2024-07-01,4467,5292.0189456188109,72.746264135134879,3.1198140510404153,0.24084490907947559,0,5320.7994480212028,72.943810210470929,3.1282860602753697,0.12868406854417916,0
5,2024-07-02,4468,10474.757782418777,102.34626413513479,4.3342267827782752,0.056505988875600689,0,57492.210160053437,239.77533267634817,10.154163198015889,0.082152704533551973,0
5,2024-07-03,4469,13442.652515601734,115.94245346550906,4.8734769536373364,0.043871306654809768,0,7596.5219730127446,87.158028735238986,3.6635643948315075,0.034234605045902242,0
5,2024-07-05,4470,5032.3741016001504,70.939228228111915,2.9848411936175672,0.085027964071157883,0,28800.371890281251,169.70672317348317,7.140585411124194,0.018805170527399825,0
5,2024-07-08,4471,4146.2647590955612,64.391496015355642,2.7193503110501136,0.020843097605606695,0,9446.8610561727419,97.194964150272426,4.1046904071232921,0.41928642094757945,1
5,2024-07-09,4472,6535.3474780007327,80.84149601535546,3.3905045826055509,0.00074651347792708091,0,843.67890540753228,29.046151301119608,1.2181999832708961,0.20696138927957891,0
5,2024-07-10,4473,8175.5624641063168,90.41881698024099,3.7530639623211437,0.11312674694999034,0,19865.140477505814,140.94374933818744,5.8502303394565605,0.21940916682119135,0
5,2024-07-11,4474,8559.4480021841518,92.517284883334924,3.8439156940953914,0.45793582865201615,1,16529.93832534787,128.56880774646652,5.3417873048368838,0.13015687533965761,0
5,2024-07-12,4475,10702.694026679746,103.45382557778976,4.2343576284295086,0.040164127878542524,0,29778.671616827287,172.56497795563064,7.0630721167170369,0.022918252531685723,0
5,2024-07-16,4476,17118.293698804991,130.83689731419418,5.3103700509048686,0.00056896358972283298,0,40732.998426773876,201.82417701250233,8.1915811759275226,0.0013056204465001192,0
5,2024-07-18,4477,4084.3377481751704,63.908823711402874,2.6589899609487362,0.034086039542479685,0,15906.873634878724,126.12245491933118,5.2474497574092434,0.014932940929614348,0
5,2024-07-19,4478,1251.439954629074,35.375697231702361,1.4784844414971523,0.084447567601361392,0,707.51159776359066,26.599090167966096,1.1116767738523885,0.033360552325123229,0
5,2024-07-22,4479,4598.5864655980122,67.81287831671807,2.8218916531446077,0.062517074105888568,0,7128.1654846116908,84.428463711071345,3.513314623239622,0.19837887858701606,0
5,2024-07-23,4480,4590.6983749659194,67.754692641660768,2.7981041376720879,0.032908702035187427,0,19571.463823802871,139.8980479628035,5.7774493779678915,0.018795756905061963,0
5,2024-07-24,4481,439.83555200184361,20.972256721722715,0.88707625081307484,0.12363112020318516,0,5696.8223894692292,75.477297179146717,3.19250897466994,0.11018561745979694,0
5,2024-07-25,4482,2854.1378755140067,53.424131958451198,2.2389728828821593,0.038076273932435123,0,37833.537506328365,194.50845098948366,8.151730899353911,0.1349379714619337,0
5,2024-07-26,4483,4200.8095494067411,64.813652492408892,2.710620739091167,0.0027582635849939282,0,7459.14607324595,86.366348036986892,3.611992306343812,0.013233503744812754,0
5,2024-07-29,4484,4305.1161168219487,65.613383671488464,2.7450427223716543,0.088007448807063487,0,297.76665179641117,17.255916428761793,0.72192935587331009,0.2758980061781024,1
5,2024-07-30,4485,8765.4780849735344,93.624131958451471,3.8587203543853388,0.053489268363679059,0,15394.864086571166,124.076041549411,5.1137963792363266,0.31058366977841673,1
5,2024-07-31,4486,10738.553002172144,103.62698973806073,4.2218325044533911,0.29367386353432501,1,12775.710671303041,113.02968933560351,4.6049047416269175,0.061168388052360426,0
5,2024-08-01,4487,14740.465385515079,121.41031828273526,4.9156960253754383,0.0019903291241476218,0,53111.017813169077,230.45827781437811,9.3308612998513318,0.073208576700272268,0
5,2024-08-02,4488,3255.2491960853854,57.054791175547962,2.3833904035569464,0.36485543048841684,1,14651.914374157797,121.04509231752354,5.0565028016594002,0.26522643807117485,1
5,2024-08-05,4489,2633.9398282712505,51.321923466207409,2.1414918723251093,0.010091519042877903,0,58.534902356438486,7.6508105685893497,0.31924268505098363,0.035775476660861304,0
5,2024-08-06,4490,3472.4280691539411,58.92731174212804,2.4548443726021389,0.25332379943981215,1,54349.416873472306,233.12961389208431,9.711912928496087,0.35951582876897664,1
5,2024-08-07,4491,6821.2590473173541,82.590913830259524,3.424948219132038,0.91835012066018207,1,80408.117910019442,283.56325204444147,11.759035105203985,0.46326436394512521,1
5,2024-08-08,4492,5346.8486136975398,73.122148585073319,3.0124270741785617,0.081228060533486551,0,15656.52627382486,125.12604154941073,5.1548413516555387,0.5024077024214334,1
5,2024-08-09,4493,15935.308536583481,126.23513194267071,5.1075289572402216,0.17638696989747901,0,8655.4440033370756,93.034638728470782,3.7642224000514162,0.0012106921711795332,0
5,2024-08-13,4494,15198.035566972892,123.28031297402231,5.0181264694110927,0.0010351164659491911,0,39384.534724065597,198.45537212195995,8.0781280629283181,0.083753658391574143,0
5,2024-08-14,4495,17046.766560279375,130.56326650432493,5.2523640881939384,0.16594994624680476,0,3319.0704134167172,57.611373993480811,2.3176190358629336,0.15120200752645419,0
5,2024-08-16,4496,20114.205937676164,141.8245604177082,5.6853765375602086,0.56480491931627974,1,38980.825611994813,197.43562396891502,7.9146789588869737,0.51285851624425693,1
5,2024-08-19,4497,25083.984101301226,158.37924138377866,6.2606677096068246,0.49086926314653634,1,67140.571800947044,259.11497795563082,10.242710859003095,0.019457502297614615,0
5,2024-08-20,4498,11089.653866008906,105.30742550271043,4.2157539383378548,0.2364066180857558,0,42943.065910695863,207.22708778221022,8.2958861379215065,0.2282439828461488,0
5,2024-08-21,4499,7737.2400304192961,87.961582696193545,3.5425526659763813,0.020695406183081702,0,55368.710177342466,235.30556767178814,9.4766640222226393,0.022331161185614214,0
5,2024-08-22,4500,10918.809683356136,104.49310830555351,4.1610826818076418,0.0020820350969364592,0,31320.874224634073,176.97704434370598,7.0475089337251511,0.27997907110138665,1
5,2024-08-23,4501,10570.580824893977,102.81332999613414,4.0985162741876433,0.015435209274523153,0,75256.857177740691,274.32983282490568,10.935792901273869,0.013654264099606891,0
5,2024-08-27,4502,9902.9028469194545,99.513329996133962,3.9721915974906286,0.62865443929240283,1,78903.486552591072,280.89764426315696,11.212359814914958,0.72225514729745932,1
5,2024-08-28,4503,12561.341561567491,112.07739094736053,4.4508713294690656,0.67092827203665051,1,26103.323209285081,161.56522896120032,6.4161561876494311,0.54553302878283594,1
5,2024-08-29,4504,12605.520068933904,112.27430725207751,4.4671178806006928,0.0013330490367437452,0,81665.78595763151,285.77226240072969,11.370173768107495,0.0087137644167877455,0
