fold,date,row_index,squared_price_error_full,absolute_price_error_full,absolute_percentage_error_percent_full,brier_full,zero_one_full,squared_price_error_zero,absolute_price_error_zero,absolute_percentage_error_percent_zero,brier_zero,zero_one_zero
2,2009-08-28,1519,1572.5552238256869,39.655456419333859,4.1524038135428123,0.22804561616435115,0,129566.40900401033,359.95334281544092,37.691449509470253,0.54194381106875,1
2,2009-09-01,1520,1057.5191323324796,32.519519251250927,3.3707716249029205,0.61665265958510052,1,136680.56168891143,369.70334281544092,38.32115499512215,0.89490922698312991,1
2,2009-09-02,1521,2391.6179290320865,48.904170875622526,4.9749919507245703,0.8439728534395653,1,150507.79620167502,387.95334281544092,39.46626071367659,0.38367821196845875,1
2,2009-09-03,1522,6363.2148829398084,79.769761707929206,8.065698858233489,0.99451140159076046,1,155199.23631546032,393.95334281544092,39.833502812481385,0.97621929822789644,1
2,2009-09-04,1523,7195.3240848784835,84.825256173373759,8.4761684909691493,0.99331010223067451,1,164595.20237162316,405.70334281544092,40.539929334543181,0.49921567845392828,1
2,2009-09-08,1524,5875.7681512714735,76.653559286385871,7.6691905239005376,1.5654406357328892e-05,0,163582.50651458459,404.45334281544092,40.465567065076627,0.01520353728287408,0
2,2009-09-09,1525,4610.8933637597211,67.903559286385871,6.8537531452319831,6.4696618769666518e-07,0,156581.13551531435,395.70334281544092,39.939777220836831,0.00040754013519511944,0
2,2009-09-10,1526,8523.9529274790893,92.325256173373759,9.1569805279815277,0.99160751135613812,1,170737.00251385479,413.20334281544092,40.982230876810405,0.99133056653188167,1
2,2009-09-11,1527,2432.2641811570593,49.317990441187476,4.9355006696209633,0.00024909799340271652,0,163380.34234317686,404.20334281544092,40.450672285758408,0.057457660506845816,0
2,2009-09-14,1528,2122.2597432893408,46.067990441187476,4.6253002450991438,0.00020660882828955174,0,160763.5831148765,400.95334281544092,40.256359720425792,0.016531129706538146,0
2,2009-09-15,1529,3860.5003663534931,62.132924978255232,6.1169505270248816,0.98754223513530182,1,176991.30265608639,420.70334281544092,41.418000769425639,0.81231671833121732,1
2,2009-09-16,1530,2535.5197908462883,50.353945136863786,4.9439317758334589,0.80189416562438909,1,179312.73354157133,423.45334281544092,41.576175043244078,0.39361506400769825,1
2,2009-09-17,1531,9679.9573583523779,98.386774306064012,9.7220132713501997,8.1197875606416598e-05,0,173850.09008497061,416.95334281544092,41.200923203106811,0.023720023754542484,0
2,2009-09-18,1532,9242.2793739750905,96.136774306064012,9.5208491513804425,0.073253761130049277,0,171978.86254230113,414.70334281544092,41.0699027299273,0.81043656942640474,1
2,2009-09-24,1533,6020.2029582590831,77.589966865949123,7.8255135517850851,0.0001292100469631832,0,157175.25302953753,396.45334281544092,39.985208554255266,0.0073139436125317257,0
2,2009-09-25,1534,1563.8287328786976,39.545274469634137,3.9964905982449861,0.61631906628695632,1,155593.43965827575,394.45334281544092,39.863905287058202,0.88691927245671476,1
2,2009-09-29,1535,16551.738317055606,128.65355928638587,12.235241016299179,0.79621104402650433,1,208349.65416739043,456.45334281544092,43.409733030474648,0.67628955265892465,1
2,2009-10-09,1536,21182.42913252216,145.54184667140294,13.73684253623435,0.88576009707274461,1,215716.90765243748,464.45334281544092,43.837030940579609,0.4869633858658069,1
2,2009-10-14,1537,20337.78993543359,142.61062350131419,13.536841338520569,0.00042493678432651975,0,210179.46753865218,458.45334281544092,43.517165905594773,0.00032103949274421702,0
2,2009-10-15,1538,18662.462453417818,136.61062350131419,13.041586969099207,1.8719564499042187e-07,0,204714.02742486692,452.45334281544092,43.193636545626816,0.00020918484400977088,0
2,2009-10-16,1539,23226.644731561242,152.40290263496047,14.353934790201128,0.89515408189768642,1,217812.01019510697,466.70334281544092,43.956048299076137,0.002236173766450866,0
2,2009-10-20,1540,20620.896469766845,143.59977879428243,13.627499766954443,0.0030556333644495308,0,210408.75671005991,458.70334281544092,43.530566340729862,0.90631321809314913,1
2,2009-10-21,1541,20636.156435449433,143.65290263496047,13.642250962484376,3.504293961882677e-06,0,209721.26419583676,457.95334281544092,43.490345946385652,0.0005202483810107754,0
2,2009-10-22,1542,21540.76947470009,146.76773989777212,13.823191890536579,0.8483173216829768,1,217812.01019510697,466.70334281544092,43.956048299076137,0.35504154688186529,1
2,2009-10-23,1543,19325.93200628462,139.01773989777212,13.189538889731701,0.22852774803819217,0,210638.17088146764,458.95334281544092,43.543960418922289,0.58044108211386636,1
2,2009-10-26,1544,14985.436018836604,122.41501549579857,11.810421176632762,8.8173708587813765e-06,0,194881.0538829272,441.45334281544092,42.59077113511249,0.0008550097934606481,0
2,2009-10-27,1545,13903.700334233072,117.91395309391112,11.428539190105269,0.00088851445265518251,0,190709.8096261805,436.70334281544092,42.326468894154679,0.044394173286144346,0
2,2009-10-28,1546,15785.370983383651,125.6398463202803,12.074949189839529,0.93071053705266937,1,198428.68062545074,445.45334281544092,42.811469756409508,0.84687484167217864,1
2,2009-10-29,1547,15629.435289147003,125.01773989777212,12.020936528631934,6.2727952629842629e-05,0,197983.47728263529,444.95334281544092,42.783975270715473,0.11521805386467461,0
2,2009-10-30,1548,31444.172240406719,177.32504685014669,16.268352922031806,0.93715472163204883,1,244978.81156417937,494.95334281544092,45.408563561049625,0.090054872036790801,0
2,2009-11-04,1549,30735.594043064837,175.31569822199276,16.098778532781704,0.0050164934768030132,0,243989.90487854849,493.95334281544092,45.358433683695218,0.058839292269823949,0
2,2009-11-05,1550,43743.222664270215,209.14880507492796,19.069870533387551,0.97337975439375313,1,251706.24419218782,501.70334281544092,45.744549151168535,0.87093722165315235,1
2,2009-11-06,1551,48026.198765768771,219.14880507492796,19.801111820639527,0.95481397947847402,1,261840.31104849666,511.70334281544092,46.234772334803786,0.95048857881869941,1
2,2009-11-09,1552,45752.698812482027,213.89880507492796,19.418865644569038,0.0012383405517886934,0,256494.98844893451,506.45334281544092,45.978515008210707,0.0019135069234604543,0
2,2009-11-10,1553,51823.978452042546,227.64880507492796,20.412356429045321,0.97429372536412484,1,270611.51787635917,520.20334281544092,46.644549904993582,0.85693127504764266,1
2,2009-11-11,1554,51596.579646967621,227.14880507492796,20.376658898849783,1.2767191927200102e-05,0,270091.56453354371,519.70334281544092,46.620618328364287,0.0049372854611943436,0
2,2009-11-12,1555,46828.442837856666,216.39880507492796,19.601341039395649,0.011954164489074904,0,259033.50516301172,508.95334281544092,46.100846269514577,0.019412685111906643,0
2,2009-11-13,1556,58757.180701752921,242.39880507492796,21.451221688046722,0.97690967215999402,1,286175.07898941467,534.95334281544092,47.341003788977069,0.68502287534527695,1
2,2009-11-16,1557,62174.96592939835,249.34908447675991,21.973922403768224,0.54537711289282254,1,291279.69824616134,539.70334281544092,47.561431400347296,0.056707401822108337,0
2,2009-11-17,1558,69484.477336986005,263.59908447675991,22.941608744713658,0.98231854842095834,1,306864.30601640139,553.95334281544092,48.211779183241163,0.43414781066263108,1
2,2009-11-18,1559,62549.552056113491,250.09908447675991,22.02545878262967,0.013390840118013394,0,292089.81576038449,540.45334281544092,47.5960671788147,0.27248218325852103,1
2,2009-11-19,1560,64820.693816404331,254.59908447675991,22.333253024277187,0.97890686664129145,1,296974.14584572345,544.95334281544092,47.802924808372012,0.9706396188340557,1
2,2009-11-20,1561,77200.113744573668,277.84908447675991,23.885586458350303,0.99555990084732848,1,322855.0387866415,568.20334281544092,48.846193235799781,0.88401009617663051,1
2,2009-11-24,1562,86641.383532306747,294.34908447675991,24.950123710681069,0.86286831010612763,1,341877.999099551,584.70334281544092,49.56163109264174,0.11822930765428376,0
2,2009-11-25,1563,79016.695293672601,281.09908447675991,24.097649762259742,0.00038166950596733753,0,326558.92301494186,571.45334281544092,48.988713486107237,0.016017158443243397,0
2,2009-11-27,1564,84302.590856492665,290.34908447675991,24.694797744142878,0.99239326850595744,1,337216.37235702749,580.70334281544092,49.390035536078322,0.98449327088672389,1
2,2009-11-30,1565,94309.847686464127,307.09908447675991,25.752543771636049,0.98137093990715674,1,356950.49684134475,597.45334281544092,50.100909250770734,0.83481502593941581,1
2,2009-12-01,1566,106993.81106553452,327.09908447675991,26.977244080557515,0.85100497471058212,1,381248.63055396243,617.45334281544092,50.923987036325023,0.42160964187097227,1
2,2009-12-02,1567,104554.63043195882,323.34908447675991,26.750699853299682,0.00033185259795580785,0,376631.79298284661,613.70334281544092,50.771734669322932,0.006138851004688568,0
2,2009-12-03,1568,92932.964306318696,304.84908447675991,25.61218941203612,0.031644385660556121,0,354267.0192986753,595.20334281544092,50.006582047085978,0.071276507251661847,0
2,2009-12-04,1569,66099.939238788123,257.09908447675991,22.503202142385987,0.00045067681524912538,0,299705.16255980066,547.45334281544092,47.917141603102046,0.019079054146544254,0
2,2009-12-07,1570,68303.343956840588,261.34908447675991,22.790415040484842,0.54681623591070938,1,304376.57847373193,551.70334281544092,48.110167239192577,0.20229875871733111,0
2,2009-12-08,1571,65330.891985357848,255.59908447675991,22.401322040031545,0.00013075958705090372,0,298065.05253135436,545.95334281544092,47.848671587681061,0.0017014374081784874,0
2,2009-12-09,1572,59097.164873438851,243.09908447675991,21.541788611143989,0.00032366120876145142,0,284572.46896096831,533.45334281544092,47.271009553871593,0.0052307205631371883,0
2,2009-12-10,1573,56929.52311314801,238.59908447675991,21.227676554871877,0.00022540164638275325,0,279791.63887562935,528.95334281544092,47.059905944434242,0.48871740255687679,1
2,2009-12-11,1574,56506.379181890596,237.71070481131176,21.153344143387031,0.0013743055516203333,0,279527.22470422165,528.70334281544092,47.048128392920212,0.5941949209180365,1
2,2009-12-14,1575,55365.312959663017,235.29834882476973,20.971332337323506,2.1676139113901384e-07,0,277679.82550436759,526.95334281544092,46.965538575351239,0.00051654951166306678,0
2,2009-12-15,1576,61801.00012081179,248.59806942293778,21.854775333884639,0.99491343103345098,1,294255.62913164624,542.45334281544092,47.688205961797003,0.95735822178995522,1
2,2009-12-16,1577,53638.135930473378,231.59908447675991,20.734027258438665,2.9595246933764628e-05,0,272435.29207621317,521.95334281544092,46.728141702367139,0.0098764884483155801,0
2,2009-12-17,1578,48004.408818554373,219.09908447675991,19.83694744017745,0.010196340668988894,0,259542.70850582718,509.45334281544092,46.125246067491254,0.033634542911846976,0
2,2009-12-18,1579,48163.000956277712,219.46070481131176,19.851714591706173,0.98061325145004608,1,260562.61519145806,510.45334281544092,46.173979449610215,0.66329808747327101,1
2,2009-12-21,1580,39441.596355007219,198.59908447675991,18.320948752468627,0.5451821893733565,1,239075.3714503941,488.95334281544092,45.106396938693813,0.00018360498120304842,0
2,2009-12-22,1581,46482.527538897899,215.59806942293778,19.519970069980786,0.063013616430888236,0,259542.70850582718,509.45334281544092,46.125246067491254,0.9265001238345042,1
2,2009-12-24,1582,47131.571747166716,217.09806942293778,19.62912020098895,0.96270468187365676,1,261073.31853427348,510.95334281544092,46.198313093620335,0.25018561853216509,1
2,2009-12-29,1583,39704.717134366867,199.26042540947981,18.322797738802741,0.003037746067005638,0,242510.29485010219,492.45334281544092,45.283066006017556,0.029766385458904383,0
2,2009-12-30,1584,54101.861899277785,232.59806942293778,20.739908107261506,0.46859745377773554,1,277153.12216155214,526.45334281544092,46.941894143151217,0.7845914166231226,1
2,2010-01-04,1585,55530.359333241395,235.64880507492796,20.97919475405546,0.15913153031190946,0,278998.77136140619,528.20334281544092,47.024557562024569,0.5620995101350359,1
2,2010-01-05,1586,59828.712126869133,244.59908447675991,21.645936679359284,0.99616226819009013,1,286175.07898941467,534.95334281544092,47.341003788977069,0.95368745680746347,1
2,2010-01-06,1587,59951.074169107509,244.84908447675991,21.663267814798488,0.99817953892795319,1,286442.61816082237,535.20334281544092,47.352651432465464,0.92663482996407964,1
2,2010-01-07,1588,58249.380577770193,241.34908447675991,21.419932059175498,9.4777716414533916e-05,0,282708.44476111431,531.70334281544092,47.189114072814817,0.01784015927947849,0
2,2010-01-08,1589,70675.735717131422,265.84908447675991,23.092211463779364,0.95214120578495665,1,309362.1585590709,556.20334281544092,48.312993947052412,0.89572500744543093,1
2,2010-01-12,1590,58490.979662246951,241.84908447675991,21.454786824285645,0.00026757988107273527,0,283240.39810392971,532.20334281544092,47.212538728360251,0.10880523328819586,0
2,2010-01-13,1591,63932.659520735673,252.84908447675991,22.213844452164281,0.78495584329724921,1,295069.87164586945,543.20334281544092,47.722674528042255,0.069186696052060709,0
2,2010-01-14,1592,58854.315788962092,242.59908447675991,21.50701103517375,0.0018363707615687728,0,284039.26561815292,532.95334281544092,47.247636774418524,0.062982303284756583,0
2,2010-01-15,1593,61305.306633729691,247.59908447675991,21.853405514277132,0.94870406825102405,1,289393.79904630728,537.95334281544092,47.480436259085693,0.98758752143780892,1
2,2010-01-19,1594,55154.092479572311,234.84908447675991,20.96398879506895,0.0023591174139633319,0,275838.55130451353,525.20334281544092,46.882690722199591,0.016093747410818142,0
2,2010-01-20,1595,49661.714452130072,222.84908447675991,20.108196208144363,0.00085392712195195395,0,263377.67107694299,513.20334281544092,46.307542776037977,4.9728949504386617e-05,0
2,2010-01-21,1596,39441.596355007219,198.59908447675991,18.320948752468627,0.0011146611597227269,0,239075.3714503941,488.95334281544092,45.106396938693813,0.0013720956322361853,0
2,2010-01-22,1597,43118.026249045426,207.64880507492796,18.959032647790728,0.41104881196949844,1,250203.38416374152,500.20334281544092,45.670243580501342,0.96180373288307319,1
2,2010-01-25,1598,42646.555802804323,206.51042540947981,18.863706363049079,8.9786582327259259e-05,0,249703.43082092606,499.70334281544092,45.645429807302207,0.024547685811011452,0
2,2010-01-27,1599,36199.029476996227,190.26042540947981,17.64120773384143,0.00018085562854341914,0,233727.13467942423,483.45334281544092,44.826457377416865,0.0012963875284882217,0
2,2010-01-29,1600,39044.99703967214,197.59806942293778,18.186660784439741,0.89765565222957333,1,241526.38816447128,491.45334281544092,45.232705275236164,0.42816606890226444,1
2,2010-02-01,1601,49327.552441396088,222.09806942293778,19.99082533059746,0.93018499652285813,1,266207.8519624279,515.95334281544092,46.440444897879466,0.6029639913092254,1
2,2010-02-02,1602,51823.978452042546,227.64880507492796,20.412356429045321,0.96350650839888718,1,270611.51787635917,520.20334281544092,46.644549904993582,0.067280355655199756,0
2,2010-02-03,1603,39144.260228292078,197.84908447675991,18.264397366882985,0.0011808307606085697,0,238342.50393617092,488.20334281544092,45.068390751483122,0.13166298828651962,0
2,2010-02-04,1604,29035.752770963296,170.39880507492796,16.105747171543285,0.17593221049627886,0,214325.79762399115,462.95334281544092,43.757404802971735,0.01351066305655443,0
2,2010-02-05,1605,29577.200152435104,171.98023186527894,16.16355562643599,0.016510095273579033,0,219917.23773777645,468.95334281544092,44.074562294684299,0.062948597249251476,0
2,2010-02-08,1606,24630.770166776143,156.94193246795498,14.65035542291295,0.56375225093451886,1,226769.62370860035,476.20334281544092,44.453054171803117,0.99133721552893772,1
2,2010-02-09,1607,24204.931378566725,155.57934110468113,14.546922964439563,0.53798644687096076,1,225105.97450874629,474.45334281544092,44.36216389111182,0.18419642338688472,0
2,2010-02-10,1608,39663.254062222863,199.15635581678748,17.857552639927142,0.82567088730797245,1,270611.51787635917,520.20334281544092,46.644549904993582,0.38309161649216295,1
2,2010-02-22,1609,47856.123725336576,218.76042540947981,19.761556044216785,4.3288394261833233e-05,0,262096.22521990439,511.95334281544092,46.246914436805866,0.040319803359097371,0
2,2010-02-23,1610,46396.645227706809,215.39880507492796,19.528450142785854,0.00031431993583127236,0,258016.59847738084,507.95334281544092,46.051980309650133,0.10633453026107605,0
2,2010-02-24,1611,42807.115541433035,206.89880507492796,18.903499778431058,0.00019314459098095554,0,249453.64164951834,499.45334281544092,45.633014418953032,0.0010052361489082306,0
2,2010-02-25,1612,48685.895180993553,220.64880507492796,19.909659830807847,0.88132951629671086,1,263377.67107694299,513.20334281544092,46.307542776037977,0.027872371538372371,0
2,2010-02-26,1613,57072.639066228425,238.89880507492796,21.207173109181355,0.90952567196836076,1,282442.65558970656,531.45334281544092,47.177393947220672,0.00035500458434589997,0
2,2010-03-02,1614,63050.750225067008,251.09908447675991,22.094068145777378,0.85500735433024777,1,293171.7224460154,541.45334281544092,47.642177106506026,0.36443761515264367,1
2,2010-03-03,1615,62050.353887159974,249.09908447675991,21.956728468643448,1.1695071503797374e-06,0,291009.90907475364,539.45334281544092,47.549875964340323,9.2916775719525872e-06,0
2,2010-03-04,1616,62299.702971636732,249.59908447675991,21.991108764472241,0.86543080827277841,1,291549.61241756909,539.95334281544092,47.572981745853824,0.37762508215827306,1
2,2010-03-05,1617,57767.682408816676,240.34908447675991,21.350129644837658,6.2457107213442422e-08,0,281646.0380754834,530.70334281544092,47.142202337591911,5.3908435308584114e-06,0
2,2010-03-08,1618,53060.700719281478,230.34908447675991,20.645223793570235,0.00046994341193666057,0,271131.97121917456,520.70334281544092,46.66846003275294,0.085870971065932875,0
2,2010-03-09,1619,55271.579521810694,235.09908447675991,20.981622889492183,0.91594863517972402,1,276101.21547592129,525.45334281544092,46.894541973711817,0.55164091262359538,1
2,2010-03-10,1620,47785.559734077615,218.59908447675991,19.80064170985144,0.007732237990584115,0,259033.50516301172,508.95334281544092,46.100846269514577,0.12495593520163778,0
2,2010-03-11,1621,48774.318114223039,220.84908447675991,19.96375904874666,0.44986291973823778,1,261328.85770568121,511.20334281544092,46.210471666932513,0.34254686780251131,1
2,2010-03-12,1622,47894.921776315998,218.84908447675991,19.818798684786952,0.2902132459722338,1,259288.04433441945,509.20334281544092,46.11304893053574,0.13623208517224863,0
2,2010-03-15,1623,55860.889733002594,236.34908447675991,21.069675460375297,0.52197553064763502,1,277416.41133295989,526.70334281544092,46.953718994021919,0.19651601213435352,0
2,2010-03-17,1624,56334.587901956111,237.34908447675991,21.139976350635486,0.90977568152036292,1,278470.81801859074,527.70334281544092,47.000965737291558,0.83732230729004264,1
2,2010-03-18,1625,48443.606987507897,220.09908447675991,19.909460377816366,1.8150303740423903e-05,0,260562.61519145806,510.45334281544092,46.173979449610215,0.013202170857675208,0
2,2010-03-19,1626,46698.814311693815,216.09908447675991,19.618618654267809,0.00093919012708139208,0,256494.98844893451,506.45334281544092,45.978515008210707,0.0015674724351845658,0
2,2010-03-23,1627,43097.3798755889,207.59908447675991,18.993511845998164,0.041654105507288278,0,247957.53162107203,497.95334281544092,45.558402819345005,0.84527439778596236,1
2,2010-03-25,1628,43638.710761732749,208.89880507492796,19.051418611484539,0.83723443951190757,1,251455.45502078012,501.45334281544092,45.732179007336157,0.0068193550929975463,0
2,2010-03-26,1629,48355.484473381162,219.89880507492796,19.855422580128938,0.63930535502794184,1,262608.42856271984,512.45334281544092,46.271182195525142,0.0066466341989374431,0
2,2010-03-29,1630,48135.835668306237,219.39880507492796,19.819223584004334,0.010342866992066914,0,262096.22521990439,511.95334281544092,46.246914436805866,0.69837823545317146,1
2,2010-03-30,1631,52945.588677043095,230.09908447675991,20.627439217997303,0.29015119072324591,1,270871.68204776687,520.45334281544092,46.656507648179371,0.0075621236340849534,0
2,2010-03-31,1632,61181.569591491309,247.34908447675991,21.83615841772323,0.93915557346007028,1,289124.88487489958,537.70334281544092,47.468845095161413,0.55044649947097513,1
2,2010-04-06,1633,65843.090154311372,256.59908447675991,22.469271845600694,0.71031346780035776,1,299157.95921698521,546.95334281544092,47.894338250038608,0.8746554998472601,1
2,2010-04-07,1634,68958.279168032488,262.59908447675991,22.874484710519155,0.9988888028648133,1,305757.39933077054,552.95334281544092,48.166667492634225,0.9380754536005893,1
2,2010-04-08,1635,71341.920928323321,267.09908447675991,23.175625551128842,0.91969393919945952,1,310754.22941610951,557.45334281544092,48.369053606545847,0.041404307177673322,0
2,2010-04-09,1636,74719.72198428282,273.34908447675991,23.589996502848752,0.87259971626972122,1,317761.45870130253,563.70334281544092,48.647537675550453,0.15546107712553606,0
2,2010-04-12,1637,69089.641210270871,262.84908447675991,22.891276679883294,0.036395791305180634,0,306033.93850217824,553.20334281544092,48.177952781662611,0.90880205084902044,1
2,2010-04-13,1638,72414.31726623037,269.09908447675991,23.308712384301423,0.99584820422430853,1,312988.04278737126,559.45334281544092,48.458496562619395,0.97479182267667175,1
2,2010-04-15,1639,70808.722759369804,266.09908447675991,23.108908769149796,1.0866376576036849e-05,0,309640.3227304786,556.45334281544092,48.32421561575692,2.1237775607714448e-06,0
2,2010-04-16,1640,62925.263182828632,250.84908447675991,22.076927126667538,9.2758585154525537e-05,0,292901.05827460764,541.20334281544092,47.630657233482147,0.018690065406176053,0
2,2010-04-19,1641,67261.947618933555,259.34908447675991,22.655521683927489,0.13469077278389921,0,302173.76510247018,549.70334281544092,48.019510182611128,0.80545088316244406,1
2,2010-04-20,1642,66357.288323264889,257.59908447675991,22.537102753872258,0.00085585811981034137,0,300252.86590261612,547.95334281544092,47.939925005725364,0.018204050226245119,0
2,2010-04-21,1643,61677.267760444833,248.34908447675991,21.90510116663814,0.13546499568533041,0,290201.29156053049,538.70334281544092,47.515179079641982,0.9606885828758176,1
2,2010-04-22,1644,64566.344731927573,254.09908447675991,22.299173714502846,0.9757598341550241,1,296429.44250290806,544.45334281544092,47.780021308946111,0.59165133546963511,1
2,2010-04-23,1645,72414.31726623037,269.09908447675991,23.308712384301423,0.77240620242110258,1,312988.04278737126,559.45334281544092,48.458496562619395,0.04578096746139422,0
2,2010-04-26,1646,69748.326421462771,264.09908447675991,22.975126966225307,0.18103088350717733,0,307418.50935921684,554.45334281544092,48.234305595079682,0.94786208517829651,1
2,2010-04-27,1647,75954.855364428251,275.59908447675991,23.738077904975015,0.93132956999125871,1,320303.18624397198,565.95334281544092,48.747057951373037,0.32268942139028095,1
2,2010-04-28,1648,86347.284447829981,293.84908447675991,24.918302690418479,0.048283000248012291,0,341293.54575673561,584.20334281544092,49.540245309768153,0.0010508607069696051,0
2,2010-04-30,1649,89909.473461551097,299.84908447675991,25.298382997406449,0.9541787569734389,1,348339.98587052088,590.20334281544092,49.795683848592361,0.40822397640722391,1
2,2010-05-06,1650,100393.34233376094,316.84908447675991,26.354675356769384,0.79824444356247981,1,368695.89952624589,607.20334281544092,50.505580604320308,0.61418827244820207,1
2,2010-05-07,1651,96782.640362278195,311.09908447675991,26.000759254221471,8.0408482319212537e-06,0,361746.12358386832,601.45334281544092,50.267726102418798,0.035267894124588868,0
2,2010-05-10,1652,113635.79275506972,337.09908447675991,27.574567237362775,0.94560159977929392,1,393697.69741027121,627.45334281544092,51.325426815168996,0.21576718499591899,0
2,2010-05-11,1653,123973.76528937252,352.09908447675991,28.452451270849288,0.8885910590361592,1,412746.29769473447,642.45334281544092,51.91542164165179,0.10502118418716937,0
2,2010-05-12,1654,123973.76528937252,352.09908447675991,28.452451270849288,0.0093681391467143552,0,412746.29769473447,642.45334281544092,51.91542164165179,0.90631321809314913,1
2,2010-05-13,1655,123270.567120419,351.09908447675991,28.394588311909413,0.023979999198552898,0,411462.39100910357,641.45334281544092,51.876533992352677,0.90631321809314913,1
2,2010-05-14,1656,122919.71803594223,350.59908447675991,28.365621721420702,0.0053303046094648147,0,410821.18766628811,640.95334281544092,51.857066570828557,0.90631321809314913,1
2,2010-05-17,1657,109792.21578358697,331.34908447675991,27.232306100411748,0.00052401367007612245,0,386515.04646789364,621.70334281544092,51.095405203652433,0.468669942283651,1
2,2010-05-18,1658,95851.593108847926,309.59908447675991,25.907873177971542,2.5130851486332211e-06,0,359944.01355542196,599.95334281544092,50.205300654011801,3.6125168642773016e-06,0
2,2010-05-19,1659,94002.998601987361,306.59908447675991,25.721399704426169,9.3118684738307581e-06,0,356353.29349852935,596.95334281544092,50.079978424114167,0.0078611163102284293,0
2,2010-05-20,1660,86641.383532306747,294.34908447675991,24.950123710681069,5.5060430036941465e-08,0,341877.999099551,584.70334281544092,49.56163109264174,7.019612489881068e-06,0
2,2010-05-21,1661,90962.007757219762,301.59908447675991,25.408515962658797,0.94168418594250136,1,350408.76007037493,591.95334281544092,49.86970032143563,0.49964932271331469,1
2,2010-05-24,1662,97874.54965794686,312.84908447675991,26.108832420342992,0.99669289346357726,1,363854.27278372232,603.20334281544092,50.340358257078307,0.75510612914422348,1
2,2010-05-25,1663,106666.96198105776,326.59908447675991,26.947119181250816,0.99672718672988658,1,380631.42721114698,616.95334281544092,50.903741156389515,0.97128273715268265,1
2,2010-05-26,1664,103747.82022076692,322.09908447675991,26.674872420435602,3.9620583774118158e-07,0,375099.09712580801,612.45334281544092,50.720773732127611,0.00065773040632746162,0
2,2010-05-28,1665,117202.8956420757,342.34908447675991,27.884266705498668,0.99522204265892056,1,400313.52000983333,632.70334281544092,51.533564880101068,0.98807793528490306,1
2,2010-06-01,1666,108635.55648791832,329.59908447675991,27.127496664753902,0.0019674245148753825,0,384342.14726803964,619.95334281544092,51.024966486867562,0.01382491671380383,0
2,2010-06-02,1667,108635.55648791832,329.59908447675991,27.127496664753902,9.3457195766748647e-05,0,384342.14726803964,619.95334281544092,51.024966486867562,0.31567654189595246,1
2,2010-06-03,1668,101187.02754495284,318.09908447675991,26.431166138492724,0.0012193206358045406,0,370215.4703832845,608.45334281544092,50.556987354835137,0.93432962807799158,1
2,2010-06-04,1669,108635.55648791832,329.59908447675991,27.127496664753902,0.9510954676595027,1,384342.14726803964,619.95334281544092,51.024966486867562,0.023112057408263734,0
2,2010-06-07,1670,130031.69972547743,360.59908447675991,28.940536474860345,0.9790167951457861,1,423740.25452259695,650.95334281544092,52.243446453887707,0.14940259406073503,0
2,2010-06-08,1671,121172.97261355844,348.09908447675991,28.220436520207532,1.06314539391995e-06,0,407622.6709522109,638.45334281544092,51.759492729261524,0.0082265636029622054,0
2,2010-06-09,1672,110289.80191030212,332.09908447675991,27.277132195216421,0.0056390304343895119,0,387448.16398211679,622.45334281544092,51.12553123740787,0.3120395862689811,1
2,2010-06-10,1673,111956.54733268592,334.59908447675991,27.426154465308191,0.98377910998771101,1,390566.680696194,624.95334281544092,51.225683837331225,0.82285282665171444,1
2,2010-06-11,1674,129311.50155652392,359.59908447675991,28.883460600542964,0.990842539236233,1,422439.34783696604,649.95334281544092,52.205087776340633,0.49329683335834151,1
2,2010-06-17,1675,137343.68141501263,370.59908447675991,29.506296534773881,0.99862743506926022,1,436859.32137890579,660.95334281544092,52.623673791038293,0.94111477808732846,1
2,2010-06-18,1676,136234.13416158236,369.09908447675991,29.422007531029088,1.084949754105152e-07,0,434878.71135045943,659.45334281544092,52.56702613116309,0.00070925461775999202,0
2,2010-06-21,1677,122919.71803594223,350.59908447675991,28.365621721420702,9.0394057738455566e-05,0,410821.18766628811,640.95334281544092,51.857066570828557,0.00038580097033916004,0
2,2010-06-22,1678,116348.5854308838,341.09908447675991,27.810769219466771,0.00083291531319086912,0,398733.32415279472,631.45334281544092,51.484169817810098,0.26582993229164731,1
2,2010-06-23,1679,123095.08007818062,350.84908447675991,28.380107945541756,0.99622647625357252,1,411141.72683769587,641.20334281544092,51.866802249985113,0.097395530973420866,0
2,2010-06-24,1680,135865.2850771056,368.59908447675991,29.393866385706531,0.94919964531730705,1,434219.50800764398,658.95334281544092,52.54811346215638,0.069186696052060709,0
2,2010-06-25,1681,141074.67225978023,375.59908447675991,29.785811615920693,0.99894842948926033,1,443493.85480706015,665.95334281544092,52.811525996466372,0.97270997368108647,1
2,2010-06-28,1682,121870.17078251195,349.09908447675991,28.278581164581606,0.00011894544884193944,0,408900.57763784181,639.45334281544092,51.798569689383633,0.63899000801568251,1
2,2010-06-29,1683,128593.3033875704,358.59908447675991,28.826292964369767,0.9964289055169554,1,421140.4411513352,648.95334281544092,52.166667428893966,0.3545628061769997,1
2,2010-06-30,1684,99918.631207045793,316.09908447675991,26.308704492447767,0.00037804062402046779,0,367785.65701202268,606.45334281544092,50.474685211439109,0.39555501116939717,1
2,2010-07-02,1685,95851.593108847926,309.59908447675991,25.907873177971542,3.2177415146606151e-06,0,359944.01355542196,599.95334281544092,50.205300654011801,0.00046962478178680606,0
2,2010-07-06,1686,94771.058813179261,307.84908447675991,25.799210934570283,0.00021131019943511044,0,357847.23935556796,598.20334281544092,50.132272601335927,0.045604617381592168,0
2,2010-07-07,1687,94925.045855417644,308.09908447675991,25.814753621848336,0.96309837262397391,1,358146.40352697566,598.45334281544092,50.142718292035269,0.77418202721172291,1
2,2010-07-08,1688,104554.63043195882,323.34908447675991,26.750699853299682,0.9977028913831073,1,376631.79298284661,613.70334281544092,50.771734669322932,0.96407472012231821,1
2,2010-07-09,1689,102463.42388285988,320.09908447675991,26.55322144145665,0.00081754510594499717,0,372653.28375454625,610.45334281544092,50.639016409410274,0.16839241425620952,0
2,2010-07-12,1690,109295.75465687184,330.59908447675991,27.187424710259862,0.99160998546477663,1,385583.05395367049,620.95334281544092,51.065242007848752,0.83019908493724459,1
2,2010-07-13,1691,103425.97113629016,321.59908447675991,26.644497471148291,0.00010277894671120975,0,374486.89378299256,611.95334281544092,50.700359802439174,0.00087611586331836884,0
2,2010-07-14,1692,104070.16930524367,322.59908447675991,26.705222224897344,0.97714719690506657,1,375711.80046862346,612.95334281544092,50.741170762867625,0.90410431462931196,1
2,2010-07-15,1693,92324.266137365179,303.84908447675991,25.549639224449017,0.0017744556625922552,0,353077.61261304439,594.20334281544092,49.964544277102455,0.0088254844240325467,0
2,2010-07-16,1694,88565.21508140568,297.59908447675991,25.156304689497876,0.00024780341806713489,0,345689.13332785142,587.95334281544092,49.700198040189427,0.083816689435716518,0
2,2010-07-20,1695,93696.649517510596,306.09908447675991,25.690229498678967,0.45052785986641147,1,355756.5901557139,596.45334281544092,50.059030030670662,0.87478006845790768,1
2,2010-07-21,1696,98658.23486913876,314.09908447675991,26.185834470759477,0.84402684788345783,1,365363.84364076093,604.45334281544092,50.392108613208919,0.93999850850708888,1
2,2010-07-22,1697,93085.451348557079,305.09908447675991,25.627810539837036,0.48516201636626355,1,354564.68347008299,595.45334281544092,50.017080454887939,0.98849323473261042,1
2,2010-07-23,1698,88863.064165882446,298.09908447675991,25.187924332637085,0.031212288086699624,0,346277.33667066682,588.45334281544092,49.721448484616893,0.071066495146724043,0
2,2010-07-26,1699,79862.242547102884,282.59908447675991,24.195127095613007,0.23511427668568924,0,328275.53304338816,572.95334281544092,49.054224556116516,0.60092967732909131,1
2,2010-07-27,1700,73766.062688614169,271.59908447675991,23.474423896003451,0.014327385905441253,0,315791.55950144847,561.95334281544092,48.569865411879078,0.31750186157428073,1
2,2010-07-28,1701,76783.902617858534,277.09908447675991,23.836480385097627,0.44282914734288437,1,322003.29627241829,567.45334281544092,48.813190779822875,0.023351590029981353,0
2,2010-07-29,1702,80428.440716056401,283.59908447675991,24.259973009132587,0.21915573102730532,0,329422.43972901907,573.95334281544092,49.097805202347381,0.33024665690332672,1
2,2010-07-30,1703,91869.055010650045,303.09908447675991,25.5026575075103,0.84246783158838834,1,352186.87009882124,593.45334281544092,49.932969525910046,0.55014005648594144,1
2,2010-08-02,1704,91263.856841696528,302.09908447675991,25.439922903306101,0.42115665997895563,1,351000.96341319039,592.45334281544092,49.890807816037132,0.027997805749363294,0
2,2010-08-03,1705,98658.23486913876,314.09908447675991,26.185834470759477,0.71710778018342169,1,365363.84364076093,604.45334281544092,50.392108613208919,0.87218902634371076,1
2,2010-08-04,1706,94309.847686464127,307.09908447675991,25.752543771636049,0.038083160668143996,0,356950.49684134475,597.45334281544092,50.100909250770734,0.28739855318656027,1
2,2010-08-05,1707,103908.93226300529,322.34908447675991,26.690050463817837,0.54566632125840819,1,375405.38629721571,612.70334281544092,50.730974358554413,0.90928474021588723,1
2,2010-08-06,1708,100869.17846047608,317.59908447675991,26.4005889008113,0.00072492750681088915,0,369607.26704046904,607.95334281544092,50.536437474267736,0.10403148178236529,0
2,2010-08-09,1709,94309.847686464127,307.09908447675991,25.752543771636049,0.00061747832833148491,0,356950.49684134475,597.45334281544092,50.100909250770734,0.00049048011863704643,0
2,2010-08-10,1710,102463.42388285988,320.09908447675991,26.55322144145665,0.98460176237743857,1,372653.28375454625,610.45334281544092,50.639016409410274,0.87119279416811746,1
2,2010-08-11,1711,107321.16015001127,327.59908447675991,27.007344144827695,0.99550888952295258,1,381866.33389677783,617.95334281544092,50.944216225510388,0.88192710113485784,1
2,2010-08-12,1712,108141.72036120317,328.84908447675991,27.082485853552392,0.66065565054439279,1,383412.77975381643,619.20334281544092,50.994716311751361,0.00091499740106741297,0
2,2010-08-13,1713,114310.99092402324,338.09908447675991,27.633762523642002,0.97675780890796582,1,394953.60409590212,628.45334281544092,51.365209874576287,0.78353116698821046,1
2,2010-08-16,1714,116007.73634640704,340.59908447675991,27.781328260747141,0.99288270835127002,1,398102.12080997933,630.95334281544092,51.464383590166477,0.88918885090004862,1
2,2010-08-17,1715,110622.15099477887,332.59908447675991,27.306985589224951,1.8270770381691061e-07,0,388070.86732493225,622.95334281544092,51.145594648229967,0.00070542760548431449,0
2,2010-08-18,1716,116007.73634640704,340.59908447675991,27.781328260747141,0.99011267372514866,1,398102.12080997933,630.95334281544092,51.464383590166477,0.5318545604906495,1
2,2010-08-23,1717,113298.94367059295,336.59908447675991,27.544933263237308,8.7565840658094033e-05,0,393070.49406745576,626.95334281544092,51.305510868694014,0.05517539852410315,0
2,2010-08-24,1718,123973.76528937252,352.09908447675991,28.452451270849288,0.6930723392753827,1,412746.29769473447,642.45334281544092,51.91542164165179,0.006456890766737478,0
2,2010-08-25,1719,123621.91620489575,351.59908447675991,28.423531485590942,0.00015779560170929501,0,412104.09435191902,641.95334281544092,51.895985676268467,0.28769084985006749,1
2,2010-08-26,1720,122219.51986698872,349.59908447675991,28.307618176255861,0.00011565023939185514,0,409540.28098065726,639.95334281544092,51.818084438497237,0.058624132923022897,0
2,2010-08-27,1721,130031.69972547743,360.59908447675991,28.940536474860345,0.98778749845632041,1,423740.25452259695,650.95334281544092,52.243446453887707,0.86874053444720034,1
2,2010-08-31,1722,130392.5488099542,361.09908447675991,28.969040070337737,0.99942870343534052,1,424391.45786541241,651.45334281544092,52.262602712831196,0.92105715093340368,1
2,2010-09-01,1723,131840.94514786123,363.09908447675991,29.082826149520219,0.99772365577247246,1,427001.27123667416,653.45334281544092,52.339074314412571,0.77370340230675161,1
2,2010-09-02,1724,126095.35979623307,355.09908447675991,28.625480409251104,8.9214841505031083e-06,0,416610.01775162708,645.45334281544092,52.03170840914477,0.01135288696708432,0
2,2010-09-03,1725,137900.14254172778,371.34908447675991,29.548365583987263,0.93006261049362371,1,437851.31389312894,661.70334281544092,52.651946911910954,0.0017206353679581499,0
2,2010-09-07,1726,136603.4832460591,369.59908447675991,29.450126253128278,1.1686036666493065e-06,0,435538.41469327488,659.95334281544092,52.585923730314022,0.023797562395564659,0
2,2010-09-08,1727,136603.4832460591,369.59908447675991,29.450126253128278,6.8693104016202055e-07,0,435538.41469327488,659.95334281544092,52.585923730314022,0.034410037719247,0
2,2010-09-09,1728,128414.06634533202,358.34908447675991,28.811986691598783,6.9500241710346124e-05,0,420816.02697992744,648.70334281544092,52.157052688678661,0.067468186494625368,0
2,2010-09-13,1729,144475.31402007106,380.09908447675991,30.035486722778344,0.99503748343388876,1,449507.68489239912,670.45334281544092,52.979323809991385,0.36300197447100913,1
2,2010-09-14,1730,145617.86127350136,381.59908447675991,30.11831763826045,0.99900772652085523,1,451521.29492084548,671.95334281544092,53.034991540287365,0.80863796521022191,1
2,2010-09-15,1731,149845.70120274569,387.09908447675991,30.420360273222784,0.91688337364652062,1,458943.0316918153,677.45334281544092,53.23798371830577,0.085688714360702384,0
2,2010-09-16,1732,151009.24845617599,388.59908447675991,30.502282925962316,0.75371494231311209,1,460977.64172026166,678.95334281544092,53.293041037318758,0.047088019961103934,0
2,2010-09-17,1733,151787.44662512949,389.59908447675991,30.556790939353718,0.9952773384826844,1,462336.54840589251,679.95334281544092,53.329673946309086,0.47337968292557586,1
2,2010-09-21,1734,169413.80634210695,411.59908447675991,31.734701964283722,0.98839761799479553,1,492738.49548977194,701.95334281544092,54.121306308052496,0.64681018213770913,1
2,2010-09-27,1735,166953.21183524639,408.59908447675991,31.576436203768154,1.4503809752309866e-05,0,488535.77543287928,698.95334281544092,54.014941484964517,0.00090059174655290181,0
2,2010-09-28,1736,178167.63711611889,422.09908447675991,32.282912770689094,0.98472850039401039,1,507589.76568889618,712.45334281544092,54.489739412270822,0.68892050163646446,1
2,2010-09-29,1737,208026.37486053858,456.09908447675991,33.99918631954975,0.9988037952636738,1,557192.59300034621,746.45334281544092,55.643186195709347,0.96687403268648575,1
2,2010-10-08,1738,214460.76204321321,463.09908447675991,34.34179343542899,0.98385200854052646,1,567691.93979976233,753.45334281544092,55.873440327433514,0.56765947342746392,1
2,2010-10-12,1739,230495.13091542304,480.09908447675991,35.159215267430241,0.9226968126313011,1,593598.35345548729,770.45334281544092,56.422800645583372,0.61418827244820207,1
2,2010-10-13,1740,237996.72922481282,487.84908447675991,35.525147240251954,0.98385200854052646,1,605600.44276912662,778.20334281544092,56.668730589145525,0.56765947342746392,1
2,2010-10-14,1741,232419.5272533301,482.09908447675991,35.254046396838021,0.0081969311750177618,0,596684.1668267491,772.45334281544092,56.486533295461861,0.90631321809314913,1
2,2010-10-15,1742,232178.54021109172,481.84908447675991,35.24220767794916,0.0080040329785091985,0,596298.00265534141,772.20334281544092,56.478576910984891,0.90662041499609503,1
2,2010-10-18,1743,205752.12943815478,453.59908447675991,33.875958512080651,0.00061881459112398101,0,553466.576286269,743.95334281544092,55.56036914230328,0.28675225509238084,1
2,2010-10-19,1744,205752.12943815478,453.59908447675991,33.875958512080651,0.00052826779400707625,0,553466.576286269,743.95334281544092,55.56036914230328,0.020283013755371105,0
2,2010-10-20,1745,209854.77119844561,458.09908447675991,34.097438368199477,0.98629013143531918,1,560182.40637160791,748.45334281544092,55.70921792448388,0.89907407119490557,1
2,2010-10-21,1746,204393.58218472451,452.09908447675991,33.801800708542793,0.000922793041834457,0,551236.96625782258,742.45334281544092,55.510530303958191,0.16461072145990666,0
2,2010-10-25,1747,197223.99683309635,444.09908447675991,33.403466301373442,0.00079707666482569533,0,539421.71277277556,734.45334281544092,55.242823829668367,0.02931107526882171,0
2,2010-10-26,1748,192808.00598832875,439.09908447675991,33.152063758154767,0.016393907306190648,0,532102.17934462114,729.45334281544092,55.073865067228454,0.15023802938346362,0
2,2010-10-27,1749,200792.78950891041,448.09908447675991,33.603230931890508,0.93470723467137606,1,545313.33951529907,738.45334281544092,55.377078576336025,0.91882887321919238,1
2,2010-10-28,1750,212842.97774754456,461.34908447675991,34.256475550529785,0.48298756849918584,1,565057.91559990833,751.70334281544092,55.816101192904469,0.11356164695890872,0
2,2010-10-29,1751,220053.95105693434,469.09908447675991,34.632638204264296,0.92070256231565883,1,576769.37991354766,759.45334281544092,56.068906815462604,0.81586473746695765,1
2,2010-11-01,1752,216782.50746559701,465.59908447675991,34.463292707384156,0.30494065502960066,1,571465.45651383954,755.95334281544092,55.955095693222866,0.041930407743023333,0
2,2010-11-02,1753,245618.4525342026,495.59908447675991,35.886972083762487,0.99801339080322504,1,617722.65708276595,785.95334281544092,56.911900276281024,0.068791300102377634,0
2,2010-11-04,1754,253108.688801354,503.09908447675991,36.233279400558871,0.94418281186187358,1,629568.20722499758,793.45334281544092,57.144641182242772,0.55208122455954844,1
2,2010-11-08,1755,286866.37929234339,535.59908447675991,37.691701933621388,0.95086978003657507,1,682198.92450800131,825.95334281544092,58.124795412768535,0.65888984208633039,1
2,2010-11-09,1756,255125.08513926103,505.09908447675991,36.324997085707295,0.01427233091863651,0,632746.02059625939,795.45334281544092,57.206281396292049,0.00053754062071410867,0
2,2010-11-10,1757,263270.67049088923,513.09908447675991,36.689244510315334,0.53642851244727674,1,645537.27408130642,803.45334281544092,57.451079214547086,0.03842205954783913,0
2,2010-11-11,1758,253108.688801354,503.09908447675991,36.233279400558871,0.0015144895464201591,0,629568.20722499758,793.45334281544092,57.144641182242772,0.022411708711625015,0
2,2010-11-12,1759,233384.72542228361,483.09908447675991,35.301358018031415,0.13071129031826012,0,598230.07351238001,773.45334281544092,56.518329763642008,0.33066395441513241,1
2,2010-11-15,1760,214924.11112768998,463.59908447675991,34.366129316290575,0.36750269948936354,1,568445.64314257773,753.95334281544092,55.889795612708738,0.37426345871588168,1
2,2010-11-16,1761,216084.67133888186,464.84908447675991,34.42689016676615,0.48909366413289634,1,570332.08899961633,755.20334281544092,55.930630832471095,0.47438835971999621,1
2,2010-11-18,1762,208939.57302949211,457.09908447675991,34.048348936816382,0.0024732374076967835,0,558686.499685977,747.45334281544092,55.676226652919247,0.19198681665055714,0
2,2010-11-19,1763,221934.34739484137,471.09908447675991,34.729014705253221,0.89637254944054578,1,579811.19328480936,761.45334281544092,56.133678054953251,0.065617186708441896,0
2,2010-11-22,1764,237265.5180980977,487.09908447675991,35.489915080273946,0.91397819826093274,1,604433.70025490352,777.45334281544092,56.645052299849972,0.68788235140663878,1
2,2010-11-24,1765,220523.30014141111,469.59908447675991,34.656759001974905,0.0080063358497418531,0,577529.08325636305,759.95334281544092,56.085117550955054,0.14767335462358389,0
2,2010-11-26,1766,222405.69647931814,471.59908447675991,34.75306444191304,0.98295532932598817,1,580572.89662762487,761.95334281544092,56.149841032825421,0.52359037201566183,1
2,2010-11-29,1767,248102.6979565864,498.09908447675991,36.002825043495477,0.93704959103681451,1,621658.67379684316,788.45334281544092,56.989760955217996,0.30916290837995991,1
2,2010-11-30,1768,250099.09429449344,500.09908447675991,36.095206385908327,0.9415834645239739,1,624816.48716810497,790.45334281544092,57.051847189854989,0.8305005720321833,1
2,2010-12-01,1769,253612.03788583077,503.59908447675991,36.256233583640025,0.99331404660722,1,630361.91056781309,793.95334281544092,57.160067877281563,0.91933951463025498,1
2,2010-12-02,1770,268426.66133565683,518.09908447675991,36.914790486409679,0.94847072629190576,1,653596.80750946084,808.45334281544092,57.602660692229492,0.66026214328975108,1
2,2010-12-03,1771,285796.18112338986,534.59908447675991,37.647822850476047,0.36002819514012907,1,680548.0178223704,824.95334281544092,58.095305832073308,0.145676816915837,0
2,2010-12-07,1772,250099.09429449344,500.09908447675991,36.095206385908327,3.2290690112663634e-05,0,624816.48716810497,790.45334281544092,57.051847189854989,0.0011148229320517699,0
2,2010-12-08,1773,255883.29626597618,505.84908447675991,36.359323232830903,0.70873384636584646,1,633939.76311048248,796.20334281544092,57.229350786374908,0.22230465170388566,0
2,2010-12-09,1774,239952.12556271986,489.84908447675991,35.618911796165051,0.10848212779654003,0,608717.25614038843,780.20334281544092,56.731746432680673,0.36630499392186627,1
2,2010-12-10,1775,263784.01957536599,513.59908447675991,36.711871656666183,0.2220231494659019,0,646340.97742412193,803.95334281544092,57.466286119759893,0.10628006398609609,0
2,2010-12-13,1776,259181.87781507513,509.09908447675991,36.507643203783431,0.55973697892764784,1,639125.6473387829,799.45334281544092,57.32903139587242,0.16946853139774135,0
2,2010-12-14,1777,253360.30084359238,503.34908447675991,36.244758558182532,0.16129674565629679,0,629964.99639640527,793.70334281544092,57.152355918303577,0.016042704389413985,0
2,2010-12-15,1778,228100.88549303924,477.59908447675991,35.040284994626553,0.063879673555871291,0,589752.33674141008,767.95334281544092,56.342871813311881,0.25508297462778579,1
2,2010-12-16,1779,244628.2543652491,494.59908447675991,35.840513367881158,0.72309420168103133,1,616151.75039713515,784.95334281544092,56.88067701561166,0.18654078299464866,0
2,2010-12-20,1780,247604.84887210964,497.59908447675991,35.979687959274038,0.73795432600818833,1,620870.47045402776,787.95334281544092,56.974211338788209,0.057290958338329527,0
2,2010-12-21,1781,251601.64154792373,501.59908447675991,36.164317554200423,0.35707062800220402,1,627190.09719655127,791.95334281544092,57.09829436304549,0.064285198213236527,0
2,2010-12-22,1782,277833.44485623849,527.09908447675991,37.316749343487423,0.011752356816290671,0,668229.96768013877,817.45334281544092,57.872803031181661,0.00055733751973030511,0
2,2010-12-29,1783,270503.05767356383,520.09908447675991,37.00455955010743,0.090364789190439276,0,656834.62088072265,810.45334281544092,57.662991306683807,0.0084258338364213599,0
2,2010-12-30,1784,253108.688801354,503.09908447675991,36.233279400558871,0.0012742120889233381,0,629568.20722499758,793.45334281544092,57.144641182242772,0.00076964757397454339,0
2,2011-01-04,1785,232901.87633780684,482.59908447675991,35.277710853564322,1.422744210439017e-05,0,597456.8701695645,772.95334281544092,56.50243734031001,0.023164615394389295,0
2,2011-01-05,1786,233384.72542228361,483.09908447675991,35.301358018031415,0.97454649240885116,1,598230.07351238001,773.45334281544092,56.518329763642008,0.55913849488132017,1
2,2011-01-06,1787,231937.67816885334,481.59908447675991,35.23036462887783,0.034220486601705187,0,595911.96348393371,771.95334281544092,56.470617616345351,0.28225656373681518,1
2,2011-01-07,1788,238729.06535152797,488.59908447675991,35.560340937173216,0.62266407756912723,1,606768.31028334983,778.95334281544092,56.69238302878027,0.78381912196548964,1
2,2011-01-11,1789,243393.31915405719,493.34908447675991,35.782345202303532,0.94575297888803966,1,614190.92954009655,783.70334281544092,56.8415842477201,0.84317380407594844,1
2,2011-01-12,1790,246114.30161867937,496.09908447675991,35.910176219816137,0.99345320899212453,1,618508.86042558146,786.45334281544092,56.927494955877009,0.98168049053241324,1
2,2011-01-13,1791,231937.67816885334,481.59908447675991,35.23036462887783,0.00024010463163021934,0,595911.96348393371,771.95334281544092,56.470617616345351,0.016958339815945883,0
2,2011-01-14,1792,234351.92359123714,484.09908447675991,35.348600545948152,0.98002909006138117,1,599777.9801980108,774.45334281544092,56.550079796673302,0.96852079637958699,1
2,2011-01-18,1793,236778.66901362094,486.59908447675991,35.466405574107867,0.96388075606516754,1,603656.49691208801,776.95334281544092,56.62925239179598,0.6711249588807946,1
2,2011-01-19,1794,211691.16753635264,460.09908447675991,34.195398326031949,0.17008843671677548,0,563180.21974286973,750.45334281544092,55.775053349345292,0.15343029427359578,0
2,2011-01-20,1795,209854.77119844561,458.09908447675991,34.097438368199477,0.25069069368357461,1,560182.40637160791,748.45334281544092,55.70921792448388,0.0073244648867822103,0
2,2011-01-21,1796,209396.92211396885,457.59908447675991,34.072902790525681,0.20516106371359585,0,559434.20302879252,747.95334281544092,55.692728430040276,0.055818904964711841,0
2,2011-01-24,1797,192369.15690385198,438.59908447675991,33.126819069241684,0.0365957547360155,0,531372.97600180574,728.95334281544092,55.056899004187379,0.29083756072437117,1
2,2011-01-25,1798,201689.98767786394,449.09908447675991,33.652984973904829,0.86786630565405731,1,546791.24620092998,739.45334281544092,55.410516509212506,0.84919827837108797,1
2,2011-01-27,1799,188008.16605908438,433.59908447675991,32.873319520603481,0.00018079867036795567,0,524108.44257365132,723.95334281544092,54.886530918532294,0.016732622689893534,0
2,2011-01-28,1800,195009.75141071255,441.59908447675991,33.278001844518457,0.98979499896698897,1,535755.69605869835,731.95334281544092,55.158503603273623,0.73537746078499422,1
2,2011-01-31,1801,199004.39317100338,446.09908447675991,33.503498646395784,0.95090513680209776,1,542363.52614403737,736.45334281544092,55.310052032703041,0.92256276095858669,1
2,2011-02-01,1802,230015.2818309463,479.59908447675991,35.135464064231499,0.99401227086446209,1,592828.15011267189,769.95334281544092,56.406838301497508,0.68855901514949325,1
2,2011-02-09,1803,218882.76584574243,467.84908447675991,34.572258228469231,3.9578830075862507e-06,0,574872.30905650905,758.20334281544092,56.028327568109439,0.046911550198341659,0
2,2011-02-10,1804,230015.2818309463,479.59908447675991,35.135464064231499,0.9756432894360223,1,592828.15011267189,769.95334281544092,56.406838301497508,0.64601401958106675,1
2,2011-02-14,1805,237509.13014033606,487.34908447675991,35.501663411164444,0.9665422194284391,1,604822.48942631122,777.70334281544092,56.65294793774838,0.41987952666203954,1
2,2011-02-15,1806,243640.05619629557,493.59908447675991,35.793987271701226,0.60675332528264114,1,614582.84371150425,783.95334281544092,56.849408471025441,0.020487221411690841,0
2,2011-02-17,1807,248102.6979565864,498.09908447675991,36.002825043495477,0.32752433721232993,1,621658.67379684316,788.45334281544092,56.989760955217996,0.000689412346353216,0
2,2011-02-18,1808,265842.415913273,515.59908447675991,36.802218734957883,0.99866003088606592,1,649560.79079538363,805.95334281544092,57.527005197390501,0.98367118029758138,1
2,2011-02-22,1809,274417.86330713955,523.84908447675991,37.172189780149715,0.9921526787970828,1,662927.08345183847,814.20334281544092,57.77564965871499,0.93629762399680383,1
2,2011-02-23,1810,276780.24668728496,526.09908447675991,37.27234038092525,0.99924393228201913,1,666596.06099450786,816.45334281544092,57.842957337261133,0.99470810935098097,1
2,2011-02-24,1811,267391.4631667033,517.09908447675991,36.869809944867015,0.0018274828000146607,0,651980.90082382993,807.45334281544092,57.572430860280988,0.065193257780104694,0
2,2011-02-25,1812,276254.3976028082,525.59908447675991,37.250112294596732,0.99124856309741805,1,665779.85765169247,815.95334281544092,57.82801862618291,0.9354022680102827,1
2,2011-02-28,1813,286598.64225010504,535.34908447675991,37.680737953669535,0.98257094018087943,1,681786.01033659349,825.70334281544092,58.117426909409886,0.88934745738937981,1
2,2011-03-01,1814,287402.22837682016,536.09908447675991,37.713618324077373,0.92453126062823721,1,683025.1278508167,826.45334281544092,58.139524644069006,0.95195166376165796,1
2,2011-03-03,1815,293329.56830606452,541.59908447675991,37.953684966836718,0.89640806468400958,1,692146.36462178652,831.95334281544092,58.300864948524243,0.97123638372223464,1
2,2011-03-04,1816,304813.39908007649,552.09908447675991,38.406892833165905,0.60533649358898012,1,709727.63482091087,842.45334281544092,58.605449934987199,0.82682969218924296,1
2,2011-03-07,1817,292517.7321793494,540.84908447675991,37.921057632025231,0.00018588409392107994,0,690898.99710756342,831.20334281544092,58.278937270144851,0.0025611327509237722,0
2,2011-03-08,1818,297678.36098187859,545.59908447675991,38.127119809696708,0.70138395127689035,1,698817.99136431015,835.95334281544092,58.41742437564227,0.005276422197197035,0
2,2011-03-09,1819,278624.65598295361,527.84908447675991,37.350014822342821,0.0032494037740429496,0,669456.71019436198,818.20334281544092,57.89515958361514,0.014942770724510732,0
2,2011-03-10,1820,276780.24668728496,526.09908447675991,37.27234038092525,0.023479917053913623,0,666596.06099450786,816.45334281544092,57.842957337261133,0.84000371247888062,1
2,2011-03-11,1821,288206.93950353528,536.84908447675991,37.746464016646861,0.030137872309634845,0,684265.37036503991,827.20334281544092,58.161599072978795,0.0076375735064411259,0
2,2011-03-14,1822,265327.06682879623,515.09908447675991,36.779656156855403,0.89838983493647728,1,648755.08745256823,805.45334281544092,57.511841686214993,0.86657037955572314,1
2,2011-03-15,1823,266874.61408222653,516.59908447675991,36.847295611751782,0.41078057936834356,1,651173.69748101453,806.95334281544092,57.557299772855984,0.016002018963951377,0
2,2011-03-16,1824,268685.77337789518,518.34908447675991,36.926025608317715,0.6098669830511787,1,654001.09668086853,808.70334281544092,57.610211420512272,0.69923579267906066,1
2,2011-03-17,1825,285796.18112338986,534.59908447675991,37.647822850476047,0.16863790544956245,0,680548.0178223704,824.95334281544092,58.095305832073308,0.78980693987594885,1
2,2011-03-18,1826,292247.37013711099,540.59908447675991,37.910174226981766,0.076073929439977261,0,690483.45793615573,830.95334281544092,58.271622918333868,0.025712754211628382,0
2,2011-03-22,1827,307025.79541798349,554.09908447675991,38.492468529125382,0.76582537233095616,1,713101.44819217257,844.45334281544092,58.662962335216463,0.053657369230753316,0
2,2011-03-23,1828,315393.53168513492,561.59908447675991,38.811270523618511,0.42844637818701831,1,725824.4983344042,851.95334281544092,58.87721788634699,0.037254572423749209,0
2,2011-03-24,1829,303159.35182664619,550.59908447675991,38.342554629300828,0.79761939917443514,1,707202.52479246445,840.95334281544092,58.562210502468027,0.84576692455711899,1
2,2011-03-25,1830,282597.58661652933,531.59908447675991,37.515814006828506,0.32458296054876473,1,675607.29776547779,821.95334281544092,58.006587354653561,0.71285710159846438,1
2,2011-03-28,1831,283129.43570100609,532.09908447675991,37.537854284074776,0.52734302581539516,1,676429.50110829319,822.45334281544092,58.021399845886492,0.11618013533785176,0
2,2011-03-29,1832,291707.02105263423,540.09908447675991,37.888395964697288,0.84282344640739892,1,689652.75459334021,830.45334281544092,58.256986518094763,0.92940127953711993,1
2,2011-03-30,1833,306471.94633350678,553.59908447675991,38.471096905959691,0.47863642006772089,1,712257.24484935717,843.95334281544092,58.648599222754747,0.20603693088988001,0
2,2011-03-31,1834,331890.15513496095,576.09908447675991,39.418343104807384,0.35783774954331304,1,750741.39527605195,866.45334281544092,59.285209908685665,0.49080621128374635,1
2,2011-04-06,1835,329589.75879705389,574.09908447675991,39.335326103238089,0.037521996370225429,0,747279.58190479025,864.45334281544092,59.229417116508451,0.0053527626087593793,0
2,2011-04-07,1836,341171.74048658909,584.09908447675991,39.748151376438237,0.91441997978417111,1,764668.64876109909,874.45334281544092,59.506862389618298,0.14136009016589857,0
2,2011-04-08,1837,339421.69323315885,582.59908447675991,39.686586136019066,0.00049836906979149802,0,762047.53873265267,872.95334281544092,59.465486567809322,0.0045360448098689839,0
2,2011-04-11,1838,327297.36245914688,572.09908447675991,39.252081267702223,2.9996075064441756e-05,0,743825.76853352843,862.45334281544092,59.173471205176057,3.6125168642773016e-06,0
2,2011-04-13,1839,349693.73971150216,591.34908447675991,40.043953578923983,0.9837929959568561,1,777400.7847319229,881.70334281544092,59.705660593562961,0.5200252636098841,1
2,2011-04-15,1840,369176.64745699684,607.59908447675991,40.696522737894171,0.98250605678622893,1,806320.20587342477,897.95334281544092,60.144229257564696,0.876321441194024,1
2,2011-04-18,1841,366144.90203461301,605.09908447675991,40.597053638159004,0.00010054035998867874,0,801836.68915934756,895.45334281544092,60.077379591777316,0.0072056588164872946,0
2,2011-04-19,1842,378962.23280862498,615.59908447675991,41.012597233628242,0.97137636484567469,1,820751.45935847179,905.95334281544092,60.356651753193937,0.97411307987667783,1
2,2011-04-20,1843,382664.82731548557,618.59908447675991,41.130258276380317,0.99625957652826502,1,826196.17941536452,908.95334281544092,60.435727580813889,0.98100105187345688,1
2,2011-04-21,1844,374665.28921728767,612.09908447675991,40.874730182087468,3.8279343796083288e-05,0,814422.03595876368,902.45334281544092,60.263996181331613,0.0057456995660158062,0
2,2011-04-26,1845,391374.21449816017,625.59908447675991,41.40298375094374,0.88223197523241859,1,838970.52621478064,915.95334281544092,60.619016731663855,0.35843213973779109,1
2,2011-04-27,1846,422628.8196375214,650.09908447675991,42.337941027467267,0.99879817795465697,1,884452.49001273722,940.45334281544092,61.247368467303218,0.97064896432545111,1
2,2011-04-28,1847,361320.10935879895,601.09908447675991,40.437207162916913,8.3727266901403139e-05,0,794689.06241682405,891.45334281544092,59.969952426198518,0.10777477494658608,0
2,2011-05-06,1848,380194.43097757851,616.59908447675991,41.051869805376825,0.75571894001289619,1,822564.3660441027,906.95334281544092,60.383045460415509,0.26456369540789848,1
2,2011-05-09,1849,394508.459920544,628.09908447675991,41.499774329485298,0.97264517483164359,1,843556.54292885785,918.45334281544092,60.684066258040367,0.20079151250479976,0
2,2011-05-10,1850,387629.61999129964,622.59908447675991,41.286411437450923,0.00013472536448666292,0,833483.80615788803,912.95334281544092,60.54067260049343,0.068345382881358024,0
2,2011-05-11,1851,364935.70386565948,604.09908447675991,40.557172505992611,0.0043723104497761719,0,800046.78247371665,894.45334281544092,60.050576892611005,0.0033055847905695632,0
2,2011-05-12,1852,384832.98661115422,620.34908447675991,41.198677368537936,0.97744012064049224,1,829380.57861521852,910.70334281544092,60.481709634098678,0.41085101850957245,1
2,2011-05-13,1853,378654.49576638662,615.34908447675991,41.002770912994166,0.01003246696394962,0,820298.5451870641,905.70334281544092,60.350047830447508,0.57470856766870815,1
2,2011-05-16,1854,373442.09104833414,611.09908447675991,40.835221147795522,0.00014196616086373552,0,812618.12927313289,901.45334281544092,60.237443555993373,0.06839865177614636,0
2,2011-05-18,1855,369176.64745699684,607.59908447675991,40.696522737894171,0.020424636079849599,0,806320.20587342477,897.95334281544092,60.144229257564696,0.2967472298423689,1
2,2011-05-19,1856,366447.51407685142,605.34908447675991,40.607015561077304,0.00014599985748366847,0,802284.47833075526,895.70334281544092,60.084074648025556,0.24928591317682136,0
2,2011-05-20,1857,390748.86541368341,625.09908447675991,41.383587188133724,0.76357353683621543,1,838054.82287196524,915.45334281544092,60.605980987450572,0.16547555948478809,0
2,2011-05-23,1858,411649.3852014165,641.59908447675991,42.016966894352322,0.99799682340080842,1,868537.0331848748,931.95334281544092,61.031653098588144,0.92729663037137589,1
2,2011-05-24,1859,410687.54907470138,640.84908447675991,41.98847400339131,0.04533683847659508,0,867139.66567065159,931.20334281544092,61.012504033771719,0.029799856714544447,0
2,2011-05-25,1860,400814.4507653116,633.09908447675991,41.692399372852151,0.0011478106455440186,0,852766.07635701227,923.45334281544092,60.813522740562455,0.032264770702121894,0
2,2011-05-26,1861,419384.57421513763,647.59908447675991,42.243906358562292,0.91958077406725514,1,879756.47329866001,937.95334281544092,61.184171090374484,0.70531041243333126,1
2,2011-05-27,1862,423930.01780647493,651.09908447675991,42.375469214237548,0.95522496556965331,1,886334.39669836813,941.45334281544092,61.272589835043348,0.165495365789708,0
2,2011-05-31,1863,420356.53534185275,648.34908447675991,42.27214894714001,0.010781865938223037,0,881163.96581288322,938.70334281544092,61.203151935807064,0.28889136330969911,1
2,2011-06-01,1864,427845.61231333553,654.09908447675991,42.487761252144196,0.78568555295006148,1,891992.11675526074,944.45334281544092,61.348057344296258,0.015058517191349001,0
2,2011-06-02,1865,428499.96139781224,654.59908447675991,42.506434056932463,0.93678506650221904,1,892936.82009807625,944.95334281544092,61.360606676327336,0.17277483550271339,0
2,2011-06-03,1866,435070.95224257984,659.59908447675991,42.692497377136561,0.8783612948136883,1,902411.35352623067,949.95334281544092,61.485653256662843,0.043819722988461776,0
2,2011-06-07,1867,425559.32801766682,652.34908447675991,42.422310809738903,0.32393194364624983,1,888689.59255540674,942.70334281544092,61.304070415570862,0.91065266167225944,1
2,2011-06-08,1868,425559.32801766682,652.34908447675991,42.422310809738903,0.00235916614597211,0,888689.59255540674,942.70334281544092,61.304070415570862,0.16392377942318223,0
2,2011-06-09,1869,414541.64358156192,643.84908447675991,42.102277879794663,1.0430788944063e-06,0,872735.8857275442,934.20334281544092,61.088987596236123,0.0056077214632178022,0
2,2011-06-10,1870,397655.20534292777,630.59908447675991,41.596245677886543,0.0007286667869785844,0,848155.05964293506,920.95334281544092,60.748901241124074,0.58667798690512918,1
2,2011-06-14,1871,415185.74266603868,644.34908447675991,42.12120179616015,0.94584094723760703,1,873670.33907035971,934.70334281544092,61.101705691481676,0.35441611324668743,1
2,2011-06-15,1872,406851.45456784079,637.84908447675991,41.874221859626445,0.010874842012678266,0,861561.44561375899,928.20334281544092,60.935719206659513,0.063712446806456352,0
2,2011-06-16,1873,425233.21597542847,652.09908447675991,42.412948583854302,0.96937651961386984,1,888218.30338399904,942.45334281544092,61.297778394500227,0.9018252237199752,1
2,2011-06-17,1874,433752.75407362636,658.59908447675991,42.655381118961131,0.99548121183374549,1,900512.44684059976,948.95334281544092,61.460708731570016,0.97056439471912803,1
2,2011-06-20,1875,434741.21520034148,659.34908447675991,42.683222817721955,0.81051147562966253,1,901936.43935482285,949.70334281544092,61.479420153127748,0.0009828228112707582,0
2,2011-06-21,1876,445021.18850973126,667.09908447675991,42.969345215894357,0.98723956269533975,1,916716.90366846218,957.45334281544092,61.671712902765918,0.92111237937059598,1
2,2011-06-22,1877,406532.59252560243,637.59908447675991,41.864680530319106,0.00027202744430080284,0,861097.40644235117,927.95334281544092,60.929306816509573,0.022823604213917929,0
2,2011-06-23,1878,396080.27013173589,629.34908447675991,41.548049808665446,0.060404798870409643,0,845854.23878589645,919.70334281544092,60.716510501101894,0.020767447139655722,0
2,2011-06-24,1879,375277.63830176444,612.59908447675991,40.894464918341782,0.0027623273718946641,0,815324.73930157919,902.95334281544092,60.277259199962671,0.61656715159500419,1
2,2011-06-27,1880,376503.83647071797,613.59908447675991,40.933894895047359,0.64667870732460242,1,817131.6459872101,903.95334281544092,60.30375869349173,0.024628133060085915,0
2,2011-06-28,1881,382974.18935772392,618.84908447675991,41.140042178943652,0.99016995708837841,1,826650.71858677221,909.20334281544092,60.442302995874421,0.97836231766060966,1
2,2011-06-29,1882,384522.87456891581,620.09908447675991,41.188912950963797,0.9844767426735398,1,828925.28944381082,910.45334281544092,60.475147314210616,0.87654008907726855,1
2,2011-06-30,1883,390124.01632920664,624.59908447675991,41.364177779917874,0.94942943493515586,1,837139.61952914973,914.95334281544092,60.592936610294103,0.1660473225610121,0
2,2011-07-05,1884,411970.24724365486,641.84908447675991,42.026458305893591,0.90494017579425357,1,869003.0723562825,932.20334281544092,61.038031940772029,0.77636856408184796,1
2,2011-07-06,1885,412291.23428589327,642.09908447675991,42.035946610589846,0.87070516025012012,1,869469.2365276902,932.45334281544092,61.044408694955223,0.0055967132327472604,0
2,2011-07-07,1886,430466.00865124253,656.09908447675991,42.562379790902362,0.4862324466321129,1,895773.93012652255,946.45334281544092,61.39820582649633,0.036596377439697229,0
2,2011-07-08,1887,449032.7830165918,670.09908447675991,43.079336835535834,0.970114325041041,1,922470.6237253549,960.45334281544092,61.745634382220572,0.42246348809478679,1
2,2011-07-11,1888,442356.7921718242,665.09908447675991,42.895781004628184,9.5287097802506949e-05,0,912891.09029720048,955.45334281544092,61.622272996803673,0.06082968457395467,0
2,2011-07-12,1889,481079.68998699955,693.59908447675991,43.926477800934762,0.99414747818649551,1,968164.18083768059,983.95334281544092,62.314967879381946,0.91732876528514184,1
2,2011-07-13,1890,497164.71892996499,705.09908447675991,44.331913516300531,0.90611402508249084,1,990927.35772243573,995.45334281544092,62.587446891885619,0.95843208221693443,1
2,2011-07-14,1891,492241.27533862769,701.59908447675991,44.209142059027087,0.0019299189413282301,0,983971.43432272761,991.95334281544092,62.504936535314492,0.35759925223801353,1
2,2011-07-15,1892,512082.04970397695,715.59908447675991,44.697007150328538,0.99548942245340732,1,1011942.12792156,1005.9533428154409,62.832813417579068,0.98094321062187384,1
2,2011-07-19,1893,490839.07716967416,700.59908447675991,44.173964973313993,1.2574621143544672e-05,0,981988.52763709682,990.95334281544092,62.481295259485556,0.011030049900578948,0
2,2011-07-20,1894,512082.04970397695,715.59908447675991,44.697007150328538,0.97328213289587062,1,1011942.12792156,1005.9533428154409,62.832813417579068,0.75311135895555448,1
2,2011-07-21,1895,513514.24787293049,716.59908447675991,44.731528369335827,0.94040107197100953,1,1013955.0346071909,1006.9533428154409,62.856013908579335,0.96448588955616832,1
2,2011-07-22,1896,530128.27681589592,728.09908447675991,45.125446822234885,0.97236703220462939,1,1037247.211491946,1018.4533428154409,63.120752576104181,0.9706396188340557,1
2,2011-07-25,1897,529036.69068918086,727.34908447675991,45.09992773069353,7.8069880273456782e-07,0,1035720.0939777228,1017.7033428154409,63.103602096756525,1.0536069176475196e-06,0
2,2011-07-26,1898,547006.80575886148,739.59908447675991,45.51378981395446,0.98528964178609912,1,1060803.8883767012,1029.9533428154409,63.3817441732579,0.86888671477857726,1
2,2011-07-27,1899,530128.27681589592,728.09908447675991,45.125446822234885,0.0020728324951538512,0,1037247.211491946,1018.4533428154409,63.120752576104181,0.030297138921160843,0
2,2011-07-28,1900,552196.24935019878,743.09908447675991,45.63089250701627,0.98818698922715154,1,1068025.8117764092,1033.4533428154409,63.460444753788202,0.92033901811202989,1
2,2011-07-29,1901,544052.40942095441,737.59908447675991,45.446647225924828,0.00010310084043880001,0,1056688.0750054393,1027.9533428154409,63.336620013274235,0.0029891624275378567,0
2,2011-08-01,1902,566029.1449130188,752.34908447675991,45.937968827767357,0.79685589181955452,1,1087230.2611184949,1042.7033428154409,63.666819894088903,0.085504421131312278,0
2,2011-08-02,1903,614419.38723505475,783.84908447675991,46.958159920728463,0.9685888396968968,1,1153912.8217158676,1074.2033428154409,64.352454264815989,0.85454392834157988,1
2,2011-08-03,1904,630593.3559668283,794.09908447675991,47.281874633924375,0.99299780267230453,1,1176039.0527435842,1084.4533428154409,64.570011480526404,0.94519257824550185,1
2,2011-08-04,1905,598068.80646104272,773.34908447675991,46.622401475614765,0.034934459785020716,0,1131464.8015167434,1063.7033428154409,64.12680288261889,0.037000280241735142,0
2,2011-08-05,1906,652216.2812477008,807.59908447675991,47.702249526093318,0.96872021691028998,1,1205501.5429996012,1097.9533428154409,64.852530585672824,0.93434676272339112,1
2,2011-08-08,1907,723518.80251270218,850.59908447675991,48.997643115020736,0.98295416446020412,1,1301774.530481729,1140.9533428154409,65.72311882577425,0.95550233566635567,1
2,2011-08-09,1908,786057.93659502885,886.59908447675991,50.03380837904966,0.97100638954841112,1,1385219.1711644407,1176.9533428154409,66.419488872203218,0.56729118111508237,1
2,2011-08-10,1909,764923.55856758659,874.59908447675991,49.693129799815907,0.0037550231146169068,0,1357116.2909368703,1164.9533428154409,66.190530841786426,0.50128653779597787,1
2,2011-08-11,1910,723518.80251270218,850.59908447675991,48.997643115020736,1.4457131118097298e-07,0,1301774.530481729,1140.9533428154409,65.72311882577425,6.1287773762449185e-05,0
2,2011-08-12,1911,804786.76736904087,897.09908447675991,50.328139381585416,0.95733135089530663,1,1410045.4413635652,1187.4533428154409,66.617298334667097,0.85303420350379977,1
2,2011-08-16,1912,818299.50363619218,904.59908447675991,50.536261702612286,0.99154367120022613,1,1427913.4915057966,1194.9533428154409,66.75716998968943,0.98367075741147725,1
2,2011-08-17,1913,880968.2413806119,938.59908447675991,51.458283140173243,0.67575345662871822,1,1510326.3188172467,1228.9533428154409,67.376828005232497,0.0023035352468153579,0
2,2011-08-18,1914,984260.59341962519,992.09908447675991,52.841495844301456,0.67575345662871822,1,1644686.5764984989,1282.4533428154409,68.306436368332399,0.0023035352468153579,0
2,2011-08-22,1915,981286.54616619495,990.59908447675991,52.803789151213209,0.00069125724297813026,0,1640841.4664700525,1280.9533428154409,68.281095032806022,0.36486410817050058,1
2,2011-08-23,1916,782515.54025712179,884.59908447675991,49.977349405466661,0.0059512548043732299,0,1380515.3577931791,1174.9533428154409,66.381544791832823,0.14131067017913124,0
2,2011-08-24,1917,711659.41533002746,843.59908447675991,48.791155840182761,0.004213258301262175,0,1285850.183682313,1133.9533428154409,65.584346027498029,0.31554182922172103,1
2,2011-08-25,1918,814685.10729828523,902.59908447675991,50.480933136284115,0.96837896976573856,1,1423137.678134535,1192.9533428154409,66.719985616076116,0.18098943752245827,0
2,2011-08-26,1919,882846.43954956543,939.59908447675991,51.48488134119232,0.94231829538179279,1,1512785.2255028775,1229.9533428154409,67.394703715914574,0.79292440611731485,1
2,2011-08-30,1920,979801.21003947977,989.84908447675991,52.784913183669367,0.98094978993841087,1,1638920.5989558294,1280.2033428154409,68.268409162268554,0.71830752581252166,1
2,2011-09-02,1921,1019290.3113763118,1009.5990844767599,53.276996542309227,0.88955768131455815,1,1689878.6934970394,1299.9533428154409,68.599120992899259,0.67793847787154382,1
2,2011-09-06,1922,854883.46701526258,924.59908447675991,51.082822346782322,0.011623753284623747,0,1476111.6252184142,1214.9533428154409,67.124494078201153,0.029764871435296127,0
2,2011-09-07,1923,940122.38461817103,969.59908447675991,52.269492424623174,0.91656492269178902,1,1587482.426071804,1259.9533428154409,67.922013089781188,0.3122008354886352,1
2,2011-09-08,1924,932381.5919423569,965.59908447675991,52.166347081402478,0.0017680847866669046,0,1577418.7993292804,1255.9533428154409,67.852692750699134,0.00030640964435993103,0
2,2011-09-09,1925,873475.44870479777,934.59908447675991,51.351598048173621,0.00054731871934038715,0,1500510.6920747231,1224.9533428154409,67.305128726123129,0.0036860128352447312,0
2,2011-09-13,1926,870673.90145136754,933.09908447675991,51.311470138947477,0.0094801510687298422,0,1496838.0820462769,1223.4533428154409,67.278160176818304,0.19857275521746273,0
2,2011-09-14,1927,803889.91828456405,896.59908447675991,50.314202271423113,0.0009073980815527625,0,1408858.2380207495,1186.9533428154409,66.607931695591532,0.0083171780281114851,0
2,2011-09-15,1928,825552.29631200631,908.59908447675991,50.646548744523969,0.98766477898384564,1,1437489.1182483202,1198.9533428154409,66.831290012008964,0.44850553174017338,1
2,2011-09-16,1929,834663.28715677385,913.59908447675991,50.783717869747633,0.95046298679710639,1,1449503.6516764746,1203.9533428154409,66.923476532264644,0.99223763897422101,1
2,2011-09-20,1930,823736.09814305278,907.59908447675991,50.619023116383708,7.7021854691616472e-06,0,1435092.2115626894,1197.9533428154409,66.812791010342494,0.028096683753941219,0
2,2011-09-21,1931,699898.02814735286,836.59908447675991,48.582989807012773,0.002584910906355813,0,1270023.8368828967,1126.9533428154409,65.444444995089484,0.28161140244702854,1
2,2011-09-22,1932,507797.45519711642,712.59908447675991,44.593184260122648,0.00016863091689796469,0,1005915.4078646674,1002.9533428154409,62.763037723118956,0.0043666008881417494,0
2,2011-09-26,1933,598455.54350328108,773.59908447675991,46.630445116139839,0.93077351218424598,1,1131996.7156881511,1063.9533428154409,64.132208729080219,0.69489583257421528,1
2,2011-09-27,1934,573956.37280002481,757.59908447675991,46.110717253606808,0.0024575837110005715,0,1098206.208718057,1047.9533428154409,63.782918004591657,0.099715563813197794,0
2,2011-09-28,1935,529400.42773141921,727.59908447675991,45.108436731355233,1.4285037291774669e-05,0,1036229.0081491306,1017.9533428154409,63.109320695315617,0.001489477155793565,0
2,2011-09-29,1936,604660.3361790952,777.59908447675991,46.758814460418513,0.19920359393528245,0,1140524.3424306747,1067.9533428154409,64.218481227627237,0.41159983845671044,1
2,2011-10-11,1937,634570.10138921207,796.59908447675991,47.360230943921515,0.78852679167908601,1,1181467.5694576614,1086.9533428154409,64.62267198664928,0.94111740915657793,1
2,2011-10-12,1938,593822.9489964206,770.59908447675991,46.53376113990096,0.0026188191063322781,0,1125621.9956312585,1060.9533428154409,64.067230846343051,0.22712192081109411,0
2,2011-10-13,1939,628213.30871339794,792.59908447675991,47.234748776922522,0.99566653761753199,1,1172787.942715138,1082.9533428154409,64.53833985789278,0.99395395835871414,1
2,2011-10-14,1940,634570.10138921207,796.59908447675991,47.360230943921515,0.98939904125921174,1,1181467.5694576614,1086.9533428154409,64.62267198664928,0.78207064022874306,1
2,2011-10-17,1941,555917.99477258255,745.59908447675991,45.714229581652972,2.4215926926310038e-05,0,1073199.3284904864,1035.9533428154409,63.516452655759714,0.0073545823637528101,0
2,2011-10-18,1942,588441.0054050833,767.09908447675991,46.420519484221479,0.99301427081005134,1,1118207.5722315505,1057.4533428154409,63.991125132553165,0.51847159124971132,1
2,2011-10-19,1943,539635.81491409382,734.59908447675991,45.345622498565426,0.00023844825338024931,0,1050529.3549485467,1024.9533428154409,63.268724865150674,0.0099291404680577223,0
2,2011-10-20,1944,573199.0237155481,757.09908447675991,46.094312601324802,0.97384621786896086,1,1097158.5053752416,1047.4533428154409,63.771893017682856,0.28375771319430682,1
2,2011-10-21,1945,587674.15632060647,766.59908447675991,46.404302934428564,0.99171071433743518,1,1117150.3688887351,1056.9533428154409,63.98022656267802,0.90720520003995675,1
2,2011-10-24,1946,593822.9489964206,770.59908447675991,46.53376113990096,0.98871969074474597,1,1125621.9956312585,1060.9533428154409,64.067230846343051,0.83451527127601544,1
2,2011-10-25,1947,732049.79335746972,855.59908447675991,49.144117431175182,0.98168679918789914,1,1313209.0639098834,1145.9533428154409,65.821559035924238,0.73455217776189929,1
2,2011-10-28,1948,699898.02814735286,836.59908447675991,48.582989807012773,7.2128900579655119e-05,0,1270023.8368828967,1126.9533428154409,65.444444995089484,0.0020540238259569143,0
2,2011-10-31,1949,661943.47026142187,813.59908447675991,47.886938462434372,0.0035475314452930915,0,1218712.9831133864,1103.9533428154409,64.97665349119724,0.20239241898422669,0
2,2011-11-01,1950,735476.18969537679,857.59908447675991,49.202471857530689,0.99681194953602958,1,1317796.8772811452,1147.9533428154409,65.86077698310045,0.98517575959190973,1
2,2011-11-02,1951,745803.37870909786,863.59908447675991,49.376734389751853,0.39583115253252127,1,1331608.3173949304,1153.9533428154409,65.97789267098004,0.73532308220599663,1
2,2011-11-04,1952,827370.49448095984,909.59908447675991,50.67404370344066,0.9923245850219079,1,1439888.024933951,1199.9533428154409,66.84976840197443,0.98668827551188309,1
2,2011-11-08,1953,787832.13476398238,887.59908447675991,50.061990100212064,0.0015209873709916178,0,1387574.0778500717,1177.9533428154409,66.438428810797561,0.066773429944540275,0
2,2011-11-11,1954,809278.51279142464,899.59908447675991,50.397707813824091,0.908089254822667,1,1415988.9580776424,1189.9533428154409,66.664052818792214,0.25918541506635678,1
2,2011-11-15,1955,757942.76589177258,870.59908447675991,49.578535562457851,0.017997047035292389,0,1347812.6641943466,1160.9533428154409,66.11351610566291,0.8261529419490734,1
2,2011-11-16,1956,734618.84061090008,857.09908447675991,49.187895809283212,4.0797229636122037e-05,0,1316649.1739383298,1147.4533428154409,65.850980936323722,9.9831840034592166e-05,0
2,2011-11-17,1957,694887.43364049227,833.59908447675991,48.493256804930766,2.8725653057156513e-05,0,1263271.1168260041,1123.9533428154409,65.384138616372368,0.017320113967452002,0
2,2011-11-18,1958,666834.06476828246,816.59908447675991,47.978794622606344,0.00020403668308869192,0,1225345.703170279,1106.9533428154409,65.038386769414856,0.0067576065763472332,0
2,2011-11-21,1959,661943.47026142187,813.59908447675991,47.886938462434372,6.4053711109177244e-05,0,1218712.9831133864,1103.9533428154409,64.97665349119724,0.002021183380242134,0
2,2011-11-22,1960,644968.13948740996,803.09908447675991,47.562871452576836,0.0043344400693671598,0,1195640.2129142622,1093.4533428154409,64.758859509353911,0.48963557078113112,1
2,2011-11-25,1961,686576.44279572472,828.59908447675991,48.343003761771293,0.95351009562571398,1,1252056.5833978497,1118.9533428154409,65.283158857376961,0.3761714435155083,1
2,2011-11-28,1962,691557.03730258532,831.59908447675991,48.433260598529984,0.42281803386570005,1,1258779.3034547423,1121.9533428154409,65.343817286863185,0.011354767586118131,0
2,2011-11-29,1963,740630.78420223738,860.59908447675991,49.289752833720499,0.98735800342551983,1,1324693.5973380378,1150.9533428154409,65.919435441892375,0.88397890280540814,1
2,2011-11-30,1964,750993.97321595845,866.59908447675991,49.463418063742004,0.80595196409475467,1,1338541.0374518232,1156.9533428154409,66.036149704077673,0.089490860885330717,0
2,2011-12-01,1965,742352.98237119091,861.59908447675991,49.318779878463644,0.02334111775652388,0,1326996.5040236688,1151.9533428154409,65.938943492583917,0.038670729271851605,0
2,2011-12-02,1966,737192.38786433032,858.59908447675991,49.231598880548162,0.00010128986530670851,0,1320093.7839667762,1148.9533428154409,65.880352225656011,0.0049433630240665162,0
2,2011-12-05,1967,722668.45342822536,850.09908447675991,48.982949264002301,0.010599266564376493,0,1300633.8271389136,1140.4533428154409,65.713243607919381,0.15852407422987061,0
2,2011-12-07,1968,688234.64096467826,829.59908447675991,48.373124459286295,6.9122607923254512e-06,0,1254295.4900834805,1119.9533428154409,65.303401913436787,0.00080980337836359642,0
2,2011-12-08,1969,678315.45195095707,823.59908447675991,48.1918715317004,3.424879512757016e-06,0,1240892.0499696953,1113.9533428154409,65.181588227936857,0.0034026399386986165,0
2,2011-12-09,1970,599229.3925877579,774.09908447675991,46.646525126650189,0.0003785636397435942,0,1133060.9190309667,1064.4533428154409,64.1430155357301,0.009540434469336518,0
2,2011-12-12,1971,619524.96878415369,787.09908447675991,47.061230760942294,0.99578264635107294,1,1160905.7059441681,1077.4533428154409,64.42172453306074,0.98651412929570237,1
2,2011-12-13,1972,474168.69914223196,688.59908447675991,43.74835352457179,0.0003388415440932965,0,958349.64740952617,978.95334281544092,62.195256849773884,0.051916482647544879,0
2,2011-12-15,1973,502112.66252130235,708.59908447675991,44.454145826647427,0.95959700960052718,1,997907.78112214385,998.95334281544092,62.669594906865797,0.2842695969956347,1
2,2011-12-16,1974,507797.45519711642,712.59908447675991,44.593184260122648,0.5959754644480616,1,1005915.4078646674,1002.9533428154409,62.763037723118956,0.69489583257421528,1
2,2011-12-19,1975,530128.27681589592,728.09908447675991,45.125446822234885,0.41709390033904437,1,1037247.211491946,1018.4533428154409,63.120752576104181,0.47917336552365308,1
2,2011-12-20,1976,522149.43688665162,722.59908447675991,44.937754009748751,0.00015506193797034783,0,1026074.4747209762,1012.9533428154409,62.994610871607023,0.0065865688528505715,0
2,2011-12-21,1977,519983.88963322132,721.09908447675991,44.886342015360093,0.019715606680659539,0,1023037.8646925299,1011.4533428154409,62.960058687546891,0.0040047515153283798,0
2,2011-12-22,1978,470046.10463537136,685.59908447675991,43.640934721626984,0.0001642657254251894,0,952484.92735263356,975.95334281544092,62.123064469474279,0.14908244602410137,0
2,2011-12-28,1979,416798.17787723057,645.59908447675991,42.168457509912471,0.018122683070576479,0,876008.65992739832,935.95334281544092,61.133464586246959,0.0078454308930737231,0
2,2011-12-29,1980,474857.54822670872,689.09908447675991,43.766216861019998,0.46315214564365653,1,959328.85075234168,979.45334281544092,62.207262166747604,0.0011653959066961143,0
2,2011-12-30,1981,529400.42773141921,727.59908447675991,45.108436731355233,0.99456782830091683,1,1036229.0081491306,1017.9533428154409,63.109320695315617,0.12965288053783247,0
2,2012-01-04,1982,509223.65336606995,713.59908447675991,44.62783517678298,2.1749052637469437e-05,0,1007922.3145502983,1003.9533428154409,62.786325379327138,0.00021060493768491437,0
2,2012-01-05,1983,534505.87132275652,731.09908447675991,45.227286388911843,0.96981481734905939,1,1043366.9315488386,1021.4533428154409,63.189195348929225,0.90794552498027026,1
2,2012-01-06,1984,564901.18378630374,751.59908447675991,45.913200029123999,0.9420406480625112,1,1085666.7686042718,1041.9533428154409,63.650173660075801,0.85000593271924152,1
2,2012-01-10,1985,561149.43836391985,749.09908447675991,45.830473201392472,0.026779209003978587,0,1080463.2518901946,1039.4533428154409,63.594575883477575,0.2124483219924955,0
2,2012-01-11,1986,601553.93984118814,775.59908447675991,46.694707072652612,0.96624099004693953,1,1136256.5290594129,1065.9533428154409,64.175396918449181,0.97007101062337264,1
2,2012-01-12,1987,562648.63653287338,750.09908447675991,45.863594281672874,3.8352533626404013e-06,0,1082543.1585758254,1040.4533428154409,63.616835390733165,1.2816605483332904e-05,0
2,2012-01-13,1988,593822.9489964206,770.59908447675991,46.53376113990096,0.96911270337329414,1,1125621.9956312585,1060.9533428154409,64.067230846343051,0.84184832225807804,1
2,2012-01-17,1989,580033.16547583893,761.59908447675991,46.24159590022829,1.2340958455983558e-05,0,1106605.8354605807,1051.9533428154409,63.87087691654164,0.00021641280655055481,0
2,2012-01-18,1990,592282.75082746707,769.59908447675991,46.501455255393346,0.99307427645854141,1,1123501.0889456277,1059.9533428154409,64.045519203349912,0.95237899172671281,1
2,2012-01-19,1991,711659.41533002746,843.59908447675991,48.791155840182761,0.96015731089799905,1,1285850.183682313,1133.9533428154409,65.584346027498029,0.93570937864009163,1
2,2012-01-30,1992,737192.38786433032,858.59908447675991,49.231598880548162,0.98552958000656721,1,1320093.7839667762,1148.9533428154409,65.880352225656011,0.59444488807692153,1
2,2012-01-31,1993,730339.59518851619,854.59908447675991,49.114889912457464,0.00026878818496868403,0,1310918.1572242526,1144.9533428154409,65.801916253760979,0.020211160084836238,0
2,2012-02-01,1994,749261.77504700492,865.59908447675991,49.434556509238142,0.87129960264504358,1,1336228.1307661922,1155.9533428154409,66.016752873526045,0.74187113591048515,1
2,2012-02-02,1995,720120.40617479512,848.59908447675991,48.938816867171852,0.00022803649647714963,0,1297214.7171104674,1138.9533428154409,65.683583784050796,0.0016038556307696337,0
2,2012-02-03,1996,694887.43364049227,833.59908447675991,48.493256804930766,0.00079133122578337663,0,1263271.1168260041,1123.9533428154409,65.384138616372368,0.14495733722446261,0
2,2012-02-06,1997,703248.42448525992,838.59908447675991,48.642638310716933,0.98121847680079943,1,1274535.6502541585,1128.9533428154409,65.484532645907251,0.88683395986854785,1
2,2012-02-07,1998,740630.78420223738,860.59908447675991,49.289752833720499,0.93212291056669516,1,1324693.5973380378,1150.9533428154409,65.919435441892375,0.24133565393819423,0
2,2012-02-08,1999,744077.18054014433,862.59908447675991,49.347773711485118,0.87983721409959248,1,1329301.4107092996,1152.9533428154409,65.958429222851308,0.53764764586209779,1
2,2012-02-09,2000,682439.69737334095,826.09908447675991,48.267548026687699,1.6750183318642929e-07,0,1246468.0666837725,1116.4533428154409,65.232447725120707,6.1287773762449185e-05,0
2,2012-02-10,2001,696555.6318094458,834.59908447675991,48.52320258585813,0.95026020627052821,1,1265520.0235116349,1124.9533428154409,65.404264117176808,0.20405672989915025,0
2,2012-02-13,2002,699898.02814735286,836.59908447675991,48.582989807012773,0.77549397785798668,1,1270023.8368828967,1126.9533428154409,65.444444995089484,0.013832532264736361,0
2,2012-02-14,2003,718424.20800584159,847.59908447675991,48.90935282612579,0.82632688016702538,1,1294937.8104248364,1137.9533428154409,65.66378204359151,0.71544602076842767,1
2,2012-02-15,2004,701572.22631630639,837.59908447675991,48.612831368355188,0.0027345642128807249,0,1272278.7435685275,1127.9533428154409,65.464500453594937,0.19761402998147432,0
2,2012-02-17,2005,744077.18054014433,862.59908447675991,49.347773711485118,0.97881832838381344,1,1329301.4107092996,1152.9533428154409,65.958429222851308,0.31006529865483329,1
2,2012-02-21,2006,750993.97321595845,866.59908447675991,49.463418063742004,0.89723442889177929,1,1338541.0374518232,1156.9533428154409,66.036149704077673,0.5187997989685077,1
2,2012-02-22,2007,794948.92743979651,891.59908447675991,50.174399801731006,0.9845137264903856,1,1397013.7045925951,1181.9533428154409,66.513975397605009,0.89017803952750474,1
2,2012-02-23,2008,795840.77652427321,892.09908447675991,50.188415441730513,0.87941395580654813,1,1398195.9079354107,1182.4533428154409,66.52339481380821,0.19723830323389444,0
2,2012-02-24,2009,786057.93659502885,886.59908447675991,50.03380837904966,0.00028965719690514044,0,1385219.1711644407,1176.9533428154409,66.419488872203218,0.046697938228700914,0
2,2012-02-27,2010,802097.72011561051,895.59908447675991,50.286304574775961,0.72506646007886311,1,1406485.3313351187,1185.9533428154409,66.589182639833851,0.23963217808716247,0
2,2012-02-28,2011,782515.54025712179,884.59908447675991,49.977349405466661,6.2623406883403069e-06,0,1380515.3577931791,1174.9533428154409,66.381544791832823,0.0012943730207124848,0
2,2012-02-29,2012,686576.44279572472,828.59908447675991,48.343003761771293,0.002626807056031074,0,1252056.5833978497,1118.9533428154409,65.283158857376961,0.070022296332924255,0
2,2012-03-01,2013,675025.05561305012,821.59908447675991,48.131170736775623,2.9103261686305731e-05,0,1236440.2365984335,1111.9533428154409,65.140793369387282,0.0014664693332958226,0
2,2012-03-02,2014,671742.65927514306,819.59908447675991,48.070327535293842,2.9100490977783168e-05,0,1231996.4232271716,1109.9533428154409,65.099902804424687,0.013291416145566382,0
2,2012-03-05,2015,614027.52519281628,783.59908447675991,46.95021476793049,6.3660137476557492e-05,0,1153375.7825444599,1073.9533428154409,64.347114608474584,0.0081306085943322511,0
2,2012-03-06,2016,627420.95962892123,792.09908447675991,47.219021429315042,0.99130510374974001,1,1171705.2393723226,1082.4533428154409,64.527770063513614,0.19787831438460451,0
2,2012-03-07,2017,643362.94131845643,802.09908447675991,47.531797598622809,0.98965040996447873,1,1193454.3062286312,1092.4533428154409,64.737975870544645,0.83770956070216462,1
2,2012-03-09,2018,659504.92300799163,812.09908447675991,47.840888628969658,0.9872065188185315,1,1215403.37308494,1102.4533428154409,64.945705025946438,0.67025259614117472,1
2,2012-03-12,2019,647379.6867408402,804.59908447675991,47.609413282648518,0.031169965355493701,0,1198922.8229427084,1094.9533428154409,64.790138628132595,0.096674082877307235,0
2,2012-03-13,2020,575851.93301121669,758.84908447675991,46.151685235016565,4.987560444626632e-05,0,1100827.6545750957,1049.2033428154409,63.810451136715272,0.020771235801450617,0
2,2012-03-14,2021,581557.36364479235,762.59908447675991,46.274216291065528,0.78322254053324902,1,1108710.7421462114,1052.9533428154409,63.892799928121413,0.39977279395756232,1
2,2012-03-15,2022,596909.34533432755,772.59908447675991,46.598255999804579,0.97570505100345661,1,1129869.8090025203,1062.9533428154409,64.110575561848066,0.68173999501625704,1
2,2012-03-16,2023,602329.78892566497,776.09908447675991,46.710748388610284,0.59327860234095164,1,1137322.7324022283,1066.4533428154409,64.186177719858023,0.93142240959623734,1
2,2012-03-19,2024,583465.42385598435,763.84908447675991,46.314936151387599,0.0017567174042093408,0,1111344.6880032502,1054.2033428154409,63.920166306832861,0.031237299165267025,0
2,2012-03-21,2025,631785.06709354336,794.84908447675991,47.305406009627134,0.98658246300683639,1,1177666.2952578075,1085.2033428154409,64.585826086322925,0.97074557744977175,1
2,2012-03-26,2026,650602.08307874727,806.59908447675991,47.671340690115834,0.96696781493971928,1,1203306.6363139702,1096.9533428154409,64.831757849612345,0.63102427340150358,1
2,2012-03-27,2027,625046.912375491,790.59908447675991,47.171783083338894,0.0046672785849998025,0,1168460.1293438761,1080.9533428154409,64.496022841016767,0.030875380583319616,0
2,2012-03-28,2028,596136.99624985084,772.09908447675991,46.582146876425938,0.00010207592717156994,0,1128807.1056597049,1062.4533428154409,64.09974918946854,0.05501154655298103,0
2,2012-03-29,2029,603882.9870946185,777.09908447675991,46.742802073790067,0.79977467055752849,1,1139456.6390878593,1067.4533428154409,64.207719868597948,0.54362493234427445,1
2,2012-03-30,2030,596909.34533432755,772.59908447675991,46.598255999804579,0.00023159181231814055,0,1129869.8090025203,1062.9533428154409,64.110575561848066,0.036298030799388641,0
2,2012-04-11,2031,613244.17610833957,783.09908447675991,46.934317319554083,0.95219972603167746,1,1152302.0792016445,1073.4533428154409,64.336430495381535,0.50414260596101557,1
2,2012-04-12,2032,610115.77977043251,781.09908447675991,46.87063213181878,0.017173191873856745,0,1148012.2658303827,1071.4533428154409,64.293629931919654,0.39079036802225892,1
2,2012-04-13,2033,589208.35448956001,767.59908447675991,46.43672622363944,2.2129680146969321e-05,0,1119265.2755743659,1057.9533428154409,64.002017109222081,0.16478298451429582,0
2,2012-04-16,2034,562648.63653287338,750.09908447675991,45.863594281672874,0.00098954323169417129,0,1082543.1585758254,1040.4533428154409,63.616835390733165,0.2966052211159721,1
2,2012-04-17,2035,575472.57096897834,758.59908447675991,46.143496622673965,0.66568402722965037,1,1100303.1154036878,1048.9533428154409,63.804947859820004,5.9177683334441965e-06,0
2,2012-04-18,2036,584611.75998269941,764.59908447675991,46.339338453136961,0.85582187861032422,1,1112926.5555174733,1054.9533428154409,63.936566231238842,0.00017659853279104707,0
2,2012-04-19,2037,571685.82554659457,756.09908447675991,46.061473315672245,0.11507930339425287,0,1095064.5986896106,1046.4533428154409,63.749822894635457,0.68000536534392753,1
2,2012-04-20,2038,552939.59843467548,743.59908447675991,45.647580385313688,0.00047437053679334588,0,1069059.5151192248,1033.9533428154409,63.471660086890168,0.073682355633902324,0
2,2012-04-23,2039,583847.4108982227,764.09908447675991,46.323072717596844,0.95824447963679682,1,1111871.8521746579,1054.4533428154409,63.92563460536168,0.79520077711122428,1
2,2012-04-24,2040,566029.1449130188,752.34908447675991,45.937968827767357,0.0045357011410973019,0,1087230.2611184949,1042.7033428154409,63.666819894088903,0.44894646506196695,1
2,2012-04-25,2041,589976.20357403671,768.09908447675991,46.452923161582092,0.92990841684340941,1,1120323.4789171813,1058.4533428154409,64.012902498665909,0.0038219541471960663,0
2,2012-04-26,2042,605438.18526357191,778.09908447675991,46.774817221326117,0.47538311534242744,1,1141592.5457734901,1068.4533428154409,64.229236117549803,0.016308124297153559,0
2,2012-04-27,2043,581557.36364479235,762.59908447675991,46.274216291065528,0.00023651560265499621,0,1108710.7421462114,1052.9533428154409,63.892799928121413,0.55922174653745793,1
2,2012-05-02,2044,514231.09695740725,717.09908447675991,44.748772822262708,1.1221249545506612e-05,0,1014962.2379500063,1007.4533428154409,62.867603295815343,0.017038658885282134,0
2,2012-05-08,2045,485947.13357833686,697.09908447675991,44.050495069621483,3.5216596085053311e-06,0,975064.1042373887,987.45334281544092,62.398315501765623,0.017599449043640778,0
2,2012-05-09,2046,508510.30428159318,713.09908447675991,44.610515137739128,0.99679417500444456,1,1006918.6112074828,1003.4533428154409,62.774685193333809,0.24317443033096547,0
2,2012-05-10,2047,486644.48266281362,697.59908447675991,44.068167054754262,0.00023830795331854926,0,976051.8075802041,987.95334281544092,62.41019221828433,2.5798751027294289e-05,0
2,2012-05-11,2048,453062.37752345239,673.09908447675991,43.188905003321139,0.00056823334861722061,0,928242.34378224751,963.45334281544092,61.819271274651321,0.070576448443958412,0
2,2012-05-14,2049,450373.98118554533,671.09908447675991,43.115906487424347,0.00037478671829896957,0,924392.53041098581,961.45334281544092,61.770211552550016,0.0079605582436458374,0
2,2012-05-15,2050,439700.39583391719,663.09908447675991,42.822026766339036,2.149107163894906e-05,0,909073.27692593867,953.45334281544092,61.572705380396577,0.0023242503040453596,0
2,2012-05-16,2051,447024.73576316156,668.59908447675991,43.024394110473615,0.97641170779620268,1,919591.5136969086,958.95334281544092,61.708709318882939,0.19462676102948537,0
2,2012-05-17,2052,495755.52076101152,704.09908447675991,44.296891127823841,0.99063100954477612,1,988937.45103680482,994.45334281544092,62.563909582600871,0.95970123072337499,1
2,2012-05-18,2053,499989.11526787205,707.09908447675991,44.401826340769851,0.98534740987929248,1,994913.17109369754,997.45334281544092,62.634432829855001,0.72142840229686078,1
2,2012-05-21,2054,485947.13357833686,697.09908447675991,44.050495069621483,8.3510327214149336e-05,0,975064.1042373887,987.45334281544092,62.398315501765623,0.0078221177799486369,0
2,2012-05-22,2055,440363.74491839396,663.59908447675991,42.840483181198188,0.0011930388850616984,0,910026.98026875418,953.95334281544092,61.585109284405483,0.0065269973097049723,0
2,2012-05-23,2056,467991.55738194112,684.09908447675991,43.587071326967816,0.98018037926011337,1,949559.31732418726,974.45334281544092,62.086864785947171,0.97492470339535342,1
2,2012-05-25,2057,481773.53907147632,694.09908447675991,43.944228203656849,0.9661476402504855,1,969148.3841804961,984.45334281544092,62.326897297590435,0.92436045921014454,1
2,2012-05-29,2058,428499.96139781224,654.59908447675991,42.506434056932463,0.00016197696493606059,0,892936.82009807625,944.95334281544092,61.360606676327336,0.036744568543907299,0
2,2012-05-30,2059,452389.52843897563,672.59908447675991,43.170672944593065,0.98140627378784151,1,927279.14043943211,962.95334281544092,61.807018152467329,0.34254686780251131,1
2,2012-05-31,2060,519263.04054874455,720.59908447675991,44.869183342264002,0.9876846312068146,1,1022026.6613497144,1010.9533428154409,62.948526949902913,0.95170888775508522,1
2,2012-06-01,2061,561898.78744839667,749.59908447675991,45.847038805918039,0.90286942472600862,1,1081502.95523301,1039.9533428154409,63.60570904069975,0.75526131805805807,1
2,2012-06-06,2062,519263.04054874455,720.59908447675991,44.869183342264002,0.00031111618913773304,0,1022026.6613497144,1010.9533428154409,62.948526949902913,0.047626243864192813,0
2,2012-06-07,2063,477617.94456461573,691.09908447675991,43.837556896718041,3.5160567675109267e-05,0,963250.66412360338,981.45334281544092,62.255207282933135,0.014431064142167091,0
2,2012-06-08,2064,488040.68083176715,698.59908447675991,44.103477555351006,0.99284863072388307,1,978028.71426583501,988.95334281544092,62.433923157540463,0.9335269181323147,1
2,2012-06-11,2065,515666.29512636078,718.09908447675991,44.78322946534206,0.96891193076524706,1,1016978.1446356372,1008.4533428154409,62.890760387617142,0.71224410320083054,1
2,2012-06-12,2066,538901.46582961711,734.09908447675991,45.328748655557881,0.7785111499877263,1,1049504.6516057313,1024.4533428154409,63.257384551740714,0.16639513134811468,0
2,2012-06-13,2067,530128.27681589592,728.09908447675991,45.125446822234885,0.016816149804194089,0,1037247.211491946,1018.4533428154409,63.120752576104181,0.011150936643520147,0
2,2012-06-14,2068,550340.06413900689,741.84908447675991,45.589127944492851,0.91109442077683944,1,1065443.7409193707,1032.2033428154409,63.432376267656529,0.89113542412512303,1
2,2012-06-15,2069,533044.67315380299,730.09908447675991,45.193381892711848,0.00017335764852576969,0,1041325.0248632078,1020.4533428154409,63.166409335527142,0.50149689223189731,1
2,2012-06-18,2070,547746.65484333818,740.09908447675991,45.530549644832966,0.7411715816320138,1,1061834.0917195166,1030.4533428154409,63.393007863146167,0.43219183773231501,1
2,2012-06-19,2071,512082.04970397695,715.59908447675991,44.697007150328538,0.0028202133674837728,0,1011942.12792156,1005.9533428154409,62.832813417579068,0.51887520279150035,1
2,2012-06-20,2072,485250.28449386009,696.59908447675991,44.032811913828063,4.0456344367653432e-06,0,974076.90089457319,986.95334281544092,62.386431277840771,0.00046962478178680606,0
2,2012-06-21,2073,468675.90646641783,684.59908447675991,43.605037227819103,0.00053804849912302054,0,950534.02066700265,974.95334281544092,62.098939032830636,0.4833121770767867,1
2,2012-06-25,2074,476927.09548013896,690.59908447675991,43.819738862738575,0.98805866247927432,1,962269.46078078798,980.95334281544092,62.243232412147265,0.67912717992645499,1
2,2012-06-26,2075,473480.35005775519,688.09908447675991,43.730478835510638,3.7043885577413739e-05,0,957370.94406671077,978.45334281544092,62.183243903110316,0.01734009058728208,0
2,2012-06-27,2076,453062.37752345239,673.09908447675991,43.188905003321139,0.0029765317133374665,0,928242.34378224751,963.45334281544092,61.819271274651321,0.12847889566649873,0
2,2012-06-28,2077,508510.30428159318,713.09908447675991,44.610515137739128,0.99369082281080645,1,1006918.6112074828,1003.4533428154409,62.774685193333809,0.5973057504610062,1
2,2012-06-29,2078,535969.06949171005,732.09908447675991,45.261148963014527,0.97949233057145979,1,1045410.8382344695,1022.4533428154409,63.211953187971616,0.47026556690768689,1
2,2012-07-03,2079,516384.64421083755,718.59908447675991,44.800441675608468,1.727268408906994e-05,0,1017986.8479784527,1008.9533428154409,62.902328105700803,0.00054411515552569103,0
2,2012-07-05,2080,492241.27533862769,701.59908447675991,44.209142059027087,9.8657147900575278e-06,0,983971.43432272761,991.95334281544092,62.504936535314492,0.00014817657639509718,0
2,2012-07-06,2081,489438.87900072063,699.59908447675991,44.138743500111033,0.00055540782291851984,0,980007.62095146591,989.95334281544092,62.457624152393755,0.043296948202579191,0
2,2012-07-09,2082,503885.72273249424,709.84908447675991,44.497670238317497,0.96881433661752403,1,1000406.7269791825,1000.2033428154409,62.698846125399839,0.9781623566376314,1
2,2012-07-10,2083,478309.29364909249,691.59908447675991,43.855363632007602,1.7608905396551627e-05,0,964232.36746641889,981.95334281544092,62.26717456026892,0.0044386119918808885,0
2,2012-07-11,2084,450038.49414330698,670.84908447675991,43.106768480434368,0.00051193213893427911,0,923911.866239578,961.20334281544092,61.764070221072508,0.011295835370695043,0
2,2012-07-12,2085,504240.70977473259,710.09908447675991,44.506366936807261,0.99655117910300595,1,1000906.8911505901,1000.4533428154409,62.704690869034216,0.77074795618919034,1
2,2012-07-13,2086,489788.74104295904,699.84908447675991,44.147553034332745,4.0243599683497081e-05,0,980502.66012287361,990.20334281544092,62.463544728934927,0.1261895339841691,0
2,2012-07-17,2087,477272.45752237737,690.84908447675991,43.828649292736557,4.8364175708376925e-05,0,962759.99995219568,981.20334281544092,62.249220797173102,0.020941067211293327,0
2,2012-07-20,2088,471761.66484656325,686.84908447675991,43.685742374098261,1.9546338834227032e-05,0,954926.37320967217,977.20334281544092,62.153178108789376,2.7991530176202115e-05,0
2,2012-07-23,2089,486993.34470505198,697.84908447675991,44.076998861630187,0.92111474507669622,1,976545.8467516118,988.20334281544092,62.416127763489079,0.56973766222896427,1
2,2012-07-24,2090,512082.04970397695,715.59908447675991,44.697007150328538,0.97535241672304296,1,1011942.12792156,1005.9533428154409,62.832813417579068,0.29258865777099646,1
2,2012-07-25,2091,536701.41857618676,732.59908447675991,45.278064553569834,0.98107932888288141,1,1046433.541577285,1022.9533428154409,63.223321558432687,0.68779551707054065,1
2,2012-07-26,2092,537067.78061842523,732.84908447675991,45.286518428967085,0.84110155866291925,1,1046945.0807486927,1023.2033428154409,63.229003109250172,0.16059369229537923,0
2,2012-07-27,2093,536335.1815339484,732.34908447675991,45.269608065322821,0.0034083695089179794,0,1045922.1274058772,1022.7033428154409,63.217638251611241,0.15374119745089912,0
2,2012-07-30,2094,542578.21125200088,736.59908447675991,45.413013839504316,0.93205283900748082,1,1054633.1683198086,1026.9533428154409,63.314016203171455,0.79325045804083938,1
2,2012-07-31,2095,509223.65336606995,713.59908447675991,44.62783517678298,0.00029080084721601308,0,1007922.3145502983,1003.9533428154409,62.786325379327138,0.11868952263654065,0
2,2012-08-01,2096,506373.25702816289,711.59908447675991,44.558489948450841,0.00024931440759498515,0,1003910.5011790365,1001.9533428154409,62.739720902657538,0.067431096904526144,0
2,2012-08-02,2097,513514.24787293049,716.59908447675991,44.731528369335827,0.94084448543838106,1,1013955.0346071909,1006.9533428154409,62.856013908579335,0.44478290217847616,1
2,2012-08-03,2098,525043.83322455862,724.59908447675991,45.006154315326704,0.96759238620050803,1,1030130.2880922379,1014.9533428154409,63.040580299095708,0.80232482412642048,1
2,2012-08-06,2099,526494.03139351215,725.59908447675991,45.040290780680323,0.96292438031894301,1,1032161.1947778688,1015.9533428154409,63.063522210766045,0.95238096003454753,1
2,2012-08-07,2100,529764.28977365757,727.84908447675991,45.116943094793733,0.72746350832806161,1,1036738.0473205383,1018.2033428154409,63.115037521490216,0.00012302075463793962,0
2,2012-08-08,2101,532314.82406932628,729.59908447675991,45.176413899489773,0.95436738648367891,1,1040304.8215203923,1019.9533428154409,63.155005747086122,0.27403669313089762,1
2,2012-08-09,2102,537434.26766066358,733.09908447675991,45.29496969272536,0.86706471273868324,1,1047456.7449201004,1023.4533428154409,63.234682904877417,0.0062309423902430962,0
2,2012-08-10,2103,543315.06033647759,737.09908447675991,45.429835715054537,0.57640980696500466,1,1055660.3716626239,1027.4533428154409,63.325321591090344,0.0051566044161607642,0
2,2012-08-13,2104,507441.21815487801,712.34908447675991,44.584514753669843,0.027622307500547363,0,1005413.9936932597,1002.7033428154409,62.757211254291398,0.34421656092743125,1
2,2012-08-14,2105,517103.49329531431,719.09908447675991,44.817643158414455,0.88235912159475693,1,1018996.0513212681,1009.4533428154409,62.913888614237514,0.19606810398139415,0
2,2012-08-16,2106,531950.08702708792,729.34908447675991,45.167925962332248,0.43234964026324973,1,1039794.9073489846,1019.7033428154409,63.149301304563608,0.12196707812568744,0
2,2012-08-17,2107,568665.42920868751,754.09908447675991,45.995674563998776,0.99883700880278503,1,1090882.785318349,1044.4533428154409,63.705601879563332,0.96975515595123152,1
2,2012-08-21,2108,572442.17463107128,756.59908447675991,46.077897958389762,0.90587997814396026,1,1096111.3020324262,1046.9533428154409,63.760861316409311,0.068848473351691725,0
2,2012-08-22,2109,608164.59455924062,779.84908447675991,46.830751207131655,0.2309646240257448,0,1145335.1949733442,1070.2033428154409,64.266827372192807,0.66025248501153333,1
2,2012-08-23,2110,610897.12885490933,781.59908447675991,46.886567755054578,0.96750930332354579,1,1149083.9691731981,1071.9533428154409,64.304339700986262,0.75461763617549693,1
2,2012-08-24,2111,612461.32702386274,782.59908447675991,46.918410340333324,0.95474612040902451,1,1151228.8758588291,1072.9533428154409,64.325739976944902,0.69500813113805537,1
2,2012-08-28,2112,600003.74167223461,774.59908447675991,46.662595450407224,0.078714284845388768,0,1134125.6223737821,1064.9533428154409,64.153815832255475,0.071276507251661847,0
2,2012-08-29,2113,600778.59075671143,775.09908447675991,46.67865609616139,0.96138674089680975,1,1135190.8257165975,1065.4533428154409,64.164609624537235,0.97497656037098901,1
2,2012-08-30,2114,582320.21272926917,763.09908447675991,46.290511645542004,3.6520050643505341e-06,0,1109763.9454890268,1053.4533428154409,63.903751459838695,0.00076312023300677864,0
2,2012-08-31,2115,658693.07392351492,811.59908447675991,47.825520593798466,0.81332251066954098,1,1214301.1697421246,1101.9533428154409,64.935376712754319,0.2389056253758268,0
2,2012-09-04,2116,647379.6867408402,804.59908447675991,47.609413282648518,5.7038579262846245e-05,0,1198922.8229427084,1094.9533428154409,64.790138628132595,0.0034526278936063614,0
2,2012-09-05,2117,665201.86659932893,815.59908447675991,47.948211903395645,0.9506724610725481,1,1223132.7964846483,1105.9533428154409,65.017833204905401,0.2356142477280003,0
2,2012-09-06,2118,709973.21716107393,842.59908447675991,48.761521092405083,0.99666910504986694,1,1283583.2769966819,1132.9533428154409,65.564429561078754,0.95026668871187414,1
2,2012-09-07,2119,716730.00983688806,846.59908447675991,48.879854761937644,0.99637449486828555,1,1292662.9037392056,1136.9533428154409,65.643957437381118,0.98734311215395321,1
2,2012-09-10,2120,724795.26363941724,851.34908447675991,49.019668028027056,0.95975604470566078,1,1303486.5229959523,1141.7033428154409,65.737920991244607,0.9015605479005524,1
2,2012-09-11,2121,725221.00068165571,851.59908447675991,49.027005439076568,0.75474131322121885,1,1304057.43716736,1141.9533428154409,65.742852205840009,0.58072572503665232,1
2,2012-09-12,2122,718848.07004807994,847.84908447675991,48.91672202375652,0.00029083987178807471,0,1295506.8495962441,1138.2033428154409,65.668734620824523,0.00023841746360073516,0
2,2012-09-13,2123,792276.38018636615,890.09908447675991,50.132305518263024,0.99336118095933634,1,1393470.0945641489,1180.4533428154409,66.485685317681828,0.9414571768896689,1
2,2012-09-14,2124,781631.19117264508,884.09908447675991,49.963214720359417,0.00034222345979679852,0,1379340.6544503635,1174.4533428154409,66.372045369620849,0.00012296087572406545,0
2,2012-09-18,2125,762302.01131415635,873.09908447675991,49.650218053839062,3.4567362303151811e-05,0,1353623.6809084238,1163.4533428154409,66.161691374207621,0.00017277820833767283,0
2,2012-09-20,2126,808379.16370694782,899.09908447675991,50.383809721309049,0.91909503250338875,1,1414799.2547348267,1189.4533428154409,66.654712402098113,0.090179806584434835,0
2,2012-09-21,2127,769302.80398997047,877.09908447675991,49.764487062511201,0.0001286304059840377,0,1362947.3076509475,1167.4533428154409,66.238487535627854,0.0026682957928797092,0
2,2012-09-24,2128,785171.58751055214,886.09908447675991,50.019705587172446,0.99660275976293322,1,1384042.4678216253,1176.4533428154409,66.410010884303745,0.70852525591047477,1
2,2012-09-25,2129,738480.8489910455,859.34908447675991,49.253422236810998,0.0010136506564559296,0,1321817.7764809993,1149.7033428154409,65.895018931963946,0.055125200804197312,0
2,2012-09-26,2130,770180.15307444718,877.59908447675991,49.778734230105499,0.99409685843511408,1,1364115.0109937629,1167.9533428154409,66.248062553343217,0.81271879849432438,1
2,2012-09-27,2131,793166.72927084297,890.59908447675991,50.146344846664412,0.99720646823713766,1,1394650.7979069643,1180.9533428154409,66.495120654022571,0.81338284770604252,1
2,2012-09-28,2132,789608.33293293591,888.59908447675991,50.090140049422772,0.03009115390864571,0,1389930.9845357025,1178.9533428154409,66.4573473965863,0.18031553721579197,0
2,2012-10-09,2133,767111.61877877847,875.84908447675991,49.728833753116248,5.5779448790624512e-05,0,1360030.2367939088,1166.2033428154409,66.214526206696434,0.0019535013957528479,0
2,2012-10-10,2134,780747.34208816825,883.59908447675991,49.949072045040133,0.98595633106028191,1,1378166.4511075481,1173.9533428154409,66.362540577469815,0.59188742316748955,1
2,2012-10-11,2135,776776.20870802284,881.34908447675991,49.885330945338048,0.0099756636201316137,0,1372888.7235648786,1171.7033428154409,66.319702437551484,0.75389552582974584,1
2,2012-10-12,2136,723518.80251270218,850.59908447675991,48.997643115020736,0.00072003058315626533,0,1301774.530481729,1140.9533428154409,65.72311882577425,0.46376607184288937,1
2,2012-10-15,2137,741491.63328671409,861.09908447675991,49.304270511122809,0.70692248086114851,1,1325844.8006808532,1151.4533428154409,65.929192259687426,0.011335296571578375,0
2,2012-10-16,2138,745803.37870909786,863.59908447675991,49.376734389751853,0.80876690737240953,1,1331608.3173949304,1153.9533428154409,65.97789267098004,0.50707738915514922,1
2,2012-10-17,2139,735476.18969537679,857.59908447675991,49.202471857530689,7.9412989969042904e-05,0,1317796.8772811452,1147.9533428154409,65.86077698310045,0.023599511324992981,0
2,2012-10-18,2140,725221.00068165571,851.59908447675991,49.027005439076568,0.00031602597836184103,0,1304057.43716736,1141.9533428154409,65.742852205840009,0.037946822071409925,0
2,2012-10-19,2141,707868.28194988205,841.34908447675991,48.72442938912755,0.00069939644664648046,0,1280752.4561396434,1131.7033428154409,65.539501538464791,0.31478766153404875,1
2,2012-10-22,2142,681613.84828886413,825.59908447675991,48.252430419448274,0.00071686505284655267,0,1245351.8633409571,1115.9533428154409,65.22228771568912,0.52107147029467205,1
2,2012-10-23,2143,689064.49004915496,830.09908447675991,48.388171639566302,0.93300791869788102,1,1255415.6934262959,1120.4533428154409,65.313514591398487,0.87843841152095292,1
2,2012-10-25,2144,694887.43364049227,833.59908447675991,48.493256804930766,0.98564708421891323,1,1263271.1168260041,1123.9533428154409,65.384138616372368,0.85044297811310299,1
2,2012-10-31,2145,690310.20117587014,830.84908447675991,48.41072597096926,1.2331174960922843e-05,0,1257096.9359405192,1121.2033428154409,65.328672560258767,0.038621559978395947,0
2,2012-11-01,2146,639358.69589607266,799.59908447675991,47.453951600994657,0.00019439764606897706,0,1187998.289514554,1089.9533428154409,64.685658327325868,0.016009535607972549,0
2,2012-11-02,2147,636962.14864264231,798.09908447675991,47.407133025052559,0.014185166407834283,0,1184730.6794861078,1088.4533428154409,64.654193217430418,0.31099558521430332,1
2,2012-11-05,2148,648989.88490979373,805.59908447675991,47.64039529726552,0.94621597234335064,1,1201113.7296283394,1095.9533428154409,64.810960544969902,0.90583550632400356,1
2,2012-11-06,2149,688649.50300691661,829.84908447675991,48.380649145999705,0.99719192888258523,1,1254855.5292548882,1120.2033428154409,65.308458989385855,0.99534201524558652,1
2,2012-11-07,2150,691557.03730258532,831.59908447675991,48.433260598529984,0.98816492111585275,1,1258779.3034547423,1121.9533428154409,65.343817286863185,0.77917421106077578,1
2,2012-11-08,2151,727351.5608928476,852.84908447675991,49.063660835711772,0.97178584098412579,1,1306913.8830243985,1143.2033428154409,65.767487002182719,0.63208794949912483,1
2,2012-11-09,2152,722243.46638598701,849.84908447675991,48.97559916304624,7.14696851677859e-05,0,1300063.6629675059,1140.2033428154409,65.708303864886389,0.027386035737980725,0
2,2012-11-12,2153,679963.6501199106,824.59908447675991,48.222168682851461,0.0038210332940033227,0,1243120.9566553261,1114.9533428154409,65.201949872248008,0.065422444619528217,0
2,2012-11-15,2154,685748.0937112479,828.09908447675991,48.327930229166029,0.98876372171099847,1,1250937.8800550343,1118.4533428154409,65.273028468948993,0.82752225440769789,1
2,2012-11-16,2155,717153.37187912641,846.84908447675991,48.887232470876604,0.98747298555735818,1,1293231.4429106133,1137.2033428154409,65.64891573476352,0.85846251920339089,1
2,2012-11-20,2156,703248.42448525992,838.59908447675991,48.642638310716933,0.01049423160402963,0,1274535.6502541585,1128.9533428154409,65.484532645907251,0.038632496523428782,0
2,2012-11-21,2157,748396.42596252821,865.09908447675991,49.420113366281626,0.91271355004984189,1,1335072.4274233768,1155.4533428154409,66.007046147697281,0.53382972714891019,1
2,2012-11-26,2158,741061.14624447573,860.84908447675991,49.297012711625477,0.0028968239922715186,0,1325269.1365094455,1151.2033428154409,65.924314549202052,0.043111723366893215,0
2,2012-11-27,2159,704926.62265421345,839.59908447675991,48.672410694304922,0.0061079573617139338,0,1276794.5569397893,1129.9533428154409,65.504541612489334,0.084130200643471306,0
2,2012-11-29,2160,706606.82082316699,840.59908447675991,48.702148579186556,0.70847545518721833,1,1279055.4636254201,1130.9533428154409,65.524527393710358,0.44578175585252822,1
2,2012-11-30,2161,696555.6318094458,834.59908447675991,48.52320258585813,0.00023934690846463813,0,1265520.0235116349,1124.9533428154409,65.404264117176808,0.13113436739960452,0
2,2012-12-03,2162,659911.03505022998,812.34908447675991,47.848569252054773,0.00012261956224106404,0,1215954.6622563477,1102.7033428154409,64.950866901218731,0.33447729107943874,1
2,2012-12-04,2163,653832.47941665433,808.59908447675991,47.7331218699386,0.19017780871666928,0,1207698.449685232,1098.9533428154409,64.873278796661211,0.98411824797574221,1
2,2012-12-05,2164,654236.84145889268,808.84908447675991,47.740834261576502,0.76232149062925136,1,1208247.9888566397,1099.2033428154409,64.878462022454826,0.23366242390620545,0
2,2012-12-06,2165,666017.71568380576,816.09908447675991,47.963507756494849,0.58220132130619995,1,1224238.9998274636,1106.4533428154409,65.028113007078517,0.00026198223336069227,0
2,2012-12-07,2166,684092.89554229449,827.09908447675991,48.297756757767004,0.96554326244653521,1,1248701.9733694033,1117.4533428154409,65.252749945427198,0.80077345214610396,1
2,2012-12-10,2167,679963.6501199106,824.59908447675991,48.222168682851461,0.00011403426061857274,0,1243120.9566553261,1114.9533428154409,65.201949872248008,0.069569470527715296,0
2,2012-12-11,2168,690310.20117587014,830.84908447675991,48.41072597096926,0.95493836364819806,1,1257096.9359405192,1121.2033428154409,65.328672560258767,0.086386486202478768,0
2,2012-12-12,2169,651812.54420546244,807.34908447675991,47.694525740762664,0.5649771310672862,1,1204952.6288281933,1097.7033428154409,64.847339702581067,0.86938941024392669,1
2,2012-12-13,2170,657476.23779679975,810.84908447675991,47.802451553530432,0.93771582688110544,1,1212648.8022279015,1101.2033428154409,64.919872826260345,0.71929330965948335,1
2,2012-12-14,2171,656665.63871232292,810.34908447675991,47.787060856656929,0.0041858982593679225,0,1211547.8488850861,1100.7033428154409,64.909529282939175,0.00028216299194067893,0
2,2012-12-17,2172,653832.47941665433,808.59908447675991,47.7331218699386,0.27988636950070417,1,1207698.449685232,1098.9533428154409,64.873278796661211,0.93755263467486727,1
2,2012-12-18,2173,607774.73251700227,779.59908447675991,46.82276783644204,0.02826348059931234,0,1144800.1558019365,1069.9533428154409,64.261462030957418,0.12956251641103919,0
2,2012-12-19,2174,585376.60906717624,765.09908447675991,46.355594333641918,0.34741847878832455,1,1113981.7588602887,1055.4533428154409,63.947491233895235,0.99731903860753834,1
2,2012-12-20,2175,586907.80723612977,766.09908447675991,46.388076565350282,0.98162584376978668,1,1116093.6655459194,1056.4533428154409,63.96932139360829,0.81358680727755139,1
2,2012-12-21,2176,593052.59991194378,770.09908447675991,46.517613076216243,0.92036351910810343,1,1124561.2922884431,1060.4533428154409,64.056378303560308,0.68493840800283656,1
2,2012-12-27,2177,596136.99624985084,772.09908447675991,46.582146876425938,0.98973258926089225,1,1128807.1056597049,1062.4533428154409,64.09974918946854,0.65111575022731349,1
2,2012-12-28,2178,581557.36364479235,762.59908447675991,46.274216291065528,6.2669511525291518e-05,0,1108710.7421462114,1052.9533428154409,63.892799928121413,0.021367906473530828,0
2,2013-01-04,2179,577370.63118017022,759.84908447675991,46.184414798769787,0.0067398842922145865,0,1102927.0612607265,1050.2033428154409,63.832447519552701,0.060522017035743954,0
2,2013-01-07,2180,593822.9489964206,770.59908447675991,46.53376113990096,0.99630435770227377,1,1125621.9956312585,1060.9533428154409,64.067230846343051,0.9452148195128276,1
2,2013-01-08,2181,596523.10829208919,772.34908447675991,46.590202652798062,0.86539915134919232,1,1129338.3948311126,1062.7033428154409,64.105163192003673,0.00017968829541374667,0
2,2013-01-09,2182,623466.71420653746,789.59908447675991,47.140243849358797,0.85561423431175809,1,1166299.2226582454,1079.9533428154409,64.474826436742745,0.00016810901720186238,0
2,2013-01-10,2183,596136.99624985084,772.09908447675991,46.582146876425938,0.058313386838485769,0,1128807.1056597049,1062.4533428154409,64.09974918946854,0.2512977848819048,1
2,2013-01-11,2184,625442.27441772935,790.84908447675991,47.179662012036381,0.97978679437051153,1,1169000.6685152838,1081.2033428154409,64.501317990481184,0.69768636481399016,1
2,2013-01-16,2185,623466.71420653746,789.59908447675991,47.140243849358797,0.0017491133542918902,0,1166299.2226582454,1079.9533428154409,64.474826436742745,0.32540862183821484,1
2,2013-01-17,2186,644968.13948740996,803.09908447675991,47.562871452576836,0.99224052007772146,1,1195640.2129142622,1093.4533428154409,64.758859509353911,0.93982889655841728,1
2,2013-01-18,2187,648184.53582531703,805.09908447675991,47.62490887173972,0.63387348098625917,1,1200018.026285524,1095.4533428154409,64.800552665805426,0.21926787182631974,0
2,2013-01-22,2188,647782.04878307856,804.84908447675991,47.61716222314805,0.00035093505602329448,0,1199470.3621141163,1095.2033428154409,64.795346417124151,0.023115244656017216,0
2,2013-01-23,2189,617165.92153072334,785.59908447675991,47.013709424102927,0.046195758639364801,0,1157675.5959157217,1075.9533428154409,64.389787122408194,0.2390088177853745,0
2,2013-01-24,2190,594593.79808089731,771.09908447675991,46.549899455282819,5.498893840879919e-05,0,1126683.1989740739,1061.4533428154409,64.078076837636033,0.0023849039778273164,0
2,2013-01-28,2191,605438.18526357191,778.09908447675991,46.774817221326117,0.97738398769288648,1,1141592.5457734901,1068.4533428154409,64.229236117549803,0.59783645407858743,1
2,2013-01-29,2192,627420.95962892123,792.09908447675991,47.219021429315042,0.96593551530924571,1,1171705.2393723226,1082.4533428154409,64.527770063513614,0.86579230571315968,1
2,2013-01-30,2193,607384.99547476391,779.34908447675991,46.814782067983771,0.025736176336031369,0,1144265.2416305288,1069.7033428154409,64.256095078266469,0.0051832376431374299,0
2,2013-01-31,2194,614027.52519281628,783.59908447675991,46.95021476793049,0.9834211888349611,1,1153375.7825444599,1073.9533428154409,64.347114608474584,0.17414028629036848,0
2,2013-02-01,2195,609334.9306859558,780.59908447675991,46.854686943382951,0.0002052285781638033,0,1146941.0624875673,1070.9533428154409,64.282913734420219,0.019791364249888404,0
2,2013-02-04,2196,621100.16695310711,788.09908447675991,47.092864324873609,0.97375069209493392,1,1163061.6126297989,1078.4533428154409,64.442984333160496,0.64763689470219121,1
2,2013-02-05,2197,622282.87807982229,788.84908447675991,47.116564699224121,0.9916857013634226,1,1164679.855144022,1079.2033428154409,64.458912516974223,0.70199571868790422,1
2,2013-02-06,2198,612461.32702386274,782.59908447675991,46.918410340333324,3.69347621256731e-05,0,1151228.8758588291,1072.9533428154409,64.325739976944902,8.1505876482331998e-05,0
2,2013-02-07,2199,612852.68906610121,782.84908447675991,46.926365021834854,0.70384543599519722,1,1151765.4150302368,1073.2033428154409,64.331086037191128,0.01047146209340765,0
2,2013-02-08,2200,494348.32259205799,703.09908447675991,44.261824644429332,0.0089904065687311449,0,986949.54435117403,993.45334281544092,62.540342638680578,0.10977519031171351,0
2,2013-02-20,2201,478309.29364909249,691.59908447675991,43.855363632007602,0.014602602133303217,0,964232.36746641889,981.95334281544092,62.26717456026892,0.0026082883949444043,0
2,2013-02-21,2202,477617.94456461573,691.09908447675991,43.837556896718041,1.2760806958708503e-05,0,963250.66412360338,981.45334281544092,62.255207282933135,0.1261324337870916,0
2,2013-02-22,2203,491189.43921191257,700.84908447675991,44.182763402790222,0.97180123086395842,1,982484.06680850452,991.20334281544092,62.487208372919831,0.3389895565043608,1
2,2013-02-25,2204,497164.71892996499,705.09908447675991,44.331913516300531,0.98151883598461098,1,990927.35772243573,995.45334281544092,62.587446891885619,0.23605279170377047,0
2,2013-02-26,2205,516744.0062530759,718.84908447675991,44.80904375731712,0.99432875838710288,1,1018491.3871498604,1009.2033428154409,62.90810926074122,0.81714345308900138,1
2,2013-02-27,2206,494348.32259205799,703.09908447675991,44.261824644429332,1.0630421698658623e-05,0,986949.54435117403,993.45334281544092,62.540342638680578,0.0020115239181382528,0
2,2013-02-28,2207,485598.6465360985,696.84908447675991,44.041654888719222,0.00068170251562248228,0,974570.44006598101,987.20334281544092,62.392374328673782,0.00022276934627994007,0
2,2013-03-01,2208,474513.06118447031,688.84908447675991,43.757286611196442,0.012843513694110357,0,958839.18658093386,979.20334281544092,62.201260461517606,0.027367378424881284,0
2,2013-03-04,2209,482120.65111371467,694.34908447675991,43.953099191439151,0.65718655060834863,1,969640.6733519038,984.70334281544092,62.332859174897351,0.94424818952503009,1
2,2013-03-05,2210,474168.69914223196,688.59908447675991,43.74835352457179,0.54532916263957021,1,958349.64740952617,978.95334281544092,62.195256849773884,0.97965214229321462,1
2,2013-03-06,2211,481773.53907147632,694.09908447675991,43.944228203656849,0.99006544729790091,1,969148.3841804961,984.45334281544092,62.326897297590435,0.99272809881267998,1
2,2013-03-07,2212,484902.04745162174,696.34908447675991,44.023966143623191,0.98484139231606949,1,973583.48672316549,986.70334281544092,62.380486348376216,0.97693664118465895,1
2,2013-03-08,2213,481079.68998699955,693.59908447675991,43.926477800934762,0.00085097347235454338,0,968164.18083768059,983.95334281544092,62.314967879381946,0.019685787162196849,0
2,2013-03-11,2214,502112.66252130235,708.59908447675991,44.454145826647427,0.57900372068420103,1,997907.78112214385,998.95334281544092,62.669594906865797,0.0017189647518671789,0
2,2013-03-12,2215,495403.53371877311,703.84908447675991,44.288128644125216,0.010961601553015376,0,988440.28686539712,994.20334281544092,62.558020627053068,0.0082894612911973784,0
2,2013-03-13,2216,490839.07716967416,700.59908447675991,44.173964973313993,1.3844905456125986e-05,0,981988.52763709682,990.95334281544092,62.481295259485556,0.1644073216740346,0
2,2013-03-14,2217,504240.70977473259,710.09908447675991,44.506366936807261,0.98651363440312212,1,1000906.8911505901,1000.4533428154409,62.704690869034216,0.098186562721634632,0
2,2013-03-15,2218,516025.40716859914,718.34908447675991,44.79183691203491,0.67936101931950676,1,1017482.4338070449,1008.7033428154409,62.896545148273788,0.0064952517627761344,0
2,2013-03-18,2219,526131.2943512738,725.34908447675991,45.031760638010859,0.99525353054733234,1,1031653.2806064611,1015.7033428154409,63.057789403410894,0.936216191719207,1
2,2013-03-19,2220,530492.38885813439,728.34908447675991,45.133947914903786,0.99648746853549786,1,1037756.5006633537,1018.7033428154409,63.126465859980854,0.88183308418994433,1
2,2013-03-21,2221,521788.1998444132,722.34908447675991,44.92919200601834,0.0010455427891807526,0,1025568.0605495685,1012.7033428154409,62.988856651559068,0.39408088277821696,1
2,2013-03-22,2222,509580.5154083083,713.84908447675991,44.636491135017032,0.00047140000769326499,0,1008424.353721706,1004.2033428154409,62.792142742875775,0.23876722669068504,0
2,2013-03-25,2223,507797.45519711642,712.59908447675991,44.593184260122648,6.7110890321657286e-05,0,1005915.4078646674,1002.9533428154409,62.763037723118956,0.0066872935911497441,0
2,2013-03-26,2224,508153.81723935477,712.84908447675991,44.601851054388234,0.93371296999454068,1,1006416.9470360751,1003.2033428154409,62.768862369181342,0.12535071028705627,0
2,2013-03-28,2225,487342.33174729039,698.09908447675991,44.085827879808015,0.016574439799316061,0,977040.01092301961,988.45334281544092,62.422061434508421,0.6361136246479373,1
2,2013-04-02,2226,475202.16026894707,689.34908447675991,43.775144275393551,0.0087681260484483384,0,959818.63992374938,979.70334281544092,62.213261966371867,0.0029242600458934632,0
2,2013-04-03,2227,475546.89731118543,689.59908447675991,43.784068855667293,0.90014006559666659,1,960308.55409515707,979.95334281544092,62.219259861297836,0.95279247272295386,1
2,2013-04-08,2228,478655.1556913309,691.84908447675991,43.86426276600158,0.99206701094854033,1,964723.40663782659,982.20334281544092,62.27315535364977,0.9805615026517116,1
2,2013-04-09,2229,475546.89731118543,689.59908447675991,43.784068855667293,0.0018001396747733881,0,960308.55409515707,979.95334281544092,62.219259861297836,0.38901754101775815,1
2,2013-04-10,2230,422628.8196375214,650.09908447675991,42.337941027467267,3.6598080307871899e-06,0,884452.49001273722,940.45334281544092,61.247368467303218,0.038857049586470904,0
2,2013-04-12,2231,259691.2268995519,509.59908447675991,36.530400320914694,8.0491950332820507e-05,0,639925.3506815983,799.95334281544092,57.344325649852394,3.1905280368980237e-05,0
2,2013-04-15,2232,244628.2543652491,494.59908447675991,35.840513367881158,0.00047660293279181543,0,616151.75039713515,784.95334281544092,56.88067701561166,0.0014839979469321207,0
2,2013-04-16,2233,256642.63239269133,506.59908447675991,36.393612390571832,0.7697382618127957,1,635134.63062470569,796.95334281544092,57.252395317201213,0.84866719354255993,1
2,2013-04-17,2234,258418.79168835998,508.34908447675991,36.473476913130753,0.98676717982640683,1,637927.02982455969,798.70334281544092,57.306069439672889,0.46479910779241429,1
2,2013-04-18,2235,290627.8228836807,539.09908447675991,37.84479357506212,0.98359437551726481,1,687992.84790770931,829.45334281544092,58.22768289332685,0.73673424914500474,1
2,2013-04-22,2236,273109.80309594766,522.59908447675991,37.11641224976988,1.860443671078501e-05,0,660893.13759479986,812.95334281544092,57.738163552233026,0.19879057855628202,0
2,2013-04-23,2237,319902.32436094899,565.59908447675991,38.979950687578217,0.97568126607380978,1,732656.12507692771,855.95334281544092,58.990581861849819,0.80624036951371647,1
2,2013-04-25,2238,343512.13682449615,586.09908447675991,39.830043117686706,0.96793571400795464,1,768170.46213236079,876.45334281544092,59.561898934110836,0.99238214515210532,1
2,2013-04-26,2239,340879.75344435073,583.84908447675991,39.737899232721453,1.8275099368340923e-06,0,764231.48458969127,874.20334281544092,59.499972286230452,2.9031817846171215e-05,0
2,2013-05-02,2240,312312.29922051274,558.84908447675991,38.694760912360046,0.0031268698110228357,0,721146.31744891929,849.20334281544092,58.798915895131799,0.48991772243783077,1
2,2013-05-07,2241,336514.94781077502,580.09908447675991,39.583697337206409,0.96679898346472559,1,757689.02201857546,870.45334281544092,59.396338643155303,0.95511725530778968,1
2,2013-05-09,2242,292788.21922158776,541.09908447675991,37.931937222345596,0.00061013872952554011,0,691314.66127897112,831.45334281544092,58.286249058215276,6.5234197259419335e-05,0
2,2013-05-10,2243,297405.62393964024,545.34908447675991,38.11630854284536,0.84722130919717853,1,698400.07719290233,835.70334281544092,58.410158505360187,0.80437167449343117,1
2,2013-05-13,2244,300686.71844650077,548.34908447675991,38.245794906835911,0.73270763774949332,1,703423.29724979505,838.70334281544092,58.497181713369898,0.94038264218178913,1
2,2013-05-14,2245,275204.19943385466,524.59908447675991,37.205608828139006,0.00062716688295716243,0,664148.95096606156,814.95334281544092,57.798109419534818,0.028100420327689449,0
2,2013-05-15,2246,245618.4525342026,495.59908447675991,35.886972083762487,1.263715324466811e-06,0,617722.65708276595,785.95334281544092,56.911900276281024,0.0014162764925995147,0
2,2013-05-16,2247,233626.33746452199,483.34908447675991,35.313175121589765,2.7647445587701406e-06,0,598616.86268378771,773.70334281544092,56.526271621219429,1.7363173849060595e-06,0
2,2013-05-17,2248,220288.56309917272,469.34908447675991,34.64470082869606,5.3854370710513823e-05,0,577149.16908495536,759.70334281544092,56.077013678940091,2.8899202132480281e-05,0
2,2013-05-20,2249,225956.75211289382,475.34908447675991,34.93287411183244,0.23006457663218177,0,586301.60919874068,765.70334281544092,56.270684755865588,0.6315816184443318,1
2,2013-05-21,2250,273632.65218042443,523.09908447675991,37.138735142119977,0.996198935432828,1,661706.34093761526,813.45334281544092,57.753165979087044,0.96805932492281632,1
2,2013-05-22,2251,245123.10344972584,495.09908447675991,35.86375113920753,5.7721221673718984e-05,0,616936.95373995055,785.45334281544092,56.896294300285469,0.0005923388407291666,0
2,2013-05-23,2252,254872.59809702268,504.84908447675991,36.313546806456387,0.26765660155035126,1,632348.35642485169,795.20334281544092,57.198586068364754,0.0005709452041869653,0
2,2013-05-24,2253,241178.31077391177,491.09908447675991,35.677376278733014,0.0066321756383778095,0,610669.32699742704,781.45334281544092,56.771038344746891,0.81052429491779221,1
2,2013-05-28,2254,247107.4997876329,497.09908447675991,35.956534139367804,0.99478531766454681,1,620082.76711121236,787.45334281544092,56.958650474896267,0.76170913521355477,1
3,2013-05-29,2255,102228.60653221249,319.7320855532214,22.619885783743999,0.00047351207000949174,0,64549.826321987712,254.06657852222065,17.974289248123146,0.0048512538957833093,0
3,2013-05-30,2256,134814.61827726662,367.17110218162134,26.32994637372688,0.80050674000571076,1,55256.296338143329,235.06657852222065,16.856692615433534,0.70363537986067715,1
3,2013-05-31,2257,128484.07140347538,358.44674835109799,25.557700417190588,0.1887220444063214,0,59081.361594498856,243.06657852222065,17.330950340265286,0.011735335711355127,0
3,2013-06-03,2258,143651.02108012544,379.01322019175723,27.082045029779007,0.20016566838005706,0,57631.962123365534,240.06657852222065,17.153739086975396,0.3868770041984973,1
3,2013-06-04,2259,118380.13137258239,344.06413845761722,24.505992767636553,0.88738913987442702,1,59812.811330065517,244.56657852222065,17.419271974517141,0.90627500832178243,1
3,2013-06-05,2260,121148.64448024333,348.06413845761722,24.861724175544087,0.42298839648245179,1,57872.278701887757,240.56657852222065,17.183327037301474,0.53109895673182772,1
3,2013-06-06,2261,154066.6280253029,392.51322019175723,28.319857156692439,0.11650231204010411,0,51332.41450326558,226.56657852222065,16.346794987173208,0.40168436667143997,1
3,2013-06-07,2262,154852.65446568641,393.51322019175723,28.412506873051065,0.16152821022443156,0,50880.281346221134,225.56657852222065,16.286395561171165,0.39166557976644678,1
3,2013-06-13,2263,149972.80171328943,387.26322019175723,27.835631280629453,0.1065373890319502,0,53738.926077748896,231.81657852222065,16.662467458919725,0.0033632679266759045,0
3,2013-06-14,2264,180838.35601134706,425.2509329929178,30.709581729042629,0.35149150439363008,1,50767.560556960023,225.31657852222065,16.271282074180945,0.94939167736527441,1
3,2013-06-17,2265,145400.47218767487,381.31413845761722,27.899333342426726,0.91207243195843568,1,42980.163730160079,207.31657852222065,15.16858083206297,0.046790651319838221,0
3,2013-06-18,2266,164643.79086038447,405.76322019175723,29.558420702368039,0.081836116984047622,0,45503.962672426729,213.31657852222065,15.539361028754008,0.99778271528790063,1
3,2013-06-19,2267,236208.85020116149,486.01322019175723,37.602570227602108,0.027046175144549132,0,17706.714319610313,133.06657852222065,10.295286539436802,0.28760488857723004,1
3,2013-06-20,2268,206316.52016375554,454.22078350044217,35.068194055235836,0.0019994467542724923,0,18446.143001482527,135.81657852222065,10.48574240665668,0.26533398826040899,1
3,2013-06-21,2269,208833.06576970586,456.98256615510604,35.514479592392156,0.35027947443413265,1,16209.511166604778,127.31657852222065,9.8944300386415893,0.07435568281841376,0
3,2013-06-24,2270,212435.34811815713,460.90709271843184,36.036520149994672,0.30413241414658093,1,14296.166699510357,119.56657852222065,9.3484424176873073,0.0072632264308383097,0
3,2013-06-25,2271,265003.05553034152,514.78447483421792,41.640806862221872,0.046750380180383633,0,5900.7867358604908,76.816578522220652,6.2136767257610233,0.21938319155424552,0
3,2013-06-26,2272,195732.26263539193,442.4163905591563,35.88857355985855,0.90287392272213707,1,5375.3206862049465,73.316578522220652,5.9474004073997691,0.14426374501968212,0
3,2013-06-27,2273,231476.48490855377,481.12003170576236,40.362418767261943,0.9412664351729636,1,1060.5820366439634,32.566578522220652,2.732095513609115,0.14687721080504593,0
3,2013-06-28,2274,111104.68876309315,333.32369967209524,26.612670632502617,0.00066692094072708162,0,8661.388037832663,93.066578522220652,7.430465351075501,0.14853179363558439,0
3,2013-07-02,2275,197422.78137961306,444.32283463672343,35.545826770937872,0.87713869351940688,1,8202.3051452215586,90.566578522220652,7.2453262817776514,0.0044784574917977708,0
3,2013-07-03,2276,181537.66865313143,426.0723749002409,35.132745817377106,0.94156021730122264,1,2842.6575453161204,53.316578522220652,4.3963371281979509,0.1171063744284889,0
3,2013-07-05,2277,106273.22244906187,325.99573992471414,26.391073865591107,0.0021332719332222329,0,5748.15357881605,75.816578522220652,6.1377517524566407,0.57123755525750686,1
3,2013-07-08,2278,102561.50703706392,320.25225531924661,25.507945465491566,0.001563033660298703,0,9228.7875089659865,96.066578522220652,7.6516589822557268,0.57123755525750686,1
3,2013-07-09,2279,109706.53360805125,331.21976633053055,26.371000504023133,0.0070162699297897282,0,9325.1040874882074,96.566578522220652,7.6884218568647018,0.51598606967486826,1
3,2013-07-10,2280,91359.826632647833,302.25788100998761,23.522014086380359,0.5315952098837774,1,15766.965641777006,125.56657852222065,9.7717181729354596,0.54315796557776641,1
3,2013-07-11,2281,150071.90704703252,387.3911550965413,30.270846266578733,0.014541173266712766,0,14476.079067293687,120.31657852222065,9.4015689409822745,0.044954673565848494,0
3,2013-07-12,2282,148933.67502895402,385.91925972793069,29.881475782263312,0.75398864232523832,1,17441.581162565872,132.06657852222065,10.225828766722467,0.70152092902498731,1
3,2013-07-16,2283,151372.03805949222,389.06559608823318,29.991566474329019,0.2413602808829762,0,18993.409315571411,137.81657852222065,10.623748585255012,0.56458344903273638,1
3,2013-07-17,2284,220280.97538442642,469.34100117550611,36.57440102672949,0.70770392291759088,1,15330.545116949232,123.81657852222065,9.6486716167715301,0.51776941868676662,1
3,2013-07-18,2285,226169.37733045069,475.57268354106577,36.702503070890664,0.46021360347095941,1,18582.20958000475,136.31657852222065,10.520283891354094,0.25102293884552312,1
3,2013-07-19,2286,171111.37391019132,413.6561058538739,31.172276251233903,0.58870327486959884,1,28078.558237643541,167.56657852222065,12.627473890144735,0.65523095067093406,1
3,2013-07-22,2287,165166.72501184806,406.40709271843184,30.476722363586937,0.71748086818523427,1,30299.173758432407,174.06657852222065,13.053361718951681,0.024266015756091077,0
3,2013-07-23,2288,171614.28471321135,414.263544996674,31.030977153308914,0.094777615829630249,0,30823.623493999072,175.56657852222065,13.151054570952859,0.065175428995827678,0
3,2013-07-24,2289,173017.78960874159,415.95407151360064,31.369085332850727,0.37182964630586279,1,27744.4250805991,166.56657852222065,12.561582090665208,0.034328754319161346,0
3,2013-07-25,2290,166063.23082045521,407.50856533385308,30.616721662949143,0.56129424037735454,1,29435.090865821305,171.56657852222065,12.890050978378712,0.91827916205684734,1
3,2013-07-26,2291,169912.1965723896,412.20407151360064,30.99861413901866,0.64813080449098026,1,29007.736919515752,170.31657852222065,12.808165333500332,0.51832032016053053,1
3,2013-07-29,2292,171693.02066552892,414.35856533385299,31.292418935456933,0.46669559097313162,1,27131.55124006691,164.71657852222074,12.439419893684306,0.086778352113306229,0
3,2013-07-30,2293,179153.04848167952,423.26474986901462,32.199676673184833,0.60457839329212848,1,24045.643774588025,155.06657852222065,11.796620655931582,0.5170359209523756,1
3,2013-07-31,2294,178730.03373181049,422.76474986901462,32.149410636426964,0.60400195600732953,1,24200.960353110244,155.56657852222065,11.830158062526285,0.56017361930117859,1
3,2013-08-01,2295,187232.81350444723,432.70407151360064,33.049766775909923,0.2735509371144072,1,22445.007200104705,149.81657852222065,11.442931336430831,0.091881414997197236,0
3,2013-08-02,2296,197869.1134667786,444.82481210784385,34.092723671802553,0.22960564332531466,0,21116.907993404722,145.31657852222065,11.137503623086465,0.058608351831576797,0
3,2013-08-05,2297,215970.69821595063,464.7264767752647,36.292579209313921,0.08343186146473093,0,14657.11643507702,121.06657852222065,9.4546332309426511,0.25682929567124074,1
3,2013-08-06,2298,209441.06497468191,457.6473150524123,35.684001173677373,0.67237744355435158,1,15145.382749165901,123.06657852222065,9.5958345826292906,0.55292150763253134,1
3,2013-08-07,2299,196102.02334731302,442.83408105893682,34.110077493467116,0.13212753851510084,0,19270.042472615853,138.81657852222065,10.692592222008138,0.39127373799253806,1
3,2013-08-08,2300,159126.86862107157,398.90709271843184,29.746986779897977,0.36651182320785181,1,32966.422436265719,181.56657852222065,13.539640456541434,0.45856761177610317,1
3,2013-08-12,2301,174120.53635956888,417.277529181202,31.409674759593674,0.12994678170352095,0,28583.507973210202,169.06657852222065,12.726125594446417,0.023760919589052059,0
3,2013-08-13,2302,172602.08553722801,415.45407151360064,31.319568150290284,0.0040040943627092512,0,27911.241659121319,167.06657852222065,12.594540408761452,0.045117844235071987,0
3,2013-08-14,2303,138713.57645231986,372.44271566553675,27.200490463066409,0.88545134933407277,1,44022.996622771185,209.81657852222065,15.323467483821119,0.87336707915991785,1
3,2013-08-16,2304,149394.25359978969,386.51552827770024,28.31615591778024,0.52045290535277899,1,42257.618205332306,205.56657852222065,15.059822602360487,0.40291742878627912,1
3,2013-08-19,2305,164846.73497048035,406.01322019175723,29.58201968610253,0.054257278885344859,0,45397.366883165618,213.06657852222065,15.523976577210977,0.67113300287402888,1
3,2013-08-20,2306,189806.86155757637,435.668293036774,31.963924654202053,0.39860732289024325,1,41439.35189124343,203.56657852222065,14.935185511534899,0.036552558709131003,0
3,2013-08-21,2307,188791.06077171603,434.5009329929178,31.588581097267742,0.3060448909613816,1,46684.766354298939,216.06657852222065,15.708220903105827,0.55432031307291962,1
3,2013-08-22,2308,190202.35613929122,436.12195099454834,31.660395716482636,0.073131789190702207,0,47553.032668387823,218.06657852222065,15.830604611413476,0.21143771986448229,0
3,2013-08-23,2309,155733.97240109718,394.63143868817292,27.805632459973427,0.15375746243544447,0,67504.654474993251,259.81657852222065,18.30661113420614,0.52126592830133511,1
3,2013-08-27,2310,117411.63056321268,342.6538057036762,24.139049362710548,0.082655446547220193,0,67634.625264254355,260.06657852222065,18.320998839184266,0.27886533915945139,1
3,2013-08-28,2311,125602.05749724907,354.4038057036762,25.175194864406052,0.61335408615305709,1,61661.123168982173,248.31657852222065,17.639252603247783,0.59995136127702242,1
3,2013-08-29,2312,134985.55644554464,367.4038057036762,26.341911145630124,0.070359966423579737,0,55373.892127404441,235.31657852222065,16.871595520503362,0.10962890730999744,0
3,2013-08-30,2313,131517.78279135973,362.6538057036762,25.913097942384866,0.066895384683715045,0,57631.962123365534,240.06657852222065,17.153739086975396,0.18547598813407648,0
3,2013-09-03,2314,138498.45509972959,372.1538057036762,26.773655086595411,0.9102965030046708,1,53160.947131443339,230.56657852222065,16.587523634692133,0.68009405210361595,1
3,2013-09-04,2315,142244.99315676634,377.1538057036762,27.231321711456761,0.27923900987531419,1,50880.281346221134,225.56657852222065,16.286395561171165,0.41283660975554448,1
3,2013-09-05,2316,140740.37793395162,375.1538057036762,27.047859099039378,0.047586130040493523,0,51786.547660310018,227.56657852222065,16.407107319554481,0.19814153189073747,0
3,2013-09-06,2317,163138.28426191301,403.9038057036762,29.737073860016654,0.59646422551074618,1,39528.031895282329,198.81657852222065,14.637701345276691,0.67942577909243174,1
3,2013-09-10,2318,199139.8951970496,446.2509329929178,32.722341557684167,0.58630317593629766,1,41745.264259026757,204.31657852222065,14.981967261024428,0.049176869205339153,0
3,2013-09-11,2319,232324.89940604323,482.0009329929178,36.295250978382363,0.065500623259601043,0,28414.691394687979,168.56657852222065,12.693266454986496,0.012072436859989591,0
3,2013-09-12,2320,196016.95577987997,442.73802161083927,33.578917073252882,0.0020548414863945982,0,25302.176402765788,159.06657852222065,12.064207699827126,0.00015466552487066813,0
3,2013-09-13,2321,176259.94062273254,419.83322953612492,31.993387657544286,0.086973690337835252,0,23352.90667123803,152.81657852222065,11.645386056179893,0.24110420518336381,0
3,2013-09-17,2322,190763.44672814291,436.76474986901462,33.571464248194822,0.40546926705035624,1,20041.096154488067,141.56657852222065,10.881366527457391,0.84320637683520472,1
3,2013-09-18,2323,182930.77278931122,427.70407151360064,32.543585429986734,0.36606924007550856,1,23968.172985326913,154.81657852222065,11.779842383277204,0.60217467914413214,1
3,2013-09-24,2324,178486.37342844077,422.4764767752647,31.939253583463596,0.80378725406922102,1,26672.304820204663,163.31657852222065,12.346745683025565,0.66789514559810825,1
3,2013-09-25,2325,167243.43260755119,408.95407151360064,30.679225169812501,0.84142495655720839,1,30125.357179910188,173.56657852222065,13.020748576310625,0.81923023291905606,1
3,2013-09-26,2326,163844.84813003882,404.777529181202,30.184752362505741,0.62683294967739867,1,32966.422436265719,181.56657852222065,13.539640456541434,0.50412950771514886,1
3,2013-09-27,2327,172602.08553722801,415.45407151360064,31.319568150290284,0.0028170636235265189,0,27911.241659121319,167.06657852222065,12.594540408761452,0.00030728050695220791,0
3,2013-09-30,2328,173286.98130120648,416.277529181202,31.310833334426626,0.00086557539454305561,0,28922.641130254644,170.06657852222065,12.791769727132055,0.0021328867709260557,0
3,2013-10-08,2329,185635.05658815886,430.85386918090785,33.040940888106427,0.035708298425559816,0,20899.495625621388,144.56657852222065,11.086394058452504,0.42687486595985835,1
3,2013-10-09,2330,195052.35089300471,441.6473150524123,34.012115136881967,0.89378599858248697,1,19339.513261876964,139.06657852222065,10.709786563128274,0.0069800940591202825,0
3,2013-10-10,2331,239172.80765742573,489.05297019589375,38.645039130453874,0.13594571478328007,0,11250.119079410399,106.06657852222065,8.3813969594800994,0.60562596060578278,1
3,2013-10-11,2332,167915.92413723652,409.77545575258227,32.253085852230015,0.013039118028116539,0,12335.784864632606,111.06657852222065,8.7419581678253167,0.84765425755942214,1
3,2013-10-15,2333,118018.86454260914,343.53873805236162,26.040457688259362,0.33473077731072703,1,25541.338770549119,159.81657852222065,12.114199622681118,0.86754974462756107,1
3,2013-10-17,2334,180271.64188866183,424.58408105893682,32.250974634176742,0.17391113885406334,0,24669.910088676905,157.06657852222065,11.930617434274261,0.57005378988805522,1
3,2013-10-18,2335,179061.08992141494,423.1561058538739,32.118110501242803,0.66782861187619469,1,24985.043245721346,158.06657852222065,11.997463265443693,0.56476451444175391,1
3,2013-10-21,2336,166532.61721371691,408.08408105893682,30.613959569312588,0.68795757623157516,1,30125.357179910188,173.56657852222065,13.020748576310625,0.077606959945254794,0
3,2013-10-22,2337,163955.26118395332,404.91389354275475,30.416067120582518,0.5988517075890637,1,29520.936655082416,171.81657852222065,12.906409654251316,0.6893574169336717,1
3,2013-10-23,2338,153204.83605829894,391.41389354275475,29.106814913013924,0.021989937075464136,0,34342.234275182374,185.31657852222065,13.780745753650914,0.21999023214535812,0
3,2013-10-24,2339,161463.17962550401,401.82481210784385,29.81449171640466,0.21319425131139291,0,35463.133746315696,188.31657852222065,13.972663960097989,0.65803289872544324,1
3,2013-10-25,2340,144926.94376080122,380.69271566553675,27.971544134132014,0.051212704846975168,0,40629.085577154547,201.56657852222065,14.810182110376241,0.54074662700344944,1
3,2013-10-28,2341,146561.28163705932,382.83322953612492,28.373780213905871,0.3965166490765159,1,36030.333481882357,189.81657852222065,14.068303021843295,0.051264763230739779,0
3,2013-10-29,2342,142380.36611216192,377.33322953612492,27.852609672347288,0.051080848761743146,0,38148.565845626785,195.31657852222065,14.417167634044706,0.083151597955648596,0
3,2013-10-30,2343,166531.92222863363,408.08322953612492,30.82199618852907,0.24697717133710706,0,27082.158766510216,164.56657852222065,12.429499888385246,0.091881414997197236,0
3,2013-10-31,2344,192261.62068524925,438.4764767752647,33.554733252363853,0.001413421266349786,0,21702.174307493602,147.31657852222065,11.273508974342503,0.0031195422414691163,0
3,2013-11-01,2345,182845.06893848296,427.60386918090785,32.710183146368934,0.51485754618511259,1,21849.740886015825,147.81657852222065,11.307445287605328,0.47113218267545848,1
3,2013-11-05,2346,172934.44051273161,415.85386918090785,31.527965821145404,0.54706121493697701,1,25461.492981288011,159.56657852222065,12.097541965293454,0.56954085516324648,1
3,2013-11-06,2347,191823.39420847397,437.9764767752647,33.503650929452263,0.47438597025454959,1,21849.740886015825,147.81657852222065,11.307445287605328,0.72905452942329041,1
3,2013-11-07,2348,201918.89974785244,449.35386918090785,34.955571309288821,0.84790968043593917,1,15892.782220299225,126.06657852222065,9.8068127983057689,0.89085009744332766,1
3,2013-11-08,2349,209221.2484691281,457.40709271843184,35.665270387402096,0.39313709339824954,1,15145.382749165901,123.06657852222065,9.5958345826292906,0.025479887305075107,0
3,2013-11-11,2350,210586.74576231296,458.8973150524123,35.816375808968765,0.02538982288856664,0,14839.27880286035,121.81657852222065,9.5076353968562461,0.0024959589550298564,0
3,2013-11-12,2351,219571.04102184827,468.58408105893682,36.823896350407608,0.86652765344544525,1,12784.051178721489,113.06657852222065,8.8853892748306986,0.038789563942791878,0
3,2013-11-13,2352,216257.06278433686,465.03447483421792,36.161312195506831,0.0014797205862931259,0,16019.098798821446,126.56657852222065,9.8418801339207356,0.29481531915435633,1
3,2013-11-14,2353,208526.77034457709,456.6473150524123,35.578287109654248,0.24188858064052013,0,15392.515906210343,124.06657852222065,9.6662702393627313,0.3662916089726721,1
3,2013-11-18,2354,225895.33201843832,475.28447483421792,37.25529883082249,0.80638807050110883,1,13529.546439115922,116.31657852222065,9.1175056650770649,0.0018985413216799519,0
3,2013-11-19,2355,188026.61402533785,433.62035702367325,34.496448450570668,0.82886424413580218,1,9519.2372445326491,97.566578522220652,7.7618598665251115,0.21637032073364793,0
3,2013-11-20,2356,182449.56637720755,427.1411550965413,34.44686734649526,0.9386740829012421,1,6490.9735747771465,80.566578522220652,6.4973047195339237,0.0010417897688201605,0
3,2013-11-21,2357,118465.09066362656,344.18758063536598,27.617860030922042,0.048261272185382537,0,7537.1183063049039,86.816578522220652,6.9662249566475944,0.99364254716952527,1
3,2013-11-22,2358,125678.92145721469,354.51223033516726,28.520694314977252,0.7451449044766465,1,6983.37304591047,83.566578522220652,6.7229749414497704,0.0016682141515808613,0
3,2013-11-25,2359,104312.00970206576,322.97369815832644,25.889675203072258,0.0019324564193435594,0,7755.7222526104561,88.066578522220652,7.0594451721218965,0.22642646125518587,0
3,2013-11-26,2360,105933.12819285739,325.47369815832644,26.142465715528228,0.014959543958772231,0,7321.6393599993526,85.566578522220652,6.8728175519855954,0.066527840736491692,0
3,2013-11-27,2361,103646.18776165294,321.94127999008288,25.693637668801507,0.0097404932225464268,0,8754.7046163548839,93.566578522220652,7.4674045109513685,0.89503212539204813,1
3,2013-11-29,2362,119495.29981974296,345.68092197826445,28.11556909135945,0.83023456009023122,1,4909.3254258105126,70.066578522220652,5.6987863783831356,0.0023750571083242817,0
3,2013-12-02,2363,84410.086090163008,290.5341392851501,23.868074699950718,0.77161226000263239,1,3342.7567520161065,57.816578522220652,4.749770262659327,8.7810205596799393e-05,0
3,2013-12-03,2364,87564.279495270413,295.9126213855543,24.106934532428049,0.015926166110779814,0,4633.05911172163,68.066578522220652,5.5451387798143097,0.92596015879864546,1
3,2013-12-04,2365,80800.030931624235,284.25346247956986,23.251816971743956,0.11559061501867796,0,3977.3933264994234,63.066578522220652,5.1588203290160042,0.44640158513160805,1
3,2013-12-05,2366,81796.544731817252,286.00095232676631,23.195535468513082,0.53860747419778043,1,5412.0414754660569,73.566578522220652,5.9664702775523644,0.15883972939525384,0
3,2013-12-06,2367,80003.997253609981,282.84977859918854,22.8657864671939,0.020805826934028666,0,6016.5741036438221,77.566578522220652,6.270539896703367,0.43203792383592982,1
3,2013-12-09,2368,65211.414351693486,255.36525674353879,20.167048903734557,0.927643665699869,1,11409.781447193731,106.81657852222065,8.4356626671052837,0.93261906012639362,1
3,2013-12-10,2369,105413.869710478,324.67502169165709,25.752529977525846,0.79341328835895064,1,10265.049083449303,101.31657852222065,8.036214834203502,0.88629408523835873,1
3,2013-12-11,2370,133177.40936752854,364.9348015297096,29.784517570268076,0.0069367972914278373,0,4331.8220083716369,65.816578522220652,5.3716856578021348,0.0026409549187744828,0
3,2013-12-12,2371,87755.604213819228,296.23572406753919,24.045107473014546,0.86462417008652037,1,5265.9083184216161,72.566578522220652,5.8901443605698578,0.90532368159998233,1
3,2013-12-13,2372,103675.64284268617,321.9870227861461,26.077102473063057,0.44613310824171992,1,5672.5870002938291,75.316578522220652,6.0997431481855156,0.58964220155257574,1
3,2013-12-16,2373,101523.83883778242,318.62805720429333,25.867916152165076,0.97038415150655299,1,5229.6875291605056,72.316578522220652,5.8710435171277169,0.96534873966165069,1
3,2013-12-17,2374,81884.798566559679,286.15520013894502,23.255197085651769,0.15525759310650222,0,5050.4585828549534,71.066578522220652,5.7754228786851405,0.92488181604051189,1
3,2013-12-18,2375,130131.19960861249,360.7370227861461,30.161958426935293,0.73345770161395096,1,1337.1146648217286,36.566578522220652,3.0574062309549044,0.71954584738402083,1
3,2013-12-19,2376,91490.244290548653,302.47354312492962,25.306299362052258,0.016392864047875565,0,1282.8272970383978,35.816578522220652,2.9965763248040704,0.012217681983869277,0
3,2013-12-20,2377,90391.459151859599,300.6517240127846,25.127599165297497,0.0050386015673706784,0,1373.9312433439493,37.066578522220652,3.097917135162612,0.83355390957896236,1
3,2013-12-24,2378,68772.778303796396,262.24564496631092,21.592889663755528,0.010405809451619702,0,3032.328070143893,55.066578522220652,4.5340945674944964,0.97309180859716704,1
3,2013-12-27,2379,105130.75799474868,324.23873611083036,26.918948618582846,0.042376492582391193,0,2030.9964996994797,45.066578522220652,3.7415175194869783,0.18172039559852349,0
3,2013-12-30,2380,62452.200918216768,249.90438355142305,20.052508208740065,0.013717173351860635,0,7537.1183063049039,86.816578522220652,6.9662249566475944,0.93730633067023639,1
3,2014-01-06,2381,64335.515750576582,253.64446721853915,20.663500384402376,0.77103924559574855,1,4633.05911172163,68.066578522220652,5.5451387798143097,0.97017368350192024,1
3,2014-01-07,2382,65481.452173035766,255.89343909728473,20.95769361976124,0.79418074476716061,1,3790.4435909327613,61.566578522220652,5.042307823277695,0.020923600847321446,0
3,2014-01-08,2383,69979.104212774939,264.53563883298398,21.577132041842088,0.5468386162819141,1,4431.1093761549682,66.566578522220652,5.4295741045856971,0.076779696689676172,0
3,2014-01-09,2384,54122.969755012025,232.64343909728473,18.697483552122542,0.0047717299451707999,0,7193.8519922160212,84.816578522220652,6.8166830236866112,0.77612322469366968,1
3,2014-01-10,2385,66015.395262734339,256.93461281566238,20.787590033629641,0.78821354969315693,1,5862.4409465993813,76.566578522220652,6.1947070001796645,0.20627752124150731,0
3,2014-01-15,2386,56971.135994127522,238.68627106335111,19.225636009935652,0.76152808604577693,1,6734.9233103438082,82.066578522220652,6.6102761596633623,0.056656406413286099,0
3,2014-01-16,2387,59017.226103895788,242.93461281566238,19.43476902525299,0.53379224545201986,1,8202.3051452215586,90.566578522220652,7.2453262817776514,0.86536500033176778,1
3,2014-01-17,2388,74422.308260340928,272.80452390006462,22.035906615514104,0.94865785276865378,1,6172.7072606882639,78.566578522220652,6.3462502845089377,0.18947110312910312,0
3,2014-01-21,2389,63471.049134577712,251.93461281566238,20.30093576274475,0.60177421562810807,1,6653.1067318215873,81.566578522220652,6.5726493571491256,0.6017648349119985,1
3,2014-01-22,2390,61407.082065337701,247.80452390006462,19.620310680923563,0.0011773653903669977,0,10726.036186799296,103.56657852222065,8.2000458054014764,0.79322448442814253,1
3,2014-01-23,2391,71530.275724913328,267.45144554650165,21.109032797671794,0.016693418959484542,0,11570.568814977061,107.56657852222065,8.4898641296148902,0.89644120799609461,1
3,2014-01-24,2392,75177.033710020187,274.18430609723123,21.752027457138535,0.40807803926661534,1,10214.453294188193,101.06657852222065,8.0179752893471363,0.21699335643546708,0
3,2014-01-27,2393,101951.06142371039,319.29776294817725,25.518302733121057,0.90109619484271841,1,8430.2840915271099,91.816578522220652,7.3379882934841687,0.0037122311248402261,0
3,2014-01-28,2394,100539.17476158074,317.07913012618906,25.08537421884407,0.0053196446001774087,0,10934.169343843738,104.56657852222065,8.272672351441507,0.65460992189185618,1
3,2014-01-29,2395,114635.82735700686,338.57913012618906,27.249829386413605,0.91915752082351054,1,6900.0564673882491,83.066578522220652,6.6854389152692679,0.092493385661377867,0
3,2014-01-30,2396,76155.656068921191,275.96314259139967,21.914881285797076,0.0032368250578887017,0,9963.3493478826404,99.816578522220652,7.9266689316831966,0.59710734356845896,1
3,2014-02-07,2397,66674.027006926495,258.21314259139967,20.220293076851974,0.0045180903739531399,0,13821.900385421475,117.56657852222065,9.2064666031496198,0.59551632678302369,1
3,2014-02-10,2398,81270.11043350464,285.07913012618906,21.996846460354096,0.0016308046266205747,0,18650.430369265858,136.56657852222065,10.537544639060235,0.03085470809255135,0
3,2014-02-13,2399,77807.085960524491,278.93921553005862,21.131758752277168,0.0067411312196741279,0,25781.626138332449,160.56657852222065,12.164134736531867,0.60505610433796075,1
3,2014-02-14,2400,138663.13321935909,372.37499005620543,28.194207083566567,0.36335722013144839,1,26023.038506115783,161.31657852222065,12.214013138157915,0.066034520519949555,0
3,2014-02-18,2401,179123.13520759327,423.22941203039431,32.154181350837177,0.17470196792542295,0,24591.439299415797,156.81657852222065,11.913890106151616,0.059876518746701982,0
3,2014-02-20,2402,174227.85720409537,417.4061058538739,31.544009510967228,0.00043981435139010301,0,26835.871398726886,163.81657852222065,12.379866126750096,0.0030788292957239943,0
3,2014-02-21,2403,165107.38543001065,406.33408105893682,30.44271069930225,0.012378494110262235,0,30735.90270473796,175.31657852222065,13.13478767725946,0.0094894723260164539,0
3,2014-02-24,2404,157739.15833404064,397.16389354275475,29.661231780638893,0.70931730164770823,1,32244.156122176835,179.56657852222065,13.410498769396614,0.07731965464155631,0
3,2014-02-25,2405,155419.31621724006,394.23256615510604,29.213232023349839,0.063311106897182431,0,36125.304271143468,190.06657852222065,14.084222195051549,0.060165216420426,0
3,2014-03-03,2406,157873.69529360693,397.33322953612492,29.768363329172125,0.75319206598553168,1,30735.90270473796,175.31657852222065,13.13478767725946,0.43150151496841005,1
3,2014-03-04,2407,155050.67823940766,393.76474986901462,29.297972460492161,0.01171973124276776,0,34064.82190739904,184.56657852222065,13.732632330522371,0.85806705354327251,1
3,2014-03-10,2408,153199.53049268186,391.40711604757757,29.073880486356735,0.00026014954448807094,0,34900.434010749035,186.81657852222065,13.876811775095312,0.19034790592684619,0
3,2014-03-11,2409,138209.029245171,371.76474986901462,27.215574660982039,0.015032838631502957,0,42669.751362376752,206.56657852222065,15.122004284203561,0.90664582775828484,1
3,2014-03-12,2410,154386.99253962011,392.92110218162134,28.706564542949504,0.01897621236993904,0,43813.430044248962,209.31657852222065,15.292535417148539,0.92038851538186295,1
3,2014-03-13,2411,141881.11921871742,376.67110218162134,27.196469471597208,0.0029098495988302223,0,50880.281346221134,225.56657852222065,16.286395561171165,0.12224036027848691,0
3,2014-03-14,2412,196176.61430660961,442.918293036774,32.669614090855539,0.85596630754972802,1,38540.19900267123,196.31657852222065,14.48029345544685,0.0023166364018925968,0
3,2014-03-18,2413,179497.20282378982,423.67110218162134,31.664506889508321,0.013546278362598457,0,31886.022965132393,178.56657852222065,13.34578314814803,0.015292402870144191,0
3,2014-03-19,2414,164092.42285141686,405.08322953612492,30.526241864063667,0.9722499133701622,1,28078.558237643541,167.56657852222065,12.627473890144735,0.44479242399372376,1
3,2014-03-20,2415,191345.84172650002,437.43095652514126,33.372569637622831,0.81485318756907998,1,22896.706935671369,151.31657852222065,11.544274539173806,0.029794075342699598,0
3,2014-03-24,2416,182027.93144143236,426.6473150524123,32.481714126563553,7.2730948087964531e-05,0,23736.510617543583,154.06657852222065,11.729469244173632,0.0077882897262218764,0
3,2014-03-25,2417,191042.49391513524,437.08408105893682,33.518717872617856,0.023575262386209567,0,20899.495625621388,144.56657852222065,11.086394058452504,0.299696344157039,1
3,2014-03-26,2418,196673.98889482426,443.47941203039431,34.219090434444006,0.49564117755168491,1,18650.430369265858,136.56657852222065,10.537544639060235,0.65168776651299964,1
3,2014-03-27,2419,149678.36818362304,386.88288690975082,29.880894914829181,0.69497897518108198,1,18310.576422960308,135.31657852222065,10.451174243847898,0.55333379504490621,1
3,2014-03-28,2420,120586.53501665487,347.25571991927632,26.768604349144443,0.0072180541160369481,0,18993.409315571411,137.81657852222065,10.623748585255012,0.70664212338356569,1
3,2014-04-04,2421,81471.219356132249,285.43163692227995,21.926762966950637,0.41687459431659213,1,20254.008522271397,142.31657852222065,10.93271200477977,0.86701787644956263,1
3,2014-04-09,2422,67901.483057321369,260.57913012618906,19.733368430608788,0.00072632096782871574,0,25942.442716854672,161.06657852222065,12.19739329967593,0.010344813465078942,0
3,2014-04-10,2423,140301.90670948889,374.56896122007879,28.419496298943763,0.78784078824196369,1,25143.359824243569,158.56657852222065,12.03084814280885,0.0021132236788901772,0
3,2014-04-11,2424,151345.08169110905,389.03095209907019,29.971567958325902,0.75206221287196517,1,19200.696683354741,138.56657852222065,10.675391257490034,0.00088875954930997265,0
3,2014-04-15,2425,116301.12756516792,341.02951128189466,26.202805323234319,0.72420502490185445,1,20182.912733010286,142.06657852222065,10.915603420839082,0.71209668826535888,1
3,2014-04-16,2426,118012.52512157739,343.52951128189466,26.44568986003808,0.83334449909605779,1,19478.829840399183,139.56657852222065,10.744155390471182,0.00080868606891441376,0
3,2014-04-17,2427,129047.2428895718,359.23146144174484,27.917735491878364,0.77980510869110931,1,16209.511166604778,127.31657852222065,9.8944300386415893,0.0007861920648438857,0
3,2014-04-22,2428,92947.326058584382,304.87263907832789,23.720882246903553,0.77685888143839887,1,15829.811431038115,125.81657852222065,9.7892688988306293,9.5885516308459915e-05,0
3,2014-04-23,2429,84482.871937834876,290.65937441932761,22.336935594184638,0.015132073960236659,0,20111.941943749174,141.81657852222065,10.898488262994862,0.97184201757772204,1
3,2014-04-25,2430,119072.6778241455,345.06909137757543,26.564210267711736,0.93289867702817719,1,19478.829840399183,139.56657852222065,10.744155390471182,0.0025199558939802118,0
3,2014-04-28,2431,97876.572175074078,312.85231687662804,24.28035055309492,0.81192086387003959,1,16658.18169143255,129.06657852222065,10.016808577587943,0.002179383437298719,0
3,2014-04-30,2432,81270.11043350464,285.07913012618906,21.996846460354096,0.015061485641632457,0,18650.430369265858,136.56657852222065,10.537544639060235,0.96680294972460046,1
3,2014-05-07,2433,86482.534775776032,294.07913012618906,22.849971260776151,0.020684514386975609,0,16273.231955865887,127.56657852222065,9.9119330631096076,0.037493438675267034,0
3,2014-05-08,2434,59518.014943071612,243.96314259139967,18.893563801850892,0.69862617770789148,1,17375.610373304764,131.81657852222065,10.208447513821541,0.35495128597645831,1
3,2014-05-09,2435,80985.281303378448,284.57913012618906,21.949797927203164,0.0096965838675762209,0,18787.24694778808,137.06657852222065,10.572046164459749,0.91726482187834268,1
3,2014-05-13,2436,86500.502466708029,294.10967761484494,22.641237691673975,0.63673603492420894,1,19478.829840399183,139.56657852222065,10.744155390471182,0.36433075528871434,1
3,2014-05-15,2437,90968.397630930704,301.60967761484494,23.353440001149433,0.8593993515507502,1,17441.581162565872,132.06657852222065,10.225828766722467,0.031112621671122581,0
3,2014-05-16,2438,54388.369877356519,233.21314259139967,17.911915713625167,0.002449665262393967,0,20325.229311532508,142.56657852222065,10.949814018603737,0.94159166327694943,1
3,2014-05-19,2439,81555.439563630818,285.57913012618906,22.043931310396687,0.38173119304375619,1,18514.113790743639,136.06657852222065,10.503016481838722,0.45885939430917722,1
3,2014-05-20,2440,61015.747241730016,247.01365800645522,19.189252903977877,0.1124074396403944,0,16337.077745126997,127.81657852222065,9.9294292889664515,0.0012775306213615204,0
3,2014-05-21,2441,55783.026446630618,236.18430609723123,18.18901086617106,0.59520848006414606,1,19339.513261876964,139.06657852222065,10.709786563128274,0.62444428485962444,1
3,2014-05-22,2442,83856.072604640329,289.57913012618906,22.421922580425012,0.056521291820120466,0,17441.581162565872,132.06657852222065,10.225828766722467,0.0012687516870205609,0
3,2014-05-23,2443,67450.916434700703,259.71314259139967,20.361673272551915,0.050012431443467661,0,13471.450649854813,116.06657852222065,9.0996925536825284,0.27809538582699683,1
3,2014-05-27,2444,73216.00850516808,270.58456812088912,21.41547828420175,0.91921745773824315,1,10829.852765321517,104.06657852222065,8.2363734485334898,0.0028777231512592855,0
3,2014-05-28,2445,65435.954447738732,255.80452390006462,20.382830589646584,0.94834402269964557,1,9132.9709304437656,95.566578522220652,7.6148668145195737,7.8790798356187728e-05,0
3,2014-05-29,2446,50429.546797999101,224.5652395140421,17.958035946744673,0.21395672327064702,0,8293.1217237437795,91.066578522220652,7.2824133164510725,0.050316005617694323,0
3,2014-05-30,2447,53238.428191379004,230.73454052520833,18.566448644152754,0.0047758845938778265,0,6941.6522566493595,83.316578522220652,6.7042107038600403,0.01064309446558172,0
3,2014-06-03,2448,47464.861069962586,217.86431802836046,17.495628831829791,0.34998427627670681,1,7364.485149260463,85.816578522220652,6.891514035111074,0.52621781746574814,1
3,2014-06-04,2449,44358.390958551361,210.61431802836046,16.815514413441953,0.094061729506243696,0,8661.388037832663,93.066578522220652,7.430465351075501,0.025703097385379504,0
3,2014-06-05,2450,48422.302754469179,220.05068224040838,17.639333245724117,0.072657589341193984,0,7755.7222526104561,88.066578522220652,7.0594451721218965,0.049772333030388582,0
3,2014-06-06,2451,31121.700068513292,176.41343505672489,14.073668532646581,0.76957932022183262,1,8848.521194877103,94.066578522220652,7.5043142020120186,0.97722188504484508,1
3,2014-06-09,2452,43285.08638069938,208.05068224040838,16.51851387379185,0.31212810856914164,1,10013.320137143752,100.06657852222065,7.9449447020421324,0.48273695103749104,1
3,2014-06-10,2453,44725.710881158484,211.48454052520833,16.757887521807316,0.47587224918808402,1,10519.903029754854,102.56657852222065,8.1273041618241404,0.80465664813140625,1
3,2014-06-11,2454,43812.869492820813,209.3152395140421,16.536854790759794,0.094153623183729565,0,11303.21486867151,106.31657852222065,8.3994926740841915,0.049327574555489945,0
3,2014-06-12,2455,48009.784874476245,219.1113526827769,17.212203667146653,0.080897822276852882,0,12897.36775724371,113.56657852222065,8.92117663175339,0.0010137723001632662,0
3,2014-06-13,2456,55015.824681985985,234.55452390006462,18.378415192953153,0.014819449241691551,0,13646.113017638143,116.81657852222065,9.1531109517900617,0.99042782888540382,1
3,2014-06-16,2457,71462.080177977623,267.32392369179684,21.090644867202908,0.79777530684291564,1,11678.385393499282,108.06657852222065,8.5259628025420628,0.00011887160848149357,0
3,2014-06-17,2458,68818.043124980672,262.33193310190177,20.660124678236013,0.27050381114532146,1,12169.747496849275,110.31657852222065,8.6880550125789053,0.36127096580793022,1
3,2014-06-18,2459,58298.800556495247,241.45144554650165,18.673739021384506,0.0096211376906774303,0,17840.030898132536,133.56657852222065,10.329975137062695,0.95378990355554605,1
3,2014-06-19,2460,77088.407900090519,277.64799278959413,21.154132783969075,0.0005493920660170473,0,23429.377460499141,153.06657852222065,11.662215506454906,0.77758184254504004,1
3,2014-06-20,2461,144115.13307517406,379.62499005620543,28.901788356011071,0.80337552923601974,1,23736.510617543583,154.06657852222065,11.729469244173632,0.43691137720031381,1
3,2014-06-23,2462,139279.09174245896,373.2011411323108,28.304978470406581,0.57171937868922484,1,25302.176402765788,159.06657852222065,12.064207699827126,0.41824841088706827,1
3,2014-06-24,2463,179696.38658019574,423.9061058538739,32.193362889984726,0.19735139406730839,0,24748.505877938016,157.31657852222065,11.947338410648996,0.14682844039050783,0
3,2014-06-25,2464,179423.47372654395,423.58408105893682,32.150594387775087,0.14223386700924587,0,24985.043245721346,158.06657852222065,11.997463265443693,0.13281612277151827,0
3,2014-06-27,2465,181547.64413183864,426.08408105893682,32.40183125923474,0.1122352062208964,0,24200.960353110244,155.56657852222065,11.830158062526285,0.42747566647214597,1
3,2014-06-30,2466,171051.79210536522,413.58408105893682,31.15510968428903,0.11514706842566662,0,28246.37481616576,168.06657852222065,12.660382562879144,0.10211738101568983,0
3,2014-07-01,2467,166752.88247501801,408.35386918090785,30.784309776170964,0.048801823179825982,0,27911.241659121319,167.06657852222065,12.594540408761452,0.66108745038300909,1
3,2014-07-02,2468,181674.20045116683,426.23256615510604,32.351617924486227,0.96570427213824517,1,24985.043245721346,158.06657852222065,11.997463265443693,0.25037703095563801,1
3,2014-07-03,2469,182249.66581330376,426.90709271843184,32.513868447709967,0.88371141295003264,1,23582.69403902136,153.56657852222065,11.695855180671794,0.93498528829590988,1
3,2014-07-07,2470,173811.52395893511,416.90709271843184,31.512251906155093,0.82802144609871786,1,26754.025609465774,163.56657852222065,12.363309034181455,0.62736576720276205,1
3,2014-07-08,2471,177226.32100653823,420.98256615510604,31.826313827639847,0.11324991852356037,0,26672.304820204663,163.31657852222065,12.346745683025565,0.064266058255862832,0
3,2014-07-09,2472,162798.18119110953,403.48256615510604,30.105022656601832,0.50764169545389282,1,32694.635068482388,180.81657852222065,13.491257490932338,0.22549486035727026,0
3,2014-07-10,2473,186420.79922945276,431.76474986901462,33.060088045100663,0.71475235513408664,1,21481.761939710272,146.56657852222065,11.222555782712149,0.0036794183493300821,0
3,2014-07-14,2474,185833.48494242801,431.08408105893682,32.907181760224184,0.0035530180618899999,0,22670.294567888039,150.56657852222065,11.493631948261118,0.9086935341542427,1
3,2014-07-15,2475,193673.99840148888,440.08408105893682,33.826601157489378,0.29239832210143951,1,20041.096154488067,141.56657852222065,10.881366527457391,0.63850073227370152,1
3,2014-07-16,2476,190951.00653842912,436.97941203039431,33.549283073350807,0.023218224853334302,0,20468.045890054727,143.06657852222065,10.983998351034215,0.57416127751663382,1
3,2014-07-17,2477,148933.67123366008,385.91925481071826,29.521457625604764,0.5877657301274205,1,21849.740886015825,147.81657852222065,11.307445287605328,0.67679921720614911,1
3,2014-07-18,2478,184237.888151958,429.22941203039431,32.759352187017313,0.71825195321138124,1,22745.640357149146,150.81657852222065,11.510519253747045,0.57440730281341912,1
3,2014-07-22,2479,186174.48300609479,431.47941203039431,32.987722632293142,0.016259471135453212,0,22072.028253799155,148.56657852222065,11.358301110261518,0.032751771607633776,0
3,2014-07-23,2480,159162.01301077296,398.9511411323108,30.860656827098111,0.0056113708318083298,0,17773.310108871425,133.31657852222065,10.312634192397653,0.00065730332923292242,0
3,2014-07-24,2481,123363.53950650389,351.23146144174484,27.127357516257568,0.00079513159197108242,0,18310.576422960308,135.31657852222065,10.451174243847898,0.0032448693274580841,0
3,2014-07-25,2482,116609.58850838988,341.48146144174484,26.177191371540427,0.20852483150816933,0,21044.312204143611,145.06657852222065,11.120473631446581,0.9565467263919154,1
3,2014-07-28,2483,165908.73616940406,407.31896122007879,31.691807914419666,0.014404491935620828,0,15829.811431038115,125.81657852222065,9.7892688988306293,0.10414875812211465,0
3,2014-07-31,2484,91119.264969738113,301.85967761484494,23.377322564557208,0.046293200759721785,0,17375.610373304764,131.81657852222065,10.208447513821541,0.9395069091408742,1
3,2014-08-01,2485,88019.99368688355,296.68163692227995,22.989665782431612,0.83669368514732689,1,17178.448005521434,131.06657852222065,10.156263349261577,0.00071096046284417895,0
3,2014-08-04,2486,82863.193996522459,287.85967761484494,22.053987942144797,0.014321398140886555,0,21262.474571926941,145.81657852222065,11.171544035412422,0.93254190308852813,1
3,2014-08-07,2487,111769.25485952763,334.31909137757543,25.525412588476843,0.0039927079060643753,0,22595.073778626927,150.31657852222065,11.476738196008448,0.89745152015099527,1
3,2014-08-08,2488,139604.42587516236,373.63675659009027,28.397245418209405,0.0011440848300020804,0,24434.872720893574,156.31657852222065,11.880416380180176,0.47862600736238797,1
3,2014-08-12,2489,145256.25804534269,381.12499005620543,29.049160827454685,0.0020235076176330809,0,23276.560881976919,152.56657852222065,11.628550192242427,0.00044358012252790146,0
3,2014-08-13,2490,144115.13307517406,379.62499005620543,28.901788356011071,0.015109711264073278,0,23736.510617543583,154.06657852222065,11.729469244173632,0.043224729202732459,0
3,2014-08-14,2491,157311.38273708505,396.62499005620543,30.591977636421554,0.0026505405941605539,0,18787.24694778808,137.06657852222065,10.572046164459749,0.015290585375589491,0
3,2014-08-19,2492,92379.046737027427,303.93921553005862,23.470209693440818,0.55828624231692303,1,18378.29721222142,135.56657852222065,10.468461661947542,0.61847376124227793,1
3,2014-08-20,2493,105042.31180479821,324.10231687662804,25.37501012931126,0.51805638543191457,1,13880.746174682585,117.81657852222065,9.2242378956524291,0.8874315918301624,1
3,2014-08-22,2494,61843.884099061397,248.68430609723123,19.337815404139285,0.096074034738626871,0,16019.098798821446,126.56657852222065,9.8418801339207356,0.15015542811048174,0
3,2014-08-26,2495,85546.393211497809,292.48315030356503,22.801259037502632,0.76296660409943495,1,15206.978538427013,123.31657852222065,9.6134537924163439,0.91976398630499645,1
3,2014-08-27,2496,59964.884453473394,244.87728447831455,18.953350191820011,0.76489884660331797,1,17573.897741088094,132.56657852222065,10.260571093051134,0.080222848376788308,0
3,2014-08-28,2497,95090.124951112506,308.36686746651708,24.338347866339156,0.030657023853844022,0,11570.568814977061,107.56657852222065,8.4898641296148902,0.31369626603136186,1
3,2014-09-02,2498,60174.309445837374,245.30452390006462,19.38400030818369,0.91875901474269095,1,11250.119079410399,106.06657852222065,8.3813969594800994,5.5448999279749153e-05,0
3,2014-09-03,2499,59747.042750337387,244.43208208076408,19.223915224598041,0.00071539852456092964,0,12558.918021677047,112.06657852222065,8.8137301236508581,0.89841882825837072,1
3,2014-09-04,2500,51126.34381203512,226.1113526827769,17.860296420440513,0.85773164603131702,1,11356.43565793262,106.56657852222065,8.4175812418815674,0.010940302634154688,0
3,2014-09-05,2501,55866.689042032049,236.3613526827769,18.822325517242835,0.66185288284804555,1,9276.883298227096,96.316578522220652,7.6700440790141862,9.7582370922487646e-06,0
3,2014-09-09,2502,49069.934521457581,221.51734587038004,17.70722189211671,0.70308570784765467,1,8384.4383022660004,91.566578522220652,7.3194707052134804,0.00027457463201836655,0
3,2014-09-10,2503,53932.881812954627,232.23454052520833,18.709731361547497,0.11103888558356363,0,6693.9525210826978,81.816578522220652,6.5914665476109287,0.67320072859939284,1
3,2014-09-11,2504,40007.448282272184,200.01861983893446,16.241869252045021,0.0068017697482541072,0,5193.5917398993952,72.066578522220652,5.8519349185725256,0.0022431803263561045,0
3,2014-09-12,2505,33787.533879250848,183.81385660295268,14.916928918884373,0.091652337712424883,0,5302.2541076827256,72.816578522220652,5.9092374536190428,0.9132327937629765,1
3,2014-09-16,2506,35348.303380255893,188.01144481189408,15.211281942709878,0.79055186660730847,1,5862.4409465993813,76.566578522220652,6.1947070001796645,0.48738127965772987,1
3,2014-09-17,2507,36282.30267577729,190.47913973917798,15.606648073672918,0.050395971312427762,0,3729.1270124105408,61.066578522220652,5.0034066794117695,0.098943031217805053,0
3,2014-09-18,2508,39413.592727561911,198.52856904627583,16.276168808876886,0.010864754580929564,0,3638.0896446272095,60.316578522220652,4.9449951647649639,0.016246083076408593,0
3,2014-09-19,2509,42481.635679016901,206.11073644770886,16.984815529271437,0.70634342672062944,1,2923.1949130994517,54.066578522220652,4.4554246825068526,0.012555627213081923,0
3,2014-09-22,2510,37341.670303349674,193.23992937110506,15.875122560780863,0.60268947041149146,1,3342.7567520161065,57.816578522220652,4.749770262659327,0.87099330902442063,1
3,2014-09-24,2511,42681.479916652221,206.59496585505713,17.021212428840958,0.049206603180959811,0,2950.2907023605617,54.316578522220652,4.4751043066711151,0.0068112519258256348,0
3,2014-09-25,2512,38083.477462326104,195.1498846075142,16.078260317817854,0.83619325919826315,1,2950.2907023605617,54.316578522220652,4.4751043066711151,9.1419142428459685e-06,0
3,2014-09-26,2513,35568.407897290883,188.59588515471614,15.465017232859052,0.79421293147686134,1,3607.9938553660995,60.066578522220652,4.9255086939090322,0.79875181743382884,1
3,2014-09-29,2514,41550.561894602884,203.83954938775469,16.756230940218224,0.77957314287600465,1,3256.5943842327756,57.066578522220652,4.6910463232404975,0.022672065394333234,0
3,2014-09-30,2515,41346.97234521513,203.33954938775469,16.708262069659384,0.033342377814241091,0,3313.910962754996,57.566578522220652,4.7302036583583114,0.93475552400523454,1
3,2014-10-08,2516,37476.913632153912,193.58954938775469,15.780684686183385,0.02120769548426674,0,4531.5217439382986,67.316578522220652,5.4873917686750078,0.37541916616238535,1
3,2014-10-09,2517,34339.109769592593,185.30814814678979,15.00774635730227,0.01407063911947644,0,5672.5870002938291,75.316578522220652,6.0997431481855156,0.96371147529990453,1
3,2014-10-14,2518,33001.077330172055,181.66198647535498,14.676791474478284,0.00031126682558657972,0,6133.4864714271534,78.316578522220652,6.3273341565114647,0.0062952006445433804,0
3,2014-10-16,2519,37321.930239361645,193.18884605318613,15.652327004511738,0.90987880219416717,1,5597.5204217716082,74.816578522220652,6.0617037490152441,0.031929220499148668,0
3,2014-10-17,2520,40798.022841716942,201.98520451190711,16.230229370181366,0.45957888753468334,1,7236.3227814771317,85.066578522220652,6.8354020508011777,0.76106235816970047,1
3,2014-10-20,2521,49140.592781585736,221.67677546731352,17.730595918201441,0.85555986608938839,1,8247.65093448267,90.816578522220652,7.2638735070762364,0.88327404414602917,1
3,2014-10-21,2522,53156.89944429732,230.55780065809381,18.537310605675884,0.18600129182985783,0,7109.2854136938013,84.316578522220652,6.7792223937463838,0.43542716106689672,1
3,2014-10-22,2523,59134.944126680217,243.17677546731352,19.790581930198456,0.70142773476486708,1,4804.7880580271813,69.316578522220652,5.6412271432122605,0.56398758444773467,1
3,2014-10-27,2524,39465.380866415588,198.65895616965167,16.160988909469324,0.0030126046574771729,0,4874.3546365494021,69.816578522220652,5.679607770772475,0.54070633709694094,1
3,2014-10-28,2525,41783.021362366577,204.40895616965167,16.706902833645419,0.89584251508919099,1,4104.5264835438647,64.066578522220652,5.2363366180809692,0.031833182601684794,0
3,2014-10-29,2526,49080.562978631882,221.54133469542853,18.431059458854289,0.76137707497112628,1,1811.9136070883765,42.566578522220652,3.5413126890366597,0.050069030074969531,0
3,2014-10-30,2527,65437.808658289956,255.80814814678979,21.971925973527146,0.81868935866673198,1,23.199428660717281,4.8165785222206523,0.41370655118923361,0.21285909184941199,0
3,2014-10-31,2528,66908.413635803416,258.66660711387431,22.650315859358521,0.70244622280504698,1,303.92418442189825,17.433421477779348,1.5265693062854069,0.00079432935127789423,0
3,2014-11-05,2529,58857.250073659583,242.60513200190053,21.013870247024734,0.026200752420470944,0,24.338647477414561,4.9334214777793477,0.42732104614805955,0.92617960334145921,1
3,2014-11-07,2530,49166.720238347894,221.73569906162584,19.082246046611516,0.0032155746802111419,0,6.5873253107243475,2.5665785222206523,0.22087594855599418,0.34418130541421982,1
3,2014-11-10,2531,47876.921931646357,218.80795673751527,18.919840617165175,0.94135419896301709,1,8.6049615662971721,2.9334214777793477,0.2536464745161563,0.41787562471709566,1
3,2014-11-11,2532,44439.994623846113,210.80795673751527,18.102873056033943,0.12466704403948699,0,25.670217921827607,5.0665785222206523,0.43508617623191514,0.99416662519989329,1
3,2014-11-12,2533,45607.000885902446,213.55795673751527,18.382436560147646,0.59398385164070411,1,5.3665360496140213,2.3165785222206523,0.19940421968759647,2.3902792194777123e-05,0
3,2014-11-13,2534,32990.420368395738,181.63265226383646,15.537438174836311,0.014895477664862215,0,91.519424621813485,9.5665785222206523,0.81835573329517985,0.97173215587941675,1
3,2014-11-14,2535,37446.068618714431,193.50986698025099,16.364470780570908,0.021206091072318804,0,532.06704472177114,23.066578522220652,1.9506620314774337,0.50596713861179365,1
3,2014-11-17,2536,41761.019975514188,204.35513200190053,17.133106854068377,0.0024251750594287825,0,1109.9944044272945,33.316578522220652,2.7932574740910212,0.023389337034080682,0
3,2014-11-18,2537,42365.136398331961,205.82792910179114,17.209693068711633,0.015754002903219825,0,1337.1146648217286,36.566578522220652,3.0574062309549044,0.0020815582679381875,0
3,2014-11-19,2538,44534.497613449472,211.0319824421158,17.733780037152588,0.1496035500042357,0,934.31572255508092,30.566578522220652,2.5686200438840885,0.037547709620880686,0
3,2014-11-20,2539,38920.180596291291,197.2819824421158,16.388949735585946,0.064493248981470574,0,1963.9591319161489,44.316578522220652,3.681543387100366,0.18050770996319568,0
3,2014-11-21,2540,45166.573212698109,212.5242885241546,17.725128317277282,0.92790036545042476,1,1565.5141359550526,39.566578522220652,3.2999648475580194,0.92244747339594746,1
3,2014-11-25,2541,40678.682311160497,201.68956916796787,16.842552748890846,0.21531404505707488,0,1449.0644003883906,38.066578522220652,3.1788374548827267,0.51646149581870771,1
3,2014-11-26,2542,46846.087101615551,216.43956916796787,18.299688790358729,0.0022689343044230881,0,543.66283398288147,23.316578522220652,1.9713868968269415,0.0042143571393254801,0
3,2014-11-28,2543,42541.259020193465,206.25532482870221,17.274315312286618,0.90479097231613292,1,1194.848350732846,34.566578522220652,2.8950233268191501,0.74233244106100493,1
3,2014-12-01,2544,43368.614976539939,208.25132647006103,17.285854033622002,0.72144304857240715,1,2053.5922889605899,45.316578522220652,3.7614923031517455,0.76473734448995123,1
3,2014-12-03,2545,41616.541201544424,204.00132647006103,16.873558847813154,0.33481269448217338,1,2456.8457063994656,49.566578522220652,4.0997997123424854,0.77521179522399331,1
3,2014-12-04,2546,45048.914798393416,212.24729632764092,17.77615547132671,0.12514484108834259,0,1194.848350732846,34.566578522220652,2.8950233268191501,0.3677316834978222,1
3,2014-12-05,2547,48672.159396023104,220.61767697993537,18.492680383900701,0.21701541788068018,0,1126.7151936884047,33.566578522220652,2.8136277051316556,0.3863987912083493,1
3,2014-12-08,2548,34689.919870553567,186.25230165169387,15.179486687179613,0.54785220387729594,1,4565.2425331994091,67.566578522220652,5.5066486163179018,0.93438068136847841,1
3,2014-12-09,2549,36782.238442923226,191.78696108683516,15.605122952549646,0.16500819184595009,0,4839.5088472882917,69.566578522220652,5.6604213606363425,0.20793539630772595,0
3,2014-12-10,2550,41537.761251023818,203.80814814678979,16.757093372809027,0.67525150388538369,1,3228.1235949716652,56.816578522220652,4.6714555825052955,0.59254883054993934,1
3,2014-12-11,2551,41529.125509007266,203.78696108683516,16.745025561777744,0.011201659092325084,0,3313.910962754996,57.566578522220652,4.7302036583583114,0.034339479535138009,0
3,2014-12-12,2552,44440.075325078869,210.80814814678979,17.432966561653075,0.30792791252399976,1,2481.691495660576,49.816578522220652,4.1196260923895514,0.0050086526846475996,0
3,2014-12-15,2553,42267.440815110436,205.5904686874137,17.096920472965795,0.69767264900403847,1,1854.7301856105971,43.066578522220652,3.5814202513281206,0.73873688729494014,1
3,2014-12-16,2554,45088.474642390516,212.3404686874137,17.75793173216924,0.15277572279506965,0,1318.8938755606184,36.316578522220652,3.0371380741978387,0.54539812389246334,1
3,2014-12-17,2555,49189.456108133338,221.78696108683516,18.497661475132208,0.15639529286873494,0,1565.5141359550526,39.566578522220652,3.2999648475580194,0.34230524808335894,1
3,2014-12-18,2556,50426.361899115589,224.55814814678979,18.783617578150547,0.20913565555685709,0,1300.798086299508,36.066578522220652,3.0168614405872565,0.73103259262428666,1
3,2014-12-19,2557,45301.065111077936,212.8404686874137,17.807192527706647,0.23243463444667328,0,1282.8272970383978,35.816578522220652,2.9965763248040704,0.17029055138171037,0
3,2014-12-22,2558,59214.136296235505,243.33954938775469,20.674558146793093,0.13464270393019462,0,308.58468097734391,17.566578522220652,1.4924875549890104,0.11272598723369567,0
3,2014-12-24,2559,51200.494965123646,226.27526370578744,19.086905415924711,0.0030231063045073675,0,679.46651585509505,26.066578522220652,2.1987835109422735,0.00024431292129222659,0
3,2014-12-29,2560,41921.937373794768,204.74847343458941,16.97748535941869,0.040125497198835042,0,2168.4462352661417,46.566578522220652,3.8612420001841334,0.089890467068293942,0
3,2014-12-30,2561,48228.875563105037,219.61073644770886,18.300894703975736,0.12301405450805253,0,1645.6472929994939,40.566578522220652,3.3805482101850548,0.05552276829749566,0
3,2015-01-05,2562,39461.776654578702,198.6498846075142,16.413954522413899,0.076095932154229398,0,2582.3246527050173,50.816578522220652,4.1988497023111462,0.0014630192768974369,0
3,2015-01-06,2563,285932.40496448771,534.7264767752647,44.174017081806255,0.0049894702497769233,0,2607.7954419661278,51.066578522220652,4.2186351525998065,0.00039233775198567553,0
3,2015-01-07,2564,273537.95941257529,523.00856533385308,43.028265350378696,0.0025868536499021313,0,3143.4612271883343,56.066578522220652,4.6126350079984082,0.0065357039401130268,0
3,2015-01-08,2565,264538.67100506014,514.33322953612492,42.236356356897957,0.68566604133528164,1,3400.8233305383269,58.316578522220652,4.7888793695110374,0.67031197003556009,1
3,2015-01-09,2566,256303.99695993593,506.26474986901462,41.109602100610196,0.53352316321284599,1,5193.5917398993952,72.066578522220652,5.8519349185725256,0.049046445017483203,0
3,2015-01-13,2567,247091.73708606386,497.08322953612492,40.249654213451407,0.64787886149368956,1,5710.3077895549395,75.566578522220652,6.1187512973458018,0.21485961324486538,0
3,2015-01-14,2568,242571.54559466214,492.51552827770024,39.119581277021467,0.70616461896456106,1,9913.5035586215308,99.566578522220652,7.9083859032740786,0.091111198522025691,0
3,2015-01-15,2569,251014.24680691422,501.01322019175723,39.218255983699194,0.89470147523392529,1,13939.716963943694,118.06657852222065,9.24200223265915,0.25689203094576668,1
3,2015-01-16,2570,223246.31166880784,472.48948313037386,36.662617507691472,0.41738328545793896,1,16722.777480693661,129.31657852222065,10.034264094837685,0.49240090537141451,1
3,2015-01-20,2571,219636.38960053909,468.6538057036762,36.231449996418725,0.82835534533503496,1,17973.847476654755,134.06657852222065,10.364636917063832,0.30517125816147805,1
3,2015-01-21,2572,217532.50997487255,466.4038057036762,35.994891429957647,0.16746878139114693,0,18582.20958000475,136.31657852222065,10.520283891354094,0.0038937642329293612,0
3,2015-01-22,2573,218466.31758627988,467.4038057036762,36.099927067285279,0.043760276930127386,0,18310.576422960308,135.31657852222065,10.451174243847898,0.85979892025203963,1
3,2015-01-23,2574,224347.92765757584,473.6538057036762,36.760093574208476,0.21243847892304948,0,16658.18169143255,129.06657852222065,10.016808577587943,0.95737052579395598,1
3,2015-01-27,2575,224821.83146327952,474.1538057036762,36.813183672645664,0.16418168180314416,0,16529.365112910327,128.56657852222065,9.9818772144581249,0.45820328736144483,1
3,2015-01-28,2576,243447.31548287105,493.4038057036762,38.888969907678913,0.0059475895049562024,0,11950.114339804833,109.31657852222065,8.6160850066774906,0.19564976387280747,0
3,2015-01-29,2577,269774.05717494042,519.39778318254344,41.213868929382535,0.01837765474239365,0,10163.982504927082,100.81657852222065,7.9997285080119536,0.33702654793600928,1
3,2015-01-30,2578,284098.52696922101,533.00893704441864,41.886753402311875,0.25682965627531112,1,12784.051178721489,113.06657852222065,8.8853892748306986,0.29155400929753739,1
3,2015-02-02,2579,265634.87490948004,515.39778318254344,40.767077965793433,0.0079412061545415021,0,10986.515133104847,104.81657852222065,8.2908110359676215,0.0037763532149081161,0
3,2015-03-03,2592,319843.4186951645,565.54700838671624,47.148562599976344,0.030385507400515481,0,1605.3307144772732,40.066578522220652,3.3402733240700839,0.25373241164947702,1
3,2015-03-04,2593,282207.52872122516,531.2320855532214,44.195680994444373,0.84962752808266473,1,1811.9136070883765,42.566578522220652,3.5413126890366597,0.76648298008317151,1
3,2015-03-05,2594,351851.95646335947,593.17110218162134,50.763466168730965,0.012328333286501172,0,82.202846099592833,9.0665785222206523,0.77591600532483118,0.31119773168964399,1
3,2015-03-09,2595,331505.04719172895,575.76474986901462,49.549462122978881,0.035259940857184431,0,6.5873253107243475,2.5665785222206523,0.22087594855599418,0.019123817766842053,0
3,2015-03-10,2596,352518.36011312739,593.73256615510604,51.62891879609618,0.0093149601133156526,0,88.989440777428698,9.4334214777793477,0.8202975198068998,0.029264392213725066,0
3,2015-03-11,2597,345623.2530458353,587.8973150524123,51.02168062941309,0.94513408387729914,1,51.601544127421626,7.1834214777793477,0.62342560015442372,0.38114177373811253,1
3,2015-03-12,2598,346516.01095904718,588.6561058538739,51.098620299815444,0.0026987515841351627,0,55.2557548663113,7.4334214777793477,0.64526228105723504,0.12736766083080017,0
3,2015-03-13,2599,294218.64798941492,542.41925481071826,47.1361507547876,0.013442572673522503,0,75.401808560759676,8.6834214777793477,0.75458800589001496,0.25120314395236093,1
3,2015-03-16,2600,346602.3205896538,588.72941203039431,51.160496374572602,0.0030130532927575646,0,75.401808560759676,8.6834214777793477,0.75458800589001496,0.0060594856181685744,0
3,2015-03-17,2601,350735.67647386657,592.22941203039431,51.621652824614891,0.00020318018210300817,0,148.4357589052151,12.183421477779348,1.0619674419506948,0.080886845999545348,0
3,2015-03-18,2602,277907.42321768799,527.16925481071826,45.211771424589905,0.9538082334907737,1,43.119953488489564,6.5665785222206523,0.56317139984739728,0.93993100950980701,1
3,2015-03-19,2603,311346.23471518629,557.98408105893691,47.162884038452958,0.85558187711099665,1,560.10693894843155,23.666578522220561,2.0003869936793648,0.51509105277663425,1
3,2015-03-20,2604,308807.01509679295,555.70407151360064,46.845443330967392,0.38339587103163403,1,719.12888363842603,26.816578522220652,2.2606177890175472,0.19051917482612526,0
3,2015-03-23,2605,297522.77442357631,545.45648261211113,45.778974621243066,0.060743971427244185,0,1028.2654581217428,32.066578522220652,2.6912780967033703,0.029714250611272565,0
3,2015-03-24,2606,293942.6160005313,542.16474986901471,45.346666934511106,0.028286715974424052,0,1308.0214020039457,36.166578522220561,3.0249731115942255,0.26724314640672509,1
3,2015-03-25,2607,300704.75260328117,548.36552827770015,45.577486454531865,0.042188672338651027,0,1911.1392376894919,43.716578522220743,3.6335102457898629,0.09089993726110715,0
3,2015-03-26,2608,339612.97080826655,582.76322019175723,48.736209089839619,0.29594373382801414,1,1318.8938755606184,36.316578522220652,3.0371380741978387,0.55647117567192428,1
3,2015-03-27,2609,331973.13898918434,576.17110218162134,48.60152696597396,0.15925334893258911,0,679.46651585509505,26.066578522220652,2.1987835109422735,0.023829640697672287,0
3,2015-03-30,2610,318677.78166665096,564.51552827770024,47.558174244119648,0.11725947542912099,0,759.91625142175701,27.566578522220652,2.3223739277355224,0.80769212756026321,1
3,2015-03-31,2611,302761.88042621041,550.23802161083927,45.436665698665507,0.075837331805140129,0,2659.1120204883482,51.566578522220652,4.2581815460132661,0.44361458194953984,1
3,2015-04-07,2612,326341.6667438561,571.26322019175723,47.31938042590658,0.16173655532684056,0,2286.4251815716934,47.816578522220652,3.9607851333378052,0.21609977000492525,0
3,2015-04-08,2613,115881.10764895263,340.41314259139972,28.491223852644769,0.57891930678246906,1,1250.794876368396,35.366578522220607,2.9600417243237871,0.21110487831565786,0
3,2015-04-09,2614,107997.87296863331,328.63029831199879,27.219140954321347,0.29553481108071133,1,2295.998497276129,47.916578522220561,3.9687396796472081,0.054340206764319235,0
3,2015-04-10,2615,146060.88750401049,382.17913012618897,31.877481868895565,0.88624287795559875,1,1557.6108202506157,39.466578522220743,3.2918991177096291,0.87656207212436899,1
3,2015-04-13,2616,116816.51189436579,341.78430609723114,28.651547162145285,0.42403041589684748,1,1120.0118779839668,33.466578522220743,2.8054806372890218,0.18088683255045984,0
3,2015-04-15,2617,108966.96435189006,330.10144554650174,27.409095823182778,0.70075342020118248,1,2017.4990261428054,44.916578522220561,3.7295286687607891,0.73307595613479781,1
3,2015-04-16,2618,142679.29574588753,377.72913012618915,31.389797658718511,0.38940148153638154,1,1928.6658690983643,43.916578522220561,3.6495266150513621,0.35390081916545851,1
3,2015-04-17,2619,143438.79913886279,378.73315030356503,31.653418328755954,0.14859675231075339,0,1373.9312433439493,37.066578522220652,3.097917135162612,0.23150232686290184,0
3,2015-04-20,2620,115181.70722509918,339.38430609723127,28.393232334747033,0.013442348421225644,0,1286.4114548906166,35.866578522220607,3.000634026789978,0.0021059301564955043,0
3,2015-04-21,2621,145387.98402928436,381.29776294817725,32.062035984711137,0.47649563630821679,1,889.02835477174995,29.816578522220652,2.5071749861022203,0.30613782052072847,1
3,2015-04-22,2622,123290.36990511524,351.12728447831455,29.612252538757289,0.002637539465985844,0,692.56230511620538,26.316578522220652,2.2194036282707699,0.0028197136610985263,0
3,2015-04-23,2623,123518.11857672561,351.45144554650165,29.708490747802337,9.4832256973031141e-05,0,555.38362324399179,23.566578522220652,1.9921030027236393,0.00085040861516000679,0
3,2015-04-24,2624,111857.76942814456,334.45144554650165,27.870953795541801,0.81326408782734005,1,1645.6472929994939,40.566578522220652,3.3805482101850548,0.45670119052974201,1
3,2015-04-27,2625,143021.35050521517,378.18163692227995,31.28053241706203,0.32650156875535286,1,2456.8457063994656,49.566578522220652,4.0997997123424854,0.8256053079818807,1
3,2015-04-28,2626,177212.05952544909,420.96562748691144,35.667496503868797,0.048036362541508636,0,433.32994137177815,20.816578522220652,1.7637431495209195,0.0056411522367631481,0
3,2015-04-30,2627,120722.5070123536,347.45144554650165,29.271393896082699,0.0041410625944427407,0,759.91625142175701,27.566578522220652,2.3223739277355224,0.089353452102044442,0
3,2015-05-07,2628,143072.56766109122,378.24934588322981,31.89286221612393,0.04402229631963446,0,705.78309437731571,26.566578522220652,2.2400150524637987,0.11060517035641512,0
3,2015-06-02,2645,5009.1072723271909,70.775046960967757,5.9474829378964502,0.29442623825486114,1,934.31572255508092,30.566578522220652,2.5686200438840885,0.40360159422865766,1
3,2015-06-03,2646,23025.158444337256,151.74043114587903,12.90309788655434,0.10232708726254364,0,274.4515239329026,16.566578522220652,1.408722663454137,0.0066943612489225165,0
3,2015-06-04,2647,26614.800274463327,163.14043114587912,14.008280194562866,0.00085331196785522841,0,26.693533626270799,5.1665785222205614,0.44363545614121258,0.0045608151301591389,0
3,2015-06-05,2648,3574.8670721926105,59.790192107005396,5.0980723147173768,0.7442447904178775,1,178.66542139068923,13.366578522220607,1.1397150854553724,0.66453221660711537,1
3,2015-06-08,2649,3104.9599089450116,55.722167123551571,4.7326454156235407,0.32383421612803381,1,322.79794379512373,17.966578522220743,1.5259536709886821,0.17117960049543035,0
3,2015-06-09,2650,2591.1226581296628,50.903071205278593,4.2829677076380808,0.0077975959365790591,0,844.86598698841897,29.066578522220652,2.4456523788153683,0.027297745627411683,0
3,2015-06-10,2651,6889.6407584670906,83.003859901013584,7.0431786084865156,0.54290963093130695,1,363.53441654400586,19.066578522220652,1.6178683514824481,0.46598482544781816,1
3,2015-06-11,2652,2721.7877764598747,52.170755950626926,4.4107842366103256,0.16214700684410363,0,545.99699183510131,23.366578522220607,1.9755308185847655,0.4933634452721134,1
3,2015-06-12,2653,6416.6283710411972,80.103859901013493,6.7804181395813012,0.60538191013491172,1,482.53057197288967,21.966578522220743,1.8593684207060048,0.87872911912095175,1
3,2015-06-15,2654,5112.9334485369409,71.504779200672601,6.0713036892950631,0.45120239478245677,1,335.49704876067489,18.316578522220652,1.5552178749497476,0.38588693280332192,1
3,2015-06-16,2655,5077.243558936605,71.254779200672601,6.0487928014153312,0.49868360759100033,1,344.71783802178521,18.566578522220652,1.5761102310883406,0.22309660089284045,0
3,2015-06-17,2656,3558.5830010897671,59.653859901013675,4.963502924742162,0.69582059999034163,1,1799.1661335317026,42.416578522220561,3.5292739129026556,0.012513998176233585,0
3,2015-06-18,2657,34682.874777124045,186.23338792258505,15.475601456089832,0.67284413982985825,1,1933.0600269506024,43.966578522220743,3.6535298755377048,0.696221682712312,1
3,2015-06-19,2658,21892.413737990413,147.96085204536507,12.560343976686339,0.037313247831309904,0,344.71783802178521,18.566578522220652,1.5761102310883406,0.69638529546799532,1
3,2015-06-23,2659,5397.8168975199005,73.469836650967864,6.2594110032773473,0.11531520324265107,0,204.96442058290967,14.316578522220652,1.2197297995502154,0.041866146899635699,0
3,2015-06-24,2660,3817.8534493197872,61.788780934080478,5.2691579699041036,0.37503702304419212,1,174.67794783402664,13.216578522220743,1.1270693320445779,0.30290063217700264,1
3,2015-06-25,2661,3748.2938149252359,61.223311041834677,5.230526359832095,0.39086415664244983,1,122.46916018847544,11.066578522220652,0.94545737054426759,0.26344209422504183,1
3,2015-06-26,2662,2016.4244303226353,44.904614799846968,3.8184196258373273,0.018668441917130039,0,274.4515239329026,16.566578522220652,1.408722663454137,0.18118305965067291,0
3,2015-06-29,2663,4224.6810148582654,64.997546221824905,5.5506017268851329,0.41341424199744753,1,133.78573871069608,11.566578522220652,0.98775222222208825,0.58677303173613427,1
3,2015-06-30,2664,4551.603298054516,67.465571205278593,5.7761619182601542,0.80281938436184752,1,73.38626757737218,8.5665785222206523,0.73343994197094631,0.3655486035032488,1
3,2015-07-01,2665,5311.6583174869129,72.881124562446985,6.2545483426257871,0.76598706716513976,1,33.832585705158586,5.8165785222206523,0.49917000834332992,0.69539042342925927,1
3,2015-07-02,2666,6277.7289606788945,79.232120763481362,6.7952076126484879,0.80223197561933923,1,43.119953488489564,6.5665785222206523,0.56317139984739728,0.51999887299688041,1
3,2015-07-06,2667,8185.0830786856441,90.471448969747598,7.8245577487349269,0.19581607545237992,0,10.134172305186846,3.1834214777793477,0.2753229386187544,0.0059167029859768594,0
3,2015-07-07,2668,6739.3789392466251,82.093720461717567,7.0862080674766998,0.61681444436094135,1,0.87127565517978134,0.9334214777793477,0.080571556131147831,0.55157080484979071,1
3,2015-07-08,2669,7066.9095291227604,84.064912592131805,7.2205207294079283,0.24476175741319298,0,23.199428660717281,4.8165785222206523,0.41370655118923361,0.80714962008510183,1
3,2015-07-09,2670,24329.852982654589,155.98029677704358,13.454696521784143,0.91210030887317317,1,0.017801290732837104,0.13342147777939317,0.011508796496109133,0.81408462442420459,1
3,2015-07-10,2671,25665.12520920072,160.20338700914135,13.882442548452456,0.026417348663028098,0,29.522068955193909,5.4334214777793477,0.47083375024084473,0.026513214722391269,0
3,2015-07-13,2672,9697.3056261778329,98.47489845731161,8.508285679740073,0.59781956450987228,1,4.1348029062939764,2.0334214777792567,0.17568874008806434,0.79426755404143645,1
3,2015-07-14,2673,7819.5842233572475,88.428412986761487,7.7068514020186054,0.43696441198075608,1,144.80323246187911,12.033421477779257,1.0487555758915161,0.80224410087372522,1
3,2015-07-15,2674,7262.9863440647023,85.223156149398164,7.4469727498600271,0.78933066036035027,1,226.00376132855465,15.033421477779257,1.3136509505224796,0.96525120522394126,1
3,2015-07-16,2675,9152.352197268463,95.667926690550075,8.4452618900556224,0.1533006250524625,0,709.33913961304063,26.633421477779393,2.3511141841260059,0.058675058422787425,0
3,2015-07-17,2676,14276.441051963251,119.48406191607,10.807169131337737,0.57383397429409577,1,2898.0372680042447,53.833421477779439,4.8691589614489361,0.7897371512418544,1
3,2015-07-21,2677,12809.381762297156,113.17853931862328,10.396705798146545,0.8683853622839377,1,5017.3735982487451,70.833421477779439,6.5068364392595486,0.89818622061458031,1
3,2015-07-22,2678,2109.2134898026534,45.926174343207094,4.1849985732829502,0.34019786440483979,1,3848.1453802398046,62.033421477779257,5.6527630287752189,0.24561742111414858,0
3,2015-07-23,2679,3957.2697453747146,62.906833852727914,5.820395434190222,0.056556798362698744,0,6183.2149733020979,78.633421477779393,7.2754831123037933,0.014970119961405954,0
3,2015-07-24,2680,188.40415348682885,13.726039249791938,1.2478217499810853,0.14559404668115863,0,3532.3315885553634,59.433421477779348,5.4030383161617586,0.14014758231368912,0
3,2015-07-27,2681,1478.8124203293755,38.455330193997497,3.5080578538585567,0.077087801092936933,0,3998.4655917864807,63.233421477779302,5.7684201311603083,0.012032189470666768,0
3,2015-07-28,2682,911.8337149007391,30.196584490646273,2.7696936015268308,0.051032986651224743,0,4786.3458073720603,69.183421477779348,6.3456474641393577,0.0098589017377237794,0
3,2015-07-29,2683,412.43070520698183,20.308390020062689,1.867438162764385,0.057461810066046497,0,5174.4171254998473,71.933421477779348,6.6145674922095958,0.086082743723675595,0
3,2015-07-30,2684,87.695470386122679,9.3645859698185632,0.8525660933920759,0.37558708505775273,1,3725.0785372842461,61.033421477779257,5.5565751527475653,0.74477830516947829,1
3,2015-07-31,2685,2535.2995172861642,50.351757837102014,4.6113891232807038,0.16418233714247224,0,4560.7630164953762,67.533421477779257,6.1849456431705514,0.14413376821841792,0
3,2015-08-03,2686,1936.4690854827438,44.005330193997452,4.034780194746018,0.29346702183233658,1,4731.1590701898249,68.783421477779257,6.3066447969357036,0.2930612169617266,1
3,2015-08-04,2687,2455.7307506361335,49.555330193997634,4.5668906270387648,0.48564400938614516,1,5525.4575485932019,74.333421477779439,6.8503752168260474,0.012244301845901483,0
3,2015-08-05,2688,2012.5565279466796,44.861526143753508,4.1166805362471681,0.034647559775791432,0,4855.7792288498404,69.683421477779348,6.3944410624252672,0.2747839743692892,1
3,2015-08-06,2689,1690.1575818685283,41.111526143753508,3.7596274479884326,0.032391766896723309,0,4347.2160677664951,65.933421477779348,6.0295767240767582,0.79336149479072093,1
3,2015-08-07,2690,1414.6268988622537,37.611526143753508,3.4285803230404288,0.22208467434053172,0,3897.9321174220395,62.433421477779348,5.6912872814748727,0.27967352468848172,1
3,2015-08-10,2691,694.93006062779966,26.361526143753508,2.3786624086400638,0.109548707359946,0,2619.7426341720043,51.183421477779348,4.6184003138081975,0.39762979240500756,1
3,2015-08-11,2692,754.0635985743852,27.46021847280872,2.4539962889015836,0.019523028696592386,0,1634.8615723997482,40.433421477779348,3.6133531258069125,0.00086158786773971551,0
3,2015-08-12,2693,4544.2078513763945,67.41073988153812,6.0363322034061442,0.0084393059760314373,0,1821.8744690497554,42.683421477779348,3.8221107210906067,0.22641365699369287,0
3,2015-08-13,2694,5996.8810141145459,77.439531339713994,6.9250642825588198,0.70712447485548258,1,1696.0742046164173,41.183421477779348,3.682845649700814,0.87618998790373148,1
3,2015-08-14,2695,7050.6327426493035,83.968045961837788,7.5051882339862166,0.4658917444782994,1,1651.0749409908638,40.633421477779393,3.63187535553981,0.93934433341703072,1
3,2015-08-17,2696,5796.7214314686153,76.136203159000615,6.7607515125871878,0.037937518811606383,0,1107.7861452674974,33.283421477779257,2.9555051705171831,0.036242193435322444,0
3,2015-08-19,2697,5163.2369722498015,71.855667641806804,6.2608406065876796,0.029991231454951459,0,137.67317957521263,11.733421477779302,1.0223422042153265,0.74849069171086102,1
3,2015-08-20,2698,4789.8716560765142,69.208898676951321,5.9843405686944502,0.097080594755004593,0,8.6049615662971721,2.9334214777793477,0.2536464745161563,0.039699063352452893,0
3,2015-08-21,2699,19878.25937268067,140.99028112845463,12.086607897852947,0.10503526795296866,0,49.936532010710216,7.0665785222206523,0.60579327237210912,0.018692401147948207,0
3,2015-08-24,2700,57115.172425178083,238.98780810990775,21.009917196475406,0.67271120007657559,1,481.07497772191238,21.933421477779348,1.928212877167415,0.59381911522827913,1
3,2015-08-25,2701,15999.214858462321,126.48800282422962,11.28601408201915,0.14576889848201557,0,1496.4070972275206,38.683421477779348,3.4515656014079279,0.38076420976261627,1
3,2015-08-26,2702,13779.919560678021,117.38790210527668,10.490429142562705,0.49428595999305869,1,1634.8615723997482,40.433421477779348,3.6133531258069125,0.42671335014230216,1
3,2015-08-27,2703,10840.172266297264,104.11614796129015,9.1732288952678545,0.030951436865452049,0,596.99208511080917,24.433421477779348,2.1527243592757133,0.11535055608577838,0
3,2015-08-28,2704,25758.25893058208,160.4937971716729,14.050056655140761,0.011753310861047112,0,293.55413153523222,17.133421477779393,1.4999055832775448,0.00059152188284119264,0
3,2015-09-01,2705,53953.719467663526,232.2793995765951,20.415680033099985,0.32789228600829395,1,470.1707669830227,21.683421477779348,1.9058159945312545,0.45278886706187493,1
3,2015-10-09,2720,5035.9556734901898,70.964467682708573,6.0903250671737537,0.10186625782369721,0,33.253427852937044,5.7665785222206978,0.49490031944908147,0.43675481747170991,1
3,2015-10-13,2721,4438.8768927376996,66.624896943542808,5.6755172453822986,0.46227886187328726,1,209.2818941395785,14.466578522220743,1.2323518632098767,0.40315116435905829,1
3,2015-10-14,2722,3166.8640260063739,56.274896943542899,4.7519440104321635,0.087056957725014511,0,615.86256954954342,24.816578522220652,2.0955523345763694,0.35983480714233818,1
3,2015-10-15,2723,17402.579895618241,131.91883828937489,11.17151528893381,0.84188956275545135,1,458.66983559843902,21.416578522220561,1.8136578331050146,0.81377403689784145,1
3,2015-10-16,2724,43403.763503496288,208.33569906162575,17.724663864354749,0.11660176789468236,0,254.93162970624073,15.966578522220743,1.3583953141246166,0.065812666772598935,0
3,2015-10-19,2725,20576.921489701024,143.44658061348491,12.179713913265541,0.4839600325301105,1,335.49704876067489,18.316578522220652,1.5552178749497476,0.029925715325165698,0
3,2015-10-20,2726,46931.026107919351,216.63569906162593,18.56187979278776,0.49084419787653338,1,58.776426237373606,7.6665785222205614,0.65689131370238729,0.44584930576843307,1
3,2015-10-21,2727,37892.98645470896,194.66120942475663,16.76307508501672,0.52335851724142723,1,3.299957527393369,1.8165785222206523,0.15643302667131559,0.6131934792512409,1
3,2015-10-23,2728,47234.806086605553,217.33569906162575,18.633033184295758,0.093726813988045096,0,48.533216306267356,6.9665785222207433,0.59727182117804722,0.079485388499342183,0
3,2015-10-26,2729,53132.622915287226,230.50514726419283,19.773968196293456,0.63706865901917198,1,39.270006375157742,6.2665785222206978,0.53758072593469131,0.33871836308489717,1
3,2015-10-27,2730,46917.789821342718,216.60514726419296,18.362593020023141,0.066553998536646841,0,406.69088929288762,20.166578522220561,1.7096116075127639,0.15619326753147214,0
3,2015-10-28,2731,63537.574421900317,252.0666071138744,21.945551725045657,0.32159078775185945,1,117.36302091521284,10.833421477779439,0.9431848753072819,0.0073895765307773927,0
3,2015-10-29,2732,57833.378793885233,240.48571432391827,21.051841758123018,0.0021077983623191783,0,291.8432893874558,17.083421477779439,1.4954629910079609,0.069504663723596358,0
3,2015-10-30,2733,62367.919385798945,249.73569906162584,22.022548418132789,0.08119010999707113,0,646.85892806636787,25.433421477779348,2.2428061267883024,0.055411964599967119,0
3,2015-11-02,2734,72380.207369577678,269.03569906162579,24.135256038541829,0.23780603647424331,0,2001.0789971086465,44.733421477779302,4.0130457950820224,0.022950837646222362,0
3,2015-11-04,2735,72860.019348677044,269.92595160279984,24.398983241688498,0.054978499374198485,0,2823.1604779353484,53.133421477779393,4.8028040746433511,0.07676536404148257,0
3,2015-11-05,2736,47781.711003816788,218.59028112845454,20.074412813706907,0.79647318984806859,1,4974.9635453620522,70.533421477779257,6.4774930184387225,0.015647468643875482,0
3,2015-11-06,2737,21832.6776233214,147.75884956009031,13.560834210727821,0.54002932532723424,1,4876.7067552931867,69.833421477779439,6.409087874245543,0.27925113969731791,1
3,2015-11-09,2738,24047.365107909103,155.07212872695436,14.264752895497596,0.00041173280166517028,0,5232.1238626820841,72.333421477779439,6.653796474821033,0.00079629545799152017,0
3,2015-11-10,2739,19892.791347348368,141.04180709048069,13.041313646831318,0.87095495631056008,1,6073.6181832331995,77.933421477779348,7.2060491426518114,0.042240670514805602,0
3,2015-11-13,2740,18131.209199793015,134.6521785928212,12.413199224966231,0.019593021856583365,0,5577.6134436276334,74.683421477779348,6.8848510235334723,0.7151144740420643,1
3,2015-11-16,2741,19735.813382912824,140.48421043986696,13.017439810958761,0.86913978062693997,1,6437.4019220309774,80.233421477779302,7.4345275646570883,0.033241924122069368,0
3,2015-11-17,2742,22847.512044087773,151.15393492756903,14.156303903307798,0.85521420027949968,1,8405.8497738721308,91.683421477779348,8.5865999979189276,0.0083542699530696728,0
3,2015-11-18,2743,15633.929598874507,125.03571329374063,11.549576324934476,0.80764669326045191,1,5903.3746559820984,76.833421477779439,7.0971200330481654,0.65672414450142369,1
3,2015-11-19,2744,19739.305696479612,140.4966394490616,12.987902884128644,0.0071538289668911272,0,6034.7139724943099,77.683421477779348,7.1812730739800639,0.048913293539960156,0
3,2015-11-20,2745,20307.3714698408,142.50393492756893,13.238938584872622,0.0051232968029776447,0,6894.5490823065338,83.033421477779257,7.7139930767167648,0.06689107999175109,0
3,2015-11-24,2746,24650.235582740301,157.00393492756893,14.785190218247379,0.85853641749915033,1,9512.7683051621316,97.533421477779257,9.184802851283477,0.11555061787020104,0
3,2015-11-30,2747,24616.142381980324,156.89532300862356,14.72642416074935,0.0076580429760872435,0,8842.284354817677,94.033421477779257,8.8261142742424674,0.74729605232865104,1
3,2015-12-01,2748,23443.629308967473,153.11312585460291,14.507591989255534,0.93059167386318031,1,10822.952784373263,104.03342147777926,9.8572504716485927,0.0013441077287708694,0
3,2015-12-02,2749,21741.732682230097,147.45078054127111,13.970418356271837,0.052430653878040759,0,10812.551942225495,103.9834214777793,9.8520461867240794,0.99245138713866643,1
3,2015-12-03,2750,15263.95392288503,123.54737521649349,11.447521446976465,0.77323145693518058,1,6429.3810798832064,80.183421477779348,7.4295502874940329,0.87333004429670824,1
3,2015-12-04,2751,20702.666013903945,143.88421043986705,13.374624506401473,0.28191653898385277,1,6994.5491880798918,83.633421477779393,7.7740678079363636,0.15033293992771277,0
3,2015-12-07,2752,23236.735650091461,152.43600509752105,14.218450246947212,0.002046026682770903,0,7627.1265070154668,87.333421477779439,8.1460145021713881,0.0053791976441784767,0
3,2015-12-08,2753,21773.401186616116,147.55812816180651,13.650150616263321,0.1321899622934386,0,6151.8016047109786,78.433421477779348,7.2556356593690419,0.049269015090013295,0
3,2015-12-09,2754,26966.927733338194,164.21610071286614,15.332969254235868,0.13177519118800671,0,7820.4700342665656,88.433421477779348,8.257088840128791,0.066788670222248353,0
3,2015-12-10,2755,25105.513549012121,158.44719482847313,14.773631219438055,0.10127225793698982,0,7557.4197698332273,86.933421477779348,8.1056803242684694,0.15154429715800918,0
3,2015-12-11,2756,27632.289640862477,166.2296292508122,15.560929487555553,0.027096488451549983,0,8314.4163523943516,91.183421477779348,8.5357754718258221,0.0054583852602376999,0
3,2015-12-14,2757,29006.884447505861,170.3140758936438,16.044660941464326,0.0032990738835194915,0,9590.9550423443725,97.933421477779348,9.2259464416184027,0.0011013666990140709,0
3,2015-12-15,2758,24679.169211577046,157.09605091019012,14.610188412944908,0.1547787679507468,0,7086.8484517054412,84.183421477779348,7.829195208349625,0.957155270702574,1
3,2015-12-16,2759,33149.952318578944,182.07128361874902,17.350036556008099,0.0031938548764721599,0,12107.353842106613,110.03342147777926,10.485365111280661,0.0054127697583074034,0
3,2015-12-17,2760,26241.473200141387,161.99220104727692,15.246324804449593,0.6837105300472428,1,9396.0881993888142,96.933421477779348,9.12314555084982,0.65079466398414876,1
3,2015-12-18,2761,19643.125475681252,140.15393492756903,12.992253527468739,0.92950604836649664,1,6509.8145013609856,80.683421477779348,7.4793438218103674,0.84066248853163517,1
3,2015-12-21,2762,19938.365752278172,141.20327812157257,13.136410654160624,0.0036785633316440292,0,7145.8993467398714,84.533421477779257,7.8643056542728864,0.011377403470476657,0
3,2015-12-22,2763,26040.483636716395,161.37064056610916,15.079958935249898,0.18381880663160619,0,7980.4601929265846,89.333421477779439,8.3481376953349624,0.89589641474473214,1
3,2015-12-29,2764,29334.26694307935,171.27249324710419,16.157782381802281,0.02289829654485772,0,9887.0053067777117,99.433421477779348,9.3805114601678632,0.018826252008704813,0
3,2015-12-30,2765,19947.640790723181,141.23611716102641,13.050230275909117,0.80113094014919906,1,5957.2805510165299,77.183421477779348,7.1317552763020871,0.77610169658860195,1
3,2016-01-04,2766,26996.256143504106,164.30537466408123,15.255837944668638,0.18705776208120453,0,6795.2689765332134,82.433421477779348,7.6539852811308577,0.11616917501352782,0
3,2016-01-05,2767,22392.57158364074,149.64147681589066,13.710965440341822,0.038366058189897231,0,4628.5464379731557,68.033421477779257,6.2335918524628235,0.076902060492880453,0
3,2016-01-06,2768,67409.114907601892,259.63265377760536,23.467497064907615,0.15256660501893562,0,2817.8496357875756,53.083421477779439,4.7980676528927955,0.10198174474359324,0
3,2016-01-07,2769,79269.745091612698,281.54883251687033,25.552373963504138,0.54500768488175433,1,3315.8504290875903,57.583421477779439,5.2260672031383075,0.7079871495823632,1
3,2016-01-08,2770,88803.304181417625,297.99883251687015,27.455208450052528,0.5600775591286159,1,5480.9474957065067,74.033421477779257,6.8208422220176201,0.18871588230360739,0
3,2016-01-12,2771,84420.667253783089,290.55234856008838,26.701497822918562,0.057019155942337044,0,5081.3261775787214,71.283421477779257,6.5508819076211227,0.067333441206160444,0
3,2016-01-13,2772,95117.733521142727,308.41163000305733,28.336239434312503,0.3966367880743446,1,5045.7469668398317,71.033421477779257,6.5264077065214305,0.67040990691949953,1
3,2016-01-14,2773,96485.788244594776,310.62161586823731,28.399690593667408,0.25867152530894677,1,4314.3118570276056,65.683421477779348,6.0053413922541123,0.75631525403851319,1
3,2016-01-15,2774,96035.532378078438,309.89600252032687,28.528976066313177,0.28235823899445328,1,5355.8131791942951,73.183421477779348,6.7372539910498821,0.7397294891987416,1
3,2016-01-19,2775,87304.241896087493,295.47291228822905,26.81850803614514,0.69644262386212774,1,3327.3771133831356,57.683421477779348,5.2356180147746167,0.12173293849089971,0
3,2016-01-20,2776,90683.901205003276,301.13767815569554,27.463536539507118,0.00079691456715795387,0,3960.6155388998191,62.933421477779348,5.7394821229164927,0.01438682558468948,0
3,2016-01-21,2777,90644.413746299659,301.07210722067839,27.463818218533948,0.13072627282507643,0,3992.1447496387086,63.183421477779348,5.7635960299000546,0.70821671591370705,1
3,2016-01-22,2778,87123.921532660228,295.16761599582742,26.673379359825361,0.17603991122454404,0,2791.3704250486858,52.833421477779439,4.7743919643755142,0.018669335958199994,0
3,2016-01-25,2779,77823.23785379497,278.96816638067321,24.991549059858741,0.79533509601024843,1,1864.8078905275347,43.183421477779348,3.8686155859152831,0.76553216121902079,1
3,2016-01-27,2780,90344.68784238791,300.57393074314996,26.981501862042183,0.069818777537556526,0,2064.1957871775417,45.433421477779348,4.078404082385938,0.10716749403471966,0
3,2016-01-28,2781,91672.0531376578,302.77393074315,27.232769449824612,0.028314153005526199,0,2268.942841679775,47.633421477779393,4.2843516349864537,0.009204494939128758,0
3,2016-01-29,2782,81238.845048700532,285.0242885241546,25.301756637741196,0.7901312501096095,1,1084.610250233058,32.933421477779348,2.9235172195099288,0.76592778892760294,1
3,2016-02-01,2783,80410.89465164271,283.56814816132419,25.127881981508565,0.044982039468452549,0,956.87656432194069,30.933421477779348,2.7411095682569204,0.19667835894420502,0
3,2016-02-02,2784,79848.026335634509,282.57393074314996,24.962361373069783,0.7921428631295816,1,752.59261397748526,27.433421477779348,2.4234471270123099,0.20386213554596139,0
3,2016-02-03,2785,65998.792593937964,256.90230165169396,22.216655999627619,0.063447541846918296,0,9.5074880096315368,3.0834214777794386,0.26665122824226567,0.24413592712774451,0
3,2016-02-04,2786,66660.981578470673,258.18788038649427,22.444289162993375,0.22199910477045151,0,82.508545742984808,9.0834214777794386,0.78962241733206762,0.5472670779966532,1
3,2016-02-05,2787,38707.367290979862,196.74187986033849,16.266381137688178,0.77191464845617452,1,2506.6622849216865,50.066578522220652,4.1394442763307691,0.051797644753722352,0
3,2016-02-16,2788,68605.635706704474,261.92677546731352,21.646840947711862,0.0022652633785913072,0,2556.9788634439069,50.566578522220652,4.1790560762165825,0.043007955056191739,0
3,2016-02-17,2789,105445.62661779595,324.72392369179693,26.834470183604409,0.079293677952310085,0,2567.1021791483417,50.666578522220561,4.1869745080754122,0.12631169185042804,0
3,2016-02-18,2790,103093.60776445412,321.08193310190177,26.513784731783797,0.089133800933219876,0,2659.1120204883482,51.566578522220652,4.2581815460132661,0.13658092543743869,0
3,2016-02-22,2791,98178.38737743345,313.33430609723132,25.6547513896288,0.20724754125810022,0,3833.6626958983047,61.916578522220561,5.0695196726753649,0.86043418205627509,1
3,2016-02-23,2792,109117.33420992474,330.32913012618906,26.410484119623352,0.4495282991744014,1,8338.7175130048909,91.316578522220652,7.3009457143490426,0.53569010262636396,1
3,2016-02-24,2793,209997.2052096907,458.25452011921357,37.075608423884596,0.68454717641653939,1,5862.4409465993813,76.566578522220652,6.1947070001796645,0.85809913151136374,1
3,2016-02-25,2794,174363.94607389395,417.56909137757543,34.045584294951112,0.50685968060760311,1,4497.9259546771882,67.066578522220652,5.4681270707069425,0.72184616122235989,1
3,2016-02-26,2795,169355.01752609925,411.52766313590541,33.324776349170406,0.69061945823231619,1,5695.2044738505092,75.466578522220743,6.1111489612293086,0.23342954116889209,0
3,2016-02-29,2796,133017.48893317155,364.71562748691144,29.495804891784182,0.6032151314854306,1,5939.2575251216012,77.066578522220652,6.2326387806082213,0.37868895934787744,1
3,2016-03-01,2797,165471.15737268172,406.7814614417448,32.82613471931446,0.10508443835497584,0,6362.7070491416007,79.766578522220698,6.4369414559571254,0.61184353650811396,1
3,2016-03-02,2798,155437.57268906684,394.25571991927632,31.53415076338943,0.12027580304958549,0,8247.65093448267,90.816578522220652,7.2638735070762364,0.026393260979464005,0
3,2016-03-03,2799,172282.24256831527,415.06896122007879,32.490721034839822,0.087235612722052921,0,13939.716963943694,118.06657852222065,9.24200223265915,0.33278254253430495,1
3,2016-03-04,2800,223236.79479258711,472.47941203039431,37.291192741151882,0.71750778364865608,1,11570.568814977061,107.56657852222065,8.4898641296148902,0.74425434818997804,1
3,2016-03-08,2801,184457.8534256265,429.48556835547629,34.458084752525373,0.37395013892480294,1,7563.1857798615865,86.966578522220743,6.977421254992036,0.096914805794449277,0
3,2016-03-09,2802,142028.07305647468,376.8661208658516,29.756503818859187,0.0037587289442512673,0,11463.25223645484,107.06657852222065,8.4537369539850502,0.0097023194643313208,0
3,2016-03-10,2803,184474.13280283593,429.50452011921357,33.95963788252331,0.11460001459590258,0,11091.581711627068,105.31657852222065,8.3270668924467799,0.022796896564286146,0
3,2016-03-11,2804,202837.63166812714,450.37499005620543,36.240192319952158,0.84694836401085549,1,6941.6522566493595,83.316578522220652,6.7042107038600403,0.47466682393859616,1
3,2016-03-14,2805,136421.13398213306,369.35231687662804,29.979895850375655,0.071297066043102542,0,5265.9083184216161,72.566578522220652,5.8901443605698578,0.038119214328184083,0
3,2016-03-15,2806,130770.9330939746,361.62263907832789,29.436112257088148,0.48559652624965649,1,4770.1922687660708,69.066578522220652,5.6220251137338746,0.3901120131913951,1
3,2016-03-16,2807,112126.07411764571,334.85231687662804,26.439188067637431,0.030978171932556434,0,11463.25223645484,107.06657852222065,8.4537369539850502,0.090773775930136538,0
3,2016-03-17,2808,194012.90579829537,440.46896122007888,35.178417156782913,0.27655868043940118,1,8587.0947750148698,92.666578522220561,7.4008927819040462,0.86664426574000775,1
3,2016-03-18,2809,114006.16703484181,337.64799278959413,26.957923576015496,0.95063861592602605,1,8661.388037832663,93.066578522220652,7.430465351075501,0.79215349728848339,1
3,2016-03-22,2810,143118.17647211361,378.30963042475355,31.070107623583571,0.011436773470993771,0,3383.3508569816504,58.166578522220561,4.7771500100378255,0.02434848458147653,0
3,2016-03-23,2811,95142.294259726463,308.45144554650165,25.159171741150217,0.28087181160491487,1,4431.1093761549682,66.566578522220652,5.4295741045856971,0.0032770757734062626,0
3,2016-03-29,2812,88924.102126023179,298.20144554650165,24.121451611446037,0.0088549071798197931,0,5900.7867358604908,76.816578522220652,6.2136767257610233,0.56182845994652331,1
3,2016-03-30,2813,88931.07841423848,298.21314259139967,24.107772238593345,0.38559648981496497,1,6016.5741036438221,77.566578522220652,6.270539896703367,0.66982414866858819,1
3,2016-03-31,2814,115122.97194163749,339.29776294817725,27.557178716603232,0.76445428678273641,1,5157.6209506382847,71.816578522220652,5.8328185601803577,0.43746291418101352,1
3,2016-04-05,2815,98147.056446823612,313.28430609723114,25.649607507551263,0.47953925498458838,1,3839.8568537505489,61.966578522220743,5.0734058066334322,0.72919732491762423,1
3,2016-04-06,2816,85359.603059712972,292.16365800645531,23.521750101155732,0.64295409892353239,1,6833.7632045704577,82.666578522220561,6.6553883360615549,0.18705658570366579,0
3,2016-04-07,2817,102894.49091990376,320.77171153314589,25.564591475046495,0.05999932373326243,0,9085.2501411826561,95.316578522220652,7.5964597347854674,0.068934537731309073,0
3,2016-04-11,2818,106588.62240795315,326.47913012618915,26.022567362202231,0.10597249355985833,0,9056.6776676259724,95.166578522220561,7.5854119657437087,0.0017377627455249407,0
3,2016-04-12,2819,112445.62551118663,335.32913012618906,26.917851103848207,0.43523997523692753,1,7450.5517277826839,86.316578522220652,6.9288844890403896,0.54948351193598466,1
3,2016-04-13,2820,120255.76509107639,346.7791301261891,28.095206199966711,0.34745789988534542,1,5605.0045796238237,74.866578522220607,6.0655090757693113,0.36493288707289356,1
3,2016-04-18,2821,101472.67727928812,318.54776294817725,25.443112056563677,0.23931124405864435,0,8568.5714593104422,92.566578522220652,7.3934966870783274,0.0078860541383693195,0
3,2016-04-20,2822,117415.44687744495,342.65937441932761,27.429207478033028,0.88254762483464178,1,8067.0177774382282,89.816578522220652,7.1896400658171418,0.36038861905345476,1
3,2016-04-21,2823,122401.79402076323,349.85967761484494,28.140734173725711,0.33978536005256871,1,7025.2188351715804,83.816578522220652,6.7417316325936572,0.5092812084634436,1
3,2016-04-22,2824,125464.49571601232,354.20967761484485,28.590659263446994,0.049363269733392438,0,6314.9371020282751,79.466578522220743,6.414285133765496,0.45288504190769918,1
3,2016-04-25,2825,123488.76152136922,351.4096776148449,28.300690796073518,0.67752223533863554,1,6767.7899417527042,82.266578522220698,6.625318395926608,0.16107359030777488,0
3,2016-04-26,2826,117476.1865612956,342.74799278959404,27.476991565624019,0.52642483352692582,1,7738.1189369060276,87.966578522220743,7.05199443019246,0.021768896934140268,0
3,2016-04-27,2827,111637.93794466657,334.12263907832789,26.602120945726742,0.56659469694073938,1,9325.1040874882074,96.566578522220652,7.6884218568647018,0.25081252852229818,1
3,2016-04-28,2828,127435.76381308396,356.98146144174484,27.694450073060111,0.3221880242579625,1,16787.498269954769,129.56657852222065,10.051712841134265,0.033753301608894844,0
3,2016-05-06,2829,208489.36008528183,456.60635134137351,36.088231680804071,0.14946322255139016,0,11197.148290149289,105.81657852222065,8.3632940938328897,0.1341942407182643,0
3,2016-05-09,2830,179971.90071888361,424.23095209907024,33.594468807338473,0.013377299419643345,0,10684.649555390399,103.36657852222061,8.1855066932388816,0.0064821105808783291,0
3,2016-05-10,2831,175155.12027079932,418.51537638514469,32.777176362544132,0.012008057114527911,0,13786.652911864787,117.41657852222056,9.1958004873102226,0.004745962609378364,0
3,2016-05-11,2832,211811.11169784245,460.22941203039431,35.97650279698216,0.12182315790780329,0,14356.012488771466,119.81657852222065,9.3661581803572904,0.21472725046309069,0
3,2016-05-12,2833,170487.06014878041,412.90078729493894,32.617172548774697,0.28901063495744106,1,11335.132342228195,106.46657852222074,8.4103466721084388,0.33300182037911069,1
3,2016-05-13,2834,190188.74968028552,436.10635134137351,33.918440703198407,0.040599849035704627,0,15955.878009560336,126.31657852222065,9.8243498753428469,0.003683968871318403,0
3,2016-05-16,2835,214976.98449557871,463.6561058538739,36.308230685503048,0.75963142281837481,1,13821.900385421475,117.56657852222065,9.2064666031496198,0.85511622830212508,1
3,2016-05-17,2836,217696.34773062839,466.57941203039422,36.654836360310647,0.67492918524264656,1,12874.664441539286,113.46657852222074,8.9140214095546177,0.29786173286158302,1
3,2016-05-18,2837,243275.25289184847,493.22941203039431,39.577084215076773,0.78474428568560417,1,7537.1183063049039,86.816578522220652,6.9662249566475944,0.81608213253012118,1
3,2016-05-19,2838,187342.63309498754,432.83095209907015,34.510520817977209,0.038178809089420215,0,8980.7044048082207,94.766578522220698,7.5559383289922417,0.0028683135365319972,0
3,2016-05-20,2839,200010.19173077296,447.22499005620534,35.895737222586511,0.19060249061563159,0,7476.4692013393651,86.466578522220743,6.9400897762437381,0.043441886505957442,0
3,2016-05-23,2840,207679.77161550775,455.71896122007888,36.845127640383147,0.017473277166453898,0,5993.3266300871419,77.416578522220561,6.2591727794171135,0.0023368435982505983,0
3,2016-05-24,2841,178731.19295195991,422.76612086585169,34.635926664415187,0.0153906957939468,0,3741.3503281149738,61.166578522220561,5.0111894578257061,0.0054933930623733964,0
3,2016-05-25,2842,142507.99924722215,377.50231687662813,30.845472637711168,0.43490036196253401,1,4149.4955885094078,64.416578522220561,5.2634373920186759,0.4289911758037368,1
3,2016-05-26,2843,133100.29418863179,364.82913012618906,29.99622858180383,0.0042549220334491059,0,3228.1235949716652,56.816578522220652,4.6714555825052955,0.56419038604787553,1
3,2016-05-27,2844,103927.11354761214,322.37728447831455,26.544033304101649,0.86584986380129514,1,3032.328070143893,55.066578522220652,4.5340945674944964,0.88565160821674993,1
3,2016-06-01,2845,103867.17395657378,322.28430609723114,26.582341314519226,0.9559817062547048,1,2805.4584403505755,52.966578522220743,4.3687379183619877,0.73714804556433922,1
3,2016-06-02,2846,86544.405953909445,294.18430609723123,23.714978323033552,0.97201069113243366,1,6571.7901532993665,81.066578522220652,6.5349922226699437,0.97922789668103793,1
3,2016-06-03,2847,119800.88128254644,346.12263907832789,27.823363269962048,0.30316181190881702,1,7151.5062029549117,84.566578522220652,6.7979564728473187,0.048077012640376775,0
3,2016-06-06,2848,121886.6171170164,349.12263907832789,28.132364148132787,0.41803166006807302,1,6653.1067318215873,81.566578522220652,6.5726493571491256,0.62520747861644155,1
3,2016-06-07,2849,110828.82202954593,332.90963042475346,26.358640572031149,0.13056251358037665,0,10726.036186799296,103.56657852222065,8.2000458054014764,0.17345329059935519,0
3,2016-06-08,2850,165023.58644331709,406.23095209907024,31.716970026473319,0.1584811923745961,0,14729.846382190341,121.36657852222061,9.475841546082183,0.71767783615589986,1
3,2016-06-13,2851,160699.89114250697,400.87390928134369,31.144304026830099,0.044010750352713658,0,16311.524429422578,127.71657852222074,9.9224316142035285,0.1770879374273556,0
3,2016-06-14,2852,208709.46927059809,456.84731505241234,35.599416742181276,0.12879521223851029,0,15342.929274801443,123.86657852222061,9.6521918898325101,0.68768330615981077,1
3,2016-06-15,2853,184382.05417422063,429.3973150524123,32.759665462705492,0.00412731899023858,0,22896.706935671369,151.31657852222065,11.544274539173806,0.253908018159204,1
3,2016-06-16,2854,199866.89057544456,447.06474986901458,34.637386679244948,0.90216298371833792,1,17230.914636930331,131.2665785222207,10.170185056343122,0.55630814634871795,1
3,2016-06-17,2855,218813.27484252866,467.7748121078439,36.493588087677011,0.40498184308324758,1,14973.579539234781,122.36657852222061,9.5464642317226254,0.79561924946610285,1
3,2016-06-20,2856,223375.78654899989,472.62647677526479,37.138651326046265,0.81119691285802453,1,12806.674494425912,113.16657852222056,8.8925489959312092,0.035919858466250565,0
3,2016-06-21,2857,225907.53769603214,475.29731505241239,37.577366094984576,0.5563351052759542,1,11112.655027331493,105.41657852222056,8.3343146240440014,0.36859983812084146,1
3,2016-06-22,2858,228481.43319731503,477.9973150524122,37.871672547035786,0.54384043064192367,1,10550.695503311539,102.71657852222074,8.1382227565836658,0.61793465202747033,1
3,2016-06-23,2859,180325.34218122272,424.6473150524123,32.280297609457413,0.026973706907867774,0,24356.776931632463,156.06657852222065,11.863669975083289,0.16323277420690654,0
3,2016-06-24,2860,170746.42950931235,413.21474986901467,31.196613934469418,0.33809900914436553,1,27263.484502884643,165.11657852222061,12.465862256783105,0.6309902861276685,1
3,2016-06-27,2861,179379.4274930612,423.53208555322135,32.33809922525932,0.80230000185336192,1,22580.044620774719,150.2665785222207,11.473358671621035,0.80456053941243055,1
3,2016-06-28,2862,193113.44463635326,439.44674835109799,33.253632111320321,0.075803520888732059,0,26265.575873899114,162.06657852222065,12.263834924118097,0.33721618066766429,1
3,2016-06-29,2863,182597.37292577565,427.31413845761722,32.353900318577871,0.92945479876273041,1,26023.038506115783,161.31657852222065,12.214013138157915,0.67438824800817698,1
3,2016-06-30,2864,210911.41945486548,459.2509329929178,33.999698907489751,0.9328807546168395,1,36602.033217449018,191.31657852222065,14.163729670347633,0.51136911840661159,1
3,2016-07-05,2865,170897.72714024119,413.39778318254344,30.257843233854963,0.7098796071837763,1,42773.097151637863,206.81657852222065,15.137535481955766,0.81323095859256311,1
3,2016-07-06,2866,164392.78855959437,405.45380570367615,29.885295622000157,0.9363681622836455,1,38914.103001863463,197.2665785222207,14.540176790905926,0.83367589475802839,1
3,2016-07-07,2867,166385.51470754243,407.9038057036762,30.120273635124693,0.95508555196314138,1,37953.499267104562,194.81657852222065,14.385569763501618,0.74151076287882645,1
3,2016-07-08,2868,164068.58551503153,405.05380570367629,29.847012431189768,0.0072817803464557875,0,39072.076264681185,197.66657852222056,14.565365744766087,0.058868466428101444,0
3,2016-07-11,2869,176193.25740271946,419.75380570367611,31.268906861120087,0.69092185727471966,1,33476.768856127972,182.96657852222074,13.629810676565906,0.58546472301651609,1
3,2016-07-12,2870,175899.55223872699,419.4038057036762,31.234690426637584,0.36633910165023087,1,33604.967961093491,183.31657852222065,13.652323851962066,0.73219038124254643,1
3,2016-07-13,2871,191528.31719462087,437.63948313037395,33.064330849982923,0.16755691049647126,0,26950.665503692409,164.16657852222056,12.403035548671848,0.216041720232684,0
3,2016-07-14,2872,228970.80283137941,478.50893704441864,36.059452678554536,0.028860631259943429,0,28078.558237643541,167.56657852222065,12.627473890144735,0.097140914902634753,0
3,2016-07-15,2873,225253.64312243284,474.60893704441855,35.660751149178637,0.31482095581025621,1,29400.787550116893,171.46657852222074,12.883505787228247,0.91404303155940603,1
3,2016-07-19,2874,247682.5784456582,497.67718296668795,37.82028900119218,0.016702342249757172,0,24481.79019445027,156.46657852222074,11.890461168950583,0.0049527999335619265,0
3,2016-07-20,2875,238975.23468804613,488.85093299291771,37.001925064747958,0.74074814204817707,1,26152.251768933587,161.71657852222074,12.240591796708983,0.75563228211407507,1
3,2016-07-21,2876,239366.47543444054,489.2509329929178,37.043417224525292,0.013541709053362536,0,26023.038506115783,161.31657852222065,12.214013138157915,0.032468552423857669,0
3,2016-07-22,2877,246860.84961593279,496.85093299291771,37.836571069026206,0.0371941011333633,0,23628.786512578055,153.71657852222074,11.705942087516332,0.13666892115550461,0
3,2016-07-25,2878,237169.90873597242,487.0009329929178,36.810350188429162,0.48626467843799909,1,26754.025609465774,163.56657852222065,12.363309034181455,0.097431738383317076,0
3,2016-07-26,2879,231361.8975400574,481.0009329929178,36.192696237239865,0.13690880423616872,0,28752.824551732421,169.56657852222065,12.758960009196437,0.60474201988374821,1
3,2016-07-27,2880,215072.35168856906,463.75893704441864,34.563736690472794,0.14363704136477556,0,33239.334804049045,182.31657852222065,13.587969332753541,0.082267840245259724,0
3,2016-07-28,2881,222469.4987249524,471.66672420783766,35.146551729347067,0.25279060826764782,1,33330.555593310157,182.56657852222065,13.604066953965772,0.22607923332306495,0
3,2016-07-29,2882,184898.09354190156,429.99778318254334,31.859947629573838,0.63674632834627931,1,36182.346744700168,190.21657852222074,14.093770868167358,0.64556438325545373,1
3,2016-08-01,2883,157997.88919925177,397.48948313037386,29.14679986290551,0.22500489025758452,0,41745.264259026757,204.31657852222065,14.981967261024428,0.058410476937930778,0
3,2016-08-02,2884,162613.63181449816,403.25380570367611,29.675016977237185,0.72321014021733254,1,39786.915947361253,199.46657852222074,14.678532527943243,0.17651245383633912,0
3,2016-08-03,2885,159523.40001057994,399.4038057036762,29.308663049251599,0.065400707089447133,0,41337.631101982319,203.31657852222065,14.919580152061688,0.095019310151751454,0
3,2016-08-04,2886,177876.27262553418,421.75380570367611,31.464772135457782,0.13801991247515125,0,32748.902542039086,180.96657852222074,13.500938415564065,0.15499578318909227,0
3,2016-08-05,2887,180148.87483997896,424.4394831303739,31.750410168340359,0.5207727258989171,1,31458.903176679047,177.36657852222061,13.267996598011717,0.24653994025177622,0
3,2016-08-08,2888,192411.87769095963,438.64778318254344,32.710498373045745,0.98046702529432106,1,32966.422436265719,181.56657852222065,13.539640456541434,0.94908915109867364,1
3,2016-08-09,2889,186578.88739631351,431.94778318254339,32.050737047009228,0.6807865769526692,1,35444.304588463492,188.2665785222207,13.969472324866119,0.52512341510411142,1
3,2016-08-10,2890,167313.29875956336,409.03948313037381,30.249924798873966,0.7664132676519595,1,37158.953795163477,192.7665785222207,14.255774184456493,0.48828446435728795,1
3,2016-08-12,2891,174852.60522446778,418.1538057036762,31.112634352952096,0.050167865994290184,0,34064.82190739904,184.56657852222065,13.732632330522371,0.19520591978176341,0
3,2016-08-16,2892,169076.79103702406,411.1894831303739,30.45735218179874,0.73101405368213435,1,36334.680007517891,190.61657852222061,14.119223622993267,0.49452563938935346,1
3,2016-08-18,2893,172851.22695709005,415.75380570367611,30.878921992251641,0.012012364467432526,0,34956.501484305736,186.96657852222074,13.886406604443014,0.204490731095469,0
3,2016-08-19,2894,181692.30687686725,426.25380570367611,31.907613272226669,0.79128326330499676,1,31140.453335339098,176.46657852222074,13.209564976586627,0.12443896532719599,0
3,2016-08-22,2895,175761.74421542304,419.23948313037386,31.239901872606101,0.006357885854537098,0,33330.555593310157,182.56657852222065,13.604066953965772,0.79232671953940859,1
3,2016-08-23,2896,189141.32021554094,434.9038057036762,32.767286170930589,0.79932766941888811,1,28162.404026904649,167.81657852222065,12.643931325840697,0.026477129774261862,0
3,2016-08-24,2897,242380.90343107851,492.32195099454839,37.260421629800078,0.4672487391116858,1,26200.789242490209,161.86657852222061,12.250554644836193,0.0011327431290107017,0
3,2016-08-25,2898,236934.26279261231,486.75893704441864,36.910630297207106,0.090525609919532651,0,25381.7721920269,159.31657852222065,12.080877992206306,0.16514510369281235,0
3,2016-08-26,2899,241917.34028600363,491.85093299291771,37.313730075705926,0.017290822499398246,0,25190.952297800264,158.71657852222074,12.040858667239746,0.19510397541184005,0
3,2016-08-30,2900,250751.49689327765,500.7509329929178,38.247159289128724,0.45783644296973863,1,22445.007200104705,149.81657852222065,11.442931336430831,0.51035375484430423,1
3,2016-08-31,2901,219973.40071464176,469.01322019175723,35.816206200210551,0.76389688358291208,1,22519.977989365816,150.06657852222065,11.459837993296727,0.69090732107113861,1
3,2016-09-01,2902,205946.4388208123,453.81322019175718,34.257810839567995,0.85597597911799161,1,27313.041976441338,165.2665785222207,12.475774025984803,0.86275007967680983,1
3,2016-09-02,2903,223493.44464567426,472.7509329929178,35.352472087711185,0.076825785120987658,0,31618.735597349063,177.81657852222065,13.297182914355629,0.0048389527875140094,0
3,2016-09-06,2904,216519.65382751293,465.31672420783775,34.510084489030127,0.96175541734598691,1,35689.473640542325,188.91657852222056,14.0109451197553,0.9309557191761666,1
3,2016-09-07,2905,175354.74979131212,418.75380570367611,31.171192921220491,0.65267635382024525,1,33843.702013172413,183.96657852222074,13.694102912179599,0.25246555126790671,1
3,2016-09-08,2906,186022.97281447455,431.30380570367629,32.408145598953773,0.44173563558069795,1,29383.643392264607,171.41657852222056,12.880232822799007,0.25554485038877228,1
3,2016-09-09,2907,234022.7091703458,483.75893704441864,36.59988175104359,0.31077558509529951,1,26346.671663160221,162.31657852222065,12.280429621503359,0.03404715338701713,0
3,2016-09-14,2908,246215.36590304214,496.20093299291784,37.768376693021608,0.33345186648467579,1,23829.040564656902,154.36657852222061,11.749625401295525,0.81120915954602235,1
3,2016-09-20,2909,178053.73414427924,421.96413845761731,31.819933523687304,0.96257643572621854,1,27777.748396303512,166.66657852222056,12.568175742569984,0.96759628164481415,1
3,2016-09-21,2910,211616.8299284672,460.01829303677391,34.364344155438232,0.51453794896514871,1,32118.582017211313,179.21657852222074,13.38785930020698,0.68860760847520808,1
3,2016-09-23,2911,224089.98649448442,473.38143868817292,35.313796246786495,0.77421759384095279,1,32785.105857743496,181.06657852222065,13.507391161672558,0.70986704556963964,1
3,2016-09-26,2912,188563.92870933423,434.23948313037386,32.723397372296446,0.052213746089675897,0,28078.558237643541,167.56657852222065,12.627473890144735,0.035778286927556115,0
3,2016-09-27,2913,233297.63326477917,483.00893704441864,36.522414899388934,0.025846512101608769,0,26590.709030943555,163.06657852222065,12.330176069733129,0.0028995085945163162,0
3,2016-09-28,2914,241966.52787930309,491.90093299291789,37.318938850839686,0.0031583489013069163,0,25175.083139947983,158.66657852222056,12.037522078918183,0.0032828068924974519,0
3,2016-09-29,2915,301347.12683379499,548.95093299291784,43.531258315920688,0.025894194329450424,0,10325.929030562625,101.61657852222061,8.0580927419389088,0.0039623117428372523,0
3,2016-10-13,2916,236210.33709024085,486.01474986901462,38.826822438107818,0.62181584320302796,1,8522.3506700493308,92.316578522220652,7.375001279985673,0.14066522809981247,0
3,2016-10-14,2917,230451.71731556024,480.0538691809079,38.257401114194131,0.087252109285408427,0,9094.784299034869,95.366578522220607,7.6001417375056262,0.99547465342105168,1
3,2016-10-17,2918,227198.91100512998,476.6538691809078,37.883791859871863,0.013493891457594867,0,9754.8370329859863,98.766578522220698,7.8498313878732073,0.99828722902400557,1
3,2016-10-18,2919,221706.40176325396,470.85709271843189,37.103115930690819,0.0021309372180871493,0,12015.794286918155,109.61657852222061,8.6376879179087194,0.2673475483006566,1
3,2016-10-19,2920,215773.1572942496,464.51389354275466,36.528438921303398,0.025391941795379513,0,12592.560495233734,112.21657852222074,8.8244861811206494,0.85974553247605456,1
3,2016-10-20,2921,224324.24016593237,473.62879997518348,37.424740229558964,0.56277871758686782,1,11260.728237262612,106.11657852222061,8.3850166743487495,3.8789531034202096e-05,0
3,2016-10-24,2922,221376.92429835093,470.50709271843175,37.065313748103961,0.022833830999655972,0,12092.64839188374,109.96657852222074,8.6628784088719648,0.94299676132290211,1
3,2016-10-25,2923,215624.51582327968,464.35386918090785,36.548907452255634,0.034899560232062289,0,12335.784864632606,111.06657852222065,8.7419581678253167,0.94269136035012746,1
3,2016-10-26,2924,219589.58621131739,468.60386918090785,37.007215729982853,0.61012164599271379,1,11409.781447193731,106.81657852222065,8.4356626671052837,0.00024218838360226514,0
3,2016-10-27,2925,199276.41441968505,446.4038691809078,34.646580711778327,0.52529348512008567,1,16645.277533580338,129.0165785222207,10.013316661276782,0.28494117814518705,1
3,2016-11-01,2926,188368.80310386332,434.01474986901462,33.289721945849635,0.59136870657582208,1,20827.27483636028,144.31657852222065,11.069344469585477,0.15919802185436996,0
3,2016-11-02,2927,213912.6573239759,462.50692678486007,35.500992230953337,0.56941734886237771,1,20553.975837168047,143.36657852222061,11.004496355712359,0.57563815829041953,1
3,2016-11-04,2928,229078.15945355006,478.62110218162138,37.303386631980153,0.77780984137512144,1,15281.058485540332,123.61657852222061,9.6345877808519234,0.76221773891864952,1
3,2016-11-07,2929,233247.39312947672,482.95692678486012,37.661865074656696,0.042986715295783726,0,15108.485275609213,122.91657852222056,9.5852597592093076,0.29436692352375998,1
3,2016-11-08,2930,230244.52698340415,479.83802161083918,37.446388450978553,0.066134900249915321,0,14875.846276417038,121.96657852222074,9.518228384752673,0.17571888100805824,0
3,2016-11-09,2931,234271.03161394125,484.01552827770024,38.186629449917184,0.039143099444530219,0,11678.385393499282,108.06657852222065,8.5259628025420628,0.10257909554245882,0
3,2016-11-10,2932,255534.36631682742,505.50407151360059,40.883502892442117,0.00037495518193747692,0,5931.5533672693864,77.016578522220698,6.2288469830741793,0.0036125056096662435,0
3,2016-11-11,2933,263124.97897014581,512.9570927184318,41.80749767459406,0.12882893582170277,0,4558.4883753471931,67.516578522220698,5.5027978745850037,0.031092221582981229,0
3,2016-11-15,2934,261067.15875926902,510.94731505241225,41.567467869542156,0.03264623668385444,0,4867.3754786971867,69.766578522220698,5.6757711130996338,0.00023647446121081682,0
3,2016-11-16,2935,264099.48563389305,513.9061058538739,41.891673597218173,0.4758364399260106,1,4531.5217439382986,67.316578522220652,5.4873917686750078,0.00011214674081008336,0
3,2016-11-17,2936,279290.48893999128,528.47941203039431,43.639918417043297,0.88837527523458604,1,2659.1120204883482,51.566578522220652,4.2581815460132661,0.25347749745789605,1
3,2016-11-18,2937,231472.00539421936,481.1153763851446,39.622431656178264,0.12057525047825268,0,3004.8572808827826,54.816578522220652,4.5144392441606467,0.84173719711699013,1
3,2016-11-21,2938,231240.75606155567,480.87499005620543,39.667971957616452,0.28390813500436024,1,2789.5909667939,52.816578522220652,4.3569048069474654,4.6509839411290637e-05,0
3,2016-11-22,2939,254892.66800344139,504.86896122007875,42.508121682249616,0.6324750502487827,1,798.99946135286848,28.266578522220698,2.3799426220611855,0.00093028501636341007,0
3,2016-11-25,2940,207507.1356487218,455.52951128189466,38.376538439923728,0.82683812286093716,1,759.91625142175701,27.566578522220652,2.3223739277355224,0.005449689425200222,0
3,2016-11-28,2941,165290.77146228668,406.55967761484499,34.26401564323838,0.81221736692229829,1,735.30883075175586,27.116578522220607,2.2853296129299738,0.059844755263195874,0
3,2016-11-29,2942,162392.17931726007,402.97913012618915,34.205850957150425,0.92776555941115424,1,348.44115372622593,18.666578522220561,1.584464690792001,0.34470523046571905,1
3,2016-11-30,2943,167033.86143884456,408.69776294817734,35.176465374030847,0.81891504132561599,1,5.8398517540577117,2.4165785222205614,0.20799402007320753,0.04786890518864468,0
3,2016-12-01,2944,132043.05087483395,363.37728447831455,30.965256453201068,0.007516254505508844,0,197.86863132179934,14.066578522220652,1.1986858561755989,0.41220704142019327,1
3,2016-12-02,2945,138744.5582887358,372.48430609723118,32.049931689660227,0.73007185678292918,1,7.6539567196128599,2.7665785222206978,0.23804668062473736,0.0011082475890593895,0
3,2016-12-05,2946,127393.18568312132,356.9218201274914,30.441093401065366,0.06369371395393586,0,170.73547427735804,13.066578522220652,1.1144203430465376,0.99009052558701138,1
3,2016-12-06,2947,128400.60268836591,358.3302983119986,30.427571715874713,0.018830800956391693,0,331.8437330562341,18.216578522220743,1.5468584487938473,0.97495852063172073,1
3,2016-12-07,2948,132229.90857081488,363.63430609723127,31.051988053219869,0.67235269400628561,1,134.94489656291711,11.616578522220607,0.99197972095304265,0.00069915128344548699,0
3,2016-12-08,2949,137530.79466392993,370.85144554650174,31.871042071717238,0.84750478121295258,1,17.360376581829676,4.1665785222205614,0.35807653164494346,0.066900853950965525,0
3,2016-12-09,2950,141301.89676394957,375.90144554650169,32.445854347805593,0.035768953053860665,0,0.78043350740192685,0.88342147777939317,0.07625233937071281,0.05896099330104116,0
3,2016-12-13,2951,134815.14549573491,367.1718201274914,31.591466562916015,0.7698783597466885,1,7.9331145718346736,2.8165785222206523,0.24233844028570894,0.88920806998419133,1
3,2016-12-14,2952,166361.13762774167,407.87392369179679,36.192725825617536,0.031304673418844471,0,1055.1726709030536,32.483421477779302,2.882419049450224,0.0044315787172947577,0
3,2016-12-15,2953,129968.43541316561,360.51135268277699,31.858550078011401,0.015926166110779814,0,774.69935115971373,27.833421477779439,2.4596519510232806,0.96132822352845337,1
3,2016-12-16,2954,112282.67489636452,335.08607087786345,29.490523289580938,0.02906395082951458,0,537.4710314163608,23.183421477779348,2.0403451245570383,0.6032239145331888,1
3,2016-12-19,2955,120282.27139657478,346.81734587038,30.809038453440525,0.5147333471041855,1,1137.9437245975018,33.733421477779302,2.996661764038314,0.60510313002474669,1
3,2016-12-20,2956,111489.66560061011,333.90068224040829,29.453595222547367,0.26348351915939816,1,664.78482310080869,25.783421477779257,2.2743722910756632,0.044940912153603491,0
3,2016-12-21,2957,116395.15788823958,341.16734587038013,30.155773710202872,0.036606514857160724,0,788.67856189860345,28.083421477779439,2.4822929666132887,0.1253344530063536,0
3,2016-12-22,2958,110856.15680435345,332.95068224040847,29.345203793443371,0.7230277170572853,1,616.6988222930371,24.833421477779439,2.188738011438343,0.50355013951679894,1
3,2016-12-28,2959,107311.6311911118,327.58454052520824,28.587532989371518,0.082379247840602923,0,183.15349689521688,13.533421477779257,1.1810298872309326,0.16464905953902978,0
3,2016-12-29,2960,110896.56101561288,333.01135268277699,28.7301658772131,0.67683859251176759,1,0.1111698818446247,0.33342147777943865,0.028765548941371642,0.86987433717179485,1
3,2016-12-30,2961,120100.03803560046,346.55452390006462,29.766332308358567,0.61926197905419322,1,23.199428660717281,4.8165785222206523,0.41370655118923361,0.76770644584813719,1
3,2017-01-04,2962,173397.01961129907,416.4096776148449,35.387921952481079,0.191624186514537,0,298.13473386401307,17.266578522220698,1.4673730366466131,0.2451143175767706,0
3,2017-01-05,2963,169509.75791694122,411.71562748691144,34.61249495476347,0.049634742445768751,0,903.99914403286027,30.066578522220652,2.5276652813972804,0.23290040205611445,0
3,2017-01-10,2964,258552.87864757696,508.48095209907024,43.144622807608521,0.54050563721774703,1,365.44357439622621,19.116578522220607,1.6220422147741382,0.2713195647716396,1
3,2017-01-11,2965,227131.24809523238,476.58288690975087,39.548806017157041,0.1012952126978718,0,2080.8722360739184,45.616578522220607,3.7854511034579987,0.32148661157476938,1
3,2017-01-12,2966,302836.81014005514,550.30610585387399,46.230613336739111,0.57212129212361318,1,955.83482752062969,30.916578522220561,2.5972679062645914,0.18255308355983105,0
3,2017-01-13,2967,226244.0080604695,475.65114113231084,39.114439466494872,0.014205212087529897,0,3205.4369635627718,56.616578522220607,4.6557771902652529,0.79508416595886611,1
3,2017-01-17,2968,296041.88824724406,544.09731505241234,45.491184737461843,0.69523469088224354,1,1340.7738226739475,36.616578522220607,3.061458845551658,0.38674097535348012,1
3,2017-01-19,2969,291714.60558063607,540.10610585387394,44.98822255248627,0.12657835089061886,0,1690.573029373933,41.116578522220607,3.4248118380925918,0.33923392110800488,1
3,2017-01-20,2970,279031.24439217953,528.23408105893691,43.553125370733142,0.066584665601938833,0,2853.3308610205549,53.416578522220561,4.4042196909939868,0.075645312027390513,0
3,2017-01-23,2971,273892.41217256896,523.34731505241234,43.010134373143686,0.051925606590518425,0,3290.9243313461025,57.366578522220607,4.7145445859813124,0.094862518226438403,0
3,2017-01-24,2972,301107.4291591678,548.73256615510604,45.919043192895906,0.22575788752609624,0,1264.9815077772873,35.566578522220652,2.9762827215247407,0.18956606139531534,0
3,2017-01-25,2973,275317.53314902895,524.7070927184318,43.17866134944304,0.065559158707824888,0,3109.9112800750067,55.766578522220698,4.5890864485040073,0.31716426970524941,1
3,2017-02-03,2974,258169.54187660912,508.10386918090785,41.418697304333222,0.024520796271082258,0,4531.5217439382986,67.316578522220652,5.4873917686750078,0.042931281756067315,0
3,2017-02-06,2975,261074.0631963257,510.95407151360064,41.507235703785597,0.30828761952184353,1,5121.7751613771743,71.566578522220652,5.8136944372234485,0.79464640068582304,1
3,2017-02-07,2976,245683.54426271291,495.66474986901471,39.9053820037851,0.10418364042086131,0,6833.7632045704577,82.666578522220561,6.6553883360615549,0.067301325911957185,0
3,2017-02-08,2977,274729.81380702928,524.14674835109804,42.379264905489819,0.7133377788389087,1,5985.5874722349272,77.366578522220607,6.2553831276051586,0.6763945179053229,1
3,2017-02-09,2978,284022.93487847544,532.93802161083931,43.388261956430782,0.77097052898787422,1,4742.6056373571764,68.866578522220607,5.606657862266597,0.33148779225423602,1
3,2017-02-10,2979,259929.92193923504,509.83322953612492,41.712679855686233,0.46060292761492622,1,3945.922537238313,62.816578522220652,5.1394214376944696,0.11615033226853151,0
3,2017-02-13,2980,257063.95658473947,507.01474986901462,41.195592107984126,0.13630479639297008,0,5086.0543721160639,71.316578522220652,5.7945625449701925,0.52020267560784961,1
3,2017-02-14,2981,258910.09128844072,508.8320855532213,41.557667882491117,0.46293141968112794,1,4220.6563248838738,64.966578522220743,5.3059930188027389,0.34778338714415896,1
3,2017-02-15,2982,247115.48482513981,497.10711604757762,40.071509898639931,0.11066816045263779,0,6579.8993111515811,81.116578522220607,6.5387593021015364,0.11729059344321532,0
3,2017-02-16,2983,269357.6247990129,518.99674835109795,41.7888601273077,0.40925174786137286,1,6808.9857310138141,82.516578522220698,6.644114378374387,0.59827660465452659,1
3,2017-02-17,2984,275647.15773600439,525.02110218162125,42.455108735828347,0.43953285679492743,1,5962.3999986782819,77.216578522220743,6.2440123334994331,0.3812187409091265,1
3,2017-02-22,2985,263960.74543691787,513.77110218162125,41.17085521128466,0.030925780583722598,0,7826.3355154282481,88.466578522220743,7.0892361985912924,0.26024795851929811,1
3,2017-02-23,2986,271767.4735466995,521.31322019175718,41.466212232879194,0.082813564230369674,0,9558.3038759415449,97.766578522220698,7.7765334491107767,0.24212638998907263,0
3,2017-02-27,2987,324445.2228664023,569.60093299291771,45.920745968471273,0.55579641299145832,1,6555.5868375949376,80.966578522220743,6.5274571527104754,0.38132001547840644,1
3,2017-03-01,2988,292046.44855802477,540.41322019175732,43.64859221321035,0.46033310993556692,1,6188.4305763926932,78.666578522220561,6.3538145967385971,0.012368373911381242,0
3,2017-03-02,2989,304718.59526647342,552.01322019175723,45.007192840746612,0.39108283895858964,1,4497.9259546771882,67.066578522220652,5.4681270707069425,0.10309080601216286,0
3,2017-03-03,2990,281205.3858639379,530.28802161083922,43.07957444338431,0.55217014964943623,1,5114.6210035249587,71.516578522220698,5.8098686804679875,0.75133102681951669,1
3,2017-03-06,2991,296576.11328200786,544.58802161083918,44.761272478596076,0.034070916159503091,0,3273.7368577894522,57.216578522220743,4.7027969031538026,0.10513386636549638,0
3,2017-03-07,2992,279380.69480409392,528.56474986901458,43.711937633891381,0.37821255402842036,1,2476.7123378083584,49.766578522220698,4.1156614722312845,0.70753439119635353,1
3,2017-03-08,2993,294537.99192285695,542.71354499667405,44.98060958904928,0.030185039803828317,0,2219.9719716405803,47.116578522220607,3.9050663894758286,0.058768771514653644,0
3,2017-03-09,2994,283240.95837112877,532.20386918090776,44.252597944614621,0.010298699090721668,0,1867.6726591672711,43.216578522220743,3.593446016897746,0.027568256651279571,0
3,2017-03-10,2995,285774.4933829073,534.57879997518353,44.378117215273413,0.71554482319195301,1,2040.0198154039158,45.166578522220561,3.7495084278781809,0.45473118620925473,1
3,2017-03-14,2996,293056.91551445576,541.34731505241234,45.157433688055754,0.84308499860136354,1,1549.7275045461608,39.366578522220607,3.2838320422272775,0.69614554408978468,1
3,2017-03-15,2997,261433.93388345299,511.30610585387399,41.591581392920979,0.71545115194333664,1,4888.3279522538332,69.916578522220561,5.6872801498532199,0.14748656251959133,0
3,2017-03-16,2998,255281.47232227804,505.25386918090794,41.090913238525374,0.0074233224666841241,0,4923.3487415149439,70.166578522220561,5.706455637786318,0.020414618062475735,0
3,2017-03-17,2999,253639.62810906634,503.62647677526479,40.562699482543877,0.1875342366447422,0,6751.3466260482373,82.166578522220561,6.6177978835551361,0.49530114216275917,1
3,2017-03-21,3000,242954.42371468479,492.90407151360068,39.462317082070427,0.041102827542091332,0,8031.1311460293318,89.616578522220607,7.1747791139042159,0.084384455035546813,0
3,2017-03-22,3001,234820.90634766073,484.58322953612492,38.844347057004001,0.11227488598828386,0,7755.7222526104561,88.066578522220652,7.0594451721218965,0.39777748544704683,1
3,2017-03-24,3002,225181.78593398465,474.53322953612496,37.734740530088267,0.17052205010261143,0,9626.8629809070826,98.116578522220607,7.8022009878112684,0.13638605384285604,0
3,2017-03-27,3003,250415.7009414499,500.41552827770033,39.998043983510541,0.31579113342886062,1,8402.7616179704273,91.666578522220561,7.3268786285844909,0.31584418020189037,1
3,2017-03-29,3004,233562.67995086685,483.28322953612496,38.699810180663434,0.17255490429910461,0,7986.3853567682218,89.366578522220607,7.1561962301586011,0.060665006056377535,0
3,2017-03-30,3005,241923.42260664023,491.85711604757762,39.481226203851151,0.34960271335138676,1,7459.1858856348981,86.366578522220607,6.9326198845898706,0.066391989642123186,0
3,2017-04-05,3006,235481.87746543734,485.26474986901462,38.74369260431255,0.34136602724990112,1,8661.388037832663,93.066578522220652,7.430465351075501,0.1990540656187493,0
3,2017-04-06,3007,235288.56672332436,485.0655282777002,38.301198490086477,0.1156749414116965,0,11452.548078602629,107.0165785222207,8.4501226674737016,0.26323452612428594,1
3,2017-04-07,3008,261756.15219753707,511.62110218162138,40.928051052487611,0.01844128589781973,0,8211.364303073773,90.616578522220607,7.2490363203248362,0.00029867661018776392,0
3,2017-04-10,3009,229616.56746867049,479.18322953612483,38.245927810369921,0.84080622879621025,1,8736.001300650456,93.466578522220743,7.4600190376104036,0.90842179294362346,1
3,2017-04-11,3010,237108.63689027823,486.93802161083931,38.212196626448979,0.86466413139818743,1,13194.330861401473,114.86657852222061,9.0140923269418991,0.89816856005613599,1
3,2017-04-12,3011,244394.99347836376,494.36322019175714,38.497311076724458,0.11816357236505855,0,15554.224958289253,124.71657852222074,9.7119945895900592,0.14298110200817307,0
3,2017-04-13,3012,282015.0934326484,531.05093299291775,41.522415496533696,0.15404090664253473,0,14284.212541658146,119.5165785222207,9.3448984340451702,0.29050026723272926,1
3,2017-04-18,3013,281908.89324604993,530.95093299291784,41.511350845777557,0.078914257084095149,0,14308.125857362567,119.61657852222061,9.351986124250077,0.035020623644953536,0
3,2017-04-19,3014,273956.91537796828,523.40893704441874,40.824345764325621,0.027763490571778199,0,15047.089486348103,122.66657852222056,9.5676295548101216,0.52502901299807525,1
3,2017-04-20,3015,282829.02814715536,531.81672420783775,41.488218138459089,0.20004112763628848,0,14985.818697086992,122.41657852222056,9.5499924735515531,0.042355813130341008,0
3,2017-04-21,3016,241906.07716595323,491.83948313037376,38.745823470172816,0.10003856396789881,0,12092.64839188374,109.96657852222074,8.6628784088719648,0.4211941933557608,1
3,2017-04-24,3017,289130.90097743861,537.70893704441869,42.412757299607087,0.075033454350986115,0,11743.315340612604,108.36657852222061,8.5476083390298641,0.091066040177921997,0
3,2017-04-25,3018,300469.44534100633,548.15093299291789,43.440260965480675,0.39417495208289577,1,10489.15555619817,102.41657852222056,8.1163829712105695,0.49166801371611635,1
3,2017-04-26,3019,299428.86106831976,547.20093299291784,43.332351361491753,0.17090010427602745,0,10684.649555390399,103.36657852222061,8.1855066932388816,0.1756872297006678,0
3,2017-04-27,3020,262208.74147315201,512.06322019175718,40.432959863536432,0.093021507334328818,0,11452.548078602629,107.0165785222207,8.4501226674737016,0.2837064524625193,1
3,2017-04-28,3021,307526.73728331557,554.55093299291775,44.171486956303937,0.65716173351657514,1,9219.1833511137738,96.016578522220698,7.6479810842503246,0.23382619021468062,0
3,2017-05-02,3022,282426.37081364292,531.43802161083931,43.213369784586057,0.00033669120005882017,0,4951.4553729238387,70.366578522220607,5.7217904148821441,0.0059117669444928534,0
3,2017-05-08,3023,273876.97479848837,523.33256615510595,42.882052290651089,0.46238267482435746,1,3716.9236967061074,60.966578522220743,4.9956226255507001,0.88654771939912391,1
3,2017-05-09,3024,267286.22377140314,516.9973150524122,42.267695299220229,0.13062270852933597,0,4059.8023785783216,63.716578522220743,5.2092203345640957,0.012855346255650832,0
3,2017-05-11,3025,258976.47726755418,508.8973150524123,41.331761628622324,0.0077202499763533317,0,5157.6209506382847,71.816578522220652,5.8328185601803577,0.63067111823699695,1
3,2017-05-12,3026,257844.67297686895,507.78408105893686,41.17279502626586,0.33505046215821987,1,5456.2714225793825,73.866578522220607,5.9893439165021167,0.24105265592616879,0
3,2017-05-15,3027,255982.68560874491,505.94731505241225,40.993948715962745,0.73694947550291756,1,5590.0412639193937,74.766578522220698,6.0578981139378296,0.17827240594630717,0
3,2017-05-16,3028,233950.29026982808,483.68408105893673,38.467001833858497,0.6328963904328494,1,9597.4505073504424,97.966578522220743,7.7912023637840573,0.75902407442673903,1
3,2017-05-17,3029,237980.61260147582,487.83256615510595,38.843265081225091,0.72047939986382836,1,9305.8007717837809,96.466578522220743,7.6810716237137298,0.48111699432523036,1
3,2017-05-18,3030,243272.35739214072,493.2264767752647,39.395086004414118,0.20869560059000475,0,8568.5714593104422,92.566578522220652,7.3934966870783274,0.028765580697922066,0
3,2017-05-19,3031,230072.3392981303,479.65856533385318,38.102916577340686,0.037782262593097304,0,9883.6560850648475,99.416578522220561,7.8974126005656409,0.044417157634197194,0
3,2017-05-22,3032,227965.29766446992,477.45711604757753,37.887408034246747,0.0890941157305878,0,10153.903347074869,100.7665785222207,7.9960782829884698,0.3808873843067041,1
4,2017-05-23,3033,355.62776636036818,18.858095512547607,1.505576265422347,0.25192501013038865,1,365.86981075716722,19.127723616707954,1.52710260003257,0.057034599241206609,0
4,2017-05-24,3034,346.99958764784134,18.627924942082018,1.4819941081253842,0.067504957229026552,0,165.46263514619821,12.863228022009025,1.0233683139352421,0.33068948849406737,1
4,2017-05-25,3035,714.38197170956516,26.727924942081927,2.1127959323411667,0.35214187530344893,1,439.45692910274062,20.963228022008934,1.6571066773652374,0.12439901405708996,0
4,2017-05-26,3036,560.62021331941639,23.677419904191765,1.8699589246715973,0.10365171615979937,0,488.9948535533652,22.113228022009025,1.7464245792141071,0.10586032861117933,0
4,2017-05-31,3037,364.43587771452422,19.090203710660717,1.509285979417379,0.3267041706965863,1,348.28546440606772,18.662407786940776,1.4754641093363463,0.48666287001527425,1
4,2017-06-01,3038,1955.4475106368559,44.220442225704346,3.4684059944079646,0.75048585524668421,1,1437.2166899974968,37.910640854481699,2.9735002042810854,0.75883481997766511,1
4,2017-06-02,3039,1346.4207775198765,36.693606766300263,2.8668000129927154,0.69612823229330767,1,253.03761814800609,15.90715619298453,1.2427951242614579,0.69578415902711366,1
4,2017-06-05,3040,4588.6280982396083,67.739413181984446,5.2369086340923428,0.63273536898292171,1,1744.5933122591944,41.768329057543042,3.2290938583334401,0.31811875003440937,1
4,2017-06-06,3041,2631.0138434194041,51.293409356557731,3.9731533196404127,0.31311560194759563,1,978.33758096404074,31.278388401003667,2.4228031294348309,0.36715340409701946,1
4,2017-06-07,3042,348.68575204975974,18.673129144569202,1.4743301997212273,0.19540650322998659,0,6.0064456603111296,2.4508051045138473,0.19350243610705045,0.49517106745963874,1
4,2017-06-09,3043,612.14125202564185,24.741488476355698,1.9536867084930272,0.16745681404192814,0,204.85302799583533,14.312687658012919,1.1301869597293839,0.21004035056297984,0
4,2017-06-12,3044,457.44185535303404,21.387890390429675,1.6947615206362658,0.19976777594192927,0,97.276839800355745,9.8629021996750907,0.78152949284271722,0.53361824230150656,1
4,2017-06-13,3045,2800.2066545807847,52.916978887506275,4.1487243345751681,0.18938757664399247,0,1412.9038426488964,37.588613204651438,2.9469708510114807,0.15778458334404666,0
4,2017-06-14,3046,149.21637888398089,12.215415624692469,0.97368902193555218,0.1383435824073409,0,1.0427187400591491,1.021136004682603,0.081394604015990038,0.15785260744388704,0
4,2017-06-15,3047,461.06869585366059,21.472510236431617,1.7104118397667369,0.16860764328644559,0,265.21221157228774,16.285337318345228,1.2972229821845807,0.28088115396673097,1
4,2017-06-16,3048,96.588108667198725,9.8279249420820634,0.78739934639923592,0.33516157531745278,1,16.509821958839744,4.0632280220090706,0.32554004102143735,0.31346719528696559,1
4,2017-06-19,3049,6.3269085633711128,2.5153346821787181,0.20249031413449672,0.12561009324474856,0,0.15107666258082711,0.38868581474093844,0.031290115499995039,0.13427199437201406,0
4,2017-06-20,3050,67.065953008942699,8.1893805021468324,0.65910507059531853,0.12374704840058988,0,69.001989780767161,8.3067436327821724,0.66855079539494344,0.040805973693462234,0
4,2017-06-21,3051,189.56637522419675,13.768310543570578,1.1007603568572577,0.088924247107481438,0,200.26122560956281,14.151368329937668,1.1313853797519722,0.37016838132526642,1
4,2017-06-22,3052,503.38978411196894,22.436349616458756,1.7867603421564668,0.057377586765648761,0,134.86706509117565,11.613228022009025,0.92484096695142348,0.039579355618232913,0
4,2017-06-23,3053,141.32462372678694,11.888003353245949,0.95256437125368176,0.40351242254240455,1,15.313353552236311,3.9132280220089797,0.3135599376609759,0.50634555725563202,1
4,2017-06-28,3054,121.20296683314767,11.009221899532577,0.88534152790772624,0.20476925187807213,0,0.34430135415549445,0.58677197799102032,0.047187131322156843,0.1962391276487549,0
4,2017-06-29,3055,67.617957577703933,8.2230138986690235,0.66194517195967184,0.16763444279980949,0,3.3737312991330453,1.8367719779910203,0.1478584808203679,0.063050377409610406,0
4,2017-06-30,3056,17.797652413793617,4.2187263971243283,0.34319515128121442,0.15614792613701434,0,220.12980272689958,14.83677197799102,1.2069775861696985,0.24911154683765568,0
4,2017-07-03,3057,210.11861204810518,14.49546867293725,1.1878610729277432,0.29540426418247162,1,91.206956227258559,9.5502333074778107,0.78261356285157846,0.4281075316552343,1
4,2017-07-05,3058,168.06462343495119,12.963974060254486,1.0583699943060239,0.059908614645158356,0,202.7508416777444,14.239060421170507,1.1624671745587809,0.025242968951131574,0
4,2017-07-06,3059,13.793603320243193,3.7139740602544862,0.30551343398630249,0.54064807598273246,1,57.973231746251457,7.614015481088245,0.62633286563470114,0.64188841719957401,1
4,2017-07-07,3060,47.160308176321429,6.8673363232276188,0.56665866187207015,0.098459276578712451,0,29.452499559525922,5.4270157139560524,0.44781052182160674,0.11405062637838972,0
4,2017-07-10,3061,182.16583920136236,13.496882573444964,1.1144777320048689,0.2440892480335648,0,10.033291148569079,3.1675370792729609,0.26155295646529547,0.37319155209977595,1
4,2017-07-11,3062,205.9486982613831,14.350912802375433,1.177462487887712,0.22491650007668801,0,0.37952932419315838,0.61605951351566546,0.050546399205420534,0.057094528685617062,0
4,2017-07-12,3063,5.8102252252160449,2.4104408777682238,0.19775542520044498,0.15390237591164524,0,260.91086685770676,16.152735584343191,1.325189563076806,0.64072982274138868,1
4,2017-07-13,3064,305.83146933466776,17.488037892647299,1.4214450046856295,0.38812440833833839,1,0.26087854662880078,0.51076271068745882,0.041515297950699734,0.57329564325412263,1
4,2017-07-14,3065,432.9224386576193,20.806788283096921,1.6769525112308621,0.54387939566518317,1,61.089123374106876,7.8159531327987679,0.62993779027191354,0.71471509461890181,1
4,2017-07-18,3066,114.53487152853175,10.702096594991644,0.86157844020381147,0.13289829990222704,0,3.751085694730897,1.9367719779909294,0.15592094175348623,0.099193875984186802,0
4,2017-07-19,3067,64.680687135699529,8.0424304246726024,0.649263778531735,0.016689168861720845,0,29.017312342868799,5.3867719779909748,0.43487301025195563,0.19982208921566358,0
4,2017-07-20,3068,183.46880216280454,13.545065602011846,1.0848636900413957,0.24496804755251786,0,19.920404376445784,4.4632280220089342,0.35747291033670531,0.24202285442583393,0
4,2017-07-21,3069,245.84969897532116,15.679594987604787,1.2488228256624418,0.5198154918521134,1,131.40559668457087,11.463228022008934,0.91300450177284331,0.2378339807321953,0
4,2017-07-24,3070,258.49967044322455,16.077924942082063,1.2817223327552665,0.11603093685903784,0,106.36267223395313,10.313228022009071,0.82216422369332498,0.49743193672100466,1
4,2017-07-25,3071,95.607816172986958,9.7779249420818815,0.78342480106416801,0.095674733829096387,0,16.105999156637377,4.0132280220088887,0.32154699319036045,0.29334163018194276,1
4,2017-07-26,3072,405.86376795765511,20.146060854610141,1.5974990765688799,0.28830029975205146,1,289.44992772886849,17.013228022008889,1.3490784253436594,0.37037749220720229,1
4,2017-07-27,3073,556.04540399110613,23.580615004513902,1.864227607282307,0.058832723633081854,0,479.63801246980415,21.900639544766818,1.7314127239123105,0.01144895710926431,0
4,2017-07-28,3074,492.99832198069936,22.203565524048145,1.7516914933571177,0.11890688561404938,0,808.56840840806899,28.435337318345091,2.243330623513478,0.071026885821692989,0
4,2017-07-31,3075,972.67928791911095,31.18780671863783,2.4538972200824447,0.21189003473497356,0,450.44140507821231,21.223604902989791,1.6699008539273605,0.1154129858541694,0
4,2017-08-01,3076,722.0366533802171,26.870739725214435,2.1164728832084463,0.33760581489485131,1,131.41230390485211,11.463520572008065,0.90292380056774313,0.31067948441857035,1
4,2017-08-02,3077,1061.7232309904771,32.584094754810621,2.569520917499458,0.26871914322227436,1,423.19756111289894,20.57176611555019,1.622251093411418,0.13831576325987047,0
4,2017-08-03,3078,377.53393134934197,19.430232405952893,1.5449019961797639,0.28795923268337204,1,51.024254906578008,7.1431264098137035,0.56795153135196808,0.14152825501238708,0
4,2017-08-04,3079,453.58907567936495,21.297630752723762,1.6929754175456093,0.18763034917252253,0,439.34846503056536,20.960640854481653,1.6661876672878897,0.13079233664757275,0
4,2017-08-07,3080,447.07236059599353,21.144085711990328,1.6757081718172713,0.25192670748866886,1,613.08933552462372,24.760640854481608,1.962326902399874,0.13139235827275433,0
4,2017-08-08,3081,1037.7652898997746,32.214364651499409,2.5344687188937813,0.17115660591225529,0,1098.1676851274956,33.138613204651392,2.6071840765234566,0.35164461925744961,1
4,2017-08-09,3082,3276.0765797154859,57.237021059061817,4.456323657665977,0.064242388145520232,0,1587.4254467167129,39.842508037480684,3.102032703011576,0.0052635183449394381,0
4,2017-08-10,3083,1413.3066057984747,37.593970338319878,2.9317609247695451,0.40027878348201035,1,263.22994472483015,16.22436269086802,1.2652548304505982,0.096904112198887379,0
4,2017-08-14,3084,764.29383172132009,27.645864640508535,2.1721362907490502,0.24734223651520582,0,113.4935771705086,10.653336433742652,0.83703291563485771,0.53528060425061852,1
4,2017-08-16,3085,2736.4873228181791,52.311445428492789,4.0460550257941676,0.47770428104806179,1,720.87699652588503,26.849152622119846,2.0766611974723368,0.17380250531204178,0
4,2017-08-21,3086,1812.6766434710612,42.575540436629353,3.3153356515051668,0.23186999910881301,0,441.90970792640718,21.021648553964724,1.6369450672764931,0.022517242098436321,0
4,2017-08-22,3087,2029.358388023835,45.048400504610981,3.5012163762181614,0.12823776559617936,0,602.86633002855876,24.553336433742743,1.9083151155125901,0.1268908721133889,0
4,2017-08-23,3088,2562.1704235515685,50.617886399488953,3.9269112800224169,0.06406780386709425,0,752.39383685558653,27.429798337858529,2.1279905615095833,0.15156797472588684,0
4,2017-08-24,3089,6586.1415676256738,81.155046470479419,6.154403857769644,0.20443370368720062,0,3151.6371308047637,56.139443627495666,4.2573422536302781,0.21319324157322819,0
4,2017-08-29,3090,2784.8685917911912,52.77185416290763,4.0330037571958455,0.29826818427215201,1,1608.2824770789489,40.103397325899323,3.0648373959418667,0.13003250263120281,0
4,2017-08-30,3091,1281.5654682402508,35.798959038500698,2.7290992215361691,0.051839552832370142,0,1426.4945767973368,37.76896314167675,2.8792805901792833,0.17544412109800234,0
4,2017-08-31,3092,559.94075567418895,23.663067334438892,1.7921135515327848,0.15338276364269715,0,2954.8047339296591,54.358115621585512,4.1167915496505234,0.39147150046040785,1
4,2017-09-01,3093,5008.0985861719673,70.76792060087655,5.2987848153102881,0.21286130042850396,0,4517.3207458245806,67.211016551043031,5.0324597769490502,0.15391711390088486,0
4,2017-09-05,3094,1414.1738669207487,37.605503146756973,2.8108908432751782,0.17411476965582934,0,2020.351488015285,44.948320191251696,3.3597428853198568,0.078469483466822851,0
4,2017-09-06,3095,1803.7013404794554,42.47000518577147,3.1611466457589485,0.11438594190110163,0,1634.2244316921303,40.425541823111416,3.0089722235289482,0.12405080988965388,0
4,2017-09-07,3096,3030.701462210046,55.051807074882163,4.0892707205112098,0.040409393452803311,0,2759.9573584931613,52.535296311081765,3.9023432728751541,0.048857884999954401,0
4,2017-09-08,3097,847.56452469947283,29.112961455329014,2.1820537741964485,0.54359776966360795,1,683.82529132298771,26.150053371321974,1.959980015838853,0.56939957681672304,1
4,2017-09-11,3098,680.92828198308916,26.094602545030057,1.9671769728631783,0.11024153500660726,0,182.34385809412964,13.503475778262782,1.0179778196956488,0.16858926557914536,0
4,2017-09-12,3099,1145.1322811114119,33.839803207338718,2.5490417089630313,0.52010066817775946,1,709.19946683944318,26.63079921518397,2.0060110139116394,0.32763426254177258,1
4,2017-09-13,3100,941.95689160119184,30.691316224645561,2.3171126967381799,0.29265136144941833,1,1266.5709146851982,35.58891561547216,2.6868684168564543,0.37270733631097941,1
4,2017-09-14,3101,1419.8743040523045,37.681219513867973,2.8484876980661431,0.5732701038190483,1,1297.2560746688007,36.017441256546817,2.7227154444227857,0.58776447601197612,1
4,2017-09-15,3102,596.88448693480325,24.431219513867973,1.8655482218897352,0.39822572781503901,1,518.35638137031015,22.767441256546817,1.7385034557534225,0.053385946780209408,0
4,2017-09-19,3103,2064.2914208848333,45.434473925476823,3.464842059443058,0.50248017370084574,1,2369.1543917463964,48.673960099280976,3.7118859223122835,0.19028375675600462,0
4,2017-09-20,3104,425.46329552403699,20.626761634440754,1.5963750200789999,0.044897733834423595,0,540.3830823222653,23.246141235101049,1.7990976886542103,0.58205211881988927,1
4,2017-09-21,3105,2319.9034976747485,48.165376544513265,3.7199085993599987,0.13484268310162315,0,744.12113910128539,27.278583891054268,2.1067797259078058,0.1391599880383394,0
4,2017-09-22,3106,2465.9994204106993,49.658830236028507,3.8396992373021348,0.16373499357861232,0,1072.8981194829346,32.7551235607948,2.5326779216573727,0.031761658296422253,0
4,2017-09-25,3107,3889.3003061294885,62.364255035472752,4.7970658848100269,0.32666834324896171,1,1560.6547875536644,39.5051235607948,3.0387387839540634,0.39790999300641283,1
4,2017-09-26,3108,1985.7094091255326,44.561299455082462,3.4744298043025581,0.79092935351120153,1,755.91851390098213,27.493972319419072,2.1436959431927858,0.78666601588559448,1
4,2017-09-27,3109,1905.1564976783645,43.648098442868786,3.4011063578033109,0.32705285867928263,1,451.70430956584897,21.253336433742561,1.6560826301276004,0.75384699601612548,1
4,2017-09-28,3110,2107.095464068967,45.903109525052514,3.5775161347558662,0.51875980975770941,1,441.14014134897769,21.003336433742561,1.6369212402573892,0.66252508571268542,1
4,2017-09-29,3111,2628.398923212605,51.267913193464437,3.9699483656082104,0.193714377623248,0,642.5795386595255,25.349152622119846,1.9629202897723279,0.11614958300460521,0
4,2017-10-10,3112,1588.6569089499733,39.857959166896308,3.0915616960943422,0.36970177288565387,1,469.53316079375173,21.668713870318925,1.6807224254658852,0.38853982160200218,1
4,2017-10-11,3113,2744.8513174888212,52.391328647867113,4.0605563765058799,0.23222282859691365,0,882.39436576208902,29.705123560794846,2.3022765790191704,0.15045795614564514,0
4,2017-10-12,3114,3472.2326337466634,58.925653443527153,4.5341376918688177,0.35656086383051661,1,892.50892369066196,29.874887843984652,2.2987756112638236,0.16978263114581679,0
4,2017-10-13,3115,3750.5811626248992,61.241988558707817,4.6989939813326034,0.28164499439791318,1,1828.0005906988306,42.7551235607948,3.2805281639526438,0.15783358469692133,0
4,2017-10-16,3116,2253.3609931989445,47.469579661072885,3.6948495552498843,0.14718273989119945,0,494.59285286055353,22.239443627495575,1.7310327789449755,0.38970176978966353,1
4,2017-10-17,3117,1910.1282627256828,43.705014159998655,3.4139208061239379,0.36319220633109656,1,327.73079003327575,18.103336433742697,1.414102205416552,0.099581057385995236,0
4,2017-10-18,3118,765.28290657057926,27.663747153460235,2.1698758454357385,0.35492928314581612,1,232.04678174113371,15.233081820207417,1.1948452286616531,0.52948672562616017,1
4,2017-10-23,3119,2364.4767090775049,48.625885175259327,3.8094625857071822,0.27491284594827703,1,678.40480318871028,26.046205159076635,2.0405190300502674,0.48170597011362287,1
4,2017-10-24,3120,1022.9731523603621,31.983951481334543,2.508545214222317,0.48587671138748961,1,1197.3393905371022,34.602592251695569,2.7139288040545542,0.56943458065013441,1
4,2017-10-25,3121,1359.5853866260725,36.872556008853962,2.8948032195371116,0.11780544535171708,0,1112.3954099078633,33.352592251695569,2.618456702782773,0.030538029299133823,0
4,2017-10-26,3122,621.40605926294802,24.92801755581354,1.9683380753929125,0.17458738580359004,0,446.66436123104722,21.134435436771128,1.6687935123195645,0.50738992481938061,1
4,2017-10-27,3123,801.81472474178292,28.316333179664753,2.2261268223006883,0.46747231488529811,1,548.68928580488296,23.424117609952418,1.8415186800277059,0.5432009969439453,1
4,2017-10-30,3124,661.26267923359092,25.715028275963277,2.0245662540615892,0.049605335153173578,0,574.19698694764861,23.962407786940958,1.8865809382309928,0.10051102399545114,0
4,2017-10-31,3125,1321.6415006957948,36.354387640225696,2.8467473975353896,0.13003759463380943,0,952.4882144074254,30.862407786940821,2.4166953358866783,0.29149826903653181,1
4,2017-11-01,3126,1257.874247457104,35.466522911854554,2.7725549493319694,0.39915125999772144,1,1311.7995272124865,36.218773132347906,2.8313612517470217,0.54533444273633458,1
4,2017-11-02,3127,870.04308714479077,29.496492793971129,2.3209137456897575,0.1267351835390424,0,352.04649895457578,18.762902199675182,1.4763476433767551,0.066630816097638101,0
4,2017-11-06,3128,1310.3575749985666,36.198861515226781,2.837790962310033,0.20681133817979613,0,588.7154156313851,24.263458443333775,1.9021212326225914,0.051844621795099986,0
4,2017-11-07,3129,1797.0279873449738,42.391366896397358,3.3015083252645918,0.20721299259866086,0,1015.2445365860598,31.862902199675091,2.481534439227032,0.2282667135367803,0
4,2017-11-08,3130,3865.9238720561898,62.176554038127506,4.8393955509127888,0.050790840014772555,0,1619.4594531466864,40.242508037480548,3.13220018971673,0.06553431552696154,0
4,2017-11-09,3131,2361.218654409573,48.59237238918854,3.7835686669149373,0.17913038492924493,0,333.03157142541863,18.249152622119709,1.4209415730062842,0.31519737772087575,1
4,2017-11-10,3132,470.02280812117385,21.680009412386653,1.6964677344486601,0.17696369185497465,0,15.791458097151731,3.9738467631693766,0.31095479190652031,0.62929287315887361,1
4,2017-11-13,3133,657.87733802524531,25.64911963450686,2.0123269758753226,0.48791267701736374,1,4.6409460800098596,2.1542855149700699,0.16901659461557117,0.016191155434102992,0
4,2017-11-14,3134,1592.6978565140871,39.908618824936639,3.1125112170438807,0.019127580657719079,0,1091.7046512932752,33.04095415228312,2.5768955039996193,0.11220627782278034,0
4,2017-11-15,3135,920.2252591105306,30.335214835410852,2.3699386590164728,0.17648646771376558,0,183.70189301340042,13.553667142637096,1.0588802455185231,0.36635014185022119,1
4,2017-11-16,3136,1203.0641281785988,34.685214835410761,2.7006045731623596,0.555185661048896,1,350.69798149013394,18.726931982845826,1.4580863458438766,0.73891373959484474,1
4,2017-11-17,3137,1480.5128833854894,38.477433430330166,2.9915591222461639,0.26759561275720317,1,212.50497435778021,14.577550355179028,1.1333813057984004,0.17997557458494612,0
4,2017-11-20,3138,1023.1552908991022,31.986798697261065,2.4925425619310424,0.086095174098748381,0,86.934118463062362,9.3238467631692856,0.7265523855037237,0.048288683642320321,0
4,2017-11-21,3139,1311.1778513187769,36.210189882390523,2.8136438775702648,0.10986118321246884,0,302.77354762564426,17.400389295232571,1.3520641279950714,0.081760587532279133,0
4,2017-11-22,3140,2097.087719346925,45.793970338319923,3.5485447763130509,0.17836759655287479,0,747.76304771202035,27.34525640238212,2.1189660133577775,0.19608224109409081,0
4,2017-11-24,3141,2761.0952922432616,52.546125378026318,4.0579292129142264,0.21396879665102481,0,1076.058881185314,32.803336433742743,2.5332717919331795,0.11205242378921274,0
4,2017-11-27,3142,2236.4239817129737,47.290844586589628,3.6607070934388384,0.14997006389006462,0,885.26102893947245,29.753336433742561,2.3031572112662122,0.21046808992072116,0
4,2017-11-28,3143,1936.2126436222782,44.002416338449848,3.4273798604548702,0.22165298669872224,0,496.38941397563963,22.279798337858438,1.7353895188580004,0.26199152286370786,1
4,2017-11-29,3144,1807.4618812212279,42.514255035472843,3.3209072828833652,0.11669932105429975,0,327.73079003327575,18.103336433742697,1.414102205416552,0.04692621114246371,0
4,2017-11-30,3145,804.2797217362089,28.359825841076827,2.2270074083063198,0.137632781370291,0,105.99230439079096,10.295256402382165,0.80845391671303668,0.05077242805493553,0
4,2017-12-04,3146,496.08251196683693,22.272909822626161,1.7588967719044588,0.12976339204103524,0,200.58779871756025,14.162902199675045,1.1184476190219572,0.036607317639195114,0
4,2017-12-05,3147,320.39915493039734,17.899697062531459,1.4164514570334301,0.042830794482686597,0,306.6844264961087,17.512407786940912,1.3858042088265341,0.029643847574588409,0
4,2017-12-06,3148,175.83326011304604,13.26021342637614,1.056590711265031,0.1476084270774429,0,77.658531003336023,8.8124077869408666,0.70218388740564674,0.11765035446406548,0
4,2017-12-07,3149,46.916572286169796,6.8495673064924176,0.54768059061227503,0.1774055202070324,0,89.523984140351629,9.4617114805066649,0.75654351581231072,0.24002075501668779,0
4,2017-12-08,3150,215.38954637846547,14.676155708443048,1.1767755048264481,0.021751238758566608,0,103.80395341614805,10.188422518532889,0.81693641651227911,0.085815476282381883,0
4,2017-12-11,3151,71.000100022927356,8.4261557084430478,0.67903583757297503,0.0099305870510851754,0,122.09734395917577,11.049766692522326,0.89046391268614111,0.0067619865436142771,0
4,2017-12-12,3152,111.34856789911684,10.552183086883815,0.84916775334034633,0.6347335779949238,1,186.95558461924327,13.673170247577673,1.1003235221162573,0.83560808015738375,1
4,2017-12-13,3153,345.78619492691791,18.595327233660555,1.4864370290695887,0.10526693205034156,0,648.71236951962373,25.469832538115043,2.0359578367797795,0.27855828573102287,1
4,2017-12-14,3154,224.45813424860606,14.981926920413343,1.1941596461352897,0.19402482562077267,0,110.52796344275293,10.513228022008889,0.83797449561684112,0.16678355865670336,0
4,2017-12-15,3155,606.90346409420556,24.63541077583659,1.9542607310674749,0.027107333031876606,0,376.8145426024272,19.411711480506483,1.5398787466687676,0.020287077472240119,0
4,2017-12-18,3156,388.27710559236147,19.704748300659958,1.5634346253548586,0.4626321477111498,1,264.49258569585515,16.263228022008889,1.2903739454920371,0.22276201035166671,0
4,2017-12-19,3157,646.92258237811245,25.43467283803966,2.0113615782720857,0.29472935700124614,1,573.07235622313112,23.93892972175513,1.8930789388917111,0.090367564062465391,0
4,2017-12-20,3158,701.42551489036578,26.484439108472088,2.0943765852257394,0.027301513310570437,0,709.61571346702749,26.638613204651392,2.1065685978926409,0.10805309471874742,0
4,2017-12-21,3159,516.31889121257461,22.722651500486791,1.7919365561678791,0.069138121984469572,0,522.16811394833553,22.850998095232853,1.8020581282467454,0.19540172678004247,0
4,2017-12-22,3160,1932.7214412506632,43.962727864074395,3.4361988325835853,0.49414801244035139,1,1794.4238936023878,42.360640854481744,3.3109770872660418,0.25251973256371668,1
4,2017-12-27,3161,4590.1104870757845,67.750354147235157,5.2478973003280522,0.40073809020680601,1,2156.9065528114493,46.442508037480593,3.5974057348939263,0.53609981210203173,1
4,2017-12-28,3162,5525.0996495596037,74.331014049046871,5.6546986724265409,0.045787243037442679,0,2968.2431547703713,54.481585464910722,4.1446622643522799,0.032625296539701511,0
4,2018-01-04,3163,2314.1919456859227,48.106048951103048,3.6694163959651451,0.31259803227796312,1,1416.8456693073615,37.641010471390928,2.8711678467880191,0.20435439410542841,0
4,2018-01-09,3164,1543.2691558300521,39.284464560816559,2.976659561342418,0.31119809372985613,1,2360.1074911150849,48.58093752816103,3.6810712277447268,0.36126929194368884,1
4,2018-01-10,3165,774.61293277359516,27.831869013301912,2.1036143012963917,0.21582470304211226,0,1068.4194302768399,32.686685825834957,2.4705555969793251,0.0716108634797544,0
4,2018-01-11,3166,1374.2128883783237,37.070377505203851,2.7792013723585001,0.10435301225033479,0,1655.4191566151426,40.686842549098628,3.0503311878471067,0.010744940398412726,0
4,2018-01-16,3167,1060.5039581145772,32.565379747740963,2.4381671656302895,0.466162910998073,1,741.12758342036614,27.223658523798122,2.0382329595176971,0.4497148555364851,1
4,2018-01-17,3168,932.42491084346932,30.535633460654935,2.2921208122395238,0.42805793368664258,1,743.08414480738713,27.259569783974712,2.0462070097563965,0.43542853501807666,1
4,2018-01-18,3169,1179.216020943436,34.339714922279654,2.5768959119225316,0.40889060019548912,1,551.38453153145224,23.481578557061539,1.762087539926575,0.19584336288118323,0
4,2018-01-22,3170,720.16795601845615,26.835945223122962,2.0125952619711236,0.49713214129293892,1,1253.8777015882765,35.410135577095389,2.6556273869128084,0.1072095534829958,0
4,2018-01-23,3171,1738.6194098403212,41.696755387443773,3.0802064997742313,0.23231581719049571,0,1446.1572677091576,38.028374507848184,2.8092172939239259,0.51102604830371179,1
4,2018-01-24,3172,1455.1339186485457,38.146217619163053,2.8385770449948322,0.026417999352157974,0,1752.478065401189,41.862609395511754,3.1151251550032932,0.044593028064731081,0
4,2018-01-29,3173,894.76503307851874,29.912623306532623,2.2241522274171031,0.1171971412208084,0,1146.4159098373273,33.858764151063269,2.5175674140131807,0.10309467106427567,0
4,2018-01-30,3174,1912.8815734599821,43.736501614326471,3.2516636269526389,0.17981030363483871,0,2373.1914776968301,48.715413143037495,3.6218291619670273,0.38265033739524379,1
4,2018-01-31,3175,2066.1891244995322,45.455353089592563,3.3887764632342465,0.19775602355010527,0,890.97129099047663,29.849142215321308,2.2253060137414775,0.0097395397523763871,0
4,2018-02-01,3176,1100.1356079104246,33.168292206720935,2.4917020776562318,0.10342104395905788,0,536.95024558408568,23.172186896883204,1.740764519166375,0.12833841423456363,0
4,2018-02-02,3177,1613.6848186543314,40.17069601904268,3.0121997614759062,0.33834649692304425,1,1355.6668079994108,36.819380874743274,2.7609013853286801,0.33687995057045378,1
4,2018-02-05,3178,1288.3238567723777,35.893228564345918,2.6959011990645871,0.13996014648899233,0,1153.8390930377429,33.968207091893191,2.551314938552891,0.02070616176228926,0
4,2018-02-06,3179,447.31508165995893,21.149824624803841,1.596634931853987,0.3680051137025156,1,378.09269248762229,19.444605742663498,1.4679051630742834,0.20112063864291294,0
4,2018-02-07,3180,542.23730831823798,23.285989528431855,1.770191913674549,0.33933916517831259,1,496.7033508083191,22.286842549098765,1.6942371469154103,0.05464320848877724,0
4,2018-02-08,3181,1729.78953945181,41.590738625946642,3.1649599441402212,0.047316068872818168,0,983.56179851431659,31.361788828354747,2.386560294372936,0.07298885993777432,0
4,2018-02-09,3182,6323.7585629105934,79.522063371812692,5.9511366414827087,0.24716584600707503,0,4611.9061689960463,67.911016551043076,5.0822089093390517,0.37402480525493886,1
4,2018-02-14,3183,1342.2981724234955,36.637387630991043,2.7581125178598294,0.0042730480733180884,0,1238.1138885750577,35.186842549098628,2.6489135054088631,0.010205388364316949,0
4,2018-02-22,3184,849.29955753781917,29.142744509359773,2.1945664000421532,0.49548836430826071,1,99.838301300150405,9.991911794053749,0.75243132603288887,0.35647049382152951,1
4,2018-02-23,3185,900.23613077270977,30.00393525477466,2.2500138923715531,0.21660356865285968,0,256.61612382837728,16.019242298822292,1.2012930107853237,0.040903739279935021,0
4,2018-02-26,3186,165.04956265168332,12.847161657412244,0.96904858815102735,0.35601872573797583,1,51.586350552305355,7.1823638554660647,0.54175854086110231,0.073446875018989694,0
4,2018-02-27,3187,25.284218111939104,5.0283414872042158,0.38155643564929365,0.53993755942971289,1,5.9029505548482506,2.4295988464864422,0.18436080331497837,0.73706628581942935,1
4,2018-02-28,3188,904.52235780358103,30.075278183311639,2.2997727534552963,0.04447019354712315,0,467.9601801036581,21.632387295526541,1.6541684034048205,0.087727317562524831,0
4,2018-03-01,3189,1431.1181564378758,37.830122342359346,2.8650501622507831,0.1602643615632536,0,2291.2729993892808,47.867243490609326,3.6252077772348774,0.44856368414020881,1
4,2018-03-05,3190,3327.3429737857696,57.683125554929575,4.3325165656398958,0.46102632974295737,1,2050.4945991820719,45.282387295526632,3.4011106576180437,0.4926770175451694,1
4,2018-03-06,3191,1370.8599031879633,37.025125296046781,2.7851004435118685,0.57960138819860119,1,807.54338307564478,28.417307808369969,2.1376040174793118,0.14087002601006901,0
4,2018-03-07,3192,106.66134508283243,10.327697956603515,0.7818090807421284,0.42692039631160078,1,6.3819863912230339,2.5262593673696756,0.19123840782510793,0.53244604400092022,1
4,2018-03-08,3193,1890.6051525403193,43.481089596976744,3.2925253367391147,0.21498585190060318,0,781.61380203093142,27.957356849869257,2.1170192980364422,0.28611843583241225,1
4,2018-03-09,3194,2667.4571810177254,51.647431504555243,3.9152053598571235,0.073484875076017642,0,792.5055625494914,28.15147531745879,2.1340617304672542,0.05354538846371492,0
4,2018-03-12,3195,4281.5544854262362,65.433588358168436,4.9467842266617605,0.56334673810188263,1,2806.5566282793452,52.976944308626798,4.0050609947931815,0.54785144941786135,1
4,2018-03-13,3196,1630.4627485322003,40.378988948860524,3.0508094857663499,0.1371936383457811,0,1108.7674916688202,33.298160484759819,2.5158218793970626,0.43136497507748434,1
4,2018-03-14,3197,837.47611703689324,28.939179619279003,2.1944401607036212,0.13288311203268882,0,681.59408168641994,26.107356849869348,1.979704784824216,0.073820318553999356,0
4,2018-03-15,3198,791.80369996321599,28.139006733771112,2.1478518230494705,0.38903597586188321,1,1.3164663855680836,1.1473736904636098,0.087579092471079298,0.42984270157745824,1
4,2018-03-16,3199,3478.1160106075117,58.975554347606703,4.493717947851775,0.61020777768323886,1,1817.0563810907784,42.626944308626889,3.2480146532022927,0.62561807600165742,1
4,2018-03-19,3200,3457.8421913795223,58.803419895270736,4.4853867197002852,0.16636586077369522,0,1438.2786798236925,37.924644755405325,2.8928028036159668,0.054587042520375814,0
4,2018-03-20,3201,6336.0443980810642,79.599273853981003,5.9887351957251624,0.35409236607021083,1,3100.7478485664478,55.684359101694326,4.1894713991418815,0.3987915032775563,1
4,2018-03-22,3202,2335.644073423282,48.32850166747653,3.5889277935152633,0.27069341875374481,1,608.50106215367362,24.667814296237793,1.8318590744272829,0.070017286206428206,0
4,2018-03-23,3203,492.81594548999874,22.199458225145918,1.6548852529088613,0.62196137436642296,1,1275.8905087106787,35.719609582282374,2.6627611601090142,0.54011421080070376,1
4,2018-03-27,3204,398.58500994130571,19.964593908750203,1.4983371915456642,0.12606623710275547,0,962.1675530539577,31.018825784577302,2.3279542035031184,0.11162193293246597,0
4,2018-03-28,3205,637.30187598124496,25.24483860081591,1.8931972403026667,0.18408817502717478,0,830.00238769561531,28.809762020808421,2.1605431040390277,0.2382315159262445,0
4,2018-04-03,3206,946.73817395024867,30.769110711072699,2.3008383093601061,0.2649558053695486,1,1073.0165631223342,32.756931527881761,2.4494826536963852,0.077383074717651851,0
4,2018-04-04,3207,272.16282562219942,16.497358140690267,1.2385868944547667,0.15917180036313455,0,179.08766236008577,13.38236385546611,1.0047196858340111,0.28859599181253015,1
4,2018-04-09,3208,1111.9387154996737,33.34574508838682,2.4904399035353686,0.34036198135876045,1,348.58387923312546,18.670401153513694,1.3944061506041072,0.1389469462446162,0
4,2018-04-10,3209,1355.2665507854363,36.813945058706167,2.7254447572612377,0.014336607017253174,0,1113.3174368006175,33.366411805895723,2.4702137187411233,0.033577317309480145,0
4,2018-04-11,3210,728.14840832054801,26.984225175471465,2.0117214131637131,0.31648713922963184,1,616.29798789724168,24.825349703422944,1.8507734523743202,0.1359803352377818,0
4,2018-04-12,3211,941.61192892737677,30.685695835802335,2.2836716406788966,0.054657026613584077,0,31.353508602850894,5.5994203809725605,0.41671655733962643,0.11831252393071295,0
4,2018-04-13,3212,2296.3631208406296,47.920383145803726,3.5513679286918682,0.074130969332277863,0,917.82640208315513,30.295649887123318,2.2452032376420736,0.04140672532159699,0
4,2018-04-16,3213,1555.2385345033085,39.436512707176689,2.9384183523714098,0.59374904286290353,1,847.01230237592313,29.103475778262691,2.1685027776069363,0.70760157826899062,1
4,2018-04-17,3214,1242.321691987305,35.246584118000783,2.6080568365829873,0.083271385562388292,0,160.37946261796998,12.664101334795532,0.93707509229313191,0.017980362900188021,0
4,2018-04-18,3215,2479.9034765668462,49.798629263935027,3.6926167331999875,0.34100597501259505,1,3302.39763571094,57.466491416397957,4.261196160195607,0.38561728772969217,1
4,2018-04-19,3216,844.00022205382334,29.051681914371557,2.1733070442769074,0.2730775175078527,1,418.72625826529588,20.462801818551043,1.5307874934393899,0.60456719179839524,1
4,2018-04-20,3217,486.94171313780595,22.066755836275661,1.6662958420505671,0.20690899651216288,0,374.79294222058314,19.359569783974621,1.4618719160291944,0.1181297382616892,0
4,2018-04-23,3218,1843.8308260542121,42.939851257942337,3.2313542730889369,0.027590725036397784,0,1481.2249858565219,38.486685825834911,2.8962400440858573,0.082739309214352505,0
4,2018-04-24,3219,1421.7692508029702,37.706355575724501,2.8529758692334961,0.31465128439163736,1,1262.5505469193024,35.532387295526632,2.688486913746198,0.58424748366490298,1
4,2018-04-25,3220,1412.9961801470786,37.589841448815378,2.8462059096551355,0.18750010038875928,0,1374.6800482381263,37.076677955800278,2.8073504926024286,0.10843498340696109,0
4,2018-04-26,3221,2257.7006383175431,47.515267423403429,3.6432500708022868,0.61171857956631159,1,916.70296673241364,30.277103010896099,2.3215076683711162,0.77970941201842914,1
4,2018-05-02,3222,2056.4527933456029,45.348128884724701,3.4706971440934256,0.29412458579940848,1,1009.4232175963857,31.771421397167387,2.4316103931706254,0.4610048638091846,1
4,2018-05-08,3223,4342.724074701855,65.899348059763497,5.0157436586949427,0.28894777000709115,1,1639.5219289942825,40.491010471390837,3.0818594566648279,0.27662295663361836,1
4,2018-05-09,3224,3241.2465996435403,56.931947091624579,4.3169507955432653,0.82341734600225203,1,2102.5053962253032,45.853084915033833,3.4768793535815767,0.95157554399061051,1
4,2018-05-10,3225,4216.1154569551099,64.93162139478045,4.902904926551173,0.40195207594827304,1,2074.4555175988726,45.546191032828119,3.4391355029129858,0.094578854398958939,0
4,2018-05-11,3226,1695.5750636564107,41.177361057459848,3.1198515783960183,0.25205904360607478,1,1737.3392344391184,41.681401541204423,3.1580408032128213,0.46236864506359082,1
4,2018-05-14,3227,619.56212730921732,24.891004947756073,1.922085324151048,0.24745973074114419,0,502.44635019626566,22.415315081351537,1.7309123614943274,0.46427920887122293,1
4,2018-05-15,3228,1626.886802671592,40.33468485895969,3.123692922281486,0.30161123475646123,1,679.5351863167881,26.067895701739872,2.0188108965529428,0.48326825333225565,1
4,2018-05-16,3229,2006.0516234884785,44.788967653747932,3.4733592596935194,0.32662300882905165,1,700.28940169192799,26.462981723379698,2.0521893542752774,0.61548819751003447,1
4,2018-05-17,3230,1107.3058007129007,33.276204722187003,2.5829546473792595,0.50233467076305494,1,278.14068584952906,16.677550355178937,1.2945393429464362,0.39620787879955605,1
4,2018-05-18,3231,2887.6834782366818,53.737170359413994,4.1710071300045799,0.31743338521348846,1,497.25220766458625,22.299152622119664,1.7308303350890415,0.18481648307090429,0
4,2018-05-21,3232,1428.5118197410766,37.795658741991474,2.9229850927645082,0.51232263228530839,1,424.53658158240734,20.604285514970115,1.5934639430006663,0.6016620493111362,1
4,2018-05-22,3233,1493.384579644933,38.644334379633619,2.9980088735169605,0.29213082092107334,1,667.97727850487399,25.84525640238212,2.0050625603089309,0.26210955174771949,1
4,2018-05-23,3234,3486.8047573569688,59.049172368094787,4.5253609509211623,0.29408806352470651,1,1738.4944064603797,41.695256402382029,3.1954060928368806,0.36771923008071861,1
4,2018-05-24,3235,3410.6654144410863,58.400902513925985,4.4803147306425766,0.058091604489486325,0,1877.0968215498308,43.325475433627162,3.3237802404010099,0.19050276235268132,0
4,2018-05-25,3236,2923.6097153268288,54.070414417931261,4.1570242498601724,0.18760889102068623,0,1272.4006739956965,35.670725728469506,2.7424252885730382,0.17073236615991461,0
4,2018-05-30,3237,2600.0887508232508,50.991065401923606,3.9063136631496236,0.36589576944845303,1,990.01781654240472,31.46454856727496,2.4104300430746513,0.72296342953369008,1
4,2018-05-31,3238,2061.4098635025525,45.402751717297406,3.507087263811016,0.0039329009025986733,0,429.09252234599307,20.71454856727496,1.6000732710702119,0.0062524557977741797,0
4,2018-06-01,3239,2897.1888032952215,53.825540436629353,4.1549685774541167,0.2269785050637694,0,1218.3676507943587,34.905123560794891,2.6944400448334469,0.62124808484458338,1
4,2018-06-04,3240,2236.9867397901535,47.296794180897223,3.6606009195385028,0.21996399089644797,0,570.09560767253959,23.876674971036891,1.8479683426366542,0.032147557887884877,0
4,2018-06-05,3241,3068.4919498426575,55.393970338319832,4.2607468916483215,0.29166051257056719,1,1364.9519706377503,36.945256402382029,2.8417242060135397,0.64591527139182003,1
4,2018-06-06,3242,2071.6677628699704,45.515577145302359,3.5086203233996804,0.31236451599406451,1,880.23258271885459,29.668713870318925,2.2870467427495798,0.3660449268565556,1
4,2018-06-07,3243,1770.0948782171265,42.072495507363556,3.2407083002013137,0.78890674771807923,1,745.39908347431719,27.301997792731527,2.1029846171948026,0.72505881487356061,1
4,2018-06-08,3244,2291.113475452883,47.865577145302268,3.6831007344800146,0.24075545845772961,0,1126.9785372144891,33.570500997371028,2.5831410431956781,0.026271740873970054,0
4,2018-06-11,3245,2425.3093066275574,49.247429441825261,3.792201858993975,0.035082508073934773,0,1064.097085319496,32.620500997371209,2.5118777959705239,0.016882922135433763,0
4,2018-06-12,3246,2185.3221594184311,46.747429441825261,3.606637306008198,0.093705732266087763,0,907.24458033264,30.120500997371209,2.3238437678795827,0.015619208712435257,0
4,2018-06-13,3247,3580.3828388451225,59.836300343897619,4.5930762113911046,0.049235338412618408,0,1195.5464520527321,34.576674971036937,2.6541297233572778,0.010598185943907599,0
4,2018-06-14,3248,1681.7274170771143,41.008869980494637,3.1907309846718253,0.19882165107410599,0,291.61282806643936,17.076674971036937,1.3286656270015123,0.21499969041570682,0
4,2018-06-15,3249,665.34768608835361,25.79433437963371,2.0212619503689777,0.44716418189315515,1,43.565138848621324,6.6003892952326169,0.51721108766466461,0.070186582379362289,0
4,2018-06-19,3250,1341.9772997681923,36.633008336310468,2.8749810340849526,0.18349502915861565,0,492.90280054377729,22.2014143816059,1.7423806609328125,0.44528366850690682,1
4,2018-06-20,3251,600.8249788784093,24.511731454110077,1.9359263479137603,0.28652906718877724,1,288.69252300498857,16.990954152283166,1.3419384869314983,0.27812854294504075,1
4,2018-06-21,3252,963.32002942389931,31.037397272063572,2.4455263185646747,0.79260999266801468,1,568.08031258961341,23.834435436771173,1.877984118250102,0.73872295063999349,1
4,2018-06-22,3253,1221.3505217473373,34.947825708437676,2.7546169865561345,0.60357274094185209,1,546.8318206965173,23.384435436771128,1.8431808494341551,0.44037018887736135,1
4,2018-06-25,3254,1314.2551547903024,36.25265721006258,2.8765101333065606,0.22448782135844683,0,224.53330535875961,14.984435436771037,1.1889578224844113,0.11725104106662866,0
4,2018-06-26,3255,103.32779985112926,10.165028275963095,0.81022065008473587,0.20630894589116569,0,79.612809826703682,8.9226010684499215,0.71119090295312626,0.3286688173392282,1
4,2018-06-27,3256,136.69624503357272,11.691716941218374,0.93417897337049061,0.52227408468562453,1,69.758392749576871,8.3521489899053449,0.66734441212139706,0.075720087369274144,0
4,2018-06-28,3257,324.15000332897864,18.004166276975411,1.4398149687692758,0.046157213674755941,0,206.26204816799759,14.36182607358819,1.1485326141459626,0.047891674901862503,0
4,2018-06-29,3258,240.35183622617322,15.503284691515319,1.2424494864173199,0.10066621286852671,0,137.16686997797805,11.711826073588099,0.93859801839943102,0.27374016816971203,1
4,2018-07-02,3259,767.91529871215664,27.711284681734924,2.213803449709201,0.16731480508618471,0,1086.505063287688,32.962176252299969,2.6332874976872351,0.02371027694500168,0
4,2018-07-03,3260,538.39242047551124,23.203284691515364,1.8481309989259551,0.081034178028612694,0,657.91053138082304,25.649766692522235,2.0429921698544193,0.014634294764527869,0
4,2018-07-05,3261,517.40002489548669,22.746428838292104,1.811959122021118,0.33970616928474717,1,207.46802920022137,14.403750525478472,1.147389216192972,0.43858687320722911,1
4,2018-07-06,3262,811.30495442612448,28.483415427685713,2.2569165585900488,0.86912278194397219,1,424.61541964852785,20.60619857345182,1.6327561169091416,0.62688738209013117,1
4,2018-07-09,3263,97.84687065310554,9.8917577130207519,0.78881640454710933,0.21732917230289966,0,29.421051846595933,5.4241176099524182,0.43254526395154852,0.59948727478962771,1
4,2018-07-10,3264,40.789498803027392,6.3866657030901024,0.51036165119786647,0.41779131157760285,1,7.9756402748438724,2.8241176099525092,0.2256766509471399,0.37454810701996993,1
4,2018-07-11,3265,3.7815050914061716,1.9446092387433964,0.15608068374214593,0.13163680933978789,0,133.83861570975327,11.568864063068304,0.92855478473940956,0.29641362044538788,1
4,2018-07-12,3266,4.0615738811923947,2.0153346821787181,0.16230447629690892,0.27509973623868833,1,0.78976247732176552,0.88868581474093844,0.071570090580731133,0.16122136083107322,0
4,2018-07-13,3267,29.881074059038504,5.4663583910166835,0.44340999278201526,0.035270891285969427,0,8.7011235403132954,2.9497666925221893,0.23927374209297447,0.01217729837659955,0
4,2018-07-17,3268,0.38787458713752099,0.62279578285142634,0.050861231755935182,0.37432966827554603,1,23.055086078650575,4.8015712093699676,0.39212504772314966,0.40464016322844837,1
4,2018-07-18,3269,87.118968556110048,9.3337542583951745,0.7666013106973163,0.25995154531289033,1,43.191954208976888,6.572058597500245,0.53977730668147061,0.028975839003567618,0
4,2018-07-19,3270,766.56921559190801,27.686986394187215,2.2532644064445342,0.073838153667538667,0,1614.3225513745263,40.17863302023261,3.2698785774350037,0.12304373625383457,0
4,2018-07-20,3271,97.970415953725947,9.8980006038455031,0.80803303023351991,0.16661866550780408,0,110.97805648322014,10.53461230815924,0.86000345386825905,0.49200247823398496,1
4,2018-07-23,3272,48.77323621191762,6.9837838033488424,0.56854999009637663,0.18491075602205997,0,88.918397034419485,9.4296551917034321,0.76766843258871109,0.087445326580078725,0
4,2018-07-24,3273,249.56635258885149,15.797669213806557,1.2827989617382507,0.038693312654442584,0,158.24772474215339,12.579655191703523,1.0214904743567619,0.055451215874404325,0
4,2018-07-25,3274,1.662279537592529,1.2892942013336324,0.10497001435649357,0.37933422931921024,1,0.28342819564844002,0.53237974759417739,0.043344575419839396,0.27138695827072812,1
4,2018-07-26,3275,43.255670894152644,6.5769043549494199,0.53735073777110343,0.055984603157855049,0,7.7453817341680642,2.783052592777949,0.22738286635711827,0.059055681987889047,0
4,2018-07-27,3276,144.43211568498853,12.017991333204918,0.98202249821906507,0.23243447145205937,0,23.811034789918704,4.8796551917034776,0.3987297917718155,0.23747160753924301,0
4,2018-07-30,3277,128.31398893255522,11.32757648098459,0.92776743363647896,0.24507322322114766,0,42.701158017946227,6.5346123081592395,0.53520719998028088,0.41928827499761384,1
4,2018-07-31,3278,137.1636503659474,11.711688621456233,0.96076198699394866,0.27994039866784659,1,64.353424141728325,8.0220585975002905,0.65808520077935118,0.18754154195510853,0
4,2018-08-01,3279,335.60228140713656,18.319450903537927,1.5072155089504238,0.55198245958631154,1,191.64808107674909,13.843701855961399,1.1389774861953514,0.48423444234943508,1
4,2018-08-02,3280,315.33897880587949,17.757786427533119,1.4599840851379691,0.016024901464964318,0,70.854930480935167,8.4175370792729609,0.69206092898733551,0.13311583379519806,0
4,2018-08-03,3281,62.291149707721196,7.8924742449830774,0.65245932666333872,0.51192258522087319,1,43.210506599756471,6.573469905594493,0.54341916303017346,0.086560544616561555,0
4,2018-08-06,3282,145.28575571530132,12.053454098941984,0.99422230370288978,0.025934735612631266,0,85.99724408996336,9.2734699055943111,0.76491688914870393,0.025473557973668005,0
4,2018-08-07,3283,76.165294395043617,8.7272730216857326,0.72153057101283402,0.035679662256176241,0,41.905812618635807,6.4734699055943565,0.53519655289937218,0.15421217875014059,0
4,2018-08-08,3284,228.59523552040349,15.119366240699492,1.2450071015068751,0.13756638107671398,0,305.89579103822172,17.489876815981916,1.4402072476928454,0.43518026374789931,1
4,2018-08-10,3285,0.16063503049810168,0.40079300205729851,0.033389678181971805,0.16727641118551742,0,7.4339663556998952,2.7265300944056889,0.22714459069485474,0.23119318421543611,0
4,2018-08-13,3286,0.83498663261695727,0.91377602978900541,0.076338849606433196,0.54661467786628615,1,8.1149863715136537,2.8486815145806759,0.23798508893739984,0.66769819829445953,1
4,2018-08-14,3287,20.443712275337138,4.5214723570245496,0.38304577745040236,0.020933768126370163,0,137.6674095832737,11.733175596711817,0.99399996583461669,0.01169552355837955,0
4,2018-08-16,3288,118.90763907087634,10.904477936649528,0.9207141416514989,0.1324275278973224,0,138.63382918233594,11.774286780197599,0.99415601639697726,0.68541111727897142,1
4,2018-08-20,3289,690.28789724760884,26.273330532073942,2.2060817441600356,0.037027867163056186,0,1130.0319314956864,33.615947576941608,2.8226161952173987,0.011204584044486755,0
4,2018-08-21,3290,357.37928605726876,18.904477936649528,1.585480600213824,0.54805191160270195,1,334.01146149343413,18.275980452315935,1.5327697783633947,0.84806524452172816,1
4,2018-08-23,3291,588.27969997942535,24.254477936649664,2.0250879132211455,0.15423618419794674,0,660.71462059172097,25.704369678942157,2.1461442497238172,0.17636241209124071,0
4,2018-08-24,3292,751.99621573879824,27.422549402613868,2.2621199754682504,0.32316422207152368,1,602.98857217912462,24.555825626093792,2.0256403898613153,0.57402313526732973,1
4,2018-08-28,3293,42.900031005320344,6.5498115244120072,0.54391392828533525,0.41218274636405144,1,5.5732213454134119,2.3607671095246587,0.19604443693112925,0.37866077885142135,1
4,2018-08-29,3294,0.12263196843470593,0.35018847558808375,0.029248181373764615,0.07688141926017103,0,108.70345351932714,10.426094835523372,0.87080053750299613,0.37192032734742736,1
4,2018-08-30,3295,127.59881259641766,11.295964438524834,0.93941240288784011,0.041483591745722997,0,10.528841441000848,3.2448176283114663,0.26985052420570221,0.0032195678830460889,0
4,2018-08-31,3296,0.13928352955780229,0.3732070866929007,0.031339554662039783,0.059006363901707021,0,220.36861041783092,14.844817628311603,1.2465732567755472,0.10919196128871501,0
4,2018-09-04,3297,4.9917766692445715,2.2342284281703542,0.18669912494111759,0.58047386442798976,1,52.73800058785757,7.2620934025842416,0.606843269205669,0.47595021127129766,1
4,2018-09-05,3298,108.67039072730797,10.424509136036477,0.86499681666485295,0.10056025262015567,0,2.960810450003494,1.7207005695365751,0.14277895444853961,0.072663478699727668,0
4,2018-09-06,3299,72.140993574696935,8.4935854369457502,0.70844819725963382,0.33601921338533736,1,1.3516876574665864,1.1626210291692587,0.096973978577801212,0.063563845535588817,0
4,2018-09-07,3300,41.987346066874352,6.4797643527272157,0.54151465424763634,0.53154575667644199,1,48.608186030169499,6.9719571162027023,0.58264726025427904,0.27093728879262091,1
4,2018-09-10,3301,0.002242696126463582,0.04735711273360721,0.003980090997487684,0.17678200291669557,0,157.28358908168246,12.541275416865801,1.0540215503522128,0.1203810797339875,0
4,2018-09-11,3302,1.1156416905958955,1.0562394096964454,0.088343878362031239,0.0091303771788811862,0,36.335548695945427,6.0278975352891848,0.50417343051933639,0.0015643099192829081,0
4,2018-09-12,3303,4.2705990357323573,2.0665427737485516,0.17193250748771177,0.072569619611055999,0,1.6678400259099417,1.2914488088615599,0.10744613410387785,0.14692833009985568,0
4,2018-09-14,3304,159.37212407022417,12.62426726864669,1.0518469645597974,0.26680973755167436,1,0.21026919489448223,0.45855119113844012,0.038206231556277295,0.052239772139461037,0
4,2018-09-18,3305,31.920370261377702,5.6498115244119163,0.46952642935360395,0.20261908044868959,0,2.1338405482687608,1.4607671095245678,0.12139675139404703,0.18707390042013422,0
4,2018-09-19,3306,20.623182747682232,4.541275453843582,0.37885004203250039,0.37173141972441509,1,9.8547831406421658,3.1392328904753413,0.26188645119507309,0.082773734547613984,0
4,2018-09-21,3307,205.18463278362421,14.324267268646736,1.1918019193482599,0.12009753902354123,0,1.5411951450238988,1.2414488088616054,0.10329052407534781,0.47877977383971071,1
4,2018-09-25,3308,11.561281669521707,3.4001884755880383,0.28471329081750374,0.22898627568573418,0,103.67513588401268,10.182098795632101,0.85259357719339335,0.02488605826436768,0
4,2018-09-26,3309,81.972767483803864,9.0538813491123165,0.76378280319827196,0.086724920536887157,0,318.67309234589726,17.851417096295108,1.5059403658085968,0.10820726047449512,0
4,2018-09-27,3310,11.208921462804136,3.34797273925642,0.28199391360340453,0.2241400074459976,0,219.81868331304017,14.82628353003679,1.2487920429595105,0.29861452415682138,1
4,2018-09-28,3311,86.392511123645292,9.2947571847598738,0.78400381129095142,0.6575260592587967,1,405.81367727793207,20.144817628311557,1.6991959536343095,0.71000505661144575,1
4,2018-10-09,3312,3.529537806763916,1.8787064184602968,0.15806044240789979,0.075025747898088122,0,161.6179700266529,12.712905648460264,1.0695697163436197,0.22717906460001783,0
4,2018-10-10,3313,58.307483265074012,7.6359336865293699,0.63339833988879524,0.069606086621607458,0,4.0409029076119483,2.010199718339436,0.16674544550947171,0.46943841199599218,1
4,2018-10-11,3314,488.40166941453174,22.099811524411962,1.8118312379103885,0.12719993824090506,0,320.79557845162867,17.910767109524613,1.4683965656507165,0.12510603949230678,0
4,2018-10-12,3315,380.30543826044095,19.501421442049832,1.5855458711370243,0.23086271887621529,0,22.204693463639337,4.7121856355240652,0.38312009720102974,0.50260042097726243,1
4,2018-10-15,3316,314.90505765790249,17.745564450247912,1.441908218919957,0.30296247902973172,1,293.68357428648898,17.137198554212091,1.3924757092883799,0.30011383276094034,1
4,2018-10-16,3317,30.554019068244788,5.5275690016719636,0.44974321644131349,0.52468161759319387,1,10.209975992371325,3.195305305032889,0.25998171799624825,0.75570179629525192,1
4,2018-10-17,3318,3.8363462987955903,1.9586593115689084,0.15951942921113399,0.091938592942072184,0,2.6684510609398533,1.6335394274212831,0.133040634232299,0.054363045403105298,0
4,2018-10-19,3319,1.3943255472127911,1.1808156279507784,0.096606040084331046,0.38480619377194752,1,20.973788412459843,4.5797148833153187,0.37468010171932575,0.74047008365915146,1
4,2018-10-22,3320,246.94964993259543,15.714631714825373,1.2714617674521924,0.23839939209851704,0,11.139582660189937,3.3376013333215724,0.27004339441899528,0.29428914800060735,1
4,2018-10-23,3321,29.696508834185401,5.4494503240405265,0.44284672090045318,0.54999235147408165,1,406.60920250443991,20.164553119383527,1.638661827587951,0.35236020543455332,1
4,2018-10-24,3322,0.37588148760929363,0.61309174485495532,0.049812458957991176,0.49479394475022853,1,45.415299855836139,6.7390874646227985,0.54753716807140052,0.28856016506897636,1
4,2018-10-25,3323,186.88736271048572,13.670675283631226,1.1079689819371259,0.20587407389822973,0,13.609366321637403,3.689087464622844,0.2989899472887988,0.019597863397942315,0
4,2018-10-26,3324,18.972387304649587,4.3557303985267026,0.35389424752410648,0.35370617730238224,1,81.216643429259037,9.012027709081849,0.73220894613924681,0.54662962765319889,1
4,2018-10-29,3325,83.719814594556979,9.1498532553564473,0.74668298150452483,0.5659931623742902,1,140.8053161695654,11.866141587287984,0.9683484239667034,0.80769043696373055,1
4,2018-10-30,3326,15.026090838138639,3.8763501954981621,0.31905429816026681,0.69928397846377233,1,261.33638361376427,16.165901880617866,1.3305816602014786,0.20753758694263366,0
4,2018-10-31,3327,463.43654914464281,21.527576480984635,1.7485746238057616,0.25149095626958184,1,419.80159694237574,20.489060421170507,1.6642212907582752,0.56959792440643253,1
4,2018-11-01,3328,106.94207659595206,10.341280220357248,0.83932150153049667,0.078884369741861415,0,61.36884291547598,7.8338268372153834,0.63581095992333281,0.78628243604501247,1
4,2018-11-02,3329,119.80524341080276,10.945558158942958,0.88825791510999863,0.0074745061537741051,0,422.71753986698866,20.560095813662656,1.6685003703520112,0.012662116227604252,0
4,2018-11-05,3330,356.38226347986813,18.878089508206813,1.5583696143475987,0.14077653974066917,0,941.18535268708843,30.678744314053802,2.5325032453404157,0.024713135830189248,0
4,2018-11-09,3331,14.731118967202635,3.8381139856969639,0.31837036918393796,0.4005061725627721,1,26.121703378447194,5.1109395788296297,0.42395085884696859,0.11499726224657918,0
4,2018-11-12,3332,34.117625925439874,5.8410295261571719,0.48590213178247837,0.72505330486102071,1,535.3584535649552,23.137814364476071,1.9247828270922613,0.61485399635139992,1
4,2018-11-13,3333,22.477542648413344,4.7410486865685471,0.39402025236389338,0.42720650778612895,1,0.030091808146930746,0.17346990559440201,0.014416780020311824,0.2267128919305374,0
4,2018-11-14,3334,62.67190691857283,7.9165590327220343,0.65326228763642646,0.081609608192025854,0,25.712648531235271,5.0707640973757862,0.41843166211790123,0.2198413147425595,0
4,2018-11-15,3335,14.773374503816425,3.8436147704753694,0.31443183658993529,0.1978358511198989,0,160.09171776730443,12.652735584343191,1.0350732644259808,0.49095201920661841,1
4,2018-11-16,3336,139.39531039802881,11.806579114969281,0.96648486533802247,0.22060673519936491,0,88.587892225029492,9.4121141209097914,0.77047430590289723,0.34653347816586605,1
4,2018-11-19,3337,178.95955250459082,13.377576480984544,1.0938329093200772,0.15966057591063321,0,363.91597116172301,19.076581747307955,1.5598186220202743,0.69720846172190587,1
4,2018-11-20,3338,127.94178584650504,11.311135479981886,0.92456559424406448,0.023393791601973312,0,19.362315988578342,4.4002631726498294,0.35967493645985193,0.0096690130030529543,0
4,2018-11-26,3339,83.012789734583919,9.11113547998184,0.74608053389959383,0.32824050835544233,1,43.56347394823819,6.6002631726498748,0.54047356474368446,0.16702866228432339,0
4,2018-11-27,3340,2.1549985543648869,1.4679913332049637,0.1209966068992346,0.23876889157541073,0,62.678056248720672,7.9169474072220964,0.65254048277124221,0.29135405240646667,1
4,2018-11-28,3341,204.66026547616855,14.305952099604156,1.1666423730564042,0.54913894098744331,1,498.47625251922472,22.326581747307955,1.8207202240414235,0.52439029351516642,1
4,2018-11-29,3342,2.6029294586242591,1.6133596804879744,0.13250870029879466,0.43006308813218486,1,1.8778448936252328,1.3703448082965224,0.11254936621054761,0.46327123642015172,1
4,2018-11-30,3343,232.50152241487004,15.248000603845412,1.2393725598508829,0.19123913530464987,0,695.72406467241683,26.37658174730791,2.1439146344231417,0.6828854082288851,1
4,2018-12-03,3344,272.80575281199384,16.516832408545952,1.3316804328425342,0.1831135083951545,0,66.531979486718058,8.1567137676099719,0.65764039084172965,0.29567663199047634,1
4,2018-12-04,3345,45.959308772751903,6.7793295223607402,0.54559812662353557,0.46953265683669748,1,2.9737504074239212,1.7244565542291639,0.13878367504158093,0.26758075274658732,1
4,2018-12-06,3346,7.0476885398571749,2.6547483006600032,0.21352435459342101,0.1258346831508366,0,0.61901014535197407,0.7867719779910658,0.063280944099659439,0.017989819450635082,0
4,2018-12-07,3347,10.03964763143245,3.1685402997961774,0.25442970247690833,0.13731918584797187,0,1.5957450355884895,1.2632280220088887,0.10143558212622064,0.080484038854341702,0
4,2018-12-10,3348,17.561855229151107,4.1906867252457687,0.33652025417536091,0.53548668717114145,1,1.4719222333877109,1.2132280220089342,0.097424558099167613,0.85232976762671919,1
4,2018-12-11,3349,5.5732046727580311,2.3607635783275782,0.18950540464198903,0.3199200119757909,1,2.766327453195903,1.6632280220089797,0.13351218318354241,0.20990222784855866,0
4,2018-12-12,3350,4.900903152411221,2.2137983540537789,0.17813706329139239,0.39257127346180415,1,1.7869593211420249,1.3367719779910203,0.10756563894516358,0.38673788430199257,1
4,2018-12-13,3351,57.765872665533685,7.6003863497544444,0.61524153881527055,0.34241583508220858,1,76.331184595410718,8.7367719779911113,0.70723049969572283,0.43867595401535475,1
4,2018-12-14,3352,34.952384494734858,5.9120541687923378,0.47614498198303368,0.18662207519275972,0,0.21317749123165639,0.46171148050666488,0.037185316353776414,0.29057459588299334,1
4,2018-12-17,3353,28.580366661195399,5.3460608546101867,0.4289545739075814,0.0046299661516414695,0,26.129594259942245,5.1117114805065285,0.41015096529780376,0.0042808231497809667,0
4,2018-12-18,3354,155.68600746551971,12.47741990419172,0.99421672543360318,0.16348845259948064,0,119.09854586036202,10.91322802200898,0.86957992207242862,0.39400606019854267,1
4,2018-12-19,3355,291.41394480982717,17.07085073480016,1.3550982921055892,0.44226973259720181,1,325.85730928873534,18.051518198997428,1.4329444889063248,0.50328589345270291,1
4,2018-12-20,3356,337.42882017699378,18.369235699315141,1.4600195286186177,0.10453837019349016,0,362.34406682318649,19.035337318345228,1.5129624701621607,0.17843534362337823,0
4,2018-12-21,3357,1399.3930914035839,37.408462831337829,2.9501942296007755,0.29705742691278314,1,1195.6189705134461,34.577723616707999,2.7269498120432174,0.42128806581630762,1
4,2018-12-27,3358,1939.2132196182959,44.036498721155112,3.4430413386360526,0.58769769120700588,1,721.61551458930887,26.862902199675091,2.1003050977072002,0.20593544899216346,0
4,2018-12-28,3359,1381.1044978754978,37.163214310329749,2.9036029619759161,0.45202037133306489,1,608.09707319509778,24.659624352270612,1.9266836746832261,0.38545099570505986,1
4,2019-01-04,3360,2269.6205316604628,47.640534544235152,3.6867771664011104,0.11875066633646345,0,1054.8457131264524,32.478388401003713,2.5134180777746256,0.11182303448685314,0
4,2019-01-07,3361,882.11779995847553,29.700468009081533,2.3087153025054632,0.47761887644580969,1,699.06266002947723,26.439793116238206,2.05525229245118,0.60762014097786388,1
4,2019-01-08,3362,1054.5422767023856,32.473716706012965,2.5200773479755521,0.72590452074892875,1,444.30669885221056,21.078583891054222,1.6357740098598652,0.84301174769314136,1
4,2019-01-09,3363,2260.0286983260885,47.539759131973824,3.6798327372067363,0.16658128798627694,0,983.14377351271776,31.355123560794937,2.4270550012226129,0.24424613756118829,0
4,2019-01-10,3364,1930.5307320790403,43.937805271531715,3.4088060259538167,0.17973158829797223,0,828.0279864312829,28.775475433627207,2.2324741404730366,0.28805931648947758,1
4,2019-01-11,3365,2724.221597897591,52.194076272098073,4.0322988467319281,0.17482083728568912,0,920.37340193890009,30.337656500443472,2.3437620905781422,0.2392158715257636,0
4,2019-01-15,3366,2375.3666714445203,48.737733548499364,3.7713946876498774,0.29636328620668717,1,478.455303380207,21.873621176664074,1.6926117137401591,0.51896887587684126,1
4,2019-01-16,3367,2294.950904351625,47.905645850480141,3.7116019098535782,0.45628293486088956,1,411.01971561488568,20.273621176664165,1.5707461979285786,0.57598765789448714,1
4,2019-01-17,3368,2111.5792865578937,45.951923643715872,3.5782528923622388,0.10520075920315709,0,243.20459104979636,15.595018148427926,1.2143761211982498,0.11437015256526122,0
4,2019-01-18,3369,1848.3886964304254,42.992891231346903,3.3533180899576402,0.29763484267135348,1,421.4726197931351,20.529798337858438,1.6012634223429092,0.41270210903028731,1
4,2019-01-22,3370,880.19107744309702,29.668014383222499,2.318175838664049,0.73162820156954111,1,161.57398171493702,12.711175465508177,0.99321577320739007,0.75290564525365544,1
4,2019-01-23,3371,1011.8476793533074,31.80955327182869,2.4779585005709039,0.084545835282283141,0,310.61816025926385,17.624362690868111,1.3729346958688253,0.019132527648230372,0
4,2019-01-24,3372,2638.0232269296584,51.361690265504876,3.9695254861662317,0.26234555303553625,1,943.81968987332561,30.721648553964769,2.3743448917199759,0.32384638279145983,1
4,2019-01-25,3373,3155.7198920792798,56.175794538922901,4.3140801396861264,0.20993730237039296,0,1775.0704937870842,42.131585464910813,3.2355401040518226,0.032426947775570918,0
4,2019-01-28,3374,3243.4545560463553,56.951334980370348,4.3555760758954039,0.39501846265322932,1,2028.5514822743476,45.03944362749553,3.4445675979882626,0.33441069195595063,1
4,2019-01-29,3375,2708.6648777821065,52.044835265202892,3.9707664046084452,0.53038716296587129,1,1589.4972993956719,39.868500089615509,3.0417715792794313,0.16661582465910219,0
4,2019-01-30,3376,2472.4640852786561,49.723878421525569,3.7706740290836103,0.15490354485195479,0,2093.3447792423049,45.753084915033924,3.4695597872930852,0.25163274405078268,1
4,2019-02-01,3377,1125.3189229213058,33.545773547815315,2.5607460723523143,0.45362064430779514,1,944.99503264871839,30.740771503797987,2.3466237789158768,0.3852730271170457,1
4,2019-02-12,3378,2576.0717385196522,50.755016880301127,3.8661652102605979,0.44745325305575101,1,2087.9184900493387,45.69374672807362,3.4806327489391853,0.47037478921728915,1
4,2019-02-13,3379,2314.1617311969922,48.105734909644525,3.6681333569441859,0.2282757870418809,0,2383.7790797761895,48.823960099281067,3.7228990887400255,0.17364359512443381,0
4,2019-02-14,3380,2830.8502272753562,53.205734909644434,4.0412999817435296,0.15041383334303718,0,2623.609322768089,51.221180411701653,3.8905609670503707,0.15112924410325196,0
4,2019-02-15,3381,7022.1247818785241,83.79811920251268,6.2361391034428042,0.16640070879117516,0,4370.3312911913426,66.108481234947021,4.9197009291123361,0.35089767211939976,1
4,2019-02-20,3382,1494.218013916302,38.655116270893586,2.9036707057948234,0.29054051471565789,1,1450.6075753598366,38.086842549098719,2.8609834778665704,0.45394721983047143,1
4,2019-02-21,3383,461.97290551662832,21.493554976239466,1.6172119164997154,0.4249038713829783,1,89.10290726940795,9.4394336307539106,0.71023916562611722,0.35958052731711831,1
4,2019-02-22,3384,1182.0252844854722,34.38059459179658,2.5829679269596619,0.2037146158837313,0,433.85406434465,20.829163793696807,1.5648671194693518,0.098472355637155437,0
4,2019-02-25,3385,469.07979038926391,21.658249938285962,1.6345232208811715,0.34705464860234181,1,579.23530514281958,24.067307808369833,1.8163320484789129,0.14995391276618414,0
4,2019-02-26,3386,1256.6252832211626,35.448910889069111,2.6797377547771188,0.062412367956726569,0,881.30862053497276,29.686842549098628,2.2441578825338193,0.17841389596994761,0
4,2019-02-27,3387,1628.6329049252051,40.356324224651644,3.0592672724596626,0.30022668432420591,1,1044.417009370366,32.317441256546999,2.4498685711668116,0.1526586073083602,0
4,2019-02-28,3388,1817.5484899089256,42.632716192015323,3.2495686719779959,0.20538066623895646,0,931.84514609521159,30.526138735438053,2.3267760764844736,0.13694920150599338,0
4,2019-03-01,3389,305.37737177245788,17.475049979111873,1.3611972253553415,0.34871202271660828,1,114.49941117315811,10.700439765409556,0.83349741123302357,0.76589240282388471,1
4,2019-03-05,3390,1405.2993757626152,37.487322867372313,2.9153729336526277,0.5241237403475858,1,73.175172980873185,8.5542488262192364,0.6652602423470263,0.39966870481029282,1
4,2019-03-06,3391,2201.2880641953461,46.917886399488907,3.6503451645132587,0.089755171112815016,0,563.1033291554312,23.729798337858483,1.8462458832847182,0.27971634960735631,1
4,2019-03-07,3392,2279.3084622774372,47.742103664139449,3.6816736968682826,0.37234556609256708,1,943.74918152947987,30.720500997371119,2.3690380564774336,0.1933633087036678,0
4,2019-03-08,3393,3161.2028443835761,56.224575092957139,4.3492225946979026,0.18273243868237685,0,1071.3566870467548,32.731585464910722,2.5319346714299531,0.18359205445847901,0
4,2019-03-11,3394,3493.3309833241433,59.104407477988843,4.5568333894598387,0.17869404981993953,0,1192.9731660969414,34.53944362749553,2.6629230659955692,0.50221160294442369,1
4,2019-03-12,3395,4184.832564799085,64.690281842013064,4.9497135959304535,0.31756270822700544,1,1449.7367174947126,38.075408303716358,2.9133025979353731,0.24648404239764038,0
4,2019-03-13,3396,2836.4213902624106,53.258064086694048,4.1108459022572692,0.12315658543606246,0,839.53870459188647,28.974794297663038,2.2364859941849438,0.013482825937233404,0
4,2019-03-14,3397,3585.0382027200917,59.875188540163208,4.5934168423600461,0.38006544881690851,1,1520.7806432510667,38.997187632585337,2.9917290090207391,0.34168160504820849,1
4,2019-03-15,3398,3323.4473317157572,57.649348059763497,4.415544428597082,0.27614433061611043,1,1384.0927725887261,37.203397325899232,2.8495249177312525,0.59449466857347411,1
4,2019-03-18,3399,4652.4160317255373,68.208621388542497,5.2159227184019645,0.084014482293141152,0,1330.7309093559236,36.479184603769909,2.7895682957689001,0.15741159035683217,0
4,2019-03-19,3400,424.17897880664373,20.595605813052543,1.5797810702655937,0.39738744422326139,1,945.75223179128704,30.753084915033924,2.3589081011761848,0.28135971554648309,1
4,2019-03-20,3401,3843.1828718899537,61.993409906940542,4.7276298258934295,0.57125694691451745,1,1163.1145169641597,34.104464765836155,2.6008132971735041,0.878418637692155,1
4,2019-03-22,3402,3044.1368703047442,55.173697268759724,4.181250977133093,0.41952088397846998,1,2821.9341805571694,53.12188043129845,4.0257572984197987,0.85627952062730306,1
4,2019-03-25,3403,1704.0937328680782,41.280670208562242,3.1361141235707852,0.49576021328855485,1,2131.2127003126839,46.165059301518113,3.5071837196321591,0.81644160725068959,1
4,2019-03-26,3404,2029.7443186253815,45.052683811570887,3.4399239376628912,0.42123526610493117,1,1377.5466135880042,37.115315081351582,2.8338791388372591,0.22384821639191599,0
4,2019-03-27,3405,524.15253496560376,22.894377802543659,1.7677008688216544,0.28781183200785426,1,847.99501459440114,29.120353957230691,2.2484155470200893,0.14845813671086472,0
4,2019-03-28,3406,1689.3963944913619,41.102267510337697,3.185481477977036,0.16784779595969471,0,269.43740466742992,16.414548567275006,1.2721497765849032,0.17816783479591339,0
4,2019-04-02,3407,2313.237276378823,48.096125378026272,3.7270816674823721,0.31800921371100943,1,894.3164151864097,29.905123560794891,2.3174182309113016,0.39698214426116724,1
4,2019-04-03,3408,1606.7858560309696,40.084733453410536,3.1239319996423283,0.31146084879932762,1,224.30079318808694,14.976674971037028,1.1671803741602327,0.50774402463557378,1
4,2019-04-04,3409,2929.9147116694335,54.128686587330321,4.1637451221023323,0.4119283522530548,1,1370.4982686456337,37.020241336944764,2.8477108720726743,0.48987671211104611,1
4,2019-04-08,3410,4382.9821616334048,66.204094749746446,5.0808975249229809,0.5435145929478632,1,1847.4166890774247,42.981585464910722,3.2986635045979069,0.30767927511078802,1
4,2019-04-09,3411,1626.878073096784,40.334576644571143,3.0897067405546852,0.16172987450432921,0,2016.4701220102565,44.905123560794891,3.4398194921900411,0.58764405985051926,1
4,2019-04-10,3412,3733.5638641336027,61.102895709889253,4.7045654226893481,0.29439893459861433,1,743.23885959657366,27.262407443154643,2.0990458456386389,0.5422995609643777,1
4,2019-04-11,3413,2314.274243039662,48.10690431777607,3.7168279624334444,0.30188330872037172,1,856.77538467128136,29.270725728469415,2.261510138953057,0.22941905159600551,0
4,2019-04-12,3414,656.74004015714945,25.626939734528378,1.9933060891011065,0.57034981395173645,1,264.18552421859164,16.253784919783811,1.2642464838629339,0.64063174342897811,1
4,2019-04-15,3415,406.92957499459919,20.172495507363465,1.580483057732085,0.041966262286315052,0,5.6351484550090785,2.3738467631692401,0.18598713230455913,0.01906808038175482,0
4,2019-04-16,3416,974.20991601327069,31.212335958932499,2.4466830727390843,0.089811718006354027,0,823.76742861957575,28.70134889895553,2.2498509758529064,0.03605273667712651,0
4,2019-04-18,3417,716.67250543517912,26.770739725214526,2.1087624832780252,0.12415361629334873,0,129.12959979045257,11.363520572008156,0.89511780795653062,0.067629032874231151,0
4,2019-04-23,3418,1468.1486994537549,38.316428584273808,3.0131269283430036,0.063032134926692601,0,693.50248977346928,26.334435436771173,2.0708870708741536,0.32176996800286117,1
4,2019-04-24,3419,2054.0296171239543,45.321403521117418,3.5385230731665689,0.47840253238967761,1,1449.1920049494556,38.068254556118745,2.9722247467300709,0.20067815007127887,0
4,2019-04-25,3420,2945.9263479372758,54.276388493867898,4.2264747308727539,0.33001471315385394,1,1952.7471676691061,44.189898932551387,3.4410449254439639,0.92784426672894782,1
4,2019-04-26,3421,1009.2247254919251,31.768297491239991,2.4795736412144853,0.35472216137161205,1,673.90209651099906,25.959624352270566,2.0261960936833101,0.31469022336722435,1
4,2019-05-07,3422,836.94544460078032,28.930009412386653,2.2510122480848627,0.25406050561808713,1,145.13289798424961,12.047111603378198,0.93737251815890121,0.15032823839995876,0
4,2019-05-08,3423,988.62877540844397,31.442467705452827,2.4447918284311352,0.23520141877764017,0,210.21806439527208,14.498898730430255,1.1273539173027181,0.24674641854372042,0
4,2019-05-09,3424,1308.3371315800468,36.170943194504162,2.8102667387541111,0.23413743796765443,0,240.21586185613259,15.498898730430255,1.2041720713565578,0.45646426785641864,1
4,2019-05-10,3425,1600.2250908805981,40.002813537057591,3.0875898068121019,0.29702545790885926,1,467.59074883702482,21.62384676316924,1.6690218248818494,0.10823566814760534,0
4,2019-05-13,3426,2400.7480919066447,48.997429441825261,3.7736775602145145,0.14839298140035614,0,949.79312462059374,30.818713870319016,2.3735916412753402,0.2328529114173776,0
4,2019-05-14,3427,3001.7941960495032,54.788631996514596,4.2174299127484103,0.12947569866958394,0,862.88403584667731,29.374887843984652,2.2611721841262913,0.10491576002720088,0
4,2019-05-15,3428,933.80962624875224,30.558298811431769,2.3657427275243297,0.54414033126027428,1,970.64172408839693,31.155123560794891,2.4119473221951604,0.28067263912642088,1
4,2019-05-16,3429,1338.9933699776668,36.592258333938162,2.8569845669845537,0.425274855345319,1,232.95802710189719,15.26296259256037,1.1916741561961564,0.069831226309734346,0
4,2019-05-17,3430,273.90549042413062,16.550090344893306,1.301977763827503,0.39671517125054512,1,63.924124939833732,7.9952564023822106,0.62897820102916335,0.67033216724843381,1
4,2019-05-21,3431,1047.613454824236,32.36685735168362,2.5409685469998133,0.2620136035819719,1,670.68033261719086,25.897496647691469,2.0330897038539386,0.12494072674360394,0
4,2019-05-22,3432,2482.5585433855294,49.825280163643129,3.8815315828803119,0.33520683286722236,1,1653.9491080903865,40.668773132347951,3.168213542036221,0.52178164078369271,1
4,2019-05-23,3433,1680.9223896209135,40.999053521037695,3.196807292088709,0.39737206762404842,1,593.58113466266457,24.363520572008156,1.8996897132170103,0.44076133287309638,1
4,2019-05-24,3434,759.56406635341591,27.560189882390432,2.1560032764132391,0.44736491023273822,1,44.259221258172651,6.6527604239272478,0.5204381149907884,0.40390476628869348,1
4,2019-05-28,3435,1402.7385026326847,37.453150770431648,2.9222604276075095,0.41718476156744055,1,954.57291128310112,30.896163374812431,2.4106552783374893,0.31514003549168618,1
4,2019-05-29,3436,1460.8249451425952,38.220739725214571,2.9837807662449407,0.37600824411758049,1,838.18439469545694,28.9514143816059,2.260151792154721,0.41110988501770662,1
4,2019-05-30,3437,5531.0069272755882,74.370739725214435,5.6465522530722376,0.061998261773097481,0,3476.6967582456182,58.963520572008065,4.4767687018455753,0.14252507437394268,0
4,2019-06-03,3438,4624.7259723366697,68.005337822384718,5.1353851479996013,0.10380179453520583,0,4058.3427678961384,63.705123560794846,4.8106568669658181,0.1667694333248618,0
4,2019-06-04,3439,3212.6494668781129,56.680238768711206,4.244121210685976,0.36263708012433443,1,4555.3972421521521,67.493682979610412,5.0538137760846435,0.48722913919474353,1
4,2019-06-06,3440,522.82215251475566,22.865304557664558,1.7210074181593076,0.60763912727646585,1,1255.7698098496069,35.436842549098628,2.6672318643006649,0.63281218473219136,1
4,2019-06-10,3441,1059.5282000401776,32.55039477548894,2.4579320981264776,0.38939499909743802,1,1619.4655868252103,40.242584246357865,3.0387815635700268,0.10268176741313148,0
4,2019-06-11,3442,2005.879735015903,44.787048741973422,3.3615077676266312,0.44351738682798147,1,2472.0301045070773,49.719514322920304,3.7317157145585096,0.39999430375574174,1
4,2019-06-12,3443,1566.7825257159795,39.582603826883087,2.9629915283242072,0.30188139759961768,1,1826.4377110664625,42.73684254909881,3.1991049142225321,0.14116087037319383,0
4,2019-06-13,3444,4097.5208102220658,64.011880227205211,4.7372344293953903,0.20622316998483783,0,3927.2546166523393,62.667811647227154,4.6377658943368845,0.011781161737556363,0
4,2019-06-14,3445,1773.4460072691554,42.112302326863528,3.1396631869726037,0.32052028277727845,1,93.025847058304464,9.6449907754390551,0.71907781819421868,0.24596539178067331,0
4,2019-06-17,3446,1722.0791533273236,41.497941555302759,3.0937444779738894,0.13927895679567348,0,730.70747828948538,27.031601474745912,2.0152533995412019,0.025089966114540407,0
4,2019-06-18,3447,3062.4776049082734,55.339656711153111,4.1173808051153689,0.13905021466761874,0,260.59492263108598,16.142952723435883,1.2010678712425791,0.48127940541081282,1
4,2019-06-19,3448,6392.6034603748685,79.953758262978909,5.7958505446160862,0.081227710861160971,0,2795.8441257908639,52.875742319052733,3.8329642855420611,0.22769803996368645,0
4,2019-06-20,3449,6972.924014215243,83.504035915728309,5.9767409308755894,0.1302407036423005,0,4053.8386576760499,63.669762506829329,4.5571171675789515,0.13793153934988467,0
4,2019-06-21,3450,7625.6419385080626,87.324921634708971,6.2122018663092389,0.13728854244598074,0,5063.2007102249609,71.156171272946949,5.0619741959839901,0.11363636843016091,0
4,2019-06-24,3451,9631.1635760976897,98.138491816909891,6.8561193109480154,0.13966329169494324,0,8052.0846013921873,89.733408502029988,6.2689261214216838,0.099936847554683142,0
4,2019-06-25,3452,1275.1139594102547,35.708737857984488,2.5434479759239634,0.61801108251189751,1,380.15123091600287,19.497467294907892,1.3887579539804047,0.50759204730645835,1
4,2019-06-26,3453,255.55791065091756,15.986178738238777,1.1398344911400198,0.028511057273468338,0,254.45068505067357,15.951510431638553,1.1373625976212873,0.10148270731691322,0
4,2019-06-27,3454,5301.272068405402,72.809834970321162,5.1674829645366334,0.050157806065475145,0,6264.6113633645537,79.149297933491198,5.6174093636260611,0.028378405344045857,0
4,2019-06-28,3455,4204.7829250358373,64.844297552181388,4.6647217863593546,0.083468858387452105,0,3797.5325576605414,61.624123179648905,4.4330712308214446,0.19217065677444189,0
4,2019-07-01,3456,4891.3492605350366,69.938181707383819,5.0277259413668682,0.20698216292529389,0,4329.7311603578482,65.800692704240191,4.7302895441745578,0.13612556623762806,0
4,2019-07-02,3457,8774.673157420084,93.67322540310056,6.6270410614149675,0.117032103033938,0,7106.7043626205259,84.30127141758021,5.964009297317312,0.10956291770924906,0
4,2019-07-03,3458,3185.8281806460932,56.44314113022142,4.0646052734829814,0.20523278580474297,0,3534.4536731668004,59.451271417580301,4.2812279132668634,0.27415931039864427,1
4,2019-07-05,3459,5410.3003354154507,73.554743799536482,5.2535350188941132,0.20727948500231536,0,3892.6301137755745,62.39094576759976,4.4561778278408513,0.00082787732539929895,0
4,2019-07-08,3460,5354.569156245786,73.17492163470888,5.2585190352275433,0.22080232833490229,0,3249.7035632005518,57.006171272946858,4.0965952551433187,0.13364644634426767,0
4,2019-07-09,3461,7471.8892055051128,86.440090267798269,6.137903164652295,0.18457941558463878,0,5439.9728008442717,73.756171272946858,5.237248545973646,0.15043424365486732,0
4,2019-07-10,3462,6957.2112377258081,83.409898919287798,5.8999044328408701,0.1984991387418992,0,6273.6175677193996,79.206171272946904,5.6025585338954489,0.19937980427424751,0
4,2019-07-11,3463,1318.6910211382528,36.313785552297531,2.579836995758563,0.28558969989134214,1,1655.1598143384147,40.683655370903125,2.8902852636333565,0.48878826477033166,1
4,2019-07-12,3464,321.39792809479979,17.927574517898393,1.2715944616731136,0.26816355667893843,1,1115.9280443708842,33.405509191911506,2.3694371168501265,0.057092889738360915,0
4,2019-07-16,3465,376.94245572809371,19.415005942005109,1.3766090645588054,0.10583325579652764,0,601.86218300414055,24.532879631305832,1.7394887532389713,0.032530281985115754,0
4,2019-07-17,3466,2033.141332219019,45.090368508352412,3.1810905857950837,0.10472787362796097,0,909.85839562429373,30.163859097010345,2.1280369040890572,0.19244740382616887,0
4,2019-07-18,3467,4425.9850162367757,66.528076901686973,4.62096804207036,0.16332349841614993,0,3729.6192304529527,61.070608564619306,4.2418982124483788,0.52252059461294342,1
4,2019-07-19,3468,3567.9728217452102,59.732510593019697,4.1836813582923966,0.062252086122152654,0,1350.1012483932159,36.743723932029752,2.5735404610071617,0.050821604413114708,0
4,2019-07-22,3469,2327.9424852587972,48.248756307896656,3.3845713098731474,0.57161261779193107,1,1179.6474777901396,34.345996532203571,2.4093154594509887,0.44224451690843053,1
4,2019-07-23,3470,3031.7650971316189,55.061466536332091,3.858682261910515,0.48893057720095684,1,1037.5221230989671,32.210590232079994,2.2573033555541535,0.64741009389419879,1
4,2019-07-24,3471,1604.9049465318624,40.061264914276762,2.8289855881842216,0.37004340650058903,1,356.6170503660129,18.884306986649335,1.3335433222688609,0.39688317258367778,1
4,2019-07-25,3472,2448.3092560663149,49.480392642604556,3.4835534104903232,0.1065745116967623,0,887.80140934708993,29.795996532203617,2.097718708265532,0.032478681755638096,0
4,2019-07-26,3473,1864.1258704879617,43.175523974677617,3.0425653764615497,0.26430499396905366,1,525.46806578808537,22.923090232080085,1.6153828428934911,0.18902665199982535,0
4,2019-07-29,3474,1271.9328971256539,35.664168252262016,2.5011689636203109,0.4974500411830845,1,864.65757968088178,29.405060443414868,2.0622105647952074,0.002337725737850598,0
4,2019-07-30,3475,1562.0717099595736,39.523052892705209,2.768593246660727,0.28636531812110361,1,964.41677914414242,31.055060443414732,2.1754096489380221,0.58019340545083087,1
4,2019-07-31,3476,923.92985118479783,30.396214421944023,2.1606635216053474,0.43303061458664688,1,204.35986073367363,14.295448951805383,1.0161678242682246,0.47711042398199227,1
4,2019-08-01,3477,3219.8833375988029,56.744015874793376,3.9357735997775882,0.34565626860499571,1,1850.4457551196974,43.016807821126122,2.9836523545084876,0.71256667500315629,1
4,2019-08-02,3478,8496.5697666099823,92.176839643209632,6.2908609208810526,0.70567268042384002,1,4734.2907944142089,68.806182821125958,4.695866426966453,0.70341873271780053,1
4,2019-08-05,3479,7748.1204932603396,88.02340878005316,6.0073986541582096,0.71093670115906549,1,4917.4185473920288,70.124307821125967,4.7858254783228773,0.50429179892058229,1
4,2019-08-06,3480,13526.70216728263,116.3043514546323,7.7224761099984924,0.15457080875904489,0,12304.202065595897,110.92430782112592,7.3652473570682195,0.23005378040463234,0
4,2019-08-07,3481,10422.095128790701,102.08866307671337,6.8252490775004766,0.47153183541445765,1,10125.251324480712,100.62430782112597,6.7273480074294483,0.046665189719428429,0
4,2019-08-08,3482,10357.305226887662,101.77084664523363,6.7951423279183842,0.64449949424869069,1,10521.488624983112,102.57430782112601,6.848788664026574,0.65519225396110681,1
4,2019-08-09,3483,12223.806490198596,110.56132456785508,7.3786255050624039,0.3952221141332819,1,10665.5826559327,103.27430782112606,6.8923056474323312,0.57069345121095316,1
4,2019-08-13,3484,15596.129680435415,124.88446532870057,8.2527318902164595,0.13518371327045489,0,13953.352098220121,118.12430782112597,7.8060008472576232,0.4198008964681687,1
4,2019-08-14,3485,16099.667541750217,126.88446532870057,8.3738304127174104,0.13106462110036954,0,14429.849329504625,120.12430782112597,7.9276890164082472,0.066557945065493201,0
4,2019-08-16,3486,11714.699484989666,108.23446532870048,7.2320236087598886,0.18595151139321989,0,10297.035147776609,101.47430782112588,6.7803225859365144,0.49302910896319696,1
4,2019-08-19,3487,13498.829983716014,116.18446532870053,7.722206994031473,0.032686172441083593,0,11973.67914213252,109.42430782112592,7.272892746743274,0.15837713541449283,0
4,2019-08-20,3488,13198.440373861404,114.88446532870057,7.6424058093264966,0.28012704503930985,1,11690.865941797601,108.12430782112597,7.1927029982455331,0.30665428707898534,1
4,2019-08-21,3489,12924.157657072512,113.68446532870053,7.5686205737958474,0.26454766212409025,1,11432.807603026889,106.92430782112592,7.1185584914700524,0.2291828639816508,0
4,2019-08-22,3490,13325.115785722965,115.43446532870053,7.6761846873720261,0.28450441164100204,1,11810.105180400831,108.67430782112592,7.2266463506534064,0.11910240443135293,0
4,2019-08-23,3491,20904.667614386231,144.58446532870062,9.431779596770971,0.18953956730041591,0,18995.539826372496,137.82430782112601,8.9907895117992123,0.09665232337531264,0
4,2019-08-27,3492,22136.817123147328,148.78446532870066,9.6792418000000424,0.31793377577191284,1,20170.904012069968,142.02430782112606,9.2394566451631945,0.19047500908666151,0
4,2019-08-28,3493,23053.70486165239,151.83446532870062,9.8581005926957932,0.37383505893926761,1,21046.554789778824,145.07430782112601,9.4191863278227519,0.14514868684122928,0
4,2019-08-29,3494,19609.651479895067,140.03446532870066,9.1621607778526979,0.081401093288412982,0,17762.041125200263,133.27430782112606,8.7198578789012071,0.22957148483878023,0
4,2019-08-30,3495,22345.605374607458,149.48446532870048,9.7203540871151599,0.31763527967935828,1,20370.228043019491,142.72430782112588,9.2807691140960351,0.2379343302023697,0
4,2019-09-03,3496,24880.161552531015,157.73446532870048,10.202086884981599,0.23369774815541891,0,22793.241622068072,150.97430782112588,9.7648475403354169,0.1923097641350435,0
4,2019-09-04,3497,19806.189731355196,140.73446532870048,9.2037450349029157,0.36564494683318866,1,17949.11515614979,133.97430782112588,8.7616446158606944,0.31597106282020221,1
4,2019-09-05,3498,18315.417505805268,135.33446532870062,8.8819626782634771,0.047655653935775477,0,16531.352631681664,128.57430782112601,8.4382954532470968,0.18694692991164022,0
4,2019-09-06,3499,14600.968011272951,120.83446532870062,8.0065243392990073,0.58424405937757917,1,13012.947704869011,114.07430782112601,7.558594475293269,0.5883419683616079,1
4,2019-09-09,3500,10462.111847578168,102.28446532870066,6.8617358419951469,0.16040987355093336,0,9124.8933847052449,95.524307821126058,6.4082318331684878,0.43980219446239993,1
4,2019-09-11,3501,16086.981595217359,126.83446532870062,8.3708068458751725,0.51728442391116913,1,14417.839398722523,120.07430782112601,7.9246507273710414,0.097351250292391778,0
4,2019-09-12,3502,12935.528603605371,113.73446532870048,7.5716973123427529,0.17055191563620198,0,11443.502533808993,106.97430782112588,7.1216502111128346,0.61588505856211184,1
4,2019-09-17,3503,13255.945106525754,115.13446532870057,7.6577629084602972,0.67993168702160922,1,11744.990595708165,108.37430782112597,7.2081348733705335,0.071577115137739122,0
4,2019-09-18,3504,12619.032100685041,112.33446532870062,7.4854711353835288,0.53103333937476027,1,11145.93447190987,105.57430782112601,7.0350041861215438,0.21868892177464172,0
4,2019-09-19,3505,12890.074817473933,113.53446532870066,7.5593891290166217,0.29506139138048759,1,11400.752810680582,106.77430782112606,7.1092820974183404,0.20774425282677877,0
4,2019-09-20,3506,17499.179767300207,132.28446532870066,8.6992052956762329,0.60641403327319454,1,15756.351853972808,125.52430782112606,8.2546481978841975,0.56399476624821443,1
4,2019-09-24,3507,19707.798105625134,140.38446532870057,9.1829576666361774,0.1411994367066233,0,17855.455640675027,133.62430782112597,8.7407560308177246,0.077690923884494084,0
4,2019-09-25,3508,13932.135005432239,118.03446532870066,7.8355327488516107,0.052508776373958385,0,12381.971581070717,111.27430782112606,7.3867703014555266,0.18791752164893022,0
4,2019-09-26,3509,10309.247649585117,101.53446532870066,6.8148510187731155,0.36952818978744012,1,8982.1694229735567,94.774307821126058,6.3611187207950906,0.58004196499915239,1
4,2019-09-27,3510,7987.1482300858515,89.370846645233541,6.0170232710720759,0.15605082262271822,0,8131.4057910191714,90.174307821125922,6.0711174726402692,0.1984894355838451,0
4,2019-09-30,3511,11670.212105173307,108.02875591791894,7.1672752309118559,0.29718322273643843,1,12571.860404366609,112.12430782112597,7.4389986943855346,0.23587805412605689,0
4,2019-10-09,3512,11440.724953310009,106.96132456785494,7.1555609156980839,0.26345964502727898,1,9934.9676396205632,99.674307821125922,6.668069830152926,0.63749820410279245,1
4,2019-10-10,3513,6925.7093163495019,83.220846645233678,5.6262614775535731,0.4567011315482844,1,7060.0843048193456,84.024307821126058,5.6805805916320899,0.096323654937565437,0
4,2019-10-11,3514,9363.3531668898322,96.764420976357997,6.5038594553271949,0.74007620890388881,1,8588.5273301248017,92.674307821125922,6.2289493091225916,0.4760551123102752,1
4,2019-10-15,3515,8620.812387852824,92.848330021884749,6.2519917865386008,0.24406396075222009,0,8095.3760678907129,89.974307821125876,6.0584679699094934,0.12110202241901294,0
4,2019-10-16,3516,10309.295494033775,101.53470093536384,6.8023113881595707,0.18766901939563399,0,9510.9906159897491,97.524307821126058,6.5336353345476867,0.25208656079088232,1
4,2019-10-17,3517,8037.8113471478646,89.653841786885323,6.0170363615359275,0.17809553073249479,0,9001.134284537764,94.874307821125967,6.3674032094715409,0.12461085345580891,0
4,2019-10-18,3518,9072.8158248190921,95.251329779794105,6.3736712355578371,0.28185075286204109,1,9865.3181241457933,99.324307821126013,6.6462115039731016,0.29727860566104208,1
4,2019-10-23,3519,10124.554779603606,100.62084664523354,6.7235205402581641,0.39191517965448919,1,10286.890216994505,101.42430782112592,6.7772081000384832,0.43444596855905609,1
4,2019-10-24,3520,14380.798104882902,119.91996541394974,7.9236159380190783,0.2171614869181093,0,14000.641821348583,118.32430782112601,7.8181841369801459,0.36857588522733459,1
4,2019-10-25,3521,10760.839297031362,103.73446532870048,6.9522461851551833,0.29926672272779115,1,9404.0163773864751,96.974307821125876,6.4991828846006223,0.083301736192843312,0
4,2019-10-30,3522,15156.398236851746,123.11132456785504,8.1479416637119044,0.20929585029260347,0,13415.270282242953,115.82430782112601,7.6656611946871847,0.65312104315760966,1
4,2019-10-31,3523,14504.460439009968,120.43446532870053,7.9821358250729402,0.16766271935274868,0,12921.84825861209,113.67430782112592,7.5340872097776996,0.14066958846761157,0
4,2019-11-01,3524,10117.234665460577,100.58446532870062,6.7553957707579579,0.4467138869543702,1,8803.0007381134074,93.824307821126013,6.3013739763676426,0.27879648206680158,1
4,2019-11-05,3525,9645.4642733725486,98.211324567854945,6.6088842614888428,0.31701167710101341,1,8267.2297527508599,90.924307821125922,6.1185227832930202,0.31484966350833232,1
4,2019-11-06,3526,7800.5719521308692,88.320846645233587,5.9505370823805688,0.13702940037032421,0,7943.1422445948156,89.124307821125967,6.0046695517012614,0.20042532522156978,0
4,2019-11-07,3527,4218.675240163574,64.95132977979415,4.4361117221455553,0.075802898734261284,0,4764.3550701855638,69.024307821126058,4.7142921026620259,0.045025618385837879,0
4,2019-11-08,3528,3975.9285554750591,63.054964558510846,4.3226821524995431,0.19008481619893136,0,4041.6926149352839,63.574307821126013,4.358285310284912,0.2464847240292421,0
4,2019-11-11,3529,4600.8479040189941,67.829550374589644,4.6366498307874524,0.10758818547123654,0,4593.3568006327487,67.774307821126058,4.6328735949911852,0.057608313569450863,0
4,2019-11-13,3530,4841.8248765368662,69.583222665645962,4.7443645495275595,0.31897133761349206,1,5115.7266092911941,71.524307821126058,4.8767127686309655,0.35259033351324276,1
4,2019-11-14,3531,5149.468633200674,71.759798168617181,4.8919352490706371,0.37097833926037876,1,5151.5512632017571,71.774307821126058,4.8929243861971541,0.45150958266656205,1
4,2019-11-15,3532,5257.6708304535996,72.509798168617181,4.9405374693296888,0.65401381497357058,1,5259.7752249334462,72.524307821126058,4.9415261009863425,0.49472762913425916,1
4,2019-11-18,3533,5374.3265075233803,73.309798168617135,4.9923251161848983,0.48955026107634442,1,5376.4541174472415,73.324307821126013,4.9933132092428076,0.34129741110303424,1
4,2019-11-19,3534,5397.0063141750497,73.464320007572724,4.9917999597453777,0.35133184309468996,1,5863.6246182845607,76.574307821126013,5.203119373590134,0.041773979478269892,0
4,2019-11-20,3535,6155.9064438940541,78.459584780280693,5.3481193401915883,0.30635088901333685,1,5173.1060555480753,71.924307821125922,4.9026487046198781,0.45814614252993285,1
4,2019-11-21,3536,4613.1795317376409,67.92039113357373,4.6379453811037408,0.037248941936136211,0,4805.8596548782334,69.324307821126013,4.7338118625508558,0.14335763107203683,0
4,2019-11-22,3537,3851.7234235211649,62.062254418617158,4.2555029085722129,0.1570454608114058,0,4003.6380302426141,63.274307821126058,4.3386113426444082,0.0170388041159821,0
4,2019-11-25,3538,4226.9381300947325,65.014906983665924,4.4694536131485867,0.18460382930407343,0,3543.1432215841687,59.524307821126058,4.0920020500550685,0.11835042595527411,0
4,2019-11-26,3539,5627.1779200361198,75.014518061746685,5.157941215095863,0.019136324548713366,0,3507.5186368914715,59.224307821125876,4.0722183670454761,0.11550994096917629,0
4,2019-11-27,3540,6996.7710652306978,83.646703851560687,5.7286377325316353,0.37060548029330653,1,4228.1606076165554,65.024307821126058,4.453262186838753,0.46855059614252897,1
4,2019-11-29,3541,6693.6153656759043,81.814518061746867,5.5993236876259695,0.38263364650639253,1,4359.2092232588075,66.024307821126058,4.5186536509684876,0.19414984322841178,0
4,2019-12-02,3542,8623.5765927051107,92.863214421562589,6.2860092345199075,0.52535936052054522,1,6752.6168658811566,82.174307821125922,5.5624658377530576,0.34088250829074562,1
4,2019-12-03,3543,7595.2105893594535,87.150505387860221,5.9081082901403441,0.1643606045084651,0,6395.8899114681954,79.974307821125876,5.4216194035066012,0.25166428411465142,1
4,2019-12-04,3544,5630.9231217638708,75.039477088822196,5.0841476397453977,0.18992274978921539,0,6532.5687347641315,80.824307821126013,5.4760871182035986,0.084476022819331836,0
4,2019-12-05,3545,3885.2534039938514,62.331800904464899,4.2703251398941457,0.25108653770785183,1,4163.3862997954293,64.524307821126058,4.4205328552136507,0.033531419173532404,0
4,2019-12-06,3546,4027.7199140235957,63.464320007572724,4.3418156945729436,0.38254586287707187,1,4432.1384618620405,66.574307821126013,4.5545808183023881,0.5885294831467841,1
4,2019-12-09,3547,4707.6414564050438,68.612254418617113,4.6835901852361594,0.60865378799238345,1,4875.4339626993597,69.824307821126013,4.7663270296683171,0.51205229038290534,1
4,2019-12-10,3548,5012.9244523476355,70.802008815764793,4.8269708764497405,0.44536555366106345,1,5137.2064016375125,71.674307821125922,4.8864404023129211,0.070586173121340884,0
4,2019-12-11,3549,4886.579618380686,69.904074404720404,4.7625067723613848,0.020058650879826848,0,5281.5550172797639,72.674307821125922,4.9512404837938364,0.048834551213984598,0
4,2019-12-12,3550,5459.4950053319671,73.888395606698396,5.0380741583729991,0.6085555436516662,1,5108.5766785090555,71.474307821125876,4.8734697818850323,0.35790401619076617,1
4,2019-12-13,3551,6400.6519213560605,80.004074404720541,5.4133618245294359,0.12803787738253644,0,6851.5860352665304,82.774307821126058,5.600805725768053,0.38450591305423309,1
4,2019-12-16,3552,5867.7637240327576,76.601329779794014,5.1904953096485986,0.15391797598688114,0,6508.3439424177786,80.674307821125922,5.4664797276816595,0.17298304518039159,0
4,2019-12-17,3553,5599.3427122234825,74.828755917918897,5.0764055437684545,0.27354826841938518,1,6229.0463650438387,78.924307821125922,5.3542490296208358,0.10824813396856314,0
4,2019-12-18,3554,6301.4703148360968,79.381800904464853,5.3756213790522684,0.39069755675352391,1,6654.3676964958204,81.574307821126013,5.524094793873231,0.094546616943323517,0
4,2019-12-19,3555,6900.7655623559167,83.070846645233587,5.616690104478268,0.063408653439003287,0,7034.8995124729927,83.874307821125967,5.6710147275947236,0.12659700107581409,0
4,2019-12-20,3556,7425.4148115563485,86.170846645233496,5.814104759816038,0.11640367748550014,0,7564.5302209639576,86.974307821125876,5.8683157560978261,0.11282739949358403,0
4,2019-12-23,3557,10247.496112362061,101.22991708167137,6.7900806306249031,0.4779838602093161,1,9163.1431078336609,95.724307821125876,6.4207873240853131,0.51246182422570086,1
4,2019-12-24,3558,15162.096551784964,123.13446532870057,8.1465077954813481,0.31530161827648273,1,13542.97952084618,116.37430782112597,7.6992595316656285,0.31376848828644827,1
4,2019-12-27,3559,15973.033076421516,126.38446532870057,8.3435857619211458,0.41846076756452816,1,14309.9750216835,119.62430782112597,7.8972970999257948,0.65787565244171076,1
4,2019-12-30,3560,34126.822680280842,184.73446532870048,11.74333896946796,0.29237188063927089,1,31674.854244408867,177.97430782112588,11.313604209594171,0.17386038625490757,0
4,2020-01-06,3561,32214.673294329485,179.48446532870048,11.447808484784929,0.32188568891770375,1,29833.686512287044,172.72430782112588,11.01663474319137,0.084979586943591298,0
4,2020-01-07,3562,33703.255910024876,183.58446532870062,11.678772564566342,0.075809332854124833,0,31266.835836420327,176.82430782112601,11.248723421300042,0.13651848581356452,0
4,2020-01-08,3563,26368.714580087959,162.38446532870057,10.471350335560249,0.40488402740124957,1,24218.925184804568,155.62430782112597,10.035422074552699,0.36757162297385909,1
4,2020-01-09,3564,24565.692621873612,156.73446532870048,10.143969020044041,0.44560330834956152,1,22492.293006425818,149.97430782112588,9.7064466909019398,0.40605707316152889,1
4,2020-01-14,3565,25803.431451437507,160.63446532870057,10.370204346591386,0.55659278662447109,1,23677.302607430629,153.87430782112597,9.9337835907763701,0.27491393248755608,1
4,2020-01-15,3566,27617.276516586066,166.18446532870053,10.690197505947092,0.093773263010698854,0,25416.109924245113,159.42430782112592,10.255334844239549,0.34158317234799951,1
4,2020-01-16,3567,28640.304255091123,169.23446532870048,10.86507866773886,0.068105702674361876,0,26397.900701953964,162.47430782112588,10.431067528320872,0.1677138373772307,0
4,2020-01-17,3568,26547.639991949512,162.93446532870053,10.503091944092086,0.13497516739877152,0,24390.414423407794,156.17430782112592,10.067318237679748,0.29776471967745316,1
4,2020-01-21,3569,28403.866003631007,168.53446532870066,10.825002590320551,0.30456336252189764,1,26170.926671004447,161.77430782112606,10.39079631454339,0.70696078310677002,1
4,2020-01-22,3570,30462.279587575413,174.53446532870066,11.167346940220146,0.13385726565154815,0,28148.218364857959,167.77430782112606,10.734807589809076,0.071600945629018295,0
4,2020-01-23,3571,34739.168915865586,186.38446532870057,11.835813007061475,0.34745469046811245,1,32264.891960218614,179.62430782112597,11.406528516978947,0.32350046783658437,1
4,2020-02-03,3572,28894.718453084177,169.98446532870048,10.907977368928707,0.25788987115965761,1,26642.174663685655,163.22430782112588,10.474175109643269,0.39355091619116722,1
4,2020-02-04,3573,27203.377853264315,164.93446532870053,10.618326487394613,0.33747723515317346,1,25019.111654692297,158.17430782112592,10.183113875048344,0.79039074994506464,1
4,2020-02-05,3574,30602.067159838327,174.93446532870053,11.190076461888347,0.65065318961616114,1,28282.597811114814,168.17430782112592,10.757647784886197,0.17907478756492878,0
4,2020-02-06,3575,33960.76416148508,184.28446532870066,11.718085100225775,0.48849174738345785,1,31514.87986736992,177.52430782112606,11.288227375520684,0.32891754179517974,1
4,2020-02-07,3576,34163.779573346634,184.83446532870062,11.748948978432534,0.47625448779324897,1,31710.459105973139,178.07430782112601,11.319241534523647,0.37770882232527786,1
4,2020-02-10,3577,30742.174732101317,175.33446532870062,11.212794354972221,0.044466597051011393,0,28417.297257371745,168.57430782112601,10.78047629475769,0.41663121701759043,1
4,2020-02-12,3578,34851.089595062789,186.68446532870053,11.852605652436464,0.35689511709790156,1,32372.756544911274,179.92430782112592,11.423402928232495,0.85135605308115581,1
4,2020-02-13,3579,37262.304804737338,193.03446532870066,12.206555288269929,0.13148731490724672,0,34698.117754239625,186.27430782112606,11.779075997288862,0.32068183820979729,1
4,2020-02-14,3580,40595.989768792308,201.48446532870048,12.673174533993803,0.25637671690270636,1,37917.556056416586,194.72430782112588,12.247967281260868,0.18426313280680978,0
4,2020-02-18,3581,53192.256597455584,230.63446532870057,14.245488902328631,0.083338960645694418,0,50119.705702388266,223.87430782112597,13.827937481230757,0.10006035000748016,0
4,2020-02-20,3582,68609.664127032214,261.93446532870053,15.871930275022756,0.032841929534637028,0,65113.927371990729,255.17430782112592,15.462298237964367,0.019998588697028048,0
4,2020-02-25,3583,60779.242594908312,246.53446532870066,15.079482863092583,0.091180368720092136,0,57491.718691100112,239.77430782112606,14.665992282165641,0.035438474637938013,0
4,2020-02-26,3584,69503.13130914983,263.63446532870057,15.958502743868072,0.15946536249351895,0,65984.410018582581,256.87430782112597,15.549292240988255,0.05839471285639742,0
4,2020-02-27,3585,49055.368381940323,221.48446532870048,13.758080897518433,0.23312370168068672,0,46106.528369261621,214.72430782112588,13.338156214624089,0.45524349121715685,1
4,2020-02-28,3586,44641.125289234915,211.28446532870066,13.2081683698747,0.29611849173109395,1,41830.192489710724,204.52430782112606,12.785566081400685,0.3313994374739182,1
4,2020-03-02,3587,51590.065340154681,227.13446532870057,14.059700732200591,0.3558755253805499,1,48564.835547640381,220.37430782112597,13.641244680973443,0.31469437363274649,1
4,2020-03-03,3588,64254.374162977154,253.48446532870048,15.438953943947405,0.52857263478026495,1,60872.884069813677,246.72430782112588,15.027213680977306,0.3571306569790626,1
4,2020-03-04,3589,73568.135182146027,271.23446532870048,16.343363782158381,0.12906075710388362,0,69946.659497463639,264.47430782112588,15.936027224700283,0.33103385111113165,1
4,2020-03-05,3590,87192.91546445663,295.28446532870066,17.538352111703777,0.25233084181484572,1,83246.276203659902,288.52430782112606,17.136834129488079,0.058360958780778974,0
4,2020-03-06,3591,80732.39438762654,284.13446532870057,16.988607792448466,0.027047099875169765,0,76936.506639248735,277.37430782112597,16.584413023684661,0.043459642525827902,0
4,2020-03-09,3592,70428.914437800282,265.38446532870057,16.047435545197313,0.055948547259947065,0,66886.532595956523,258.62430782112597,15.63865806930467,0.3268753213037221,1
4,2020-03-11,3593,33245.857246703126,182.33446532870062,11.608484454618999,0.30784348117800386,1,30826.337566867511,175.57430782112601,11.178093068130515,0.046665071372953643,0
4,2020-03-12,3594,30427.382694509626,174.43446532870053,11.16166274179041,0.13265327570691679,0,28114.673503293689,167.67430782112592,10.729095714174939,0.36051859226550387,1
4,2020-03-13,3595,9867.3360021388253,99.334465328700617,6.677049494434403,0.0019559230729832076,0,8570.0024685605931,92.574307821126013,6.2226462204158102,0.037830987694834325,0
4,2020-03-16,3596,21855.029139022783,147.83446532870062,9.6233866247038549,0.47703720350082834,1,19901.960327209817,141.07430782112601,9.1833295027422217,0.22802811394769087,0
4,2020-03-17,3597,12063.609774041537,109.83446532870062,7.3310950025831403,0.035228442534057783,0,10624.31293280424,103.07430782112601,6.8798763730560681,0.096016609350739218,0
4,2020-03-18,3598,7376.1413847967706,85.884465328700571,5.8256378042191335,0.73132612969021948,1,6260.6560881722962,79.124307821125967,5.3670888805240606,0.44366000005981077,1
4,2020-03-19,3599,18778.444687922864,137.03446532870066,8.9835102483742393,0.45084098316305316,1,16971.395278273507,130.27430782112606,8.5403374735234081,0.014515932829265769,0
4,2020-03-23,3600,47256.00576624502,217.38446532870057,13.537877336366218,0.58629632215876359,1,44362.599045128423,210.62430782112597,13.116880449704249,0.24677551695197911,0
4,2020-03-24,3601,60729.945701842502,246.43446532870053,15.074288312252296,0.52938371966019282,1,57443.773829535821,239.67430782112592,14.660772438287614,0.072995493159293309,0
4,2020-03-26,3602,52410.989415337986,228.93446532870053,14.155349368002259,0.45630192831263161,1,49361.423055796418,222.17430782112592,13.73735904415544,0.18170566907049251,0
4,2020-03-27,3603,52869.858345995381,229.93446532870053,14.208395558839557,0.29566492008079226,1,49806.77167143867,223.17430782112592,13.790663524755974,0.4107404828235996,1
4,2020-03-30,3604,48657.506344348723,220.58446532870062,13.709839667404244,0.29285151259695319,1,45720.834615183652,213.82430782112601,13.289680090812395,0.32587309876179921,1
4,2020-03-31,3605,50505.579906576881,224.73446532870048,13.931837166245147,0.0049647079558419339,0,47512.798870098937,217.97430782112588,13.512758528369345,0.10436846478473812,0
4,2020-04-03,3606,68060.704249841976,260.88446532870057,15.818369885020497,0.74310066193018187,1,64579.163825566386,254.12430782112597,15.408477054486946,0.20118612840375583,0
4,2020-04-07,3607,67306.241800388714,259.43446532870053,15.74429332010563,0.48208581206458978,1,63844.305832885097,252.67430782112592,15.334039799801308,0.50656532388023268,1
4,2020-04-08,3608,85430.208672484427,292.28446532870066,17.391156119876278,0.73704121507296616,1,81524.130356733149,285.52430782112606,16.988921418565795,0.40025666415247707,1
4,2020-04-09,3609,109087.82803746568,330.28446532870066,19.217668828947176,0.91070888470977285,1,104667.97775113872,323.52430782112606,18.824327688658311,0.47574594633993889,1
4,2020-04-15,3610,116372.72343509841,341.13446532870057,19.724455931118854,0.18008229447228671,0,111806.1777308571,334.37430782112597,19.333582412322979,0.25477803638045082,1
4,2020-04-16,3611,92528.188947307412,304.18446532870053,17.971963329219257,0.26385678954323055,1,88461.218882875866,297.42430782112592,17.572556664271421,0.31280800908051326,1
4,2020-04-17,3612,88705.368737632976,297.83446532870062,17.663056892936819,0.29954369968100408,1,84724.252673547613,291.07430782112601,17.262146116778911,0.34596324056150546,1
4,2020-04-20,3613,86250.565175404699,293.68446532870053,17.459912923438694,0.025155736366400429,0,82325.558418632223,286.92430782112592,17.058013009192706,0.27798581764674973,1
4,2020-04-21,3614,103802.82969914062,322.18446532870053,18.835138717295639,0.14756084155345972,0,99492.493964436406,315.42430782112592,18.43993498121224,0.067527771726002508,0
4,2020-04-22,3615,121023.60121703587,347.88446532870057,20.03654227955079,0.059377453325372732,0,116365.7933864423,341.12430782112597,19.647188355428423,0.078964462971234092,0
4,2020-04-23,3616,107278.82597815781,327.53446532870066,19.088202420228491,0.21316444504435128,0,102896.15655812253,320.77430782112606,18.694230888812054,0.63053575166661557,1
4,2020-04-24,3617,106657.41299403325,326.58446532870062,19.043381167305203,0.45703152652093409,1,102287.58787326237,319.82430782112601,18.649191394566955,0.64465568401620732,1
4,2020-04-27,3618,91920.820016650017,303.18446532870053,17.92347050508117,0.45469851194543814,1,87867.370267233608,296.42430782112592,17.523827721387246,0.18405845642395635,0
4,2020-04-28,3619,98837.592040012925,314.38446532870057,18.463336680587318,0.36226024827228687,1,94632.714762426869,307.62430782112597,18.0663225852959,0.029492918142785998,0
4,2020-04-30,3620,98837.592040012925,314.38446532870057,18.463336680587318,0.59507275844550145,1,94632.714762426869,307.62430782112597,18.0663225852959,0.084356581146058679,0
4,2020-05-11,3621,98617.645414282902,314.03446532870066,18.446573386319351,0.032856751975322888,0,94417.500246952128,307.27430782112606,18.049477668064267,0.077871978296525216,0
4,2020-05-12,3622,102422.05899822731,320.03446532870066,18.732993756070044,0.80768165751019716,1,98140.791940805648,313.27430782112606,18.337292661035239,0.29879657642171054,1
4,2020-05-13,3623,117809.89818947889,343.23446532870048,19.82181019454265,0.25733097979854852,1,113214.95982370577,336.47430782112588,19.43141070808073,0.23432236924198338,0
4,2020-05-14,3624,120398.21917944415,346.98446532870048,19.995071042077996,0.33093670291111721,1,115752.57963236421,340.22430782112588,19.605515188355426,0.035157681584727755,0
4,2020-05-15,3625,119947.56187451693,346.33446532870062,19.965092830385693,0.308247970024214,1,115310.71053219684,339.57430782112601,19.575391008308412,0.077354364431235972,0
4,2020-05-18,3626,122209.29839915349,349.58446532870062,20.114759649512393,0.52998940798670613,1,117528.50603303417,342.82430782112601,19.725786577354125,0.15740372231424729,0
4,2020-05-19,3627,129552.81933145752,359.93446532870053,20.587683196745441,0.05652365017496877,0,124732.0917049314,353.17430782112592,20.201012859413485,0.056222592135185073,0
4,2020-05-20,3628,113255.44635407443,336.53446532870066,19.51037540313645,0.46107897037750289,1,108751.0940989028,329.77430782112606,19.118459494528729,0.097185502685226272,0
4,2020-05-21,3629,119152.31510426085,345.18446532870053,19.911999384425055,0.54053736994615176,1,114531.0121242082,338.42430782112592,19.522039042492338,0.55810027855092115,1
4,2020-05-22,3630,110147.29832651746,331.88446532870057,19.29280426267697,0.3255571374874221,1,105705.81553616626,325.12430782112597,18.899828967948029,0.34721302025018885,1
4,2020-05-26,3631,93779.547755155058,306.23446532870048,18.071194696606899,0.057218560841419193,0,89684.86104494246,299.47430782112588,17.672271203890354,0.035820240374869923,0
4,2020-05-27,3632,108230.77842761093,328.98446532870048,19.156518201222845,0.41190999618266227,1,103828.50455080369,322.22430782112588,18.762879309466673,0.59266544716839509,1
4,2020-05-28,3633,115827.54829057252,340.33446532870062,19.687306376392698,0.29345410895234636,1,111271.81883834333,333.57430782112601,19.29625197091028,0.17629120563394676,0
4,2020-05-29,3634,117124.42925882149,342.23446532870048,19.775480488194873,0.34392469313474466,1,112543.01120806352,335.47430782112588,19.384855415527905,0.52843120471889327,1
4,2020-06-01,3635,125163.4479079146,353.78446532870066,20.307348123221345,0.15396612213373051,0,120425.87021873165,347.02430782112606,19.919312792878113,0.58780831727345284,1
4,2020-06-02,3636,97147.205927237927,311.68446532870053,18.333841082832887,0.067250037382140734,0,92978.833500192748,304.92430782112592,17.936196454288165,0.33960891455753972,1
4,2020-06-04,3637,87074.841678325116,295.08446532870062,17.52855536717459,0.23164016005036658,0,83130.906480531426,288.32430782112601,17.126989683158158,0.42541226170867541,1
4,2020-06-05,3638,91194.6172998611,301.98446532870048,17.865203379696542,0.57806337911375927,1,87157.391928462879,295.22430782112588,17.465276884735463,0.2659488552205781,1
4,2020-06-08,3639,105712.42054457999,325.13446532870057,18.974873961406509,0.62556044180739945,1,101362.19988058107,318.37430782112597,18.580350616931778,0.61852715825257909,1
4,2020-06-09,3640,111345.32240170075,333.68446532870053,19.377164735559393,0.38945856313362731,1,106879.50304432229,326.92430782112592,18.984600204472919,0.36673445812262051,1
4,2020-06-10,3641,122419.13907835066,349.88446532870057,20.128546833234608,0.67831612961026566,1,117734.2906177268,343.12430782112597,19.739640892916782,0.74085618001596176,1
4,2020-06-11,3642,119117.79915772802,345.13446532870057,19.90968937575429,0.25980463178853075,1,114497.17219342611,338.37430782112597,19.519717786047071,0.49925107359603493,1
4,2020-06-12,3643,103738.40280607496,322.08446532870062,18.830393482925579,0.41393744738721067,1,99429.419102872227,315.32430782112601,18.435166641592915,0.082201770409383465,0
4,2020-06-15,3644,109881.95075425443,331.48446532870048,19.274033510405005,0.42028667000428527,1,105445.87608990932,324.72430782112588,18.880966818101921,0.2455465232126266,0
4,2020-06-16,3645,112885.56094221273,335.98446532870048,19.484702370673034,0.597804026134792,1,108388.64486029945,329.22430782112588,19.092661456266178,0.27315490488825139,1
4,2020-06-17,3646,109650.03412852441,331.13446532870057,19.257601938278601,0.011083201715136404,0,105218.69157443459,324.37430782112597,18.864455238216106,0.113457084827637,0
4,2020-06-18,3647,119982.19782104976,346.38446532870057,19.96739964425425,0.40929101614016289,1,115344.67046297893,339.62430782112597,19.577709054395502,0.20804430135578644,0
4,2020-06-19,3648,139490.64584186528,373.48446532870048,21.198425821080143,0.11239952112616571,0,134486.71794688387,366.72430782112588,20.814729280082066,0.0012370832916364885,0
4,2020-06-22,3649,144806.47930300009,380.53446532870066,21.512491680066745,0.64895778256706904,1,139707.23318716191,373.77430782112606,21.130324372272373,0.55242508358639852,1
4,2020-06-23,3650,142645.55535062638,377.68446532870053,21.385830827479431,0.053980565231257438,0,137584.84213258137,370.92430782112592,21.003046789226008,0.082503329060273134,0
4,2020-06-24,3651,146868.65541577493,383.23446532870048,21.632110257885557,0.20939002502618417,0,141732.90444939584,376.47430782112588,21.250525390670912,0.21551833980027196,0
4,2020-06-29,3652,144198.26415847402,379.73446532870048,21.476978979056643,0.16670147464575785,0,139109.83429464797,372.97430782112588,21.094638754659005,0.0096310431600697428,0
4,2020-06-30,3653,146447.40000391338,382.68446532870053,21.607773091030776,0.22380715979232307,0,141319.08521079263,375.92430782112592,21.226069722544587,0.051832613932361771,0
4,2020-07-01,3654,151386.72116012083,389.08446532870062,21.890037150339005,0.15391501946235095,0,146171.87635090313,382.32430782112601,21.509708167381699,0.12956901104583149,0
4,2020-07-02,3655,159627.78898549071,399.53446532870066,22.346577847122358,0.07217586840563972,0,154271.6568843647,392.77430782112606,21.968471828465017,0.30321290737345991,1
4,2020-07-06,3656,160948.97522107532,401.18446532870053,22.418175816752843,0.20788081443459405,0,155570.53460017429,394.42430782112592,22.040418419218572,0.76377112601950636,1
4,2020-07-07,3657,178704.42817674228,422.73446532870048,23.341309995511043,0.14997820957542884,0,173034.62476726479,415.97430782112588,22.968047475077348,0.070324018560906962,0
4,2020-07-08,3658,179550.89710739968,423.73446532870048,23.383613781176564,0.56265267851880241,1,173867.57338290702,416.97430782112588,23.010557244143584,0.50523170872654621,1
4,2020-07-09,3659,172004.67673148305,414.73446532870048,23.001190468010677,0.053955729230475216,0,166443.03584212676,407.97430782112588,22.626271855200816,0.07313079487625701,0
4,2020-07-10,3660,175673.70002637571,419.13446532870057,23.188628787203349,0.21840512064393086,0,170052.56975095277,412.37430782112597,22.81462283934307,0.55788843712982628,1
4,2020-07-13,3661,171010.75401469434,413.53446532870066,22.949912055535858,0.29902356554035342,1,165465.33750335622,406.77430782112606,22.574743760537547,0.35473142879358693,1
4,2020-07-14,3662,173251.13012746917,416.23446532870048,23.065192581663556,0.054485716424589895,0,167669.20876559016,409.47430782112588,22.690585604628499,0.02159059240896153,0
4,2020-07-15,3663,175841.39381250722,419.33446532870062,23.19712703040884,0.13379370542035132,0,170217.55947408124,412.57430782112601,22.823162461753942,0.26305718835488395,1
4,2020-07-16,3664,175547.98218677702,418.98446532870048,23.182253870512103,0.40477754772476854,1,169928.87995860635,412.22430782112588,22.808216882237854,0.33575814205354143,1
4,2020-07-17,3665,182572.01431123359,427.28446532870066,23.533415874684032,0.19149476352203254,0,176840.69346843718,420.52430782112606,23.161088746241074,0.11827529142177466,0
4,2020-07-20,3666,206283.52854591756,454.18446532870053,24.649776957406882,0.471880111704783,1,200188.51122921365,447.42430782112592,24.282885556491056,0.39121907973773251,1
4,2020-07-21,3667,215327.9850128931,464.03446532870066,25.050446195675914,0.3496880319171386,1,209099.79259328995,457.27430782112606,24.68550571264986,0.27656932345487512,1
4,2020-07-22,3668,300615.85492077918,548.28446532870066,28.310973347207842,0.27223939525939433,1,293248.57596114971,541.52430782112606,27.961908854006971,0.21435495754830711,0
4,2020-07-27,3669,305294.33537607314,552.53446532870066,28.467951225137856,0.11214919198477477,0,297869.59507762926,545.77430782112606,28.119651080484619,0.15868440017821037,0
4,2020-07-28,3670,316445.02468264714,562.53446532870066,28.834613015977272,0.10169988092654048,0,308885.08123405179,555.77430782112606,28.488098201913271,0.1755717928234386,0
4,2020-07-29,3671,324084.80246458459,569.28446532870066,29.079992099134198,0.039684826636564467,0,316433.596889637,562.52430782112606,28.734672072184814,0.15638535963586847,0
4,2020-07-30,3672,332391.98971185077,576.53446532870066,29.341669567341881,0.41969638589423802,1,324642.76185304334,569.77430782112606,28.997623686758921,0.34570829586093166,1
4,2020-07-31,3673,325110.32450217608,570.18446532870053,29.112581518403946,0.11962059110610329,0,317446.95064371487,563.42430782112592,28.767420174165885,0.27929227215508534,1
4,2020-08-03,3674,347550.88581039698,589.53446532870066,29.806080455467953,0.036060409700221396,0,339625.89385639259,582.77430782112606,29.464295860312756,0.11799909073755312,0
4,2020-08-04,3675,435315.54068907938,659.78446532870066,32.213678945814543,0.4280881500134841,1,426440.74660526082,653.02430782112606,31.883617304451629,0.34198318935873318,1
4,2020-08-05,3676,460748.35037157004,678.78446532870066,32.836730054843656,0.32629415714059379,1,451616.67030246358,672.02430782112606,32.509702141650386,0.34717258041574889,1
4,2020-08-06,3677,413171.8688679036,642.78446532870066,31.646331650971156,0.23495054469951293,0,404526.92013934249,636.02430782112606,31.313507511563699,0.11545576393495116,0
4,2020-08-07,3678,295429.71500015649,543.53446532870066,28.134710146938279,0.097961227207900958,0,288126.65753684897,536.77430782112606,27.784787402097727,0.56353450164624108,1
4,2020-08-12,3679,309007.53879377531,555.88446532870057,28.591203051495466,0.073928796888544979,0,301537.50544003071,549.12430782112597,28.243503038247447,0.225842651434288,0
4,2020-08-13,3680,309563.67325910402,556.38446532870057,28.609562428522977,0.14471114771557733,0,302086.87974785181,549.62430782112597,28.261951809802081,0.26346256867912798,1
4,2020-08-14,3681,341622.09021057689,584.48446532870048,29.62640166909296,0.28874460244542266,1,333765.375847399,577.72430782112588,29.283742191303237,0.016381306233071321,0
4,2020-08-17,3682,384876.88482117769,620.38446532870057,30.884105305722493,0.22396071849158081,0,376534.79114895593,613.62430782112597,30.547569773298118,0.41587185738527088,1
4,2020-08-18,3683,351215.60949543479,592.63446532870057,29.915924549656769,0.45136518099612877,1,343248.70456488349,585.87430782112597,29.574674801672185,0.55570976931481775,1
4,2020-08-19,3684,290288.70007953385,538.78446532870066,27.957578046789333,0.45769519652241747,1,283049.8641125483,532.02430782112606,27.606792819506836,0.61221886488318922,1
4,2020-08-20,3685,287279.34707369294,535.98446532870048,27.85275367416013,0.21317437027847294,0,280078.36798874981,529.22430782112588,27.50145804147509,0.22275828515914267,0
4,2020-08-21,3686,308674.09811457811,555.58446532870062,28.580182891982847,0.87429762196901761,1,301208.12085533806,548.82430782112601,28.232429219945267,0.79761777588895255,1
4,2020-08-24,3687,273303.59718901542,522.78446532870066,27.354444461643546,0.42996032862933153,1,266281.08626227226,516.02430782112606,27.000722487566442,0.3691357273616036,1
4,2020-08-25,3688,296572.23987734673,544.58446532870062,28.173748173967283,0.32488864388430433,1,289254.98608327331,537.82430782112601,27.824015511064747,0.099640999623165874,0
4,2020-08-26,3689,286743.6126083642,535.48446532870048,27.834002927915403,0.18829997961306585,0,279549.39368092868,528.72430782112588,27.482615995068528,0.30683372065996756,1
4,2020-08-27,3690,323743.32178538718,568.98446532870048,29.06912229947125,0.3867247654365179,1,316096.17230494408,562.22430782112588,28.723749345856692,0.49434406417859472,1
4,2020-08-28,3691,341037.85574524815,583.98446532870048,29.60856163098337,0.33697686026682488,1,333187.90153957787,577.22430782112588,29.265815287404667,0.058615589933371202,0
4,2020-09-01,3692,312128.33179961599,558.68446532870053,28.693894113078787,0.13752252936372361,0,304620.44156382896,551.92430782112592,28.346694117825734,0.25826890886150206,1
4,2020-09-02,3693,304797.25685727724,552.08446532870062,28.451362587477163,0.3413141434968967,1,297378.60070059018,545.32430782112601,28.102981670289161,0.32618900095630193,1
4,2020-09-03,3694,289373.48898847488,537.93446532870053,27.925788575439991,0.051105748024389427,0,282146.14528925222,531.17430782112592,27.574848560511136,0.010122289248148149,0
4,2020-09-04,3695,273094.5234028839,522.58446532870062,27.346841378827317,0.042176554584480268,0,266074.71653914376,515.82430782112601,26.993082384213402,0.047446042868798992,0
4,2020-09-08,3696,312295.95963921468,558.83446532870062,28.699387085492017,0.29525628359118872,1,304786.04135617538,552.07430782112601,28.352213836335562,0.28152515764320046,1
4,2020-09-09,3697,333950.45526823815,577.88446532870057,29.390182597772441,0.86897021921366391,1,326182.97498416028,571.12430782112597,29.046372934322999,0.7597142175093321,1
4,2020-09-10,3698,312519.53342534625,559.03446532870066,28.706709732397073,0.24968840580728027,0,305006.91107930389,552.27430782112606,28.359572138293419,0.56413810211565774,1
4,2020-09-11,3699,325281.40234177478,570.33446532870062,29.118010176581439,0.29785467407145766,1,317616.00043606129,563.57430782112601,28.772875265284426,0.29794678983355072,1
4,2020-09-14,3700,314703.57034012798,560.98446532870048,28.778026795018878,0.52434611619981131,1,307164.58337980608,554.22430782112588,28.431236454260439,0.064241474496110715,0
4,2020-09-15,3701,328827.08602681267,573.43446532870053,29.230016583173647,0.0024450102681966655,0,321119.77114455216,566.67430782112592,28.885427047666735,0.25030370549748382,1
4,2020-09-16,3702,300177.38734851609,547.88446532870057,28.296163477273105,0.71437388869167828,1,292815.51651489269,541.12430782112597,27.947026872621095,0.25537339263011527,1
4,2020-09-17,3703,316388.77373611403,562.48446532870048,28.832789057523673,0.40303248911818718,1,308829.50630326947,555.72430782112588,28.486265362335693,0.49114434454624323,1
4,2020-09-18,3704,235258.43255669854,485.03446532870066,25.890598127933206,0.38617969095727256,1,228746.31352177725,478.27430782112606,25.529748469153734,0.019674003582664842,0
4,2020-09-23,3705,224092.85201453971,473.38446532870057,25.426854589966457,0.63216911347536031,1,217738.24464954491,466.62430782112597,25.063746895186036,0.68685309469214284,1
4,2020-09-24,3706,222156.17820669207,471.33446532870062,25.344650498935344,0.39894394409458489,1,215829.28748747834,464.57430782112601,24.981142540255203,0.42773027985174705,1
4,2020-09-25,3707,245603.96227513405,495.58446532870062,26.305606057947429,0.26666781578252424,1,238949.20391680294,488.82430782112601,25.946777134272459,0.46143669509964941,1
4,2020-09-29,3708,248536.61312057346,498.53446532870066,26.42082067564262,0.50959908381093233,1,241841.96983294765,491.77430782112606,26.062552749012983,0.30286013137994144,1
4,2020-09-30,3709,286101.39124996989,534.88446532870057,27.811489163067755,0.29054580047216527,1,278915.2845115434,528.12430782112597,27.459992607363887,0.51995575686284945,1
4,2020-10-09,3710,288513.43384394905,537.13446532870057,27.89584343436513,0.80641126295101595,1,281296.90639673849,530.37430782112597,27.544757612107297,0.87415902268840828,1
4,2020-10-12,3711,252943.07641546588,502.93446532870053,26.591998378295379,0.45737963478328358,1,246188.94374177343,496.17430782112592,26.234563941263993,0.68435734402893067,1
4,2020-10-13,3712,272154.68136529217,521.68446532870053,27.312607802345518,0.90884305554285894,1,265147.04278506566,514.92430782112592,26.958682119375194,0.83066799306507477,1
4,2020-10-14,3713,253546.95777386046,503.53446532870066,26.615279101892312,0.0027599017412110855,0,246784.71291115892,496.77430782112606,26.257958022153709,0.016902762664262456,0
4,2020-10-15,3714,266962.83671200514,516.68446532870053,27.121832252628568,0.052590840716870445,0,260022.79970685439,509.92430782112592,26.766977655238755,0.025254999928044003,0
4,2020-10-16,3715,267531.49212386669,517.23446532870048,27.142866568466651,0.030840322010651112,0,260584.01894545759,510.47430782112588,26.788114390277389,0.011741238586678797,0
4,2020-10-19,3716,260135.15582313357,510.03446532870066,26.866543685666912,0.14329107500986968,0,253285.02891283354,503.27430782112606,26.510446050417514,0.500282323105397,1
4,2020-10-20,3717,287064.99328756164,535.78446532870066,27.845254545056292,0.46805037621768403,1,279866.71826562152,529.02430782112606,27.493922398000471,0.17483958192953025,0
4,2020-10-21,3718,262742.8340963099,512.58446532870062,26.964647430426925,0.31374801589498158,1,255858.23038272123,505.82430782112601,26.609027476847157,0.78292891388693875,1
4,2020-10-22,3719,265518.0802090849,515.28446532870066,27.068235512237056,0.45186258342309088,1,258596.97164495537,508.52430782112606,26.713119944376647,0.12074183839789436,0
4,2020-10-23,3720,260186.16176966639,510.08446532870062,26.868469821628203,0.47020312787009377,1,253335.3588436156,503.32430782112601,26.512381565020199,0.24352221412098146,0
4,2020-10-26,3721,267634.94901693251,517.33446532870062,27.146689685086876,0.80398455687685433,1,260686.12380702194,510.57430782112601,26.791956122218924,0.45907026240572335,1
4,2020-10-27,3722,231923.59724593043,481.58446532870062,25.75386857021314,0.0089115373851349731,0,225458.12329781143,474.82430782112601,25.392353154957405,0.0557098838876387,0
4,2020-10-28,3723,232260.82887166046,481.93446532870053,25.767762675971799,0.40356814609597141,1,225790.62281328614,475.17430782112592,25.406314913175741,0.17114395023780643,0
4,2020-10-29,3724,251536.81991254564,501.53446532870066,26.537619203592815,0.02581129330081669,0,244801.61567987441,494.77430782112606,26.179919986302242,0.15432917641496863,0
4,2020-11-02,3725,261923.33895178401,511.78446532870066,26.93389813060551,0.85548315903658456,1,255049.55149020749,505.02430782112606,26.578128454128674,0.38435814748924263,1
4,2020-11-04,3726,302592.91899596242,550.08446532870062,28.37754212534244,0.17476729415290226,0,295201.30346930568,543.32430782112601,28.028801765386056,0.032345961029784188,0
4,2020-11-05,3727,305183.83848300722,552.43446532870053,28.464265526004766,0.4813326310272113,1,297760.45021606487,545.67430782112592,28.115947435136334,0.39606486412642139,1
4,2020-11-06,3728,229378.22207968825,478.93446532870053,25.648501329657826,0.3951116336517555,1,222948.57696635937,472.17430782112592,25.28647286569517,0.06104079355209379,0
4,2020-11-09,3729,240427.88788918272,490.33446532870062,26.099668139069603,0.17417865695600582,0,233844.11118468113,483.57430782112601,25.739836473153034,0.34700836563219528,1
4,2020-11-10,3730,223336.07687001384,472.58446532870062,25.394796492581779,0.3316076668039849,1,216992.28575703118,465.82430782112601,25.031532702175021,0.78894573196816975,1
4,2020-11-11,3731,236667.13500615157,486.48446532870048,25.947913983982744,0.12885602643112637,0,230135.41151445833,479.72430782112588,25.587343404599082,0.17137210999575772,0
4,2020-11-12,3732,252540.88884320305,502.53446532870066,26.576469687910553,0.86779009887532232,1,245792.16429551665,495.77430782112606,26.218959639384735,0.35712796594926954,1
4,2020-11-13,3733,250684.93382148672,500.68446532870053,26.504563951652976,0.0010318474016654392,0,243961.22185657834,493.92430782112592,26.146703783442788,0.018463789695032557,0
4,2020-11-17,3734,237884.90866947334,487.73446532870048,25.997253095714541,0.066689131858822956,0,231336.28478401114,480.97430782112588,25.636922755776659,0.15126663094760351,0
4,2020-11-18,3735,219946.42871964705,468.98446532870048,25.250193303830752,0.085165785749970968,0,213651.31074071894,462.22430782112588,24.886225419071575,0.078198652298744231,0
4,2020-11-19,3736,237494.88109721051,487.33446532870062,25.981471734749729,0.24187673665788817,0,230951.66533775438,480.57430782112601,25.621064553026923,0.031852794914776855,0
4,2020-11-20,3737,169113.78547418216,411.23446532870048,22.851437282101607,0.13208487676553968,0,163599.46568737889,404.47430782112588,22.475789498840072,0.039233873715521082,0
4,2020-11-24,3738,177944.31613915073,421.83446532870062,23.303196626267848,0.55414676448383893,1,172286.68101318687,415.07430782112601,22.929748526191911,0.28537883715183726,1
4,2020-11-25,3739,152829.75618183694,390.93446532870053,21.971250791249396,0.38145953827445395,1,147589.89878984122,384.17430782112592,21.591317249543412,0.81883865054517502,1
4,2020-11-27,3740,178408.63655101226,422.38446532870057,23.32649263171065,0.79971502235873837,1,172743.56525179007,415.62430782112597,22.953157963337066,0.76861901237258379,1
4,2020-12-01,3741,188559.57087930237,434.23446532870048,23.825000841034814,0.79668774383108421,1,182734.28384715068,427.47430782112588,23.454093482998239,0.92400136339274919,1
4,2020-12-02,3742,197122.20545321205,443.98446532870048,24.230330740780992,0.7401223628241731,1,191165.09534966265,437.22430782112588,23.861396994085514,0.70902563367203131,1
4,2020-12-03,3743,206692.49706471345,454.63446532870057,24.668175004270243,0.1562602635051025,0,200591.39560625268,447.87430782112597,24.3013731861707,0.14441368342984501,0
4,2020-12-04,3744,222391.90793935643,471.58446532870062,25.354685089851909,0.24158298806636519,0,216061.6371413889,464.82430782112601,24.991225991081802,0.20190701478998097,0
4,2020-12-07,3745,230193.13317074717,479.78446532870066,25.682330933206682,0.13425098814482159,0,223751.99578965543,473.02430782112606,25.320467190596368,0.15909964497772103,0
4,2020-12-08,3746,205557.4734013917,453.38446532870057,24.617047119788278,0.24411704587385658,0,199473.27233669988,446.62430782112597,24.249996352443382,0.17176132719795742,0
4,2020-12-09,3747,207921.83262110085,455.98446532870048,24.723315277940767,0.1181590747472568,0,201802.47873736965,449.22430782112588,24.356781946004062,0.29693860494604363,1
4,2020-12-10,3748,205784.22813405603,453.63446532870057,24.627278248029345,0.64710807470406417,1,199696.64699061043,446.87430782112597,24.260277297563842,0.882228997480487,1
4,2020-12-11,3749,196058.08273642333,442.78446532870066,24.180676914982424,0.10974163982379867,0,190117.19701089209,436.02430782112606,23.811501396451739,0.056945845024343869,0
4,2020-12-14,3750,213706.92688424265,462.28446532870066,24.979572870542814,0.84047458203265146,1,207502.395015916,455.52430782112606,24.61428729479513,0.55953326483599941,1
4,2020-12-15,3751,214910.55649409723,463.58446532870062,25.032234419325611,0.53138928332757518,1,208688.44821625089,456.82430782112601,24.667205260461998,0.12334522422340354,0
4,2020-12-16,3752,252390.15100360435,502.38446532870057,26.570644735089282,0.21384842505061985,0,245643.45450317021,495.62430782112597,26.213106324005075,0.63684597164054191,1
4,2020-12-17,3753,241458.69276637293,491.38446532870057,26.140947749897624,0.069126415322147625,0,234860.71973110546,484.62430782112597,25.781317080522726,0.018260945635991489,0
4,2020-12-18,3754,241704.44749903728,491.63446532870057,26.15076943237769,0.1733405965278462,0,235103.09438501601,484.87430782112597,25.791186586230104,0.32024622984137591,1
4,2020-12-21,3755,238861.37760013074,488.73446532870048,26.03667707254278,0.014692577841178073,0,232299.2333996534,481.97430782112588,25.67653869378967,0.11709032033084146,0
4,2020-12-22,3756,236813.10284575028,486.63446532870057,25.95383815086403,0.051951256229463942,0,230279.35130680475,479.87430782112597,25.593296417126719,0.30041943780509406,1
4,2020-12-23,3757,236132.30459429006,485.93446532870053,25.926183926196479,0.64244641380365874,1,229608.01727585515,479.17430782112592,25.565507539941628,0.66990575847624312,1
4,2020-12-29,3758,249235.05137203343,499.23446532870048,26.448106872679624,0.39677854403986407,1,242530.94386389703,492.47430782112588,26.089971806586455,0.10854334738191453,0
4,2020-12-30,3759,307841.28391658509,554.83446532870062,28.552617606458451,0.42694774112337536,1,300385.44689360639,548.07430782112601,28.204729714961196,0.1192966776614767,0
4,2021-01-04,3760,304686.84996421135,551.98446532870048,28.447675178637898,0.49258122581881753,1,297269.54583902581,545.22430782112588,28.099276306909882,0.078370434312397833,0
4,2021-01-05,3761,295484.07094668935,543.58446532870062,28.136570062822567,0.53682497703491261,1,288180.33746763103,536.82430782112601,27.786656374188045,0.49416793033246498,1
4,2021-01-06,3762,282741.54161839897,531.73446532870048,27.693061055606506,0.076734506130908847,0,275598.02387227025,524.97430782112588,27.340987855899478,0.05206041597457204,0
4,2021-01-07,3763,225182.9587847958,474.53446532870066,25.472889866804476,0.31544662328127493,1,218812.8030575336,467.77430782112606,25.110006324608193,0.20675282280985652,0
4,2021-01-08,3764,205104.338936063,452.88446532870057,24.596576528374779,0.3049678194476218,1,199026.89802887876,446.12430782112597,24.229426086687088,0.73780086957493574,1
4,2021-01-12,3765,221355.63211563317,470.48446532870048,25.310512700255561,0.46290154569037839,1,215040.23366418231,463.72430782112588,24.946838519575323,0.27746376126309952,1
4,2021-01-13,3766,205557.4734013917,453.38446532870057,24.617047119788278,0.012217725754469456,0,199473.27233669988,446.62430782112597,24.249996352443382,0.021841163462888988,0
4,2021-01-14,3767,203071.42134208384,450.63446532870057,24.504321116296932,0.22648685642245284,0,197024.4011436837,443.87430782112597,24.136721469338006,0.33327668304674368,1
4,2021-01-15,3768,199214.45494025704,446.33446532870062,24.327381333662213,0.10832043764064293,0,193225.57209642205,439.57430782112601,23.958920140683819,0.1491048200899634,0
5,2021-01-19,3769,14732.027366932794,121.37556330222651,6.5375182216000498,0.44331356826158624,1,1305.7323333814809,36.134918477581778,1.9462952966488085,0.19947569194345327,0
5,2021-01-20,3770,15469.371196606364,124.37592691757663,6.6793366047782952,0.35576461342238314,1,938.49823012808145,30.634918477581778,1.6451811652210828,0.31092974854182953,1
5,2021-01-21,3771,17895.998622656767,133.7759269175765,7.2205930219450796,0.032809921960876003,0,1602.7946975066079,40.034918477581641,2.1608959074637899,0.68016988197183181,1
5,2021-01-22,3772,16802.880929240921,129.62592691757663,6.9809584467014911,0.81218286753175117,1,1287.72737414269,35.884918477581778,1.9325695924593682,0.58652011144816418,1
5,2021-01-25,3773,16867.756392699706,129.87592691757663,6.9953639404059382,0.38738357944873819,1,1305.7323333814809,36.134918477581778,1.9462952966488085,0.32810924647591277,1
5,2021-01-27,3774,17629.446768821614,132.7759269175765,7.162751627424961,0.36265669082610924,1,1523.7248605514446,39.034918477581641,2.1057840253321269,0.28833940509647171,1
5,2021-01-28,3775,15049.383045086592,122.67592691757659,6.5820327780650594,0.16855874544762234,0,837.2295073043008,28.934918477581732,1.5524690673667634,0.05013335093645916,0
5,2021-01-29,3776,15258.65462084645,123.5259269175765,6.63066249322722,0.33973560877125508,1,887.14136871618427,29.784918477581641,1.5988039656234274,0.66104736885114557,1
5,2021-02-01,3777,23524.17495782581,153.37592691757663,8.3670245440825184,0.11401434738904295,0,3556.3235018278247,59.634918477581778,3.2532277823131186,0.57208709858458051,1
5,2021-02-02,3778,20313.536194616936,142.52556330222637,7.7651564086314728,0.28760106670755425,1,3281.5618849831744,57.284918477581641,3.1210285476358188,0.49140902435260919,1
5,2021-02-03,3779,36893.022017867552,192.07556330222633,10.755113013171304,0.10925020887321676,0,11413.699806111505,106.8349184775816,5.9821332928821098,0.021953587025790488,0
5,2021-02-04,3780,20170.740182828595,142.02373105516062,7.8772972658787328,0.17632343261670838,0,8061.3315860259809,89.784918477581641,4.9798895408958455,0.087555845586750933,0
5,2021-02-05,3781,12039.29715666523,109.72373105516067,5.9786803462831042,0.075695255066846948,0,3304.5158523742125,57.484918477581687,3.1322663657584355,0.10792707528193544,0
5,2021-02-08,3782,16855.010122309213,129.8268466932368,7.0573410900868021,0.14406931905786222,0,2823.3195616192615,53.134918477581778,2.8883952205686985,0.34603050531542778,1
5,2021-02-09,3783,18313.008083064866,135.32556330222633,7.3440731176417833,0.53260942474079809,1,2508.4990589059944,50.084918477581596,2.7180917959233488,0.48624197751420817,1
5,2021-02-10,3784,41953.511382074328,204.82556330222633,11.551507954895317,0.17010843699925868,0,14300.552727289836,119.5849184775816,6.7442076799809154,0.47228179398200781,1
5,2021-02-18,3785,18912.77660333215,137.52373105516062,7.6087156521707726,0.27509253948533141,1,7273.5173197277463,85.284918477581641,4.7185215899516795,0.31668644033045079,1
5,2021-02-22,3786,27722.402357158026,166.50045752837445,9.3121061257480129,0.69886294812456251,1,10969.403148505682,104.73491847758169,5.8576576329743677,0.28745429880323908,1
5,2021-02-24,3787,22499.254814992702,149.99751602940864,8.4284840294107628,0.1406215471552065,0,14559.764707021512,120.66385004226208,6.7802011655247991,0.2220075136638299,0
5,2021-02-25,3788,32041.325438670698,179.00090904425792,10.27058605412158,0.13463161779506577,0,3450.1422589422468,58.737911598406754,3.3702218549161866,0.36689177640251119,1
5,2021-02-26,3789,17671.759675126912,132.93517094857521,7.6657250496540206,0.019763380830280675,0,299.6902874646666,17.311565136193394,0.99827380193140114,0.021436683641229012,0
5,2021-03-01,3790,11551.154240849708,107.47629618129622,6.2346663677986029,0.40138757998816776,1,4585.9800453093076,67.719864480884098,3.9284081840580152,0.40829125832676694,1
5,2021-03-02,3791,17812.699540401489,133.46422569513334,7.7985407090763887,0.020866924888054587,0,43837.450183873065,209.373948197652,12.234074336663083,0.11286608459500895,0
5,2021-03-03,3792,3928.3931477169149,62.676894847438916,3.6608197446083124,0.022887071121979151,0,29255.664122375219,171.04287217646697,9.9902384309600478,0.031904376707830272,0
5,2021-03-04,3793,2719.3147454165951,52.147049249373595,3.074254929955702,0.36516360153565985,1,2138.3689324778702,46.24250136484693,2.7261607289519194,0.1573562783758875,0
5,2021-03-05,3794,2642.7360513522995,51.40754858337732,3.0471858322739291,0.60982917540170911,1,33977.373611587893,184.32952452493305,10.92614472155141,0.79138672993621673,1
5,2021-03-08,3795,199.82421097946076,14.135919177027745,0.82333969229586712,0.0047871504074983072,0,27367.701955248627,165.43186499356352,9.6354979901894993,0.015450054484691901,0
5,2021-03-09,3796,213.74451091587827,14.620003793292199,0.85188228605594907,0.79473596461742813,1,2369.3680411469386,48.676154748982981,2.8362751863991944,0.81344122257843887,1
5,2021-03-10,3797,4638.1676240479828,68.104094032943294,3.994843619952094,0.94756245673268158,1,10280.860819504447,101.39457983296961,5.9475938428536841,0.97182174504567431,1
5,2021-03-12,3798,50.803841270743597,7.1276813390290954,0.41352254454379339,0.028693341315587494,0,1955.7297819933326,44.223633749312512,2.5656968496685817,0.074192687018946518,0
5,2021-03-15,3799,190.50954056392823,13.802519355680261,0.79553425681154233,0.016462943575821256,0,3875.1925823425881,62.251044829324655,3.5879564743126604,0.013149738710590471,0
5,2021-03-16,3800,3027.9811818940893,55.027094979601543,3.181400571190792,0.12849529330909112,0,45289.899531228977,212.8142371441088,12.303890217333494,0.60718676746990885,1
5,2021-03-17,3801,3218.4059000057669,56.73099593701636,3.2870384110908137,0.038603007585054902,0,6164.9041123421639,78.516903354259739,4.5493309782872551,0.45735573151336584,1
5,2021-03-18,3802,2249.6993755772669,47.430995937016405,2.7334598857201708,0.27950506909794642,1,11559.76288951778,107.51633777951042,6.1961928180907346,0.11897148677203613,0
5,2021-03-19,3803,1631.9767109320248,40.397731507252047,2.326857213216142,0.048945660822430431,0,3274.7115420813843,57.225095387263309,3.2960916618531408,0.16178007294567726,0
5,2021-03-22,3804,8581.6911391715093,92.637417597704598,5.3665518246845432,0.029412776883559991,0,16060.048666208946,126.72824730978073,7.3414579602468262,0.043366122343473479,0
5,2021-03-23,3805,2717.6407373852257,52.130995937016451,3.0124817068486824,0.061870380676563447,0,15981.477496339126,126.4178685801146,7.3052798948347073,0.011938418296364094,0
5,2021-03-24,3806,2054.8991926418062,45.330995937016496,2.609278532033414,0.91465422730980428,1,4697.1462382308628,68.535729646884647,3.9449565214346776,0.60861517880948979,1
5,2021-03-25,3807,7985.0863539628226,89.359310393281476,5.1599093655896455,0.0039747745679201505,0,8150.2601056365856,90.278791006728625,5.2130032917616722,0.022881934660652227,0
5,2021-03-26,3808,18826.394858599833,137.20931039328138,8.1480632081285886,0.044754447948750546,0,22677.175002049531,150.58942526634974,8.9426304383354456,0.057036235424138777,0
5,2021-03-30,3809,1694.6787691700226,41.166476278277969,2.4343736896175732,0.064351787498560714,0,2927.5639802068622,54.106967945051792,3.1996078143787465,0.020608948241056774,0
5,2021-03-31,3810,271.53247870760009,16.478242585530779,0.94450133754797694,0.012579677532892547,0,5820.2404405665147,76.290500329769202,4.3728255139867134,0.016160732321872668,0
5,2021-04-06,3811,2458.9679267780816,49.587981676794243,2.8530814232498631,0.45829009106851382,1,401.3269543954766,20.033146392803019,1.1526219839937297,0.61345943817004811,1
5,2021-04-07,3812,1149.1784493849816,33.899534648501913,1.9310472599545376,0.62781998003088957,1,159.32183545378172,12.622275367531074,0.71901312261640982,0.19907470903877372,0
5,2021-04-08,3813,7898.5702440708073,88.873900803727565,5.104175327574521,0.15275093109849866,0,3849.444072405217,62.043888276003599,3.5632832687803582,0.27546785722781164,1
5,2021-04-09,3814,10399.197677907607,101.97645648828757,5.8848980862906526,0.033661081237995237,0,0.88699429197648305,0.9418037438747433,0.054349986662131367,0.28030486682736361,1
5,2021-04-12,3815,2328.1713273002215,48.25112773086471,2.7459098412738849,0.39031523551191555,1,167.59704540697098,12.945927753813976,0.73673615717129382,0.33836378310188286,1
5,2021-04-15,3816,2987.2363419804842,54.655615832048625,3.0801440351685661,0.21146784503888114,0,7867.4076909809428,88.698408615831113,4.9986423182299369,0.26341766242442916,1
5,2021-04-16,3817,6746.0625180067882,82.134417377898217,4.6285949494448131,0.38464497816364496,1,13869.543262356197,117.76902505479188,6.6367441563703515,0.1048748607955762,0
5,2021-04-19,3818,5569.8469030452716,74.631406948048834,4.1978461033297991,0.031339731604215527,0,13198.544493600612,114.88491847758178,6.4620141450393325,0.057362418926666041,0
5,2021-04-20,3819,4190.1550454738936,64.731406948048743,3.6208310417031884,0.49780856834137405,1,11021.833107744473,104.98491847758169,5.872460829399059,0.51077293491317277,1
5,2021-04-22,3820,24244.079496209088,155.7051042715334,8.7386409401466718,0.62191843116058343,1,12306.556137627706,110.93491847758173,6.2260028329544133,0.19260662207149698,0
5,2021-04-23,3821,26946.898258398018,164.15510427153345,9.2567797824193452,0.83583853031101196,1,14252.758759898847,119.38491847758178,6.7321689727116354,0.74928339790003284,1
5,2021-04-26,3822,4669.1811754998316,68.331406948048652,3.8299137935738949,0.11620430004080899,0,11790.684520783041,108.5849184775816,6.0860868468223854,0.45043015188534669,1
5,2021-04-27,3823,6445.1043015582018,80.281406948048698,4.5300421480673005,0.2170023399268414,0,14528.666572397253,120.53491847758164,6.8014286467431244,0.7497787625156751,1
5,2021-04-28,3824,7196.3676047854369,84.831406948048652,4.7991065509602384,0.067915047527699501,0,15646.236830543234,125.0849184775816,7.0763396870184474,0.26727653348515673,1
5,2021-04-30,3825,1546.9595725130098,39.331406948048652,2.1692307281829222,0.042039919638052453,0,5815.1676565029093,76.257246583540564,4.205788080607813,0.41171687416821562,1
5,2021-05-06,3826,7188.7537177682643,84.786518490667277,4.6166191223036277,0.33120121869027547,1,3156.7450643325051,56.184918477581732,3.0592642986894845,0.26763583041482875,1
5,2021-05-07,3827,14931.80014006563,122.1957451798778,6.639449329233492,0.35652473901550341,1,2733.712700207358,52.284918477581641,2.8408768767193697,0.40945820498546459,1
5,2021-05-10,3828,20469.732144924736,143.07247165309172,7.8220147423919819,0.87811853415022711,1,4049.4028496484789,63.634918477581778,3.4790289474376355,0.64541665971248763,1
5,2021-05-11,3829,20014.460235634804,141.47247165309159,7.7277801744191619,0.12907502880570648,0,3848.3311105202001,62.034918477581641,3.3885900736101844,0.061942288650721364,0
5,2021-05-12,3830,17975.427655169085,134.07247165309172,7.29407930216483,0.19541524421885456,0,2984.9743170520069,54.634918477581778,2.9723583307535923,0.20425020568505686,0
5,2021-05-14,3831,13392.703045559902,115.72684669323667,6.2430191882848716,0.32172583599006938,1,1523.7248605514446,39.034918477581641,2.1057840253321269,0.24643028332193154,0
5,2021-05-17,3832,12371.125931897577,111.22556330222642,5.9582463266225485,0.65289128325924273,1,675.21598828656613,25.984918477581687,1.3919870618766137,0.12727406764813104,0
5,2021-05-18,3833,8014.8264845809417,89.525563302226374,4.7406901587135684,0.6468713504068343,1,18.36052635952057,4.2849184775816411,0.22690134647894519,0.48606466869620935,1
5,2021-05-19,3834,9406.127173070543,96.985190483241013,5.163455810213545,0.018617487650358956,0,208.36687145443051,14.434918477581732,0.76850974165903918,0.33527963666989408,1
5,2021-05-20,3835,9877.4160873900728,99.385190483240876,5.2980004522224462,0.49415041946150562,1,283.41448014681822,16.834918477581596,0.89743155165955513,0.36879893930978158,1
5,2021-05-21,3836,9050.7044682825253,95.135190483240876,5.0599787508039711,0.12987838424796791,0,158.38017308737466,12.584918477581596,0.66935715116249206,0.18718566553165564,0
5,2021-05-24,3837,7794.274858662141,88.285190483240967,4.6786004495623192,0.13526432530858373,0,32.889289944507851,5.7349184775816866,0.30391724841450379,0.076994214392148139,0
5,2021-05-25,3838,10964.902943804944,104.71343248984317,5.5361459456947406,0.22254644466133922,0,1.6510154940307225,1.2849184775816411,0.067932986734073914,0.12995644620060204,0
5,2021-05-27,3839,9257.0245914776096,96.213432489843171,5.0639981309951931,0.64367484452425494,1,52.057401375142824,7.2150815224183589,0.3797511262095507,0.52889174355662416,1
5,2021-05-28,3840,9372.840710465447,96.813432489843308,5.0971875899567385,0.26066705360189713,1,43.759303548238989,6.6150815224182224,0.3482813342679455,0.34680956364061327,1
5,2021-06-01,3841,19721.637617997854,140.43374814480262,7.3805675020261532,0.36981577974458479,1,100.30185790068472,10.015081522418313,0.52634773472176133,0.089102914373029335,0
5,2021-06-02,3842,30605.21489759118,174.94346200298878,9.3725569635417632,0.089440117800242858,0,685.64995567760127,26.184918477581732,1.4028511680684541,0.21253476603180108,0
5,2021-06-03,3843,7171.5814871828215,84.685190483241058,4.47927591681165,0.50213814825460579,1,4.5578769059200948,2.1349184775817776,0.112922801099216,0.3880471395560105,1
5,2021-06-04,3844,7549.0363253090509,86.885190483240876,4.600995047831014,0.30919194126651572,1,18.79151820727834,4.3349184775815957,0.22955509836801502,0.42977072033472713,1
5,2021-06-07,3845,10611.767273339467,103.01343248984313,5.441377201481294,0.063114031670454859,0,0.17229267025318032,0.41508152241840435,0.021925442908295928,0.3195891363035589,1
5,2021-06-08,3846,10315.13081911896,101.56343248984331,5.3606794304783758,0.10994171969655921,0,3.4785290852658743,1.8650815224182224,0.098441967825304691,0.33726016656320768,1
5,2021-06-09,3847,11559.138165748056,107.51343248984313,5.6926075498288791,0.38615195635225669,1,16.686558968487542,4.0849184775815957,0.21628774402782919,0.27278133284573058,1
5,2021-06-10,3848,13251.102339593703,115.11343248984326,6.1196370372846687,0.25079327753562519,1,136.53731982773098,11.684918477581732,0.62119127495716386,0.18519185019239151,0
5,2021-06-11,3849,12140.776201828116,110.18519048324106,5.9077363403163936,0.33045613935345636,1,763.68871926259078,27.634918477581778,1.4816856188720058,0.43661001139807215,1
5,2021-06-15,3850,13741.832691524294,117.22556330222642,6.2999093538748578,0.30814701828320756,1,1023.0350100175464,31.984918477581687,1.7189261576021329,0.09158112307652537,0
5,2021-06-16,3851,39710.750129419634,199.27556330222637,11.203438651949535,0.56057267624368068,1,13003.96263218869,114.03491847758164,6.4111383863260611,0.31114132473093487,1
5,2021-06-17,3852,27559.913997123389,166.01178872936521,9.3627989808451417,0.071469457077020265,0,14312.513719137638,119.63491847758178,6.7472177811506278,0.083930329922521099,0
5,2021-06-18,3853,5995.6227819543383,77.431406948048789,4.3622099066532662,0.15404705185401588,0,13849.740037075058,117.68491847758173,6.6299494931174747,0.21237975750832985,0
5,2021-06-21,3854,5070.0187164924018,71.204063904333452,4.0113835612705806,0.5680246797313947,1,70109.789037628114,264.78253159456744,14.916905529115656,0.49772019808698259,1
5,2021-06-22,3855,3006.3205158822689,54.82992354437738,3.0603886774044087,0.110517100321051,0,77328.043889317021,278.07920434530342,15.521277313312314,0.26606784492355323,1
5,2021-06-23,3856,4665.1483996910656,68.30189162600891,3.8267580819681721,0.48579922098390926,1,7362.5876063796031,85.805522004003933,4.8074360312633519,0.74847553214130125,1
5,2021-06-24,3857,5885.5338369456285,76.717232985461806,4.2939150357071503,0.27804207526019764,1,9851.6174388441977,99.25531441108933,5.5553865844507495,0.53653681604083703,1
5,2021-06-25,3858,5563.4186554896341,74.588327877018628,4.1896493780272213,0.79711120776819222,1,10672.478798528078,103.30768992929848,5.8028248008368521,0.82278963368377001,1
5,2021-06-28,3859,9887.9810509774416,99.438327877018537,5.6645491399366854,0.73763963799289656,1,17607.704285241725,132.69402505479184,7.5589749098403161,0.78802685099100178,1
5,2021-06-29,3860,5137.5796746895194,71.676911726786329,4.0652758827545199,0.076987535498602447,0,12461.373442886366,111.63052200400375,6.331311686697318,0.32256098877921785,1
5,2021-06-30,3861,3775.1026972735549,61.441864370098301,3.4488837704237043,0.10614025330051553,0,58.035352628664754,7.6180937660719792,0.42762243985809595,0.036151561007361596,0
5,2021-07-01,3862,1490.5370805893622,38.607474413503951,2.1614911633123728,0.17207877209107036,0,1115.1793311286278,33.394300877973592,1.8696246607492983,0.12086208693818673,0
5,2021-07-02,3863,134.37331634353231,11.591950497803737,0.64049233349745771,0.23044684814298497,0,90.722612818101808,9.5248418789028619,0.5262779721470211,0.21872659655079751,0
5,2021-07-06,3864,8738.7443057219552,93.481251091980766,5.1800211172238804,0.10527830338782092,0,7758.9528632021957,88.084918477581596,4.8809973389622137,0.10508108915284696,0
5,2021-07-07,3865,9660.3586983308742,98.28712376670137,5.437136901405176,0.5708935121018528,1,7230.9373604889552,85.034918477581641,4.7040393028479084,0.24508885635369082,0
5,2021-07-08,3866,17293.592449466862,131.50510427153336,7.2815672354115915,0.088118775968657664,0,7522.9460833127414,86.734918477581687,4.8025979223467159,0.26662160317564881,1
5,2021-07-09,3867,12902.034685591925,113.58712376670132,6.3371526314830025,0.16145965483312336,0,10067.095865902944,100.3349184775816,5.5977972817218022,0.41239768882248906,1
5,2021-07-12,3868,1492.3856027857557,38.631406948048834,2.1298016345369706,0.30163424879973405,1,6222.8303632147226,78.884918477581778,4.3490320852100108,0.41307643370060732,1
5,2021-07-13,3869,12189.595977888835,110.40650333150143,6.0556441055013943,0.15443793292088825,0,4835.104887683925,69.534918477581641,3.8138941683623107,0.18143939506009835,0
5,2021-07-14,3870,13146.645695712301,114.65882301729903,6.2869813854584802,0.38310471615177488,1,4758.9189773585913,68.984918477581687,3.7825863455836424,0.4892890892239436,1
5,2021-07-15,3871,13020.823490393283,114.10882301729907,6.2549374015950816,0.051249159728883019,0,4683.3380670332572,68.434918477581732,3.751297400514265,0.055902417422870075,0
5,2021-07-16,3872,15254.429363118472,123.50882301729894,6.8052687760922881,0.32944770899607423,1,6058.2745344117729,77.834918477581596,4.2886615503653971,0.33117501607529876,1
5,2021-07-19,3873,13307.658047936531,115.35882301729907,6.3277926012615708,0.11586088610742687,0,4855.9878632272121,69.684918477581732,3.8224359440268634,0.030757599219784722,0
5,2021-07-20,3874,19101.678759827071,138.20882301729898,7.6774148993055764,0.47094994354924702,1,8562.7111376526809,92.534918477581641,5.1402576645695834,0.42987569477123305,1
5,2021-07-26,3875,18811.522627735212,137.15510427153345,7.6182466893400429,0.14138083212340807,0,8534.9731621094306,92.384918477581778,5.1314976797612566,0.13890362163894393,0
5,2021-07-27,3876,19854.248409771713,140.90510427153345,7.8428756691268751,0.27825679899480033,1,9241.9225506912935,96.134918477581778,5.3509361281076355,0.59553081359168591,1
5,2021-07-28,3877,11708.344590413415,108.2051042715334,5.9151098382732963,0.023067960686008963,0,4023.9888822574403,63.434918477581732,3.4677154363735712,0.010769621935995229,0
5,2021-07-29,3878,12692.010403643106,112.65882301729903,6.1705503501190755,0.042640086366859432,0,4486.9793034482645,66.984918477581687,3.668898725322836,0.056688106478126665,0
5,2021-07-30,3879,22860.153360498542,151.1957451798778,8.3466695288237478,0.083849759219659467,0,6607.2379719070932,81.284918477581641,4.4872846878236574,0.17957190100373899,0
5,2021-08-02,3880,15815.281566696316,125.75882301729894,6.9378436552726077,0.56435048645962704,1,6413.5941675608901,80.084918477581596,4.4181126239252801,0.3854588901014277,1
5,2021-08-03,3881,11948.418789427222,109.30882301729912,5.976098792701281,0.44135009081379462,1,4049.4028496484789,63.634918477581778,3.4790289474376355,0.39058394116148132,1
5,2021-08-04,3882,20800.484599471318,144.22373105516067,8.0090923812389647,0.25601733825863054,1,8461.225227327348,91.984918477581687,5.1081448550649275,0.30707439983250107,1
5,2021-08-05,3883,31050.594487202376,176.21178872936503,9.9955634879667041,0.43264492156423373,1,16857.106056080258,129.8349184775816,7.3648487422758855,0.37571149477683291,1
5,2021-08-06,3884,16674.920260382594,129.13140694804883,7.4930459249745462,0.76581337853758646,1,28691.250607657024,169.38491847758178,9.82881704108752,0.60977223107195744,1
5,2021-08-10,3885,1756.6296586942128,41.91216599860013,2.403771851261765,0.072589168547529628,0,3801.2124034499684,61.65397313596236,3.5360158944690503,0.11184158669464536,0
5,2021-08-11,3886,2167.2026088125372,46.553223398735099,2.6641423485598659,0.33973050197964488,1,10527.653477471906,102.60435408632475,5.8718298092208281,0.72745569666195564,1
5,2021-08-12,3887,478.72952120465715,21.879888509877219,1.2334689240847434,0.073824566155049051,0,3145.5702162392099,56.085383267293537,3.1617883849983675,0.045880112768974836,0
5,2021-08-13,3888,957.94127351775376,30.950626383285908,1.7296167192872618,0.19256638821089986,0,479.83600311595484,21.905159280771159,1.2241280438554392,0.087956774099852503,0
5,2021-08-17,3889,3430.0908226464576,58.566977236719822,3.2839147291328503,0.60205021687974936,1,8341.2642495238215,91.330522004003797,5.1210026636016597,0.48535200405672402,1
5,2021-08-18,3890,5431.6015297847198,73.699399792567647,4.1426266711204098,0.25021384680698849,1,4683.5522883719714,68.436483606129059,3.8467993370691698,0.21966295116924175,0
5,2021-08-20,3891,1777.2433058584118,42.157363601847919,2.3394763375054342,0.31757737154179727,1,4627.4834445017377,68.025608740398184,3.7750060344283116,0.15287414986408185,0
5,2021-08-23,3892,9513.4905126808208,97.53712376670137,5.393410034377581,0.30064124828564665,1,7103.9474827725835,84.284918477581641,4.6606164659007234,0.7044002357573006,1
5,2021-08-24,3893,20997.894707762433,144.90650333150143,8.1012189484822184,0.69105871968787702,1,10823.264262637058,104.03491847758164,5.8162306970191553,0.59334793556163368,1
5,2021-08-25,3894,14253.285321285704,119.38712376670151,6.6823644781541205,0.37663139787538913,1,11264.620920242929,106.13491847758178,5.9406088927337839,0.58323060887166422,1
5,2021-08-26,3895,9926.386194153336,99.631251091980857,5.539685910035077,0.048649811137108881,0,12654.996163146594,112.49442725373819,6.2549028220037908,0.069879015166594366,0
5,2021-08-27,3896,15044.274603860742,122.65510427153345,6.7584155313956229,0.16624169611733416,0,6066.0605262595591,77.884918477581778,4.291534753703159,0.19532749285217191,0
5,2021-08-31,3897,16208.29154947051,127.31178872936516,7.02681249196187,0.37851253708392762,1,6550.4610289728007,80.934918477581732,4.4671000373982634,0.20000597662846359,0
5,2021-09-01,3898,11834.506605320294,108.78651849066728,6.0018492450231591,0.37034941973901853,1,6429.6211512564287,80.184918477581732,4.4238734643227344,0.30122599623488966,1
5,2021-09-02,3899,13319.880977711598,115.41178872936507,6.3284415599805381,0.30033809841537723,1,4765.8199692063426,69.034918477581641,3.7854317309635155,0.14254142921934618,0
5,2021-09-03,3900,18566.466850059594,136.25882301729894,7.5609035328523673,0.4734231777127475,1,8205.6274555901036,90.584918477581596,5.0264916060029181,0.7444013161982983,1
5,2021-09-07,3901,23443.219847905737,153.11178872936512,8.5728885066833769,0.098691325723602674,0,11392.342822416009,106.73491847758169,5.9761992428657162,0.12515149409931944,0
5,2021-09-08,3902,13862.030312855568,117.73712376670142,6.5839297506893004,0.027171336955270135,0,10917.098189266891,104.48491847758169,5.8428585755672691,0.35574250848494343,1
5,2021-09-09,3903,12563.52331429182,112.08712376670132,6.2482370124701108,0.064523005037529155,0,9768.3411104701991,98.834918477581596,5.509499887261363,0.1262126945897894,0
5,2021-09-13,3904,20954.040212662494,144.75510427153336,8.0744724178794236,0.70920462938195794,1,9996.983922968655,99.984918477581687,5.5771813402639348,0.48775407726532216,1
5,2021-09-14,3905,19755.7373367816,140.55510427153331,7.8218706292068951,0.05078898368707533,0,9174.7506077569615,95.784918477581641,5.3304164544134025,0.27324743290286202,1
5,2021-09-15,3906,34468.337229279801,185.65650333150143,10.62138524165459,0.5362436043252945,1,20962.672618559962,144.78491847758164,8.2831270046386702,0.72692503446962675,1
5,2021-09-16,3907,4899.799657323254,69.998568966252833,3.986364587047059,0.26465472070704948,1,1066.4641343883332,32.656762460298069,1.8597774686237116,0.52660377570837857,1
5,2021-09-17,3908,2092.9006401524775,45.748231005717344,2.579690481883238,0.006134438940600135,0,1279.1496927654425,35.765202260932938,2.0167588959587759,0.027445173162935366,0
5,2021-09-22,3909,8868.4399343064197,94.17239475720271,5.3911377809252761,0.01039100587316045,0,3594.092704456712,59.950752326027668,3.432032993246374,0.085917626869192354,0
5,2021-09-24,3910,6372.0050228303853,79.824839635481794,4.5476465353775311,0.016359805976644184,0,5741.8071970009732,75.774713440573123,4.3169095562338704,0.066532785072570794,0
5,2021-09-27,3911,10474.115154356774,102.34312460716046,5.9029920465557586,0.63821366908537747,1,9472.0998462896659,97.324713440573078,5.6135379057288004,0.60494788626997464,1
5,2021-09-28,3912,1888.6782960532857,43.458926540508173,2.5017371292351362,0.06748936920579382,0,3145.7427729507554,56.086921585613482,3.228674644424113,0.34583305091674277,1
5,2021-09-29,3913,1927.3216894728464,43.901272071237827,2.5190080371378145,0.01899011567912863,0,3869.0459693001162,62.201655679733449,3.5690644755412815,0.015309842614658516,0
5,2021-09-30,3914,31.161642665793519,5.5822614293665538,0.31480397176746389,0.0072327385612553441,0,2598.4049200286563,50.974551690315593,2.8746398810272433,0.0058198832189246385,0
5,2021-10-08,3915,5973.5359487876694,77.288653428479847,4.3972721206428949,0.39387621966715025,1,4070.317440069226,63.799039491744907,3.6297920229707223,0.3647806559536021,1
5,2021-10-11,3916,656.64136432535554,25.625014425856534,1.4495836190556659,0.52344471762475475,1,4944.5424065735733,70.317440273189504,3.977793255448423,0.65482660010267257,1
5,2021-10-12,3917,333.54451167111267,18.263201024768705,1.0227474393665623,0.41635078062283415,1,3050.9512366801755,55.23541650680454,3.0932080700456144,0.24959879705850513,0
5,2021-10-13,3918,1857.4719453612811,43.098398408308412,2.3960859736647806,0.7587765514275423,1,8341.2263304284388,91.330314411089375,5.0775734925829417,0.88258355554008661,1
5,2021-10-14,3919,7162.4750420062483,84.631406948048834,4.7872504425176823,0.23758940016056368,0,15596.242863152247,124.88491847758178,7.0642259511599841,0.27622133387191322,1
5,2021-10-18,3920,4098.1733745267093,64.016977236719868,3.6005049064521857,0.23052370196747266,0,8585.0457578344394,92.655522004003842,5.2112217100114648,0.23548160352842376,0
5,2021-10-20,3921,2905.8883024169522,53.906291862981561,3.0296347925016334,0.81447000676344417,1,12867.480730015614,113.43491847758173,6.3752553519688488,0.57991398011015061,1
5,2021-10-21,3922,1956.4173606038946,44.231406948048743,2.446089144092285,0.45080884912919028,1,7137.7014501636231,84.484918477581687,4.6721923670721237,0.25747515458130543,1
5,2021-10-22,3923,17491.41260587416,132.25510427153336,7.3261378906818093,0.6244925042106646,1,7653.6109610291132,87.484918477581687,4.8461386776115045,0.35857742142177956,1
5,2021-10-25,3924,21920.72817875092,148.05650333150152,8.2919270438521195,0.12419656500763834,0,11488.606749045843,107.18491847758173,6.002907702253184,0.053846875084363685,0
5,2021-10-26,3925,12262.710580121748,110.73712376670142,6.1683399953600571,0.37351827916272184,1,9503.309330580747,97.484918477581687,5.4301583889475946,0.10541306374119123,0
5,2021-10-27,3926,17957.367970824525,134.00510427153336,7.4302802479364214,0.25942899368298777,1,7962.8706757006494,89.234918477581687,4.9478746036918047,0.13452277246270508,0
5,2021-10-28,3927,27045.941488024124,164.45650333150138,9.2957919527174848,0.42592682291106798,1,15273.232075110489,123.5849184775816,6.9855534283459058,0.71028311926020393,1
5,2021-10-29,3928,3651.4823270852849,60.42749644892865,3.3686863891698433,0.28285463150021573,1,9946.5210086001662,99.7322465835407,5.5598308943884884,0.54789002214218929,1
5,2021-11-01,3929,11595.251836734218,107.68125109198081,6.0142004016856552,0.021868156918201494,0,10462.204547965523,102.28491847758164,5.7128050756838586,0.60235046080369881,1
5,2021-11-02,3930,6995.1684719665463,83.637123766701507,4.5895203318079139,0.055977217480007224,0,4954.0367490958324,70.384918477581778,3.8623161564782715,0.016578941077374586,0
5,2021-11-08,3931,12345.170552289488,111.10882301729907,6.0804916005745673,0.55121049499843855,1,4281.7285561677672,65.434918477581732,3.5809619918777282,0.26910690982151836,1
5,2021-11-09,3932,6242.3941145788667,79.008823017298937,4.2491568794933272,0.25506665325075889,1,1111.2167899070109,33.334918477581596,1.792778233708809,0.11345773636314506,0
5,2021-11-10,3933,10971.671133287884,104.74574517987776,5.6378569987554634,0.16431944087882572,0,1213.4715453397557,34.834918477581596,1.8749619719888904,0.37198198118681303,1
5,2021-11-11,3934,11854.16774586258,108.87684669323676,5.8518635184884449,0.11235913015724869,0,1035.8689774085819,32.184918477581732,1.729860443287293,0.072662628384050285,0
5,2021-11-12,3935,11996.130146563757,109.52684669323662,5.888856749999281,0.11950819534647927,0,1078.1318714294293,32.834918477581596,1.7654131124029031,0.050099514282215783,0
5,2021-11-15,3936,14107.634437761184,118.77556330222637,6.3885307283899726,0.35472123834072267,1,1124.5907572980466,33.534918477581641,1.8037284034843826,0.60570304263889996,1
5,2021-11-16,3937,12786.083016115794,113.07556330222633,6.0633579978672492,0.68857732368709601,1,774.78268665361338,27.834918477581596,1.4925689569189553,0.52791319017384264,1
5,2021-11-17,3938,13847.538198496308,117.67556330222646,6.3256229265294017,0.30149334199514044,1,1052.0239366473729,32.434918477581732,1.7435316066001036,0.49893026586645123,1
5,2021-11-18,3939,26219.88805074335,161.92556330222646,8.9163604142081141,0.51423449143581912,1,5880.5767219133559,76.684918477581732,4.2226215400226721,0.39288770434117926,1
5,2021-11-22,3940,32614.823177075388,180.59574517987789,10.134157020278774,0.091710243528655269,0,12251.151178388915,110.68491847758173,6.2111006132028699,0.025861354479519927,0
5,2021-11-24,3941,17637.567327140125,132.80650333150152,7.3748613578132787,0.12566142349923745,0,8452.0292354795984,91.934918477581732,5.1052264814294608,0.010856834259478981,0
5,2021-11-26,3942,21802.442976085691,147.65650333150143,8.2676728537473849,0.31206728256112104,1,11403.018814263756,106.78491847758164,5.979166184808177,0.26769354346045454,1
5,2021-11-29,3943,2482.7794023679835,49.827496448928514,2.7614440505945752,0.08418309312535055,0,9199.4666299295386,95.913850042262084,5.3155536489837107,0.1383777109992578,0
5,2021-11-30,3944,10461.818474354926,102.2830312141507,5.7165310165796113,0.18975172502455331,0,10709.128352311727,103.48491847758169,5.7837037014157708,0.083952312911145896,0
5,2021-12-01,3945,8244.2838593105025,90.79803885167621,5.1443648074604091,0.44773754898519696,1,16520.5384118121,128.53224658354065,7.2822802596906895,0.56220702089418451,1
5,2021-12-02,3946,4906.8177704107138,70.048681432348985,3.9630381846255545,0.41220688164522185,1,15554.835210617817,124.71902505479193,7.0560394362135126,0.0044543750435023528,0
5,2021-12-03,3947,1999.8073120826668,44.719205181696452,2.5142217514236331,0.37994136833139364,1,45.958586649926303,6.7792762629890149,0.38114728940426806,0.15461210181826332,0
5,2021-12-06,3948,966.89477854385837,31.094931717948157,1.7455823795406944,0.0087596648088611381,0,169.9136991353044,13.035094903195159,0.73175372067225186,0.0032218360416640191,0
5,2021-12-07,3949,2324.8014190134868,48.216194572088398,2.7030045168790444,0.3730660279655319,1,28.28212130473413,5.3180937660720247,0.29813284931449857,0.37831157512756886,1
5,2021-12-08,3950,2711.9080442795707,52.075983373140161,2.9319586393683057,0.34144526020964944,1,16744.44907111242,129.40034416921935,7.2854400906015453,0.20200217305975132,0
5,2021-12-09,3951,1381.0299258330335,37.162210992257087,2.0880579290494219,0.23673881478586323,0,10837.579529690463,104.10369604240987,5.8493437866222706,0.079506979559647875,0
5,2021-12-10,3952,3783.6034459297807,61.511002641233063,3.4405975299940188,0.32357816163588049,1,253.74184226262093,15.929276262988878,0.89099878414749289,0.67616357690722573,1
5,2021-12-13,3953,5814.3509765445797,76.251891626008728,4.291287727278335,0.29984981389603599,1,8790.0979062432307,93.755522004003751,5.2763533121730957,0.26201871134772875,1
5,2021-12-14,3954,1089.0307280702598,33.000465573537895,1.8658561939070981,0.55600923451828843,1,10.373061390146006,3.2207237370109851,0.18210068340321631,0.3924791735987222,1
5,2021-12-15,3955,11.299155071044705,3.3614215848424465,0.18719282646558147,0.15304870624267797,0,21.392087645149548,4.6251581210970016,0.25756853155298776,0.098537439649313843,0
5,2021-12-16,3956,2005.3744082467442,44.781406948048698,2.4772587790036344,0.61757885911961918,1,7230.9373604889552,85.034918477581641,4.7040393028479084,0.62341139454076333,1
5,2021-12-17,3957,12031.265120211685,109.68712376670146,6.1062808977732823,0.21186788422342742,0,9299.6935017778342,96.434918477581732,5.3685307842555101,0.32157100328542348,1
5,2021-12-20,3958,10895.445579527155,104.38125109198086,5.8191638239431835,0.15688147275400974,0,9798.0140860134925,98.984918477581687,5.5183229813285957,0.41763007228112065,1
5,2021-12-21,3959,3561.8703352986063,59.681406948048789,3.3289495174056669,0.57424096469964847,1,9986.9879311209061,99.934918477581732,5.5742368628726977,0.34744895352919697,1
5,2021-12-22,3960,2235.5314429869877,47.281406948048698,2.6191783153140205,0.21659562254106191,0,11192.460837946493,105.79442725373815,5.8605377384078299,0.039537346648817431,0
5,2021-12-23,3961,12485.18482765515,111.73712376670142,6.2275114263174816,0.024214686267532148,0,9699.2791675359113,98.484918477581687,5.488918404769775,0.041754482754654709,0
5,2021-12-29,3962,10027.443556267695,100.13712376670151,5.5451517992469759,0.4100492015900622,1,7548.9890588560311,86.884918477581778,4.8113031800859307,0.25740926064861591,1
5,2021-12-30,3963,8946.7239824572753,94.587123766701325,5.2217690055593087,0.2973400447253281,1,6615.3689637548441,81.334918477581596,4.4901688460628018,0.19058943068323836,0
5,2022-01-04,3964,5751.4815445312761,75.838522826669532,4.1526911883186601,0.31897837704557236,1,4420.2443849706824,66.484918477581687,3.6405157277252123,0.23155210230648937,0
5,2022-01-05,3965,22218.5327193025,149.05882301729912,8.3303335299018713,0.34045361118115147,1,10688.44136861623,103.38491847758178,5.7777918505368868,0.44993844412067457,1
5,2022-01-06,3966,12856.639836085285,113.38712376670151,6.3252886180241834,0.40814882660724833,1,10027.001898511948,100.13491847758178,5.5860157579818024,0.38096043854234579,1
5,2022-01-07,3967,2086.7909407532402,45.681406948048789,2.5283045687430148,0.23747516574480912,0,7384.8102137486185,85.934918477581732,4.756194292538285,0.063442720895403343,0
5,2022-01-11,3968,7154.9815071232479,84.587123766701325,4.6440718000824273,0.4246216554749131,1,5088.6705942032122,71.334918477581596,3.9164883319194899,0.2377034359592641,0
5,2022-01-12,3969,14104.362462198376,118.76178872936521,6.5241183689601021,0.46181368362085595,1,5239.5764230061595,72.384918477581778,3.9764286251315282,0.33864089236464356,1
5,2022-01-13,3970,13330.739812539969,115.45882301729898,6.333625333514302,0.010398012499743606,0,4869.9348469227152,69.784918477581641,3.828131242084623,0.0070752622077896263,0
5,2022-01-14,3971,14679.460394937189,121.15882301729903,6.667152181444437,0.58334620963842154,1,5697.9729175671528,75.484918477581687,4.1537993384279366,0.44305150726048792,1
5,2022-01-18,3972,12423.069228401577,111.45882301729898,6.100814090002407,0.31559403629273236,1,4327.6554991020621,65.784918477581641,3.600805631110958,0.17105277222516169,0
5,2022-01-19,3973,8659.944541365001,93.058823017299119,5.0428820016419174,0.18563727995500551,0,2245.3304991270711,47.384918477581778,2.567801147618705,0.12812998899792424,0
5,2022-01-20,3974,14037.708769872988,118.4808371420163,6.4475858261872174,0.36259745999944082,1,3039.8592355295887,55.134918477581778,3.0003764952972234,0.35209096189189432,1
5,2022-01-21,3975,17172.987329749503,131.04574517987794,7.1547141941405297,0.19008124670708662,0,3737.47825726057,61.134918477581778,3.3377876434582761,0.63809530793755975,1
5,2022-01-24,3976,11833.270529317862,108.78083714201625,5.8886394815144403,0.58783072916333201,1,2064.331817064498,45.434918477581732,2.4595311252953898,0.33162324515668484,1
5,2022-01-25,3977,24303.483365189408,155.89574517987785,8.628517790501057,0.2877703957983952,1,7393.4062055963686,85.984918477581687,4.7590933154881245,0.56816077529932418,1
5,2022-01-27,3978,22577.713894543966,150.25882301729894,8.4030323528394657,0.51838370482443075,1,10938.005172962388,104.5849184775816,5.8487777019590963,0.64459777934853046,1
5,2022-01-28,3979,6318.4252611659776,79.488522826669623,4.361270867259389,0.25555055036926733,1,4918.906789857042,70.134918477581778,3.8480697068792811,0.17908188914998069,0
5,2022-02-08,3980,12234.311729272189,110.60882301729907,6.0514729739194157,0.34788511865361188,1,4216.5436376901853,64.934918477581732,3.5526271188084984,0.32104673314207871,1
5,2022-02-09,3981,10621.121001710982,103.05882301729912,5.615213611425566,0.19138320190972335,0,3293.0288686787067,57.384918477581778,3.126647150547949,0.14984533802091934,0
5,2022-02-10,3982,8087.5554690638255,89.930837142016117,4.8190572645294383,0.20871949910135154,0,706.75789045965939,26.584918477581596,1.4245863664540146,0.34667248297102682,1
5,2022-02-14,3983,13017.83906815163,114.09574517987789,6.1721752281451892,0.53713268710210904,1,1952.3070208705435,44.184918477581732,2.3902474089195174,0.63861871146250859,1
5,2022-02-15,3984,10009.15112859707,100.04574517987794,5.3712952421280979,0.077734008869465784,0,908.11331165049967,30.134918477581778,1.6178953332750874,0.039044273232629559,0
5,2022-02-16,3985,6197.227543171809,78.722471653091588,4.1576208325063559,0.39350032383359856,1,0.51134158370415783,0.71508152241835887,0.037766063134403276,0.28803428388778785,1
5,2022-02-17,3986,5749.7106794396368,75.826846693236803,4.0043750894189278,0.1298049814065797,0,0.74836604042942956,0.86508152241822245,0.045684491044477318,0.080783936005487639,0
5,2022-02-18,3987,6064.603359639088,77.87556330222651,4.0984981475831015,0.20962348090553531,0,54.244425831866323,7.3650815224182224,0.38761546878681241,0.035849910367990928,0
5,2022-02-22,3988,929.32466916528222,30.484826867890888,1.574385522279135,0.22728556954104309,0,1897.9163280549496,43.565081522418268,2.2499138316592608,0.28470631168130883,1
5,2022-02-24,3989,12401.814095919877,111.36343248984326,5.90850129933379,0.28985160685256733,1,62.962931245867992,7.9349184775817321,0.42099525029614454,0.39473153350217172,1
5,2022-02-25,3990,4281.7641535780413,65.435190483241058,3.4261952762385035,0.14765778263737941,0,292.92601551902163,17.115081522418222,0.8961479447295978,0.042588649713766719,0
5,2022-02-28,3991,2188.8540485531412,46.785190483240967,2.4259886172279472,0.21280510047106163,0,1279.1410563052279,35.765081522418313,1.854554395769682,0.031861478687712864,0
5,2022-03-02,3992,2087.1366294900195,45.685190483241058,2.3675990092890271,0.16803349813435253,0,1359.0342356545414,36.865081522418222,1.9105038102414089,0.0091978735078241166,0
5,2022-03-03,3993,2587.0887646488432,50.863432489843262,2.6146832102936957,0.50508121562799879,1,2763.0877954584785,52.565081522418268,2.7021581001602977,0.13377880270420708,0
5,2022-03-04,3994,231.44852812301579,15.213432489843171,0.76798669778859485,0.44329222300691695,1,7781.9006080069166,88.215081522418359,4.4531705253751159,0.069572365101928338,0
5,2022-03-07,3995,0.00068779235863944052,0.026225795672189633,0.0012861771742816329,0.35091268414719756,1,21408.103080911904,146.31508152241827,7.175649519257413,0.73038388182985636,1
5,2022-03-08,3996,3535.9988860972294,59.464265623122174,2.9898067083876603,0.2648687270827535,1,9247.7229042133768,96.165081522418404,4.8350888190667405,0.57552858078788682,1
5,2022-03-09,3997,2725.2510673150086,52.203937277900877,2.6146417548783369,0.26427791613608415,1,10787.955159658582,103.86508152241822,5.2020976421125029,0.242068278584508,0
5,2022-03-10,3998,4914.5620218638414,70.103937277900741,3.5429290583666417,0.43770756389503013,1,7389.9952411560344,85.965081522418359,4.344523248719784,0.61894974692793858,1
5,2022-03-11,3999,9375.8504221132789,96.828975116507763,4.9552966974492856,0.02395404738806892,0,3759.5392221007983,61.315081522418268,3.1378460900395728,0.23404476394814294,0
5,2022-03-14,4000,16265.739389320092,127.53720786233362,6.6646047010860716,0.25972867336863126,1,437.44063508940775,20.915081522418404,1.0929418400657593,0.18202762815744442,0
5,2022-03-15,4001,11624.559953683309,107.81725257899734,5.6354407578401284,0.028351210660299411,0,418.81956171922934,20.465081522418359,1.069678105917748,0.20889969288347762,0
5,2022-03-16,4002,2163.4994019871942,46.513432489843126,2.3857324386347871,0.28434640258470423,1,3239.3265047035329,56.915081522418404,2.9192460966028979,0.34579650805329243,1
5,2022-03-17,4003,15849.831286384571,125.89611307099426,6.5733514199709839,0.35177026538096334,1,506.92889596114253,22.515081522418313,1.1755688041988417,0.030396344617285929,0
5,2022-03-22,4004,4149.0902851235896,64.413432489843217,3.3344600745356909,0.26077729690442408,1,1522.176586200947,39.015081522418313,2.019675502648806,0.41485215170478584,1
5,2022-03-23,4005,958.73415155307566,30.963432489843171,1.5755868354286167,0.32830032280174171,1,5251.1880400507389,72.465081522418359,3.6874150988407468,0.79194739403200975,1
5,2022-03-24,4006,8516.9233571237291,92.287178725561489,4.723471119129977,0.31558539241077987,1,3728.9441813395888,61.065081522418268,3.1254520177304879,0.71207478270695368,1
5,2022-03-25,4007,10398.650625475231,101.97377420432781,5.2643852355038749,0.82632598369297405,1,1963.8264503385769,44.315081522418268,2.2877613650870274,0.79599946235263008,1
5,2022-03-28,4008,17290.530549531442,131.49346200298874,6.8844744504182582,0.33913888008251258,1,298.08303997575024,17.265081522418313,0.90393096976012122,0.66373454837968415,1
5,2022-03-29,4009,3882.9638686662597,62.313432489843308,3.2222474592053838,0.25035997164141449,1,1690.4499285950963,41.115081522418222,2.1260739727702886,0.18425030483952184,0
5,2022-03-30,4010,2917.4508893348411,54.013432489843126,2.7811153870629521,0.072823207837733897,0,2441.8502818672569,49.415081522418404,2.5443493819951293,0.1100893343447428,0
5,2022-03-31,4011,4357.7732690910761,66.013432489843126,3.4201192907205717,0.55869274506172473,1,1399.8883253292151,37.415081522418404,1.9384546031354248,0.01170559404991099,0
5,2022-04-06,4012,1839.1395627838538,42.885190483240876,2.2192708799027567,0.19201476591097436,0,1573.318692180098,39.665081522418404,2.0526330740228937,0.2397366832774997,0
5,2022-04-07,4013,1148.206134085518,33.885190483240876,1.7453997364397278,0.1787122224086925,0,2368.2901595836292,48.665081522418404,2.5067003977757496,0.16615363242378037,0
5,2022-04-08,4014,563.35926727573474,23.735190483241013,1.2162225145776953,0.050936116023514472,0,3459.2138144887067,58.815081522418268,3.0137624720052405,0.072784999368801728,0
5,2022-04-11,4015,1247.0385142147209,35.313432489843308,1.8009247260036876,0.58534123735497634,1,4639.66433080568,68.115081522418222,3.4737527869249676,0.1167489170368767,0
5,2022-04-12,4016,376.88136103770023,19.413432489843217,0.98208840216735638,0.23642956865130349,0,7058.5339232185952,84.015081522418313,4.2501622118334792,0.28461169895016075,1
5,2022-04-13,4017,5628.5666958619558,75.023774204327765,3.8199477700777882,0.14448881464556645,0,5078.7118443969284,71.265081522418313,3.6285683056221139,0.084726815459026453,0
5,2022-04-19,4018,8005.5562703670366,89.47377420432781,4.5894577827871981,0.10506455763721664,0,3227.9534883990336,56.815081522418268,2.9142664472528672,0.0505137895122156,0
5,2022-04-20,4019,9086.6219285576553,95.323774204327719,4.9042431550304943,0.39815308723802095,1,2597.4395345867492,50.965081522418359,2.6220652118340464,0.64787732095868955,1
5,2022-04-21,4020,10928.021735899985,104.53717872556149,5.3842125479931751,0.10729205631122239,0,2382.9121840403413,48.815081522418268,2.5142325215636099,0.19992437201839133,0
5,2022-04-22,4021,21460.334409621104,146.49346200298874,7.7305256993661597,0.12956100047412072,0,5.1305943032008647,2.2650815224183134,0.11952936793764186,0.13346874951297999,0
5,2022-04-25,4022,4996.3961536520719,70.685190483241058,3.711287959846743,0.42378202438999457,1,140.78015953363033,11.865081522418222,0.62296973235420683,0.4475468451858326,1
5,2022-04-26,4023,6558.5421828222616,80.984826867890888,4.2944547071741912,0.52385078623773218,1,48.093094290704528,6.9349184775817321,0.36774411271511998,0.26999361588444187,1
5,2022-04-27,4024,8005.8764282507273,89.475563302226419,4.737917040096713,0.42511829593670131,1,17.934534511762791,4.2349184775816866,0.22424773511155344,0.05914086708681876,0
5,2022-04-28,4025,9144.2483568681291,95.62556330222651,5.0801159881120146,0.17614258159671109,0,107.84653178601943,10.384918477581778,0.5516996561522447,0.021601268300841126,0
5,2022-05-06,4026,13706.687522533604,117.07556330222633,6.291340926553084,0.0056975487071660941,0,1013.4620344742661,31.834918477581596,1.7107269857370946,0.0080220866532659234,0
5,2022-05-09,4027,13184.199996525052,114.82247165309172,6.1820589362851228,0.63348591034295021,1,1252.0924556651082,35.384918477581778,1.9051292689897854,0.2880637450098969,1
5,2022-05-10,4028,14453.44269037841,120.22247165309159,6.4916694107881741,0.36102576809757803,1,1663.4095752229803,40.784918477581641,2.202268877538899,0.42603659917941522,1
5,2022-05-11,4029,15774.291207288821,125.59574517987789,6.836816917333655,0.38562845022230308,1,3100.8101458549236,55.684918477581732,3.0312140920269854,0.69353721458677053,1
5,2022-05-12,4030,20889.162884972025,144.53083714201625,7.9782968806831862,0.5774669444129984,1,6590.9909882115917,81.184918477581732,4.4815168489736266,0.72678428251815475,1
5,2022-05-13,4031,9280.7247949026696,96.336518490667231,5.2787133419543695,0.20117640171419565,0,4588.0191811646373,67.734918477581687,3.7115023823332436,0.07799506377308936,0
5,2022-05-17,4032,15118.30171150951,122.95650333150138,6.790738316709545,0.0082499789920295625,0,6737.9338414712165,82.084918477581596,4.5334503342767292,0.0034830944173065048,0
5,2022-05-18,4033,3842.4035128683595,61.987123766701416,3.3615576879989923,0.34463747057831207,1,2375.0922790165328,48.734918477581687,2.6428914575695059,0.053602639635308112,0
5,2022-05-19,4034,10859.478794650742,104.20882301729898,5.681431851341129,0.57456433714450583,1,3426.3366811771284,58.534918477581641,3.1913051181758605,0.085623841133843775,0
5,2022-05-20,4035,6758.290581889587,82.208823017298982,4.4288774387080583,0.3569467830738115,1,1334.8002681635364,36.534918477581641,1.9682641136505572,0.083296499040751773,0
5,2022-05-23,4036,7917.5893784940272,88.980837142016298,4.7657242323397941,0.090431140758086323,0,657.14904535226367,25.634918477581778,1.37298047654554,0.080480157955084716,0
5,2022-05-24,4037,13327.720080137278,115.4457451798778,6.2497696611020901,0.28236487528178505,1,2073.4288007600057,45.534918477581641,2.4650778734074081,0.34976205946457106,1
5,2022-05-25,4038,11627.489438748022,107.83083714201621,5.8342127494665874,0.53095526398421433,1,1978.9079719570886,44.484918477581687,2.4068669540149705,0.58995777391387838,1
5,2022-05-26,4039,10874.492995039716,104.28083714201625,5.6313228827095934,0.24812378924403861,0,1675.6675507662624,40.934918477581732,2.2105474931192211,0.74555455939380511,1
5,2022-05-27,4040,13778.26092816052,117.38083714201616,6.3839036896729304,0.16419444525887486,0,2919.7724148788939,54.034918477581641,2.9387566474999534,0.16970570429734155,0
5,2022-05-31,4041,12361.178547599511,111.18083714201612,6.0263882672240285,0.033296657985217096,0,2288.1794257568772,47.834918477581596,2.5928190404673206,0.4437061498894056,1
5,2022-06-01,4042,11855.036696746247,108.88083714201616,5.8943718678007881,0.051271257123770189,0,2073.4288007600057,45.534918477581641,2.4650778734074081,0.76227401532486183,1
5,2022-06-06,4043,11338.168678464597,106.4808371420163,5.7569656759308119,0.26617031196055574,1,1860.6211920676258,43.134918477581778,2.3321214574817137,0.51722432490193448,1
5,2022-06-07,4044,10635.96956961306,103.13083714201616,5.5657647071975038,0.61618939356539082,1,1582.839738267817,39.784918477581641,2.1471123601598339,0.87087224883663938,1
5,2022-06-08,4045,12372.299131313752,111.2308371420163,6.0292618447037052,0.17822769780796527,0,2292.9654176046529,47.884918477581778,2.5955995597247354,0.40033003668872597,1
5,2022-06-09,4046,15896.377494431614,126.08083714201621,6.8896632318041648,0.065451087062622065,0,3935.66999638882,62.734918477581687,3.4281376217257749,0.067377669357737285,0
5,2022-06-10,4047,11568.900408866675,107.55882301729912,5.8748025789823917,0.48323002998373144,1,3829.7431349769427,61.884918477581778,3.3801195334179086,0.26609324357737041,1
5,2022-06-13,4048,14426.129366600871,120.10882301729907,6.6055559048176367,0.033627470531022684,0,5540.557088764238,74.434918477581732,4.0936544287291277,0.07250844554564892,0
5,2022-06-14,4049,13146.645695712301,114.65882301729903,6.2869813854584802,0.75527334621724185,1,4758.9189773585913,68.984918477581687,3.7825863455836424,0.61341458210846733,1
5,2022-06-15,4050,12523.584669117157,111.90882301729903,6.12695444934569,0.25225540184997192,1,4387.0644257318918,66.234918477581687,3.6263300562596053,0.26827006672590054,1
5,2022-06-16,4051,9381.6315962964654,96.858823017299073,5.2596357968721499,0.43756976215666676,1,2619.8958795566878,51.184918477581732,2.7794476651506463,0.48118901205816372,1
5,2022-06-17,4052,13416.782833020281,115.83083714201621,6.29429898883392,0.10941706684541085,0,2754.6666675983956,52.484918477581687,2.8520537143095606,0.31409538698074096,1
5,2022-06-21,4053,13048.68415416585,114.2308371420163,6.2019620024440805,0.64536880222082171,1,2589.2749284701435,50.884918477581778,2.7627069781785583,0.35962163415654025,1
5,2022-06-22,4054,13037.263570451607,114.18083714201612,6.1990790565186007,0.54381119200435579,1,2584.1889366223668,50.834918477581596,2.7599173938640313,0.17077718043963419,0
5,2022-06-23,4055,17064.415612423949,130.63083714201616,7.1560895747358826,0.19591310994931452,0,4527.2602545348072,67.284918477581641,3.6859359871583246,0.4943191740487986,1
5,2022-06-24,4056,12568.388198324086,112.10882301729907,6.1385765217816939,0.48241573851444974,1,4413.5983931229302,66.434918477581732,3.6376782827345853,0.40751363132109369,1
5,2022-06-27,4057,14414.833112894716,120.06178872936516,6.6002467622860923,0.81778514204442121,1,5429.4672110478659,73.684918477581732,4.0507362896886692,0.86158913279795268,1
5,2022-06-28,4058,7112.9864325846575,84.338522826669532,4.6397206891304927,0.37347469433708513,1,5622.7379990895715,74.984918477581687,4.1251502394488622,0.037621263551127625,0
5,2022-06-29,4059,7240.0567168246616,85.088522826669532,4.6829126486884718,0.35335513620085629,1,5735.7778768059443,75.734918477581687,4.1681298006374075,0.39632214144183769,1
5,2022-06-30,4060,10949.220459347431,104.63852282666949,5.8214983908687019,0.53063892740014473,1,9079.2156892793791,95.284918477581641,5.301116497125463,0.62418842107979533,1
5,2022-07-01,4061,14288.145551243124,119.5330312141507,6.7456563890604224,0.40943197628370243,1,14576.920539788296,120.73491847758169,6.8134829840621718,0.61152957555867038,1
5,2022-07-05,4062,4562.3877347091538,67.545449400452981,3.8502792795105165,0.092279286911829767,0,2065.712836242576,45.450113709897096,2.590783429852197,0.25585728214110953,1
5,2022-07-06,4063,804.15272590251232,28.357586743277579,1.6223339765598317,0.17878104106176168,0,3383.0672739442825,58.164140790905549,3.3275631906465026,0.14785971373595147,0
5,2022-07-07,4064,385.58106765566589,19.636218262579632,1.1296869326072738,0.54035235194034792,1,22242.065198239812,149.13773901410673,8.580010298821005,0.25074272085526916,1
5,2022-07-08,4065,68.408157356552223,8.2709224005882334,0.47534036784989853,0.092300392540819717,0,34390.245824614212,185.44607255106325,10.65782026155536,0.22714223895425931,0
5,2022-07-11,4066,268.04405623364772,16.372051069846066,0.94597856762269983,0.49305191053745029,1,40000.451634845187,200.00112908392589,11.556083034837112,0.41978079122593115,1
5,2022-07-12,4067,302.67255402857825,17.397487003259357,1.0087838921059584,0.59189818429294982,1,60387.537414493097,245.73875847023623,14.249029251434317,0.67998664992325408,1
5,2022-07-13,4068,502.50335280455977,22.416586555596723,1.3180799997410901,0.943559078853899,1,10220.276823202084,101.09538477696242,5.9443396705452116,0.98184894390704147,1
5,2022-07-14,4069,179.07407157046276,13.381856058501853,0.78433057225342739,0.0012087095896641791,0,19071.372912445069,138.0991416064744,8.0941969701652496,0.0091728873739654777,0
5,2022-07-15,4070,42.803114678249877,6.5424089354189618,0.38191581888555282,0.0044892870523135968,0,23808.038737652689,154.29853770419436,9.0072407521201576,0.00044395484761045002,0
5,2022-07-19,4071,96.047995533330024,9.8004079268839632,0.57335797852243398,0.47744327451193014,1,22302.493342320184,149.34019332490561,8.7369211563157805,0.79592294317354439,1
5,2022-07-20,4072,341.28688446162744,18.473951511834912,1.0834526720916611,0.33137543253172674,1,36879.386093813169,192.04006377267524,11.262686280726951,0.66227793375308008,1
5,2022-07-21,4073,181.15818591822597,13.459501696505185,0.77489286948416392,0.056776184957432807,0,4193.9333224408383,64.760584636342173,3.7284081082554001,0.0064055031657331537,0
5,2022-07-22,4074,28.511248234327915,5.3395925157569764,0.31064009050887054,0.38763391929267982,1,1856.9396592159535,43.092222723084888,2.5069650778454178,0.68910361556388744,1
5,2022-07-25,4075,45.515390188442076,6.746509481831481,0.39222752139946399,0.18666638947944347,0,22295.735892639037,149.317567260651,8.6810015558065761,0.24331730419945183,0
5,2022-07-26,4076,690.48907370730501,26.277158783005916,1.5330450560372169,0.79122897112575974,1,14109.979273413588,118.78543375942013,6.9301031918217166,0.79013306396594218,1
5,2022-07-27,4077,946.96121166926719,30.772734874711205,1.7549321285834734,0.66283393048825989,1,5307.6587454596993,72.853680383764413,4.1547579346315606,0.43062723522610963,1
5,2022-07-28,4078,171.24716569555903,13.086144034648214,0.74632964723669515,0.11162908288348797,0,383.63848726879792,19.586691585584276,1.1170692132761648,0.083414428688164316,0
5,2022-07-29,4079,1.6785280848905451,1.2955802116775885,0.073097506865131376,0.14453975320216267,0,3395.4001835218614,58.270062498008883,3.2876361147601485,0.57301957897337297,1
5,2022-08-01,4080,386.54855576590427,19.660838124706288,1.1046966217000302,0.50403328292389982,1,17225.099685161778,131.24442725373819,7.3743181488264202,0.025241250427600073,0
5,2022-08-02,4081,4967.207501674181,70.47841869447825,4.0016135525608663,0.035076477934805367,0,17288.283787056302,131.48491847758169,7.4654318511047091,0.039851530911251286,0
5,2022-08-03,4082,726.81917577912202,26.959584117324994,1.5118654170774448,0.55166838651179817,1,16331.415637110971,127.79442725373815,7.1665784686932561,0.33019611482605377,1
5,2022-08-04,4083,3419.7254530067034,58.47841869447825,3.2978101618202875,0.026998916848848073,0,18973.527239460374,137.74442725373819,7.7679079235154767,0.41780512696861194,1
5,2022-08-05,4084,766.18940416723149,27.68012652007269,1.5515331139863058,0.3587789139488396,1,11100.149407664998,105.3572465835407,5.9055097437594632,0.28012511515718586,1
5,2022-08-08,4085,1455.9026087330328,38.156291862981561,2.1256395010156579,0.41548115354550652,1,13443.1102111974,115.94442725373824,6.459119648686011,0.11809596061166423,0
5,2022-08-10,4086,3645.9143050258799,60.381406948048834,3.3693101360442408,0.47702073098101605,1,10127.38681698953,100.63491847758178,5.615474497939946,0.34540836445563378,1
5,2022-08-12,4087,7272.9183710386887,85.281406948048698,4.8257926068384274,0.10244732771147483,0,15759.015757173069,125.53491847758164,7.1036056177898166,0.25831978436901842,1
5,2022-08-17,4088,1990.0149951207025,44.609584117325085,2.5266678438631072,0.21980241115667851,0,16176.003488149112,127.18491847758173,7.2036996107491564,0.14764903963772918,0
5,2022-08-18,4089,4947.0479433346454,70.335253915334988,4.0174356084726544,0.083006611138084288,0,20159.717075085518,141.98491847758169,8.1099482209099918,0.38808006245202381,1
5,2022-08-19,4090,41.528788835072,6.4442834229316759,0.3718034572584264,0.48897922429490714,1,5362.0065752121709,73.225723452979082,4.2247640820988943,0.48437373162046976,1
5,2022-08-22,4091,37.429480481685353,6.1179637528907733,0.35028849748880786,0.029678731976005179,0,324.12970626843679,18.00360259138256,1.0308094581536493,0.05667720402784638,0
5,2022-08-23,4092,13.920302921836738,3.7309922168019511,0.21373082902082038,0.12002253790373241,0,1084.5692963383606,32.932799703917681,1.8865637272029148,0.38691318939239505,1
5,2022-08-24,4093,28.689230969365568,5.3562329084315934,0.30545082309780691,0.17381866851424962,0,195.85556675658819,13.994840719228932,0.79808620907467331,0.023475264730016255,0
5,2022-08-25,4094,35.36054315298464,5.9464731692814894,0.33955592686832198,0.34085837171999483,1,883.85339491910031,29.729671961175427,1.6976258079186541,0.24560662965214886,0
5,2022-08-26,4095,1427.9135787587686,37.787743763802155,2.1838839371092966,0.33008644726872738,1,6361.6247671946539,79.759794177233516,4.6095933755553089,0.12278974703364315,0
5,2022-08-30,4096,2128.1647683045994,46.132036247109227,2.7227785071775501,0.91005737859314029,1,4635.9029286040077,68.087465282561425,4.0186192104445153,0.73066983006854702,1
5,2022-09-01,4097,189.24313188947002,13.756566864209617,0.80330317455238642,0.096559626488241374,0,25451.252898178605,159.53448811519911,9.3158825176758615,0.047405789846069996,0
5,2022-09-02,4098,405.10680142367028,20.127265125288886,1.1821487798243209,0.019503397837195579,0,4160.4506000288657,64.501555020238584,3.7884150722564658,0.45578461191400893,1
5,2022-09-06,4099,563.08120851508602,23.729332239131509,1.3936705863877783,0.78986912652139918,1,3770.6688018418367,61.405771730691868,3.6064823499070191,0.32194827903617734,1
5,2022-09-07,4100,0.25532543585564044,0.50529737368765382,0.029560790574642636,0.44458613571905836,1,6493.1361725905017,80.579998588920944,4.7140725181455494,0.16085172949415966,0
5,2022-09-08,4101,1.0526670425609681,1.0259956347670141,0.059880683714661723,0.86707672899240429,1,6041.7782756738316,77.728876716917966,4.5365283481334169,0.21579020960453499,0
5,2022-09-09,4102,24.728980977963111,4.9728242456337739,0.29168690768300876,0.10769546590652493,0,71.524877585204564,8.4572381771595246,0.49606934200425401,0.030244929962783541,0
5,2022-09-13,4103,24.450084062658416,4.9447026263121643,0.29019910947310079,0.83596428831406933,1,6610.0157470284275,81.302003339576004,4.7715243464743233,0.77104126099928505,1
5,2022-09-14,4104,389.85328180150566,19.744702626312346,1.1689481159382125,0.019335263278462758,0,2153.1825187498989,46.402397769403024,2.7471669983661728,0.62602113457246666,1
5,2022-09-15,4105,2670.6367787115323,51.67820409719684,3.1044486286725039,0.026422899947567222,0,20452.340023387809,143.01167792662181,8.5910959016382904,0.19420362699167179,0
5,2022-09-16,4106,3525.1023639857299,59.372572489203549,3.5677416392274459,0.040579333569892129,0,2935.6058229029231,54.181231278948644,3.2557901198178434,0.079158323106145526,0
5,2022-09-20,4107,654.30827006095694,25.5794501516541,1.5301002034786362,0.47582623788431111,1,1080.7359904092305,32.874549280700876,1.9664752074593017,0.28434523391933109,1
5,2022-09-21,4108,1295.5212296215132,35.993349797171049,2.1529054518749322,0.62801834792136924,1,1087.3209002653646,32.974549280700785,1.9723389826061422,0.019275644297594489,0
5,2022-09-22,4109,4159.3921680602634,64.493349797171049,3.9245048101238966,0.33267079000092675,1,20.021591265419911,4.4745492807007849,0.27228218460466641,0.80434411682749096,1
5,2022-09-26,4110,4252.1289547406495,65.208350345187,3.9899865597006063,0.68248609227375512,1,20.93474928473529,4.5754507192991696,0.27996394292964388,0.93760070385637273,1
5,2022-09-27,4111,2242.8133474174606,47.358350345186864,2.8664679566133136,0.15149959665782131,0,176.21365860575855,13.274549280700967,0.80347119091492702,0.021254246200470815,0
5,2022-09-28,4112,1998.8365905879825,44.708350345187,2.7017373909346749,0.18701082145563974,0,253.59126979346934,15.92454928070083,0.96232470876848142,0.3455624270482367,1
5,2022-09-29,4113,625.63199301005238,25.012636666494245,1.4961948058318675,0.61342257007620626,1,1080.7359904092305,32.874549280700876,1.9664752074593017,0.022283519780443514,0
5,2022-09-30,4114,1861.3486317210475,43.143349797170913,2.5916591456220885,0.10544906686954333,0,666.90734555135043,25.824549280700921,1.5513034949661153,0.75402602887195191,1
5,2022-10-11,4115,1383.3452691347102,37.193349797170868,2.2262801782043438,0.083517033140777644,0,1009.6219819916944,31.774549280700967,1.9019273504744239,0.060742018523932365,0
5,2022-10-12,4116,3715.7002195529499,60.956543697563347,3.6985949698175689,0.45839185443243757,1,85.092309432077371,9.2245492807007849,0.55970810513323133,0.74862949519516975,1
5,2022-10-13,4117,3570.8445146787922,59.756543697563302,3.6231458011012734,0.67602779451597306,1,108.6712277057602,10.42454928070083,0.6320590117444268,0.60811533127824458,1
5,2022-10-14,4118,1061.4205721841145,32.5794501516541,1.9570175793154589,0.095226626303091005,0,669.49230047941819,25.874549280700876,1.5542603562517421,0.0013493262615864813,0
5,2022-10-17,4119,3142.336091316819,56.056543697563257,3.3912004656723083,0.22772996561219705,0,199.50289238294764,14.124549280700876,0.85447969030253335,0.2581338196876935,1
5,2022-10-18,4120,4307.2247272084442,65.629450151654055,4.0221517528745512,0.011606971161858081,0,51.487093025089663,7.1754507192990786,0.43975306240724876,0.0016438315969001627,0
5,2022-10-19,4121,4122.712254050276,64.208350345187,3.9263957894690273,0.44122268170087814,1,692.55260611617132,26.316394246100117,1.6092701183941855,0.10861465018921185,0
5,2022-10-20,4122,3165.0019835617973,56.258350345186955,3.4236026377719129,0.067886014060971847,0,337.32443760317784,18.366394246100072,1.1176871593549413,0.22504847939981715,0
5,2022-10-21,4123,1620.7347725158145,40.258350345186955,2.4262980470204583,0.0076174199735813989,0,415.12225839170856,20.374549280700876,1.2279372777279418,0.004538135571982186,0
5,2022-10-25,4124,1412.2150737006555,37.5794501516541,2.2641632867392141,0.50755014986534697,1,3.4834274818754545,1.8663942461000715,0.11245032360898156,0.18149760752515398,0
5,2022-10-27,4125,2428.4642072493657,49.279450151654146,2.9901671764603104,0.072511536253883971,0,184.04705284061836,13.566394246100117,0.82317855927308747,0.041439247133866597,0
5,2022-10-28,4126,3402.3247549943007,58.3294501516541,3.5588438164523555,0.2838881696280563,1,511.50128869502845,22.616394246100072,1.3798898258755381,0.67549477470770869,1
5,2022-10-31,4127,2712.2691280986242,52.0794501516541,3.1654429510198514,0.21762339717995044,0,267.85886061877756,16.366394246100072,0.99476640304513431,0.35002662568618215,1
5,2022-11-01,4128,2282.8758567944033,47.779450151654146,2.8965142100363215,0.57094076911595137,1,145.59787010231801,12.066394246100117,0.73149611991756036,0.064154447554318844,0
5,2022-11-02,4129,525.75968425718611,22.929450151654009,1.3694129330897042,0.36012111061873364,1,163.42057607114569,12.783605753900019,0.76347382667821417,0.2009199657053895,0
5,2022-11-04,4130,834.82566250167645,28.893349797170913,1.7209178234712712,0.13192872731951663,0,1044.0647672742068,32.311991075670448,1.9245356368963011,0.16383999601359955,0
5,2022-11-07,4131,67.318954187340864,8.2048128672956864,0.47834501485472591,0.33228205835359509,1,4707.6053193678754,68.611991075670403,4.0001160807853324,0.7507493939762212,1
5,2022-11-09,4132,140.60958825316666,11.857891391523481,0.67963269187697273,0.45291245088288912,1,10562.347989394659,102.77328441474788,5.8904304006160126,0.26964573132059644,1
5,2022-11-10,4133,342.88673875859416,18.517201158884518,1.0525024104859475,0.40182608142374521,1,12581.426672920379,112.16695891803602,6.3754772454620188,0.27248612703461306,1
5,2022-11-11,4134,5.900564523401064,2.4291077628217863,0.13732306873321193,0.46682747475346048,1,8.8251995216405135,2.9707237370109851,0.1679418699197798,0.16282182359672706,0
5,2022-11-14,4135,269.36223687584737,16.412258737780348,0.92653957364610895,0.62839752517391445,1,14734.298433809174,121.38491847758178,6.8526783796303263,0.37971290018151022,1
5,2022-11-15,4136,3449.0271623539425,58.72841869447825,3.312375560884278,0.36733213630730221,1,14336.450702833132,119.73491847758169,6.7532384928134057,0.35596856879290972,1
5,2022-11-16,4137,5347.7656207549289,73.128418694478341,4.1583315531944924,0.17370270078895358,0,17992.17635498751,134.13491847758178,7.627369411894791,0.1445708641244651,0
5,2022-11-17,4138,3429.2248919940776,58.55958411732513,3.3432053047114141,0.019703847114610158,0,19919.065213673653,141.13491847758178,8.0574856404191468,0.62629204144071637,1
5,2022-11-18,4139,3397.4826129933758,58.287928535790115,3.349111039748915,0.057483329043116163,0,23205.927387571432,152.3349184775816,8.7528682186613178,0.41552662161174797,1
5,2022-11-21,4140,778.01326988017649,27.892889235075245,1.6003264141297939,0.15385881205648941,0,37643.008855860113,194.01806322056746,11.131590878715251,0.020438739571893742,0
5,2022-11-22,4141,310.52891712687187,17.621830697372843,1.005898375852547,0.064215131979064657,0,1768.2235987244476,42.05025087588001,2.4003339826971493,0.55684179138594792,1
5,2022-11-25,4142,1194.9982930636597,34.568747345885413,1.9792589588551952,0.58548315248308691,1,15402.180591886294,124.10552200400389,7.1057525982081176,0.40399913158860817,1
5,2022-11-28,4143,613.80268821374136,24.77504163899107,1.4135357813083282,0.014366536010148262,0,14903.653852770056,122.0805220040038,6.965283391567513,0.0049184006025271756,0
5,2022-11-29,4144,690.84835829523081,26.283994336767591,1.4989446442410945,0.00069119194514628021,0,18129.013482955423,134.64402505479188,7.6785871146160183,0.00061286167173410012,0
5,2022-11-30,4145,240.43154337291614,15.505855131946646,0.85993151606614227,0.038951733979698686,0,11273.793808157188,106.17812302050356,5.8884797726480631,0.018056007272614295,0
5,2022-12-01,4146,4587.5434871621856,67.731406948048743,3.7950080934611989,0.24846134943661105,0,11660.742618609962,107.98491847758169,6.0504226629825855,0.30957686380799182,1
5,2022-12-02,4147,5727.6753576361671,75.681406948048789,4.2594218228303014,0.060876321944741185,0,13440.905322403521,115.93491847758173,6.524927874695055,0.24328333871393543,0
5,2022-12-05,4148,6190.7637993244598,78.681406948048789,4.4357541407176004,0.052469879575870251,0,14145.514833269013,118.93491847758173,6.7050918072827672,0.19185153663814783,0
5,2022-12-06,4149,4939.4761625972278,70.281406948048698,3.9435196357338511,0.2443057955258483,0,12217.968202845619,110.53491847758164,6.2021612881596706,0.2240069683756889,0
5,2022-12-07,4150,3885.2042921232478,62.331406948048652,3.4819097253329976,0.43807686937355372,1,10523.665499052062,102.5849184775816,5.7305208210251424,0.32147417533257816,1
5,2022-12-08,4151,3173.227408746664,56.331406948048652,3.1362306571304539,0.58580956429533704,1,9328.6464773210828,96.584918477581596,5.3773303163756694,0.42063804719211945,1
5,2022-12-09,4152,4340.3597814544173,65.881406948048834,3.6875297743226709,0.25480761245718953,1,11264.620920242929,106.13491847758178,5.9406088927337839,0.59905423826308923,1
5,2022-12-12,4153,837.02630799360577,28.931406948048789,1.5865431135997798,0.70106162765524305,1,4786.5529447496301,69.184918477581732,3.7939688233161544,0.063338914841254146,0
5,2022-12-13,4154,9591.6802116941999,97.937123766701461,5.4167265156771913,0.24635443774200108,0,7171.5354175546636,84.684918477581732,4.6837708292127838,0.53016793322758382,1
5,2022-12-14,4155,14990.849276262572,122.43712376670146,6.8647990674049764,0.58363435180113743,1,11921.346422956169,109.18491847758173,6.1217750260761816,0.11865627949172276,0
5,2022-12-15,4156,3591.7735387726307,59.931406948048789,3.343360405458637,0.47798057249863213,1,10037.017890359697,100.18491847758173,5.5889608924482852,0.21982342396592808,0
5,2022-12-16,4157,3804.5959630908014,61.681406948048789,3.4443492823346431,0.026802610535618755,0,10390.727605031234,101.93491847758173,5.6921442080400793,0.083337802916667952,0
5,2022-12-19,4158,1488.5249620909369,38.581406948048652,2.126986435197566,0.1847945945440809,0,6214.9443713669361,78.834918477581596,4.3461557129710346,0.029697332002881483,0
5,2022-12-20,4159,7821.1248601268726,88.437123766701461,4.8657326492642001,0.11988844128339456,0,5652.7719664806109,75.184918477581732,4.136607987542666,0.24868643769097987,0
5,2022-12-21,4160,10279.63256097408,101.38852282666949,5.6305060713427828,0.044013015088103208,0,8470.4262191750986,92.034918477581641,5.1110633907692362,0.33794239108946128,1
5,2022-12-22,4161,11791.163447924911,108.58712376670132,6.0413443733560319,0.24217759776434372,0,9088.7466811271279,95.334918477581596,5.3040457592957377,0.54986478680740991,1
5,2022-12-23,4162,10534.379175101203,102.63712376670151,5.6914699734772238,0.1283425642580831,0,7989.66365124394,89.384918477581778,4.9566040135071825,0.10521258621143388,0
5,2022-12-28,4163,8507.6870007537946,92.237123766701416,5.0854375612240617,0.47921262786453228,1,6238.617346910225,78.984918477581687,4.3547853054490249,0.26649082879255093,1
5,2022-12-29,4164,8053.0024791127053,89.738522826669623,4.9515006939426511,0.16943313115734693,0,6461.735118647468,80.384918477581778,4.4353970523122896,0.11264953313613013,0
5,2022-12-30,4165,2006.0117769951019,44.788522826669578,2.411485641881741,0.23138700989860483,0,1255.6334475128633,35.434918477581732,1.9078726364928515,0.099324550392646982,0
5,2023-01-04,4166,14903.730797295484,122.08083714201621,6.6565341953116794,0.052993321879892738,0,3449.7906485681665,58.734918477581687,3.2025582594101243,0.070568154322314558,0
5,2023-01-05,4167,10791.228325326085,103.88083714201616,5.6085108056374127,0.36056049485461589,1,1643.0796159841896,40.534918477581641,2.1884741646464549,0.15915003621447718,0
5,2023-01-06,4168,7055.2852083229573,83.995745179877758,4.4710693945055091,0.1332929920688361,0,198.38492852011944,14.084918477581596,0.74973616573505408,0.39065263633739211,1
5,2023-01-10,4169,9423.9141639022018,97.076846693236803,5.1847596172316504,0.032430062670287294,0,415.54490133765495,20.384918477581778,1.0887343967517706,0.40019697376768137,1
5,2023-01-11,4170,9106.0381315472296,95.425563302226465,5.0689523944769848,0.71468896396255155,1,103.73256439498579,10.184918477581732,0.54101715638797021,0.27716200096518512,1
5,2023-01-12,4171,5016.2604170776685,70.825563302226328,3.7136860394948652,0.70564190360852197,1,207.79457529796849,14.415081522418404,0.75584414033601999,0.23185268666054429,0
5,2023-01-13,4172,3047.4009783942588,55.203269634997696,2.8844847755772651,0.73471983845570965,1,443.73765954612753,21.065081522418268,1.1006939869588395,0.45359051397371331,1
5,2023-01-17,4173,5694.7296431491177,75.463432489843171,3.9289546774531767,0.51856552786416721,1,782.04578455550472,27.965081522418359,1.4559838351860446,0.30560547685059924,1
5,2023-01-18,4174,6016.0860596064804,77.563432489843308,4.0427099181613313,0.14388100542734625,0,669.00244216134058,25.865081522418222,1.348122668738571,0.6077571258059643,1
5,2023-01-19,4175,5078.4768102344287,71.263432489843126,3.7021888144757193,0.40479374772908899,1,1034.5924693438219,32.165081522418404,1.6710001310415297,0.49841981245306921,1
5,2023-01-20,4176,9392.9538474611927,96.917252578997477,5.0370174408293478,0.035156074150244347,0,983.76833890794103,31.365081522418222,1.6301170169127501,0.37445643808117979,1
5,2023-01-30,4177,14228.61257147268,119.28374814480253,6.2001012601903698,0.18509448564543027,0,971.2623062989851,31.165081522418404,1.6198909258494936,0.56737037520877653,1
5,2023-01-31,4178,13361.848457836379,115.59346200298864,6.0020490161996278,0.68147398963153083,1,1099.9226323886587,33.165081522418404,1.7220562605752325,0.23562954838327818,0
5,2023-02-01,4179,14289.144063522754,119.53720786233362,6.22055045728065,0.0072189260391306801,0,836.08193944810228,28.915081522418404,1.504700727105269,0.12773277293198665,0
5,2023-02-02,4180,26789.104362289298,163.67377420432786,8.7276387983217987,0.029599792006282225,0,302.23539047216428,17.384918477581778,0.9270226079175502,0.035963341435943437,0
5,2023-02-03,4181,10411.180096951268,102.03519048324097,5.4469606557181889,0.21874871366856719,0,379.6620480780042,19.484918477581687,1.0401664741802583,0.65724194534693903,1
5,2023-02-06,4182,11508.046481809977,107.27556330222637,5.7345145294395872,0.27285343043653149,1,485.53763231366884,22.034918477581641,1.1778969625050324,0.34193396260811976,1
5,2023-02-07,4183,11093.474284931286,105.32556330222633,5.6244126399608216,0.49406766155317067,1,403.40395025109859,20.084918477581596,1.0725399021483777,0.18582114740277442,0
5,2023-02-08,4184,9776.3770183326014,98.87556330222651,5.2618574478328197,0.17634496248667431,0,185.91100189030098,13.634918477581778,0.72560898715245481,0.42500818260139023,1
5,2023-02-09,4185,14518.805498636502,120.49400606933318,6.4792174043842117,0.16779507647234557,0,1091.3058388204649,33.034918477581641,1.7763573951487681,0.0061771633625116564,0
5,2023-02-10,4186,14865.842986565232,121.92556330222646,6.5690882951551117,0.086217628707688357,0,1345.7832437068175,36.684918477581732,1.9765048612689171,0.044143063618154357,0
5,2023-02-13,4187,13058.904368041147,114.27556330222637,6.1316501208470449,0.54850318733828607,1,843.02649099981181,29.034918477581641,1.5579180381811257,0.77134434922956285,1
5,2023-02-14,4188,21543.065982685861,146.77556330222637,8.0152666722491475,0.11834028198610481,0,3786.5461920426183,61.534918477581641,3.3603603362593728,0.013878300682191695,0
5,2023-02-15,4189,20512.676386420622,143.22247165309159,7.8308576862730845,0.17429163598685557,0,4068.515825191736,63.784918477581641,3.4875157045070471,0.78982374791571419,1
5,2023-02-16,4190,12326.268857408637,111.02373105516062,6.0538035963445358,0.36627874081644479,1,3455.6666404159196,58.784918477581641,3.2053719282195066,0.00045409372372660878,0
5,2023-02-17,4191,11690.741217288736,108.12373105516076,5.8863669355233554,0.31184972495917979,1,3123.1241132459613,55.884918477581778,3.0424323421935258,0.0081103738234011673,0
5,2023-02-21,4192,11929.82342561007,109.22373105516067,5.949815119442226,0.48950222017701966,1,3247.2809338966308,56.984918477581687,3.1041764116890471,0.86116784666767898,1
5,2023-02-22,4193,23011.599105678419,151.6957451798778,8.3765838471452998,0.26763457119738548,1,6688.7728903846746,81.784918477581641,4.5161334370127078,0.0043382883224272898,0
5,2023-02-24,4194,13214.997658205488,114.95650333150138,6.3209800308746251,0.53190990995294729,1,5488.575145829911,74.084918477581596,4.0736215587156188,0.04782571617997395,0
5,2023-02-27,4195,11882.417768560661,109.00650333150156,5.9742685153733186,0.033070697793473963,0,4642.3671159467149,68.134918477581778,3.7342386538190171,0.0028492515719242377,0
5,2023-02-28,4196,6413.8504439559847,80.086518490667231,4.3495733056709973,0.0082715155659216968,0,2650.6968306432323,51.484918477581687,2.7961938073364121,0.0062506123401288045,0
5,2023-03-01,4197,13994.998251422718,118.30045752837441,6.4426782228719306,0.21315417099258027,0,3196.1970072668018,56.534918477581641,3.0789085327078554,0.56763537603379477,1
5,2023-03-02,4198,17166.888078085176,131.02247165309154,7.1163387911409473,0.71801417480485641,1,2661.0038143387392,51.584918477581596,2.8017770674622704,0.34438786201064192,1
5,2023-03-03,4199,15159.143025966365,123.12247165309168,6.6586880643082491,0.28296794881408854,1,1908.3721023929618,43.684918477581732,2.3625601512983279,0.023996760879725545,0
5,2023-03-06,4200,23447.831178214034,153.12684669323676,8.4307023450551544,0.063840798846062655,0,5842.2967626745649,76.434918477581732,4.2082760820118779,0.053984398779199125,0
5,2023-03-08,4201,12898.992385789947,113.57373105516058,6.2014705173725329,0.50306029204625557,1,3761.9722246515803,61.334918477581596,3.3490727573212622,0.27616455348969021,1
5,2023-03-09,4202,8695.6478292511674,93.250457528374454,5.0100984568636378,0.30848008817304334,1,991.30009153996468,31.484918477581687,1.6916007241145299,0.12509830688080256,0
5,2023-03-10,4203,4445.6307416692089,66.675563302226465,3.488492821756211,0.41271134537219545,1,344.66225193403619,18.565081522418268,0.97133268050113886,0.19029054073578183,0
5,2023-03-13,4204,9960.8721346460243,99.804168924178839,5.2320604400502662,0.43717053247552945,1,219.48664051589918,14.815081522418268,0.77665495124207851,0.69084898698294683,1
5,2023-03-14,4205,13864.147143327344,117.74611307099417,6.1217694224287289,0.20399961686726187,0,940.34722477656669,30.665081522418404,1.594316394011563,0.15507669521832593,0
5,2023-03-15,4206,15212.059655981086,123.33717872556144,6.4146237797717571,0.37490674159119386,1,900.90511879741723,30.015081522418313,1.5610496176007445,0.30828613038554675,1
5,2023-03-16,4207,5917.2670378384155,76.923774204327856,3.9204818411053388,0.40171373069732103,1,4811.514534611726,69.365081522418222,3.5352470069016984,0.069886651984638518,0
5,2023-03-17,4208,7153.714635467777,84.579634874287422,4.2947995467686004,0.40509515545779612,1,5869.8707166867898,76.615081522418222,3.8903740585684727,0.11279811491808835,0
5,2023-03-20,4209,5020.2804277806927,70.853937277900741,3.5821905143153634,0.44624792622380705,1,7261.6101188724069,85.215081522418359,4.3082525606015496,0.4677886277235816,1
5,2023-03-23,4210,2977.2590829906471,54.56426562312231,2.7366970419862731,0.68095433297348829,1,10214.150703133051,101.06508152241827,5.0689678765381814,0.54249457073586183,1
5,2023-03-24,4211,9827.3103876705809,99.132791687062763,5.0935281534778554,0.031029788936878629,0,2863.8639503510781,53.515081522418313,2.7496509452751861,0.29494932672069679,1
5,2023-03-27,4212,7312.6896250619257,85.514265623122355,4.356637828826571,0.43691913882743721,1,4916.1246568953529,70.115081522418222,3.5721059440312923,0.23498765362817703,0
5,2023-03-28,4213,6949.600782882485,83.364265623122265,4.2424562658077489,0.11656927629682021,0,5222.2420074417651,72.265081522418313,3.6776122912172173,0.036990892500598622,0
5,2023-03-29,4214,4714.7813735626842,68.664265623122219,3.4684177210245095,0.64979135094717222,1,7562.9254042008706,86.965081522418359,4.392841416498376,0.13774743997804087,0
5,2023-03-31,4215,3854.2730236592352,62.082791687062809,3.1302774006485561,0.1828176724390479,0,8202.0339911622668,90.565081522418268,4.5663833773215483,0.16679239976303259,0
5,2023-04-03,4216,1890.7531729004866,43.482791687062672,2.1720761120466889,0.10200459650477679,0,11917.015023796255,109.1650815224184,5.4530736561475797,0.49056530364056777,1
5,2023-04-06,4217,2004.094619548546,44.76711538114273,2.2353380626725285,0.1439623912999283,0,12092.319154232115,109.96508152241836,5.4908414401766796,0.050345755554475444,0
5,2023-04-11,4218,1541.906350355976,39.26711538114273,1.9553388796505693,0.28815930627529435,1,13332.185050978718,115.46508152241836,5.7496803865361201,0.28877895749814669,1
5,2023-04-12,4219,0.96606217398575345,0.98288461885704237,0.047981870138741119,0.13044680120097915,0,24247.186613533326,155.71508152241813,7.6016051903838591,0.13931833365850108,0
5,2023-04-13,4220,3000.9104284074497,54.780566156324539,2.7451362359411964,0.049849865949213291,0,10570.940988461514,102.81508152241827,5.152217760638333,0.099459409467039211,0
5,2023-04-17,4221,2310.4475810640838,48.067115381142685,2.4040769921547809,0.55771599230954783,1,11377.439616184163,106.6650815224184,5.334854532480664,0.48353376655226282,1
5,2023-04-18,4222,3239.5580233103246,56.917115381142821,2.8593662747051227,0.27075092044714894,1,9567.7901732373321,97.815081522418268,4.913972596640038,0.65973870699829296,1
5,2023-04-19,4223,1625.469792656372,40.317115381142685,2.0086747568015686,0.26280275780337109,1,13090.810879781649,114.4150815224184,5.7003752346570211,0.3573378468082995,1
5,2023-04-20,4224,5448.9665231929321,73.817115381142685,3.7401320082660394,0.24365163261239878,0,6547.2504177796163,80.915081522418404,4.099768526456991,0.66845769249287113,1
5,2023-04-21,4225,4797.9332732245402,69.26711538114273,3.5015223628117846,0.040597766334439268,0,7304.2801596336158,85.465081522418359,4.3203458458405803,0.013140627147399848,0
5,2023-04-24,4226,3362.0041318253043,57.982791687062672,2.9175199601017749,0.33934616640739157,1,8961.4776596461215,94.665081522418404,4.7632626306942942,0.10438569838685365,0
5,2023-04-25,4227,1796.3010311889564,42.382791687062763,2.1159656358992893,0.21607383727391247,0,12158.388203145556,110.26508152241831,5.504996581249042,0.25002334563001655,1
5,2023-04-26,4228,3821.3557540455076,61.817115381142685,3.1131929283178144,0.10903608443728101,0,8633.212374317658,92.915081522418404,4.6793282563603054,0.10526808308772889,0
5,2023-04-27,4229,3947.9597111898292,62.832791687062809,3.1692916540345921,0.40592636407699723,1,8066.7488688786398,89.815081522418268,4.5302807758905583,0.30354528762295696,1
5,2023-04-28,4230,230.51716341274076,15.182791687062718,0.74784709324513432,0.14861345784766633,0,18896.648637965125,137.46508152241836,6.7710117979715472,0.077283280145625854,0
5,2023-05-09,4231,106.44286978781096,10.317115381142685,0.50644848838537582,0.56364250840126029,1,20855.715771126754,144.4150815224184,7.0890745169682345,0.21559833153304503,0
5,2023-05-10,4232,1182.023329229402,34.380566156324448,1.7054275233177631,0.13131526893381687,0,15181.956314576202,123.21508152241836,6.1120107900701086,0.19743818729021775,0
5,2023-05-11,4233,926.0193565944362,30.430566156324403,1.5065382522067627,0.10981886721722274,0,16170.957958603318,127.1650815224184,6.295612729462766,0.060253876077425279,0
5,2023-05-12,4234,926.0193565944362,30.430566156324403,1.5065382522067627,0.14946865148367003,0,16170.957958603318,127.1650815224184,6.295612729462766,0.057096436711595658,0
5,2023-05-15,4235,1838.7429538869176,42.880566156324448,2.136071441695905,0.17715978101094312,0,13159.549928695091,114.71508152241836,5.7144676839980253,0.59786368239284349,1
5,2023-05-16,4236,5338.8033501212176,73.067115381142685,3.7007250496932071,0.46347917081300893,1,6669.1855400632439,81.665081522418404,4.1361974028777553,0.40710774749511663,1
5,2023-05-17,4237,7239.0814412641239,85.082791687062809,4.3402944287641088,0.088715958594192387,0,4565.0402411310261,67.565081522418268,3.4466704852531893,0.33388569502550447,1
5,2023-05-18,4238,7019.5561828777682,83.782791687062854,4.2711455794791426,0.29313567963201548,1,4742.3994530893078,68.865081522418222,3.5106587236143056,0.0082731287342654031,0
5,2023-05-19,4239,5637.4256075228677,75.082791687062809,3.8107289086465412,0.42066917924611824,1,6016.3418715793914,77.565081522418268,3.9367142832268316,0.20235834248802842,0
5,2023-05-22,4240,5803.8177492343921,76.182791687062718,3.8687178390748893,0.32271984023372319,1,5846.9086922300858,76.465081522418359,3.8830530937648975,0.6090509561411801,1
5,2023-05-23,4241,5735.4557367160287,75.732791687062672,3.8449872661164508,0.48901520352230149,1,5915.9297656002691,76.915081522418404,3.9050126429781131,0.56440029981899686,1
5,2023-05-24,4242,9434.7792209223298,97.132791687062763,4.9856430995541006,0.21088330186002471,0,3081.9242764407513,55.515081522418313,2.8494844872279388,0.46704301168408785,1
5,2023-05-25,4243,10093.068667193247,100.46426562312217,5.1575679256184701,0.12330629373880399,0,3043.1862193750685,55.165081522418404,2.832028416367288,0.14527776794856664,0
5,2023-05-26,4244,9199.5463500228452,95.914265623122219,4.9125081627248957,0.40449180156944786,1,3565.8909612290704,59.715081522418359,3.0584691808967381,0.21962754754473518,0
5,2023-05-30,4245,7049.9979016302159,83.964265623122174,4.2742957454246673,0.4310464905262576,1,5135.8839096148758,71.665081522418404,3.6481918917948684,0.15383653757189117,0
5,2023-05-31,4246,5478.1115157301119,74.014265623122355,3.7487915325612153,0.17456499562791619,0,6661.021531910972,81.615081522418222,4.1337696721664461,0.081662966033851939,0
5,2023-06-01,4247,6745.795470310446,82.132791687062763,4.1835116101903864,0.095468409138728769,0,4972.3767221133003,70.515081522418313,3.5917525288383199,0.25918340822634478,1
5,2023-06-02,4248,7350.1115704572821,85.732791687062672,4.3749032575747036,0.20816522023040218,0,4477.628135151901,66.915081522418404,3.414644529503656,0.24425802436946856,0
5,2023-06-05,4249,7767.3889705551992,88.132791687062763,4.5028888331619754,0.46005431851926504,1,4162.1957438442805,64.515081522418313,3.2962105772087522,0.62681275447431728,1
5,2023-06-06,4250,6089.1165784765453,78.032791687062854,3.9663909160577862,0.1372433987768002,0,5567.4103905971169,74.615081522418222,3.7926694041435547,0.24247838568632618,0
5,2023-06-07,4251,6238.2813826819365,78.982791687062672,4.0166187798546922,0.39014765077569757,1,5426.5442357045495,73.665081522418404,3.7461900692849062,0.6758135888597756,1
5,2023-06-08,4252,7239.0814412641239,85.082791687062809,4.3402944287641088,0.22922668679532046,0,4565.0402411310261,67.565081522418268,3.4466704852531893,0.46648345358730886,1
5,2023-06-09,4253,8553.0667582326278,92.482791687062672,4.7356644829260413,0.33816330947560175,1,3619.8370345992525,60.165081522418404,3.080807082923775,0.45542126449150472,1
5,2023-06-12,4254,8829.2832140926603,93.964265623122174,4.8078318472739543,0.48047841171457312,1,3802.5822791665078,61.665081522418404,3.1551924643071225,0.16737491612703631,0
5,2023-06-13,4255,8568.1432703479422,92.56426562312231,4.7328083455937371,0.47864899856611831,1,3977.2045074292619,63.065081522418268,3.2245158770026725,0.29588062534598042,1
5,2023-06-14,4256,9218.7392031474956,96.014265623122355,4.9178818154082187,0.37580367802512332,1,3553.9579449245707,59.615081522418222,3.0535038042573426,0.21146139350904125,0
5,2023-06-15,4257,7852.4880719252687,88.614265623122265,4.521712750254995,0.34127594572730863,1,4491.0211514563725,67.015081522418313,3.4195729823915459,0.25971376656598405,1
5,2023-06-16,4258,13209.546604981753,114.93279168706272,5.9536787633485826,0.12348023388072553,0,1422.4273742426626,37.715081522418359,1.9536937772238785,0.18858920428917575,0
5,2023-06-20,4259,15058.790987422184,122.71426562312217,6.3726152531935796,0.3081412055347072,1,1083.4025916274495,32.915081522418404,1.709297199512809,0.50570945367921982,1
5,2023-06-21,4260,15741.281948349357,125.46426562312217,6.5247420886745111,0.52905110331099947,1,909.93214325414829,30.165081522418404,1.5687285621934788,0.81567297457861954,1
5,2023-06-26,4261,16875.032920300757,129.9039372779007,6.7697085454114694,0.09300321762764778,0,684.61149107480105,26.165081522418404,1.363545860775361,0.041078290875822793,0
5,2023-06-27,4262,19713.265603136671,140.4039372779007,7.3571545419147286,0.37906681436282613,1,245.3947791040145,15.665081522418404,0.82084895841639094,0.48254777856960018,1
5,2023-06-28,4263,19217.992741853315,138.62897511650772,7.2495215121719285,0.43621113670597905,1,380.83840682663265,19.515081522418313,1.0205298220639725,0.24691533066019497,0
5,2023-06-30,4264,14915.486563008561,122.12897511650772,6.3320272257424604,0.30166747450913395,1,1297.0860970664371,36.015081522418313,1.8672757756276508,0.019130159385723239,0
5,2023-07-03,4265,15414.200141604901,124.1539372779007,6.4507280429117335,0.30533654509537411,1,1018.5724285826127,31.915081522418404,1.6582278088181437,0.15077505523524631,0
5,2023-07-05,4266,19601.10245331439,140.00393727790083,7.3346572337542355,0.41966884690059914,1,258.08684432194485,16.065081522418268,0.84163251898670721,0.12551435124749249,0
5,2023-07-06,4267,16532.552842011522,128.57897511650776,6.6888089848882988,0.086591097590158692,0,874.09404542723814,29.565081522418268,1.5380055934254939,0.046558565546400449,0
5,2023-07-07,4268,15876.992209533168,126.00393727790083,6.5531483918192652,0.052584058897174463,0,903.90912694965641,30.065081522418268,1.5636093989191944,0.20165331195620595,0
5,2023-07-10,4269,13191.426908235957,114.85393727790074,5.9388266127821678,0.32825230166178543,1,1698.6829448995911,41.215081522418359,2.1311348029896511,0.48827557768435276,1
5,2023-07-11,4270,9121.0020355812158,95.503937277900832,4.8893635016587744,0.31453127797491176,1,3668.1290998171708,60.565081522418268,3.1006543553175789,0.35303169375173243,1
5,2023-07-12,4271,8156.6665750438924,90.31426562312231,4.6124596217217286,0.16797416326564493,0,4266.059874280144,65.315081522418268,3.3357208203272779,0.16101489817067408,0
5,2023-07-13,4272,8405.7342915333375,91.682791687062718,4.6927773807167288,0.39021109097175749,1,3716.7411650351164,60.965081522418359,3.1204935006612251,0.74943531258319906,1
5,2023-07-14,4273,4953.7373656644713,70.382791687062763,3.5636856550411524,0.1080796235367677,0,6767.5436378901313,82.265081522418313,4.1653205834135854,0.039962272247163484,0
5,2023-07-18,4274,4904.5919114835397,70.032791687062854,3.5453358486882256,0.36472937357802826,1,6825.2516949558085,82.615081522418222,4.1823009351465936,0.15316532620263268,0
5,2023-07-19,4275,4800.1052239529454,69.282791687062854,3.5060367231953271,0.7170183848958519,1,6949.7368172394363,83.365081522418222,4.2186671485460359,0.54962423396247639,1
5,2023-07-20,4276,7545.8957346407879,86.867115381142867,4.4306393645385533,0.23550105072091368,0,4605.6692900444714,67.865081522418222,3.4614445334294719,0.25896672656083136,1
5,2023-07-21,4277,7290.2211162763542,85.382791687062763,4.3562648819929981,0.3072564174843746,1,4524.5911922175819,67.265081522418313,3.431891914409098,0.45287002139213484,1
5,2023-07-24,4278,7513.9063746627098,86.682791687062718,4.4255267109339211,0.18770863707027274,0,4351.3919802593,65.965081522418359,3.3677991281165243,0.19673470920417432,0
5,2023-07-25,4279,6254.0879410193702,79.082791687062809,4.0219087467356367,0.097112974727798951,0,5411.8212194000453,73.565081522418268,3.741294895103406,0.11290298796670725,0
5,2023-07-26,4280,10006.559412707311,100.03279168706285,5.14214880032194,0.36241713640653095,1,2768.3468036107156,52.615081522418222,2.7046588800173863,0.24575059595117213,0
5,2023-07-27,4281,8305.1857206775767,91.132791687062763,4.6633128661667014,0.2261818237224936,0,3784.1052547097711,61.515081522418313,3.147759064726535,0.090421759125850515,0
5,2023-07-28,4282,5584.9901533419034,74.732791687062672,3.7922914615514003,0.21006374041335615,0,6070.7599286451059,77.915081522418404,3.9537757350325222,0.037345343472179236,0
5,2023-07-31,4283,9639.8605834651516,98.182791687062718,5.0422551195081509,0.25356182684582185,1,2966.4451052436775,54.465081522418359,2.7970974487684037,0.45256403107100185,1
5,2023-08-01,4284,10850.194232804361,104.16426562312222,5.3576929134411175,0.34569657178637248,1,2648.6546161091674,51.465081522418359,2.6471084004947203,0.55728801036239051,1
5,2023-08-02,4285,12704.505674959741,112.71426562312217,5.8230705769701219,0.39192260071946178,1,1841.7042220758176,42.915081522418404,2.2170889118600159,0.5094223407037578,1
5,2023-08-03,4286,11217.831662485289,105.91426562312222,5.4526121971284827,0.33331050118871086,1,2471.5893307807032,49.715081522418359,2.5594008351524291,0.089395646221099787,0
5,2023-08-04,4287,13610.550873382417,116.66426562312222,6.0394608698618946,0.2934095189899098,1,1518.2775780487086,38.965081522418359,2.0171393861582212,0.57024969157557692,1
5,2023-08-07,4288,14982.723861132248,122.4039372779007,6.3540249832797286,0.24930917771151484,0,1133.3377139110771,33.665081522418404,1.7475644477999586,0.21582197821087415,0
5,2023-08-08,4289,16417.034264406655,128.12897511650772,6.663839558783395,0.40526768374998973,1,900.90511879741723,30.015081522418313,1.5610496176007445,0.78019398264529105,1
5,2023-08-09,4290,16894.533972337707,129.97897511650763,6.7665664592903134,0.17303999995192812,0,793.27181716447467,28.165081522418404,1.4662440274047792,0.33008611224516521,1
5,2023-08-10,4291,22553.92273097426,150.17963487428733,7.8886216611575746,0.4002210275466983,1,121.33202094552135,11.015081522418313,0.57859916073109985,0.39043394972324302,1
5,2023-08-14,4292,20977.816781356887,144.8372078623338,7.6376833317865263,0.25286649830339375,1,13.068814413729653,3.6150815224182224,0.19063366585378344,0.24321652530943427,0
5,2023-08-17,4293,21842.907410828862,147.79346200298869,7.8044812801916192,0.053840583316761413,0,0.93138234491333727,0.96508152241835887,0.050962746074793203,0.072109939033597428,0
5,2023-08-18,4294,22890.513830391108,151.29611307099435,8.0057207223321623,0.26297729870937997,1,8.3227546222927611,2.8849184775817776,0.15265330463167859,0.16207161814903362,0
5,2023-08-21,4295,10694.338019331361,103.41343248984322,5.4636604142038419,0.008689253464284041,0,0.0002274523184540896,0.015081522418313398,0.00079680477708695806,0.0033318191926393756,0
5,2023-08-22,4296,6322.3859463168401,79.513432489843126,4.1485629869743104,0.20788811066107843,0,571.93112422391823,23.915081522418404,1.2477542338151673,0.19124592442370242,0
5,2023-08-23,4297,14877.601593648344,121.97377420432781,6.362576573606729,0.024748908967403577,0,591.22318944184633,24.315081522418268,1.2683592771403078,0.060165023260280302,0
5,2023-08-24,4298,15797.274220229479,125.68720786233371,6.561587463447335,0.12634383640944782,0,518.24893672235169,22.765081522418313,1.1884667983512562,0.38070858705393279,1
5,2023-08-25,4299,12362.595192221803,111.18720786233371,5.7609952260276538,0.55412354791911755,1,1388.6863008724829,37.265081522418313,1.9308332395035395,0.73585851383099365,1
5,2023-08-29,4300,11316.626715986698,106.37963487428738,5.4622286911395017,0.039897638306169401,0,3004.6931623093606,54.815081522418268,2.8145660713418534,0.047406676326373007,0
5,2023-08-30,4301,11343.088655695034,106.50393727790083,5.4833927445760615,0.017417456113278117,0,2456.6973063239689,49.565081522418268,2.5518756897708013,0.12211898111141455,0
5,2023-08-31,4302,11623.915871853173,107.81426562312231,5.5558612570210668,0.022888184664179776,0,2286.2820209955048,47.815081522418268,2.4639963681646062,0.013368132818788521,0
5,2023-09-01,4303,15056.256223499033,122.70393727790088,6.3705901707025019,0.029627792104287558,0,1113.2286649976138,33.365081522418222,1.7322611246777542,0.24187236347368618,0
5,2023-09-05,4304,16066.560615450018,126.75393727790083,6.5947263223069559,0.032351694965482361,0,859.37400466602901,29.315081522418268,1.5251986952690235,0.093904294875380337,0
5,2023-09-06,4305,17563.929245431947,132.52897511650781,6.9084877689945952,0.17634593449733593,0,656.13240140013147,25.615081522418222,1.3352663237896225,0.46272383824394131,1
5,2023-09-07,4306,15908.68479352105,126.12963487428738,6.5426722105139206,0.29128529360264277,1,1229.5599421738391,35.065081522418268,1.818916979065166,0.54472453711279722,1
5,2023-09-08,4307,15858.106773894009,125.92897511650767,6.541934861503294,0.11333344397995282,0,1037.8114774960607,32.215081522418359,1.6735541973775088,0.1011410408518095,0
5,2023-09-11,4308,20257.537157715487,142.32897511650776,7.4574402094002137,0.061108817923174338,0,250.11680356073572,15.815081522418268,0.82864381454079117,0.094102351591548186,0
5,2023-09-12,4309,19636.314570001097,140.12963487428738,7.32206264365594,0.36506214492602934,1,443.73765954612753,21.065081522418268,1.1006939869588395,0.56481955874130463,1
5,2023-09-13,4310,23158.641270471409,152.17963487428733,8.0020841264249949,0.18364038195340357,0,81.271694855848096,9.0150815224183134,0.47404135782402074,0.44270642814478195,1
5,2023-09-14,4311,12879.346348388528,113.48720786233366,5.8871820232574397,0.34946799500090314,1,1222.5569258693617,34.965081522418359,1.8138238067343653,0.36668939735498268,1
5,2023-09-15,4312,11562.480489606556,107.52897511650781,5.5331759650350074,0.55924433743523949,1,2561.8864775210427,50.615081522418222,2.6045273122401125,0.5890470980661211,1
5,2023-09-20,4313,17903.493631068406,133.80393727790079,6.9871507716919465,0.096716764367383773,0,495.73385519993337,22.265081522418313,1.1626674424239327,0.5573676299763477,1
5,2023-09-21,4314,15259.407693334806,123.52897511650781,6.409265318520653,0.15180675666043758,0,1198.2038688036594,34.615081522418222,1.7959935415164978,0.0065833416287862032,0
5,2023-09-22,4315,15364.578566693785,123.95393727790088,6.4396673651401866,0.27481453048298521,1,1031.3784611915682,32.115081522418222,1.6684459320164287,0.32033700693235712,1
5,2023-09-25,4316,20094.178733787045,141.75393727790083,7.4331526324900157,0.31322170561472634,1,204.92155899348091,14.315081522418268,0.75064007353862083,0.38823616678826944,1
5,2023-09-26,4317,27765.435218338327,166.62963487428738,8.8289956485077834,0.27098423971320623,1,29.538338857959332,5.4349184775817321,0.28797321451712665,0.37062851773382405,1
5,2023-09-27,4318,27381.569949424866,165.47377420432781,8.8320981134385423,0.40995333294005815,1,368.06109699145696,19.184918477581732,1.0239875358320691,0.49738099838695843,1
5,2023-09-28,4319,26901.659143562625,164.01725257899739,8.832377629455971,0.68604432117467629,1,1276.9843985994091,35.734918477581687,1.9243359438654652,0.27447427771416816,1
5,2023-10-10,4320,18524.344798541395,136.10416892417879,7.2734358810516389,0.078078697172752759,0,461.60172198833095,21.484918477581687,1.1481586360765097,0.040103539086163709,0
5,2023-10-11,4321,17783.334369458415,133.35416892417879,7.1160175519839273,0.039220509654319523,0,350.99717036163167,18.734918477581687,0.99972884085281144,0.011570422198947671,0
5,2023-10-12,4322,9634.2408771962164,98.154168924178748,5.1411150704053394,0.46915206389866698,1,271.09890953988247,16.465081522418359,0.86240737075310903,0.69585740358847969,1
5,2023-10-13,4323,14634.654045239689,120.97377420432781,6.3071230783518573,0.13662971140760852,0,640.85335248668287,25.315081522418268,1.3198342859893262,0.61925338035642885,1
5,2023-10-16,4324,15807.941085621598,125.72963487428729,6.5205702144117454,0.33987930073788974,1,1257.7720073917801,35.465081522418359,1.839284385562616,0.18575202809615513,0
5,2023-10-17,4325,9059.0373042287865,95.178975116507672,4.8667472064482107,0.79331363913662278,1,3964.6014911247898,62.965081522418359,3.2195674961608813,0.55036607138255866,1
5,2023-10-18,4326,8989.744965651993,94.81426562312231,4.8534342926017926,0.059915868257004033,0,3698.4741405783798,60.815081522418268,3.1130547732291607,0.44407902114494086,1
5,2023-10-19,4327,3583.7302985957381,59.864265623122265,3.0105237929656656,0.67289691497862869,1,9170.9508389954262,95.765081522418313,4.8159457642654422,0.42650196419718461,1
5,2023-10-20,4328,5239.2685324127224,72.382791687062763,3.6686665832266985,0.19089149670375552,0,6442.4833118004581,80.265081522418313,4.0681744309385861,0.65675454629543772,1
5,2023-10-23,4329,3854.2730236592352,62.082791687062809,3.1302774006485561,0.48048462278525395,1,8202.0339911622668,90.565081522418268,4.5663833773215483,0.49126731705575205,1
5,2023-10-25,4330,4953.7373656644713,70.382791687062763,3.5636856550411524,0.097251138411620752,0,6767.5436378901313,82.265081522418313,4.1653205834135854,0.39152369592494818,1
5,2023-10-26,4331,3904.0992570088683,62.482791687062672,3.1510813297222584,0.59036857646097218,1,8129.7419259443568,90.165081522418404,4.5471320551928187,0.39503389766265073,1
5,2023-10-27,4332,2486.7291964362153,49.867115381142867,2.4963513907260144,0.621502749565921,1,10996.685322703419,104.86508152241822,5.2495535403693543,0.29000176726212779,1
5,2023-10-30,4333,2557.0331579697972,50.567115381142685,2.532280804303805,0.0076727960428989881,0,10850.364208572071,104.1650815224184,5.216339402194321,0.54844534151839053,1
5,2023-10-31,4334,3735.3017925119298,61.117115381142867,3.0768553065241711,0.0079936326870669282,0,8763.7834884490094,93.615081522418222,4.7129197534381264,0.23684495803343775,0
5,2023-11-01,4335,4079.0084271082155,63.867115381142867,3.2197577828767323,0.055500685925681872,0,8256.4630400757087,90.865081522418222,4.5808167736649636,0.15777071178685556,0
5,2023-11-02,4336,3952.2741963459298,62.867115381142867,3.1677474242236658,0.22662366802879885,0,8439.1932031205451,91.865081522418222,4.6288965797852573,0.24663911727234619,0
5,2023-11-06,4337,7528.5323115645351,86.76711538114273,4.4253131729047146,0.13686414128547961,0,4619.2523063489734,67.965081522418359,3.4663682114764298,0.15818132345339539,0
5,2023-11-07,4338,7401.641245469551,86.032791687062854,4.3908843079114437,0.51916432742369101,1,4437.5690862384254,66.615081522418222,3.399856152418824,0.6275274631780462,1
5,2023-11-08,4339,7732.175853880366,87.932791687062718,4.49221138149443,0.19233645479911335,0,4188.041776453254,64.715081522418359,3.3060911656705589,0.43608338725923895,1
5,2023-11-09,4340,10760.492071191538,103.73279168706267,5.3425072328721788,0.12815204682625395,0,2392.6852003448384,48.915081522418404,2.5192532908824146,0.10182436267323886,0
5,2023-11-10,4341,13739.184065567841,117.21426562312217,6.0696613739544913,0.27187857338953142,1,1475.718488374052,38.415081522418404,1.9892334371964064,0.57576203001294923,1
5,2023-11-13,4342,8129.5947953569394,90.164265623122219,4.604446206879901,0.25132410820740714,1,4285.6768987368814,65.465081522418359,3.3431253969164723,0.21160055775384476,0
5,2023-11-15,4343,4660.0099610642046,68.264265623122355,3.4475160660129469,0.23423857875036386,0,7632.6574694187821,87.365081522418222,4.4121550185555387,0.17517091918213432,0
5,2023-11-16,4344,4138.7080862510174,64.332791687062809,3.2474087825679718,0.25865898327859049,1,7799.5536243113847,88.315081522418268,4.4579935651507165,0.10188566531164063,0
5,2023-11-17,4345,5880.2505409214555,76.682791687062718,3.8950978659553366,0.1415345858012558,0,5770.6936107076672,75.965081522418359,3.8586418206135198,0.44161540364155494,1
5,2023-11-20,4346,1504.1049310421117,38.782791687062854,1.9327614714972019,0.16797984401566818,0,12965.256790106947,113.86508152241822,5.6745281332810835,0.051698205137239189,0
5,2023-11-21,4347,2491.7184079743251,49.917115381142821,2.4989169423114728,0.208860354347748,0,10986.201314551188,104.81508152241827,5.2471818739164613,0.45430289170758992,1
5,2023-11-22,4348,2173.1554464587866,46.617115381142867,2.329865576187264,0.33097932572502786,1,11688.870852599139,108.11508152241822,5.4034576066380904,0.040277576795141962,0
5,2023-11-24,4349,475.98652355409274,21.817115381142685,1.0770426964748443,0.086254832168229267,0,17666.418896111129,132.9150815224184,6.5616015364163793,0.2000379898312056,0
5,2023-11-28,4350,11.428227537286256,3.3805661563244485,0.16515137918974321,0.64773102934532834,1,23782.29136896614,154.21508152241836,7.5338958705595331,0.60268765842581185,1
5,2023-11-29,4351,221.43124913274858,14.880566156324448,0.73107009046276983,0.0069439482099176962,0,20367.594493950517,142.71508152241836,7.0114756698724285,0.055303975693971962,0
5,2023-11-30,4352,24.310482621891598,4.930566156324403,0.2410563291446369,0.68659644104091344,1,23306.627116246658,152.6650815224184,7.4638252431024927,0.73109370436098642,1
5,2023-12-01,4353,1.6398496807232223,1.280566156324312,0.062495603148986702,0.084578601314879182,0,24434.404711360341,156.3150815224185,7.6286611611438708,0.17320883229486589,0
5,2023-12-04,4354,727.95095011580759,26.980566156324585,1.3334601604430567,0.299392521340475,1,17060.299521107958,130.61508152241822,6.4553874279001766,0.44438705135124795,1
5,2023-12-05,4355,572.67199656221896,23.930566156324403,1.1809399011214174,0.62734421110189931,1,17866.354018394759,133.6650815224184,6.5961844414932091,0.097199675735293742,0
5,2023-12-06,4356,548.99143040589456,23.430566156324403,1.1559803718153043,0.53908284189739941,1,18000.269099917175,134.1650815224184,6.6192254932368844,0.20676185973537534,0
5,2023-12-07,4357,1783.4207178837073,42.230566156324585,2.1030111128093516,0.083062645853438713,0,13309.102034674203,115.36508152241822,5.7449868792599084,0.17192283768335059,0
5,2023-12-08,4358,4055.214505990009,63.680566156324403,3.2054245164636148,0.11582059169449718,0,8820.0425373624948,93.915081522418404,4.7273088627799762,0.68805996071126663,1
5,2023-12-11,4359,4437.8400617045017,66.617115381142867,3.3630570402172233,0.14270281102030516,0,7764.2675917024089,88.115081522418222,4.4483469986328208,0.25481550445975715,1
5,2023-12-12,4360,3954.2454903585299,62.882791687062763,3.1718936538240992,0.63679718369009286,1,8057.7698607264056,89.765081522418313,4.5278729645608227,0.070173022284572256,0
5,2023-12-13,4361,0.51438776414614684,0.71720831293714582,0.035052456523979564,0.036948348380530807,0,23520.848230377986,153.36508152241822,7.4954831886231474,0.029353404185480155,0
5,2023-12-14,4362,325.10131591759585,18.030566156324539,0.88720002737413473,0.17537950055649951,0,19478.411980359258,139.56508152241827,6.8673464312561272,0.22725486877669651,0
5,2023-12-15,4363,695.93427072821089,26.380566156324448,1.3034198550519749,0.23746344273923647,0,17217.397618934894,131.21508152241836,6.4831187293371064,0.19707272278981319,0
5,2023-12-18,4364,80.650568488122531,8.9805661563245849,0.43993269925904843,0.62487925471486583,1,22086.442455915014,148.61508152241822,7.280235213090271,0.41651924523192058,1
5,2023-12-19,4365,218.46513590148638,14.780566156324539,0.72612149818597138,0.084595812031329931,0,20396.147510254978,142.81508152241827,7.0160438958717926,0.17049908010671846,0
5,2023-12-20,4366,74.48667217869297,8.6305661563244485,0.42271470619211676,0.63849619336563157,1,22190.595512980748,148.96508152241836,7.2961297704079122,0.053797345540699565,0
5,2023-12-21,4367,27.766933032871858,5.2694338436754151,0.25634529303733289,0.64286247756686454,1,26525.034779303933,162.86508152241822,7.9229948201215334,0.26978231667703378,1
5,2023-12-22,4368,363.64330711832025,19.069433843675597,0.92149578832877144,0.48357085532567012,1,31210.551029322742,176.6650815224184,8.5370194994886628,0.25222888497362483,1
5,2023-12-27,4369,1969.5907816502854,44.380071897759308,2.1352998411162099,0.23112291890617145,0,34471.522496726269,185.6650815224184,8.9330774404550812,0.097879958540240286,0
5,2023-12-28,4370,805.42848092198756,28.380071897759308,1.3760702045073365,0.32322428560061373,1,28786.239888008884,169.6650815224184,8.2265846354935217,0.19976128999784312,0
5,2023-12-29,4371,30.581695194385723,5.5300718977591714,0.27114176645628552,0.22898633001033877,0,21554.668162434322,146.81508152241827,7.1984056052765695,0.16560320853033209,0
5,2024-01-04,4372,36.233583798384984,6.0194338436754151,0.29272418818175,0.86439826269250619,1,26769.894901587562,163.61508152241822,7.956577504919796,0.31926899451450741,1
5,2024-01-05,4373,0.77452654522566955,0.88007189775930783,0.043248901555816392,0.40243936437630823,1,20210.91040427587,142.1650815224184,6.9863424012196376,0.61603515782984453,1
5,2024-01-09,4374,553.68754363716585,23.530566156324539,1.1609712924967703,0.2102408102357588,0,17973.446083612656,134.06508152241827,6.6146181923435101,0.1561160333176082,0
5,2024-01-10,4375,448.61638270243469,21.180566156324403,1.043814708440697,0.56186787938000926,1,18609.074466768059,136.4150815224184,6.7227697076321817,0.11626043258498588,0
5,2024-01-11,4376,28.296376417241337,5.319433843675597,0.25877137857493232,0.53281864408802737,1,26541.323787456233,162.9150815224184,7.9252344281574389,0.48873028250472977,1
5,2024-01-12,4377,17.05749388066117,4.1300718977593078,0.20263826988981712,0.068512214045565692,0,21145.54593417159,145.4150815224184,7.1346604284482691,0.13756902948235786,0
5,2024-01-16,4378,1488.460084942531,38.580566156324494,1.9177614592431711,0.25209940247046497,1,14164.589629787877,119.01508152241831,5.9159975902780317,0.43545984240771396,1
5,2024-01-17,4379,1378.6789430891865,37.130566156324448,1.8443555611128772,0.24238457789148751,0,14511.8358662029,120.46508152241836,5.9837612518586507,0.4115121326254787,1
5,2024-01-18,4380,474.3930620900299,21.780566156324539,1.0737012228599019,0.61780911059724031,1,18445.736368941121,135.81508152241827,6.6951803762499456,0.26386782756642124,1
5,2024-01-19,4381,749.69540304085979,27.380566156324448,1.3534969305382953,0.058166869433940824,0,16955.967455890059,130.21508152241836,6.436890754710614,0.1752514577739552,0
5,2024-01-23,4382,659.49147810935438,25.680566156324403,1.2683953353085424,0.38845775247581371,1,17401.588733066292,131.9150815224184,6.5154511408104314,0.019442151783097734,0
5,2024-01-24,4383,706.52649719074304,26.580566156324494,1.3134313109981219,0.16637965550104442,0,17164.951586325915,131.01508152241831,6.4738767892485889,0.51671141240091234,1
5,2024-01-25,4384,774.54041258155428,27.830566156324494,1.3760477703992333,0.23945536316404589,0,16838.976382519872,129.76508152241831,6.4160732520355159,0.21303874561680333,0
5,2024-01-29,4385,53.006643556618279,7.2805661563245394,0.35635770814833412,0.19489376182952439,0,22594.623733091248,150.31508152241827,7.3573863352545592,0.26743076205577443,1
5,2024-01-30,4386,8.5230939675979389,2.9194338436755061,0.14218599019483774,0.64930259649465083,1,25765.091396148597,160.51508152241831,7.8176102044280205,0.64413415072160896,1
5,2024-01-31,4387,20.075473081201263,4.4805661563245849,0.21900755951436252,0.012578960019365138,0,23444.228189616777,153.11508152241822,7.4841792664378239,0.085045023986828422,0
5,2024-02-01,4388,261.81072113919066,16.180566156324403,0.79544606623525327,0.14637252867600128,0,19998.225281992243,141.4150815224184,6.9520478589296957,0.49492575404337608,1
5,2024-02-02,4389,1045.2655079884748,32.330566156324494,1.6021093239011148,0.022349802323323884,0,15691.340648818106,125.26508152241831,6.2073875878304419,0.16998065617120639,0
5,2024-02-05,4390,381.44301438656947,19.530566156324539,0.96171785288184652,0.19113656351292513,0,19061.966735792001,138.06508152241827,6.7985563089628842,0.20189901768086049,0
5,2024-02-06,4391,76.222785409960238,8.7305661563245849,0.42763353038423713,0.76446232899216848,1,22160.812496676223,148.86508152241822,7.2915890244131187,0.22622274052510347,0
5,2024-02-07,4392,470.04694885875909,21.680566156324403,1.0687189094385132,0.047788168876126046,0,18472.909385245639,135.9150815224184,6.6997797314676459,0.26881506746068273,1
5,2024-02-08,4393,719.87928026890529,26.830566156324494,1.3259484139522852,0.033811335458370277,0,17099.506545564709,130.76508152241831,6.4623217950293217,0.35358917798190193,1
5,2024-02-09,4394,450.73693931807486,21.230566156324585,1.0463045762320529,0.70879235240364502,1,18595.435458615768,136.36508152241822,6.7204712198717766,0.52407281536000505,1
5,2024-02-20,4395,556.04310025279608,23.580566156324494,1.1634669375268036,0.19066480967777183,0,17960.042075460427,134.01508152241831,6.6123143714033956,0.35346485625940771,1
5,2024-02-21,4396,693.2987141125808,26.330566156324494,1.3009173002136607,0.35428858522697687,1,17230.521627087124,131.26508152241831,6.4854289289732376,0.49755814125405767,1
5,2024-02-22,4397,535.02309071210198,23.130566156324448,1.1410105641438657,0.078589475625034141,0,18080.858148830615,134.46508152241836,6.6330446686275826,0.082275771224255792,0
5,2024-02-26,4398,233.49570205781092,15.280566156324539,0.75086932293184638,0.73778326400098371,1,20253.582428732556,142.31508152241827,6.9931982763282612,0.084110243106562316,0
5,2024-02-27,4399,319.71464607069527,17.880566156324448,0.87975429438974884,0.097340785119853029,0,19520.304004816007,139.71508152241836,6.8742198589101005,0.70661248698597756,1
5,2024-02-28,4400,5.2009819933718466,2.280566156324312,0.11135305077143193,0.87699634334371623,1,24122.774548315501,155.3150815224185,7.5835590694767445,0.41997391436181664,1
5,2024-02-29,4401,0.2815004462367543,0.53056615632431203,0.025883801167153477,0.63550721737287474,1,24669.439833643966,157.0650815224185,7.6624588507375595,0.084081495769958908,0
5,2024-03-01,4402,2277.1443663609407,47.719433843675688,2.2744659966957741,0.26406585898810231,1,42154.282700557349,205.3150815224185,9.7859956398760026,0.5307814100398478,1
5,2024-03-04,4403,7966.3236580653638,89.25426408897988,4.1817027777820401,0.15083526311870551,0,58402.011627237131,241.6650815224184,11.322389501612557,0.38372259765156325,1
5,2024-03-05,4404,9546.1232211690876,97.704264088979698,4.5595475226441282,0.7114054584231867,1,62557.55400496591,250.11508152241822,11.672076044633,0.15975370464049005,0
5,2024-03-06,4405,11729.813619855438,108.30426408897961,5.0293373000988932,0.49894944895510779,1,67972.353733241136,260.71508152241813,12.106855581621033,0.071846975757852025,0
5,2024-03-07,4406,18307.243880660335,135.30426408897961,6.2053367006342546,0.6327540801728031,1,82779.968135451709,287.71508152241813,13.195215736312143,0.012085766292596074,0
5,2024-03-11,4407,13480.200139643563,116.10426408897979,5.3720885639782434,0.04825331684341113,0,72100.34900499096,268.51508152241831,12.424063922379101,0.69843914704493681,1
5,2024-03-12,4408,15191.613616115996,123.25426408897988,5.6841110537253217,0.46813408371536969,1,75991.237170761582,275.6650815224184,12.712833495776534,0.094597194062444712,0
5,2024-03-13,4409,13375.908801963522,115.65426408897997,5.352381714595519,0.10050036413565287,0,71858.887931620877,268.0650815224185,12.405825690596931,0.60470594498092323,1
5,2024-03-14,4410,13995.89890163503,118.30426408897961,5.4683151489047406,0.49817328857067739,1,73286.655363689497,270.71508152241813,12.513119393672984,0.15619708171158114,0
5,2024-03-15,4411,12769.963702291909,113.00426408897988,5.2361635701401603,0.054792707649464326,0,70445.165499552008,265.4150815224184,12.298268494887676,0.45880326814027478,1
5,2024-03-18,4412,12045.998485713539,109.75426408897988,5.0932416394718949,0.0613412128669278,0,68730.529969656287,262.1650815224184,12.165997564732397,0.38660737832917214,1
5,2024-03-19,4413,15713.691525289689,125.35426408897979,5.7753634687389903,0.50936637929455419,1,77153.440513155685,277.76508152241831,12.797285488247793,0.40267721550800012,1
5,2024-03-21,4414,15990.680906285421,126.4542640889797,5.8230919178937048,0.25814486380704033,1,77765.73369250496,278.86508152241822,12.841457060343444,0.28906760695802763,1
5,2024-03-22,4415,18131.77083734476,134.65426408897997,6.1773678359932083,0.37976315668364041,1,82406.36102947277,287.0650815224185,13.169331201138569,0.53856760077541888,1
5,2024-03-26,4416,21772.260850840335,147.55426408897961,6.7293411816016615,0.16077676201521054,0,89979.050132750956,299.96508152241813,13.680169723282626,0.10204237706883508,0
5,2024-03-27,4417,28630.082985893187,169.2042640889797,7.6412610512782404,0.24436345199467066,0,103436.26066267172,321.61508152241822,14.524130400452423,0.16560619337454682,0
5,2024-03-28,4418,48116.29317401789,219.35426408897979,9.6866533048787709,0.32207227653933518,1,138209.27583937033,371.76508152241831,16.417093465330904,0.096554690404903623,0
5,2024-04-02,4419,55227.004140003002,235.00426408897988,10.306526504351901,0.68800491818530773,1,150090.44539102211,387.4150815224184,16.990771726527569,0.22863106372179762,0
5,2024-04-03,4420,75682.356119939141,275.10426408897979,11.856664759787945,0.7807252093557786,1,182769.14492911997,427.51508152241831,18.425388709079552,0.011682381127390193,0
5,2024-04-08,4421,82860.077354208115,287.85426408897979,12.338373942948126,0.053948783786087813,0,193833.34200794165,440.26508152241831,18.871199379443564,0.30519027943536764,1
5,2024-04-10,4422,126988.36153439835,356.35426408897979,14.838820074494267,0.18952271127298187,0,258841.90817651295,508.76508152241831,21.185304248278921,0.39814327156670098,1
5,2024-04-12,4423,89433.452869801156,299.05426408897961,12.757199218879773,0.18970504755263687,0,203820.71983404364,451.46508152241813,19.25881245296554,0.014832459400854869,0
5,2024-04-15,4424,104978.76314784141,324.00426408897988,13.675970879386274,0.40935253794408338,1,226971.32990201257,476.4150815224184,20.109114303544239,0.034224647344741434,0
5,2024-04-16,4425,113942.88120465259,337.55426408897961,14.166880601375734,0.64072864140330732,1,240065.78111126984,489.96508152241813,20.563439859084994,0.16130313467796764,0
5,2024-04-18,4426,111926.55562011871,334.55426408897961,14.058673954237072,0.21275018547976088,0,237134.99062213534,486.96508152241813,20.46329711822575,0.4490692934714417,1
5,2024-04-19,4427,83986.511484155038,289.80426408897961,12.411583292532157,0.64485049444762643,1,195554.17832587892,442.21508152241813,18.938952933571091,0.040508542180340557,0
5,2024-04-22,4428,80261.306050998304,283.30426408897961,12.167075268482451,0.45736315665741578,1,189847.63226608749,435.71508152241813,18.712666431420825,0.4905894088749293,1
5,2024-04-23,4429,75682.356119939141,275.10426408897979,11.856664759787945,0.22575681480508733,0,182769.14492911997,427.51508152241831,18.425388709079552,0.47998116885186276,1
5,2024-04-24,4430,74831.935401263196,273.55426408897961,11.797742876999164,0.18261483326135991,0,181446.25067640032,425.96508152241813,18.37085787391289,0.77609530827476714,1
5,2024-04-25,4431,88776.743488805456,297.9542640889797,12.716241905551605,0.42480135325811108,1,202828.7066546944,450.36508152241822,19.220907409944871,0.098023079080820905,0
5,2024-04-26,4432,68567.655621581172,261.85426408897979,11.350423237493706,0.45044539416245577,1,171615.55776877588,414.26508152241831,17.956873928149903,0.9430158938213945,1
5,2024-04-30,4433,75325.143076623412,274.4542640889797,11.831965170243995,0.86069505053346462,1,182213.79782314075,426.86508152241822,18.402529812140813,0.86276555553645684,1
5,2024-05-07,4434,69645.460604346081,263.90426408897997,11.429127307290008,0.075218510694945159,0,173318.24710301796,416.3150815224185,18.029712718322187,0.094371713653168668,0
5,2024-05-08,4435,78710.695098508906,280.55426408897961,12.063218131701408,0.48751703320930578,1,187458.76181771417,432.96508152241813,18.616549061461846,0.18877670047686237,0
5,2024-05-09,4436,107128.0812908285,327.30426408897961,13.796044767602252,0.33344593261829886,1,230126.55944006029,479.71508152241813,20.220239900626702,0.13561946688288545,0
5,2024-05-10,4437,89194.369458530186,298.65426408897997,12.742310098514375,0.17202218113960865,0,203459.70776882605,451.0650815224185,19.245032917587611,0.2014501748205009,0
5,2024-05-13,4438,95916.731194896478,309.7042640889797,13.151761856975167,0.14392174876472413,0,213550.34857047125,462.11508152241822,19.623971018214249,0.071984394798976947,0
5,2024-05-14,4439,97565.186294568135,312.35426408897979,13.249385539299249,0.24537317486944535,0,216006.58100254013,464.76508152241831,19.714319470728242,0.10687688299621328,0
5,2024-05-15,4440,110392.89600530958,332.25426408897988,13.975530583367538,0.39118653504977824,1,234900.24124713248,484.6650815224184,20.386349857929602,0.35014805848365466,1
5,2024-05-16,4441,127773.55091539404,357.4542640889797,14.877810042827758,0.65997751985592934,1,259962.40135586218,509.86508152241822,21.221388559161667,0.40565689271996297,1
5,2024-05-17,4442,146041.88156138983,382.15426408897997,15.744006265767723,0.39289556247251983,1,285759.82638306991,534.5650815224185,22.023033062349874,0.24645719419371187,0
5,2024-05-21,4443,131590.65611473736,362.75426408897988,15.065171480916145,0.088262135394321789,0,265395.06121999997,515.1650815224184,21.394787222161153,0.40739863665682552,1
5,2024-05-22,4444,88538.540077534213,297.55426408897961,12.701338800912607,0.063872240649856485,0,202468.5745894764,449.96508152241813,19.207114932446245,0.040269592204707952,0
5,2024-05-24,4445,93332.855376549167,305.50426408897988,12.996586650032112,0.39918163026489539,1,209686.2218856831,457.9150815224184,19.480359965218913,0.149895062673507,0
5,2024-05-28,4446,88925.783120849941,298.2042640889797,12.725553762305234,0.21970617657398953,0,203053.95169545562,450.61508152241822,19.229525317277325,0.53479302031783005,1
5,2024-05-29,4447,92054.1474673755,303.40426408897997,12.918790917331116,0.64779548741591242,1,207767.38854328901,455.8150815224185,19.408361819949267,0.26306743049677578,1
5,2024-05-30,4448,91872.194908922,303.10426408897979,12.907665882635143,0.12648809274293535,0,207493.98949437539,455.51508152241831,19.398065858508179,0.55164617464637444,1
5,2024-05-31,4449,85587.997436644422,292.55426408897961,12.514619672711625,0.54629550292214368,1,197993.92377425221,444.96508152241813,19.034310712341966,0.83881821393671108,1
5,2024-06-03,4450,78879.117656962408,280.85426408897979,12.074559935037824,0.14145285947855119,0,187718.63086662779,433.26508152241831,18.627045637249282,0.63457639430665802,1
5,2024-06-04,4451,86968.524977862835,294.90426408897997,12.602477044891348,0.72075408249078832,1,200090.7821574079,447.3150815224185,19.115620671456526,0.3372800413819092,1
5,2024-06-05,4452,99511.392731919754,315.4542640889797,13.363308654112501,0.6167131266765441,1,218897.73450797904,467.86508152241822,19.819752669762696,0.33039775206456945,1
5,2024-06-06,4453,70572.188028657518,265.65426408897997,11.496203223514797,0.05449727868602295,0,174778.41238834642,418.0650815224185,18.091789922209557,0.27401241592586634,1
5,2024-06-07,4454,73633.13663927179,271.35426408897979,11.71397643380012,0.55529864116865901,1,179576.84431770185,423.76508152241831,18.293333974634937,0.26520604304861206,1
5,2024-06-11,4455,79019.60728900689,281.10426408897979,12.084009203180218,0.71416655499835413,1,187935.32590738899,433.51508152241831,18.635790715633245,0.23538393891564638,0
5,2024-06-12,4456,70572.188028657518,265.65426408897997,11.496203223514797,0.047231781880315946,0,174778.41238834642,418.0650815224185,18.091789922209557,0.1250653271869934,0
5,2024-06-13,4457,81398.523107354224,285.30426408897961,12.242453778840122,0.62073579193925144,1,191594.49259217715,437.71508152241813,18.782427493506326,0.28092783040041386,1
5,2024-06-14,4458,77955.021085468718,279.2042640889797,12.012143785960793,0.04111165808263513,0,186291.57859760372,431.61508152241822,18.569280939721565,0.24805227261469595,0
5,2024-06-18,4459,93914.215978318112,306.4542640889797,13.031734312339671,0.42753089271716743,1,210557.16304057551,458.86508152241822,19.512888311040069,0.067804851492505147,0
5,2024-06-20,4460,84044.482336973044,289.90426408897997,12.415334322133571,0.14333067708723318,0,195642.63134218371,442.3150815224185,18.942424424419968,0.61099154190741722,1
5,2024-06-21,4461,80431.378609451785,283.60426408897979,12.178390299043684,0.31245130780904745,1,190109.1513150011,436.01508152241831,18.72313822962612,0.55214488544144125,1
5,2024-06-24,4462,78346.397055193447,279.90426408897997,12.038634183737122,0.15621067622006007,0,186896.32971173534,432.3150815224185,18.593797188121481,0.43305290852675454,1
5,2024-06-25,4463,64772.420439473215,254.50426408897988,11.067086908398229,0.015958624814567147,0,165579.88357039643,406.9150815224184,17.694652730738085,0.37967931112266246,1
5,2024-06-26,4464,77536.777189335247,278.4542640889797,11.983743505292637,0.75009180786184959,1,185644.71847532011,430.86508152241822,18.542997139026436,0.37914809605227806,1
5,2024-06-27,4465,81655.499445034453,285.75426408897988,12.259396116906769,0.066653778988338713,0,191988.63866554757,438.1650815224184,18.79810723421933,0.01695892251311756,0
5,2024-06-28,4466,80630.024094314023,283.9542640889797,12.191587483962891,0.39393875315060178,1,190414.48437206671,436.36508152241822,18.735351918012032,0.78099396605881988,1
5,2024-07-01,4467,82142.004193985675,286.60426408897979,12.291380469131759,0.53341644338944638,1,192734.24180413558,439.01508152241831,18.827708009967548,0.0031345254504763034,0
5,2024-07-02,4468,99985.136628053209,316.2042640889797,13.390825760221048,0.44807644340093034,1,219600.09463026267,468.61508152241822,19.845219112898054,0.23431147495070173,0
5,2024-07-03,4469,111492.05757680329,333.90426408897997,14.035193211112837,0.36226720774738835,1,236502.35851615656,486.3150815224185,20.441566235363631,0.17776924366982166,0
5,2024-07-05,4470,109895.07710917611,331.50426408897988,13.948383821302249,0.14061208990964741,0,234173.80612484884,483.9150815224184,20.361226159611991,0.079020535013070242,0
5,2024-07-08,4471,104170.31498761897,322.75426408897988,13.630400949743649,0.10902079355303819,0,225781.85469820653,475.1650815224184,20.066940391165943,0.13833369200034845,0
5,2024-07-09,4472,115059.53277614628,339.2042640889797,14.226278192756084,0.66265810115227641,1,241685.38838029391,491.61508152241822,20.618410951513756,0.071173534844478886,0
5,2024-07-10,4473,132535.50720136851,364.05426408897961,15.111002162086153,0.62425077681894903,1,266736.180431958,516.46508152241813,21.437202454026988,0.44210349921562903,1
5,2024-07-11,4474,130829.97466015037,361.7042640889797,15.028118249536934,0.0084532283091547037,0,264314.31704880274,514.11508152241822,21.360495316385244,0.29488261035903368,1
5,2024-07-12,4475,158447.19715941913,398.05426408897961,16.292332354656995,0.79162640531749484,1,303011.80597548245,550.46508152241813,22.530496133039382,0.39536120785351453,1
5,2024-07-16,4476,175271.39283988537,418.65426408897997,16.992217878438996,0.65923211291824091,1,326115.32733420649,571.0650815224185,23.178223943600067,0.029286282527762067,0
5,2024-07-18,4477,128417.77859075427,358.35426408897979,14.909684380652374,0.049251868088848655,0,260880.96850260263,510.76508152241831,21.250887519135357,0.73603591305892946,1
5,2024-07-19,4478,120793.96648643218,347.55426408897961,14.525609733312978,0.033480769271137217,0,249965.08274171822,499.96508152241813,20.895435345944673,0.2388110848770417,0
5,2024-07-22,4479,128131.25517948302,357.9542640889797,14.895520955806237,0.44408722457476651,1,260472.51643738459,510.36508152241822,21.237779598119854,0.11074513757464731,0
5,2024-07-23,4480,141604.89917154852,376.30426408897961,15.540451551301066,0.6290910375970642,1,279539.63742925727,528.71508152241813,21.834647897847081,0.51844916393367835,1
5,2024-07-24,4481,101795.62343336034,319.05426408897961,13.495231540858626,0.082507493982052468,0,222279.32309494037,471.46508152241813,19.941844240014301,0.344656143717398,1
5,2024-07-25,4482,116249.81020045771,340.9542640889797,14.289185871882138,0.54366418340955092,1,243409.10366562239,493.36508152241822,20.676630548695289,0.50878311051436687,1
5,2024-07-26,4483,119684.35284134751,345.9542640889797,14.468414708250585,0.31567052792855038,1,248367.75448084655,498.36508152241822,20.842502677529932,0.020212650892158585,0
5,2024-07-29,4484,119096.9530923963,345.10426408897979,14.437998706787148,0.11122894047171311,0,247521.25634225854,497.51508152241831,20.814353374016036,0.53376159452696958,1
5,2024-07-30,4485,145278.5730332119,381.15426408897997,15.709280142149773,0.54151010763345098,1,284691.69622002507,533.5650815224185,21.99089484080363,0.20704617353930643,0
5,2024-07-31,4486,167611.85145423925,409.40426408897997,16.679402093621231,0.51931362150091909,1,315636.18582604174,561.8150815224185,22.888720194024096,0.041192130202428803,0
5,2024-08-01,4487,180373.71193536182,424.7042640889797,17.195548883089245,0.44477985108265511,1,333061.81732062745,577.11508152241822,23.366402069859234,0.17030804320003082,0
5,2024-08-02,4488,121594.66379383689,348.7042640889797,14.566671432586825,0.041596011689120853,0,251116.32492921987,501.11508152241822,20.933436995735665,0.097903306445614541,0
5,2024-08-05,4489,123484.95681991758,351.40426408897997,14.662922287829586,0.4825474980893642,1,253829.6363694412,503.8150815224185,21.022514928644028,0.096207423559390826,0
5,2024-08-06,4490,126241.12007981136,355.30426408897961,14.801569042845284,0.050560974347402886,0,257774.60400531569,507.71508152241813,21.15082928294354,0.014761689986727444,0
5,2024-08-07,4491,134178.81388976891,366.30426408897961,15.190207721038366,0.61503149953407488,1,269065.3357988089,518.71508152241813,21.510505360775394,0.15823673875418781,0
5,2024-08-08,4492,146080.09948779855,382.2042640889797,15.745741820873778,0.41358227687721211,1,285813.28539122187,534.61508152241822,22.024639278324852,0.079540366593892811,0
5,2024-08-09,4493,181820.59643326458,426.40426408897997,17.252504059759257,0.24834766985917361,0,335026.89859780396,578.8150815224185,23.419112764152796,0.067838494921993897,0
5,2024-08-13,4494,169376.91228982157,411.55426408897961,16.752320759106919,0.078876541321344432,0,318056.61317658774,563.96508152241813,22.956204726764284,0.024500075679548615,0
5,2024-08-14,4495,194176.1804598005,440.65426408897997,17.726859123379995,0.49163122443532875,1,351726.19092119287,593.0650815224185,23.858117367544391,0.25618307665545598,1
5,2024-08-16,4496,201964.19258135767,449.40426408897997,18.015444231984926,0.2976670657574812,1,362181.39234783524,601.8150815224185,24.125196188587861,0.086657505669200788,0
5,2024-08-19,4497,234841.29277322168,484.60426408897979,19.156211644983884,0.69843146519085042,1,405788.21408701327,637.01508152241831,25.18094995641539,0.39149447026930817,1
5,2024-08-20,4498,205031.7015771624,452.80426408897961,18.127034732039458,0.15988027018038145,0,366285.29490218725,605.21508152241813,24.228470606794296,0.59004601197493922,1
5,2024-08-21,4499,191716.35658090207,437.85426408897979,17.634082323358026,0.027793659312757128,0,348412.86646466714,590.26508152241831,23.772254592123172,0.20215403389169254,0
5,2024-08-22,4500,217206.57707552036,466.05426408897961,18.559026126512411,0.50967267073566602,1,382499.0570625313,618.46508152241813,24.62826861749037,0.11125963960009667,0
5,2024-08-23,4501,214743.51197584911,463.40426408897997,18.472992927746304,0.053215790503039019,0,379228.21463046293,615.8150815224185,24.548646888537938,0.13086177284544212,0
5,2024-08-27,4502,211695.93383286166,460.10426408897979,18.365602797684055,0.085003318095957237,0,375174.72509241477,612.51508152241831,24.449259815284634,0.34101619780956277,1
5,2024-08-28,4503,223685.73591994835,472.9542640889797,18.782187525871876,0.73087706171209821,1,391081.48518754076,625.36508152241822,24.834799313864352,0.23392385360268117,0
5,2024-08-29,4504,219215.23291110306,468.2042640889797,18.628693341117618,0.14424116917744353,0,385163.07941307779,620.61508152241822,24.692744007894575,0.10522703253375332,0
