fold,date,row_index,squared_price_error_full,absolute_price_error_full,absolute_percentage_error_percent_full,brier_full,zero_one_full,squared_price_error_zero,absolute_price_error_zero,absolute_percentage_error_percent_zero,brier_zero,zero_one_zero
2,2009-08-28,1519,0.57300251565535121,0.75696929637558696,0.079263800667600734,0.68150878533081416,1,153125.24728829719,391.31221203573136,40.975100736725793,0.025322795154811915,0
2,2009-09-01,1520,35.167636194102087,5.9302307032780845,0.61469092544991799,0.13962105393588864,0,160850.89792299396,401.06221203573136,41.57162083811675,0.86042028812232463,1
2,2009-09-02,1521,561.59008350235194,23.69789196326019,2.4107723258657363,0.0068921569746615901,0,175822.73116229815,419.31221203573136,42.656379657754975,0.64438195611526028,1
2,2009-09-03,1522,895.52816490702367,29.925376604263874,3.0258216991166709,0.087951095371909177,0,180890.4777067269,425.31221203573136,43.004268153258984,0.11452664244945508,0
2,2009-09-04,1523,1888.2824835199347,43.454372432701575,4.3421806078142966,0.95783143507173552,1,191023.37718956661,437.06221203573136,43.673466103995139,0.99066137803410392,1
2,2009-09-08,1524,1823.4756423621832,42.70217374282231,4.2723535510577602,0.000276800810086574,0,189932.28415947728,435.81221203573136,43.603022714930603,7.327435294717521e-09,0
2,2009-09-09,1525,2243.0032566671207,47.360355326656077,4.7802528717291013,0.00069774254517869603,0,182382.13294885197,427.06221203573136,43.104941916298898,4.3893625583282005e-06,0
2,2009-09-10,1526,2596.3480700104583,50.954372432701575,5.0537438564544086,0.73255047837931042,1,197635.56037010258,444.56221203573136,44.092458421594976,0.99617859806402764,1
2,2009-09-11,1527,2208.2112029363343,46.991607792629679,4.7026877951092994,0.00068502351758030077,0,189714.4405534594,435.56221203573136,43.588912888239321,3.027538595547051e-10,0
2,2009-09-14,1528,1913.3282522842414,43.741607792629679,4.3917276900230604,3.4141128688744181e-06,0,186893.84867522714,432.31221203573136,43.40484056583648,9.2425010649050909e-09,0
2,2009-09-15,1529,5236.0210229999248,72.360355326656077,7.1238351293779063,0.7180358713293038,1,204360.24355063855,452.06221203573136,44.505263306495827,0.94614779722735409,1
2,2009-09-16,1530,4387.9506029525774,66.241607792629679,6.5038397439989861,0.54286745675112102,1,206854.14821683508,454.81221203573136,44.6551018199049,0.8463543704318508,1
2,2009-09-17,1531,3569.0597016483912,59.741607792629679,5.9033209281254626,0.40661592930617546,1,200983.83946037057,448.31221203573136,44.299625695230368,0.10616210322505888,0
2,2009-09-18,1532,3305.2849665815575,57.491607792629679,5.6936477140509707,0.021366977515109353,0,198971.49700620977,446.06221203573136,44.175509981255892,0.0011730835056743623,0
2,2009-09-24,1533,1539.9037821505744,39.241607792629679,3.957802097088218,0.59983481604607869,1,183023.28876690558,427.81221203573136,43.147979025288087,0.91720258422261625,1
2,2009-09-25,1534,2126.1648683504804,46.110355326656077,4.6599651669182496,0.89354284629563963,1,181316.03991876263,425.81221203573136,43.033068422004177,0.66231085347160645,1
2,2009-09-29,1535,11687.848928855834,108.11035532665608,10.281536407670574,0.65102420312523956,1,237960.75421119333,487.81221203573136,46.39203157734012,0.65025430979356691,1
2,2009-10-09,1536,11500.762441948211,107.24160779262968,10.121907295198648,0.052814892689143772,0,245829.74960376503,495.81221203573136,46.796810951933118,0.60946421664570816,1
2,2009-10-14,1537,10286.396378608762,101.42187327499312,9.6271355742755702,0.00031968296516537336,0,239916.00305933625,489.81221203573136,46.493802756120679,5.3733610060321901e-06,0
2,2009-10-15,1538,9105.3338993088455,95.421873274993118,9.1094867088298912,0.00090449262508814109,0,234074.25651490749,483.81221203573136,46.187323344699891,8.8617453469983786e-10,0
2,2009-10-16,1539,12027.919787646149,109.67187327499312,10.329349967034906,0.66336875404691531,1,248065.96705792582,498.06221203573136,46.909556113560754,0.97305891137826817,1
2,2009-10-20,1540,10337.16981524626,101.67187327499312,9.6485763487537959,0.044516041914178038,0,240160.97166535413,490.06221203573136,46.506496990342242,9.8820880867846146e-05,0
2,2009-10-21,1541,10185.22450533377,100.92187327499312,9.5842234829053297,0.015050359119084301,0,239426.44084730052,489.31221203573136,46.468396204722829,5.711943863460178e-08,0
2,2009-10-22,1542,11988.412177015045,109.49160779262968,10.312371819414144,2.4281835525749983e-05,0,248065.96705792582,498.06221203573136,46.909556113560754,0.23424386999062172,0
2,2009-10-23,1543,10351.354756229284,101.74160779262968,9.6529039651451303,0.88409572138026526,1,240406.065271372,490.31221203573136,46.519185202631057,0.096490094024315284,0
2,2009-10-26,1544,7096.6484834872454,84.241607792629679,8.1275067817298297,0.0088940483201084136,0,223551.38785012139,472.81221203573136,45.616228850528834,0.0018890220470588188,0
2,2009-10-27,1545,6318.9157094572638,79.491607792629679,7.7045415839718618,0.027174380529934837,0,219082.23433578195,468.06221203573136,45.365855297865892,0.3570476238402257,1
2,2009-10-28,1546,7786.5813458282828,88.241607792629679,8.4806927239432657,0.27175174469320801,1,227349.88554640725,476.81221203573136,45.82529668772046,0.96874037716847816,1
2,2009-10-29,1547,7698.5897380356537,87.741607792629679,8.4366930569836232,0.1037105816474969,0,226873.32333437153,476.31221203573136,45.799251157281859,0.44371819037989868,1
2,2009-10-30,1548,18972.75051729862,137.74160779262968,12.636844751617401,0.96530783188025526,1,277004.54453794466,526.31221203573136,48.28552403997535,0.99223839990487284,1
2,2009-11-04,1549,20122.642309957399,141.854299582203,13.026106481377687,0.23486896169920787,0,275952.9201138732,525.31221203573136,48.238035999608023,0.67117664883278372,1
2,2009-11-05,1550,24305.325778364047,155.90165418738843,14.214876151118162,0.61906179840130326,1,284155.32190042705,533.06221203573136,48.603803240094038,0.85172935812258654,1
2,2009-11-06,1551,27523.358862111818,165.90165418738843,14.989984566287637,0.0027147094711466408,0,294916.56614114164,543.06221203573136,49.068191735778754,0.77114987452971462,1
2,2009-11-09,1552,25651.086539829153,160.15956587050664,14.540133079483128,7.7442880577092033e-05,0,289241.97541476646,537.81221203573136,48.825439131705075,3.3738111986743712e-10,0
2,2009-11-10,1553,30244.537101268088,173.90956587050664,15.593774119749531,0.010481053895261359,0,304220.87374574906,551.56221203573136,49.456374089731575,0.99902150617445673,1
2,2009-11-11,1554,33845.909493962965,183.97257810326778,16.503483122069323,0.40417536689284439,1,303669.56153371336,551.06221203573136,49.433703703586581,2.1828663351987402e-08,0
2,2009-11-12,1555,30006.061564742704,173.22257810326778,15.690450915151066,0.17698371507731836,0,291937.28647494514,540.31221203573136,48.941323553961176,0.0084548166228667222,0
2,2009-11-13,1556,39689.635626112628,199.22257810326778,17.630316646306884,0.97997262829048926,1,320709.52150080318,566.31221203573136,50.116124958914277,0.99292384007612833,1
2,2009-11-16,1557,42466.382595467367,206.07373096896015,18.160275917070734,0.002113989083254165,0,326112.05001514259,571.06221203573136,50.324936068361438,0.96409349828537971,1
2,2009-11-17,1558,48542.546428082729,220.32373096896015,19.175259440292443,0.80709747853111036,1,342590.38555816095,585.31221203573136,50.941010621038416,0.99855597607613489,1
2,2009-11-18,1559,47736.276744135619,218.4863307947104,19.241420589582596,0.18438293242808201,0,326969.20583319623,571.81221203573136,50.357746546519714,0.0074433413994799726,0
2,2009-11-19,1560,49722.903721288014,222.9863307947104,19.560204455676349,0.012694120755984938,0,332135.76574151777,576.31221203573136,50.553702810151876,0.95095495450269651,1
2,2009-11-20,1561,60632.330603242044,246.2363307947104,21.16796310291944,0.4171598297481906,1,359474.84610117931,599.56221203573136,51.54199114856921,0.98150232708882457,1
2,2009-11-24,1562,69030.379519467489,262.7363307947104,22.270509073507981,0.015430238624250948,0,379532.64909835841,616.06221203573136,52.219725538099716,0.92208845221043323,1
2,2009-11-25,1563,62243.429253407659,249.4863307947104,21.38759801069099,0.82739373545206019,1,363382.56297941157,602.81221203573136,51.677000603148848,0.00059858103932405133,0
2,2009-11-27,1564,66944.488873109804,258.7363307947104,22.006066833485892,0.0047717641977156099,0,374620.15140207257,612.06221203573136,52.057173041525097,0.93246937583863143,1
2,2009-11-30,1565,75892.718454732603,275.4863307947104,23.101579102281793,0.64101684702985484,1,395404.79800526961,628.81221203573136,52.73058381850997,0.97381745173504874,1
2,2009-12-01,1566,87312.171686521018,295.4863307947104,24.37000666348127,0.071529416714930003,0,420957.28648669884,648.81221203573136,53.510285528720111,0.98861084661418352,1
2,2009-12-02,1567,85110.086705560694,291.7363307947104,24.135373798941913,0.038407615293917341,0,416105.25739643082,645.06221203573136,53.36605683853,0.00072925844049871865,0
2,2009-12-03,1568,74658.092466156406,273.2363307947104,22.956213467314463,0.850682744266407,1,392580.20555110881,626.56221203573136,52.641227644253838,0.27519003952729038,1
2,2009-12-04,1569,50844.085375261566,225.4863307947104,19.73622151376021,0.055806563700057307,0,335023.57680169644,578.81221203573136,50.661900397000558,6.4765143299035906e-06,0
2,2009-12-07,1570,52778.781687016599,229.7363307947104,20.033689190731234,0.25554022878515892,1,339961.54310400016,583.06221203573136,50.84475361113855,0.48721946997105892,1
2,2009-12-08,1571,50169.876382877432,223.9863307947104,19.630703838274354,0.0028390042304388729,0,333289.39016558923,577.31221203573136,50.597038741080745,0.20817907556040285,0
2,2009-12-09,1572,44726.468113009672,211.4863307947104,18.740481240116118,0.028547029987123607,0,319012.83486469596,564.81221203573136,50.049819409457811,0.15001677025296467,0
2,2009-12-10,1573,42843.341135857278,206.9863307947104,18.41515398529452,0.085072333585293494,0,313949.77495637437,560.31221203573136,49.84984092844585,0.023993835046709291,0
2,2009-12-11,1574,38053.760514150243,195.07373096896015,17.359175169651625,0.60740160051141023,1,313669.68135035649,560.06221203573136,49.838684052122922,0.25558319735821905,1
2,2009-12-14,1575,37374.064955758884,193.32373096896015,17.230279052491994,0.20869175117627717,0,311712.52610823145,558.31221203573136,49.760446705501906,0.99337197981672476,1
2,2009-12-15,1576,42734.224297661647,206.72257810326778,18.173413459627938,0.9450216082906161,1,329260.45468133915,573.81221203573136,50.445029629514849,0.18757545806036399,0
2,2009-12-16,1577,35465.82764606928,188.32373096896015,16.859778958725169,0.00029470155189828258,0,306154.40398787416,553.31221203573136,49.535560611972365,0.00021367062729126348,0
2,2009-12-17,1578,30179.534142845972,173.72257810326778,15.728617302242442,0.3321395438626728,1,292477.84868698084,540.81221203573136,48.964437486259065,0.51727694999960916,1
2,2009-12-18,1579,30527.979299052509,174.72257810326778,15.804846504140007,0.010310693673875944,0,293560.4731110523,541.81221203573136,49.010602626479546,0.089788705915743186,0
2,2009-12-21,1580,23477.158440611995,153.22257810326778,14.134924179268246,0.71951950084663696,1,270724.79799351585,520.31221203573136,47.99928155311175,0.81506000858801242,1
2,2009-12-22,1581,26781.863918268569,163.65165418738843,14.816808889759026,0.02750548187708084,0,292477.84868698084,540.81221203573136,48.964437486259065,0.22184020846954439,0
2,2009-12-24,1582,30702.951877155778,175.22257810326778,15.842909412592023,0.92946553810187915,1,294102.53532308806,542.31221203573136,49.033653891114952,0.85093346253252145,1
2,2009-12-29,1583,24561.96648733487,156.72257810326778,14.411271549725774,0.17176598250509936,0,274379.23347776599,523.81221203573136,48.166640187193686,0.85325191254776678,1
2,2009-12-30,1584,32635.020160639775,180.65165418738843,16.108038714880824,0.47680066865073945,1,311154.46389619575,557.81221203573136,49.738048331318005,0.98899421693920464,1
2,2010-01-04,1585,33091.090155196194,181.90956587050664,16.194931303851025,0.41218024926390584,1,313109.86913832079,559.56221203573136,49.816355400465731,0.26944971201983303,1
2,2010-01-05,1586,39689.635626112628,199.22257810326778,17.630316646306884,0.50857643669585495,1,320709.52150080318,566.31221203573136,50.116124958914277,0.86607457981820424,1
2,2010-01-06,1587,39789.309415164265,199.47257810326778,17.648535996750081,0.68756978785889777,1,320992.740106821,566.56221203573136,50.127158773344959,0.83919624899940581,1
2,2010-01-07,1588,38405.251368441386,195.97257810326778,17.392729363502799,0.7056771318278986,1,317039.05462257093,563.06221203573136,49.972239807919358,0.76107342769961361,1
2,2010-01-08,1589,48608.157695501512,220.47257810326778,19.150712538828905,0.28548833370325361,1,345229.35301232175,587.56221203573136,51.036891382039641,0.96580136666180383,1
2,2010-01-12,1590,39431.52663093296,198.57373096896015,17.615766774802406,0.72045520671137053,1,317602.36683460663,563.56221203573136,49.994429987645276,0.032599266732303372,0
2,2010-01-13,1591,43921.148712250084,209.57373096896015,18.411924530547783,0.89858707247659342,1,330121.73549939273,574.56221203573136,50.477681707509895,0.95151922289515134,1
2,2010-01-14,1592,39729.949727386404,199.32373096896015,17.670543525617035,0.052671373330541914,0,318448.27265266021,564.31221203573136,50.027678371962004,0.13430371033168112,0
2,2010-01-15,1593,41748.187037076008,204.32373096896015,18.033868576254207,0.72290473420912271,1,324116.39477301756,569.31221203573136,50.248209358846537,0.95397742439001554,1
2,2010-01-19,1594,41305.006154896953,203.2363307947104,18.142051398769059,0.67076522642452063,1,309761.49586610642,556.56221203573136,49.681964921734554,0.48593339414969072,1
2,2010-01-20,1595,32246.724854112475,179.57373096896015,16.203359437758643,0.85680969289971853,1,296548.00277724885,544.56221203573136,49.137127185719045,0.29686359083966973,1
2,2010-01-21,1596,24125.461402117911,155.32373096896015,14.328757469461268,0.86968263492507469,1,270724.79799351585,520.31221203573136,47.99928155311175,0.60586799944610337,1
2,2010-01-22,1597,27051.22894793552,164.47257810326778,15.016898251839104,0.036523955087587587,0,282558.38526431983,531.56221203573136,48.533413561810669,0.66888944476904677,1
2,2010-01-25,1598,26887.006369832252,163.97257810326778,14.97808432091964,0.36675603479527152,1,282027.07305228407,531.06221203573136,48.509907470722204,0.45613179901916773,1
2,2010-01-27,1599,21821.960081476049,147.72257810326778,13.697040157929328,0.0093038314160031471,0,265031.6136611228,514.81221203573136,47.734094764555529,0.0061377495754982121,0
2,2010-01-29,1600,21214.404367522588,145.65165418738843,13.405582529902293,0.0015910466430467155,0,273332.60905369453,522.81221203573136,48.118933459340205,0.032598115476935641,0
2,2010-02-01,1601,28951.585422704618,170.15165418738843,15.315180394904448,0.0074204477262117333,0,299550.65744344535,547.31221203573136,49.263025385754403,0.25885950905848537,1
2,2010-02-02,1602,34030.132072066233,184.47257810326778,16.540917113047996,0.98543659818855978,1,304220.87374574906,551.56221203573136,49.456374089731575,0.6464128113665859,1
2,2010-02-03,1603,23247.887073457092,152.47257810326778,14.075474553728851,1.0390074949154813e-05,0,269944.89217546227,519.56221203573136,47.96327828624338,0.048135937392167906,0
2,2010-02-04,1604,16185.584379242069,127.22257810326778,12.02481834624459,0.43325464895095889,1,244344.56296765784,494.31221203573136,46.721381099785575,0.81864101137496881,1
2,2010-02-05,1605,12431.698791572288,111.49752818593015,10.479090994918247,0.01499901542710725,0,250312.30951208662,500.31221203573136,47.021824439448437,0.031266181744861336,0
2,2010-02-08,1606,14382.231464185508,119.92594158140059,11.19495370654848,0.29778307770050511,1,257619.39908660471,507.56221203573136,47.380369851643536,0.27561788083169247,1
2,2010-02-09,1607,13965.553168650606,118.17594158140059,11.049643906629321,0.023791376073679885,0,255845.99384447967,505.81221203573136,47.294269475056694,0.066936656573983636,0
2,2010-02-10,1608,26871.714323348759,163.92594158140059,14.698582522430002,0.94289120223451783,1,304220.87374574906,551.56221203573136,49.456374089731575,0.67719356812222709,1
2,2010-02-22,1609,31054.397033362311,176.22257810326778,15.918932077982637,0.89035672948287925,1,295188.15974715952,543.31221203573136,49.079693950833907,0.97669886645352322,1
2,2010-02-23,1610,26293.158955706404,162.15165418738843,14.700965928140382,0.79439489052662471,1,290857.66205087368,539.31221203573136,48.895032822822429,0.12450442076101466,0
2,2010-02-24,1611,23608.830834520802,153.65165418738843,14.038524822968334,0.11912200044130801,0,281761.60444626625,530.81221203573136,48.498146371469289,0.014361427599362793,0
2,2010-02-25,1612,28023.313824673984,167.40165418738843,15.105044366107686,0.7129150681060763,1,296548.00277724885,544.56221203573136,49.137127185719045,0.93259267897863107,1
2,2010-02-26,1613,34284.064833354489,185.15956587050664,16.436712460764017,0.59105718536903296,1,316757.58601655305,562.81221203573136,49.961137331178996,0.90754197277582616,1
2,2010-03-02,1614,42321.77914145511,205.72257810326778,18.101414703323165,0.0035638462920212174,0,328113.83025726769,572.81221203573136,50.401426487965807,0.87765273139882083,1
2,2010-03-03,1615,42363.408229982888,205.82373096896015,18.142241601494945,0.18134209136708823,0,325826.58140912472,570.81221203573136,50.313989602091794,0.47527221139743503,1
2,2010-03-04,1616,42569.481960951845,206.32373096896015,18.178302288014109,0.00071415086486694768,0,326397.64362116047,571.31221203573136,50.335877712399238,0.062758168180008261,0
2,2010-03-05,1617,38838.05543802608,197.07373096896015,17.505994312143915,0.0005495397432849808,0,315913.93019849947,562.06221203573136,49.927800314077849,1.0157420162760893e-05,0
2,2010-03-08,1618,34996.580818646878,187.07373096896015,16.766635085723518,0.0017081698912581099,0,304772.68595778482,552.06221203573136,49.47902415735885,2.9605088387670506e-05,0
2,2010-03-09,1619,36796.343762852004,191.82373096896015,17.11947621320483,0.14865382376269534,0,310039.83947212424,556.81221203573136,49.693191614076873,0.64311543114821967,1
2,2010-03-10,1620,30738.410640876315,175.32373096896015,15.880772732695666,0.20748278919615865,0,291937.28647494514,540.31221203573136,48.941323553961176,1.9853126032935381e-05,0
2,2010-03-11,1621,31532.429930236638,177.57373096896015,16.051862686459675,0.55830999736416542,1,294373.75392910594,542.56221203573136,49.045171709444638,0.52793807920287616,1
2,2010-03-12,1622,30826.135006360797,175.57373096896015,15.899817158158038,0.072030636612349624,0,292207.50508096302,540.56221203573136,48.952883136584227,0.20693683332922669,0
2,2010-03-15,1623,37277.465590274398,193.07373096896015,17.211832491104094,0.8328138643308205,1,311433.43250221357,558.06221203573136,49.749250014328631,0.38065365951150698,1
2,2010-03-17,1624,37664.61305221232,194.07373096896015,17.285569447246509,0.87884649761508871,1,312550.55692628503,559.06221203573136,49.794006861343256,0.79369381424498775,1
2,2010-03-18,1625,31266.631833783198,176.82373096896015,15.994910083126202,0.021819622741578282,0,293560.4731110523,541.81221203573136,49.010602626479546,0.55212235415117294,1
2,2010-03-19,1626,29868.041986031516,172.82373096896015,15.689853015793023,0.080478444602023844,0,289241.97541476646,537.81221203573136,48.825439131705075,0.0022749517411343209,0
2,2010-03-23,1627,27002.288559559194,164.32373096896015,15.034193135311998,0.1920965763425391,0,280171.41781015904,529.31221203573136,48.427466791924189,0.10408227262276376,0
2,2010-03-25,1628,27463.972893193688,165.72257810326778,15.113778212792321,0.28297920111141162,1,283888.85329440917,532.81221203573136,48.592085000978692,0.82541498071062447,1
2,2010-03-26,1629,31230.86961146558,176.72257810326778,15.956891928060296,0.25500578432541821,1,295731.72195919527,543.81221203573136,49.102682802323372,0.62888193809544446,1
2,2010-03-29,1630,29757.275125936514,172.50297135393498,15.582924241547873,0.0041046808271345426,0,295188.15974715952,543.31221203573136,49.079693950833907,0.0018945429886219644,0
2,2010-03-30,1631,32762.075638953407,181.00297135393498,16.226174034418197,0.61160571738921299,1,304496.71735176694,551.81221203573136,49.467701661652299,0.6152128652788057,1
2,2010-03-31,1632,41646.087671591522,204.07373096896015,18.015778500901359,0.080996758654573203,0,323831.80116699968,569.06221203573136,50.237229047515463,0.51762066895655645,1
2,2010-04-06,1633,45507.014194517287,213.32373096896015,18.679836337036789,0.38160404925744013,1,334445.01458966068,578.31221203573136,50.640298777209402,0.63782078918002139,1
2,2010-04-07,1634,48102.898966144807,219.32373096896015,19.104854614020919,0.59011272139383342,1,341420.76113408949,584.31221203573136,50.898276309732694,0.99334074976466469,1
2,2010-04-08,1635,50097.062544865454,223.82373096896015,19.420714183857712,0.00027183906183704076,0,346699.82104241109,588.81221203573136,51.089996705920292,0.93975491481358719,1
2,2010-04-09,1636,58436.453626089649,241.7363307947104,20.861819270309422,0.91393063268516717,1,354099.03619285772,595.06221203573136,51.353804706427731,0.99965975686783226,1
2,2010-04-12,1637,53470.240679400733,231.2363307947104,20.138152039600296,0.0038157962535967246,0,341712.97974010737,584.56221203573136,50.908966865728836,8.5201046436707124e-08,0
2,2010-04-13,1638,56399.757314334609,237.4863307947104,20.570492056709433,0.33575335201029011,1,349059.069890554,590.81221203573136,51.174726031678766,0.98886654825888076,1
2,2010-04-15,1639,54983.839329566348,234.4863307947104,20.363554563153315,0.0028805126362169702,0,345523.19661833963,587.81221203573136,51.047521670493389,3.5138780477022739e-07,0
2,2010-04-16,1640,48064.568740327682,219.2363307947104,19.294726582592777,0.0003308549129151249,0,327827.48665124981,572.56221203573136,50.390513710515414,5.0735709023137678e-06,0
2,2010-04-19,1641,51863.836363837756,227.7363307947104,19.893979540922508,0.10347843651570247,0,337633.29425585724,581.06221203573136,50.758874167786097,0.014488734180329792,0
2,2010-04-20,1642,51069.821706056275,225.9863307947104,19.771332527971165,0.12319956166847099,0,335602.6390137322,579.31221203573136,50.68348311773677,0.094169546226909373,0
2,2010-04-21,1643,46974.637086354131,216.7363307947104,19.116765670977763,0.22304724717475735,0,324970.92559107114,570.06221203573136,50.281121237991741,0.073167508801041614,0
2,2010-04-22,1644,49500.167390493298,222.4863307947104,19.52490836285304,0.74885027956676342,1,331559.70352948207,575.81221203573136,50.532006321696478,0.89650082802012376,1
2,2010-04-23,1645,56399.757314334609,237.4863307947104,20.570492056709433,0.94034923648411117,1,349059.069890554,590.81221203573136,51.174726031678766,0.80149620496696727,1
2,2010-04-26,1646,54049.894006387505,232.4863307947104,20.224996154389768,0.14080052909959834,0,343175.94777019665,585.81221203573136,50.962349894365502,0.84880063442341624,1
2,2010-04-27,1647,59529.329614665847,243.9863307947104,21.01518783761502,0.36523856121962628,1,356781.87864701852,597.31221203573136,51.448080278702101,0.02036395513087124,0
2,2010-04-28,1648,68767.893188672781,262.2363307947104,22.237551901183835,0.80981822243306267,1,378916.83688632271,615.56221203573136,52.19946678276289,0.80632222005294141,1
2,2010-04-30,1649,71950.729158209302,268.2363307947104,22.631202766902376,0.44158867630507276,1,386339.58343075146,621.56221203573136,52.4414437490598,0.57242086046553242,1
2,2010-05-06,1650,81359.764405229449,285.2363307947104,23.725209465145387,0.93116927728625642,1,407761.69863996631,638.56221203573136,53.113929052670528,0.99692559028142402,1
2,2010-05-07,1651,78112.609101090289,279.4863307947104,23.358656982424606,0.00029333463842468711,0,400451.29570155544,632.81221203573136,52.888609447198611,1.724084395534133e-09,0
2,2010-05-10,1652,93321.898302415226,305.4863307947104,24.988656915722732,0.97496368696802871,1,434033.53072741348,658.81221203573136,53.890569491675365,0.99995905380338812,1
2,2010-05-11,1653,102711.48822625654,320.4863307947104,25.897885316744272,0.84930792642543695,1,454022.89708848542,673.81221203573136,54.449471679655062,0.97280414631893597,1
2,2010-05-12,1654,102711.48822625654,320.4863307947104,25.897885316744272,0.0062857109898303608,0,454022.89708848542,673.81221203573136,54.449471679655062,4.4125981119267909e-05,0
2,2010-05-13,1655,102071.51556466712,319.4863307947104,25.837956392617095,0.0062543673661213774,0,452676.27266441396,672.81221203573136,54.412633403617583,4.4803403075535295e-05,0
2,2010-05-14,1656,101752.27923387241,318.9863307947104,25.80795556591508,0.98004383815384,1,452003.7104523782,672.31221203573136,54.394191912276,0.015855142757063592,0
2,2010-05-17,1657,89841.867998276051,299.7363307947104,24.634175532747925,0.97841252921532884,1,426490.25278900255,653.06221203573136,53.672669984444745,0.76697353330780627,1
2,2010-05-18,1658,77276.400108706148,277.9863307947104,23.262454459808403,0.0014790503387462986,0,398555.10906544823,631.31221203573136,52.829473810521456,0.00018624938037674574,0
2,2010-05-19,1659,75617.482123937894,274.9863307947104,23.069323053247519,0.038902031561592922,0,394776.23579323385,628.31221203573136,52.710756043266052,0.00040860146250335069,0
2,2010-05-20,1660,69030.379519467489,262.7363307947104,22.270509073507981,0.44458151780573013,1,379532.64909835841,616.06221203573136,52.219725538099716,0.094973225735855468,0
2,2010-05-21,1661,72892.618815990791,269.9863307947104,22.745267969225814,0.026556950784635252,0,388518.11367287656,623.31221203573136,52.511559564931034,0.60229515671861122,1
2,2010-05-24,1662,79093.873758871778,281.2363307947104,23.470588841619897,0.21923711364857276,0,402669.20094368048,634.56221203573136,52.957413898245889,0.0021620120053893166,0
2,2010-05-25,1663,87016.935355726309,294.9863307947104,24.338806171180728,0.011178643240726569,0,420308.72427466308,648.31221203573136,53.491106603608195,0.29045642181417619,1
2,2010-05-26,1664,84382.308378573915,290.4863307947104,24.056838989209972,0.39026603000269033,1,414494.16436634155,643.81221203573136,53.317781535050216,0.61044779806067451,1
2,2010-05-28,1665,96557.067275759691,310.7363307947104,25.309414033370832,0.00011418818785941373,0,440978.62145378866,664.06221203573136,54.087738711930875,0.022838542688649797,0
2,2010-06-01,1666,88795.853340494577,297.9863307947104,24.525623933721018,0.20392013265296335,0,424207.59754687751,651.31221203573136,53.605943377426449,0.010217073569375304,0
2,2010-06-02,1667,88795.853340494577,297.9863307947104,24.525623933721018,0.1698416592532716,0,424207.59754687751,651.31221203573136,53.605943377426449,0.72216056746352886,1
2,2010-06-03,1668,82074.417732216229,286.4863307947104,23.80443130824349,0.00154961855661498,0,409359.66667005565,639.81221203573136,53.162626675175019,0.0002556708924671425,0
2,2010-06-04,1669,88795.853340494577,297.9863307947104,24.525623933721018,0.50651409881110343,1,424207.59754687751,651.31221203573136,53.605943377426449,0.70621112355530802,1
2,2010-06-07,1670,108232.00584976662,328.9863307947104,26.403397335048989,0.77554116339260559,1,465549.95469309285,682.31221203573136,54.760209633686308,0.91846825229848628,1
2,2010-06-08,1671,100163.59757989885,316.4863307947104,25.657586606786413,0.43393444088148392,1,448648.39939219953,669.81221203573136,54.301760197465043,0.16151598378086288,0
2,2010-06-09,1672,90292.034994468122,300.4863307947104,24.680602118662044,0.12911447288122327,0,427470.40860705613,653.81221203573136,53.701208380758224,0.076772393813759526,0
2,2010-06-10,1673,91800.716648441681,302.9863307947104,24.834945147107408,0.58669015498209665,1,430745.71966723481,656.31221203573136,53.796082953748467,0.94394119906384089,1
2,2010-06-11,1674,107575.0331881772,327.9863307947104,26.344283597968705,0.90136411289732177,1,464186.33026902139,681.31221203573136,54.723872452669184,0.99083685829304247,1
2,2010-06-17,1675,114911.73246566083,338.9863307947104,26.989357547349552,0.093085501266265067,0,479296.19893380743,692.31221203573136,55.120399047430844,0.50874970665406205,1
2,2010-06-18,1676,113897.0234732767,337.4863307947104,26.902059050993255,0.00015179139926720374,0,477221.51229770028,690.81221203573136,55.066736710699992,0.00051544816275883468,0
2,2010-06-21,1677,101752.27923387241,318.9863307947104,25.80795556591508,0.0001205716481053441,0,452003.7104523782,672.31221203573136,54.394191912276,0.00023548969153562154,0
2,2010-06-22,1678,95781.788948772912,309.4863307947104,25.233292359943775,6.0595696331981393e-05,0,439320.02842369932,662.81221203573136,54.040946761983797,1.0731882251682319e-05,0
2,2010-06-23,1679,101911.83489926976,319.2363307947104,25.822959012716716,0.041303782008497228,0,452339.92905839608,672.56221203573136,54.403414522607186,0.00047312661799526784,0
2,2010-06-24,1680,113559.78714248198,336.9863307947104,26.872913141523959,0.23908368666093302,0,476530.95008566452,690.31221203573136,55.048820736501703,0.50068071809991377,1
2,2010-06-25,1681,118326.59577360793,343.9863307947104,27.278852561039685,0.010010410601465255,0,486244.32105416479,697.31221203573136,55.29835146992319,0.49101896976881765,1
2,2010-06-28,1682,100797.57024148827,317.4863307947104,25.717807273771598,0.42867843948114309,1,449989.02381627099,670.81221203573136,54.338777807673665,0.00011401933915779199,0
2,2010-06-29,1683,106920.06052658777,326.9863307947104,26.285074822725917,0.55299785614673946,1,462824.70584494993,680.31221203573136,54.687476851746894,0.91439080466485056,1
2,2010-06-30,1684,80932.472409037393,284.4863307947104,23.677597236347101,0.12503080356575447,0,406804.41782191274,637.81221203573136,53.084661842341355,0.11629246586078056,0
2,2010-07-02,1685,77276.400108706148,277.9863307947104,23.262454459808403,0.15959312843335127,0,398555.10906544823,631.31221203573136,52.829473810521456,0.23208409346927406,0
2,2010-07-06,1686,76306.510450924674,276.2363307947104,23.149912490652451,0.8495200139863297,1,396348.57882332319,629.56221203573136,52.760294325223668,0.23326302144698322,0
2,2010-07-07,1687,76444.691116322021,276.4863307947104,23.16601012104821,0.47107979297439223,1,396663.42242934107,629.81221203573136,52.770189529596259,0.78576316691269898,1
2,2010-07-08,1688,85110.086705560694,291.7363307947104,24.135373798941913,0.32763730265841751,1,416105.25739643082,645.06221203573136,53.36605683853,0.078517895398232687,0
2,2010-07-09,1689,83224.363055395079,288.4863307947104,23.93084452880219,5.5901447249494766e-06,0,411922.91551819857,641.81221203573136,53.240332810927526,0.00038504045882171647,0
2,2010-07-12,1690,89392.826002083995,298.9863307947104,24.587691677196581,0.7978689242265733,1,425511.22197094897,652.31221203573136,53.644096384517383,0.11077166275422211,0
2,2010-07-13,1691,84092.072047779206,289.9863307947104,24.025379519031517,0.039772380687891101,0,413850.60215430579,643.31221203573136,53.29844341638205,0.01612773094789181,0
2,2010-07-14,1692,84673.044709368623,290.9863307947104,24.088272416780661,0.11278391259164029,0,415138.22657837725,644.31221203573136,53.337103645341998,0.86160904803081095,1
2,2010-07-15,1693,74112.619804566988,272.2363307947104,22.891429959614076,0.88232374255070833,1,391328.08112703735,625.56221203573136,52.6014052584176,0.28701830478500062,1
2,2010-07-16,1694,70748.728169633105,265.9863307947104,22.484051630998341,0.83496585785567801,1,383547.61597659066,619.31221203573136,52.350990028379663,0.22254342439029073,0
2,2010-07-20,1695,75342.745793143185,274.4863307947104,23.037039932413798,0.0071591575491670757,0,394148.17358119809,627.81221203573136,52.690911627002215,0.14951729831910643,0
2,2010-07-21,1696,79798.527085858543,282.4863307947104,23.550340207979193,0.091755835630562901,0,404257.16897376982,635.81221203573136,53.006437018401954,0.83713266777552409,1
2,2010-07-22,1697,74794.773131553768,273.4863307947104,22.972392338908897,0.24974531312212506,0,392893.54915712663,626.81221203573136,52.651172787545683,0.10606730489222636,0
2,2010-07-23,1698,71014.964500427814,266.4863307947104,22.516800236139449,0.45844006846366858,1,384167.17818862642,619.81221203573136,52.371120577586098,0.016709619203041069,0
2,2010-07-26,1699,62994.138245791793,250.9863307947104,21.488555718725205,0.46377425717553217,1,365193.24961551873,604.31221203573136,51.739059249634536,0.14211215955574313,0
2,2010-07-27,1700,57593.438968308161,239.9863307947104,20.742120206975834,0.78666237279914097,1,352019.38095073268,593.31221203573136,51.280225759354479,0.60110443818511738,1
2,2010-07-28,1701,60263.538607049981,245.4863307947104,21.117103724276163,0.10885997872127243,0,358576.06528312567,598.81221203573136,51.510727917052158,0.47670840230864064,1
2,2010-07-29,1702,63497.110907381211,251.9863307947104,21.555716919992335,0.041977695611893559,0,366402.87403959018,605.31221203573136,51.780343202372222,0.13709745368994705,0
2,2010-07-30,1703,73704.827808374917,271.4863307947104,22.842770786260864,0.20375158711731975,0,390390.30030898371,624.81221203573136,52.571494491857919,0.016309921791040297,0
2,2010-08-02,1704,73162.8551467855,270.4863307947104,22.777796277449298,0.0065357449818876133,0,389141.67588491226,623.81221203573136,52.531554697745797,0.39108785703578275,1
2,2010-08-03,1705,79798.527085858543,282.4863307947104,23.550340207979193,0.0063996163813550746,0,404257.16897376982,635.81221203573136,53.006437018401954,0.47307550589018926,1
2,2010-08-04,1706,75892.718454732603,275.4863307947104,23.101579102281793,0.63419929425975574,1,395404.79800526961,628.81221203573136,52.73058381850997,0.94854818440288236,1
2,2010-08-05,1707,84527.614043971276,290.7363307947104,24.072558956299765,0.6757803889872217,1,414816.13297235937,644.06221203573136,53.327444590000525,0.87057619571357503,1
2,2010-08-06,1708,81788.18140142152,285.9863307947104,23.772762327074844,2.7284723302970623e-05,0,408720.10445801995,639.31221203573136,53.14315977021873,4.4265058457598215e-07,0
2,2010-08-09,1709,75892.718454732603,275.4863307947104,23.101579102281793,0.041419164790341988,0,395404.79800526961,628.81221203573136,52.73058381850997,0.3082784493654811,1
2,2010-08-10,1710,83224.363055395079,288.4863307947104,23.93084452880219,0.88395194122762932,1,411922.91551819857,641.81221203573136,53.240332810927526,0.47137070860892066,1
2,2010-08-11,1711,87607.908017315727,295.9863307947104,24.40118143402394,0.044220301090683714,0,421606.34869873454,649.31221203573136,53.529448642681899,0.0034142204951592221,0
2,2010-08-12,1712,88349.436344302507,297.2363307947104,24.479006036212507,0.091188214161769199,0,423231.19172882388,650.56221203573136,53.577287381983233,0.45079757053107589,1
2,2010-08-13,1713,93933.870964004644,306.4863307947104,25.049965737205593,0.28597926612706642,1,435352.15515148494,659.81221203573136,53.928255989843187,0.98995462000654444,1
2,2010-08-16,1714,95472.552617978203,308.9863307947104,25.202800227953542,0.49822518014594841,1,438657.46621166356,662.31221203573136,54.022203265557209,0.72473169218657918,1
2,2010-08-17,1715,90592.771325262831,300.9863307947104,24.711521411716781,0.89825576676100205,1,428124.47081909189,654.31221203573136,53.720214452851508,0.27930916236123338,1
2,2010-08-18,1716,95472.552617978203,308.9863307947104,25.202800227953542,0.78916205612735457,1,438657.46621166356,662.31221203573136,54.022203265557209,0.96165750971176678,1
2,2010-08-23,1717,93016.661971620517,304.9863307947104,24.957964876817545,0.091409246022322393,0,433374.96851537772,658.31221203573136,53.871703112580306,0.00071135242435764099,0
2,2010-08-24,1718,102711.48822625654,320.4863307947104,25.897885316744272,0.63667019860185647,1,454022.89708848542,673.81221203573136,54.449471679655062,0.39133168061368229,1
2,2010-08-25,1719,102391.25189546183,319.9863307947104,25.867932966427681,0.58409838442850226,1,453349.33487644966,673.31221203573136,54.431059986720399,0.0011083091242704206,0
2,2010-08-26,1720,101115.30657228299,317.9863307947104,25.747881036008941,0.0024567313403836056,0,450660.08602830674,671.31221203573136,54.357264132447881,0.29276206490094642,1
2,2010-08-27,1721,108232.00584976662,328.9863307947104,26.403397335048989,0.91004336670279384,1,465549.95469309285,682.31221203573136,54.760209633686308,0.87241137244712408,1
2,2010-08-31,1722,108561.24218056133,329.4863307947104,26.432918635756952,0.42074501115793878,1,466232.51690512855,682.81221203573136,54.778356360668376,0.5412594946362127,1
2,2010-09-01,1723,109883.18750374016,331.4863307947104,26.550767384438156,0.15424167444425899,0,468967.76575327147,684.81221203573136,54.85079792036295,0.28006373599530526,1
2,2010-09-02,1724,104643.40621102481,323.4863307947104,26.07709236555505,0.12985460184447289,0,458074.7703606998,676.81221203573136,54.559630152013817,0.90067499083312241,1
2,2010-09-03,1725,115420.77446185288,339.7363307947104,27.032928648872918,0.13463924968934965,0,480335.22975186107,693.06221203573136,55.147182179091416,0.56003909830536958,1
2,2010-09-07,1726,114234.75980407141,337.9863307947104,26.931181736630311,0.14066844240737034,0,477912.57450973598,691.31221203573136,55.084638409221618,0.00043007449342484066,0
2,2010-09-08,1727,114234.75980407141,337.9863307947104,26.931181736630311,0.0076873207434514437,0,477912.57450973598,691.31221203573136,55.084638409221618,0.22003804049559306,0
2,2010-09-09,1728,106756.62986119042,326.7363307947104,26.270257752338523,0.002121280631632411,0,462484.61223893205,680.06221203573136,54.678368806892976,0.83293659543693499,1
2,2010-09-13,1729,121442.72275076032,348.4863307947104,27.537442180538157,0.36149848422663805,1,492540.38096248638,701.81221203573136,55.457306363945577,0.52435567682615702,1
2,2010-09-14,1730,122490.43174314445,349.9863307947104,27.623230528390717,0.23108813299161721,0,494648.06759859354,703.31221203573136,55.510040413238471,0.25990440717689817,1
2,2010-09-15,1731,126370.53138188626,355.4863307947104,27.936057429839718,0.68618106616368668,1,502414.75193098659,708.81221203573136,55.70233493404568,0.89384549934202762,1
2,2010-09-16,1732,127439.24037427039,356.9863307947104,28.020905085927033,0.88045990342090419,1,504543.43856709381,710.31221203573136,55.754490740638253,0.98226632128203395,1
2,2010-09-17,1733,128154.21303585982,357.9863307947104,28.077359278016502,0.62252611901414967,1,505965.06299116526,711.31221203573136,55.789193100841672,0.0070993992804959218,0
2,2010-09-21,1734,144389.61159082709,379.9863307947104,29.297326969522775,0.038468265795067944,0,537746.80032073741,733.31221203573136,56.539106556340123,0.065877958847353313,0
2,2010-09-27,1735,142118.69360605881,376.9863307947104,29.133410416901885,0.57341603290988985,1,533355.9270485231,730.31221203573136,56.438347143410461,0.0012792975573067493,0
2,2010-09-28,1736,152479.57453751599,390.4863307947104,29.865111341851659,0.00084602613341917419,0,553256.60677348776,743.81221203573136,56.888123291451734,0.82052210295740391,1
2,2010-09-29,1737,180188.64503155631,424.4863307947104,31.642663495692165,0.14610767304945016,0,604991.83719191747,777.81221203573136,57.980783603110794,0.90874082217131857,1
2,2010-10-08,1738,186180.45366268224,431.4863307947104,31.997503210582899,2.9764176951949233e-05,0,615930.20816041774,784.81221203573136,58.19890337676911,0.0073504258616210339,0
2,2010-10-12,1739,201139.9889097024,448.4863307947104,32.844110640403542,0.89688826526698329,1,642902.82336963259,801.81221203573136,58.719312488885492,0.97913785020249411,1
2,2010-10-13,1740,208151.58953702042,456.2363307947104,33.223108013450606,0.8366035157796452,1,655390.9751561865,809.56221203573136,58.952281961458688,0.99232771059598568,1
2,2010-10-14,1741,202937.93423288123,450.4863307947104,32.942327663232938,0.99067898916085206,1,646114.07221777551,803.81221203573136,58.779686437713444,0.81778032514269816,1
2,2010-10-15,1742,202712.75356748389,450.2363307947104,32.930066249384559,0.045849881951581094,0,645712.22861175775,803.56221203573136,58.77214935350019,7.4815250718334461e-05,0
2,2010-10-18,1743,178072.46337758275,421.9863307947104,31.515035906998534,0.98911845317378666,1,601109.02613173891,775.31221203573136,57.902330995947082,0.84691847786348839,1
2,2010-10-19,1744,178072.46337758275,421.9863307947104,31.515035906998534,0.050376918347038897,0,601109.02613173891,775.31221203573136,57.902330995947082,0.0041802947918457229,0
2,2010-10-20,1745,181890.59035473515,426.4863307947104,31.74442357980725,0.99888377005250706,1,608107.0860400605,779.81221203573136,58.04333546972321,0.99977565456415107,1
2,2010-10-21,1746,176808.75438519861,420.4863307947104,31.438230339791435,0.0040186053266259179,0,598785.33949563163,773.81221203573136,57.85511865687711,0.0057760063629339825,0
2,2010-10-25,1747,170144.97309248324,412.4863307947104,31.025673621264417,0.76736392959639965,1,586468.34410305996,765.81221203573136,57.601520273466065,0.18587978866984153,0
2,2010-10-26,1748,166045.10978453615,407.4863307947104,30.765294888237854,0.074251041911306409,0,578835.22198270261,760.81221203573136,57.441465612361753,0.00077809932662746475,0
2,2010-10-27,1749,173460.86373884094,416.4863307947104,31.232570738260996,0.0028025489248837731,0,592610.8417993458,769.81221203573136,57.728699815202958,0.68693179335006493,1
2,2010-10-28,1750,184673.31400490075,429.7363307947104,31.909139097435336,0.65665439576404716,1,613186.4279182927,783.06221203573136,58.144586005994533,0.93848025664524581,1
2,2010-10-29,1751,191394.28963221877,437.4863307947104,32.298732432241444,0.15006880086825117,0,625383.95470484649,790.81221203573136,58.38406881031608,0.19482009279373189,0
2,2010-11-01,1752,188344.1353166558,433.9863307947104,32.123340547350878,0.0056453844765172873,0,619860.51922059641,787.31221203573136,58.276255517078553,0.077834606637000175,0
2,2010-11-02,1753,215283.31516433842,463.9863307947104,33.59785161438888,0.67910282387995302,1,667999.25194274029,817.31221203573136,59.182636642703216,0.99064573661153443,1
2,2010-11-04,1754,222299.36012625907,471.4863307947104,33.956523643839425,0.099233630451422611,0,680315.18512327631,824.81221203573136,59.403112137971291,0.93039874007969947,1
2,2010-11-08,1755,254002.22162791525,503.9863307947104,35.467018352900098,0.95248319224432265,1,734984.22890559887,857.31221203573136,60.33161238815844,0.98557905260657674,1
2,2010-11-09,1756,224189.30544943793,473.4863307947104,34.051516058591183,7.1799953442501703e-05,0,683618.43397141923,826.81221203573136,59.461503922023105,8.3927599816783191e-09,0
2,2010-11-10,1757,231829.08674215327,481.4863307947104,34.428768737555266,0.99601402350355184,1,696911.4293639909,834.81221203573136,59.693400932122373,0.99971256098301575,1
2,2010-11-11,1758,222299.36012625907,471.4863307947104,33.956523643839425,0.93324075130792361,1,680315.18512327631,824.81221203573136,59.403112137971291,0.29058481667213065,1
2,2010-11-12,1759,203839.90689447065,451.4863307947104,32.991328519891148,0.37045911341281135,1,647722.69664184703,804.81221203573136,58.809807236809021,0.00033336301427860438,0
2,2010-11-15,1760,186612.18999347696,431.9863307947104,32.022707990712405,0.061567734507367217,0,616715.27037245349,785.31221203573136,58.21439674097342,7.8842066126235742e-05,0
2,2010-11-16,1761,187693.71832046373,433.2363307947104,32.08563827400188,0.3727818384083767,1,618680.11340254277,786.56221203573136,58.253079950804022,0.034495400954882599,0
2,2010-11-18,1762,181038.61769314573,425.4863307947104,31.693581437222374,0.00030746860892601208,0,606548.46161598898,778.81221203573136,58.012082833201596,0.16238909319101713,0
2,2010-11-19,1763,193148.23495539761,439.4863307947104,32.398550003296009,0.97849467969183423,1,628551.20355298952,792.81221203573136,58.445426615240059,0.90687076038470815,1
2,2010-11-22,1764,207467.79754082835,455.4863307947104,33.186617908539915,0.40886547333811935,1,654177.19433813286,808.81221203573136,58.929851514443087,0.84005155259192621,1
2,2010-11-24,1765,191832.02596301347,437.9863307947104,32.323714449794124,0.0032565736288146349,0,626175.01691688225,791.31221203573136,58.3994252424894,0.00068779570258349751,0
2,2010-11-26,1766,193587.97128619233,439.9863307947104,32.423458422602089,0.89888406285507716,1,629344.26576502516,793.31221203573136,58.460737806612485,0.94829086611263924,1
2,2010-11-29,1767,217609.49681831198,466.4863307947104,33.717841040456122,0.31982303642303861,1,672092.06300291896,819.81221203573136,59.256394075585931,0.48222541474839631,1
2,2010-11-30,1768,219479.44214149081,468.4863307947104,33.813520807990642,0.74982794539261044,1,675375.31185106188,821.81221203573136,59.315208375007678,0.66921667520791062,1
2,2010-12-01,1769,222771.09645705379,471.9863307947104,33.980297393427669,0.0267031018142867,0,681140.24733531196,825.31221203573136,59.417725848504773,1.8467433927946466e-05,0
2,2010-12-02,1770,236668.95005010039,486.4863307947104,34.662367708921302,0.85271454404669667,1,705284.55148434825,839.81221203573136,59.836994088758914,0.96611271337097393,1
2,2010-12-03,1771,252995.24896632583,502.9863307947104,35.421572591176783,0.94651472501353273,1,733270.60448152735,856.31221203573136,60.303676903924739,0.98361451419031976,1
2,2010-12-07,1772,219479.44214149081,468.4863307947104,33.813520807990642,0.00081464283931435757,0,675375.31185106188,821.81221203573136,59.315208375007678,1.7706791756867889e-09,0
2,2010-12-08,1773,224900.09744562997,474.2363307947104,34.087067801955826,0.087580862712733271,0,684859.21478947275,827.56221203573136,59.48335755872283,0.38312755149296723,1
2,2010-12-09,1774,209980.53486019926,458.2363307947104,33.320220381364145,0.41070127214454877,1,658633.22400432942,811.56221203573136,59.011976879529641,0.0021451891901110086,0
2,2010-12-10,1775,232310.823072948,481.9863307947104,34.452203773746277,0.088510052530582736,0,697746.49157602666,835.31221203573136,59.707806435720613,0.0008132151337771281,0
2,2010-12-13,1776,227993.1960957956,477.4863307947104,34.240683456056679,4.7317320225885857e-06,0,690248.93166770507,830.81221203573136,59.577785015111608,1.9215734813498667e-07,0
2,2010-12-14,1777,222535.16579165644,471.7363307947104,33.968412658485001,0.00014675407680354998,0,680727.65372929419,825.06221203573136,59.41042030860352,2.6950481095469223e-05,0
2,2010-12-15,1778,198903.80725572884,445.9863307947104,32.720934027491595,0.095072062341105879,0,638900.01230945403,799.31221203573136,58.643595894037517,0.00034380353960732866,0
2,2010-12-16,1779,214356.342502749,462.9863307947104,33.549734115558728,0.11791441341498989,0,666365.62751866889,816.31221203573136,59.153058843168935,0.52878456552740849,1
2,2010-12-20,1780,217143.26048751725,465.9863307947104,33.693877859342763,0.8638214801156916,1,671272.5007908832,819.31221203573136,59.241663921600242,0.09963080020513905,0
2,2010-12-21,1781,220887.15113387496,469.9863307947104,33.885099552610697,0.16296859397873656,0,677842.99848716904,823.31221203573136,59.359207789165922,0.016525800293279269,0
2,2010-12-22,1782,245506.70400440518,495.4863307947104,35.078678286351177,0.85533859012175883,1,720482.17130099132,848.81221203573136,60.092899967131416,0.8850206213467664,1
2,2010-12-29,1783,238618.89537327923,488.4863307947104,34.755341927763098,0.00056036042718663132,0,708647.80033249117,841.81221203573136,59.894145288917208,0.033945977581138806,0
2,2010-12-30,1784,222299.36012625907,471.4863307947104,33.956523643839425,0.051848541925225144,0,680315.18512327631,824.81221203573136,59.403112137971291,0.00014013843474424732,0
2,2011-01-04,1785,203388.67056367596,450.9863307947104,32.966837046396961,0.062764624611204328,0,646918.13442981127,804.31221203573136,58.794752341793235,0.0022420249714641418,0
2,2011-01-05,1786,203839.90689447065,451.4863307947104,32.991328519891148,0.016883184082366741,0,647722.69664184703,804.81221203573136,58.809807236809021,0.38947694252231796,1
2,2011-01-06,1787,202487.69790208654,449.9863307947104,32.917800350746916,0.26852553965098086,1,645310.51000573987,803.31221203573136,58.7646095124895,0.094303699411030853,0
2,2011-01-07,1788,208836.50653321247,456.9863307947104,33.25955828200221,0.24020919478242403,0,656605.88097424002,810.31221203573136,58.974687921086712,0.33729159204863074,1
2,2011-01-11,1789,213200.43917576224,461.7363307947104,33.489489087558319,0.99078172412872767,1,664326.40948857949,815.06221203573136,59.116026258257939,0.98352253486892338,1
2,2011-01-12,1790,215747.55149513314,464.4863307947104,33.621884241383313,0.41394003905656784,1,668816.81415477605,817.81221203573136,59.197409485033035,0.80572228538575197,1
2,2011-01-13,1791,202487.69790208654,449.9863307947104,32.917800350746916,0.48701636995470354,1,645310.51000573987,803.31221203573136,58.7646095124895,0.52930852033211673,1
2,2011-01-14,1792,204743.87955606007,452.4863307947104,33.040257816335192,0.034540857096048559,0,649333.32106591843,805.81221203573136,58.839884047881071,0.051846202830594594,0
2,2011-01-18,1793,207012.56121003363,454.9863307947104,33.162269008360816,0.1436276740749895,0,653368.6321260971,808.31221203573136,58.91488425916409,0.0030540324992862607,0
2,2011-01-19,1794,183600.53567791398,428.4863307947104,31.845881144162796,0.0004588995564586582,0,611230.33488820342,781.81221203573136,58.105701377609165,0.0015619021807261918,0
2,2011-01-20,1795,181890.59035473515,426.4863307947104,31.74442357980725,0.027396040449487364,0,608107.0860400605,779.81221203573136,58.04333546972321,0.0031573328837967594,0
2,2011-01-21,1796,181464.35402394042,425.9863307947104,31.719011972800477,0.70818680084652075,1,607327.52382802474,779.31221203573136,58.027714969153486,0.52447145373001602,1
2,2011-01-24,1797,165637.87345374143,406.9863307947104,30.739148851564231,0.57576689419197657,1,578074.65977066697,760.31221203573136,57.425393658287874,0.13110518758007197,0
2,2011-01-25,1798,174294.83640043036,417.4863307947104,31.284101221034877,0.03635057660016424,0,594151.46622341732,770.81221203573136,57.76037557405256,0.79455917431764722,1
2,2011-01-27,1799,161593.01014579434,401.9863307947104,30.476598240690706,0.89939166135135762,1,570496.53765030962,755.31221203573136,57.26400394508957,0.60394312038972009,1
2,2011-01-28,1800,168088.79143850971,409.9863307947104,30.895729524846299,0.00064231170836236064,0,582645.53304288129,763.31221203573136,57.521643710303792,0.01210556676732588,0
2,2011-01-31,1801,171798.9184156621,414.4863307947104,31.129277566256885,0.086754570251041746,0,589535.59295120288,767.81221203573136,57.665205560325298,0.75877370318260073,1
2,2011-02-01,1802,200691.75257890768,447.9863307947104,32.819511413531899,0.42590399565949894,1,642101.26115759695,801.31221203573136,58.704191357929034,0.02187470003128119,0
2,2011-02-09,1803,190302.13630523201,436.2363307947104,32.236196622553884,0.0043046270656932348,0,623408.48667475721,789.56221203573136,58.345628083187236,1.7128161035307453e-05,0
2,2011-02-10,1804,200691.75257890768,447.9863307947104,32.819511413531899,0.52839258719935944,1,642101.26115759695,801.31221203573136,58.704191357929034,0.66009529346803719,1
2,2011-02-14,1805,207695.6032062257,455.7363307947104,33.198785707136068,0.22839430580027245,0,654581.66294415074,809.06221203573136,58.937331053413324,0.85115197074722782,1
2,2011-02-15,1806,213431.36984115958,461.9863307947104,33.501546830653403,0.96919706338963119,1,664734.00309459737,815.31221203573136,59.123438146173413,0.99983409495063602,1
2,2011-02-17,1807,217609.49681831198,466.4863307947104,33.717841040456122,0.77750998798794535,1,672092.06300291896,819.81221203573136,59.256394075585931,0.98732997160538605,1
2,2011-02-18,1808,234242.76839612683,483.9863307947104,34.545776644875829,0.059471485837809111,0,701091.74042416958,837.31221203573136,59.765325627104303,0.82904465121588777,1
2,2011-02-22,1809,242296.60535423955,492.2363307947104,34.928957303154903,0.20917869162479194,0,714975.45442275913,845.56221203573136,60.000866562762553,0.088817436208085604,0
2,2011-02-23,1810,244516.73134281576,494.4863307947104,35.032683726157309,0.017343583736918595,0,718785.54687691992,847.81221203573136,60.064627136785788,0.62127331374784744,1
2,2011-02-24,1811,235696.97738851098,485.4863307947104,34.615781161833183,0.0022106751871499696,0,703605.92706027674,838.81221203573136,59.808357364401523,7.9259471282095131e-05,0
2,2011-02-25,1812,244022.49501202104,493.9863307947104,35.009661998207683,0.01047194433364465,0,717937.98466488416,847.31221203573136,60.050475693531638,0.9940462536542779,1
2,2011-02-28,1813,253750.2909625179,503.7363307947104,35.455662910062316,0.010351550989123029,0,734555.63529958099,857.06221203573136,60.324632203817096,0.022449652751569932,0
2,2011-03-01,1814,254506.45795870997,504.4863307947104,35.489717256047157,0.024195288939917063,0,735841.79111763451,857.81221203573136,60.34556539118757,0.10248936665092931,0
2,2011-03-03,1815,260086.05759745179,509.9863307947104,35.738355346510893,0.0069305255512992379,0,745307.97545002762,863.31221203573136,60.498403085895681,0.0088215828987910708,0
2,2011-03-04,1816,270906.02054414072,520.4863307947104,36.207744750936378,0.87739280592457625,1,763547.78190277796,873.81221203573136,60.786936489442176,0.81472175617292553,1
2,2011-03-07,1817,259321.64060125971,509.2363307947104,35.704563070619486,0.90813556177978405,1,744013.56963197398,862.56221203573136,60.477630992864597,0.94952659304905629,1
2,2011-03-08,1818,264181.94824380946,513.9863307947104,35.917982585234832,0.64762206023124014,1,752230.47314631345,867.31221203573136,60.608819848758309,0.94140193460403532,1
2,2011-03-09,1819,246250.49600059725,496.2363307947104,35.113131490869307,0.15353380895054278,0,721755.95211904496,849.56221203573136,60.114078332618526,0.11048449282477667,0
2,2011-03-10,1820,244516.73134281576,494.4863307947104,35.032683726157309,0.0069844671449425496,0,718785.54687691992,847.81221203573136,60.064627136785788,0.62842600898266798,1
2,2011-03-11,1821,255263.74995490204,505.2363307947104,35.52373568604046,0.95016507657829297,1,737129.07193568815,858.56221203573136,60.366476501018198,0.98073436967657546,1
2,2011-03-14,1822,233759.03206533214,483.4863307947104,34.522408482307057,0.67541687698908492,1,700254.67821213382,836.81221203573136,59.75096123068414,0.067081587416219807,0
2,2011-03-15,1823,235211.74105771625,484.9863307947104,34.592462966812434,0.67701111978883366,1,702767.36484824098,838.31221203573136,59.794023683005094,0.82958918182673624,1
2,2011-03-16,1824,236912.25571549774,486.7363307947104,34.674003974689967,0.53803391568073322,1,705704.52009036613,840.06221203573136,59.844146894798314,0.37270201011628878,1
2,2011-03-17,1825,252995.24896632583,502.9863307947104,35.421572591176783,0.29343307097775795,1,733270.60448152735,856.31221203573136,60.303676903924739,0.22146255131350828,0
2,2011-03-18,1826,259067.08493586237,508.9863307947104,35.693291079572958,0.53803410806061491,1,743582.3510259561,862.31221203573136,60.470702106292521,0.032892916094902983,0
2,2011-03-22,1827,272991.96586731955,522.4863307947104,36.296375880146606,0.22041020223605806,0,767047.03075092088,875.81221203573136,60.841417994840661,0.029918841762330697,0
2,2011-03-23,1828,280885.5108292402,529.9863307947104,36.626560524859045,0.11565072831612434,0,780240.46393145679,883.31221203573136,61.044382310693258,0.0012446148675942174,0
2,2011-03-24,1829,269346.81155175657,518.9863307947104,36.141109386818272,0.73282621756929023,1,760928.5952666708,872.31221203573136,60.745975768504969,0.86156736595610939,1
2,2011-03-25,1830,249986.33098155758,499.9863307947104,35.28485044422797,0.97647364623188715,1,728141.73120931291,853.31221203573136,60.219633876904119,0.97917587650892413,1
2,2011-03-28,1831,250486.56731235227,500.4863307947104,35.307677657475161,0.89953207527539103,1,728995.29342134867,853.81221203573136,60.233665752079816,0.75985047812982032,1
2,2011-03-29,1832,258558.34860506764,508.4863307947104,35.670735236387962,0.10163037576326354,0,742720.28881392034,861.81221203573136,60.4568370421418,0.51732244165916264,1
2,2011-03-30,1833,272469.72953652486,521.9863307947104,36.274241194906907,0.019348361413017153,0,766171.46853888512,875.31221203573136,60.82781181624263,0.90254469071391297,1
2,2011-03-31,1834,296465.3644222868,544.4863307947104,37.255308299330167,0.24544037544901995,0,806066.76808049309,897.81221203573136,61.430873214897794,0.0056558336167818008,0
2,2011-04-06,1835,294291.41909910797,542.4863307947104,37.169327221288825,0.013351441902423277,0,802479.51923235017,895.81221203573136,61.378020694466009,0.084527546338862836,0
2,2011-04-07,1836,305241.14571500215,552.4863307947104,37.596892194264065,0.21097192403327561,0,820495.76347306476,905.81221203573136,61.640844643465897,0.59032543732195619,1
2,2011-04-08,1837,303585.936722618,550.9863307947104,37.533128800729592,0.89022122854504604,1,817780.5768369576,904.31221203573136,61.601649321235108,0.40389034986282468,1
2,2011-04-11,1838,292125.47377592913,540.4863307947104,37.083110174594196,0.95829820673717669,1,798900.27038420725,893.81221203573136,61.325023124235422,0.76383215232668555,1
2,2011-04-13,1839,313304.76001152548,559.7363307947104,37.903255852020337,0.13603023504673845,0,833682.6030475829,913.06221203573136,61.829166212001454,0.26584157589382268,1
2,2011-04-15,1840,331760.25326235354,575.9863307947104,38.579124634608867,0.6125341571575168,1,863621.18743874412,929.31221203573136,62.244622373458228,0.97651662552105167,1
2,2011-04-18,1841,328886.57160838001,573.4863307947104,38.476104045267384,0.058987793219597372,0,858980.87637856544,926.81221203573136,62.181295674990366,5.2901097506840269e-05,0
2,2011-04-19,1842,341040.03455506894,583.9863307947104,38.906484396716216,0.013538403740553441,0,878554.18283131579,937.31221203573136,62.445850235558389,0.41135282498284353,1
2,2011-04-20,1843,344552.95253983716,586.9863307947104,39.028346462414255,0.0012942816584576538,0,884187.05610353022,940.31221203573136,62.520758778971498,0.00093456612934440493,0
2,2011-04-21,1844,336964.38023950596,580.4863307947104,38.763694877776992,0.58462756587881926,1,872005.24734706571,933.81221203573136,62.358077598379388,4.5421544052931556e-05,0
2,2011-04-26,1845,352819.76117096312,593.9863307947104,39.310809450344827,0.54708680606429028,1,897400.42707203049,947.31221203573136,62.694388619174809,0.97620850112776303,1
2,2011-04-27,1846,382525.34137990396,618.4863307947104,40.27914886321787,0.079556032836508347,0,944418.97546178126,971.81221203573136,63.28962631297501,0.98170033961667724,1
2,2011-04-28,1847,324314.68096202234,569.4863307947104,38.310550339368341,0.86424732397103587,1,851582.37868227961,922.81221203573136,62.079529904859157,0.022201112149569942,0
2,2011-05-06,1848,342209.00721665833,584.9863307947104,38.947159174081918,0.28428733822254781,1,880429.80725538731,938.31221203573136,62.470852998384238,0.040819581061734216,0
2,2011-05-09,1849,355795.9428249367,596.4863307947104,39.411055883363758,0.11374730302195252,0,902143.23813220917,949.81221203573136,62.756010045307654,0.074112606805785297,0
2,2011-05-10,1850,349264.84318619489,590.9863307947104,39.190074986386634,0.002193862546753452,0,891725.55379981606,944.31221203573136,62.620173211918527,0.00088219133621451537,0
2,2011-05-11,1851,327740.59894679056,572.4863307947104,38.434798979168207,0.0013845542423598838,0,857128.25195449404,925.81221203573136,62.155905474033659,0.26818991842525186,1
2,2011-05-12,1852,346610.46719761868,588.7363307947104,39.099208420701338,0.10484454023184468,0,887481.21134565526,942.06221203573136,62.564317584973026,0.079850119266083375,0
2,2011-05-13,1853,340748.10388967156,583.7363307947104,38.89630723269768,0.68511514407597562,1,878085.58922529791,937.06221203573136,62.439594338546158,0.39607081267064137,1
2,2011-05-16,1854,335804.40757791651,579.4863307947104,38.722775195102599,0.004960434913700797,0,870138.6229229942,932.81221203573136,62.332924292397685,0.0076775451602368551,0
2,2011-05-18,1855,331760.25326235354,575.9863307947104,38.579124634608867,0.190770282632964,0,863621.18743874412,929.31221203573136,62.244622373458228,0.84170698661073351,1
2,2011-05-19,1856,329173.37727377738,573.7363307947104,38.48642165317527,0.41140207777878035,1,859444.34498458332,927.06221203573136,62.187637902782591,0.0018476790416583522,0
2,2011-05-20,1857,352226.02484016842,593.4863307947104,39.290720343906685,0.87903126239417961,1,896453.36485999473,946.81221203573136,62.682039856718397,0.13444929585835066,0
2,2011-05-23,1858,372083.32375639386,609.9863307947104,39.946714524866437,0.62102346573243572,1,927970.41785717383,963.31221203573136,63.085279111704736,0.58285140513486455,1
2,2011-05-24,1859,371168.90676020179,609.2363307947104,39.917204310873736,0.0013543614418409765,0,926526.01203912031,962.56221203573136,63.067139199720323,0.037589138899350207,0
2,2011-05-25,1860,361785.80613288376,601.4863307947104,39.610558498169929,0.011421037670651411,0,911666.3602525664,954.81221203573136,62.878644190696832,0.00059546845195975861,0
2,2011-05-26,1861,379439.15972593037,615.9863307947104,40.181756738076345,0.43444605788101748,1,939566.16440160258,969.31221203573136,63.229759428292972,0.71478212286150156,1
2,2011-05-27,1862,383763.31404149334,619.4863307947104,40.318016973297127,0.098216036941807833,0,946363.59988585277,972.81221203573136,63.31351851843354,0.32158039699452551,1
2,2011-05-31,1863,380363.70172212244,616.7363307947104,40.211007712776556,0.00038497456210407672,0,941020.69521965622,970.06221203573136,63.24773998602975,1.4523558027080083e-05,0
2,2011-06-01,1864,387489.23202626163,622.4863307947104,40.434318336778851,0.15258268383256807,0,952209.47315806709,975.81221203573136,63.385008901314151,0.88981572667571485,1
2,2011-06-02,1865,388111.96835705632,622.9863307947104,40.453657843812366,0.82812856455839046,1,953185.53537010285,976.31221203573136,63.396896885437101,0.99066950590293867,1
2,2011-06-03,1866,394366.83166500344,627.9863307947104,40.646364452732065,0.13001101633746937,0,962973.6574904602,981.31221203573136,63.515353529820793,0.78347815267823917,1
2,2011-06-07,1867,385313.59236848011,620.7363307947104,40.366531022253973,0.23287378732932537,0,948797.19291594205,974.06221203573136,63.343340077108202,0.63013279334500405,1
2,2011-06-08,1868,385313.59236848011,620.7363307947104,40.366531022253973,0.51267199126517904,1,948797.19291594205,974.06221203573136,63.343340077108202,0.010475979417405518,0
2,2011-06-09,1869,374833.32474497007,612.2363307947104,40.03507149221582,0.052000069627283166,0,932310.38531133463,965.56221203573136,63.139592089961184,0.13310701290185553,0
2,2011-06-10,1870,358784.62447891023,598.9863307947104,39.510971688305432,0.36786530620018887,1,906898.54919238773,952.31221203573136,62.817428234546924,0.85649096441615524,1
2,2011-06-14,1871,375445.81107576477,612.7363307947104,40.054671076627578,0.72937728329914508,1,933276.19752337039,966.06221203573136,63.151639943502623,0.0031929656026314372,0
2,2011-06-15,1872,367522.48877543351,606.2363307947104,39.798872857030062,0.33564534498930404,1,920759.63876690587,959.56221203573136,62.994400921433211,0.68393685507395297,1
2,2011-06-16,1873,385003.28670308279,620.4863307947104,40.356834523233196,0.29544990079711092,1,948310.22430992418,973.81221203573136,63.337379644600411,0.0027197651674257962,0
2,2011-06-17,1874,393111.85900341399,626.9863307947104,40.607922978932024,0.95647669718792294,1,961012.03306638869,980.31221203573136,63.491723577443736,0.86101757867929507,1
2,2011-06-20,1875,394052.90099960606,627.7363307947104,40.63675875026447,0.42035547444250021,1,962483.06388444232,981.06221203573136,63.509448909903313,0.30202311000681958,1
2,2011-06-21,1876,403842.87662692409,635.4863307947104,40.933096991607755,0.0014218734006462091,0,977749.59067099611,988.81221203573136,63.691607860594615,0.12258752576664891,0
2,2011-06-22,1877,367219.43311003619,605.9863307947104,39.788990859797138,0.069417431144774305,0,920279.920160888,959.31221203573136,62.98832646327849,0.00024366399655816805,0
2,2011-06-23,1878,357288.72115192347,597.7363307947104,39.461055012029071,0.0019424284804570933,0,904519.33116229845,951.06221203573136,62.786744481645904,0.54422759133402099,1
2,2011-06-24,1879,337545.11657030066,580.9863307947104,38.784134231956635,0.0025199707072706577,0,872939.30955910147,934.31221203573136,62.370641657925994,0.0018347840742725019,0
2,2011-06-27,1880,338708.0892318901,581.9863307947104,38.824972034336916,0.76605562583806208,1,874808.93398317287,935.31221203573136,62.395744632136854,0.018260863170493465,0
2,2011-06-28,1881,344846.50820523454,587.2363307947104,39.038479693848124,0.015871144225451283,0,884657.2747095481,940.56221203573136,62.52698767064858,0.23874613216148094,0
2,2011-06-29,1882,346316.1615322213,588.4863307947104,39.089095369957519,0.32652659988353339,1,887010.24273963738,941.81221203573136,62.55810109835479,0.55850478975550988,1
2,2011-06-30,1883,351632.78850937373,592.9863307947104,39.270617933424532,0.21229158201210679,0,895506.80264795898,946.31221203573136,62.669682916273608,0.057135286065864592,0
2,2011-07-05,1884,372388.37942179124,610.2363307947104,39.956544822046844,0.40723591855511543,1,928452.13646319171,963.56221203573136,63.091321789866186,0.090062852921726749,0
2,2011-07-06,1885,372693.56008718855,610.4863307947104,39.966371901454032,0.85381821947593717,1,928933.98006920959,963.81221203573136,63.097362490064249,0.69604620640976977,1
2,2011-07-07,1886,389983.17734944046,624.4863307947104,40.51160108950441,0.44426171742317139,1,956116.72200621013,977.81221203573136,63.432514566054579,0.6956912739089437,1
2,2011-07-08,1887,407664.79461169237,638.4863307947104,41.047015801652869,0.65910522954944295,1,983691.46394321055,991.81221203573136,63.761633689214491,0.08930170310979027,0
2,2011-07-11,1888,401304.93130374525,633.4863307947104,40.856906210558556,0.72324847377455015,1,973798.3418228532,986.81221203573136,63.644773430230984,0.030052227917319221,0
2,2011-07-12,1889,438225.90215904376,661.9863307947104,41.924403470215985,0.94525805630004645,1,1030858.8879088899,1015.3122120357314,64.300963396816428,0.98441972565235025,1
2,2011-07-13,1890,453583.83776732208,673.4863307947104,42.344315045250575,0.85563051916196031,1,1054343.3187857117,1026.8122120357314,64.559082806396191,0.99969522381441034,1
2,2011-07-14,1891,448881.68345175911,669.9863307947104,42.217160100485849,0.027030870460600192,0,1047167.8833014616,1023.3122120357314,64.480920733190388,4.6121519594267434e-05,0
2,2011-07-15,1892,467837.30071401101,683.9863307947104,42.722444147077475,0.97943078030655839,1,1076016.6252384621,1037.3122120357314,64.791518553137493,0.99901303251425488,1
2,2011-07-19,1893,447542.71079016966,668.9863307947104,42.180727036236469,0.0002959740058887436,0,1045122.2588773902,1022.3122120357314,64.458525349037288,1.0138383495579497e-05,0
2,2011-07-20,1894,467837.30071401101,683.9863307947104,42.722444147077475,0.92783482055659094,1,1076016.6252384621,1037.3122120357314,64.791518553137493,0.96097516227843749,1
2,2011-07-21,1895,469206.2733756004,684.9863307947104,42.758197927260319,0.00010187774459943629,0,1078092.2496625336,1038.3122120357314,64.813496381756025,0.025729126656803832,0
2,2011-07-22,1896,485093.20898387878,696.4863307947104,43.166181022293799,0.0022827967787197195,0,1102105.6805393554,1049.8122120357314,65.064283361371636,5.0247553060167096e-05,0
2,2011-07-25,1897,484049.04198768671,695.7363307947104,43.139750785596675,0.012730139402434289,0,1100531.5247213019,1049.0622120357314,65.048036709702757,8.5159577296192325e-05,0
2,2011-07-26,1898,501244.6445921571,707.9863307947104,43.568389587366795,0.20059273714111409,0,1126383.6114161771,1061.3122120357314,65.311520740660384,0.95853906196028915,1
2,2011-07-27,1899,485093.20898387878,696.4863307947104,43.166181022293799,0.10423469417900866,0,1102105.6805393554,1049.8122120357314,65.064283361371636,0.00081387761208596857,0
2,2011-07-28,1900,506212.79890772008,711.4863307947104,43.689673367805362,0.32137176131806494,1,1133825.0469004274,1064.8122120357314,65.38607381244897,0.87809441185626691,1
2,2011-07-29,1901,498416.69926897826,705.9863307947104,43.498849710086901,0.013377619793802285,0,1122142.3625680343,1059.3122120357314,65.268774617112228,3.0689149175320207e-06,0
2,2011-08-01,1902,519460.85852742218,720.7363307947104,44.007713680031166,0.94681913015450025,1,1153609.6353230884,1074.0622120357314,65.581573013935667,0.98352446701883556,1
2,2011-08-02,1903,565859.49736748892,752.2363307947104,45.064330135971872,0.11350618973389706,0,1222267.8046813395,1105.5622120357314,66.231074556581177,0.97968663564054315,1
2,2011-08-03,1904,581385.40464878047,762.4863307947104,45.399602905311724,0.29571661043662556,1,1245036.892528072,1115.8122120357314,66.437166539787512,0.58429201694265731,1
2,2011-08-04,1905,550172.78442080005,741.7363307947104,44.716583619877035,0.00034305535635096419,0,1199161.2482285891,1095.0622120357314,66.017314968243028,0.0019181279601570784,0
2,2011-08-05,1906,602154.78558023775,775.9863307947104,45.834987052256963,0.98857204533835263,1,1275346.0722530368,1129.3122120357314,66.704796930639773,0.99728636132863568,1
2,2011-08-08,1907,670738.61002858286,818.9863307947104,47.176631958220646,0.94189576846478651,1,1374315.9224881097,1172.3122120357314,67.529505301597425,0.99920270096822772,1
2,2011-08-09,1908,731001.6258458019,854.9863307947104,48.249792934238734,0.67614407116949515,1,1460018.4017546822,1208.3122120357314,68.189176751452109,0.98286970605660995,1
2,2011-08-10,1909,710625.95390672889,842.9863307947104,47.896950613335818,0.13603921389887907,0,1431162.9086658247,1196.3122120357314,67.972284774757469,7.3996905906800232e-05,0
2,2011-08-11,1910,670738.61002858286,818.9863307947104,47.176631958220646,0.13604416287711163,0,1374315.9224881097,1172.3122120357314,67.529505301597425,7.3996905906800232e-05,0
2,2011-08-12,1911,749066.58879249089,865.4863307947104,48.554632863658362,0.90763837569129724,1,1485503.2082074326,1218.8122120357314,68.376561685034019,0.99965055355960764,1
2,2011-08-16,1912,762105.13375441148,872.9863307947104,48.770186077916783,0.39989985885913909,1,1503841.6413879686,1226.3122120357314,68.509062124901192,0.98286970605660995,1
2,2011-08-17,1913,822624.20424845186,906.9863307947104,49.725127784797721,0.39916711865424059,1,1588386.8718063983,1260.3122120357314,69.096064256344931,0.98273954414560549,1
2,2011-08-18,1914,922533.99164348585,960.4863307947104,51.157727339265534,0.98691330551541412,1,1726102.5284942216,1313.8122120357314,69.976682398707396,0.98273954414560549,1
2,2011-08-22,1915,919654.7826511017,958.9863307947104,51.118674349398205,0.0037702725533021201,0,1722163.3418581143,1312.3122120357314,69.952676547746876,0.00013887288020966509,0
2,2011-08-23,1916,727585.68052262312,852.9863307947104,48.19131812399494,0.0027000109321748482,0,1455189.1529065394,1206.3122120357314,68.1532323184029,7.3686255618660867e-05,0
2,2011-08-24,1917,659321.8013974569,811.9863307947104,46.962772168577814,0.37848918642087853,1,1357952.5515196093,1165.3122120357314,67.398045808891354,0.018093792270894096,0
2,2011-08-25,1918,758617.1884312327,870.9863307947104,48.712882035498346,0.9339580889207072,1,1498940.3925398255,1224.3122120357314,68.473837362177363,0.46915955556310573,1
2,2011-08-26,1919,824439.17691004125,907.9863307947104,49.752675659984128,0.45199426949870736,1,1590908.4962304698,1261.3122120357314,69.112997919766102,0.00051183675882081022,0
2,2011-08-30,1920,918216.86565490963,958.2363307947104,51.09912442579445,0.82711413559000668,1,1720195.4360400608,1311.5622120357314,69.940659220676253,0.81774935495277268,1
2,2011-09-02,1921,956457.26322130067,977.9863307947104,51.608777350644353,0.33404083983777089,1,1772392.2059154722,1331.3122120357314,70.253942587637539,0.33417452207897452,1
2,2011-09-06,1922,797424.58698619995,892.9863307947104,49.336261369873505,0.0073449867236305396,0,1553294.1298693977,1246.3122120357314,68.857028289266935,0.0092740068227272401,0
2,2011-09-07,1923,879818.35675772384,937.9863307947104,50.565300851466866,0.30715497572100686,1,1667487.2289526137,1291.3122120357314,69.612518169042119,2.5768077117235921e-05,0
2,2011-09-08,1924,872330.46611136617,933.9863307947104,50.45847276038414,0.0079374236038766439,0,1657172.7312563278,1287.3122120357314,69.546851001390138,0.76465590343504397,1
2,2011-09-09,1925,815384.31360209419,902.9863307947104,49.614633560148924,0.018143718403299897,0,1578320.3741101124,1256.3122120357314,69.028143518446782,0.9649181261382791,1
2,2011-09-13,1926,812677.60460971005,901.4863307947104,49.573072905950532,0.29932699892720926,1,1574553.6874740052,1254.8122120357314,69.002596207628883,0.97182887803805607,1
2,2011-09-14,1927,748201.35246169614,864.9863307947104,48.540198136627971,0.0056921249687635015,0,1484284.6459953969,1218.3122120357314,68.367688666427128,0.14955186005293031,0
2,2011-09-15,1928,769105.02440076927,876.9863307947104,48.884410858122095,0.94676484022270191,1,1513668.1390842544,1230.3122120357314,68.579276033206881,0.13048772516211754,0
2,2011-09-16,1929,777899.88770871633,881.9863307947104,49.026477531668171,0.26520554944316421,1,1525996.2612046117,1235.3122120357314,68.666604337728259,0.2442138814543505,0
2,2011-09-20,1930,767352.05173917976,875.9863307947104,48.855902442538223,0.12078738357789454,0,1511208.5146601829,1229.3122120357314,68.561751926142307,0.98240477682191329,1
2,2011-09-21,1931,648002.99276633095,804.9863307947104,46.747173681458207,0.00097400502191172982,0,1341687.1805511091,1158.3122120357314,67.265517539821801,0.0082566944300855732,0
2,2011-09-22,1932,463742.38272924273,680.9863307947104,42.61491431756636,0.0054076389283339238,0,1069801.7519662478,1034.3122120357314,64.725420027267305,0.28975331663457254,1
2,2011-09-26,1933,550543.71508619736,741.9863307947104,44.724914454171817,0.10728578400543758,0,1199708.8418346068,1095.3122120357314,66.022435927409973,0.80942835637096888,1
2,2011-09-27,1934,527056.15250076668,725.9863307947104,44.186629993591623,0.00014985803417612311,0,1164914.8510494635,1079.3122120357314,65.691552771499175,0.89110475693285085,1
2,2011-09-28,1935,484396.97265308403,695.9863307947104,43.148563595456316,0.013808814289870939,0,1101056.1183273196,1049.3122120357314,65.053453938979004,0.19901956096127649,0
2,2011-09-29,1936,556495.60573255504,745.9863307947104,44.857867155424557,0.37919628969367342,1,1208487.3395308929,1099.3122120357314,66.104161878276088,0.052282854166174036,0
2,2011-10-11,1937,585204.08630275412,764.9863307947104,45.480756884346633,0.98635871826285182,1,1250622.2035882506,1118.3122120357314,66.487051845168338,0.039059511106930594,0
2,2011-10-12,1938,546100.7971014292,738.9863307947104,44.624778429632272,0.0010605853113631529,0,1193145.9685623925,1092.3122120357314,65.960882369307456,0.77320507757264112,1
2,2011-10-13,1939,579100.19565639645,760.9863307947104,45.350794445453538,0.035393897320401935,0,1241691.7058919647,1114.3122120357314,66.407164006896977,0.70182645744736172,1
2,2011-10-14,1940,585204.08630275412,764.9863307947104,45.480756884346633,0.003396128341833002,0,1250622.2035882506,1118.3122120357314,66.487051845168338,0.0039536525943288355,0
2,2011-10-17,1941,509776.48056169361,713.9863307947104,43.775985946947294,0.025601361782699339,0,1139155.357960606,1067.3122120357314,65.439130106421288,0.75465551264530562,1
2,2011-10-18,1942,540940.14278586616,735.4863307947104,44.507493542796396,0.67930076708973575,1,1185512.0330781424,1088.8122120357314,65.888787415172857,0.23356582075372154,0
2,2011-10-19,1943,494189.78128420998,702.9863307947104,43.394217950290766,0.0021259730641759451,0,1115795.48929582,1056.3122120357314,65.204457533069842,0.081951535858670002,0
2,2011-10-20,1944,526330.41616997193,725.4863307947104,44.169639622204592,0.3874960967350532,1,1163835.7888374277,1078.8122120357314,65.681108799740116,0.053135271690213683,0
2,2011-10-21,1945,540204.90645507141,734.9863307947104,44.49069798999458,0.86760087634262295,1,1184423.4708661067,1088.3122120357314,65.878463198288827,0.090662402593750746,0
2,2011-10-24,1946,546100.7971014292,738.9863307947104,44.624778429632272,0.002587769868556905,0,1193145.9685623925,1092.3122120357314,65.960882369307456,0.018458306991328614,0
2,2011-10-25,1947,678953.47333652992,823.9863307947104,47.328336059431955,0.0076805436436186963,0,1386064.0446084668,1177.3122120357314,67.6227577274975,0.00040431763406854817,0
2,2011-10-28,1948,648002.99276633095,804.9863307947104,46.747173681458207,0.11254732809068681,0,1341687.1805511091,1158.3122120357314,67.265517539821801,0.013270855292154948,0
2,2011-10-31,1949,611502.62154977419,781.9863307947104,46.026270205692192,0.62201355137568293,1,1288933.8187974654,1135.3122120357314,66.822378577735805,0.3729231201310278,1
2,2011-11-01,1950,682253.4186597087,825.9863307947104,47.388773998549077,0.19357222474440064,0,1390777.2934566098,1179.3122120357314,67.659908894763703,0.14780210569475907,0
2,2011-11-02,1951,692201.25462924526,831.9863307947104,47.569258478828495,0.087251265107571918,0,1404965.0400010387,1185.3122120357314,67.770852603529519,0.78200702792625298,1
2,2011-11-04,1952,770859.99706235866,877.9863307947104,48.91288750945462,0.0011263245355815745,0,1516129.7635083259,1231.3122120357314,68.596780614803976,0.00046727059312560613,0
2,2011-11-08,1953,732712.59850739141,855.9863307947104,48.278980868285984,0.0064007419804117081,0,1462436.0261787537,1209.3122120357314,68.207118558134866,0.093972520052361896,0
2,2011-11-11,1954,753400.27044646442,867.9863307947104,48.62668519858321,0.15065280737902956,0,1491603.5192676112,1221.3122120357314,68.420852214886906,0.034447484765988294,0
2,2011-11-15,1955,703898.06326037121,838.9863307947104,47.778264851634987,0.56678017927996605,1,1421608.4109695388,1192.3122120357314,67.899328703629351,0.030964129048682926,0
2,2011-11-16,1956,681427.68232891406,825.4863307947104,47.373677520499882,0.46030885436828783,1,1389598.2312445741,1178.8122120357314,67.650629098176836,0.048766343021130185,0
2,2011-11-17,1957,643182.07478156267,801.9863307947104,46.654236811792344,0.68724988974350332,1,1334746.3072788948,1155.3122120357314,67.208389298181004,0.52950152381868765,1
2,2011-11-18,1958,616203.53953454248,784.9863307947104,46.12140603964221,0.99197669586453319,1,1295754.6920696797,1138.3122120357314,66.880858521488335,0.76501691364971769,1
2,2011-11-21,1959,611502.62154977419,781.9863307947104,46.026270205692192,0.00069753071499152987,0,1288933.8187974654,1135.3122120357314,66.822378577735805,0.00088369653948613047,0
2,2011-11-22,1960,595191.15860308532,771.4863307947104,45.6906325611318,0.0030311780616507811,0,1265202.5123447152,1124.8122120357314,66.616062305936126,0.87431870506731635,1
2,2011-11-25,1961,635187.21147361549,796.9863307947104,46.498619066202473,0.98511229278324119,1,1323218.1851585375,1150.3122120357314,67.11273115727721,0.82594344419245691,1
2,2011-11-28,1962,639978.12945838377,799.9863307947104,46.592098473774627,0.98208682246378021,1,1330129.0584307518,1153.3122120357314,67.170192896664616,0.51068311949033451,1
2,2011-11-29,1963,687218.33664447698,828.9863307947104,47.479171294084217,0.97949176453426856,1,1397862.1667288241,1182.3122120357314,67.715476061611184,0.95472738525532452,1
2,2011-11-30,1964,697202.17261401354,834.9863307947104,47.659037145816804,0.79127111226570879,1,1412085.913273253,1188.3122120357314,67.826039499756348,0.96893171553515944,1
2,2011-12-01,1965,688877.30930606648,829.9863307947104,47.50923473352664,0.0074659996046886456,0,1400227.7911528957,1183.3122120357314,67.733956040969161,0.00010013981401832352,0
2,2011-12-02,1966,683906.3913212982,826.9863307947104,47.41894098593523,0.50015014506135169,1,1393136.9178806813,1180.3122120357314,67.678452524984607,0.012166884347127323,0
2,2011-12-05,1967,669919.87369778811,818.4863307947104,47.161413471317218,0.51716727687431563,1,1373143.8602760739,1171.8122120357314,67.52015050623632,0.0033223967530277352,0
2,2011-12-07,1968,636782.184135205,797.9863307947104,46.529815206688653,0.58086479832275439,1,1325519.8095826088,1151.3122120357314,67.131907407331269,0.015449783694164346,0
2,2011-12-08,1969,627242.34816566843,791.9863307947104,46.342090742815117,0.89120197656000288,1,1311740.0630381801,1145.3122120357314,67.01651328471219,0.85076726690542281,1
2,2011-12-09,1970,551285.95141699212,742.4863307947104,44.741568592630934,0.88523915497000238,1,1200804.4040466426,1095.8122120357314,66.032673216976875,0.28350824580948886,1
2,2011-12-12,1971,570759.59601765464,755.4863307947104,45.171081063958766,0.24103622717504733,0,1229464.5215595716,1108.8122120357314,66.296694292121458,0.25184064393733174,1
2,2011-12-13,1972,431631.03885109664,656.9863307947104,41.739919364339926,0.018058002555668959,0,1020730.7657885326,1010.3122120357314,64.187561120440364,0.88584674008951558,1
2,2011-12-15,1973,458310.49208288506,676.9863307947104,42.47091159314369,0.57149563910167356,1,1061543.254269962,1030.3122120357314,64.636901633358306,0.52525467896112665,1
2,2011-12-16,1974,463742.38272924273,680.9863307947104,42.61491431756636,0.029575769755443283,0,1069801.7519662478,1034.3122120357314,64.725420027267305,0.59915644769143106,1
2,2011-12-19,1975,485093.20898387878,696.4863307947104,43.166181022293799,0.33942008700007498,1,1102105.6805393554,1049.8122120357314,65.064283361371636,0.39639679984681869,1
2,2011-12-20,1976,477462.10934513697,690.9863307947104,42.971786740964582,0.76215917640079323,1,1090587.9962069623,1044.3122120357314,64.944789305704688,0.23787105279401785,0
2,2011-12-21,1977,475391.40035275283,689.4863307947104,42.918539109536908,0.81306612065538397,1,1087457.3095708552,1042.8122120357314,64.91205801654101,0.69436594600098944,1
2,2011-12-22,1978,427698.12086632836,653.9863307947104,41.628665231999392,0.99242448360907443,1,1014677.8925163182,1007.3122120357314,64.119173267710465,0.43647112086246104,1
2,2011-12-28,1979,376979.21440275153,613.9863307947104,40.103614029700225,0.80605432258358167,1,935692.91555345966,967.31221203573136,63.181725149296632,0.12672936521707029,0
2,2011-12-29,1980,432288.27518189134,657.4863307947104,41.758420501410633,0.11739096657580428,0,1021741.3280005683,1010.8122120357314,64.19893375901755,0.1042624453277998,0
2,2011-12-30,1981,484396.97265308403,695.9863307947104,43.148563595456316,0.0047490037092083352,0,1101056.1183273196,1049.3122120357314,65.053453938979004,0.88112624411939078,1
2,2012-01-04,1982,465105.35539083218,681.9863307947104,42.650802426185763,0.77057321394012479,1,1071871.3763903191,1035.3122120357314,64.747480427500406,0.24346583395739915,0
2,2012-01-05,1983,489281.126968647,699.4863307947104,43.271656714798048,0.84175635305152807,1,1108413.5538115697,1052.8122120357314,65.129119210376203,0.89296964158080805,1
2,2012-01-06,1984,518380.31653123017,719.9863307947104,43.982060525028125,0.0097398669946997026,0,1151999.1045050349,1073.3122120357314,65.565804033948154,0.00037449154523232068,0
2,2012-01-10,1985,514786.63487725658,717.4863307947104,43.896379981322141,0.0065379130969883906,0,1146638.7934448561,1070.8122120357314,65.513136251803701,4.6996568734113077e-05,0
2,2012-01-11,1986,553515.66040937626,743.9863307947104,44.791470848567755,0.019752618192057314,0,1204094.0906827499,1097.3122120357314,66.06334810570327,0.10453646826736562,0
2,2012-01-12,1987,516222.60753884603,718.4863307947104,43.930683631593418,0.2792474855235399,1,1148781.4178689276,1071.8122120357314,65.534222686379167,0.62424628011581929,1
2,2012-01-13,1988,546100.7971014292,738.9863307947104,44.624778429632272,0.016111662030463179,0,1193145.9685623925,1092.3122120357314,65.960882369307456,0.047216700040574627,0
2,2012-01-17,1989,532880.04314712435,729.9863307947104,44.322181590449929,0.46833813296870408,1,1173565.3487457493,1083.3122120357314,65.774876262035903,0.88865436480989224,1
2,2012-01-18,1990,544623.82443983969,737.9863307947104,44.591319081251385,0.50553173463089651,1,1190962.344138321,1091.3122120357314,65.940314926630293,0.014211813212812164,0
2,2012-01-19,1991,659321.8013974569,811.9863307947104,46.962772168577814,0.012356277506417549,0,1357952.5515196093,1165.3122120357314,67.398045808891354,0.027875046773407328,0
2,2012-01-30,1992,683906.3913212982,826.9863307947104,47.41894098593523,0.10597209091511124,0,1393136.9178806813,1180.3122120357314,67.678452524984607,0.022294714265129967,0
2,2012-01-31,1993,677306.50067494053,822.9863307947104,47.298064988201752,0.76346206030646691,1,1383710.4201843955,1176.3122120357314,67.604150116996053,0.59034299789969535,1
2,2012-02-01,1994,695533.19995242415,833.9863307947104,47.629145105351824,0.12110085858015858,0,1409710.2888491815,1187.3122120357314,67.80766487925365,0.0032124629496090551,0
2,2012-02-02,1995,667466.66470540396,816.9863307947104,47.115705351482724,0.2053389846045432,0,1369630.6736399666,1170.3122120357314,67.492053750618879,0.41984259874589935,1
2,2012-02-03,1996,643182.07478156267,801.9863307947104,46.654236811792344,0.10085043451702946,0,1334746.3072788948,1155.3122120357314,67.208389298181004,0.018371227952007168,0
2,2012-02-06,1997,651226.93808950973,806.9863307947104,46.808951902245383,0.17609335713418989,0,1346324.4293992519,1160.3122120357314,67.303492577478622,0.87870014319634482,1
2,2012-02-07,1998,687218.33664447698,828.9863307947104,47.479171294084217,0.054927877686908301,0,1397862.1667288241,1182.3122120357314,67.715476061611184,0.063754145250220287,0
2,2012-02-08,1999,690538.28196765587,830.9863307947104,47.5392637754411,0.28598617990139402,1,1402595.4155769672,1184.3122120357314,67.752414876186009,0.053204009388558703,0
2,2012-02-09,2000,631208.52981964196,794.4863307947104,46.420469225516236,0.88550878373112818,1,1317472.8740983587,1147.8122120357314,67.06469249405383,0.92802401570243165,1
2,2012-02-10,2001,644787.04744315206,802.9863307947104,46.68525179039014,0.03010636542357361,0,1337057.9317029661,1156.3122120357314,67.227454188123914,0.0016153455867284211,0
2,2012-02-13,2002,648002.99276633095,804.9863307947104,46.747173681458207,0.98767151307092771,1,1341687.1805511091,1158.3122120357314,67.265517539821801,0.56580300430361596,1
2,2012-02-14,2003,665833.69204381458,815.9863307947104,47.085189313024259,0.40920816538552091,1,1367291.0492158951,1169.3122120357314,67.473295558899665,0.7358708778227574,1
2,2012-02-15,2004,649613.96542792034,805.9863307947104,46.778080719367985,0.00072100194191280196,0,1344004.8049751807,1159.3122120357314,67.284516078684348,0.00039484815952471678,0
2,2012-02-17,2005,690538.28196765587,830.9863307947104,47.5392637754411,0.0035987004934728848,0,1402595.4155769672,1184.3122120357314,67.752414876186009,0.1968342238537629,0
2,2012-02-21,2006,697202.17261401354,834.9863307947104,47.659037145816804,0.091944373666803081,0,1412085.913273253,1188.3122120357314,67.826039499756348,0.32949561102782582,1
2,2012-02-22,2007,739576.48915374908,859.9863307947104,48.395404096494673,0.69463340838290966,1,1472126.5238750395,1213.3122120357314,68.278683851194785,0.99300943656971896,1
2,2012-02-23,2008,740436.72548454371,860.4863307947104,48.409920157227027,0.4966675660882196,1,1473340.0860870753,1213.8122120357314,68.287606865582646,0.97294197506800228,1
2,2012-02-24,2009,731001.6258458019,854.9863307947104,48.249792934238734,0.0021474530248555656,0,1460018.4017546822,1208.3122120357314,68.189176751452109,3.2301585584759991e-05,0
2,2012-02-27,2010,746472.37980010675,863.9863307947104,48.511304368035397,0.89063359457946079,1,1481849.0215713254,1217.3122120357314,68.349927683084303,0.91104510292897145,1
2,2012-02-28,2011,727585.68052262312,852.9863307947104,48.19131812399494,0.065374808064358497,0,1455189.1529065394,1206.3122120357314,68.1532323184029,0.0028701803315901281,0
2,2012-02-29,2012,635187.21147361549,796.9863307947104,46.498619066202473,0.3581590290547067,1,1323218.1851585375,1150.3122120357314,67.11273115727721,0.00048557451739064488,0
2,2012-03-01,2013,624078.40284248965,789.9863307947104,46.279222659326912,0.97587889762911484,1,1307162.8141900371,1143.3122120357314,66.977868309064519,0.91682433480988168,1
2,2012-03-02,2014,620922.45751931076,787.9863307947104,46.216207084733746,0.77151432739391357,1,1302593.5653418943,1141.3122120357314,66.939132670717385,0.048837415488192731,0
2,2012-03-05,2015,565483.4417020916,751.9863307947104,45.056101305854426,0.7976094972312342,1,1221715.0860753215,1105.3122120357314,66.226016299324826,0.10982856596944858,0
2,2012-03-06,2016,578339.4593256017,760.4863307947104,45.334505561532659,0.18321610811279043,0,1240577.643679929,1113.8122120357314,66.397151239089808,0.05329324539586789,0
2,2012-03-07,2017,593649.18594149593,770.4863307947104,45.658449232279139,0.041364139493259879,0,1262953.8879206437,1123.8122120357314,66.596279231747047,0.58210137856251598,1
2,2012-03-09,2018,609158.91255739005,780.4863307947104,45.978576188200911,0.0047927100225140344,0,1285530.1321613584,1133.8122120357314,66.793061091942945,0.13379794764408351,0
2,2012-03-12,2019,597507.86759546946,772.9863307947104,45.73883614169884,0.19403510541837893,0,1268579.1989808222,1126.3122120357314,66.64569301986576,0.9004318988857748,1
2,2012-03-13,2020,528872.6808277535,727.2363307947104,44.229060714289822,0.89619376559747688,1,1167614.6940795528,1080.5622120357314,65.717634911706341,0.5704333839541943,1
2,2012-03-14,2021,534341.01580871374,730.9863307947104,44.35596667443631,0.39114898252879932,1,1175732.9731698208,1084.3122120357314,65.795643934207007,0.44864194004281693,1
2,2012-03-15,2022,549060.74242460798,740.9863307947104,44.691576043106778,0.63124236422451674,1,1197519.2174105356,1094.3122120357314,66.001942824833009,0.49659388487703432,1
2,2012-03-16,2023,554259.89674017101,744.4863307947104,44.80808491090643,0.042923415109932812,0,1205191.6528947856,1097.8122120357314,66.073560760501437,0.12981518305159867,0
2,2012-03-19,2024,536170.04413570056,732.2363307947104,44.398140415019576,0.49001202623119733,1,1178445.3161999101,1085.5622120357314,65.821568108881706,0.046569934433049888,0
2,2012-03-21,2025,582529.69664497254,763.2363307947104,45.423974455867302,0.51019280551274671,1,1246711.1733461255,1116.5622120357314,66.452147718240226,0.94208596481417206,1
2,2012-03-26,2026,600603.81291864824,774.9863307947104,45.802974633257115,0.048180304300019433,0,1273088.4478289653,1128.3122120357314,66.685118914641322,0.10733382757533094,0
2,2012-03-27,2027,576060.25033321755,758.9863307947104,45.285580596343102,0.00079220986949714821,0,1237238.4570438219,1112.3122120357314,66.367077090437434,0.47954513416412287,1
2,2012-03-28,2028,548320.00609381322,740.4863307947104,44.674891752320384,0.065910185684789416,0,1196425.1551984998,1093.8122120357314,65.991687000647445,0.30419165440523599,1
2,2012-03-29,2029,555749.8694017604,745.4863307947104,44.841283055320922,0.48369305517264893,1,1207388.2773188571,1098.8122120357314,66.093967641246991,0.58611304367530026,1
2,2012-03-30,2030,549060.74242460798,740.9863307947104,44.691576043106778,0.27071682528689867,1,1197519.2174105356,1094.3122120357314,66.001942824833009,0.29490613038065161,1
2,2012-04-11,2031,564731.70537129685,751.4863307947104,45.03963624781003,0.017365101751408634,0,1220610.0238632858,1104.8122120357314,66.215895237382767,0.26952666120884622,1
2,2012-04-12,2032,561729.76004811807,749.4863307947104,44.973677215404159,0.017647004661719302,0,1216194.775015143,1102.8122120357314,66.175350257169598,0.00089594252267924726,0
2,2012-04-13,2033,541675.87911666092,735.9863307947104,44.524278934949209,0.58132824139312544,1,1186601.0952901782,1089.3122120357314,65.899105386311646,0.0017630331123855323,0
2,2012-04-16,2034,516222.60753884603,718.4863307947104,43.930683631593418,0.48621174203888384,1,1148781.4178689276,1071.8122120357314,65.534222686379167,0.12021504084706071,0
2,2012-04-17,2035,528509.12516235607,726.9863307947104,44.220579732038345,0.023526890638366386,0,1167074.475473535,1080.3122120357314,65.712421656674664,9.132680338692796e-05,0
2,2012-04-18,2036,537268.96113189263,732.9863307947104,44.423413987558206,0.017848123417817753,0,1180074.2220179639,1086.3122120357314,65.837103759741296,0.12544233077245473,0
2,2012-04-19,2037,524880.44350838254,724.4863307947104,44.135627827883667,0.089038962698794813,0,1161679.1644133565,1077.8122120357314,65.660201768853568,0.0022305178435885701,0
2,2012-04-20,2038,506924.53523851477,711.9863307947104,43.706957077637227,0.72180714517971523,1,1134890.109112463,1065.3122120357314,65.396698099185471,0.16525678752132383,0
2,2012-04-23,2039,536536.22480109788,732.4863307947104,44.406567492859075,0.0044072191888289026,0,1178988.1598059281,1085.8122120357314,65.826748228901565,0.085559598839544851,0
2,2012-04-24,2040,519460.85852742218,720.7363307947104,44.007713680031166,0.52470989764583498,1,1153609.6353230884,1074.0622120357314,65.581573013935667,0.35161913906100817,1
2,2012-04-25,2041,542412.11544745555,736.4863307947104,44.541054175670418,0.024523660782983563,0,1187690.657502214,1089.8122120357314,65.90941711737112,0.079617935550241534,0
2,2012-04-26,2042,557241.84206334979,746.4863307947104,44.874441286126263,0.48282926161875805,1,1209586.9017429284,1099.8122120357314,66.114349987119411,0.60920578014714977,1
2,2012-04-27,2043,534341.01580871374,730.9863307947104,44.35596667443631,0.71490763365519128,1,1175732.9731698208,1084.3122120357314,65.795643934207007,0.13125054182527485,0
2,2012-05-02,2044,469891.50970639515,685.4863307947104,42.776058083913284,0.041084788485672354,0,1079130.8118745694,1038.8122120357314,64.824475010030042,0.051496433158078468,0
2,2012-05-08,2045,442872.05647460674,665.4863307947104,42.05284870740666,0.4638248798954851,1,1037978.32339314,1018.8122120357314,64.379918612052535,0.0061686741048409587,0
2,2012-05-09,2046,464423.61906003742,681.4863307947104,42.63286398465501,0.23102211942244977,0,1070836.3141782836,1034.8122120357314,64.736453677555915,0.020775090138206571,0
2,2012-05-10,2047,443537.79280540143,665.9863307947104,42.071151661068249,0.43351166667274027,1,1038997.3856051757,1019.3122120357314,64.391169427399333,0.27721094179566474,1
2,2012-05-11,2048,411504.71259646059,641.4863307947104,41.160496040725725,0.12478664039355707,0,989651.33721542498,994.81221203573136,63.831389928503782,0.29038961056274598,1
2,2012-05-14,2049,408942.76727328176,639.4863307947104,41.084891152888559,0.84605627310018849,1,985676.08836728206,992.81221203573136,63.784915646368866,0.67201353031056876,1
2,2012-05-15,2050,398774.98598056642,631.4863307947104,40.780518617675845,0.96048464578991866,1,969855.09297471028,984.81221203573136,63.597818019743713,0.83564614226075695,1
2,2012-05-16,2051,405751.58561930823,636.9863307947104,40.990111376750995,0.37415415172785071,1,980718.27730710339,990.31221203573136,63.726654571153887,0.8282132935903993,1
2,2012-05-17,2052,452237.86510573264,672.4863307947104,42.308042201617511,0.25353851388119564,1,1052290.6943616404,1025.8122120357314,64.536785909766053,0.76469852552325845,1
2,2012-05-18,2053,456281.78309050092,675.4863307947104,42.416724068741622,0.11135629196482587,0,1058454.5676338547,1028.8122120357314,64.603592592510608,0.33111496142400804,1
2,2012-05-21,2054,442872.05647460674,665.4863307947104,42.05284870740666,0.14629847388851222,0,1037978.32339314,1018.8122120357314,64.379918612052535,0.69389740734855898,1
2,2012-05-22,2055,399406.72231136111,631.9863307947104,40.799634008696607,0.43773362822125705,1,970840.15518674604,985.31221203573136,63.609568239879366,0.49804675689879441,1
2,2012-05-23,2056,425738.41187394422,652.4863307947104,41.572878674400151,0.0063633851025774908,0,1011658.2058802111,1005.8122120357314,64.084881302053603,0.0065075873743801289,0
2,2012-05-25,2057,438888.13848983846,662.4863307947104,41.942787641323861,0.94591893047441211,1,1031874.4501209257,1015.8122120357314,64.312264136481886,0.22105170558625803,0
2,2012-05-29,2058,388111.96835705632,622.9863307947104,40.453657843812366,0.21695012496570332,0,953185.53537010285,976.31221203573136,63.396896885437101,0.015790644094518115,0
2,2012-05-30,2059,410863.4762656659,640.9863307947104,41.141613016348551,0.86474634594462807,1,988656.77500338922,994.31221203573136,63.81978254401357,0.25842737485266731,1
2,2012-05-31,2060,474702.16402195807,688.9863307947104,42.900767795436515,0.86856537211443186,1,1086414.7473588195,1042.3122120357314,64.901133999734213,0.97992297462477251,1
2,2012-06-01,2061,515504.37120805128,717.9863307947104,43.913537051664242,0.042784687585028583,0,1147709.8556568918,1071.3122120357314,65.5236826933169,0.33670552103516177,1
2,2012-06-06,2062,474702.16402195807,688.9863307947104,42.900767795436515,0.14357727885843874,0,1086414.7473588195,1042.3122120357314,64.901133999734213,0.14426009805770035,0
2,2012-06-07,2063,434922.22050507017,659.4863307947104,41.832307693923909,0.72420825653425247,1,1025788.5768487112,1012.8122120357314,64.244352174800596,0.9820849529755854,1
2,2012-06-08,2064,444870.76546699082,666.9863307947104,42.10772290370646,0.60973778864260808,1,1041037.0100292473,1020.3122120357314,64.413649749730524,0.05711320766955591,0
2,2012-06-11,2065,471263.48236798454,686.4863307947104,42.811744982520139,0.51587249873477969,1,1081209.4362986407,1039.8122120357314,64.846411726581309,0.97343752068496903,1
2,2012-06-12,2066,493487.04495341529,702.4863307947104,43.376741635980878,0.61598213701979088,1,1114739.4270837842,1055.8122120357314,65.193714852468744,0.46235080873532425,1
2,2012-06-13,2067,485093.20898387878,696.4863307947104,43.166181022293799,0.81716714296805448,1,1102105.6805393554,1049.8122120357314,65.064283361371636,0.93704503686058904,1
2,2012-06-14,2068,504435.64558073331,710.2363307947104,43.646417624502099,0.095460299457489517,0,1131164.5788703379,1063.5622120357314,65.359484531309349,2.7727995749085275e-05,0
2,2012-06-15,2069,487883.15430705762,698.4863307947104,43.2365416771718,0.62629186257564951,1,1106308.9293874984,1051.8122120357314,65.107534016448867,0.95613706144961286,1
2,2012-06-18,2070,501952.88092295179,708.4863307947104,43.585747818807164,0.61341536078814529,1,1127445.1736282129,1061.8122120357314,65.322190835787836,0.90802611740719441,1
2,2012-06-19,2071,467837.30071401101,683.9863307947104,42.722444147077475,0.32836319275198517,1,1076016.6252384621,1037.3122120357314,64.791518553137493,0.47279242123026677,1
2,2012-06-20,2072,442206.82014381199,664.9863307947104,42.034534184242119,0.0026473123425105236,0,1036959.7611811043,1018.3122120357314,64.368660684938774,0.00031594520592323282,0
2,2012-06-21,2073,426391.14820473897,652.9863307947104,41.59148603787964,0.88617070388909047,1,1012664.2680922467,1006.3122120357314,64.09631923794467,0.77850403236376287,1
2,2012-06-25,2074,434262.98417427548,658.9863307947104,41.813853476821727,0.33612996232002629,1,1024776.0146366755,1012.3122120357314,64.23300837790174,0.10425047337801686,0
2,2012-06-26,2075,430974.30252030195,656.4863307947104,41.721406469317465,0.37683893914883471,1,1019720.7035764969,1009.8122120357314,64.176181254256832,0.33529616550475017,1
2,2012-06-27,2076,411504.71259646059,641.4863307947104,41.160496040725725,0.2540054464911074,1,989651.33721542498,994.81221203573136,63.831389928503782,0.42934701808299608,1
2,2012-06-28,2077,464423.61906003742,681.4863307947104,42.63286398465501,0.080595483101105897,0,1070836.3141782836,1034.8122120357314,64.736453677555915,0.10794762257655162,0
2,2012-06-29,2078,490681.09963023645,700.4863307947104,43.306728333521512,0.0064352148012146457,0,1110520.1782356412,1053.8122120357314,65.15067771472836,0.022909109469204249,0
2,2012-07-03,2079,471950.21869877924,686.9863307947104,42.829571745306133,0.81679376097635015,1,1082249.4985106764,1040.3122120357314,64.857369827664044,0.033600453492090988,0
2,2012-07-05,2080,448881.68345175911,669.9863307947104,42.217160100485849,0.095035059432203708,0,1047167.8833014616,1023.3122120357314,64.480920733190388,0.0379396555078194,0
2,2012-07-06,2081,446205.73812858027,667.9863307947104,42.144247999666277,0.10274391653318263,0,1043078.6344533187,1021.3122120357314,64.436101705724383,0.64477829689874433,1
2,2012-07-09,2082,460004.52040987182,678.2363307947104,42.5159900200414,0.068675260410882691,0,1064120.5973000512,1031.5622120357314,64.664611317080784,0.0028498654857728864,0
2,2012-07-10,2083,435581.95683586493,659.9863307947104,41.850750208922669,0.23802694807533598,0,1026801.639060747,1013.3122120357314,64.255688778423036,0.0053579484478775627,0
2,2012-07-11,2084,408623.08660788444,639.2363307947104,41.075426878374962,0.065729203738991923,0,985179.74476126418,992.56221203573136,63.779097962135346,0.045713502839311741,0
2,2012-07-12,2085,460343.7010752692,678.4863307947104,42.524997229377021,0.0038176986174194138,0,1064636.440906069,1031.8122120357314,64.670148043605849,0.0010069714517278491,0
2,2012-07-13,2086,446539.79379397765,668.2363307947104,42.153372073471715,0.015460536008997551,0,1043589.3530593365,1021.5622120357314,64.441710268773463,0.25367378484474551,1
2,2012-07-17,2087,434592.53983967286,659.2363307947104,41.823082048831743,0.59701966799613237,1,1025282.2332426934,1012.5622120357314,64.238681175938552,0.055902293431011461,0
2,2012-07-20,2088,429334.64919331513,655.2363307947104,41.675072717106723,0.6274747146959273,1,1017197.7355464075,1008.5622120357314,64.147699922768737,0.93718898874996959,1
2,2012-07-23,2089,443870.84847079875,666.2363307947104,42.080298802760801,0.058382020589081762,0,1039507.1042111936,1019.5622120357314,64.396792170265684,0.40038487505692927,1
2,2012-07-24,2090,467837.30071401101,683.9863307947104,42.722444147077475,0.14253857125784533,0,1076016.6252384621,1037.3122120357314,64.791518553137493,0.004398431236588585,0
2,2012-07-25,2091,491381.83596103115,700.9863307947104,43.324247885952431,0.071750074939317746,0,1111574.240447677,1054.3122120357314,65.161446973778197,0.17433393425024907,0
2,2012-07-26,2092,491732.39162642852,701.2363307947104,43.333003602330322,0.4809018870823128,1,1112101.4590536947,1054.5622120357314,65.166829107723245,0.98879209582317817,1
2,2012-07-27,2093,491031.40529563377,700.7363307947104,43.315489463434425,0.23222346422820536,0,1111047.1468416592,1054.0622120357314,65.156063176370353,0.0014525921259552434,0
2,2012-07-30,2094,497005.72660738882,704.9863307947104,43.464015462065994,0.63111597912265005,1,1120024.7381439628,1058.3122120357314,65.247362024397731,0.96507771361132844,1
2,2012-07-31,2095,465105.35539083218,681.9863307947104,42.650802426185763,0.96004223951229317,1,1071871.3763903191,1035.3122120357314,64.747480427500406,0.75417087345909029,1
2,2012-08-01,2096,462381.41006765334,679.9863307947104,42.57898126454041,0.069427178985082272,0,1067734.1275421763,1033.3122120357314,64.703331999732711,0.0011430294639190092,0
2,2012-08-02,2097,469206.2733756004,684.9863307947104,42.758197927260319,0.85001326405140742,1,1078092.2496625336,1038.3122120357314,64.813496381756025,0.44606160797677674,1
2,2012-08-03,2098,480230.0546683158,692.9863307947104,43.042629241907477,0.0056189255325064516,0,1094769.2450551053,1046.3122120357314,64.988336151287669,0.00011267186934702498,0
2,2012-08-06,2099,481617.02732990519,693.9863307947104,43.07798453101865,0.0021820032866029415,0,1096862.8694791768,1047.3122120357314,65.010069027667996,0.12647280831115493,0
2,2012-08-07,2100,484745.0283184814,696.2363307947104,43.157373673932149,0.039628482947080712,0,1101580.8369333376,1049.5622120357314,65.058869489275153,0.00069867459660990128,0
2,2012-08-08,2101,487184.91797626286,697.9863307947104,43.218967851065656,0.009833152317110341,0,1105257.3671754627,1051.3122120357314,65.096731395401321,0.00071065964528172799,0
2,2012-08-09,2102,492083.07229182584,701.4863307947104,43.341756613822078,0.0014550990662790869,0,1112628.8026597127,1054.8122120357314,65.172209578976293,0.035165239398902481,0
2,2012-08-10,2103,497710.96293818357,705.4863307947104,43.481437953449017,0.15590097426917687,0,1121083.3003559986,1058.8122120357314,65.258071620075896,0.21300074456325838,0
2,2012-08-13,2104,463401.95206384535,680.7363307947104,42.605935271144446,0.072666848975937934,0,1069284.6583602298,1034.0622120357314,64.719900612469488,0.25827672808991653,1
2,2012-08-14,2105,472637.45502957399,687.4863307947104,42.847387397613609,0.79054660499194673,1,1083290.0607227122,1040.8122120357314,64.86832109914188,0.029522074201496912,0
2,2012-08-16,2106,486835.98731086554,697.7363307947104,43.210176856771042,0.40693164253452901,1,1104731.7735694447,1051.0622120357314,65.091327576140671,0.30351044021575124,1
2,2012-08-17,2107,521986.4981852037,722.4863307947104,44.067479767899378,0.32326783029521727,1,1157371.9155652134,1075.8122120357314,65.618311194616126,0.046436409115428658,0
2,2012-08-21,2108,525605.17983917729,724.9863307947104,44.152638903453742,0.0035352232027651138,0,1162757.226625392,1078.3122120357314,65.670658467462331,0.0001563452902185543,0
2,2012-08-22,2109,559857.60672113125,748.2363307947104,44.932372364192183,0.57646787809413347,1,1213439.3069850537,1101.5622120357314,66.149960188303936,0.7058701200233698,1
2,2012-08-23,2110,562479.49637891282,749.9863307947104,44.990181811320362,0.99629239591094065,1,1217297.8372271787,1103.3122120357314,66.185495623019278,0.99885336512822953,1
2,2012-08-24,2111,563980.46904050221,750.9863307947104,45.023161318627722,0.96421608691212657,1,1219505.46165125,1104.3122120357314,66.205768107657761,0.99951934166579948,1
2,2012-08-28,2112,552028.68774778687,742.9863307947104,44.758212698476527,0.010494172856184227,0,1201900.4662586784,1096.3122120357314,66.042904339501888,0.011723306462912969,0
2,2012-08-29,2113,552771.92407858151,743.4863307947104,44.774846780771476,0.47634272084898638,1,1202997.0284707141,1096.8122120357314,66.053129300555938,0.52581141761900196,1
2,2012-08-30,2114,535072.25213950849,731.4863307947104,44.372843845599661,0.0034149435835356761,0,1176817.5353818566,1084.8122120357314,65.806018321852065,0.00013444679648506649,0
2,2012-08-31,2115,608378.67622659542,779.9863307947104,45.962659445769617,0.42446995972577534,1,1284396.5699493226,1133.3122120357314,66.783277079300603,0.5064790014776952,1
2,2012-09-04,2116,597507.86759546946,772.9863307947104,45.73883614169884,0.0011167993557527052,0,1268579.1989808222,1126.3122120357314,66.64569301986576,4.8620827495786671e-06,0
2,2012-09-05,2117,614634.56687295309,783.9863307947104,46.089731381229299,0.91072698800992924,1,1293479.0676456084,1137.3122120357314,66.861388126733175,0.99776431620989381,1
2,2012-09-06,2118,657698.8287358674,810.9863307947104,46.932079328397592,0.7957372629004178,1,1355622.9270955378,1164.3122120357314,67.379178937252973,0.96044409247771645,1
2,2012-09-07,2119,664202.71938222507,814.9863307947104,47.054638036646097,0.79919411334686119,1,1364953.4247918236,1168.3122120357314,67.454515706451005,0.95767797547581901,1
2,2012-09-10,2120,671967.65202477481,819.7363307947104,47.199443258656132,0.042599153985655308,0,1376074.9533061632,1173.0622120357314,67.54352739517671,0.027654726603362548,0
2,2012-09-11,2121,672377.58269017225,819.9863307947104,47.207042647939573,0.52177213866414052,1,1376661.546912181,1173.3122120357314,67.548198735505551,0.040285984568035102,0
2,2012-09-12,2122,666241.74770921189,816.2363307947104,47.092821623811361,0.35532842772878459,1,1367875.7678219131,1169.5622120357314,67.477987136058346,0.60336190980941207,1
2,2012-09-13,2123,736998.78016136494,858.4863307947104,48.351806859741501,0.9549109450212786,1,1468488.8372389323,1211.8122120357314,68.251884654223119,0.9571278028456518,1
2,2012-09-14,2124,726732.94419182837,852.4863307947104,48.176678767714634,0.94566114834689574,1,1453983.0906945036,1205.8122120357314,68.144233514310898,0.97180615628268296,1
2,2012-09-18,2125,708099.24491434474,841.4863307947104,47.852506727023624,7.5352660122833816e-05,0,1427576.2220297174,1194.8122120357314,67.94496514277688,6.199309352685045e-05,0
2,2012-09-20,2126,752532.53411566967,867.4863307947104,48.612290882303746,0.99542387484324524,1,1490382.4570555754,1220.8122120357314,68.412004036745941,0.99789868832291884,1
2,2012-09-21,2127,714847.13556070242,845.4863307947104,47.970855647926832,0.0001202356485223559,0,1437150.7197260032,1198.8122120357314,68.017714158055682,0.00022169403661156015,0
2,2012-09-24,2128,730146.88951500726,854.4863307947104,48.235186609918735,0.9819884797737054,1,1458810.3395426464,1207.8122120357314,68.180198252087578,0.99994127683440437,1
2,2012-09-25,2129,685147.43331749027,827.7363307947104,47.441543533154345,2.7909524953978867e-06,0,1394907.9486987349,1181.0622120357314,67.692346298078888,9.0877173394108022e-12,0
2,2012-09-26,2130,715692.87189149717,845.9863307947104,47.985611502819644,0.10297934390347036,0,1438349.781938039,1199.3122120357314,68.026784573779437,0.98766367144220268,1
2,2012-09-27,2131,737857.51649215969,858.9863307947104,48.366347454657117,0.020938644919541713,0,1469700.899450968,1212.3122120357314,68.260822749759654,0.59535100027436383,1
2,2012-09-28,2132,734425.57116898079,856.9863307947104,48.308135895981422,0.002756764542030673,0,1464855.6506028252,1210.3122120357314,68.225040137301647,7.5249091267677786e-06,0
2,2012-10-09,2133,712734.98223371571,844.2363307947104,47.933929356690442,0.2444375559585473,0,1434155.251695914,1197.5622120357314,67.995015587550398,0.00051062191904874537,0
2,2012-10-10,2134,725880.70786103373,851.9863307947104,48.162031135936147,0.065811805063769213,0,1452777.5284824679,1205.3122120357314,68.13522962327481,0.29928148824750866,1
2,2012-10-11,2135,722051.83187245752,849.7363307947104,48.096014195257411,0.91846792107528585,1,1447358.6860283071,1203.0622120357314,68.094649046878814,0.15296164318897157,0
2,2012-10-12,2136,670738.61002858286,818.9863307947104,47.176631958220646,0.75453060640716163,1,1374315.9224881097,1172.3122120357314,67.529505301597425,0.10670972741533144,0
2,2012-10-15,2137,688047.57297527173,829.4863307947104,47.494207317189257,0.16811361809359673,0,1399044.7289408599,1182.8122120357314,67.724718696577796,0.00025511010867054117,0
2,2012-10-16,2138,692201.25462924526,831.9863307947104,47.569258478828495,0.30580333507425705,1,1404965.0400010387,1185.3122120357314,67.770852603529519,0.98528309607091524,1
2,2012-10-17,2139,682253.4186597087,825.9863307947104,47.388773998549077,0.0014807003165062684,0,1390777.2934566098,1179.3122120357314,67.659908894763703,0.16406406852706568,0
2,2012-10-18,2140,672377.58269017225,819.9863307947104,47.207042647939573,0.078695541327837973,0,1376661.546912181,1173.3122120357314,67.548198735505551,0.0001462832958563892,0
2,2012-10-19,2141,655672.92540888069,809.7363307947104,46.89366328621459,0.89631080524421303,1,1352713.7090654485,1163.0622120357314,67.355564617676649,0.03013237475903871,0
2,2012-10-22,2142,630414.29348884732,793.9863307947104,46.404811852408557,0.62222367835996351,1,1316325.3118863229,1147.3122120357314,67.055067915589206,0.06019803932698773,0
2,2012-10-23,2143,637580.42046599963,798.4863307947104,46.54539963828099,0.034477075571200354,0,1326671.3717946445,1151.8122120357314,67.141487148687347,0.78756308055206192,1
2,2012-10-25,2144,643182.07478156267,801.9863307947104,46.654236811792344,0.017948562280400614,0,1334746.3072788948,1155.3122120357314,67.208389298181004,0.13120159585520044,0
2,2012-10-31,2145,638778.7124621917,799.2363307947104,46.568759259706361,0.98780127596925194,1,1328399.6526126983,1152.5622120357314,67.155846294871452,0.96864156585170869,1
2,2012-11-01,2146,589803.00428752229,767.9863307947104,45.577823786036227,0.86841484640435995,1,1257341.0768604649,1121.3122120357314,66.546718815176931,0.75306534814439263,1
2,2012-11-02,2147,587501.29529513826,766.4863307947104,45.529333578539379,0.75270774021907261,1,1253979.3902243578,1119.8122120357314,66.516911911834356,0.88477162128994968,1
2,2012-11-05,2148,599054.84025705885,773.9863307947104,45.770924352141364,0.00010195838734820806,0,1270832.8234048937,1127.3122120357314,66.665417624821487,0.10959767789339925,0
2,2012-11-06,2149,637181.23980060231,798.2363307947104,46.537608558210778,0.0054221596083756096,0,1326095.5281886267,1151.5622120357314,67.136697976139416,0.41265878907860426,1
2,2012-11-07,2150,639978.12945838377,799.9863307947104,46.592098473774627,0.0061572942743330673,0,1330129.0584307518,1153.3122120357314,67.170192896664616,0.20299785313606319,0
2,2012-11-08,2151,674429.11101715895,821.2363307947104,47.245006805391078,0.024316103446086555,0,1379596.3899422705,1174.5622120357314,67.571535281790958,0.15062107982550321,0
2,2012-11-09,2152,669510.69303239079,818.2363307947104,47.153800939041083,0.01132088899461911,0,1372558.0166700559,1171.5622120357314,67.515471086917231,2.7218594719361844e-05,0
2,2012-11-12,2153,628827.32082725782,792.9863307947104,46.373469637117566,0.26081505414253908,1,1314031.6874622516,1146.3122120357314,67.035801873434593,0.0021179169672846366,0
2,2012-11-15,2154,634390.47514282085,796.4863307947104,46.483007341389573,0.010330967284169381,0,1322068.1229465017,1149.8122120357314,67.103134638793776,0.012191106853065688,0
2,2012-11-16,2155,664610.2750476225,815.2363307947104,47.062279162633011,0.012720098136328939,0,1365537.6433978416,1168.5622120357314,67.459212702308065,0.031714460709538726,0
2,2012-11-20,2156,651226.93808950973,806.9863307947104,46.808951902245383,0.13413513687649692,0,1346324.4293992519,1160.3122120357314,67.303492577478622,0.095558521869417865,0
2,2012-11-21,2157,694699.4636216294,833.4863307947104,47.614186277904054,0.11316734096280374,0,1408523.2266371457,1186.8122120357314,67.798469696414244,0.10646889604022999,0
2,2012-11-26,2158,687632.89230987441,829.2363307947104,47.486690381944761,0.71341274735227622,1,1398453.3853348421,1182.5622120357314,67.720098040700435,0.059809503884081391,0
2,2012-11-27,2159,652841.91075109923,807.9863307947104,46.839787292446978,0.24668255639667558,0,1348646.0538233235,1161.3122120357314,67.322447074535148,0.090601339763531838,0
2,2012-11-29,2160,654458.88341268862,808.9863307947104,46.870586952184844,0.63602450734460636,1,1350969.678247395,1162.3122120357314,67.341379608095679,0.021288850232411491,0
2,2012-11-30,2161,644787.04744315206,802.9863307947104,46.68525179039014,0.035270923440668685,0,1337057.9317029661,1156.3122120357314,67.227454188123914,0.30549390494956674,1
2,2012-12-03,2162,609549.21822278749,780.7363307947104,45.986531043717292,0.51183204188305298,1,1286097.1007673761,1134.0622120357314,66.797950937165737,0.37297652210448257,1
2,2012-12-04,2163,603707.75824182713,776.9863307947104,45.866961676193057,0.59178248789529808,1,1277605.6966771081,1130.3122120357314,66.724451714033734,0.84320991357931585,1
2,2012-12-05,2164,604096.31390722445,777.2363307947104,45.874949434540966,0.00084649701673504747,0,1278170.9152831261,1130.5622120357314,66.729361784608614,0.025902639712873699,0
2,2012-12-06,2165,615418.80320374784,784.4863307947104,46.105573364367345,0.0020590339668803389,0,1294616.6298576442,1137.8122120357314,66.871126184879898,0.3112200978753184,1
2,2012-12-07,2166,632798.50248123147,795.4863307947104,46.451756542756812,0.45481598027254938,1,1319769.4985224302,1148.8122120357314,67.083924790407664,0.40229124712470787,1
2,2012-12-10,2167,628827.32082725782,792.9863307947104,46.373469637117566,0.62022572104530316,1,1314031.6874622516,1146.3122120357314,67.035801873434593,0.64698667716446978,1
2,2012-12-11,2168,638778.7124621917,799.2363307947104,46.568759259706361,0.021559556203078568,0,1328399.6526126983,1152.5622120357314,67.155846294871452,0.2260974166815671,0
2,2012-12-12,2169,601766.85491484031,775.7363307947104,45.826987493410748,0.0018262151033597051,0,1274781.4786470188,1129.0622120357314,66.699879606305203,3.4376086841425185e-06,0
2,2012-12-13,2170,607209.25923040335,779.2363307947104,45.938766738081675,0.94009412406548942,1,1282697.1641312689,1132.5622120357314,66.768590245289985,0.65267937121830943,1
2,2012-12-14,2171,606430.27289960859,778.7363307947104,45.922826524824437,0.32826166404919271,1,1281564.8519192331,1132.0622120357314,66.758791805144114,0.023865431050941834,0
2,2012-12-17,2172,603707.75824182713,776.9863307947104,45.866961676193057,0.5388959570633336,1,1277605.6966771081,1130.3122120357314,66.724451714033734,0.48402919180323939,1
2,2012-12-18,2173,559483.55105573393,747.9863307947104,44.924103951634258,0.78374718061116033,1,1212888.5883790357,1101.3122120357314,66.144877599743623,0.68084869050473584,1
2,2012-12-19,2174,538002.19746268727,733.4863307947104,44.440250275353556,0.11277573439084423,0,1181160.7842299994,1086.8122120357314,65.847453016402994,0.0030166398734058652,0
2,2012-12-20,2175,539470.17012427677,734.4863307947104,44.473892267315193,0.37316282431854941,1,1183335.4086540709,1087.8122120357314,65.868132729986755,0.13638660293802132,0
2,2012-12-21,2176,545362.06077063445,738.4863307947104,44.608053808197546,0.34442250346374731,1,1192053.9063503568,1091.8122120357314,65.950601753894972,0.80779691913895912,1
2,2012-12-27,2177,548320.00609381322,740.4863307947104,44.674891752320384,0.035695734633682176,0,1196425.1551984998,1093.8122120357314,65.991687000647445,0.65789420613331506,1
2,2012-12-28,2178,534341.01580871374,730.9863307947104,44.35596667443631,0.067561126598668211,0,1175732.9731698208,1084.3122120357314,65.795643934207007,0.017965570520823183,0
2,2013-01-04,2179,530328.15348934289,728.2363307947104,44.262958869151213,0.036230549677679372,0,1169776.8185036243,1081.5622120357314,65.738472088480862,0.0048009000379683761,0
2,2013-01-07,2180,546100.7971014292,738.9863307947104,44.624778429632272,0.74673554982312818,1,1193145.9685623925,1092.3122120357314,65.960882369307456,0.60901833962756524,1
2,2013-01-08,2181,548690.31175921066,740.7363307947104,44.683235155765971,0.16903826154939772,0,1196972.1238045176,1094.0622120357314,65.996815686064323,0.18470804555426409,0
2,2013-01-09,2182,574543.27767162817,757.9863307947104,45.252915271325996,0.12367488351513556,0,1235014.8326197504,1111.3122120357314,66.346997733476499,0.4187268328654159,1
2,2013-01-10,2183,548320.00609381322,740.4863307947104,44.674891752320384,0.84223862225033064,1,1196425.1551984998,1093.8122120357314,65.991687000647445,0.46491527914386516,1
2,2013-01-11,2184,576439.80599861487,759.2363307947104,45.293740837864895,0.4194090542037987,1,1237794.6756498397,1112.5622120357314,66.372093186322516,0.19160835420969241,0
2,2013-01-16,2185,574543.27767162817,757.9863307947104,45.252915271325996,0.22296908519013381,0,1235014.8326197504,1111.3122120357314,66.346997733476499,0.49643265792555641,1
2,2013-01-17,2186,595191.15860308532,771.4863307947104,45.6906325611318,0.0012954876338459127,0,1265202.5123447152,1124.8122120357314,66.616062305936126,0.02297014768106214,0
2,2013-01-18,2187,598281.10392626422,773.4863307947104,45.754884992292837,0.23984359003152539,0,1269705.761192858,1126.8122120357314,66.655558239321593,0.014993497032466725,0
2,2013-01-22,2188,597894.42326086678,773.2363307947104,45.746861753865424,0.78507728008806166,1,1269142.4175868402,1126.5622120357314,66.650626359161748,0.97311853939867521,1
2,2013-01-23,2189,568495.38702527049,753.9863307947104,45.121863003872555,0.75424717789154838,1,1226140.3349234646,1107.3122120357314,66.266439978200566,0.97134752443377226,1
2,2013-01-24,2190,546840.03343222383,739.4863307947104,44.641492954706329,0.66109606070236027,1,1194238.5307744283,1092.8122120357314,65.971156778492684,0.12573397108910045,0
2,2013-01-28,2191,557241.84206334979,746.4863307947104,44.874441286126263,0.89812677741691505,1,1209586.9017429284,1099.8122120357314,66.114349987119411,0.51096272346988592,1
2,2013-01-29,2192,578339.4593256017,760.4863307947104,45.334505561532659,0.67102379443908011,1,1240577.643679929,1113.8122120357314,66.397151239089808,0.44476541690007088,1
2,2013-01-30,2193,559109.62039033661,747.7363307947104,44.915833055696673,0.24888545670378065,0,1212337.9947730179,1101.0622120357314,66.139793484651236,0.61937048588437371,1
2,2013-01-31,2194,565483.4417020916,751.9863307947104,45.056101305854426,0.42395981716606856,1,1221715.0860753215,1105.3122120357314,66.226016299324826,0.68296026633814921,1
2,2013-02-01,2195,560980.52371732332,748.9863307947104,44.957162712767726,0.82677867564397789,1,1215092.2128031072,1102.3122120357314,66.165198801664545,0.029970771643793595,0
2,2013-02-04,2196,572271.56867924402,756.4863307947104,45.203844086926225,0.05206209564823238,0,1231683.1459836431,1109.8122120357314,66.316833703957656,0.10295740609165679,0
2,2013-02-05,2197,573406.8606754361,757.2363307947104,45.228390670133514,0.0036262205014007719,0,1233348.4268016967,1110.5622120357314,66.331922474883172,0.50629279247159109,1
2,2013-02-06,2198,563980.46904050221,750.9863307947104,45.023161318627722,0.074710380244440044,0,1219505.46165125,1104.3122120357314,66.205768107657761,0.7544311716906581,1
2,2013-02-07,2199,564356.02470589953,751.2363307947104,45.031400017665838,0.20207787602912611,0,1220057.680257268,1104.5622120357314,66.210832431334111,0.45084549078519942,1
2,2013-02-08,2200,450893.89244414325,671.4863307947104,42.271723688681803,0.68798958322540582,1,1050240.0699375689,1024.8122120357314,64.514460940241193,0.13974752258165962,0
2,2013-02-20,2201,435581.95683586493,659.9863307947104,41.850750208922669,0.43173022948917644,1,1026801.639060747,1013.3122120357314,64.255688778423036,0.61503937260469899,1
2,2013-02-21,2202,434922.22050507017,659.4863307947104,41.832307693923909,0.057276765952175519,0,1025788.5768487112,1012.8122120357314,64.244352174800596,0.068589303101883506,0
2,2013-02-22,2203,447877.26645556703,669.2363307947104,42.189839608807588,0.0030292504714131176,0,1045633.4774834081,1022.5622120357314,64.464126842284088,0.0023332313102214252,0
2,2013-02-25,2204,453583.83776732208,673.4863307947104,42.344315045250575,0.16352151089336678,0,1054343.3187857117,1026.8122120357314,64.559082806396191,0.70445598517415198,1
2,2013-02-26,2205,472293.77436417661,687.2363307947104,42.838480959620405,0.010987091900598172,0,1082769.7171166944,1040.5622120357314,64.862846316704463,0.17547739015584862,0
2,2013-02-27,2206,450893.89244414325,671.4863307947104,42.271723688681803,0.24247293994642927,0,1050240.0699375689,1024.8122120357314,64.514460940241193,0.94713536303989587,1
2,2013-02-28,2207,442539.37580920936,665.2363307947104,42.043692892697763,0.09521000432169012,0,1037468.9797871222,1018.5622120357314,64.374290537887902,0.432155025349648,1
2,2013-03-01,2208,431959.59451649396,657.2363307947104,41.749171401919035,0.80228702656341222,1,1021235.9843945504,1010.5622120357314,64.193248342749328,0.62701420684224651,1
2,2013-03-04,2209,439219.44415523583,662.7363307947104,41.951975362855542,0.0012880443829030195,0,1032382.4187269435,1016.0622120357314,64.317911823752581,0.026849161973226517,0
2,2013-03-05,2210,431631.03885109664,656.9863307947104,41.739919364339926,0.8994911459010797,1,1020730.7657885326,1010.3122120357314,64.187561120440364,0.9311572998312081,1
2,2013-03-06,2211,438888.13848983846,662.4863307947104,41.942787641323861,0.042265368092438166,0,1031874.4501209257,1015.8122120357314,64.312264136481886,0.00035036909457573673,0
2,2013-03-07,2212,441874.38947841467,664.7363307947104,42.025372580667643,0.0057989547419330725,0,1036450.6675750865,1018.0622120357314,64.363029052361711,4.7259498448392549e-05,0
2,2013-03-08,2213,438225.90215904376,661.9863307947104,41.924403470215985,0.23545780741329936,0,1030858.8879088899,1015.3122120357314,64.300963396816428,0.12120852001672078,0
2,2013-03-11,2214,458310.49208288506,676.9863307947104,42.47091159314369,0.0050089542462981758,0,1061543.254269962,1030.3122120357314,64.636901633358306,0.0012828433087814031,0
2,2013-03-12,2215,451901.68444033532,672.2363307947104,42.298966858248257,0.87641809405637727,1,1051777.8507556224,1025.5622120357314,64.531207301288745,0.98147989550754144,1
2,2013-03-13,2216,447542.71079016966,668.9863307947104,42.180727036236469,0.15526277792109563,0,1045122.2588773902,1022.3122120357314,64.458525349037288,0.44524969665206493,1
2,2013-03-14,2217,460343.7010752692,678.4863307947104,42.524997229377021,0.019101659517847185,0,1064636.440906069,1031.8122120357314,64.670148043605849,0.0018250365332868935,0
2,2013-03-15,2218,471606.78803338192,686.7363307947104,42.820659753372432,0.58799067270699168,1,1081729.4049046587,1040.0622120357314,64.851891631222543,0.0067096459839032238,0
2,2013-03-18,2219,481270.09666450787,693.7363307947104,43.069149824287464,0.18290619030659072,0,1096339.2758731588,1047.0622120357314,65.0046383383971,0.91995986687342635,1
2,2013-03-19,2220,485441.5146492761,696.7363307947104,43.174985641810096,0.0032612883956307749,0,1102630.6491453731,1050.0622120357314,65.06969555604843,0.0769515057727721,0
2,2013-03-21,2221,477116.67867973959,690.7363307947104,42.962919035590758,0.38722711544892607,1,1090065.9026009445,1044.0622120357314,64.939338332186679,0.38478206136137655,1
2,2013-03-22,2222,465446.4110562295,682.2363307947104,42.659767440657212,0.67052751800139099,1,1072389.0949963371,1035.5622120357314,64.752991216866121,0.20589792376437149,0
2,2013-03-25,2223,463742.38272924273,680.9863307947104,42.61491431756636,0.9360286398219787,1,1069801.7519662478,1034.3122120357314,64.725420027267305,0.96416680768043694,1
2,2013-03-26,2224,464082.93839464011,681.2363307947104,42.623890554963886,0.091193284440151984,0,1070318.9705722656,1034.5622120357314,64.730937715359389,0.72867752602943336,1
2,2013-03-28,2225,444204.02913619613,666.4863307947104,42.089443056186319,0.2311503918690741,0,1040016.9478172115,1019.8122120357314,64.402413137715911,0.01559261461848932,0
2,2013-04-02,2226,432617.08084728871,657.7363307947104,41.767666664214026,0.91053609868645358,1,1022246.7966065862,1011.0622120357314,64.204617370105183,0.94884533428552875,1
2,2013-04-03,2227,432946.01151268603,657.9863307947104,41.776909891727641,0.048520951545302844,0,1022752.3902126041,1011.3122120357314,64.210299176871828,0.0065286921014953078,0
2,2013-04-08,2228,435912.01250126224,660.2363307947104,41.859967081611053,0.68269219129781944,1,1027308.3576667649,1013.5622120357314,64.261354384893409,0.51442442022716095,1
2,2013-04-09,2229,432946.01151268603,657.9863307947104,41.776909891727641,0.64883220625021865,1,1022752.3902126041,1011.3122120357314,64.210299176871828,0.79236409017156084,1
2,2013-04-10,2230,382525.34137990396,618.4863307947104,40.27914886321787,0.4553301141726111,1,944418.97546178126,971.81221203573136,63.28962631297501,0.89477396512510865,1
2,2013-04-12,2231,228470.93242659033,477.9863307947104,34.264253103563469,0.16876709322048791,0,691079.99387974082,831.31221203573136,59.592273264210135,0.98712231998951572,1
2,2013-04-15,2232,214356.342502749,462.9863307947104,33.549734115558728,0.26318509996335243,1,666365.62751866889,816.31221203573136,59.153058843168935,0.87898725341079476,1
2,2013-04-16,2233,225612.01444182204,474.9863307947104,34.122581235252184,0.24784930195102312,0,686101.12060752639,828.31221203573136,59.505187646245069,0.26275626565255233,1
2,2013-04-17,2234,227277.52909960353,476.7363307947104,34.205297276750521,0.68480493976930479,1,689003.27584965143,830.06221203573136,59.556033150545751,0.88859971291232431,1
2,2013-04-18,2235,257542.37594347823,507.4863307947104,35.625576047364717,0.51481559008430555,1,740997.66438984894,860.81221203573136,60.429077713986054,0.0036708921554654255,0
2,2013-04-22,2236,241067.57702725279,490.9863307947104,34.871188266669776,0.00017337008348328967,0,712863.11139266985,844.31221203573136,59.965355968446829,0.012281140154011957,0
2,2013-04-23,2237,285141.40147559787,533.9863307947104,36.801263321482452,0.6001737543190776,1,787322.96162774274,887.31221203573136,61.151772021759562,0.5335343660571179,1
2,2013-04-25,2238,307455.09103818098,554.4863307947104,37.681707835182493,0.87559074196354247,1,824123.01232120767,907.81221203573136,61.692980770352115,0.26904952197507059,1
2,2013-04-26,2239,304964.96504960483,552.2363307947104,37.586274003383387,0.018821900839852586,0,820042.91986704688,905.56221203573136,61.634317647488942,0.0014663928143181649,0
2,2013-05-02,2240,277978.14850986929,527.2363307947104,36.505891001884052,0.91623678517290019,1,775389.80926526035,880.56221203573136,60.970206822622906,0.54646326039468507,1
2,2013-05-07,2241,300837.25506864447,548.4863307947104,37.42656641383217,0.35159549207932012,1,813265.26577677892,901.81221203573136,61.536145481796744,0.0037266105099612542,0
2,2013-05-09,2242,259576.32126665706,509.4863307947104,35.715831110740304,0.16415120599781255,0,744444.91323799186,862.81221203573136,60.484557450804864,0.48024049707037525,1
2,2013-05-10,2243,263925.01757841208,513.7363307947104,35.906785308034969,0.61543950537783565,1,751796.87954029557,867.06221203573136,60.601936888745854,0.052875842712691558,0
2,2013-05-13,2244,267016.43556318036,516.7363307947104,36.040894911575265,0.31377059083487802,1,757008.25281251001,870.06221203573136,60.684373986799045,0.0012785922685879044,0
2,2013-05-14,2245,243035.52235043162,492.9863307947104,34.963569559908535,0.65356976765834796,1,716244.36024081276,846.31221203573136,60.022142697569606,0.7610645546013235,1
2,2013-05-15,2246,215283.31516433842,463.9863307947104,33.59785161438888,0.0012716832890892447,0,667999.25194274029,817.31221203573136,59.182636642703216,0.0016200412356724015,0
2,2013-05-16,2247,204065.71255986803,451.7363307947104,33.003567546645506,0.064564348811365996,0,648125.1652478649,805.06221203573136,58.817330559688145,0.47793294562683203,1
2,2013-05-17,2248,191613.09529761612,437.7363307947104,32.311225746057239,0.031948804932540632,0,625779.42331086437,791.06221203573136,58.391748443309197,0.7946543540337605,1
2,2013-05-20,2249,196901.93126715266,443.7363307947104,32.60968809808638,0.6084208584123536,1,635308.16985529324,797.06221203573136,58.575213083647348,0.89818741334784913,1
2,2013-05-21,2250,241558.81335804748,491.4863307947104,34.894308185637939,0.74609771045797812,1,713707.67360470549,844.81221203573136,59.979567769664989,0.92093560300657185,1
2,2013-05-22,2251,214819.57883354372,463.4863307947104,33.573801578754832,0.0003717483513880734,0,667182.18973070453,816.81221203573136,59.167853099292387,0.026061271672880922,0
2,2013-05-23,2252,223952.62478404056,473.2363307947104,34.039656953404815,0.81792560621540666,1,683205.09036540135,826.56221203573136,59.454214136718676,0.51104923058858831,1
2,2013-05-24,2253,211127.68818718602,459.4863307947104,33.380772306190366,0.062132495167124727,0,660663.69203441869,812.81221203573136,59.049198113747281,0.92325759093910842,1
2,2013-05-28,2254,216677.52415672256,465.4863307947104,33.669897345006177,0.13206048555626762,0,670453.43857884745,818.81221203573136,59.22692311289196,0.075295358878992066,0
3,2013-05-29,2255,190984.54685660207,437.01778780342806,30.917423969114115,0.097420625297325966,0,30096.071964762545,173.48219495026729,12.273236289371582,0.016720484154115884,0
3,2013-05-30,2256,173358.89323252148,416.36389520769148,29.857575848525741,0.44504706741491928,1,23864.748556652386,154.48219495026729,11.077963065634084,0.59505042213013104,1
3,2013-05-31,2257,166761.07090919843,408.36389520769148,29.116855273275682,0.24135447806921118,0,26400.463675856663,162.48219495026729,11.58518324066077,0.85266656376338534,1
3,2013-06-03,2258,152001.69504221901,389.87394763207635,27.858088433874695,0.08082101400950148,0,25434.570506155062,159.48219495026729,11.395655230458541,0.007403806886318135,0
3,2013-06-04,2259,148513.07951353033,385.37394763207635,27.448286868381505,0.213855419239776,0,26890.160260707464,163.98219495026729,11.679643514976302,0.81342702325561778,1
3,2013-06-05,2260,151612.07109458695,389.37394763207635,27.812424830862597,0.3993987845960395,1,25594.302701105327,159.98219495026729,11.427299639304806,0.7703291283754905,1
3,2013-06-06,2261,162710.54162828508,403.37394763207635,29.10345942511373,0.045791386228741231,0,21310.801242497844,145.98219495026729,10.532625898287682,0.0010570285216757748,0
3,2013-06-07,2262,163518.28952354923,404.37394763207635,29.196674919283488,0.45374209165491708,1,21019.836852597309,144.98219495026729,10.468028516264786,0.27081532402678832,1
3,2013-06-13,2263,158502.67767814826,398.12394763207635,28.616276559358589,0.53645760680740651,1,22871.176789475649,151.23219495026729,10.870238630746973,0.96116988089220201,1
3,2013-06-14,2264,163720.53899736528,404.62394763207635,29.219999828999914,0.10626733475781343,0,20947.408255122176,144.73219495026729,10.451864592906105,0.19244632209641002,0
3,2013-06-17,2265,178611.00111212002,422.62394763207635,30.921818008566039,0.089112035167220632,0,16061.049236912553,126.73219495026729,9.2725220377001865,0.21563841737731984,0
3,2013-06-18,2266,191943.78517405607,438.11389520769148,31.915053375173301,0.12482134045724969,0,17617.83557631576,132.73219495026729,9.6690726607370081,0.0024638401081814258,0
3,2013-06-19,2267,268701.12785489054,518.36389520769148,40.105523807171487,0.077951767646679965,0,2754.3807867978608,52.482194950267285,4.0605179845467916,0.099618904627680235,0
3,2013-06-20,2268,304295.83100108919,551.63015780601518,42.588701625633291,0.79767295246096803,1,3050.5953590243312,55.232194950267285,4.2642111523078388,0.92754997692678409,1
3,2013-06-21,2269,279380.83378127619,528.56488133556149,41.077511663925506,0.65258711506406519,1,2183.8980448697871,46.732194950267285,3.6318006567139913,0.028924466169164581,0
3,2013-06-24,2270,247010.99308783392,497.00200511450043,38.858639962040691,0.89138163416214289,1,1519.6115231406443,38.982194950267285,3.0478651251186308,0.0057376939276401837,0
3,2013-06-25,2271,298853.89639672008,546.67531167661127,44.220449882840143,0.78509651695961569,1,14.196354892791346,3.7678050497327149,0.30477695043338443,0.34444356367815671,1
3,2013-06-26,2272,250978.00747844737,500.97705284618314,40.638982181803541,0.82580000257992825,1,52.820990240920352,7.2678050497327149,0.58956033662402885,0.05246107957973363,0
3,2013-06-27,2273,275015.26960560121,524.41898288067455,43.994881114150544,0.90791691165170285,1,2305.7096017941367,48.017805049732715,4.0283393498097917,0.05246107957973363,0
3,2013-06-28,2274,217155.74420328613,465.99972553992575,37.205566909375307,0.0040614346413935763,0,155.8051907764781,12.482194950267285,0.99658243115906475,0.59437340421732598,1
3,2013-07-02,2275,230423.72618497568,480.0247141397781,38.40197713118225,0.07671360170372242,0,99.644216025141688,9.9821949502672851,0.79857559602138273,0.0019341989783919593,0
3,2013-07-03,2276,272559.3727190338,522.07219109911784,43.048624291825838,0.067693540796094812,0,743.53319223022891,27.267805049732715,2.2484275448140765,0.037929572328748211,0
3,2013-07-05,2277,232591.54440672309,482.27745583504429,39.042902718886403,0.61412728793102322,1,22.731964992256778,4.7678050497327149,0.38597895565535029,0.94677696861589733,1
3,2013-07-08,2278,210044.08907338767,458.30567209384139,36.50383688521238,0.37532950868003429,1,239.69836047808181,15.482194950267285,1.2331497371778004,0.86733752558319743,1
3,2013-07-09,2279,212722.07403358354,461.21803307501273,36.721180977309928,0.77291271618847956,1,255.43055542834909,15.982194950267285,1.2724677508174589,0.95098637585110257,1
3,2013-07-10,2280,186812.42811523279,432.21803307501273,33.635644597277256,0.68929247658299087,1,2023.3978625438517,44.982194950267285,3.5005599183087384,0.93012244428307034,1
3,2013-07-11,2281,204102.7188396008,451.7772889816406,35.301995622710727,0.0069393239668524651,0,1578.6473155660451,39.732194950267285,3.1046841141056678,0.00021523515456689336,0
3,2013-07-12,2282,199619.04498657587,446.78747183261066,34.594461620798349,0.66038981142451991,1,2650.4163968973262,51.482194950267285,3.9862326713331231,0.96514936622957581,1
3,2013-07-16,2283,225018.90323681617,474.36157436792473,36.56670451862977,0.08863119271115627,0,3275.5241388254003,57.232194950267285,4.4118092079604763,0.68644889606680648,1
3,2013-07-17,2284,243487.89241698687,493.44492338759233,38.452750702325531,0.32968578114839941,1,1869.0226802179161,43.232194950267285,3.3689612273732545,0.25304744924482703,1
3,2013-07-18,2285,231916.99189790135,481.57760734683393,37.165935353797721,0.081757073101132602,0,3106.0775539745982,55.732194950267285,4.3011533822317025,0.032276828113105484,0
3,2013-07-19,2286,238451.42333376349,488.31488133556149,36.798408540735608,0.13984262745678824,0,7565.9022383663032,86.982194950267285,6.5547999208942942,0.13040493841268569,0
3,2013-07-22,2287,267874.19242244842,517.56564068961188,38.812571480285854,0.13274222183345982,0,8738.9207727197791,93.482194950267285,7.0102883352281431,0.00030204301685413391,0
3,2013-07-23,2288,265758.58954174031,515.51778780342806,38.615564629470271,0.17049979388413669,0,9021.6173575705798,94.982194950267285,7.1147711573233918,0.0046587399074633938,0
3,2013-07-24,2289,275118.90972220199,524.51778780342806,39.556394253652194,0.68551576380880852,1,7392.9378484657691,85.982194950267285,6.4843284276219677,0.057180518112137833,0
3,2013-07-25,2290,269898.73184416769,519.51778780342806,39.032140330836071,0.15307481124945754,0,8277.7597979684415,90.982194950267285,6.8356269684648598,0.67262447218344867,1
3,2013-07-26,2291,271199.08881367627,520.76778780342806,39.162834202175453,0.45960929825966723,1,8051.8668105927736,89.732194950267285,6.7480500056602581,0.080130726883924391,0
3,2013-07-29,2292,277063.04803707456,526.36778780342797,39.751371657548461,0.49692565199808031,1,7078.2262271497957,84.132194950267376,6.3536755617012703,0.010477265104965112,0
3,2013-07-30,2293,287315.06884168083,536.01778780342806,40.777313640428154,0.067631220401491665,0,5547.5973646096218,74.482194950267285,5.6661996919183935,0.0067116462731294044,0
3,2013-07-31,2294,286779.3010538774,535.51778780342806,40.723786144747379,0.16370933963211212,0,5622.3295595598884,74.982194950267285,5.7020680570545466,0.91427678212859687,1
3,2013-08-01,2295,292970.81811361684,541.26778780342806,41.341820722049114,0.10083359165175307,0,4793.0968176318147,69.232194950267285,5.2879278174731548,0.0022798029165515478,0
3,2013-08-02,2296,298460.7792621011,546.31564068961188,41.871288805488554,0.31831034592547458,1,4190.2570630794098,64.732194950267285,4.961271887355224,0.29740857259594139,1
3,2013-08-05,2297,325545.15033554728,570.56564068961188,44.558035196377347,0.13975520184816276,0,1638.8081079914461,40.482194950267285,3.1614365443394994,8.0832456589699441e-05,0
3,2013-08-06,2298,283891.69777262845,532.81488133556149,41.545019987178286,0.15379549642709367,0,1804.7368877925153,42.482194950267285,3.3124518479740575,0.15405281520916506,0
3,2013-08-07,2299,232609.32234345283,482.2958867162904,37.14969279540076,0.55300915287368979,1,3390.9885287259349,58.232194950267285,4.4854377007715991,0.93494352073424292,1
3,2013-08-08,2300,224974.60665636777,474.31488133556149,35.370237236059772,0.27185009138402544,1,10197.403696973788,100.98219495026729,7.5303650223912957,0.67278445271012532,1
3,2013-08-12,2301,273074.84882934456,522.56564068961188,39.335012471931641,0.47147337253435351,1,7829.0988232171057,88.482194950267285,6.6603082386350989,0.91178666338773551,1
3,2013-08-13,2302,275169.11139210302,524.56564068961188,39.545091646408736,0.12969476459179874,0,7479.1700434160366,86.482194950267285,6.5195774557306656,0.89355739505769993,1
3,2013-08-14,2303,232146.31161314118,481.81564068961188,35.188288529458603,0.19486770480319668,0,16700.960211663889,129.23219495026729,9.4381738141513445,0.0018351097217505442,0
3,2013-08-16,2304,180093.24742883228,424.37394763207635,31.089666493192407,0.36602266871826122,1,15620.549054586618,124.98219495026729,9.1562047582613388,0.013796817417825475,0
3,2013-08-19,2305,173783.88821435114,416.87394763207635,30.373329517819769,0.16211948354849076,0,17551.531978840627,132.48219495026729,9.6526189399101838,0.10037122144740653,0
3,2013-08-20,2306,181794.74321936059,426.37394763207635,31.282021102866935,0.26123869454598997,1,15124.620274785548,122.98219495026729,9.0229049853460968,0.10027157019366308,0
3,2013-08-21,2307,171291.64452855868,413.87394763207635,30.088982016145138,0.015308731873528065,0,18355.425148542232,135.48219495026729,9.8496688440761382,0.027184933396867009,0
3,2013-08-22,2308,169640.14873803037,411.87394763207635,29.90010509125781,0.031931262597389799,0,18901.353928343298,137.48219495026729,9.9805586170792946,0.44599223877936534,1
3,2013-08-23,2309,136991.73661075201,370.12394763207635,26.078840770271366,0.14870367189670264,0,32124.179706690618,179.23219495026729,12.628655624468365,0.40743185342239041,1
3,2013-08-27,2310,136806.73713693596,369.87394763207635,26.05663597267181,0.20096155466873566,0,32213.858304165751,179.48219495026729,12.64404332161094,0.31485786137678734,1
3,2013-08-28,2311,145636.83740628976,381.62394763207635,27.108786903361842,0.19966696005372736,0,28134.089222834471,167.73219495026729,11.914913510940671,0.27959900320083336,1
3,2013-08-29,2312,155728.06004472374,394.62394763207635,28.293525551681402,0.54571779663244335,1,23942.052154127519,154.73219495026729,11.093901770945854,0.62730442322751923,1
3,2013-08-30,2313,152001.69504221901,389.87394763207635,27.858088433874695,0.080965312899051581,0,25434.570506155062,159.48219495026729,11.395655230458541,0.051689113126490542,0
3,2013-09-03,2314,159499.55004722846,399.37394763207635,28.731938678566642,0.523308670198947,1,22494.658802099981,149.98219495026729,10.790085967645128,0.32842706682490874,1
3,2013-09-04,2315,163518.28952354923,404.37394763207635,29.196674919283488,0.62746577201404408,1,21019.836852597309,144.98219495026729,10.468028516264786,0.51047444869540104,1
3,2013-09-05,2316,161904.79373302092,402.37394763207635,29.010378344057415,0.25179440515867013,1,21603.765632398379,146.98219495026729,10.59713013340067,0.49597142810081596,1
3,2013-09-06,2317,185867.85822186532,431.12394763207635,31.741133637553936,0.047554952731315159,0,13978.851922758009,118.23219495026729,8.7047447046027813,0.0084051849478521436,0
3,2013-09-10,2318,181155.74479791248,425.62394763207635,31.209822007851614,0.80433159358495587,1,15309.65606721095,123.73219495026729,9.0729382181680869,0.9722597474762914,1
3,2013-09-11,2319,212865.91955360593,461.37394763207635,34.742014128921411,0.26692329279513383,1,7740.8666282668382,87.982194950267285,6.625165282399645,0.018039219947776478,0
3,2013-09-12,2320,283042.92653925339,532.01778780342806,40.350230398439749,0.64798840329982299,1,6159.45492421176,78.482194950267285,5.9523849033194756,0.02320032214611828,0
3,2013-09-13,2321,290322.29465175694,538.81564068961188,41.060441279452235,0.42633681679533525,1,5217.4899873334189,72.232194950267285,5.5044537969340661,0.65192021804234357,1
3,2013-09-17,2322,297985.14668632002,545.88015780601518,41.95850559615797,0.42185736485367198,1,3718.8281009524048,60.982194950267285,4.6873324327645873,0.48193898246339312,1
3,2013-09-18,2323,283694.88500446064,532.63015780601518,40.527308944722478,0.1004259987160203,0,5510.418767134488,74.232194950267285,5.6482552748919366,0.026994843203593712,0
3,2013-09-24,2324,274712.42232175835,524.13015780601518,39.624279554414308,0.77515817452110203,1,6844.6160812890321,82.732194950267285,6.2545601928004002,0.58827493895173533,1
3,2013-09-25,2325,264072.81658673508,513.88015780601518,38.550649497825596,0.13805073508770044,0,8645.6885777695115,92.982194950267285,6.9754084733883932,0.017492329977771469,0
3,2013-09-26,2326,255914.73406183883,505.88015780601518,37.724098270396361,0.16113034295235104,0,10197.403696973788,100.98219495026729,7.5303650223912957,0.19921941696502021,0
3,2013-09-27,2327,270795.50863821327,520.38015780601518,39.229563347607623,0.07693492374515,0,7479.1700434160366,86.482194950267285,6.5195774557306656,0.0014921364054327978,0
3,2013-09-30,2328,267682.22769137716,517.38015780601518,38.915393592028217,0.59459927574976157,1,8007.0632131176399,89.482194950267285,6.7305148514680173,0.92401226271429004,1
3,2013-10-08,2329,294718.86573948397,542.88015780601518,41.631913942179075,0.033990880554807007,0,4093.7212706540085,63.982194950267285,4.9066100421984116,0.00040712996037493604,0
3,2013-10-09,2330,267097.62156989053,516.81488133556149,39.800915004663956,0.83100390463564855,1,3420.1671262010682,58.482194950267285,4.5038271043717586,0.78186928924364008,1
3,2013-10-10,2331,265272.26542336983,515.0458867162904,40.699003296427534,0.20292440335563472,0,649.34225948342748,25.482194950267285,2.0136068708231756,0.48381373487531587,1
3,2013-10-11,2332,212846.11415586257,461.3524836346528,36.312670888205652,0.56617579563487253,1,929.16420898610033,30.482194950267285,2.3992282526774722,0.724124213267621,1
3,2013-10-15,2333,168034.50900872535,409.92012515699366,31.072209600681727,0.76729580259696473,1,6277.7407166371604,79.232194950267285,6.0058514269673893,0.91210906501956457,1
3,2013-10-17,2334,248816.28584181028,498.81488133556149,37.889470667342309,0.2231169472054364,0,5849.5261444106909,76.482194950267285,5.8095096809925781,0.076496184482552146,0
3,2013-10-18,2335,193205.10162169434,439.5510227740283,33.362506472412015,0.53119053334875499,1,6003.490534311225,77.482194950267285,5.8810015142517864,0.64706779450797702,1
3,2013-10-21,2336,232627.64475773677,482.31488133556149,36.182661765608515,0.038454585594258975,0,8645.6885777695115,92.982194950267285,6.9754084733883932,0.026636135513566205,0
3,2013-10-22,2337,265874.45963905612,515.63015780601518,38.732781807024615,0.060647622284399114,0,8323.3133954435762,91.232194950267285,6.8531226253721904,0.00030554259684552104,0
3,2013-10-23,2338,252134.69537829369,502.13015780601518,37.340037762113042,0.12280321078448526,0,10968.832659100792,104.73219495026729,7.788227919707551,0.92854621104713997,1
3,2013-10-24,2339,253326.63416279448,503.31564068961188,37.344881520282833,0.19932674727729402,0,11606.225828802397,107.73219495026729,7.9934850640153803,0.0047207217572568985,0
3,2013-10-25,2340,239627.66457596203,489.51778780342806,35.96750828827539,0.056821128311309005,0,14636.69149498448,120.98219495026729,8.889213442341461,0.034072596253268132,0
3,2013-10-28,2341,233209.63168011251,482.91783118881881,35.791575407731614,0.71642009841823306,1,11931.672413653198,109.23219495026729,8.0957713507702262,0.94876098895011596,1
3,2013-10-29,2342,231281.98829708534,480.91786023923601,35.498642571635806,0.13749039235307958,0,13163.476558106138,114.73219495026729,8.4688831851092292,0.36291539445157062,1
3,2013-10-30,2343,237036.452456806,486.86389520769148,36.772197523239534,0.47519005448787272,1,7053.0090686647,83.982194950267285,6.3430660838570461,0.64536290299042975,1
3,2013-10-31,2344,296279.51669934264,544.31564068961188,41.65415272160795,0.53922510899999376,1,4453.185842880479,66.732194950267285,5.1067300516753233,0.021955750881808848,0
3,2013-11-01,2345,291200.70721374487,539.63015780601518,41.279797881508138,0.74687939355339439,1,4520.1680378307456,67.232194950267285,5.1430250487869404,0.97673256579645384,1
3,2013-11-05,2346,278657.46100530348,527.88015780601518,40.021240167249069,0.37357649412222238,1,6238.1871191620266,78.982194950267285,5.9880360083599156,0.69451418934408393,1
3,2013-11-06,2347,295735.45105865307,543.81564068961188,41.599972514026533,0.22620671267264134,0,4520.1680378307456,67.232194950267285,5.1430250487869404,0.10624858736537196,0
3,2013-11-07,2348,315147.68157830648,561.38015780601518,43.670179525944391,0.015348403744166,0,2068.6300574941188,45.482194950267285,3.5380937339764515,0.002109960747553308,0
3,2013-11-08,2349,283891.69777262845,532.81488133556149,41.545019987178286,0.43658062446246809,1,1804.7368877925153,42.482194950267285,3.3124518479740575,0.61566623073419746,1
3,2013-11-11,2350,249296.3824918067,499.2958867162904,38.969435060783638,0.11755275147953206,0,1700.093900416847,41.232194950267285,3.2181225327037883,0.015025402228530596,0
3,2013-11-12,2351,254212.52076982008,504.19492338759233,39.622390835960104,0.028305478846267072,0,1055.0929887871696,32.482194950267285,2.55262828685794,0.25982543064760871,1
3,2013-11-13,2352,248380.41503564184,498.37778344910384,38.754104467270906,0.22282425385434149,0,2114.3622524443863,45.982194950267285,3.5755983631623085,0.012227176450541041,0
3,2013-11-14,2353,243241.23245529307,493.19492338759233,38.425782889566989,0.12072064827230387,0,1890.7012776930499,43.482194950267285,3.3877830113180587,0.3755842845913438,1
3,2013-11-18,2354,256870.57662527161,506.82400951935142,39.727533570005988,0.0048856250291111234,0,1276.7897559639068,35.732194950267285,2.8008775191273592,0.26811647720069037,1
3,2013-11-19,2355,277228.98444662755,526.52538822608312,41.887461274946943,0.38275529439504474,1,288.39494532888369,16.982194950267285,1.3510099403553926,0.67970235515925503,1
3,2013-11-20,2356,244802.80240633988,494.77550708006947,39.901250570973346,0.56090292466115932,1,0.00031701979598445113,0.017805049732714906,0.0014358911074770085,0.20989323312014027,0
3,2013-11-21,2357,221778.8910902151,470.93406235928092,37.788089256512009,0.024677368404839004,0,38.84025389813705,6.2321949502672851,0.50007582349185842,0.30551857198682203,1
3,2013-11-22,2358,226223.16787626062,475.62923362243055,38.264620564958207,0.092751531181198291,0,8.8934867213996949,2.9821949502672851,0.23991914322343405,0.3256266574473678,1
3,2013-11-25,2359,215185.43250813102,463.8808386947353,37.184836769117055,0.52466523450585367,1,55.983241273805262,7.4821949502672851,0.59977514631401085,0.11220219525244911,0
3,2013-11-26,2360,216137.88433442108,464.90631780437343,37.341872916013926,0.11427170405899559,0,24.822266522468837,4.9821949502672851,0.40017630122628794,0.080136392524646119,0
3,2013-11-27,2361,212127.65439215273,460.57318027882684,36.757636095676524,0.3399009350295078,1,168.53738572674538,12.982194950267285,1.0360889824634705,0.54293142992802523,1
3,2013-11-29,2362,238694.20066496838,488.56340495883273,39.73675518168627,0.19614879210323433,0,110.624223064183,10.517805049732715,0.85545384707057459,0.84750687916063627,1
3,2013-12-02,2363,240268.99249235608,490.17241098653858,40.268836392404076,0.69857645777269495,1,518.37294678263447,22.767805049732715,1.870429661099422,0.70889160862328393,1
3,2013-12-03,2364,203999.93311616674,451.6635175837946,36.795398581164527,0.064991557205099304,0,156.69544326311384,12.517805049732715,1.0197804521167182,0.23717570386208475,0
3,2013-12-04,2365,232314.92020143461,481.99058102979006,39.426632395074854,0.066607176123316722,0,306.87349376044102,17.517805049732715,1.4329492883216945,0.69035105444976885,1
3,2013-12-05,2366,186775.35002185186,432.17513813482128,35.050700578655416,0.58492781674489081,1,49.249587716053995,7.0178050497327149,0.56916504864012285,0.10839519223506573,0
3,2013-12-06,2367,211686.33773996172,460.09383579870064,37.194327873783401,0.69779981980072714,1,9.1071473181922737,3.0178050497327149,0.24396160466715563,0.48914559419116854,1
3,2013-12-09,2368,182946.34052310677,427.72227031463626,33.778659057424385,0.14617810154873895,0,688.12805190882841,26.232194950267285,2.0716442211464785,0.62777084764004398,1
3,2013-12-10,2369,215439.69005845464,464.15481259861417,36.81576939112545,0.18256874927792152,0,429.82390745588833,20.732194950267285,1.6444334681949064,0.0025130831274368056,0
3,2013-12-11,2370,253086.28744156868,503.07682061646278,41.059116149068579,0.065554600095463308,0,218.08806598691106,14.767805049732715,1.2052891287274201,0.067051036972927289,0
3,2013-12-12,2371,223752.44412667624,473.02478172573183,38.394868646569144,0.30712260978372541,1,64.285197815519425,8.0178050497327149,0.65079586442635673,0.93728060767545607,1
3,2013-12-13,2372,221041.58683132779,470.15060016055259,38.076582317112987,0.59763594503264839,1,27.749770041989493,5.2678050497327149,0.42662928120937149,0.942837408332453,1
3,2013-12-16,2373,224784.42414396376,474.11435766486102,38.491118949856791,0.099415083599033269,0,68.356600340385782,8.2678050497327149,0.67122427844389809,0.040128000613282373,0
3,2013-12-17,2374,235354.18541947289,485.13316256412827,39.425693828860489,0.42617711709433043,1,90.588612964717569,9.5178050497327149,0.77349086141671797,0.089237704703351864,0
3,2013-12-18,2375,245844.11741638451,495.82670099177244,41.457082022723448,0.32916845070500689,1,1937.567161396275,44.017805049732715,3.6804184824191233,0.88017316200771856,1
3,2013-12-19,2376,215885.55722040145,464.63486440472957,38.873446091171687,0.21490499660355761,0,2004.1563689708739,44.767805049732715,3.7454762643574746,0.35447956829963623,1
3,2013-12-20,2377,206609.30794401214,454.54296600432849,37.989382867056285,0.16260782045269598,0,1893.7993563465423,43.517805049732715,3.6370919389663783,0.0063104729979600854,0
3,2013-12-24,2378,188493.58518162536,434.15847933862278,35.747919253900598,0.80531332014746526,1,651.1583745561644,25.517805049732715,2.1010955166515202,0.93741506889187776,1
3,2013-12-27,2379,242648.68706687726,492.59383579870064,40.896125844640984,0.38484237922226672,1,1261.5144755508188,35.517805049732715,2.9487592403265017,0.63875145441375691,1
3,2013-12-30,2380,174488.63120149157,417.7183634956591,33.518023149100031,0.59096770571984825,1,38.84025389813705,6.2321949502672851,0.50007582349185842,0.85087169348474656,1
3,2014-01-06,2381,269227.5351552472,518.87140522025993,42.270582910000812,0.43371577648953258,1,156.69544326311384,12.517805049732715,1.0197804521167182,0.54059807480208166,1
3,2014-01-07,2382,272205.80535103963,521.73346198134504,42.730013266285425,0.053608882285839078,0,361.67690890963917,19.017805049732715,1.5575597911329004,0.0025253995436262909,0
3,2014-01-08,2383,270429.49946729728,520.02836409882229,42.41666917608665,0.93388180805613652,1,196.49885841231199,14.017805049732715,1.1433772471233863,0.98729415913493046,1
3,2014-01-09,2384,248485.76186890708,498.48346198134504,40.0629666048901,0.12516538857815179,0,17.911474097067909,4.2321949502672851,0.3401402411305835,0.16169804103781499,0
3,2014-01-10,2385,243436.5479447181,493.39289409629532,39.918518939829717,0.014945337460016321,0,16.142757417657705,4.0178050497327149,0.32506513347352062,0.00043515738434635708,0
3,2014-01-15,2386,262187.55070087564,512.04252821506498,41.243860508664113,0.61139930982503154,1,2.1969018705978396,1.4821949502672851,0.11938743054911681,0.93804603736405778,1
3,2014-01-16,2387,255284.16253046741,505.25653140802387,40.420522512641909,0.22726703777233825,0,99.644216025141688,9.9821949502672851,0.79857559602138273,0.2669170660178376,1
3,2014-01-17,2388,285481.29085637419,534.30449264101662,43.158682765833326,0.19130753480925863,0,4.0715372187268439,2.0178050497327149,0.16298909933220637,0.024055539304147409,0
3,2014-01-21,2389,238192.14246501241,488.04932380345781,39.327101031704899,0.13947894822327633,0,0.96470692033055461,0.98219495026728509,0.079145443212512906,0.29011164428331393,1
3,2014-01-22,2390,257804.37235122381,507.74439667141951,40.201456585227199,0.3466263241638925,1,528.18128473209106,22.982194950267285,1.8196512232990725,0.21864087165735713,0
3,2014-01-23,2391,260434.26682034432,510.32760734683393,40.27842204789534,0.1042742216740988,0,728.03884433422934,26.982194950267285,2.1296128611102829,0.15225580270134928,0
3,2014-01-24,2392,270447.72429053276,520.0458867162904,41.257111203196381,0.23748068721288121,0,419.52030998075469,20.482194950267285,1.6249262158085906,0.0045095130716849337,0
3,2014-01-27,2393,318169.19035610108,564.06488133556149,45.080110396448468,0.083832046255790327,0,126.1622034008099,11.232194950267285,0.89767791810327957,0.00029716207648879361,0
3,2014-01-28,2394,303948.09838204423,551.31488133556149,43.61668364996531,0.08363204018689066,0,575.14567463262563,23.982194950267285,1.897325549862918,0.026673121712286842,0
3,2014-01-29,2395,328116.88827947341,572.81488133556149,46.101801314733322,0.038145544175088732,0,6.1612917711324098,2.4821949502672851,0.19977424147020403,0.38974206037342157,1
3,2014-01-30,2396,267192.24767969636,516.9064206214664,41.048752878417027,0.65493043971023568,1,369.87732260508648,19.232194950267285,1.5272737701224766,0.60050706551136657,1
3,2014-02-07,2397,250327.71467340764,500.32760734683393,39.179922266784182,0.018238242022698085,0,1367.6827433395752,36.982194950267285,2.8960215309528023,0.00038519096432794393,0
3,2014-02-10,2398,269687.94597656833,519.31488133556149,40.070592695645182,0.054715422012938386,0,3134.006151449732,55.982194950267285,4.3196138078909945,0.0038230285110157688,0
3,2014-02-13,2399,277602.70068969147,526.88015780601518,39.915163470152663,0.33359863795234845,1,6397.1515090625617,79.982194950267285,6.0592571932020673,0.0028731666462055157,0
3,2014-02-14,2400,281234.67876003351,530.31564068961188,40.152613340118258,0.67906422163774183,1,6517.6873014879629,80.732194950267285,6.1126023055284717,0.55506124777067434,1
3,2014-02-18,2401,286027.76952624007,534.81564068961188,40.631767573759689,0.65784108437129463,1,5811.3475469355571,76.232194950267285,5.7916197493080555,0.87527723958062353,1
3,2014-02-20,2402,278011.32005512086,527.26778780342806,39.846422656597625,0.14345519622185787,0,6927.5982762392987,83.232194950267285,6.2899826147944289,0.031017461435819509,0
3,2014-02-21,2403,250918.70270665479,500.91786023923601,37.528964992638024,0.041887401510282661,0,8974.1887600954469,94.732194950267285,7.0973736617544319,0.010206290055765118,0
3,2014-02-24,2404,202836.69270570026,450.37394763207635,33.63509691053595,0.025964084649196334,0,9797.4749171727181,98.982194950267285,7.3922475691013654,0.033128607187532563,0
3,2014-02-25,2405,193489.08980542666,439.87394763207635,32.595327723755197,0.42698309605018847,1,11986.351011128332,109.48219495026729,8.1127969581524475,0.11714467839367823,0
3,2014-03-03,2406,206682.93376057289,454.62394763207635,34.060606677810554,0.17305998661324801,0,8974.1887600954469,94.732194950267285,7.0973736617544319,0.86247484979433509,1
3,2014-03-04,2407,198357.95322937949,445.37394763207635,33.137942532148543,0.50694206400132957,1,10812.296866675391,103.98219495026729,7.7367704576091727,0.0020672208121295657,0
3,2014-03-10,2408,196358.83296503514,443.12394763207635,32.915427864963888,0.010075941400215511,0,11285.279243951594,106.23219495026729,7.8909708412454798,0.0010920511065086143,0
3,2014-03-11,2409,179245.49953356813,423.37394763207635,30.993700412304271,0.018803170767899474,0,15871.513444487151,125.98219495026729,9.2227082686872102,0.0010920511065086143,0
3,2014-03-12,2410,176924.50532159171,420.62394763207635,30.73051672197818,0.037309379615804113,0,16571.978016713623,128.73219495026729,9.4050918685126792,9.6522066404423703e-05,0
3,2014-03-13,2411,163518.28952354923,404.37394763207635,29.196674919283488,0.032019979051682398,0,21019.836852597309,144.98219495026729,10.468028516264786,0.00052379456231535764,0
3,2014-03-14,2412,188029.72796002569,433.62394763207635,31.984063996465157,0.69207824394141781,1,13393.940948006673,115.73219495026729,8.536396455855968,0.98769671619155752,1
3,2014-03-18,2413,203738.44060096442,451.37394763207635,33.734973664579698,0.098584937786192067,0,9600.510527272183,97.982194950267285,7.3230340022621281,0.77873422935728709,1
3,2014-03-19,2414,213789.66744887008,462.37394763207635,34.843552948913064,0.70172355312357271,1,7565.9022383663032,86.982194950267285,6.5547999208942942,0.92660797444004561,1
3,2014-03-20,2415,229080.88324691256,478.62394763207635,36.515273517610247,0.43370284130062947,1,5003.0434024826172,70.732194950267285,5.3963147015271629,0.27064273427176411,1
3,2014-03-24,2416,288976.81805003289,537.56564068961188,40.926200280899266,0.3403022938169416,1,5399.6329747090867,73.482194950267285,5.5943810392285718,0.40419123881097752,1
3,2014-03-25,2417,299280.81522313552,547.06564068961188,41.952886555951828,0.3305444790601883,1,4093.7212706540085,63.982194950267285,4.9066100421984116,0.57028797575325507,1
3,2014-03-26,2418,308097.86547416932,555.06564068961188,42.829138942099682,0.40854887040386217,1,3134.006151449732,55.982194950267285,4.3196138078909945,0.074866010191658589,0
3,2014-03-27,2419,304847.71115889522,552.13015780601518,42.64376580853564,0.28748361691004654,1,2995.6131640740637,54.732194950267285,4.2272403900573305,0.016860927812315903,0
3,2014-03-28,2420,302093.31036986515,549.63015780601518,42.368869362575843,0.78170826628173806,1,3275.5241388254003,57.232194950267285,4.4118092079604763,0.51221052386190724,1
3,2014-04-04,2421,301747.67310623877,549.31564068961188,42.198243955414775,0.26920604834936518,1,3810.8638933778057,61.732194950267285,4.7422465873068784,0.231850863978421,0
3,2014-04-09,2422,281499.89908037835,530.56564068961188,40.179147344915705,0.023209223437284286,0,6477.3837040128292,80.482194950267285,6.094827334363293,0.3308734108364797,1
3,2014-04-10,2423,283575.19432705682,532.51778780342806,40.403474036678908,0.46268909303753331,1,6081.2227292614925,77.982194950267285,5.9167067488821914,0.57662069640411395,1
3,2014-04-11,2424,289086.72793423862,537.66786023923601,41.422793546936518,0.14302952310068404,0,3361.9349312508011,57.982194950267285,4.4670412134258308,0.58916155156067995,1
3,2014-04-15,2425,302022.39342658361,549.56564068961188,42.225558255060456,0.2746467883828636,1,3780.0602959026719,61.482194950267285,4.7239489012883045,0.39547605287104531,1
3,2014-04-16,2426,304776.47163003165,552.06564068961188,42.49927949881539,0.56196003591277066,1,3478.8993211513357,58.982194950267285,4.5405846766949409,0.6350104786020474,1
3,2014-04-17,2427,318452.14232692716,564.31564068961188,43.855888143742909,0.79512385421628018,1,2183.8980448697871,46.732194950267285,3.6318006567139913,0.52559117884272133,1
3,2014-04-22,2428,321473.54414875509,566.98637033773139,44.114870284982018,0.65269561434594525,1,2045.9514600189852,45.232194950267285,3.5193304765817763,0.097337480847437999,0
3,2014-04-23,2429,297712.26910741703,545.63015780601518,41.93123210805112,0.014087958559591288,0,3749.3816984275386,61.232194950267285,4.7056441844585812,0.069360938602208988,0
3,2014-04-25,2430,304776.47163003165,552.06564068961188,42.49927949881539,0.33588772748417139,1,3478.8993211513357,58.982194950267285,4.5405846766949409,0.3256266574473678,1
3,2014-04-28,2431,316480.10008451348,562.56564068961188,43.660507620458823,0.40099390002950713,1,2350.5232271957225,48.482194950267285,3.7626849010684733,0.053107177308941628,0
3,2014-04-30,2432,309398.89968649385,556.23637033773139,42.919473019886681,0.30566609051658883,1,3134.006151449732,55.982194950267285,4.3196138078909945,0.5060869216546463,1
3,2014-05-07,2433,318170.04700658232,564.06564068961188,43.827944109526953,0.23229026671967895,0,2207.3266423449209,46.982194950267285,3.6505201981559661,0.43269446500805869,1
3,2014-05-08,2434,313393.55156072066,559.81564068961188,43.354551069863454,0.73121237653753579,1,2624.7377994221929,51.232194950267285,3.9676433649771372,0.31931315760186119,1
3,2014-05-09,2435,307543.04983347969,554.56564068961188,42.774056358627988,0.56480017562203066,1,3190.238346399999,56.482194950267285,4.3565133012161423,0.30369417566787948,1
3,2014-05-13,2436,304776.47163003165,552.06564068961188,42.49927949881539,0.76357190748897619,1,3478.8993211513357,58.982194950267285,4.5405846766949409,0.55741472095616285,1
3,2014-05-15,2437,313113.70624037582,559.56564068961188,43.326801447124417,0.58434078340285989,1,2650.4163968973262,51.482194950267285,3.9862326713331231,0.73297962365760128,1
3,2014-05-16,2438,301473.07778589398,549.06564068961188,42.170940145131482,0.049525116748649636,0,3841.7924908529394,61.982194950267285,4.760537246564307,0.57423397251968977,1
3,2014-05-19,2439,308653.18111485895,555.56564068961188,42.884264043968493,0.51280481690656232,1,3078.2739564994645,55.482194950267285,4.2826858317458347,0.57559457618311838,1
3,2014-05-20,2440,317888.07668623753,563.81564068961188,43.800010929470723,0.33735136139910826,1,2230.8802398200546,47.232194950267285,3.6692324684612379,0.59068499771790095,1
3,2014-05-21,2441,305328.78727072128,552.56564068961188,42.554150226385204,0.28118510001477193,1,3420.1671262010682,58.482194950267285,4.5038271043717586,0.51397535980255882,1
3,2014-05-22,2442,313113.70624037582,559.56564068961188,43.326801447124417,0.15519381610186769,0,2650.4163968973262,51.482194950267285,3.9862326713331231,0.3256266574473678,1
3,2014-05-23,2443,331275.80674244341,575.56564068961188,45.124707227723391,0.1557023080245479,0,1258.9861584887733,35.482194950267285,2.7818263387116646,0.50686842241927521,1
3,2014-05-27,2444,340332.4085217712,583.38015780601518,46.171757641948176,0.16545163769356408,0,551.41347968235834,23.482194950267285,1.8585037554623891,0.65316117300718324,1
3,2014-05-28,2445,313952.76624608436,560.31488133556149,44.646604090482988,0.54000323662227445,1,224.46616552781452,14.982194950267285,1.1938003944436084,0.014750324518069118,0
3,2014-05-29,2446,280948.64202485856,530.0458867162904,42.386716250802905,0.54579115621594987,1,109.87641097540897,10.482194950267285,0.83824029990142224,0.26847914033803039,1
3,2014-05-30,2447,284522.40956020472,533.4064206214664,42.921458106736381,0.30273869364015249,1,7.4648892462660523,2.7321949502672851,0.21985073025687268,0.27037651392752382,1
3,2014-06-03,2448,290658.76688674383,539.12778344910384,43.294742698181402,0.24166097412742177,0,27.37586399760248,5.2321949502672851,0.42017225057356233,0.27557607375775145,1
3,2014-06-04,2449,282893.9765267318,531.87778344910384,42.465292091744814,0.075600729788279392,0,155.8051907764781,12.482194950267285,0.99658243115906475,0.023393420889124425,0
3,2014-06-05,2450,281453.82801380416,530.52222197925335,42.526831421182635,0.81485244657301048,1,55.983241273805262,7.4821949502672851,0.59977514631401085,0.71229435811657094,1
3,2014-06-06,2451,259852.62188031425,509.75741473794596,40.66672634526892,0.074856334953544976,0,181.76958067701267,13.482194950267285,1.0755640167744145,0.01815877908157856,0
3,2014-06-09,2452,273606.41943465057,523.07400951935142,41.530290553342709,0.22395552812868,0,379.55592008022012,19.482194950267285,1.546819765801293,0.41696797455099971,1
3,2014-06-10,2453,265562.54289381264,515.32760734683393,40.834200265200785,0.059110731130149433,0,483.21689483155654,21.982194950267285,1.7418537995457437,0.041153766689914703,0
3,2014-06-11,2454,265014.80498001172,514.7958867162904,40.671213645371552,0.10049725490872291,0,662.14585695856113,25.732194950267285,2.0329602962881519,0.013331854741243475,0
3,2014-06-12,2455,294105.43051800417,542.31488133556149,42.601326106485587,0.26836025531910229,1,1087.8251837374369,32.982194950267285,2.5909029811678934,0.11710415642706479,0
3,2014-06-13,2456,325618.7769977178,570.63015780601518,44.711471718394918,0.13163421019113983,0,1312.7719509141741,36.232194950267285,2.8389574887574756,0.040630460377920577,0
3,2014-06-16,2457,335681.36725932307,579.38015780601518,45.7104660990939,0.099026048277544798,0,755.27103928449662,27.482194950267285,2.1682205088968272,0.083291192599141597,0
3,2014-06-17,2458,333079.21904919599,577.13015780601518,45.452266808900589,0.14997176711033885,0,884.00341656069941,29.732194950267285,2.3415786532992549,0.18435253183622821,0
3,2014-06-18,2459,306783.22921121627,553.88015780601518,42.836825816397152,0.27781686288302126,1,2807.1129817481283,52.982194950267285,4.0976175522248477,0.54293142992802523,1
3,2014-06-19,2460,290052.94933141215,538.56564068961188,41.033572623970429,0.092341673907464644,0,5253.6685848085526,72.482194950267285,5.522452948591793,0.28195034986555489,1
3,2014-06-20,2461,269016.31911011302,518.66783118881881,39.487463356590695,0.67379665307457226,1,5399.6329747090867,73.482194950267285,5.5943810392285718,0.90027417857087866,1
3,2014-06-23,2462,221722.27455861538,470.87394763207635,35.712851545853347,0.55459451302494678,1,6159.45492421176,78.482194950267285,5.9523849033194756,0.93709422809296772,1
3,2014-06-24,2463,223373.39587532764,472.62394763207635,35.893217970919032,0.23878110492954727,0,5887.8297418858247,76.732194950267285,5.8273928194621067,0.49052842757963011,1
3,2014-06-25,2464,222665.02245387953,471.87394763207635,35.815859402814141,0.6342059596130053,1,6003.490534311225,77.482194950267285,5.8810015142517864,0.88046006570655699,1
3,2014-06-27,2465,225030.64219203993,474.37394763207635,36.074064458713032,0.081679435576909043,0,5622.3295595598884,74.982194950267285,5.7020680570545466,0.0056053047555275296,0
3,2014-06-30,2466,213327.54350123802,461.87394763207635,34.792764416728915,0.17135119978923702,0,7653.1344333165707,87.482194950267285,6.5899958531274798,3.8695678274010763e-05,0
3,2014-07-01,2467,214252.29139650217,462.87394763207635,34.89437976872042,0.33503143807962654,1,7479.1700434160366,86.482194950267285,6.5195774557306656,0.9348945777491624,1
3,2014-07-02,2468,222665.02245387953,471.87394763207635,35.815859402814141,0.080378710752137594,0,6003.490534311225,77.482194950267285,5.8810015142517864,0.024149151023320752,0
3,2014-07-03,2469,226932.13798256821,476.37394763207635,36.281336453318843,0.047935998446861,0,5326.4007797588192,72.982194950267285,5.5584306892815905,0.77715917732368933,1
3,2014-07-07,2470,217504.6590299267,466.37394763207635,35.251243207262007,0.049423461119832882,0,6886.0446787641649,82.982194950267285,6.2722747505870968,0.64383643214497499,1
3,2014-07-08,2471,217737.90850374274,466.62394763207635,35.276805717790687,0.25836088311388278,1,6844.6160812890321,82.732194950267285,6.2545601928004002,0.97102126752659623,1
3,2014-07-09,2472,201712.32033662006,449.12394763207635,33.510460558259751,0.30448172078528457,1,10046.492904548386,100.23219495026729,7.4786192837356671,0.0058512138504168655,0
3,2014-07-10,2473,233650.37324941729,483.37394763207635,37.011787720679663,0.53342442949658897,1,4353.6500504550777,65.982194950267285,5.052235447953084,0.88112727963559634,1
3,2014-07-14,2474,292159.4789319117,540.51778780342806,41.26089983232275,0.31938389576715637,1,4897.507610057216,69.982194950267285,5.342152286279946,0.51342079572072852,1
3,2014-07-15,2475,301969.79911237338,549.51778780342806,42.23810820933344,0.069522930207410877,0,3718.8281009524048,60.982194950267285,4.6873324327645873,0.10685319901611057,0
3,2014-07-16,2476,300924.26214520435,548.56564068961188,42.11636396849228,0.15120647372527007,0,3904.0246858032065,62.482194950267285,4.7970975009802137,0.00043353205522316722,0
3,2014-07-17,2477,295735.45105865307,543.81564068961188,41.599972514026533,0.15626428998853906,0,4520.1680378307456,67.232194950267285,5.1430250487869404,0.11685894353497647,0
3,2014-07-18,2478,291889.28253800998,540.26778780342806,41.233946789042406,0.6253085146224564,1,4932.5612075323497,70.232194950267285,5.3602133142734054,0.58844941717044708,1
3,2014-07-22,2479,278433.37072945392,527.66786023923601,40.341579528993577,0.16473655903720516,0,4621.5788302561468,67.982194950267285,5.1974155160754805,0.49544822834176744,1
3,2014-07-23,2480,311104.90511112998,557.76778780342806,43.145835451821938,0.092135346480683125,0,2780.6843842729945,52.732194950267285,4.0790713556578835,0.14638873260057214,0
3,2014-07-24,2481,309487.09207589336,556.31564068961188,42.967031526519548,0.064702825294562741,0,2995.6131640740637,54.732194950267285,4.2272403900573305,0.5509898820040704,1
3,2014-07-25,2482,298733.99958244595,546.56564068961188,41.898477630480023,0.22534843618051686,0,4157.9534656042761,64.482194950267285,4.9430582560572853,0.27867678494169418,1
3,2014-07-28,2483,320147.339248996,565.81564068961188,44.023780641090205,0.16545163769356408,0,2045.9514600189852,45.232194950267285,3.5193304765817763,0.79353583314582898,1
3,2014-07-31,2484,308724.87226353731,555.63015780601518,43.030409123408724,0.17346713761261151,0,2624.7377994221929,51.232194950267285,3.9676433649771372,0.42838699821253079,1
3,2014-08-01,2485,314233.83752175508,560.56564068961188,43.437864447083449,0.36371748629733192,1,2548.4520069967916,50.482194950267285,3.9118322317138543,0.59360869544469053,1
3,2014-08-04,2486,297914.71362141153,545.81564068961188,41.816942401042859,0.90021280903902867,1,4255.2392580296764,65.232194950267285,4.9976782187525215,0.81921118318102271,1
3,2014-08-07,2487,293022.62285520497,541.31564068961188,41.329691978592244,0.95454013690550599,1,4862.5790125820822,69.732194950267285,5.3240843634485424,0.76141954108175569,1
3,2014-08-08,2488,285976.58687217225,534.76778780342806,40.643571180195934,0.20164259020236802,0,5735.3653519852896,75.732194950267285,5.7558194908050382,0.0055884792047452714,0
3,2014-08-12,2489,270574.57260367949,520.16783118881881,39.646938352806309,0.068129306334723069,0,5181.4363898582851,71.982194950267285,5.4864477858435432,0.81842428633683084,1
3,2014-08-13,2490,288388.10441728769,537.01778780342806,40.884490887204265,0.34292296825157048,1,5399.6329747090867,73.482194950267285,5.5943810392285718,0.0071369634078633139,0
3,2014-08-14,2491,286940.02537053288,535.66783118881881,41.316454391733039,0.64808467124377278,1,3190.238346399999,56.482194950267285,4.3565133012161423,0.94814945988185739,1
3,2014-08-19,2492,309208.99675554852,556.06564068961188,42.939431713483543,0.0084673879237454949,0,3023.0417615491974,54.982194950267285,4.2457293397889799,0.00047065820251384629,0
3,2014-08-20,2493,329264.38950002979,573.81564068961188,44.925867347004257,0.064724577890695384,0,1386.2363408147087,37.232194950267285,2.9150279859281492,0.014648854670234942,0
3,2014-08-22,2494,314586.5514205005,560.88015780601518,43.614320202645033,0.022135749651816913,0,2114.3622524443863,45.982194950267285,3.5755983631623085,0.075126338350243238,0
3,2014-08-26,2495,318242.8349462396,564.13015780601518,43.97818419848101,0.14287416000650918,0,1826.0404852676488,42.732194950267285,3.3312956499916031,0.20091016270660544,0
3,2014-08-27,2496,307891.98952682829,554.88015780601518,42.94738063514049,0.51469141635457472,1,2702.1485918475937,51.982194950267285,4.0233897020330716,0.73856409570554826,1
3,2014-08-28,2497,342501.60916608229,585.23637033773139,46.19071589090224,0.16308796442672621,0,728.03884433422934,26.982194950267285,2.1296128611102829,0.0088205577471193088,0
3,2014-09-02,2498,338002.88789054711,581.38015780601518,45.940747357251297,0.048238013328325474,0,649.34225948342748,25.482194950267285,2.0136068708231756,0.0019341989783919593,0
3,2014-09-03,2499,295734.62516201084,543.81488133556149,42.76955417503433,0.010442749156682448,0,991.1285988866349,31.482194950267285,2.4759885922349416,0.43018636105152214,1
3,2014-09-04,2500,301746.83885670203,549.31488133556149,43.389801053361886,0.83082673039504529,1,675.07445443369477,25.982194950267285,2.0523060782201648,0.087537641310936429,0
3,2014-09-05,2501,313112.85642408102,559.56488133556149,44.560213524631614,0.097981683967844929,0,247.50195795321545,15.732194950267285,1.2528126577955234,0.014750324518069118,0
3,2014-09-09,2502,276480.1934226224,525.81383913189507,42.031481944995605,0.71380394247518153,1,120.60860592567626,10.982194950267285,0.87787329738347597,0.65044107785866467,1
3,2014-09-10,2503,287379.20109870628,536.07760734683393,43.188528285746941,0.076456343636143481,0,1.5183043954641973,1.2321949502672851,0.099270489447515417,0.40280861295944581,1
3,2014-09-11,2504,289497.44572312199,538.04966845368654,43.690594271513319,0.13898265812784505,0,72.553002865252139,8.5178050497327149,0.69166098658000119,0.2959895631633645,1
3,2014-09-12,2505,272032.18206513795,521.56704465019448,42.32639842971755,0.32153237681194141,1,60.338795290653067,7.7678050497327149,0.63037573947922221,0.32361372008874567,1
3,2014-09-16,2506,241680.23188002978,491.60983704562886,39.774258660649586,0.15241178891544821,0,16.142757417657705,4.0178050497327149,0.32506513347352062,0.030335069931392542,0
3,2014-09-17,2507,302114.84218203655,549.64974500315793,45.034800901528712,0.18745587707845093,0,380.94471395937188,19.517805049732715,1.5991646906786328,0.16728831812592504,0
3,2014-09-18,2508,258394.44243854069,508.32513457288405,41.674534500748841,0.53878328948410814,1,410.78392153397095,20.267805049732715,1.661635995059046,0.79966794519853024,1
3,2014-09-19,2509,267314.92612663546,517.02507301545393,42.60610408038351,0.42945713876819608,1,703.19398465562983,26.517805049732715,2.1852332138222264,0.61940540034249958,1
3,2014-09-22,2510,283732.47510203999,532.66544387827525,43.759740717048693,0.11750336598435959,0,518.37294678263447,22.767805049732715,1.870429661099422,0.019214109554401615,0
3,2014-09-24,2511,270751.67771027243,520.33804176734225,42.870281505033347,0.80156899304733598,1,689.99758213076348,26.267805049732715,2.1641857919450227,0.32211244811314244,1
3,2014-09-25,2512,287473.38320918794,536.16544387827525,44.174289917880557,0.0016593308715332814,0,689.99758213076348,26.267805049732715,2.1641857919450227,0.00048675746827186534,0
3,2014-09-26,2513,268014.47339358315,517.70114293246752,42.451918239644733,0.66219197574975608,1,420.98032405883731,20.517805049732715,1.6824768388464713,0.12644268059990055,0
3,2014-09-29,2514,265384.53539685911,515.15486545005001,42.347296789975339,0.25425831811674399,1,553.08715435723354,23.517805049732715,1.9332351047869063,0.0039091406167873471,0
3,2014-09-30,2515,265570.2046408265,515.33504115364258,42.344703463733985,0.33660412157707703,1,529.81934930750083,23.017805049732715,1.8913562078662873,0.92421487811370107,1
3,2014-10-08,2516,278544.57634002424,527.77322434926941,43.022068420564047,0.66203245998531457,1,176.03465083771292,13.267805049732715,1.0815410678404496,0.93346388241515621,1
3,2014-10-09,2517,236455.85590979038,486.26726798108712,39.381839885085007,0.31104667177121914,1,27.749770041989493,5.2678050497327149,0.42662928120937149,0.64359097765805107,1
3,2014-10-14,2518,244614.36293295032,494.58504115364258,39.958395568866294,0.039135606078079171,0,5.1429397435932014,2.2678050497327149,0.18321995958252593,0.19059085549740112,0
3,2014-10-16,2519,243863.26353592705,493.82513457288405,40.01013851107021,0.19207444900421694,0,33.267575091722208,5.7678050497327149,0.46731254200791694,0.80489457389657637,1
3,2014-10-17,2520,232698.72585335324,482.38856314526492,38.761636251126149,0.87579465222430353,1,20.090071572201552,4.4821949502672851,0.36016030134731097,0.96522467526929034,1
3,2014-10-20,2521,270295.74485434865,519.89974500315793,41.583662867679102,0.26056729227148639,1,104.69781350027533,10.232194950267285,0.81841191363865518,0.69082136950056094,1
3,2014-10-21,2522,276465.29134600668,525.79966845368654,42.275350227432085,0.043815090831597632,0,13.929279146800623,3.7321949502672851,0.30007597590088725,0.017044290270948559,0
3,2014-10-22,2523,295451.48647023301,543.55449264101662,44.23637783446727,0.084938664293727387,0,126.96343063878207,11.267805049732715,0.91701363578699613,0.0048173503314108265,0
3,2014-10-27,2524,275170.58433303912,524.56704465019448,42.673747785250718,0.40164043153215195,1,115.94562558904936,10.767805049732715,0.87596543011858574,0.60335419085699182,1
3,2014-10-28,2525,301186.37114296365,548.80449264101662,44.855291593054076,0.33332547062741941,1,272.83788366097559,16.517805049732715,1.3500453657321385,0.52940863850174735,1
3,2014-10-29,2526,322794.1327471534,568.14974500315793,47.267033694106317,0.086360681672123393,0,1445.3535007994824,38.017805049732715,3.1628789558845858,0.11221819323709455,0
3,2014-10-30,2527,322299.82137857209,567.71455977328264,48.762255509837459,0.77750361408648605,1,5740.7602820543025,75.767805049732715,6.5078638651262803,0.84961139439177569,1
3,2014-10-31,2528,329254.39067714289,573.80692804909813,50.245790547206489,0.29117981833034173,1,9607.4901067674073,98.017805049732715,8.5829951882427959,0.14574055718725051,0
3,2014-11-05,2529,307075.076521457,554.14355226913631,47.998575337300679,0.16409466923561863,0,7313.2949805240905,85.517805049732715,7.4073456084653708,0.078899437074719497,0
3,2014-11-07,2530,298819.17323741998,546.64355226913631,47.043334962920511,0.0038937201405776735,0,6086.7779047780996,78.017805049732715,6.7140968201146913,0.53979856176287244,1
3,2014-11-10,2531,311739.02838808537,558.33594581406396,48.278075729707211,0.83495778329930803,1,6975.2237603251597,83.517805049732715,7.2216000907680682,0.0057376939276401837,0
3,2014-11-11,2532,301323.53624139039,548.9294455951424,47.138638522554096,0.27427172279249779,1,5702.9388795294362,75.517805049732715,6.4849982867954239,0.062100073692901367,0
3,2014-11-12,2533,302812.84428936755,550.28433040508025,47.366845741775791,0.0048198256342376518,0,6125.8493073029658,78.267805049732715,6.7370609037859017,0.00025982517016444106,0
3,2014-11-13,2534,287290.36106288008,535.99473977165121,45.850704856428678,0.29376329177832744,1,5043.5286340818411,71.017805049732715,6.0750902523295736,0.0063823210583479695,0
3,2014-11-14,2535,282018.69738493493,531.054326208661,44.909456761831798,0.17774510068279348,0,3308.297897739058,57.517805049732715,4.8640849936349015,0.64359097765805107,1
3,2014-11-17,2536,285023.26782696717,533.87570447339817,44.76006744694179,0.58587784351437577,1,2234.2453942195375,47.267805049732715,3.962926434687295,0.852324315469834,1
3,2014-11-18,2537,278924.15313920693,528.13270409926986,44.158252851109516,0.17079118868650767,0,1937.567161396275,44.017805049732715,3.6804184824191233,0.0076250361062640947,0
3,2014-11-19,2538,285914.95647994889,534.71016119010574,44.933626990765184,0.19508590346496379,0,2501.7808219930675,50.017805049732715,4.2031768949355222,0.028808193196878884,0
3,2014-11-20,2539,269821.80349179922,519.44374429941809,43.152128290709705,0.68316238610410973,1,1315.3536831254178,36.267805049732715,3.0129017694482005,0.87658465495285443,1
3,2014-11-21,2540,285571.27753601503,534.3886951798429,44.569532542105328,0.016516778706882201,0,1682.4603310978787,41.017805049732715,3.4210012551903848,0.00052935894871890461,0
3,2014-11-25,2541,288313.99000359606,536.94877782112144,44.839146373371307,0.75799143464899765,1,1807.7637462470768,42.517805049732715,3.5505473945497052,0.0023787440575613792,0
3,2014-11-26,2542,304371.54144931911,551.69877782112144,46.645426152705262,0.19948789428803426,0,3279.6014952141918,57.267805049732715,4.8419196829196967,0.49917729997183957,1
3,2014-11-28,2543,305911.93744341022,553.0930639986459,46.32270217744103,0.60852825461798221,1,2117.6383815952058,46.017805049732715,3.8540875251032425,0.031508928442960167,0
3,2014-12-01,2544,278689.72965830757,527.91072129509507,43.819109466287202,0.21770259152413196,0,1243.8180730259523,35.267805049732715,2.9273961444061189,0.0043293410782143269,0
3,2014-12-03,2545,271202.41629925929,520.77098258184401,43.07452295962316,0.02334026090912349,0,962.10423010322427,31.017805049732715,2.5655752729307455,0.0052239958936849372,0
3,2014-12-04,2546,294422.04474108788,542.60671276817789,45.444448305542537,0.44004566673117157,1,2117.6383815952058,46.017805049732715,3.8540875251032425,0.11439354815411008,0
3,2014-12-05,2547,292722.48469320161,541.03833939306151,45.351076227415049,0.36237051853685026,1,2210.6739916946713,47.017805049732715,3.9411404065157347,0.051347265740605635,0
3,2014-12-08,2548,257087.87761447343,507.03833939306151,41.323418043444292,0.66985211780157494,1,169.46324831284656,13.017805049732715,1.0609458068241822,0.95872412229866644,1
3,2014-12-09,2549,255478.46700086538,505.44877782112144,41.12683302043299,0.31963114539057658,1,121.39202811391571,11.017805049732715,0.89648535799289786,0.50488507056986598,1
3,2014-12-10,2550,265126.00121463387,514.90387570364419,42.335364908829945,0.56780396562293045,1,564.9085568820999,23.767805049732715,1.9541874655484248,0.39380502591749222,1
3,2014-12-11,2551,270538.12425824092,520.1327948305518,42.738931374737206,0.49642103199903237,1,529.81934930750083,23.017805049732715,1.8913562078662873,0.8401758724765146,1
3,2014-12-12,2552,277214.5240877606,526.51165617463835,43.540347833337883,0.29105144328944166,1,946.65782757835791,30.767805049732715,2.5443708951608612,0.33737909330931137,1
3,2014-12-15,2553,298347.96527594706,546.21238110825266,45.423067036029323,0.24933272942365908,0,1407.5856957497497,37.517805049732715,3.1199837879195607,0.19840869434068112,0
3,2014-12-16,2554,291781.38488699216,540.16792286009741,45.173984767727148,0.19824590585065435,0,1959.6385639211412,44.267805049732715,3.7020953418133149,0.0049375012903770102,0
3,2014-12-17,2555,288280.85588840151,536.91792286009741,44.780477302760417,0.11257719571514582,0,1682.4603310978787,41.017805049732715,3.4210012551903848,0.22587203686475565,0
3,2014-12-18,2556,309859.51569260523,556.65026335447396,46.562129933456625,0.12365497613097254,0,1981.8349664460077,44.517805049732715,3.723781267229838,0.075563022825102244,0
3,2014-12-19,2557,302151.64877634106,549.68322584588759,45.988975180580432,0.42213736537098551,1,2004.1563689708739,44.767805049732715,3.7454762643574746,0.77583644681155095,1
3,2014-12-22,2558,326253.78821772803,571.18629904587874,48.528997370083154,0.094917638526027401,0,3971.2437532861181,63.017805049732715,5.3541040823902053,0.0055126059620038796,0
3,2014-12-24,2559,281874.96638305002,530.91898288067455,44.784393326079673,0.16377847172409832,0,2972.1910674406618,54.517805049732715,4.5987182665316508,0.74146688738366273,1
3,2014-12-29,2560,267489.36914245185,517.19374429941809,42.885053424495695,0.096631664937157358,0,1157.2110604016207,34.017805049732715,2.8207135198783346,0.060712497980111642,0
3,2014-12-30,2561,285635.49611449044,534.44877782112144,44.537398151760122,0.41989801909368951,1,1601.4247209984132,40.017805049732715,3.3348170874777261,0.36247394678982603,1
3,2015-01-05,2562,266356.8826803792,516.09774527736431,42.643895499059226,0.085590548620832582,0,886.12221747889248,29.767805049732715,2.4596409873772127,0.093112394507105276,0
3,2015-01-06,2563,365801.04068494932,604.81488133556149,49.964054633255806,0.66497445639787933,1,871.30081495402612,29.517805049732715,2.4384803841167049,0.39590761599493174,1
3,2015-01-07,2564,359777.89187159372,599.81488133556149,49.34717246693225,0.012048830443054624,0,601.12276445669897,24.517805049732715,2.0170962607760359,0.042910174900830461,0
3,2015-01-08,2565,395804.75546102156,629.13015780601518,51.663326446808888,0.56170780926214459,1,495.85514173290181,22.267805049732715,1.8286023444658357,0.064224244554574234,0
3,2015-01-09,2566,340839.81566885574,583.81488133556149,47.406811314296512,0.159788273368974,0,72.553002865252139,8.5178050497327149,0.69166098658000119,0.14171942795785145,0
3,2015-01-13,2567,336765.36149950681,580.31488133556149,46.989059217454368,0.31301612441890636,1,25.178367517123135,5.0178050497327149,0.4063000040269405,0.45048044452148989,1
3,2015-01-14,2568,345603.0799420253,587.88015780601518,46.694214281653309,0.25187084573646545,1,360.32372512995283,18.982194950267285,1.5077200119354477,0.59273732664492396,1
3,2015-01-15,2569,328977.54417968495,573.56564068961188,44.897506120517569,0.45985994671840064,1,1404.9149382898424,37.482194950267285,2.9340270019778698,0.43989547435353604,1
3,2015-01-16,2570,315583.04741355736,561.76778780342806,43.590129024514304,0.069993971154391141,0,2374.8268246708562,48.732194950267285,3.7813536333864044,0.42514918342272046,1
3,2015-01-20,2571,245890.9719402192,495.87394763207635,38.335828962665353,0.10654962613928116,0,2860.3451766983953,53.482194950267285,4.1346884383662381,0.0020236886281176101,0
3,2015-01-21,2572,243664.60167587484,493.62394763207635,38.09561625561075,0.61315175008150702,1,3106.0775539745982,55.732194950267285,4.3011533822317025,0.81206690467383413,1
3,2015-01-22,2573,244652.849571139,494.62394763207635,38.20227438749383,0.015745365617926568,0,2995.6131640740637,54.732194950267285,4.2272403900573305,0.024383380045949178,0
3,2015-01-23,2574,250874.71141653997,500.87394763207635,38.872638543428515,0.0028835737212133663,0,2350.5232271957225,48.482194950267285,3.7626849010684733,5.5778584622835548e-05,0
3,2015-01-27,2575,251375.83536417203,501.37394763207635,38.926548729198473,0.033844490069580541,0,2302.2910322454554,47.982194950267285,3.7253256948965285,0.00017875763770800493,0
3,2015-01-28,2576,271049.29484800698,520.62394763207635,41.034399813365624,0.05915498531940263,0,825.53902666016484,28.732194950267285,2.2646064985432344,0.0010650414250065624,0
3,2015-01-29,2577,279972.1519577523,529.12394763207635,41.985633614923735,0.33966832425504373,1,409.34171250562105,20.232194950267285,1.6054112239847083,0.03851849861522421,0
3,2015-01-30,2578,267158.67774076643,516.87394763207635,40.618777809986355,0.095559567317375985,0,1055.0929887871696,32.482194950267285,2.55262828685794,0.87984262199303442,1
3,2015-02-02,2579,275755.16037669568,525.12394763207635,41.536400840978949,0.665228358012809,1,587.19927210775927,24.232194950267285,1.9167249317988757,0.13919369803445186,0
3,2015-03-03,2592,307267.38598972571,554.31704465019448,46.212342196764858,0.070427207804314731,0,1641.692526048146,40.517805049732715,3.3778912088147326,0.20080879779752556,0
3,2015-03-04,2593,284833.67918385559,533.69811615168328,44.400841609957013,0.01932664259649244,0,1445.3535007994824,38.017805049732715,3.1628789558845858,0.36200183659587315,1
3,2015-03-05,2594,312603.80988118966,559.10983704562886,47.848509802792371,0.54999842735461213,1,5114.7964391315745,71.517805049732715,6.1204796790528642,0.36086809688236693,1
3,2015-03-09,2595,327644.15698899725,572.40209380207307,49.260076919283399,0.75104435233386302,1,6086.7779047780996,78.017805049732715,6.7140968201146913,0.69319805683895752,1
3,2015-03-10,2596,315410.46249044238,561.61415802171723,48.836013741018888,0.3310492679715864,1,8103.2052259716847,90.017805049732715,7.8276352217158882,0.78760252832794264,1
3,2015-03-11,2597,325318.37214431603,570.36687504124575,49.500271212084684,0.36655223669010362,1,7703.1876032478876,87.767805049732715,7.6170800650668449,0.065376998739575296,0
3,2015-03-12,2598,325603.61808183667,570.61687504124575,49.532714847330361,0.20499999586509154,0,7747.1340057727539,88.017805049732715,7.6404344661226311,0.19969221847558358,0
3,2015-03-13,2599,322930.47845016175,568.26972332701462,49.382552537650632,0.11811861659512238,0,7968.741018397086,89.267805049732715,7.7573586834440764,0.20510436002054241,0
3,2015-03-16,2600,327031.7227694398,571.86687504124575,49.695144474581426,0.17950845612580535,0,7968.741018397086,89.267805049732715,7.7573586834440764,0.86767802880329936,1
3,2015-03-17,2601,326920.61651345086,571.76972332701462,49.838284883592472,0.032382808823699726,0,8605.8656537452152,92.767805049732715,8.0861019873377842,0.04751803798829983,0
3,2015-03-18,2602,309592.64613826078,556.41050146295834,47.719597037989566,0.0011539953377602981,0,5478.6354643802379,74.017805049732715,6.3480107246769055,0.017773550400514076,0
3,2015-03-19,2603,287209.949850904,535.91972332701471,45.29792268844686,0.33760428645346369,1,3239.6365316793895,56.917805049732806,4.8109039852702908,0.729549443855255,1
3,2015-03-20,2604,277603.14022002631,526.88057491240488,44.415643828232234,0.057112482400936478,0,2890.976859866063,53.767805049732715,4.5325863055622948,0.13357541299989625,0
3,2015-03-23,2605,288188.05490864924,536.83149582401484,45.055098264709599,0.057627947471599709,0,2353.9774068438692,48.517805049732715,4.0719937095873027,0.41716770560485722,1
3,2015-03-24,2606,290358.00535931642,538.84877782112153,45.069318988049645,0.32374526527813491,1,1972.9414054360691,44.417805049732806,3.7151058087765816,0.042318282852929344,0
3,2015-03-25,2607,282631.47767351335,531.63096004043382,44.186590204083764,0.23663962746457431,0,1359.2350491850905,36.867805049732624,3.0642733698817786,0.12268523632655477,0
3,2015-03-26,2608,282874.88626220287,531.85983704562886,44.479183528800235,0.11155679344364008,0,1959.6385639211412,44.267805049732715,3.7020953418133149,0.10611686338668348,0
3,2015-03-27,2609,322984.26323993114,568.31704465019448,47.939016841011764,0.12499126996942272,0,2972.1910674406618,54.517805049732715,4.5987182665316508,0.39389706711609446,1
3,2015-03-30,2610,285126.85273582203,533.97270785670503,44.985063846394695,0.01554663960191284,0,2810.8876522914638,53.017805049732715,4.4665379148890239,0.11372490195825871,0
3,2015-03-31,2611,267366.69479356613,517.07513457288405,42.698194432112643,0.038312168056712503,0,842.03300990429341,29.017805049732715,2.3961853880869293,0.10652032783059051,0
3,2015-04-07,2612,271258.82080286276,520.82513457288405,43.141448297608953,0.23992127439164235,0,1073.7290477772888,32.767805049732715,2.714251816088856,0.78276232455673245,1
3,2015-04-08,2613,385038.717958886,620.51488133556154,51.934623479708861,0.59483061753284483,1,2044.6498935156376,45.21780504973276,3.7845501380760602,0.8433154296352553,1
3,2015-04-09,2614,324289.06407883699,569.46383913189516,47.16642557103534,0.045426923654105222,0,1067.1854867673483,32.667805049732806,2.7057444030093021,0.014525885557480552,0
3,2015-04-10,2615,379967.30593193427,616.4148813355614,51.415037228756475,0.72169958142897739,1,1690.6738921078177,41.117805049732624,3.4296275794255253,0.95390219994385117,1
3,2015-04-13,2616,387400.28450796101,622.4148813355614,52.176618437049328,0.20560603760302698,0,2220.0875527046092,47.117805049732624,3.9498537219995487,0.2839566770127524,1
3,2015-04-15,2617,330924.61382730922,575.26047476539634,47.765223960260421,0.12930864443640411,0,1272.1923170657451,35.667805049732806,2.9615813550656211,0.24836304901055289,0
3,2015-04-16,2618,374501.01598804799,611.96488133556159,50.855102948897802,0.45755571479390428,1,1344.5279271652107,36.667805049732806,3.0471438110053444,0.43795409221872411,1
3,2015-04-17,2619,382931.85736234504,618.81488133556149,51.718753141292225,0.58763733976563326,1,1893.7993563465423,43.517805049732715,3.6370919389663783,0.75970564833522658,1
3,2015-04-20,2620,342512.74791833706,585.24588671629044,48.962259409042957,0.84694507347782999,1,1999.6820884659048,44.71780504973276,3.7411365389218409,0.36786953565835279,1
3,2015-04-21,2621,348525.49016522407,590.36047476539625,49.64141053314242,0.5085058825418568,1,2577.3700295676667,50.767805049732715,4.2688925835385927,0.063570954152178907,0
3,2015-04-22,2622,349215.90247756738,590.94492338759233,49.837227357165702,0.37113713846914675,1,2944.9946649157955,54.267805049732715,4.5766649841646823,0.22147720191407272,0
3,2015-04-23,2623,359488.99289111129,599.57400951935142,50.682502917950245,0.41934438312957301,1,3251.0300926893256,57.017805049732715,4.8197637404676845,0.074270319165684787,0
3,2015-04-24,2624,341497.39378888771,584.37778344910384,48.698148620758651,0.08231391433861833,0,1601.4247209984132,40.017805049732715,3.3348170874777261,0.076007767680196389,0
3,2015-04-27,2625,325596.3139119909,570.61047476539625,47.196896175797868,0.33684674682693949,1,962.10423010322427,31.017805049732715,2.5655752729307455,0.51149888371726426,1
3,2015-04-28,2626,403307.40350575082,635.06488133556149,53.807657812799114,0.57921181088350571,1,3572.1905204628556,59.767805049732715,5.0639953441840895,0.61848983943609326,1
3,2015-04-30,2627,347105.28795949824,589.1564206214664,49.634070818994644,0.073827056522417542,0,2810.8876522914638,53.017805049732715,4.4665379148890239,0.02982507355941098,0
3,2015-05-07,2628,353484.81141125999,594.5458867162904,50.1303445797884,0.16920865084143352,0,2917.9232623909293,54.017805049732715,4.5546209991342925,0.50427377493382253,1
3,2015-06-02,2645,291442.64386510354,539.85428021374764,45.365905900314928,0.62073521007174404,1,2501.7808219930675,50.017805049732715,4.2031768949355222,0.80691179152846126,1
3,2015-06-03,2646,302362.14174041635,549.87466002755241,46.758049322070782,0.43786934526104704,1,4098.2793633855836,64.017805049732715,5.4436909055895173,0.29446460077774933,1
3,2015-06-04,2647,309571.65647500235,556.39163947259522,47.775342561617315,0.5299000870227365,1,5687.8453185195031,75.417805049732806,6.475854804201683,0.89128115813971853,1
3,2015-06-05,2648,297608.02277940267,545.53462106396387,46.51557137312107,0.52702416535318508,1,4518.2333157038793,67.21780504973276,5.7313953828216881,0.54636973799945132,1
3,2015-06-08,2649,289995.42966125195,538.51223724373426,45.737407613702587,0.11567522978645942,0,3920.9895092463207,62.617805049732624,5.3183119627766793,0.014193369866309232,0
3,2015-06-09,2650,279057.55184120673,528.25898178943135,44.447537382366967,0.087470007619016285,0,2654.0842371422655,51.517805049732715,4.3346912115887859,0.1486721717540421,0
3,2015-06-10,2651,316028.79842438089,562.16438736759278,47.701687515281527,0.2807219043405117,1,3784.4403381369198,61.517805049732715,5.2200089138508883,0.08491238324787162,0
3,2015-06-11,2652,292647.68607756088,540.96920991638785,45.736321433580308,0.017065787215583675,0,3273.8772147092236,57.21780504973276,4.8374877451583327,0.33895870912334025,1
3,2015-06-12,2653,295397.15842523839,543.50451555183827,46.005122359221112,0.093740033730737721,0,3436.0470688484597,58.617805049732624,4.9617238064781288,0.39791331834619803,1
3,2015-06-15,2654,297505.10469865508,545.44028518129744,46.312059875295894,0.38761851611908321,1,3877.2795457115189,62.267805049732715,5.2870138017179125,0.45848918951318024,1
3,2015-06-16,2655,297261.07425460138,545.2165388674498,46.283237594859919,0.15271662244170106,0,3846.2081431866527,62.017805049732715,5.2646693590605027,0.16358594744291191,0
3,2015-06-17,2656,275278.86470937904,524.6702437811573,43.655218519878296,0.13164314501039096,0,1456.7813423144091,38.167805049732806,3.1757544660093027,0.54456625678292958,1
3,2015-06-18,2657,280688.53532411245,529.80046746309358,44.025300603547748,0.025945015017200486,0,1340.863646660224,36.617805049732624,3.042862310930083,0.022889171772067798,0
3,2015-06-19,2658,305020.35038030299,552.28647492067284,46.883401945727748,0.60384248664899853,1,3846.2081431866527,62.017805049732715,5.2646693590605027,0.7223905387981292,1
3,2015-06-23,2659,300909.36858668551,548.55206552038931,46.73500025732816,0.71170033224448492,1,4391.4219861093807,66.267805049732715,5.6458193865586983,0.34223153418343416,1
3,2015-06-24,2660,303094.6056075042,550.54028518129735,46.948389134123339,0.42007822181643928,1,4538.4211572187805,67.367805049732624,5.7449200571127461,0.44168678313199755,1
3,2015-06-25,2661,302610.40053841233,550.1003549702657,46.997040151240128,0.032145236617706269,0,4832.7252189326437,69.517805049732715,5.9391546390203089,0.0072492191960238563,0
3,2015-06-26,2662,291056.16735259228,539.49621625419422,45.875528593043725,0.070786802136114352,0,4098.2793633855836,64.017805049732715,5.4436909055895173,0.01105618329133703,0
3,2015-06-29,2663,303774.02312750742,551.15698591917294,47.067206312482746,0.55422114357825236,1,4763.4574138829103,69.017805049732715,5.8939201579618032,0.27330604893385929,1
3,2015-06-30,2664,301732.60273868183,549.30192311576866,47.029274239363758,0.47440950841315421,1,5186.564244181307,72.017805049732715,6.1659079665867047,0.38199756984943539,1
3,2015-07-01,2665,304820.51279315894,552.10552686344204,47.380864781243687,0.51972479175675423,1,5590.2246719548366,74.767805049732715,6.4164604204876827,0.69411722298242928,1
3,2015-07-02,2666,287197.34910625324,535.90796701136401,45.961232162209612,0.64200423554224473,1,5478.6354643802379,74.017805049732715,6.3480107246769055,0.56614729049653545,1
3,2015-07-06,2667,272465.38317500142,521.98216748755067,45.144403674598976,0.64587621346001778,1,7017.0451628500259,83.767805049732715,7.2447831394363433,0.43462060236735223,1
3,2015-07-07,2668,266336.47986223875,516.07797847053962,44.547084891716842,0.30919494842501644,1,6645.1525401262288,81.517805049732715,7.0364959041633757,0.17670463242470469,0
3,2015-07-08,2669,258552.5002161302,508.48057997934416,43.674518357684704,0.32623263701970046,1,5740.7602820543025,75.767805049732715,6.5078638651262803,0.17668790569470333,0
3,2015-07-09,2670,295154.79795867327,543.28150894234682,46.862892171340192,0.61557711732852494,1,6515.3640520466633,80.71780504973276,6.9626330587192937,0.69399739290572371,1
3,2015-07-10,2671,273795.21473169408,523.25444549635131,45.342672919961117,0.48245578798201261,1,7399.062785573823,86.017805049732715,7.4538825866319502,0.11128728528281781,0
3,2015-07-13,2672,268404.53858520009,518.07773411448602,44.762202705588905,0.17048097916160157,0,6825.7017112356252,82.617805049732624,7.1382240409307602,0.14678700745070372,0
3,2015-07-14,2673,323420.07276215166,568.7003365236842,49.564261506334681,0.51179811452123192,1,8578.0578122302777,92.617805049732624,8.0719718537330145,0.41549777358693174,1
3,2015-07-15,2674,269960.6077841919,519.57733571066387,45.401724546545246,0.48689813837829216,1,9142.764642528673,95.617805049732624,8.355278316124835,0.051113595782421584,0
3,2015-07-16,2675,280868.79560244246,529.97056107150183,46.784124388374103,0.190040309186049,0,11495.6577196825,107.21780504973276,9.4648486096162401,0.05374716804554662,0
3,2015-07-17,2676,291213.9755673238,539.64245159857819,48.80991783634029,0.001433088225900891,0,18068.146314387974,134.41780504973281,12.157905666582201,0.0002945219292510522,0
3,2015-07-21,2677,224527.14378911364,473.84295266376353,43.527737705655298,0.037515887550998418,0,22927.351686078891,151.41780504973281,13.909407041129231,0.0068968847918853575,0
3,2015-07-22,2678,185867.14321143285,431.12311839129302,39.285868269664022,0.45162063920322898,1,20339.838317203539,142.61780504973262,12.995972758313524,0.40356911096590919,1
3,2015-07-23,2679,196028.63755917083,442.75121406854532,40.96513823728214,0.021086029964202457,0,25350.309444854705,159.21780504973276,14.731477151159583,0.004060176922200758,0
3,2015-07-24,2680,177545.79886463328,421.36183840570243,38.305621673245675,0.65348846694657059,1,19604.985730944954,140.01780504973271,12.72889136815752,0.83396594617895936,1
3,2015-07-27,2681,187610.32300065077,433.14007318724362,39.512869292760769,0.26043989398707185,1,20683.561049322911,143.81780504973267,13.119668404463845,0.018047357999046169,0
3,2015-07-28,2682,192155.04821360373,438.35493405869602,40.206827246842103,0.037515887550998418,0,22430.395429414744,149.76780504973271,13.737014909399928,0.021650067837487959,0
3,2015-07-29,2683,194954.28299468043,441.53627596685692,40.601036870515578,0.222292823417861,0,23261.680857188276,152.51780504973271,14.02462575169956,0.20981976360114291,0
3,2015-07-30,2684,189832.80988405558,435.69807193061524,39.666612520995557,0.4161300113036111,1,20055.602707104073,141.61780504973262,12.893099512903552,0.25993116982810821,1
3,2015-07-31,2685,189340.40576100824,435.13263008077001,39.850959802250202,0.08751572075085684,0,21938.884172750601,148.11780504973262,13.56514379061568,0.011626754707950443,0
3,2015-08-03,2686,192448.98031302911,438.69007318724357,40.222809626116863,0.24179353476014021,0,22310.741185374929,149.36780504973262,13.69530143031519,0.36516781298669976,1
3,2015-08-04,2687,203477.95146547951,451.085303978615,41.570850979505579,0.63501744379777048,1,23999.52632142702,154.91780504973281,14.276822878051131,0.76287436715405754,1
3,2015-08-05,2688,197235.63334079098,444.1121855351314,40.753584357433489,0.41820622642561944,1,22580.413234464479,150.26780504973271,13.78919982103535,0.41012843283834322,1
3,2015-08-06,2689,193918.85444927748,440.3621855351314,40.270890309568486,0.51521826478830868,1,21467.467196591482,146.51780504973271,13.398976227684747,0.82648763459015107,1
3,2015-08-07,2690,228320.37093234452,477.82880923228618,43.557776593645045,0.51521826478830868,1,20454.092561243353,143.01780504973271,13.037174571534432,0.64238491535321907,1
3,2015-08-10,2691,235038.38668550469,484.80757696791898,43.745326141928167,0.0062269570588816608,0,17362.754447624367,131.76780504973271,11.889718479560814,0.2903183267511984,1
3,2015-08-11,2692,261763.17185745091,511.62796234905977,45.721891184008918,0.1274025964480518,0,14645.309139055113,121.01780504973271,10.814817251986836,0.30148707176459266,1
3,2015-08-12,2693,296726.02706114756,544.72564384389648,48.777760809840743,0.4003532032337922,1,15194.95176177891,123.26780504973271,11.038084177276266,0.015734492759311793,0
3,2015-08-13,2694,295094.10012961586,543.22564384389648,48.578193055568654,0.25210790355660428,1,14827.398346629712,121.76780504973271,10.889139731699773,0.25017584443586555,1
3,2015-08-14,2695,314792.98724866862,561.06415608971906,50.148744734511894,0.13948660944521696,0,14693.756261075017,121.21780504973276,10.834626836765532,0.35079291214557062,1
3,2015-08-17,2696,302380.6291260061,549.89147031573975,48.82932738229718,0.89414039424193281,1,12965.877026843915,113.86780504973262,10.111246729985581,0.98907194974586321,1
3,2015-08-19,2697,320112.66031102708,565.78499477365699,49.297289777263828,0.18089285979381095,0,8522.5771292004465,92.317805049732669,8.043722667049984,0.04532241062992011,0
3,2015-08-20,2698,316891.39591689501,562.93107563616968,48.675406453624703,0.20841379309883384,0,6975.2237603251597,83.517805049732715,7.2216000907680682,0.16779598549458166,0
3,2015-08-21,2699,302018.09003875736,549.56172541285787,47.112021038393301,0.24856173177583463,0,5404.8676593305054,73.517805049732715,6.3024264937619128,0.53213552598417557,1
3,2015-08-24,2700,338453.6749115921,581.76771559755025,51.144414558026398,0.64487832483104024,1,10509.900352215003,102.51780504973271,9.012554290086392,0.097428092120217968,0
3,2015-08-25,2701,307284.19017935893,554.33220200468145,49.460825519043624,0.19557715740748247,0,14224.809321381048,119.26780504973271,10.641784969862387,0.12965438006799387,0
3,2015-08-26,2702,293728.39384521829,541.96715199836444,48.43316818573409,0.048341065569004506,0,14645.309139055113,121.01780504973271,10.814817251986836,0.44445159449427946,1
3,2015-08-27,2703,277912.3489264283,527.17392663752662,46.447041994495734,0.099954734238776419,0,11028.739377463666,105.01780504973271,9.2526700484346005,0.3546318610184816,1
3,2015-08-28,2704,316015.69037038198,562.15272868712646,49.212354783080322,0.038979558234763047,0,9548.7694237375781,97.71780504973276,8.5544782499984908,0.039648989139833585,0
3,2015-09-01,2705,319338.33192341914,565.10028483749602,49.668229825312771,0.48894474055513198,1,10458.703949690136,102.26780504973271,8.9886007514596979,0.62568828315117875,1
3,2015-10-09,2720,261342.17025766487,511.2163634486526,43.873700948219415,0.0010511912144243083,0,5597.7039524598031,74.817805049732669,6.4210268666093944,0.028180330111681192,0
3,2015-10-13,2721,266195.60270257178,515.94147216769829,43.95105819641352,0.063775596264686124,0,4371.5641445944493,66.117805049732624,5.6323200485333178,0.1539331123397279,0
3,2015-10-14,2722,280030.8856403823,529.1794455951424,44.684774802207507,0.13446134890597927,0,3110.0480800649939,55.767805049732715,4.709124344499279,0.21165517577068044,0
3,2015-10-15,2723,278566.03381687362,527.7935522691364,44.696070819251929,0.38677388937921853,1,3500.8291544031867,59.167805049732806,5.0106114281858671,0.23541322847399404,0
3,2015-10-16,2724,291583.6266907205,539.98483931562419,45.940517212491422,0.65828278442909183,1,4175.4607294452508,64.617805049732624,5.4975161689410088,0.78643980939648128,1
3,2015-10-19,2725,287106.4805241162,535.82318027882684,45.495493974003551,0.14858490203449329,0,3877.2795457115189,62.267805049732715,5.2870138017179125,0.85703295100681109,1
3,2015-10-20,2726,298551.446553191,546.39861507254113,46.816777917277115,0.46567866329047614,1,5317.0062932708388,72.917805049732806,6.2477769728157666,0.60016191666498153,1
3,2015-10-21,2727,304180.8778085357,551.52595388479745,47.49416179847556,0.2989235404968239,1,6204.3671123526983,78.767805049732715,6.783018734099695,0.7120372316534288,1
3,2015-10-23,2728,298663.16210735572,546.50083449831595,46.853638074272624,0.20099189552058977,0,5419.5812203404384,73.617805049732624,6.3115402134544434,0.03362342913782361,0
3,2015-10-26,2729,301610.48937206139,549.19075863679768,47.112529693471537,0.5269388782208273,1,5523.1361474100704,74.317805049732669,6.375380033433359,0.7829570844118483,1
3,2015-10-27,2730,291838.06614848139,540.22038664648835,45.796913076168906,0.12404947057216049,0,3650.3111670275189,60.417805049732806,5.1218892039447965,0.60515717001307101,1
3,2015-10-28,2731,322575.50611502293,567.95731011672251,49.447789493010845,0.61449393036726507,1,8357.2150801109528,91.417805049732806,7.9590636470253191,0.095523063024787302,0
3,2015-10-29,2732,326274.38227949053,571.20432620866109,50.002567182445055,0.56824192016003261,1,9539.0001432326135,97.667805049732806,8.5497268831560209,0.071033097366569931,0
3,2015-10-30,2733,318527.36310405063,564.38228454129444,49.769160894294039,0.56877009019684965,1,11239.774987563131,106.01780504973271,9.3490127909817211,0.085414893047318946,0
3,2015-11-02,2734,347852.92947145732,589.79058102979002,52.91025217814569,0.13507452352915963,0,15704.552262482803,125.31780504973267,11.242289858233844,0.54953634641691984,1
3,2015-11-04,2735,357831.9712327579,598.19058102979011,54.071280939147627,0.001788166792747519,0,17880.451387318335,133.71780504973276,12.086938899912571,0.00026929212937297704,0
3,2015-11-05,2736,334756.07072202209,578.58108396492025,53.134455318662887,0.20085203803177326,0,22836.591003048994,151.11780504973262,13.878024157382002,0.69990048841278774,1
3,2015-11-06,2737,311524.88488466438,558.14414346534568,51.224682770314402,0.31006420568081838,1,22625.516075979423,150.41780504973281,13.804864633786051,0.050224605608571248,0
3,2015-11-09,2738,295223.79134235013,543.34500213248498,49.981142685354158,0.39307483784751024,1,23383.855101228088,152.91780504973281,14.066581275847007,0.95869457525084323,1
3,2015-11-10,2739,270419.95509091724,520.0191872334301,48.083142601334266,0.073294500964879328,0,25127.894517785066,158.51780504973271,14.65721729539831,0.58610835224526225,1
3,2015-11-13,2740,204527.5110107658,452.2471791075825,41.691373967050701,0.28639082199163851,1,24108.091284961803,155.26780504973271,14.313694865151669,0.11563516418486028,0
3,2015-11-16,2741,207086.79660791429,455.06790329346927,42.167151898950081,0.3807230840962299,1,25862.366421013823,160.81780504973267,14.901575708833642,0.28358030836833231,1
3,2015-11-17,2742,213060.70624309912,461.5849935202607,43.229687990658924,0.15095646021701753,0,29676.196656652715,172.26780504973271,16.133720913110064,0.39037407435958538,1
3,2015-11-18,2743,184520.87807183521,429.55893434060386,39.678453199760192,0.056300067794676445,0,24780.365346675684,157.41780504973281,14.540717259350897,0.0028824607375351019,0
3,2015-11-19,2744,200990.94133824512,448.32013264880834,41.443968814310914,0.46886938893003433,1,25048.698115260202,158.26780504973271,14.630719209589344,0.65831894037749394,1
3,2015-11-20,2745,195730.34021641815,442.41421791847756,41.101283715949236,0.42816835260554886,1,26770.786129292312,163.61780504973262,15.200464980465684,0.83015528005552397,1
3,2015-11-24,2746,207004.88432659995,454.97789432740569,42.845644065110235,0.13108863412964661,0,31725.952475734557,178.11780504973262,16.773500805135381,0.7339035305900683,1
3,2015-11-30,2747,188043.44346183201,433.63976231640936,40.702061415093802,0.71971824216396119,1,30491.377840386427,174.61780504973262,16.389882208535067,0.12810130241936213,0
3,2015-12-01,2748,200817.01195705423,448.12611166618512,42.460309993005978,0.56051043982540227,1,34083.733941381084,184.61780504973262,17.492685716290755,0.67832809062486199,1
3,2015-12-02,2749,204505.26637578662,452.22258499082795,42.84642427313733,0.040852244530702984,0,34065.274660876123,184.56780504973267,17.487119716683182,0.0023349640608302329,0
3,2015-12-03,2750,183545.91133022323,428.422584990828,39.696324761716753,0.831453926637299,1,25846.287140508863,160.76780504973271,14.896252494763282,0.94758229668219696,1
3,2015-12-04,2751,229763.31144384414,479.3363239353389,44.556267329925539,0.067230907997221576,0,26967.487495352034,164.21780504973276,15.264715100365567,0.16131955498895725,0
3,2015-12-07,2752,210839.23649111553,459.17233855178551,42.829245271130077,0.031878385372000898,0,28196.389252720073,167.91780504973281,15.662513296309378,0.0012297479555987054,0
3,2015-12-08,2753,193641.88244961851,440.0475911189817,40.707455237648631,0.24570854211144075,0,25286.6623228348,159.01780504973271,14.710250235867967,0.25803015343015306,1
3,2015-12-09,2754,253033.92798012219,503.02477869397467,46.967766451351508,0.54251825095798223,1,28567.018423829453,169.01780504973271,15.78130766103947,0.016566005411640401,0
3,2015-12-10,2755,204953.49236363932,452.7178949010513,42.211458732032753,0.72882797526480492,1,28062.215008680254,167.51780504973271,15.61937576221284,0.98207929333739596,1
3,2015-12-11,2756,208210.32252956188,456.30069310659815,42.71478521943348,0.030942735158814551,0,29504.178851602985,171.76780504973271,16.079363917597259,0.0088004787145064718,0
3,2015-12-14,2757,224318.03598729329,473.62225030850618,44.618205398823001,0.19049772730075046,0,31868.606719774376,178.51780504973271,16.817504008453387,0.0065876789962657622,0
3,2015-12-15,2758,200063.82164311162,447.28494457460965,41.598227814425449,0.56882272551446522,1,27148.429580906726,164.76780504973271,15.323674033920737,0.55426509232711885,1
3,2015-12-16,2759,314693.04086954158,560.97508043543394,53.45674484804973,0.56628154333718006,1,36335.147601977871,190.61780504973262,18.164456360752109,0.75727308076386601,1
3,2015-12-17,2760,202639.75924985233,450.15526127087787,42.367554001964976,0.073675761361200812,0,31512.571109674911,177.51780504973271,16.707558122327786,0.23310185817258516,0
3,2015-12-18,2761,197131.5478107188,443.99498624502371,41.158283777058976,0.79215566595857134,1,26007.304945558597,161.26780504973271,14.94950684122667,0.96051966028738078,1
3,2015-12-21,2762,284865.24710448511,533.72769002974269,49.653706394059228,0.066295171206523631,0,27263.88954444151,165.11780504973262,15.361224769721145,0.039977636356067867,0
3,2015-12-22,2763,288569.60992391652,537.18675516426924,50.199678082821166,0.13343715173878545,0,28872.060472919002,169.91780504973281,15.878684707011759,0.0030259892976130898,0
3,2015-12-29,2764,284384.16809189843,533.27682125880779,50.3091340810196,0.0040973040468796256,0,32406.410134923572,180.01780504973271,16.982811797144596,0.0003730948683493741,0
3,2015-12-30,2765,201055.26105229417,448.39186104599867,41.431449392099665,0.30654886992728397,1,24890.680310210468,157.76780504973271,14.577759764355067,0.60320688797285282,1
3,2016-01-04,2766,311212.21770204877,557.8639777777812,51.797955225420722,0.11940968811768654,0,26574.80476323266,163.01780504973271,15.136286448443148,0.040065119447666074,0
3,2016-01-05,2767,299613.30689253839,547.36944278296937,50.152963421565822,0.76521893155693932,1,22087.251977800333,148.61780504973262,13.61717106924433,0.96033954387700093,1
3,2016-01-06,2768,358963.12592437258,599.13531520381321,54.154229240639332,0.10677189635118792,0,17867.082106813374,133.66780504973281,12.081873281487125,0.76966565047844171,1
3,2016-01-07,2769,363509.57385537273,602.91755145738853,54.718659659426294,0.057338093898525309,0,19090.34235226097,138.16780504973281,12.539620188749179,0.010037040945373664,0
3,2016-01-08,2770,384376.03120676061,619.98067002670382,57.120017507527521,0.025972821671545181,0,23906.665638397124,154.61780504973262,14.24523724430925,0.00018862149825285806,0
3,2016-01-12,2771,336650.75345904019,580.21612650721818,53.321336810845757,0.35107854859435639,1,23063.830210623593,151.86780504973262,13.956513812409375,0.88473658966531277,1
3,2016-01-13,2772,339555.36668866244,582.7137948329887,53.538569903802703,0.84986762817939077,1,22987.958808098727,151.61780504973262,13.93033857494787,0.98295741379457735,1
3,2016-01-14,2773,334103.38912103901,578.01677235270517,52.847247757961611,0.77033221627649495,1,21394.270794066615,146.26780504973271,13.373056461689847,0.955210800870268,1
3,2016-01-15,2774,343426.1514797897,586.02572595389506,53.949433919806225,0.036219381084082805,0,23644.537869812604,153.76780504973271,14.155839360159513,5.0144697940713429e-05,0
3,2016-01-19,2775,324175.13086662174,569.36379483298879,51.678129778351604,0.86078038440630555,1,19117.985913270892,138.26780504973271,12.549834812773561,0.98601775967044036,1
3,2016-01-20,2776,369827.26969777129,608.13425302129735,55.461400184340846,0.21681135815945735,0,20597.360366293084,143.51780504973271,13.088719110782737,0.046299476264696715,0
3,2016-01-21,2777,366015.06709458958,604.9917909315709,55.187392559322312,0.33317176050680297,1,20669.181768817951,143.76780504973271,13.114509012518377,0.010950885948900336,0
3,2016-01-22,2778,343299.47830673819,585.91763781843792,52.947554474827221,0.2757570004278681,1,17800.310704288509,133.41780504973281,12.056552055822593,0.61214610850373263,1
3,2016-01-25,2779,343991.61384990811,586.50798276741989,52.542708422613202,0.41474499214925908,1,15318.469566828642,123.76780504973271,11.087821281051083,0.6896764111137077,1
3,2016-01-27,2780,369807.60828599468,608.11808745176677,54.588697257788752,0.14921120078674566,0,15880.487189552439,126.01780504973271,11.312190758503835,0.4283127824290856,1
3,2016-01-28,2781,386856.51508937817,621.97790562798787,55.943326643999633,0.17044126440419127,0,16439.805531771275,128.21780504973276,11.53245233402885,0.060557498277615127,0
3,2016-01-29,2782,363718.71041325742,603.09096363090816,53.536703384900861,0.29066650974487185,1,12886.292063309122,113.51780504973271,10.077035512626074,0.18391342069952474,0
3,2016-02-01,2783,361310.34655873379,601.09096363090816,53.264595802473039,0.37144884265113803,1,12436.220843110192,111.51780504973271,9.8819499379470717,0.042171295269156757,0
3,2016-02-02,2784,356268.78466449125,596.88255516851154,52.728140915946256,0.52386717303642205,1,11667.846207762062,108.01780504973271,9.5422089266548333,0.67807998818994242,1
3,2016-02-03,2785,324605.24467212794,569.74138402623339,49.270669263305521,0.32231011734934589,1,7000.301601840094,83.667805049732806,7.2355087170608217,0.22704805166688191,0
3,2016-02-04,2786,401677.91430580959,633.78065157103811,55.094593086542197,0.034494638491582026,0,8040.3152624368877,89.667805049732806,7.7948281001202071,0.00018241128568717964,0
3,2016-02-05,2787,317447.14305337914,563.42447857133357,46.583255772743577,0.097030643355696708,0,931.33642505349155,30.517805049732715,2.5231752831527667,0.86121274469355924,1
3,2016-02-16,2788,366406.10556628491,605.31488133556149,50.026023250872854,0.1043295637012301,0,901.06862000375884,30.017805049732715,2.4808103346886541,0.023899872458538945,0
3,2016-02-17,2789,410836.95254464477,640.96564068961197,52.967989479349811,0.47417096040844042,1,895.07505899381783,29.917805049732806,2.4723415461311302,0.37376465488553867,1
3,2016-02-18,2790,409684.02439140336,640.06564068961188,52.854305589563324,0.046153312004081057,0,842.03300990429341,29.017805049732715,2.3961853880869293,0.00540834280892016,0
3,2016-02-22,2791,396541.78812912852,629.71564068961197,51.55898314894273,0.045931203893036149,0,348.48694537482965,18.667805049732806,1.5284566299367754,0.29485661467641655,1
3,2016-02-23,2792,359721.39928661793,599.76778780342806,47.952651433414196,0.67502850179735485,1,115.18000845054262,10.732194950267285,0.85806075956564343,0.98855885336033267,1
3,2016-02-24,2793,306222.72591790796,553.37394763207635,44.771354986413947,0.080006516095926045,0,16.142757417657705,4.0178050497327149,0.32506513347352062,0.0043154708303468773,0
3,2016-02-25,2794,316827.0809229174,562.87394763207635,45.89269854317785,0.32756998442350349,1,182.73105336257927,13.517805049732715,1.1021447248049503,0.22089900849129987,0
3,2016-02-26,2795,331734.40858281654,575.96389520769139,46.640529209465655,0.2279146390425974,0,26.191928527068747,5.117805049732624,0.41443072716273577,0.12445958556277668,0
3,2016-02-29,2796,329893.88411815203,574.36389520769148,46.450780041058756,0.34052611985387288,1,12.374952367924989,3.5178050497327149,0.28449697126831502,0.089861201443194857,0
3,2016-03-01,2797,326799.60908403044,571.66389520769144,46.131689413144883,0.25455421857607169,1,0.66880509936825394,0.81780504973266943,0.065994597299279326,0.027792006760604438,0
3,2016-03-02,2798,290654.63091039378,539.12394763207635,43.121291552255656,0.34391787054985873,1,104.69781350027533,10.232194950267285,0.81841191363865518,0.03673400078763487,0
3,2016-03-03,2799,262014.93826444563,511.87394763207635,40.068410773548052,0.5555812846446867,1,1404.9149382898424,37.482194950267285,2.9340270019778698,0.9486647973261717,1
3,2016-03-04,2800,272874.54116471927,522.37394763207635,41.22919870813547,0.80967949743226653,1,728.03884433422934,26.982194950267285,2.1296128611102829,0.4480508475410056,1
3,2016-03-08,2801,294820.70780716068,542.97394763207626,43.563378340185835,0.026163173438602343,0,40.732412383218396,6.382194950267376,0.51205030088794734,0.00010508103957502789,0
3,2016-03-09,2802,323952.05312931049,569.16786023923601,44.940217942300514,0.72861100590743277,1,701.30664938396205,26.482194950267285,2.0909747295907848,0.99632792413829629,1
3,2016-03-10,2803,298240.38653891743,546.11389520769148,43.179592425988659,0.081865181166324325,0,611.68146705802656,24.732194950267285,1.9555006879041141,0.033851655136256965,0
3,2016-03-11,2804,322753.39792805584,568.11389520769148,45.714254291506052,0.042453254485080104,0,7.4648892462660523,2.7321949502672851,0.21985073025687268,0.00081767621838746082,0
3,2016-03-14,2805,383242.26748243964,619.06564068961188,50.248834471559412,0.073849499634997748,0,64.285197815519425,8.0178050497327149,0.65079586442635673,0.0073671960125881756,0
3,2016-03-15,2806,389047.05968208762,623.73637033773139,50.772191317682655,0.021569913694824128,0,132.65983316364841,11.517805049732715,0.93755026859851165,0.0044357296510466456,0
3,2016-03-16,2807,336841.12757493509,580.38015780601518,45.825515815713793,0.34363703921310462,1,701.30664938396205,26.482194950267285,2.0909747295907848,0.2080113578544244,0
3,2016-03-17,2808,358759.83872671734,598.96564068961197,47.836885287885309,0.035919823896732234,0,145.97943481626208,12.082194950267194,0.96495447250756294,0.00031430425561594655,0
3,2016-03-18,2809,353287.7719935035,594.38015780601518,47.455501621238739,0.53319137844480036,1,155.8051907764781,12.482194950267285,0.99658243115906475,0.88144017432460631,1
3,2016-03-22,2810,402763.32255545026,634.63637033773148,52.121909521824207,0.2036836869683871,0,502.55798324782569,22.417805049732806,1.8411469324682004,0.66586821960693598,1
3,2016-03-23,2811,347292.02936354693,589.31488133556149,48.068097988218717,0.67080618292605132,1,196.49885841231199,14.017805049732715,1.1433772471233863,0.89531896303623593,1
3,2016-03-29,2812,335316.13679616794,579.06488133556149,46.84043529509092,0.88723220647663503,1,14.196354892791346,3.7678050497327149,0.30477695043338443,0.9333843454371642,1
3,2016-03-30,2813,334448.1019741646,578.31488133556149,46.751405120093899,0.18357556754149223,0,9.1071473181922737,3.0178050497327149,0.24396160466715563,0.9262038728519334,1
3,2016-03-31,2814,341131.78560952353,584.06488133556149,47.436741631314639,0.024474861510989553,0,76.874405390118497,8.7678050497327149,0.71210599388692097,0.0070653213880059618,0
3,2016-04-05,2815,311598.93413780897,558.21047476539616,45.702511443048643,0.076457029580125985,0,346.62266486984959,18.617805049732624,1.5243003970634208,0.0028410012922610028,0
3,2016-04-06,2816,285918.88975917024,534.71383913189516,43.049177935101454,0.1077502457729845,0,4.3355358109182029,2.0821949502671941,0.16763504953443314,0.92022297533417385,1
3,2016-04-07,2817,314232.98618675215,560.56488133556149,44.675423896039966,0.14371933039456913,0,217.03756805268088,14.732194950267285,1.1741139629621267,0.79361811918145608,1
3,2016-04-11,2818,350795.78533071832,592.28015780601527,47.208684664914344,0.13746243436759389,0,212.64040956759806,14.582194950267194,1.1622983381370313,0.0054812275389834325,0
3,2016-04-12,2819,361357.46662388468,601.13015780601518,48.254477849168389,0.056737428619592627,0,32.858058947869765,5.7321949502672851,0.46014007226709097,0.0018535824094709481,0
3,2016-04-13,2820,375254.44973764248,612.58015780601522,49.629762440736876,0.25191885002916187,1,32.693294586749452,5.7178050497327604,0.46324273270134975,0.59124989736133593,1
3,2016-04-18,2821,353882.40215130954,594.88015780601518,47.514389601119419,0.91789409988890092,1,143.57299582621081,11.982194950267285,0.95704432510122084,0.97577295177507184,1
3,2016-04-20,2822,357161.8055192426,597.63015780601518,47.839116094137694,0.26893860464252156,1,85.23342359974076,9.2321949502672851,0.73901900742583826,0.005302443439819636,0
3,2016-04-21,2823,364369.36741291481,603.63015780601518,48.552596646371619,0.16386222820934152,0,10.447084196533337,3.2321949502672851,0.2599794852416879,0.00088810739912588616,0
3,2016-04-22,2824,369639.872285827,607.98015780601509,49.074191444508436,0.028396492159341331,0,1.249488129207754,1.117805049732624,0.090225607372073927,0.0021406474502650664,0
3,2016-04-25,2825,366243.02340211335,605.18015780601513,48.738033164694784,0.068813212611656682,0,2.8297798507049068,1.6821949502673306,0.13547515102418703,0.12064635296817118,0
3,2016-04-26,2826,359376.45960312476,599.48015780601509,48.058374042489582,0.2953128582812824,1,54.496802283753148,7.382194950267376,0.59180655365298818,0.39713988014074358,1
3,2016-04-27,2827,349139.36088886141,590.88015780601518,47.044598551434333,0.63803010500763502,1,255.43055542834909,15.982194950267285,1.2724677508174589,0.88821302814022374,1
3,2016-04-28,2828,315917.78444382391,562.06564068961188,43.604782055051352,0.53928383727874107,1,2399.25542214599,48.982194950267285,3.8000151241479667,0.46244460085262362,1
3,2016-05-06,2829,325376.53527990857,570.41786023923601,45.08341120246876,0.061488043903845602,0,636.66366200829384,25.232194950267285,1.9942457972943912,8.3901979097890432e-05,0
3,2016-05-09,2830,346056.46401595959,588.26564068961193,46.584228752740891,0.012671039955437944,0,519.02840675198206,22.78219495026724,1.8041015956815996,0.0013328787395582354,0
3,2016-05-10,2831,329094.73076327908,573.66778780342815,44.928361812540878,0.43718352062741633,1,1356.6105848544883,36.832194950267194,2.8846140854655751,0.9657942002016271,1
3,2016-05-11,2832,305718.12804654712,552.91783118881881,43.222030970398187,0.050606645793140018,0,1539.1651206157778,39.232194950267285,3.0668121907576538,0.60310390448804463,1
3,2016-05-12,2833,296985.64707993966,544.96389520769139,43.049521700583881,0.3853246473674411,1,669.88801544364605,25.882194950267376,2.044568682381497,0.1367759130274214,0
3,2016-05-13,2834,318962.65414037794,564.76778780342806,43.925163352395728,0.32918625675349994,1,2091.4336549692525,45.732194950267285,3.5568496947514907,0.85526410400103692,1
3,2016-05-16,2835,262527.06221207773,512.37394763207635,40.123253534226812,0.017410089140572727,0,1367.6827433395752,36.982194950267285,2.8960215309528023,0.0042485454935736744,0
3,2016-05-17,2836,289405.15254703199,537.96389520769139,42.262856092991704,0.091053123431803468,0,1081.2387447473893,32.882194950267376,2.5832504478173757,0.070949692009575474,0
3,2016-05-18,2837,318788.85066160205,564.61389520769148,45.305026696705433,0.20355755106491499,0,38.84025389813705,6.2321949502672851,0.50007582349185842,0.011506753473747262,0
3,2016-05-19,2838,356248.59303582081,596.86564068961184,47.589351035689035,0.057638042490179613,0,201.13465360738817,14.182194950267331,1.130776188029607,0.93098101151771973,1
3,2016-05-20,2839,366225.45267126831,605.16564068961179,48.572569282415259,0.24282181227276128,0,34.60021743295102,5.882194950267376,0.4721241632769384,0.0009942587590613249,0
3,2016-05-23,2840,372136.79343283188,610.03015780601527,49.321272410236915,0.029261464628396548,0,10.034988833112665,3.1678050497328059,0.25611877347558765,0.0085940222274337782,0
3,2016-05-24,2841,392226.83606152737,626.28015780601527,51.309205129118084,0.19692076086406335,0,377.05115294942885,19.417805049732806,1.5908409839204334,0.042888963967242316,0
3,2016-05-25,2842,349830.70585328992,591.46488133556159,48.328216802350092,0.7192898738677399,1,261.39792012616562,16.167805049732806,1.3210610001007319,0.93530631928330443,1
3,2016-05-26,2843,358878.73204959038,599.06488133556149,49.255077602101665,0.013923988974749234,0,564.9085568820999,23.767805049732715,1.9541874655484248,0.0030589130029357666,0
3,2016-05-27,2844,316774.91559176188,562.82760734683393,46.342330781954217,0.032848607530490841,0,651.1583745561644,25.517805049732715,2.1010955166515202,0.07758944791452585,0
3,2016-06-01,2845,318428.76056100859,564.29492338759223,46.543626145462902,0.09216622185746684,0,762.74315576503682,27.617805049732624,2.2779449892554124,0.015689960201094547,0
3,2016-06-02,2846,286927.80095300131,535.6564206214664,43.18068686992877,0.50752918872106478,1,0.23251197006326954,0.48219495026728509,0.038871015741014522,0.88212773991549609,1
3,2016-06-03,2847,326400.69363546668,571.31488133556149,45.925633547874718,0.77316120848612524,1,15.857876621934265,3.9821949502672851,0.32011213426585894,0.88397138408275122,1
3,2016-06-06,2848,367090.76562304184,605.88015780601518,48.821930524255855,0.35608649201144338,1,0.96470692033055461,0.98219495026728509,0.079145443212512906,0.35202885473129342,1
3,2016-06-07,2849,340916.03867957718,583.88015780601518,46.229624529375705,0.51855439216331012,1,528.18128473209106,22.982194950267285,1.8196512232990725,0.6603047856613552,1
3,2016-06-08,2850,325202.90095113358,570.26564068961193,44.524175569145221,0.71645428477157136,1,1663.1874249616028,40.78219495026724,3.18411890617327,0.76969521777497629,1
3,2016-06-13,2851,300871.84300142992,548.51786023923592,42.614913587323613,0.81335628983171704,1,2221.4438008300094,47.132194950267376,3.6617484326043872,0.93605390940069388,1
3,2016-06-14,2852,256110.8404719136,506.0739476320764,39.435357876730023,0.013069877411660241,0,1873.348399712939,43.28219495026724,3.3727261708304561,0.00030440563429433179,0
3,2016-06-15,2853,229080.88324691256,478.62394763207635,36.515273517610247,0.19462303927694802,0,5003.0434024826172,70.732194950267285,5.3963147015271629,0.65364773442223945,1
3,2016-06-16,2854,248675.70604695877,498.67394763207631,38.635929931980804,0.70843386128853469,1,2568.6848849769035,50.682194950267331,3.9267215425945095,0.41938771305967637,1
3,2016-06-17,2855,257631.31231480982,507.5739476320764,39.598529227030461,0.47417784733245633,1,1745.7518148621373,41.78219495026724,3.2596500975399629,0.74422889930521541,1
3,2016-06-20,2856,267055.31295124011,516.77394763207644,40.607728086757547,0.5924763466479529,1,1061.599427777217,32.582194950267194,2.5602856317984597,0.71443223631069797,1
3,2016-06-21,2857,321849.52158478519,567.3178311888189,44.852577870009796,0.37787645490165783,1,616.63790604807559,24.832194950267194,1.9632521603563424,0.087674178561272811,0
3,2016-06-22,2858,346176.65372469963,588.36778780342797,46.616312467094076,0.46696060726381333,1,489.83405331664073,22.132194950267376,1.7535312720569958,0.65025847102833034,1
3,2016-06-23,2859,286244.03326607397,535.01778780342806,40.670299338915093,0.52393215005574667,1,5697.5617545101559,75.482194950267285,5.7379091562346849,0.85047967446138639,1
3,2016-06-24,2860,216061.3022922673,464.8239476320764,35.092971018993353,0.028156328447964354,0,7145.6919831099858,84.53219495026724,6.38195575480482,0.61378433614928396,1
3,2016-06-27,2861,230087.09603693988,479.67394763207631,36.624719220590691,0.41932042689536958,1,4855.6082930870616,69.682194950267331,5.3204699511542586,0.0031074286056122736,0
3,2016-06-28,2862,218906.03087282291,467.87394763207635,35.404763347111341,0.048162543648005533,0,6639.3480939133633,81.482194950267285,6.1658868672165941,0.0010477438735519535,0
3,2016-06-29,2863,219608.40429427105,468.62394763207635,35.481654183765009,0.29458541708790886,1,6517.6873014879629,80.732194950267285,6.1126023055284717,0.29279341231912415,1
3,2016-06-30,2864,192390.96743634646,438.62394763207635,32.472622441760237,0.1178086984561826,0,12261.618998504,110.73219495026729,8.1978304608748687,0.31165366795847571,1
3,2016-07-05,2865,179033.87505975208,423.12394763207635,30.969730842237976,0.072585710148989499,0,15934.567041962286,126.23219495026729,9.2393189350607354,0.028192865530541348,0
3,2016-07-06,2866,187206.74495952472,432.67394763207631,31.891644993887837,0.19077136935202069,0,13614.734618412191,116.68219495026733,8.6004418773691551,0.4521132853363109,1
3,2016-07-07,2867,189332.84980292193,435.12394763207635,32.130252732662093,0.42791243476046864,1,13048.994363155871,114.23219495026729,8.435089160071426,0.61069130800819471,1
3,2016-07-08,2868,186860.76580141915,432.27394763207644,31.852770439324772,0.1513379400205736,0,13708.240374372373,117.08219495026719,8.6273815452263793,0.28679376076811536,1
3,2016-07-11,2869,199785.70986180205,446.97394763207626,33.296628995238095,0.65478115596986786,1,10482.113842834555,102.38219495026738,7.6268023651867827,0.81681650361405511,1
3,2016-07-12,2870,199472.95059845969,446.62394763207635,33.261884016538922,0.094280525424628267,0,10553.903879299723,102.73219495026729,7.6508802792975077,0.13317300297042176,0
3,2016-07-13,2871,216945.37029276829,465.77394763207644,35.189932580241504,0.43839134136916236,1,6985.9833127044712,83.582194950267194,6.314762386692899,0.495790604786989,1
3,2016-07-14,2872,213789.66744887008,462.37394763207635,34.843552948913064,0.073292257982202291,0,7565.9022383663032,86.982194950267285,6.5547999208942942,0.0044454406764920362,0
3,2016-07-15,2873,210198.3606573398,458.47394763207626,34.448414428738168,0.080171654254270142,0,8259.5733589784049,90.882194950267376,6.8286268652992241,0.032589632068118955,0
3,2016-07-19,2874,224177.57908630208,473.47394763207626,35.980997616238028,0.14879782026042812,0,5758.1075104703841,75.882194950267376,5.7665624249766223,0.077040322345963627,0
3,2016-07-20,2875,219233.66513616531,468.22394763207626,35.4406348735629,0.66079487678820659,1,6582.433057448191,81.132194950267376,6.1410282670603165,0.8879587119036445,1
3,2016-07-21,2876,219608.40429427105,468.62394763207635,35.481654183765009,0.14369676272279627,0,6517.6873014879629,80.732194950267285,6.1126023055284717,0.024995486845076562,0
3,2016-07-22,2877,226789.24829827851,476.22394763207626,36.265769152958626,0.35731543185632736,1,5348.317938243913,73.132194950267376,5.5692186688700733,0.8205170210686108,1
3,2016-07-25,2878,217504.6590299267,466.37394763207635,35.251243207262007,0.29944500657927531,1,6886.0446787641649,82.982194950267285,6.2722747505870968,0.49324337162500759,1
3,2016-07-26,2879,211944.17165834177,460.37394763207635,34.640628113775499,0.84366281996221792,1,7917.8310181673723,88.982194950267285,6.695424751713114,0.94909667505519479,1
3,2016-07-27,2880,200367.19849372384,447.62394763207635,33.361203475466844,0.69198241739325228,1,10349.439489399188,101.73219495026729,7.5820529122613962,0.90536583777766533,1
3,2016-07-28,2881,200143.4490199078,447.37394763207635,33.336359734133858,0.088634454867048532,0,10400.368086874321,101.98219495026729,7.5992693703626895,0.073076669276823034,0
3,2016-07-29,2882,193357.15012113695,439.72394763207626,32.580591088954634,0.6394595020014292,1,12019.218169613432,109.63219495026738,8.1230092950222179,0.78637608075192933,1
3,2016-08-01,2883,181155.74479791248,425.62394763207635,31.209822007851614,0.11861959810904833,0,15309.65606721095,123.73219495026729,9.0729382181680869,0.035313049917337552,0
3,2016-08-02,2884,185307.81958994354,430.47394763207626,31.678118156750035,0.64324859215697827,1,14132.976276193378,118.88219495026738,8.7484137869061271,0.48364552344368922,1
3,2016-08-03,2885,182007.99269317664,426.62394763207635,31.306105128018814,0.0251558108699034,0,15063.191677310415,122.73219495026729,9.0062150027714019,0.016531266796290526,0
3,2016-08-04,2886,201577.60565233036,448.97394763207626,33.495519817373633,0.25567601562301989,1,10076.585063033484,100.38219495026738,7.4889730640306906,0.18535592736013515,0
3,2016-08-05,2887,204823.17807528144,452.5739476320764,33.855023012573042,0.3506308977379517,1,9366.7932593915339,96.78219495026724,7.2398410345801345,0.30535088894084206,1
3,2016-08-08,2888,201039.19691517195,448.37394763207635,33.435790278305468,0.034681867311374355,0,10197.403696973788,100.98219495026729,7.5303650223912957,0.00074481149658494955,0
3,2016-08-09,2889,195075.8760169021,441.67394763207631,32.772423212293262,0.40653918290856705,1,11595.455109307379,107.68219495026733,7.9900715997823948,0.59779516311134029,1
3,2016-08-10,2890,191121.06048821341,437.17394763207631,32.330568527738222,0.16486534640604225,0,12584.844863859786,112.18219495026733,8.2962723672731347,0.57519052671872273,1
3,2016-08-12,2891,198357.95322937949,445.37394763207635,33.137942532148543,0.045081252608080324,0,10812.296866675391,103.98219495026729,7.7367704576091727,0.0096046090749687726,0
3,2016-08-16,2892,193005.5309630314,439.3239476320764,32.541309405731376,0.77037022717449921,1,12107.083925573615,110.03219495026724,8.1502310988679856,0.88038589241910026,1
3,2016-08-18,2893,196225.91828074545,442.97394763207626,32.900619996440597,0.0071220694402485312,0,11317.171402436694,106.38219495026738,7.9012325423549745,0.0011189854079779575,0
3,2016-08-19,2894,205638.62118101903,453.47394763207626,33.945201559403863,0.64321874662715428,1,9193.3953084810782,95.882194950267376,7.1773482259351278,0.79609306963786464,1
3,2016-08-22,2895,200143.4490199078,447.37394763207635,33.336359734133858,0.055828009441997041,0,10400.368086874321,101.98219495026729,7.5992693703626895,0.0042318932931419443,0
3,2016-08-23,2896,213558.54297505404,462.12394763207635,34.818153899572522,0.35936991885636432,1,7609.455835841437,87.232194950267285,6.5724012017530447,0.047695866277113336,0
3,2016-08-24,2897,219093.22045187579,468.0739476320764,35.425259035198394,0.025933460162960241,0,6606.795215933249,81.28219495026724,6.1516835654482138,0.0056247647380343341,0
3,2016-08-25,2898,221486.90008479933,470.62394763207635,35.687123991057923,0.0053724647103402341,0,6198.7585216868938,78.732194950267285,5.9702138350913581,0.00085453738550645428,0
3,2016-08-26,2899,222052.00882195774,471.22394763207626,35.748886517625174,0.0063601915910724812,0,6104.6398877465872,78.132194950267376,5.9274130372315268,0.00092219369133102441,0
3,2016-08-30,2900,230519.00508980881,480.12394763207635,36.671678260994952,0.64362324630976142,1,4793.0968176318147,69.232194950267285,5.2879278174731548,0.72647504840429777,1
3,2016-08-31,2901,230279.00561599276,479.87394763207635,36.645585920738931,0.31212889452405973,1,4827.7754151069485,69.482194950267285,5.306009541830262,0.024827084208863235,0
3,2016-09-01,2902,215921.8776079776,464.67394763207631,35.077674011631032,0.82293218407139401,1,7171.0741415950815,84.682194950267331,6.3925564241162025,0.90771466726107097,1
3,2016-09-02,2903,204416.06402241252,452.12394763207635,33.809979258334373,0.32761024237016284,1,9454.0997348467827,97.232194950267285,7.2710558945797183,0.56108408406680399,1
3,2016-09-06,2904,194502.1223849805,441.02394763207644,32.708417520085767,0.02327809862711713,0,11735.864462742697,108.33219495026719,8.0344268884389969,0.01404550881491462,0
3,2016-09-07,2905,198892.76196653789,445.97394763207626,33.197405659675169,0.58023961831497917,1,10687.878232735089,103.38219495026738,7.6955631197161951,0.70493393740564736,1
3,2016-09-08,2906,210244.21055210318,458.52394763207644,34.453465652182928,0.055786652103481937,0,8250.4876394833445,90.832194950267194,6.8251264192258478,0.0014407411094219927,0
3,2016-09-09,2907,218672.1563990069,467.62394763207635,35.379152459396735,0.35656981558055856,1,6680.1516913884971,81.732194950267285,6.1836349498972796,0.68607656853316401,1
3,2016-09-14,2908,226170.57966635693,475.5739476320764,36.19835192815318,0.27020577885966013,1,5443.8122916792408,73.78219495026724,5.6159381146496612,0.68328995180152385,1
3,2016-09-20,2909,214622.75055460792,463.27394763207644,34.935068820758346,0.54383443897416872,1,7410.144287455807,86.082194950267194,6.4913803597215294,0.93530631928330443,1
3,2016-09-21,2910,203152.07696904262,450.72394763207626,33.67003680066307,0.023438798620419945,0,9728.3098807075494,98.632194950267376,7.3680345833688694,0.0079838829732958114,0
3,2016-09-23,2911,201487.82086280402,448.87394763207635,33.485561181057541,0.60956989910718229,1,10096.671502023521,100.48219495026729,7.4958742969240797,0.69484430665649544,1
3,2016-09-26,2912,213789.66744887008,462.37394763207635,34.843552948913064,0.030319358145579046,0,7565.9022383663032,86.982194950267285,6.5547999208942942,6.6568068731620645e-05,0
3,2016-09-27,2913,217971.28297755876,466.87394763207635,35.302377892784605,0.053392594933452733,0,6803.3124838138983,82.482194950267285,6.2368389376383577,0.0055195329258140562,0
3,2016-09-28,2914,222099.13371672112,471.27394763207644,35.754035932939573,0.069722061304671845,0,6096.8291682515319,78.082194950267194,5.9238445451989374,0.037668094733426589,0
3,2016-09-29,2915,279126.193641541,528.3239476320764,41.895559068401447,0.0092030478988766977,0,442.35322442604678,21.03219495026724,1.6678319614818793,0.00034697602916295529,0
3,2016-10-13,2916,289039.50906749757,537.62394763207635,42.949786110012091,0.12511974515477575,0,137.64439835107717,11.732194950267285,0.93726342722327027,0.029871090721009991,0
3,2016-10-14,2917,354879.68270541017,595.71778780342811,47.475118568969407,0.54117571986764756,1,218.51328754770628,14.78219495026724,1.1780518768144117,0.91397514081172082,1
3,2016-10-17,2918,350840.36174834677,592.31778780342802,47.076600524831349,0.029703822588299907,0,330.59221320952679,18.182194950267331,1.4450957677847187,0.45775321332449764,1
3,2016-10-18,2919,338104.78825301252,581.46778780342811,45.819139340721655,0.0098137753151816033,0,842.86834363032256,29.03219495026724,2.2877108821770018,0.51511061410248438,1
3,2016-10-19,2920,318116.14666884625,564.01786023923592,44.353230860632713,0.01171983978959058,0,1000.5957573717209,31.632194950267376,2.4874922305876126,0.049498915228879781,0
3,2016-10-20,2921,342187.3127676365,584.96778780342811,46.222416167154847,0.019123066116646003,0,651.89297897845188,25.53219495026724,2.0174781676162334,0.15047738469910246,0
3,2016-10-24,2922,338334.91755885654,581.66564068961179,45.822092381409462,0.018849443061880539,0,863.31338009551769,29.382194950267376,2.3146521939709603,0.27982382089843433,1
3,2016-10-25,2923,337056.46314933954,580.56564068961188,45.695839487572762,0.82266994577631802,1,929.16420898610033,30.482194950267285,2.3992282526774722,0.85869788847387818,1
3,2016-10-26,2924,341368.84786471166,584.26778780342806,46.141582452393131,0.0059216234209378306,0,688.12805190882841,26.232194950267285,2.0716442211464785,0.0025697571162244088,0
3,2016-10-27,2925,315920.1980862394,562.06778780342802,43.62356224948023,0.4121499167251706,1,2345.6775077007005,48.432194950267331,3.7589502852471832,0.0009022185906279556,0
3,2016-11-01,2926,235830.61851376164,485.62394763207635,37.248241429114195,0.37424403398941336,1,4061.7926731788748,63.732194950267285,4.8883754516024762,0.12058264792837006,0
3,2016-11-02,2927,236754.20651426262,486.5739476320764,37.348322661350664,0.32916761548940554,1,3941.6040027733611,62.78219495026724,4.819020183471542,0.067278621831158028,0
3,2016-11-04,2928,256363.93994572965,506.3239476320764,39.462526607075048,0.05878971099981304,0,1851.7698022378054,43.03219495026724,3.353898519174408,0.040997083406579836,0
3,2016-11-07,2929,257073.28347241459,507.02394763207644,39.538655408591758,0.32383525191859447,1,1792.0147293074274,42.332194950267194,3.3011420400255154,0.72433785926747818,1
3,2016-11-08,2930,258037.53147291535,507.97394763207626,39.642106105203389,0.19442838622651953,0,1712.4860589019347,41.382194950267376,3.229451767618805,0.20838982061342612,0
3,2016-11-09,2931,272352.41721708718,521.87394763207635,41.173486992668742,0.19604170932407117,0,755.27103928449662,27.482194950267285,2.1682205088968272,0.11460540770821674,0
3,2016-11-10,2932,354879.73439630994,595.71783118881876,48.179694382208645,0.59548262027743004,1,12.729232872897935,3.5678050497326694,0.2885523110301807,0.33437817124685859,1
3,2016-11-11,2933,389520.33295340469,624.11564068961184,50.867243220148481,0.0053944186989052781,0,170.76752881781866,13.067805049732669,1.065064187597919,0.000397935617023638,0
3,2016-11-15,2934,386716.87507030141,621.86564068961184,50.591086941881855,0.029142677510884934,0,117.02490609402165,10.817805049732669,0.88006874794440848,0.31588370574550817,1
3,2016-11-16,2935,389770.01920968055,624.31564068961188,50.891839469297892,0.04743083992492729,0,176.03465083771292,13.267805049732715,1.0815410678404496,0.035153809359573469,0
3,2016-11-17,2936,411184.08264390822,641.23637033773139,52.950980209556676,0.011097271555613079,0,842.03300990429341,29.017805049732715,2.3961853880869293,0.026210677979536634,0
3,2016-11-18,2937,400220.91656566365,632.63015780601518,52.100486539511238,0.19996009182942839,0,663.97977708103076,25.767805049732715,2.1221169487117741,0.34735972242598939,1
3,2016-11-21,2938,402755.43719688774,634.63015780601518,52.351425680017748,0.2984037683731261,1,771.05099727996162,27.767805049732715,2.2906005402955425,0.1653074311944828,0
3,2016-11-22,2939,434518.48044516303,659.18015780601513,55.500560562938041,0.15522778950249191,0,2737.1527252218334,52.317805049732669,4.4049680095758745,0.74047723370315388,1
3,2016-11-25,2940,394779.59010772069,628.31488133556149,52.933014434335426,0.8713781026817975,1,2810.8876522914638,53.017805049732715,4.4665379148890239,0.9388457749187552,1
3,2016-11-28,2941,349018.18134244991,590.77760734683397,49.78952487015583,0.6528872788332365,1,2858.8061768362281,53.46780504973276,4.5061569297318078,0.51101449062775128,1
3,2016-11-29,2942,358315.88230539765,598.59492338759242,50.810196365978477,0.52298512285337295,1,3833.8145821767175,61.917805049732806,5.2557342373086167,0.058669427513849653,0
3,2016-11-30,2943,387540.84116605442,622.52778344910394,53.580736192202437,0.51710126616885288,1,6110.2057462930334,78.167805049732806,6.7278740844113099,0.72472792330127844,1
3,2016-12-01,2944,355275.20726374962,596.04966845368654,50.792472812414701,0.046041227112284991,0,4424.6183886342469,66.517805049732715,5.6683259522567289,0.10842295902598996,0
3,2016-12-02,2945,384863.91168711626,620.37400951935138,53.379281493663001,0.51777959957672548,1,6055.6107827581991,77.817805049732669,6.6957326664715762,0.90928580228001299,1
3,2016-12-05,2946,356468.306600657,597.04966845368654,50.921080465133187,0.012043225224773703,0,4558.6539987337128,67.517805049732715,5.7584481918748587,0.0048458554941777808,0
3,2016-12-06,2947,368118.60320906254,606.72778344910375,51.520212580062307,0.085282899987841637,0,3889.7431067214543,62.367805049732624,5.2959542351065787,0.0058386345870297431,0
3,2016-12-07,2948,366153.78027732309,605.10642062146644,51.67212506908043,0.084320762325992088,0,4756.5581333779437,68.96780504973276,5.8893988343565828,0.089690996092697664,0
3,2016-12-08,2949,377683.02241953759,614.55920985657485,52.815332576192411,0.75132205787324025,1,5839.6809286189691,76.417805049732806,6.5673603514723968,0.17074763042883945,0
3,2016-12-09,2950,369566.38127475424,607.91971614248064,52.472462659572791,0.25425831811674399,1,6637.0032596212623,81.46780504973276,7.0318764878281277,0.0039091406167873471,0
3,2016-12-13,2951,365081.4653752998,604.21971614248059,51.987069575605993,0.045522757157175867,0,6047.8315022532333,77.767805049732715,6.6911426155932636,0.045359148998531489,0
3,2016-12-14,2952,408985.4673349589,639.51971614248055,56.747834078040768,0.73526983652915434,1,12784.328538764352,113.06780504973267,10.033080886439741,0.7758832239142669,1
3,2016-12-15,2953,347360.18876634509,589.37270785670512,52.083130775601369,0.030139782646904447,0,11754.420451801869,108.41780504973281,9.5809301033698144,0.32965978076151303,1
3,2016-12-16,2954,350256.9899122123,591.82513457288405,52.085820424456244,0.87486110171010878,1,10767.757364839334,103.76780504973271,9.1324800923857161,0.98352210770458048,1
3,2016-12-19,2955,362855.8027517001,602.37513457288401,53.511160573233006,0.26279058622854962,1,13068.560551388684,114.31780504973267,10.155263840253413,0.74824530636363928,1
3,2016-12-20,2956,356259.85278720333,596.87507301545384,52.650736383844553,0.39396503297740182,1,11314.109951097926,106.36780504973262,9.3827729060761804,0.083258186762949757,0
3,2016-12-21,2957,356080.88623102667,596.72513457288414,52.744520667599261,0.044663134455781288,0,11808.691854326735,108.66780504973281,9.6051447429825263,0.41243109328119282,1
3,2016-12-22,2958,350805.74203268258,592.28856314526502,52.202411699741326,0.50117329514706488,1,11112.913621503472,105.41780504973281,9.2911867662376881,0.010633669990859062,0
3,2016-12-28,2959,338927.88731495553,582.17513457288396,50.805055814022502,0.24086562118474986,0,8858.1612273794763,94.117805049732624,8.213439658760155,0.10792139324313521,0
3,2016-12-29,2960,376019.74979512673,613.20449264101671,52.903502082738051,0.054580185215241779,0,6547.6911740665637,80.917805049732806,6.9810892114341137,0.0024968995396023037,0
3,2016-12-30,2961,382324.58074808697,618.32400951935142,53.109212756654621,0.65192369074258394,1,5740.7602820543025,75.767805049732715,6.5078638651262803,0.18740938530838136,0
3,2017-01-04,2962,363501.04058183543,602.9104747653962,51.237399062241536,0.92202757969027749,1,4009.1444363159521,63.317805049732669,5.3809641412197387,0.96880242278664963,1
3,2017-01-05,2963,391644.2657010429,625.81488133556149,52.611591537247705,0.73181199722878432,1,2552.0486270428,50.517805049732715,4.2469781462574785,0.95552447215779379,1
3,2017-01-10,2964,446665.19983301323,668.33015780601522,56.707832319885895,0.54996182807702165,1,3778.2910576319523,61.46780504973276,5.2155449535219347,0.16880338649630341,0
3,2017-01-11,2965,411945.95146929438,641.83015780601522,53.261703481682524,0.12068794010751102,0,1222.747389996116,34.96780504973276,2.9017721297649692,0.19476066895918467,0
3,2017-01-12,2966,436545.15785188443,660.71564068961197,55.5059974536575,0.53235765237915122,1,2466.8908584582637,49.667805049732806,4.1725379131963551,0.06460143760147706,0
3,2017-01-13,2967,403244.86392043834,635.01564068961193,52.219533792986475,0.068146763659916954,0,574.45567890199516,23.96780504973276,1.9709555569041373,0.28414393551403194,1
3,2017-01-17,2968,428328.08527231298,654.46778780342811,54.719099352320399,0.0415157397747771,0,1933.1678808913057,43.96780504973276,3.676084197962691,0.00067110658433394298,0
3,2017-01-19,2969,423170.59878181631,650.51564068961193,54.184802023207027,0.12132937762366193,0,1557.7076354437108,39.46780504973276,3.2874769938555461,0.064197287670280281,0
3,2017-01-20,2970,407319.20402085187,638.21564068961197,52.621151889319542,0.22662172866576258,0,738.0896312202874,27.167805049732806,2.2399971183355576,0.1589867182685179,0
3,2017-01-23,2971,401598.23457847076,633.71778780342811,52.08068604564663,0.068657551947667483,0,539.06647132739602,23.21780504973276,1.9081036365658086,0.72991254492050628,1
3,2017-01-24,2972,405982.84510186309,637.16783118881881,53.319483781491115,0.63105900534091774,1,2026.6027714957404,45.017805049732715,3.7671803388897667,0.60116288343129431,1
3,2017-01-25,2973,404325.11300961056,635.86564068961184,52.326007298355151,0.044691242508817765,0,615.92344748653636,24.817805049732669,2.0422815215382379,0.0103994721746818,0
3,2017-02-03,2974,389086.25310118246,623.76778780342806,50.847180583120277,0.57283778837365795,1,176.03465083771292,13.267805049732715,1.0815410678404496,0.88883887228950342,1
3,2017-02-06,2975,336242.13696543663,579.86389520769148,47.105109277635378,0.57283778837365795,1,81.320807914984854,9.0178050497327149,0.73255930542101666,0.89394162814826794,1
3,2017-02-07,2976,299508.77375679673,547.27394763207644,44.060377395706986,0.15511007460126608,0,4.3355358109182029,2.0821949502671941,0.16763504953443314,0.015905183354812242,0
3,2017-02-08,2977,305337.96760169673,552.5739476320764,44.67771245408121,0.30625553071266032,1,10.354269338085652,3.2178050497327604,0.26017181838072129,0.013943458334338448,0
3,2017-02-09,2978,314803.97471144202,561.0739476320764,45.678901541323491,0.10111903826259645,0,137.30695518354258,11.71780504973276,0.95398559388852555,0.023504856586492189,0
3,2017-02-10,2979,346466.3176315712,588.61389520769148,48.15822419371581,0.036700129146851147,0,315.69489628530738,17.767805049732715,1.4536964655130058,0.0051426373766161005,0
3,2017-02-13,2980,361703.40767186257,601.41783118881881,48.8659623147527,0.45166678183279135,1,85.892210439851212,9.2678050497327149,0.75302092624275563,0.45813159957705352,1
3,2017-02-14,2981,343939.90038217802,586.46389520769139,47.898063966652352,0.34494244953777442,1,243.91583457145384,15.617805049732624,1.2755476192202404,0.07227355236755062,0
3,2017-02-15,2982,372060.70215780789,609.96778780342811,49.16914173579687,0.89816321125962795,1,0.28323146508994967,0.53219495026723962,0.042899919412134911,0.99547700341052203,1
3,2017-02-16,2983,299672.97844108625,547.42394763207631,44.077776692465584,0.92473153174916745,1,3.7333773258385721,1.9321949502673306,0.15557751521939936,0.99421620011830103,1
3,2017-02-17,2984,305503.76228598616,552.72394763207626,44.695261200184063,0.35766652931124915,1,11.342110853004561,3.367805049732624,0.27233291955950539,0.22750242991316666,0
3,2017-02-22,2985,293194.03596426448,541.47394763207626,43.390812375356695,0.13911533489544914,0,62.128997234020524,7.882194950267376,0.63163674575425721,0.36600720025510936,1
3,2017-02-23,2986,283209.11053830787,532.17394763207631,42.330094466439412,0.15007983187037677,0,295.22782330899213,17.182194950267331,1.3667033845265135,0.014287823781057168,0
3,2017-02-27,2987,301372.39517874562,548.97394763207626,44.257815836188016,0.40738171930602268,1,0.14607298000988206,0.38219495026737604,0.030812233978343765,0.58165021800106387,1
3,2017-03-01,2988,303902.96533785335,551.27394763207644,44.525801440277561,0.32280363485878844,1,3.6779762087806498,1.9178050497328059,0.1548990428667156,0.80056453309450404,1
3,2017-03-02,2989,341481.16202230583,584.36389520769148,47.644834505315245,0.23041549712829223,0,182.73105336257927,13.517805049732715,1.1021447248049503,0.0040995397016943573,0
3,2017-03-03,2990,383864.24368363363,619.56778780342802,50.332490174534136,0.71884314226885559,1,82.225088419957302,9.0678050497326694,0.73665096468034197,0.91965064772249494,1
3,2017-03-06,2991,401788.37241481157,633.86778780342797,52.099435976117036,0.032846590334891644,0,546.05431284230951,23.367805049732624,1.9206678214550299,0.00084430304368324043,0
3,2017-03-07,2992,411991.50069788587,641.86564068961184,53.081842597553077,0.0055607392274008207,0,949.73710808332839,30.817805049732669,2.54861106927991,8.2732892853741658e-05,0
3,2017-03-08,2993,415400.41109354096,644.51564068961193,53.418063129552195,0.015338899889473026,0,1120.0939748469177,33.46780504973276,2.7738431933805279,2.237210431011043e-05,0
3,2017-03-09,2994,415032.49622676312,644.23015780601509,53.567551474328781,0.012427797291067487,0,1396.3528542348231,37.367805049732624,3.1071221926356483,0.00014283480096299701,0
3,2017-03-10,2995,412523.80111131986,642.28015780601527,53.318957148100225,0.87349270766547726,1,1254.4209145408786,35.417805049732806,2.9402129378825177,0.97892522537448012,1
3,2017-03-14,2996,380090.5989082015,616.51488133556154,51.427667779075868,0.0023674581858760318,0,1698.9074531177755,41.21780504973276,3.4382553428205509,0.00025368001009545556,0
3,2017-03-15,2997,303816.90553295775,551.19588671629049,44.836367732239843,0.34905755117053139,1,113.80206457910475,10.667805049732806,0.86775979580532869,0.9056240130564478,1
3,2017-03-16,2998,381034.79322101909,617.28015780601527,50.201704440957649,0.075431959263481896,0,108.53066205423835,10.417805049732806,0.84725154926259005,0.086253468161434796,0
3,2017-03-17,2999,366364.06943367474,605.28015780601527,48.750012709891699,0.16855690224435138,0,2.5033408606510088,1.5821949502671941,0.12743193864909746,0.45733060882732962,1
3,2017-03-21,3000,362422.83163492393,602.01564068961193,48.197881645219319,0.61066758249247743,1,81.580545619633028,9.0321949502672396,0.72312517115145425,0.94353066285589471,1
3,2017-03-22,3001,363630.45240734017,603.01778780342806,48.338099222719684,0.055419772528777354,0,55.983241273805262,7.4821949502672851,0.59977514631401085,0.034912351435391294,0
3,2017-03-24,3002,351610.79737249133,592.96778780342811,47.152621192272917,0.13472918565574651,0,307.3778597741761,17.53219495026724,1.3941549004228255,0.6212658889299878,1
3,2017-03-27,3003,313335.61837808753,559.76389520769158,44.741738886395297,0.030843892390935219,0,122.8150449157277,11.082194950267194,0.88579609545737303,0.0077262982800700786,0
3,2017-03-29,3004,315915.82229604287,562.06389520769153,45.008319603434622,0.035853036569424915,0,77.126948144499408,8.7821949502672396,0.7032507167094203,0.0008137006107822994,0
3,2017-03-30,3005,319297.20566728897,565.06389520769153,45.357512859824332,0.11930659814532191,0,33.433778442895964,5.7821949502672396,0.46413508992352226,0.0063529334876306458,0
3,2017-04-05,3006,311770.23947150586,558.36389520769148,44.57995171318894,0.027815671631861608,0,155.8051907764781,12.482194950267285,0.99658243115906475,0.81844450085363374,1
3,2017-04-06,3007,273449.45500711451,522.92394763207631,41.290532404127781,0.23203369252419359,0,698.66092988893774,26.432194950267331,2.0871092384434702,0.23416986415207186,0
3,2017-04-07,3008,290870.32048944669,539.3239476320764,43.144190042964389,0.63791743963105674,1,100.64493552016751,10.03219495026724,0.80254349428160798,0.9682122131939922,1
3,2017-04-10,3009,287804.29648794368,536.47394763207626,42.818576712592879,0.24952161174524193,0,165.95094673669428,12.882194950267376,1.0281901947695247,0.72369333695436344,1
3,2017-04-11,3010,265301.17152929096,515.0739476320764,40.420148130901389,0.37579722484304418,1,1175.2688906081287,34.28219495026724,2.6902766185566382,0.93630640704694268,1
3,2017-04-12,3011,255251.23726093894,505.22394763207626,39.343063320646046,0.24672217488576376,0,1947.6506311284054,44.132194950267376,3.436685352199305,0.001898102382980794,0
3,2017-04-13,3012,260532.60631631257,510.42394763207631,39.909609260102137,0.31725571608356329,1,1515.715803645621,38.932194950267331,3.0440748231179744,0.90946718212006805,1
3,2017-04-18,3013,260430.53152678625,510.3239476320764,39.898670703418667,0.09303766530761029,0,1523.5122426356675,39.03219495026724,3.0516551307820055,0.034326886101848073,0
3,2017-04-19,3014,257326.85794623062,507.27394763207644,39.565864412454296,0.51881229060659606,1,1770.9111318322937,42.082194950267194,3.2822864792346307,0.44696438195466398,1
3,2017-04-20,3015,257580.55742004668,507.52394763207644,39.593084029494598,0.052489735515053711,0,1749.9325343571602,41.832194950267194,3.2634235636203295,0.00021448325075329664,0
3,2017-04-21,3016,270372.90621608519,519.97394763207626,40.962182734526245,0.51824550749408871,1,863.31338009551769,29.382194950267376,2.3146521939709603,0.10366674894175619,0
3,2017-04-24,3017,272039.38284850796,521.5739476320764,41.140081056324057,0.24402778555425853,0,771.85035625465446,27.78219495026724,2.191370480380757,0.0072315998179294811,0
3,2017-04-25,3018,278281.51532532973,527.52394763207644,41.805598734562466,0.76143474443780135,1,476.64473634647237,21.832194950267194,1.7301735507601692,0.39038752739005106,1
3,2017-04-26,3019,300374.03323022748,548.06389520769153,43.400688565702531,0.08156057190450948,0,519.02840675198206,22.78219495026724,1.8041015956815996,0.91510187415340472,1
3,2017-04-27,3020,296386.48929521121,544.41389520769144,42.987397465963241,0.048846663838553635,0,698.66092988893774,26.432194950267331,2.0871092384434702,0.85240659733694302,1
3,2017-04-28,3021,308484.59498978045,555.41389520769144,44.240224238933564,0.57650282825099786,1,238.1526409830565,15.432194950267331,1.2292162133312621,0.014707860870513265,0
3,2017-05-02,3022,385290.57209558162,620.71778780342811,50.473067799920976,0.0082716876072815946,0,104.4035400343443,10.21780504973276,0.83085095541817855,0.00018523520686079497,0
3,2017-05-08,3023,392477.38812464959,626.48015780601509,51.334001786792449,0.0012383838916299795,0,384.85827496931483,19.617805049732624,1.6074897615316799,0.00017320663607849423,0
3,2017-05-09,3024,389039.30975671648,623.73015780601509,50.993758558313786,0.079011446264191446,0,284.5228471957854,16.867805049732624,1.3790463189087701,0.77561823416425835,1
3,2017-05-11,3025,379000.49120025913,615.63015780601518,50.000418908102752,0.72671035223927494,1,76.874405390118497,8.7678050497327149,0.71210599388692097,0.92914159054407386,1
3,2017-05-12,3026,376480.61005325452,613.58015780601522,49.75108714878904,0.55078324238960241,1,45.128904686214973,6.7178050497327604,0.5447016175896181,0.63315320722514468,1
3,2017-05-15,3027,375376.97576920362,612.68015780601513,49.641886064334393,0.58890106001306342,1,33.846855596694951,5.8178050497326694,0.47138268106730424,0.89588356250546641,1
3,2017-05-16,3028,347486.85644700442,589.48015780601509,46.880877827740974,0.32183251995084322,1,302.14070128910066,17.382194950267376,1.3823918363501968,0.89766845325559308,1
3,2017-05-17,3029,354222.13985747611,595.16564068961179,47.389572473095924,0.29396997363976946,1,252.24411643829853,15.882194950267376,1.2646066526210187,0.0028520725092657895,0
3,2017-05-18,3030,358223.54231710936,598.51778780342806,47.804935128069339,0.02770804776053758,0,143.57299582621081,11.982194950267285,0.95704432510122084,0.013326463537149854,0
3,2017-05-19,3031,350070.77112420247,591.66778780342815,47.000658363063764,0.68782204250205692,1,354.65156664486921,18.832194950267194,1.4959840290953803,0.94528405073623889,1
3,2017-05-22,3032,331163.25816832483,575.46786023923596,45.664804018349145,0.3221904648782089,1,407.32099301059611,20.182194950267331,1.6015072964820927,0.81047366702598733,1
4,2017-05-23,3033,1000.9623849727715,31.637989584876777,2.5258863586185605,0.4584086662355622,1,142.39619817382476,11.932987814199123,0.95269552626235465,0.32823083594911601,1
4,2017-05-24,3034,1924.9144573828021,43.873847077533583,3.4905005829614209,0.024373145721693707,0,245.97715700565112,15.683658916389732,1.2477551944301468,0.1658853609823179,0
4,2017-05-25,3035,870.89951294144601,29.511006640598453,2.332793695158172,0.19124771711379998,0,182.59996312144256,13.512955380724179,1.0681755962787385,0.24942206583319787,0
4,2017-05-26,3036,1796.7504633692295,42.388093415123421,3.3476617765853276,0.31668974136713635,1,908.21480833167402,30.136602468288856,2.3800823304603425,0.59160294609213016,1
4,2017-05-31,3037,1626.0455965190554,40.324255684625541,3.1880662279816216,0.42773516298942271,1,634.89323264097573,25.197087780951506,1.9921008642093139,0.02938569106339382,0
4,2017-06-01,3038,1720.434275566769,41.478118033087867,3.2533133089994011,0.29361053646496549,1,729.67505999859475,27.012498218391329,2.1187103979286506,0.45451520420996905,1
4,2017-06-02,3039,2112.4284261786402,45.961162150000519,3.5908560607836648,0.44652143447055487,1,1180.4473284634216,34.357638575190549,2.6842953689746119,0.51642509455484598,1
4,2017-06-05,3040,5189.6260855401342,72.03905944374992,5.5693126744298356,0.38618180512519407,1,2990.1244934921888,54.682030809875641,4.2274472987920859,0.39236332459785328,1
4,2017-06-06,3041,3817.9549018620764,61.789601891111715,4.7861814013254627,0.48280661878047171,1,783.64379818665611,27.993638530685075,2.1683685926169693,0.3719967957307786,1
4,2017-06-07,3042,1409.0228777527602,37.536953495892021,2.9637166709480103,0.19198968839265776,0,0.40214935650726291,0.63415247102511785,0.050069280409389114,0.070875876728210302,0
4,2017-06-09,3043,2956.6164730224355,54.374777912396439,4.2936495508841155,0.65036163208427689,1,760.7684235969341,27.582030809875732,2.1779872717842488,0.83532171919654075,1
4,2017-06-12,3044,1593.615030670165,39.920108099429854,3.163241529273364,0.28067325012407734,1,117.29890478666951,10.830461891658615,0.85819824815044488,0.51088238568812727,1
4,2017-06-13,3045,2598.3747426015884,50.974255684625632,3.9964136169835851,0.5328365807836829,1,1285.0137023752493,35.847087780951597,2.8104341654999292,0.60382701132580896,1
4,2017-06-14,3046,1039.237355181054,32.237204518708722,2.5696229340168766,0.61032774923263788,1,515.72539443942492,22.70958816093821,1.8101780049370859,0.61819326528476171,1
4,2017-06-15,3047,1007.8897830939129,31.747279932206993,2.5288577291864738,0.10662480885058344,0,385.14249688813254,19.625047691359441,1.5632505728341117,0.07329078609959333,0
4,2017-06-16,3048,120.72856445902903,10.987655093741751,0.88031527410501531,0.13970892232889828,0,11.472071252964366,3.3870446192756845,0.27136519002328924,0.51426557106658277,1
4,2017-06-19,3049,70.88009650375102,8.4190318032271989,0.67775171495952335,0.23027888566973082,0,19.631294825594544,4.4307217048235543,0.3566834410580868,0.46364365356414422,1
4,2017-06-20,3050,217.50070445967211,14.747905087152958,1.1869541317628134,0.27915221235688609,1,17.062861802700787,4.1307217048235998,0.33245245109244265,0.19310435732766543,0
4,2017-06-21,3051,90.600233030734344,9.5184154684870919,0.76098620630693092,0.60740768135019418,1,17.382881502628649,4.1692782951763547,0.33332893309692635,0.3784247945934055,1
4,2017-06-22,3052,248.27516555053828,15.756749840958264,1.2548180171186001,0.30137967570248753,1,82.251808795358571,9.0692782951764457,0.72224880904487099,0.31410817329022278,1
4,2017-06-23,3053,919.3625801535652,30.320992400539353,2.4295666987611662,0.13272538198956427,0,3.7265323688193348,1.9304228471553415,0.15468131788103698,0.2877476015332095,1
4,2017-06-28,3054,603.27415262213697,24.561639860199421,1.9752022404663789,0.10141009288433986,0,6.6027267444212612,2.5695771528446585,0.20664070388778918,0.20330532605586379,0
4,2017-06-29,3055,79.685685180402615,8.9266838848702719,0.7185899685949102,0.24685100130842685,0,19.190722655112587,4.3807217048235998,0.35264412999183742,0.71216166308256934,1
4,2017-06-30,3056,15.660190313938909,3.9572958335129442,0.32192766593556593,0.19073099888683104,0,496.71235786158928,22.287044619275775,1.8130603717124893,0.21187833447297702,0
4,2017-07-03,3057,66.36490576185426,8.1464658448835507,0.66757894328309031,0.22359797658857822,0,574.00095002294563,23.958316928009481,1.9633136874546819,0.51193759577399878,1
4,2017-07-05,3058,735.39874634263867,27.11823641652677,2.2139143127215912,0.19855394497829704,0,28.91807827984152,5.3775531870769555,0.43901977198766878,0.50094594662765513,1
4,2017-07-06,3059,317.76572058608986,17.825984421234352,1.4663747313152924,0.37825370743519976,1,437.27299791879415,20.911073571646057,1.7201557661864892,0.35217490972933768,1
4,2017-07-07,3060,2152.7119573260115,46.397327049367959,3.8284781788404949,0.58868711393772355,1,134.23821022609019,11.586121448789072,0.95602949490791911,0.31954749229224194,1
4,2017-07-10,3061,2521.739595760167,50.216925391347559,4.1465608679532275,0.56680294691429978,1,45.303214460440692,6.7307662610166972,0.55577938656675596,0.70445164221416467,1
4,2017-07-11,3062,3359.2082569356662,57.958677149635378,4.7553886732552817,0.57277878224144296,1,266.43163338026665,16.322733636871817,1.3392462780498702,0.43456723495734484,1
4,2017-07-12,3063,1628.9980757711648,40.360848303413604,3.3112518092881777,0.054865596333993016,0,101.15363233165797,10.057516210857329,0.82513054482380255,0.24998109841163796,0
4,2017-07-13,3064,1344.2260693936485,36.663688704134074,2.9800608554120194,0.13894055876165803,0,6.8275042203706215,2.6129493336784435,0.21238310441993366,0.19517099040816288,0
4,2017-07-14,3065,1656.0946711791325,40.695143090780903,3.2798825783422045,0.090870918644871623,0,1.2467038731830613,1.1165589429954252,0.089990646221674409,0.072073567958903767,0
4,2017-07-18,3066,135.74804437316556,11.651096273448502,0.93797820500330087,0.20940996771549766,0,20.076866996076493,4.4807217048235088,0.36072307731139625,0.075876066975435197,0
4,2017-07-19,3067,25.530133641430243,5.0527352633430382,0.40790629396488559,0.53664983815112977,1,62.896346759359425,7.9307217048235543,0.64024555621405943,0.30535038745431003,1
4,2017-07-20,3068,242.25985167734837,15.564698894528874,1.2466219930742761,0.16580374342870835,0,8.9224355575446346,2.9870446192758209,0.2392410892055441,0.12375809179040956,0
4,2017-07-21,3069,430.47347572821963,20.747854725928164,1.6524913166284227,0.10881960676798096,0,16.103810887683142,4.0129553807241791,0.31961732951488825,0.18307385483019673,0
4,2017-07-24,3070,494.50201136922908,22.237401182899703,1.772752007565346,0.15073602129231362,0,69.395944812409226,8.3304228471554325,0.66409620911634504,0.15196901966191551,0
4,2017-07-25,3071,281.11622630551363,16.766520995886822,1.3433635923312894,0.57259698490726874,1,11.813275714893186,3.4370446192758664,0.27538215041069358,0.56928836191260646,1
4,2017-07-26,3072,649.09430673835561,25.477329270124756,2.0202465522262116,0.49423337303640003,1,91.450115613720655,9.5629553807241336,0.75830270246008513,0.2969785104650009,1
4,2017-07-27,3073,1503.3501528159809,38.77305962670448,3.0653063188160705,0.43688484212928308,1,848.26840302396192,29.125047691359441,2.30255733191236,0.25552061895761541,1
4,2017-07-28,3074,2648.4119454743973,51.462723844297216,4.0600152928324107,0.63075822648566771,1,1210.8904386339393,34.797851063448434,2.7452842935938175,0.50704756120002914,1
4,2017-07-31,3075,1438.3624670204622,37.925749392997659,2.984047318383702,0.40374744007379149,1,1053.0464179777061,32.450676695220182,2.5532614733246928,0.27980778261740952,1
4,2017-08-01,3076,3200.0123544460635,56.568651693725769,4.4556278901800388,0.10669886312694847,0,947.53342078012759,30.78203080987555,2.4245455899397883,0.24377675426298812,0
4,2017-08-02,3077,2999.7387891360227,54.769871180568089,4.319049852580088,0.43231170960073223,1,857.43732835050093,29.28203080987555,2.3091263157381556,0.19456559842071136,0
4,2017-08-03,3078,1504.92280506517,38.793334544289564,3.084466450209872,0.12524443216079054,0,356.53108750509466,18.882030809875687,1.5013143682814412,0.34179120950521269,1
4,2017-08-04,3079,548.4366619577545,23.418724601432814,1.8615838315924333,0.12590870635044615,0,135.39215454943545,11.635813445970825,0.9249454249579353,0.090220980738120224,0
4,2017-08-07,3080,780.22803842718338,27.932562331930512,2.2137075869337863,0.45223425958971109,1,238.26433673881232,15.43581344597078,1.2233169635418275,0.42159530677271562,1
4,2017-08-08,3081,1540.4409093872771,39.248451044433295,3.0878762475459895,0.21558733258320245,0,1361.0312251608027,36.892156688933255,2.9024945272753437,0.029887449175194158,0
4,2017-08-09,3082,4586.0484056203122,67.720369207649128,5.2725295241084646,0.21559709221128232,0,1632.5366494419325,40.404661234094419,3.1458004697986928,0.080933266556539651,0
4,2017-08-10,3083,2346.1369893332835,48.436938273731585,3.7773483797653893,0.28722491844430426,1,1043.3584263176704,32.3010592135563,2.5189939338342278,0.21610197715061183,0
4,2017-08-14,3084,1970.0679330192759,44.385447311244661,3.487365728638355,0.18225483984009011,0,0.017341102387018536,0.131685619514883,0.010346542487910665,0.51975950638850077,1
4,2017-08-16,3085,3945.5217333551982,62.813388169682412,4.8583330628573291,0.44808712508548004,1,1840.5008816450757,42.901059213556437,3.3182039766073506,0.095427488729672064,0
4,2017-08-21,3086,3317.2274258696857,57.595376775134355,4.4849226580855284,0.24746627138952018,0,449.17031416934094,21.193638530685121,1.6503378391749819,0.17712503227098828,0
4,2017-08-22,3087,3937.3974108392981,62.748684534731865,4.8769039392788915,0.075060124210717158,0,559.02164296970022,23.643638530685166,1.8376122901088228,0.084521272944821979,0
4,2017-08-23,3088,3945.8107569873523,62.815688780648998,4.8732109216950352,0.2198064621340643,0,422.07814854540874,20.544540601955759,1.5938355781191436,0.12447564188117395,0
4,2017-08-24,3089,8592.1536450459498,92.693870590486995,7.0294521359334921,0.11068049722329383,0,2519.4919062413942,50.19454060195585,3.806509733587824,0.052777786400204696,0
4,2017-08-29,3090,3263.8444805115582,57.130066344365105,4.3660730870741382,0.24429241328505241,0,1162.9492881773147,34.102042287483528,2.6061935259826923,0.67188294494837775,1
4,2017-08-30,3091,2460.350054588273,49.601915835865384,3.7813543614153144,0.1011279732032858,0,1769.9968623008551,42.071330645712351,3.2072674401152925,0.076120226494303861,0
4,2017-08-31,3092,1973.8183498772767,44.427675494867799,3.3647133819197061,0.21485252185174664,0,2522.849057709715,50.227970869921819,3.8039965820904129,0.24361667304000495,0
4,2017-09-01,3093,5092.7609877729383,71.36358306428383,5.3433853516741294,0.14198456480432733,0,3205.9402472416764,56.621023014792627,4.2395285099616364,0.093383419893591085,0
4,2017-09-05,3094,8116.9812974972847,90.094291148203638,6.7342595319507899,0.16297418172899034,0,2370.4701915524338,48.687474688593511,3.6392327008703154,0.023037939108224579,0
4,2017-09-06,3095,7377.7886170468546,85.894054608260603,6.3933051438973276,0.018723027067352002,0,385.08414242325421,19.623560900694201,1.4606297655894456,0.015927251398660063,0
4,2017-09-07,3096,5138.7263171010736,71.684909967866133,5.3247843987272887,0.28657697798763326,1,500.57622737707231,22.373560900694201,1.6619172442484085,0.50246430229791372,1
4,2017-09-08,3097,3847.6585822649604,62.029497678644475,4.6491903521694251,0.67721869973772364,1,364.41339321010219,19.089614799940364,1.4307910957832681,0.88707511961052077,1
4,2017-09-11,3098,3894.2037002548514,62.403555189226608,4.7043765691086783,0.54234737378476183,1,0.51589059427228667,0.71825524312203015,0.054146644788694326,0.32703371878526938,1
4,2017-09-12,3099,5731.0419943847819,75.703645846054087,5.7025080671955175,0.22302823708850317,0,123.34931219403015,11.106273551197546,0.83659926565459275,0.15781406376266477,0
4,2017-09-13,3100,5227.7848493495121,72.303422113683609,5.4587159498458808,0.25796960089535609,1,245.64008949171867,15.672909413753359,1.1832629507193657,0.71639236525977279,1
4,2017-09-14,3101,2929.6519001710326,54.126258878394992,4.091639934867521,0.11587806406386403,0,296.34154838145992,17.214573720585122,1.3013246944540291,0.13212223515047375,0
4,2017-09-15,3102,2185.9451371407304,46.754092196734291,3.5701047798361558,0.25986197646322784,1,523.95606444837404,22.890086597660002,1.7478685551053759,0.57572963417833345,1
4,2017-09-19,3103,4128.205954207634,64.251116365458074,4.8998029715136182,0.078338203669305745,0,1204.1156716432986,34.700369906433252,2.6462571422583125,0.047470873181852426,0
4,2017-09-20,3104,2270.5969660860173,47.650781379595628,3.6878555359179348,0.11355531014274002,0,240.26146723626019,15.500369906433207,1.1996261826819292,0.39412039593993903,1
4,2017-09-21,3105,4632.7542925306507,68.06433936012786,5.2567453938930999,0.22106157438467661,0,679.18908048871492,26.061256310636963,2.0127630761999509,0.42580189750674768,1
4,2017-09-22,3106,4216.6123175114253,64.935447311244616,5.0209114135347264,0.57324069341888439,1,416.90756214032348,20.418314380485072,1.5787763380874564,0.5180329411263328,1
4,2017-09-25,3107,5204.1961451533916,72.14011467383034,5.549026166211326,0.28117928897157313,1,998.21499584862818,31.594540601955714,2.4302558056963743,0.30607210859327838,1
4,2017-09-26,3108,2926.1256417312411,54.093674692437389,4.2176659539540289,0.18381264638015404,0,93.476302959894426,9.6683143804850715,0.75383527975401132,0.047789885240975459,0
4,2017-09-27,3109,3107.6504095033201,55.746303998590975,4.3438114309105842,0.15459872230520502,0,149.82195591057999,12.240177936230339,0.95376771233337287,0.56362000722618433,1
4,2017-09-28,3110,3443.4993087834741,58.681336971676728,4.5734032399405136,0.17173395459747973,0,403.75430940182821,20.093638530684984,1.5660227987440563,0.29483066352800014,1
4,2017-09-29,3111,4184.1698045009889,64.685159074558896,5.0089173822641238,0.30862957393303242,1,2098.3397518352895,45.807638575190595,3.5471301359137826,0.21420215027745856,0
4,2017-10-10,3112,3882.0153716576287,62.305821330415256,4.8327183502358162,0.30145442892299512,1,1616.5530946921056,40.206381268302493,3.1185868736321498,0.2324963421824594,0
4,2017-10-11,3113,4333.7649274784635,65.831336971676819,5.1022156149332938,0.56262962978108111,1,742.2158403906285,27.243638530685075,2.1115007580457332,0.57125489278915897,1
4,2017-10-12,3114,5355.1398934569988,73.178821345092729,5.6308726796778039,0.25732436757501076,1,1292.7037589691818,35.954189727612857,2.7665581507858463,0.12458115817554009,0
4,2017-10-13,3115,5966.7316919222994,77.244622414264541,5.9268489537531295,0.21714131489547966,0,1214.1420097613402,34.844540601955714,2.6735625413915227,0.20695239373995064,0
4,2017-10-16,3116,3588.6824149106947,59.905612549332091,4.6628225374066616,0.16446578153430066,0,256.36032864491347,16.011256310637009,1.2462546262414484,0.34048611818576674,1
4,2017-10-17,3117,3111.5575543477644,55.781336971676865,4.3572361327665101,0.29047692133557973,1,295.62120592385997,17.193638530685121,1.3430431597160695,0.28679348599572807,1
4,2017-10-18,3118,4225.4188390703475,65.003221759158578,5.098691800075188,0.18431752845831476,0,1301.9129473648215,36.082030809875732,2.830185176082495,0.52554251668203489,1
4,2017-10-23,3119,2594.2605690732203,50.933884292023322,3.9902764927747518,0.2132327894917761,0,1698.4505982158535,41.21226271652472,3.2286625184319573,0.25410298632602302,1
4,2017-10-24,3120,3070.7353769107508,55.414216379109348,4.3462130493419098,0.1238160490642623,0,1842.3677210324709,42.922811196757266,3.3664949958240995,0.37964571992322627,1
4,2017-10-25,3121,2721.6867553899519,52.169787764471039,4.0957635143843794,0.10954214357959602,0,933.08022692660973,30.546361926203417,2.3981442140297089,0.12722776349231041,0
4,2017-10-26,3122,1165.4103399608325,34.13810685964927,2.6955747846065194,0.13635986417451082,0,558.68599011443621,23.636539300719051,1.866361822473769,0.46483647108925341,1
4,2017-10-27,3123,1355.2929584933061,36.814303721424722,2.8942062674076041,0.67930289015202772,1,459.11870086382783,21.427055347476653,1.68451692983307,0.79487263626429261,1
4,2017-10-30,3124,1309.7183864470985,36.19003158947362,2.8492722583532353,0.17908899439265027,0,570.70208906612675,23.889371885131823,1.8808307589758548,0.44829783934835254,1
4,2017-10-31,3125,3251.8885230346486,57.02533229218966,4.465395426348981,0.26044099424381489,1,1402.2383647680747,37.446473328847333,2.9322636802668129,0.13553632537591126,0
4,2017-11-01,3126,5114.2879162134977,71.514249742366019,5.590544851654629,0.088996605305634621,0,504.76823489048365,22.4670477564473,1.7563358158573561,0.17011821449288814,0
4,2017-11-02,3127,1372.2617683574113,37.044051727064243,2.9147888682873746,0.16775359000962223,0,527.27632442962704,22.962498218391374,1.8067903232662972,0.18091621555535722,0
4,2017-11-06,3128,2485.1623010338039,49.851402197268271,3.9080748037996451,0.14437079034071007,0,765.21380768249594,27.662498218391192,2.1685871917835682,0.2304990431142217,0
4,2017-11-07,3129,4109.3003055155123,64.103824421913487,4.992509690180178,0.24237898063306623,0,1288.0516216274809,35.889436072854096,2.7951274200042131,0.16852771720194346,0
4,2017-11-08,3130,5629.0452287393928,75.026963344782871,5.8395830747807338,0.44228758076359026,1,1665.0203784291969,40.804661234094283,3.175954330175458,0.45591099078801711,1
4,2017-11-09,3131,4360.9420933405654,66.037429487681948,5.141900606375609,0.15261486659130866,0,1624.4657171951026,40.304661234094283,3.1382590698508359,0.22210728827947712,0
4,2017-11-10,3132,3298.9902870396368,57.436837369754585,4.4944510637939343,0.67947797361185436,1,1730.7981841873336,41.602862692215467,3.2554374343452772,0.11682827938520646,0
4,2017-11-13,3133,4151.2337979309741,64.430069051111332,5.0549246078072603,0.24226651793257181,0,1110.9953023270411,33.331596156305523,2.6150632477879747,0.095995896647055406,0
4,2017-11-14,3134,5064.2595251979901,71.163610962330949,5.5501178413922121,0.10840306226845531,0,873.14599220574337,29.549043845880078,2.3045580912400623,0.14037621798676994,0
4,2017-11-15,3135,4923.5039313200068,70.167684380489618,5.4818503422257514,0.65959841208489045,1,1240.0192529044007,35.213907095129343,2.75108649180698,0.34521042693627124,1
4,2017-11-16,3136,5052.8098550406703,71.083119339549739,5.5345598426869422,0.2256110224677437,0,1834.0228606657374,42.825493116434018,3.3344098661917716,0.15553037198196359,0
4,2017-11-17,3137,6412.0449948726273,80.075245830859785,6.2257227360332594,0.087538205146208359,0,2170.7470618253478,46.591276670910702,3.6223975020145156,0.15918323974825374,0
4,2017-11-20,3138,4963.2407379232554,70.450271382892879,5.489774127865104,0.12455807986727234,0,1978.6510649707218,44.482030809875596,3.4662223026475183,0.085808499592719939,0
4,2017-11-21,3139,4908.1023999737963,70.057850380766013,5.4437119065049933,0.16286959049818986,0,2086.8082273877999,45.681596156305659,3.5496014729636469,0.18166672630742337,0
4,2017-11-22,3140,4737.0164442888008,68.825986693172808,5.3332806426325305,0.15136931592767688,0,2866.7248729617113,53.541804909451002,4.1489194040643937,0.44011843666846628,1
4,2017-11-24,3141,4819.1570505535046,69.42014873618109,5.3610432262090582,0.23548978392364306,0,1334.6305250047878,36.532595377344705,2.8212676945976294,0.1702364447076081,0
4,2017-11-27,3142,3993.0472308845747,63.190562830889348,4.891478331918516,0.27894576897524709,1,547.30452997655232,23.394540601955669,1.8109332044707722,0.25298338591113817,1
4,2017-11-28,3143,3045.9982255903451,55.190562830889348,4.2988326386173892,0.23421424803034657,0,236.99188034526159,15.394540601955669,1.1990918410994797,0.18877921196763559,0
4,2017-11-29,3144,3376.2343990119589,58.105373237007598,4.5387731008442112,0.4195909817116466,1,1310.6144487552062,36.202409433008825,2.8278713820503691,0.24177874859851775,0
4,2017-11-30,3145,3171.7477813649825,56.318272180216809,4.4224957540709733,0.26616095934142159,1,1199.3775580161789,34.632030809875687,2.7195438226766409,0.20533567255206167,0
4,2017-12-04,3146,1900.8132590357959,43.598317158300915,3.4429690561715955,0.17831764898341584,0,497.49791276770827,22.304661234094283,1.7614041881145293,0.21655518827056591,0
4,2017-12-05,3147,1710.674292321022,41.360298503770764,3.2729523228432984,0.10147167556467136,0,837.43870411520481,28.938533206007605,2.289984427158946,0.020469840248633589,0
4,2017-12-06,3148,593.14175249055427,24.354501688405662,1.9405977440960687,0.068168058795958053,0,19.598819049621628,4.427055347476653,0.35275341414156597,0.1394695995297911,0
4,2017-12-07,3149,464.4543897496622,21.551203904878776,1.7232002482612061,0.37411364544289244,1,8.8189671401933385,2.9696745848987121,0.23745049253577835,0.45745522406888534,1
4,2017-12-08,3150,158.33116902943104,12.582971391107549,1.0089380901341096,0.025696472502490339,0,26.382552047912252,5.1363948492996769,0.4118506073286835,0.041195751667380362,0
4,2017-12-11,3151,347.05909424021615,18.629522115186319,1.5012911689246771,0.16487520802810679,0,1.2401164316662892,1.1136051507003231,0.089741731863995727,0.13964192101256348,0
4,2017-12-12,3152,323.59198828006606,17.98866277075831,1.4476049387002219,0.29587563251692678,1,0.066547373678207136,0.25796777643381574,0.020759487903578299,0.31798321210244673,1
4,2017-12-13,3153,693.72515655172504,26.338662770758219,2.1054086947048933,0.18577054740221066,0,80.755292387518125,8.986394849299586,0.71833691840923952,0.21985678489647806,0
4,2017-12-14,3154,1224.017226044233,34.985957555056757,2.788614503033378,0.35824980943168394,1,158.41733530247285,12.586394849299495,1.0032197393033233,0.16210689852715282,0
4,2017-12-15,3155,942.12424501168391,30.694042500323803,2.4348756544759484,0.33139930006447982,1,82.137160232996521,9.0629553807241336,0.71893982077773555,0.12343961746161344,0
4,2017-12-18,3156,282.71006532387156,16.813984219210852,1.3340726162741186,0.32652007116841181,1,77.668182542634455,8.8129553807241336,0.6992466680465057,0.19411174585716559,0
4,2017-12-19,3157,1949.3749520290239,44.151726489787734,3.4914970930202625,0.16885757674472615,0,811.4865201863156,28.486602468288766,2.2527066915731897,0.32807412527173718,1
4,2017-12-20,3158,941.4196312528012,30.682562331930512,2.4263621313455785,0.20388701417630417,0,330.72381069165164,18.18581344597078,1.4381252972180445,0.28766976441518249,1
4,2017-12-21,3159,1168.4475675763147,34.182562331930512,2.6956793763598057,0.10303554533315171,0,470.27450481344709,21.68581344597078,1.7101702177335896,0.29161313265587596,1
4,2017-12-22,3160,3160.8072126029629,56.221056665656533,4.3943298941422952,0.21490536587124867,0,989.8887941422804,31.462498218391374,2.4591604047515534,0.24006389144022117,0
4,2017-12-27,3161,6238.4712570147112,78.983993676027239,6.1180475349362693,0.25388425438991202,1,2722.9643394428108,52.182030809875641,4.041985345458996,0.12758157010321772,0
4,2017-12-28,3162,7512.9948558711349,86.67753374358972,6.5939546400600779,0.53331970239174331,1,2651.5948091288546,51.493638530685075,3.9173555367580888,0.4943986701301194,1
4,2018-01-04,3163,5431.8189795615644,73.700875025752339,5.6217295976927799,0.1520097271087664,0,1656.375073496647,40.698588102004805,3.1043926851262249,0.20513672143765718,0
4,2018-01-09,3164,5833.5349716016208,76.377581603515182,5.7872764996033474,0.18883484735052877,0,2660.7451300943717,51.582411053520673,3.9084986591036692,0.27340760741468051,1
4,2018-01-10,3165,7276.8663181574466,85.304550395377191,6.4475681490024712,0.41197162218427064,1,676.56272905349419,26.010819461399024,1.9659740343448111,0.42844376332327494,1
4,2018-01-11,3166,5534.5168447896904,74.39433341854533,5.5774137585594579,0.16166742845355059,0,2222.1877644348842,47.140086597660002,3.5341370167305173,0.078321952420828442,0
4,2018-01-16,3167,4547.1568558421059,67.432609736255245,5.0486736597353525,0.1045588796479992,0,765.6689600930174,27.670723880900141,2.0717047041440599,0.21551077921570566,0
4,2018-01-17,3168,2888.0700540681541,53.740767151838782,4.0339864248490303,0.18967323979170067,0,520.24283823944688,22.808832461120119,1.7121177346584686,0.056617998129286293,0
4,2018-01-18,3169,3501.674861113594,59.174951297940197,4.4405636573570613,0.41901004305144685,1,119.25803804831538,10.920532864668985,0.81949068472677367,0.24231068265277059,0
4,2018-01-22,3170,3447.0353186159846,58.711458154401043,4.4031392046198468,0.46651106486535088,1,97.652255484485451,9.8819155776845946,0.7411066129956948,0.35434353094209253,1
4,2018-01-23,3171,6294.3787834840823,79.337121094000395,5.860760958410312,0.23716598137859224,0,910.94802793847725,30.181915577684549,2.2295867310101607,0.22542788150264181,0
4,2018-01-24,3172,4768.0066353839811,69.050754053695755,5.1382783832790686,0.29139551971041738,1,1187.4111345835363,34.458832461119982,2.5641874064158934,0.51730491186791361,1
4,2018-01-29,3173,5587.1875094947636,74.747491660220703,5.5578475470459292,0.50056648736639386,1,2410.2857603058833,49.094661219992986,3.6504320930919016,0.32676364647114681,1
4,2018-01-30,3174,5534.7632518798891,74.395989487874203,5.5310947167669759,0.098185497960169676,0,1350.5514892759711,36.749850193925568,2.7322292995744077,0.1327810915013117,0
4,2018-01-31,3175,5206.9204205812312,72.158994038035416,5.3795798291300123,0.22656906089686485,0,135.50337906639865,11.640591869247828,0.86782658286411674,0.043942370145656016,0
4,2018-02-01,3176,3431.3891908857208,58.578060661699283,4.4005604673928014,0.06069568166069212,0,183.411939033718,13.542966404511162,1.0173884539316502,0.18712879092887591,0
4,2018-02-02,3177,4153.3665951796456,64.446618182645125,4.8325298577268399,0.32330118459419543,1,1297.8113824306035,36.025149304764909,2.7013459286716341,0.23705856773345066,0
4,2018-02-05,3178,4488.0764600060429,66.993107555972074,5.0317791464602726,0.17093811250131549,0,260.33974432490089,16.135047081583025,1.2118857654786708,0.14168151596896325,0
4,2018-02-06,3179,5193.367023610147,72.065019417260601,5.4403064520636093,0.20691446099573568,0,67.342925597086619,8.2062735511976825,0.61950504293192032,0.57656533127969323,1
4,2018-02-07,3180,5392.2433817588562,73.431896215192864,5.5822643365534885,0.21778041912885848,0,338.95827324023236,18.410819461399115,1.3995833715761994,0.31221150781801849,1
4,2018-02-08,3181,748.64554384116866,27.361387827395902,2.0821389412826954,0.079891221135218918,0,291.07156069445011,17.060819461398978,1.2982892825050589,0.24081760474310332,0
4,2018-02-09,3182,5226.6285974580514,72.295425840491816,5.4103218589703888,0.38156131675681138,1,1901.299035384433,43.603887847122451,3.2631534403833449,0.33287372072828542,1
4,2018-02-14,3183,2855.4458772063131,53.436372230965617,4.0227629940125436,0.20643463035354903,0,379.19420103624242,19.472909413753314,1.4659471836303168,0.26225995753700188,1
4,2018-02-22,3184,4870.993711892339,69.792504697082904,5.2556575697189576,0.42990758370438964,1,864.48798587822102,29.402176550014474,2.214102680824916,0.74735935433501977,1
4,2018-02-23,3185,2563.3271953848753,50.629311622664545,3.7967237812271875,0.30994741539621667,1,117.66956033829516,10.847560109918504,0.81346532507825309,0.28510503166663415,1
4,2018-02-26,3186,5856.2065904816718,76.525855699114345,5.7722689571272374,0.17459729156315884,0,69.443902164064539,8.3333007964470198,0.62857256620381063,0.37836299965630854,1
4,2018-02-27,3187,2154.4815969190681,46.416393622502255,3.5221302593240704,0.22798225838220287,0,372.57401956792341,19.302176550014337,1.4646717418533473,0.37443062194021409,1
4,2018-02-28,3188,2387.0449827830612,48.857394351142602,3.7359888626375537,0.22534573718867409,0,567.16783744495592,23.815285793896237,1.8210885715080278,0.17495213856164266,0
4,2018-03-01,3189,5112.4627237364039,71.501487563101819,5.4151384098077715,0.4023085669937676,1,2728.2247644639579,52.232411053520764,3.9558021094759739,0.20794616216161158,0
4,2018-03-05,3190,3609.3018202531248,60.077465161682085,4.5123527986842475,0.25107389154513921,1,2226.5118950466199,47.185928994209917,3.5440835957796244,0.43252595270869293,1
4,2018-03-06,3191,2368.4608835525942,48.66683556132034,3.6608120626839429,0.359905078141049,1,1047.2226362132706,32.36081946139916,2.4342424749059095,0.070359992321915366,0
4,2018-03-07,3192,2406.0220516897307,49.05121865651995,3.7131883918637358,0.27650472911980428,1,504.1002318330178,22.452176550014428,1.6996348637406833,0.21213926376295697,0
4,2018-03-08,3193,3049.6108570663164,55.223281838970024,4.1816811933189477,0.3396958593527391,1,1506.282043535715,38.810849559571807,2.9388800211700596,0.12966090040172668,0
4,2018-03-09,3194,2041.0477606035117,45.177956578441126,3.424777817415845,0.3396958593527391,1,1220.5191346884772,34.935928994209917,2.64836667507182,0.69892028824817587,1
4,2018-03-12,3195,2223.9370176187394,47.158636723496784,3.5651965014928586,0.46883852899706857,1,1895.8766967877259,43.541666215106261,3.2917532576152908,0.4821360172261151,1
4,2018-03-13,3196,2595.368792005665,50.944762164580425,3.8490999331026732,0.2798022687341114,1,1966.183362731892,44.341666215106216,3.3502071108085238,0.34082697526952904,1
4,2018-03-14,3197,1043.2689336143626,32.299673893312956,2.4492643710569069,0.50283362251683894,1,593.85310333287612,24.369101405937727,1.8478939454739509,0.32330446082965597,1
4,2018-03-15,3198,912.46255432057831,30.206995122331818,2.305701482507581,0.27995972068590008,1,247.09014901015055,15.719101405937636,1.1998398142078952,0.40092641045193467,1
4,2018-03-16,3199,4309.1685673048032,65.644257687209802,5.0018483455661222,0.090746184312578179,0,1956.5061876076259,44.232411053520764,3.3703452494301094,0.12971009095712063,0
4,2018-03-19,3200,4038.6628678939046,63.550474961985174,4.8474809276876565,0.23211378767509622,0,1834.6154366577598,42.832411053520673,3.267155686767405,0.31614294878528881,1
4,2018-03-20,3201,7227.6654776401492,85.015677834386224,6.3962440532961837,0.3214540333060823,1,3644.1478406380947,60.366777623441976,4.54175808775849,0.27798027308935691,1
4,2018-03-22,3202,4096.3147838124833,64.002459201287593,4.7528931532220104,0.29701188143825585,1,2456.2748256853838,49.560819461398978,3.680441070948981,0.15226333858129237,0
4,2018-03-23,3203,7983.021546123613,89.347756245602568,6.6605357073019915,0.17447776097124845,0,353.3482660860011,18.79756010991855,1.4012866756061388,0.21649849442772123,0
4,2018-03-27,3204,4067.8163251177516,63.779434970198281,4.7866287643212342,0.20789172238244957,0,79.779115886883915,8.9319155776845491,0.67033776709704296,0.67514506040735578,1
4,2018-03-28,3205,7002.8131296031761,83.682812629614546,6.2756618268112447,0.21819075315598868,0,289.21334009816428,17.006273551197637,1.2753589224341098,0.70955547012855602,1
4,2018-04-03,3206,7588.1053706577613,87.109731779278036,6.5138511761966678,0.18112872560578552,0,261.70002458699753,16.1771451309246,1.2096870657985943,0.066980116204750237,0
4,2018-04-04,3207,6513.4333063168315,80.705844313264151,6.0592247691928485,0.53731765705186174,1,574.59560337435414,23.970723880900096,1.7996714501970865,0.4944735365801699,1
4,2018-04-09,3208,8233.6772295488354,90.739612240458882,6.7769231293520207,0.2022217723841066,0,904.37988060782084,30.07290941375345,2.2460069019570148,0.12171021276166374,0
4,2018-04-10,3209,14692.187917133302,121.21133576169063,8.9736321126552383,0.082957298631118906,0,3543.3590971025369,59.526121132680373,4.4068940316624374,0.040015986646348818,0
4,2018-04-11,3210,4391.9535701500972,66.271815805439473,4.940680344834643,0.30703272313326752,1,305.32533055026596,17.47356090069411,1.3026846759379813,0.076437486177287545,0
4,2018-04-12,3211,5785.5871388452679,76.063047130950963,5.6607164643113013,0.27303250392974404,1,742.90444789771584,27.256273551197637,2.0284493228546281,0.48248075546567926,1
4,2018-04-13,3212,5726.3578360810116,75.672702053521334,5.6080855266255112,0.22751573555465415,0,323.6866343438781,17.991293292697947,1.3333303659315927,0.38857924857415227,1
4,2018-04-16,3213,5922.2017749443557,76.955843020165503,5.7339872602760984,0.2308468998604101,0,459.54549542036585,21.437012278308885,1.5972738453400557,0.36403828724521525,1
4,2018-04-17,3214,10225.426078041202,101.12084887915648,7.4823966021056263,0.58834331209903923,1,2356.7769766818978,48.54664742988848,3.5921896799651098,0.40835525855702398,1
4,2018-04-18,3215,6115.338570641803,78.200630244530657,5.7986526949822528,0.27667115072851262,1,2438.3084915059508,49.379231378241911,3.6615179725820788,0.42599691216093649,1
4,2018-04-19,3216,4679.0875271397326,68.403856083847586,5.1171764416568237,0.17494991699887583,0,967.58044945216693,31.105955208804744,2.3269837448142692,0.041445888575145577,0
4,2018-04-20,3217,4387.6433814710435,66.239288805595152,5.0018340863546893,0.13861670809454027,0,937.78685342706126,30.623305723371232,2.3124145377460721,0.52002614960884674,1
4,2018-04-23,3218,3869.8525387965819,62.208138846911197,4.6813514577951763,0.21527890673716976,0,1011.92823480572,31.810819461398978,2.3938608166007436,0.17706750340244945,0
4,2018-04-24,3219,4757.9037777518352,68.97755995794455,5.2190489129455262,0.13465412368497542,0,758.91754950702489,27.548458205624229,2.0843989108783889,0.18819585180188514,0
4,2018-04-25,3220,3716.3734274068474,60.962065478515797,4.6158904731215111,0.26176532932148266,1,2553.0758402316633,50.527970869921774,3.8258477224140055,0.24141978074868817,0
4,2018-04-26,3221,450.21038010115109,21.218161562707337,1.6269101029525637,0.18229111518463426,0,638.62460421418325,25.271023014792718,1.9376646998000857,0.20483630970853908,0
4,2018-05-02,3222,3416.7960416159467,58.453366383947014,4.4737001671473307,0.02385357936928946,0,900.02219452282316,30.000369906433207,2.2960638226261447,0.15473168777169005,0
4,2018-05-08,3223,6177.0646695036621,78.594304307014909,5.9819845725931362,0.15878735852854647,0,2035.0254459239791,45.111256310636918,3.4335164829042064,0.21209942325556969,0
4,2018-05-09,3224,4089.1517955459512,63.946476021325452,4.8488380361939223,0.10296735597258291,0,2685.0246113663666,51.817223115160914,3.9291191321778065,0.43168262652425227,1
4,2018-05-10,3225,2911.0469848783923,53.954119257739649,4.0740075703356107,0.148563455521631,0,2037.7700286760578,45.14166621510617,3.4085903435727842,0.22133826670598949,0
4,2018-05-11,3226,3225.6536246680853,56.794838010756621,4.3031282350840341,0.33348413336068922,1,1674.5301245771841,40.921023014792581,3.1004298226914107,0.39809503870762192,1
4,2018-05-14,3227,419.47946537926197,20.48119785020549,1.5815596795525473,0.10463717656325731,0,258.27778074199574,16.071023014792672,1.2410056382079284,0.14967968283299679,0
4,2018-05-15,3228,1961.0060443886039,44.283247897919637,3.4294867684739314,0.25293572134787135,1,370.99029874980295,19.261108450704569,1.4916637715937711,0.36917991224364555,1
4,2018-05-16,3229,4203.2600927501226,64.832554266742591,5.0277281323569278,0.26021417815404624,1,442.8726891473645,21.044540601955759,1.631992291737554,0.15866383468077588,0
4,2018-05-17,3230,4329.0874249268218,65.795800967286823,5.1071800797397211,0.24290625266346377,0,1880.4058958801406,43.363647169952628,3.365958796084191,0.42178903159678705,1
4,2018-05-18,3231,5040.5790129120724,70.997035240297691,5.5106947056543403,0.19657016281154266,0,2216.6766966254431,47.081596156305523,3.6544103819851381,0.14871721111544475,0
4,2018-05-21,3232,6092.2678811492224,78.052981244467674,6.0363467185698676,0.19234322162099682,0,3215.2146374922304,56.702862692215376,4.3852026365736343,0.06465087130526502,0
4,2018-05-22,3233,4596.7339987016703,67.79921827500425,5.2598307428242244,0.23811306260660203,0,1600.4313960255074,40.005392086886332,3.1035990757863714,0.027666535445881293,0
4,2018-05-23,3234,6183.3430478815417,78.634235851068979,6.0263046213027538,0.43145701001735931,1,2160.6316730139306,46.482595377344524,3.5622941623439113,0.57810845428390123,1
4,2018-05-24,3235,5434.7597773997049,73.720823227902883,5.6556059246569141,0.29321248340829204,1,937.48117550222173,30.618314380485117,2.348930907593795,0.48835428245979501,1
4,2018-05-25,3236,4483.6435823762831,66.960014802688647,5.1479983703151104,0.18919636230577511,0,773.85861497150756,27.818314380485162,2.1387187191885264,0.57381323283159813,1
4,2018-05-30,3237,5962.6438699825903,77.218157644316989,5.9155136663972874,0.46076764652806029,1,1340.3840886431515,36.611256310636918,2.8047080331433651,0.37988406687059978,1
4,2018-05-31,3238,3680.6818249248217,60.668623067651879,4.6862832587402963,0.17202728655537797,0,590.42138375088507,24.298588102004715,1.8769185927703318,0.29772238564611958,1
4,2018-06-01,3239,4573.4833202403724,67.627533743589765,5.2203893429765538,0.29014125367858723,1,872.26616218176446,29.534152471025209,2.2798373129819915,0.34537486398306655,1
4,2018-06-04,3240,4125.1760907839507,64.227533743589674,4.9709789670360802,0.11246764126380122,0,843.5329391010921,29.04363853068503,2.2478726466224241,0.075466212721538042,0
4,2018-06-05,3241,5954.0900374973889,77.162750323568616,5.9351396295337766,0.55959865485415972,1,2303.8990896061287,47.998948838554043,3.6919428381319932,0.40447596257143142,1
4,2018-06-06,3242,4990.7692597006862,70.645376775134309,5.4457796704670889,0.30735439597800318,1,2207.6894557850528,46.98605597179926,3.6219738656233771,0.54443556267960735,1
4,2018-06-07,3243,5707.0663728859354,75.545128055262012,5.8189969616993649,0.41172667460653067,1,2811.0876557359088,53.019691207474125,4.0839353905237141,0.18036022881979447,0
4,2018-06-08,3244,5152.0143503121481,71.777533743589629,5.5230481489373373,0.40967914633487451,1,1339.0943809144328,36.593638530684984,2.8157616597941666,0.084866453388977622,0
4,2018-06-11,3245,5190.5363146710752,72.0453767751344,5.5477131463546296,0.15924823163808882,0,1270.4689677061442,35.643638530685166,2.7446685812717178,0.25156686746289447,1
4,2018-06-12,3246,4707.6837074312698,68.612562315011019,5.2935665096640836,0.20701485101531075,0,1098.5007750527184,33.143638530685166,2.557083557511489,0.30421697111205004,1
4,2018-06-13,3247,6217.11505285765,78.848684534731774,6.0524801024549433,0.13581865240573288,0,1579.5568036577554,39.743638530685075,3.0507494554354309,0.14640375696242988,0
4,2018-06-14,3248,2582.8221216907805,50.821473037396117,3.9542091450998731,0.50883323774536937,1,152.97520061451493,12.368314380485117,0.96232751452908905,0.36286477461833816,1
4,2018-06-15,3249,3253.1340074379982,57.036251695198189,4.4694002817222263,0.063104400562641924,0,950.07835491724472,30.823341073239362,2.4153384063973169,0.06010616430516872,0
4,2018-06-19,3250,4365.068401688658,66.068664294721884,5.1851094251076661,0.39287059603996483,1,1960.3085405381573,44.275371715414849,3.4747584143317258,0.75937454115570957,1
4,2018-06-20,3251,1257.6188202261815,35.46292176663087,2.8008468006658664,0.25660934408480152,1,331.69509135490898,18.212498218391374,1.4384155288387137,0.40288319876031409,1
4,2018-06-21,3252,524.53852986205447,22.902806156933138,1.8045783521989627,0.25752302977497771,1,474.92874986354167,21.792860066167123,1.7171224887654823,0.10257863473851264,0
4,2018-06-22,3253,1961.6138056483992,44.290109569162269,3.4909836501270801,0.10408665142591317,0,730.75263218669841,27.032436667579532,2.1307193716071202,0.69843148902934238,1
4,2018-06-25,3254,750.21883870496242,27.390123013688026,2.1733018339830221,0.16668474774241526,0,307.50866029626394,17.535924848614741,1.3914087795457224,0.25774569706100053,1
4,2018-06-26,3255,414.49537572398748,20.359159504360377,1.6227609998693111,0.16793004453679852,0,16.217174771639574,4.027055347476562,0.3209832095868454,0.14452811281103908,0
4,2018-06-27,3256,430.45487134907876,20.747406376438448,1.6577369163388158,0.088529159320316936,0,0.00016784188970843194,0.012955380724179122,0.0010351468758083274,0.15572708700474153,0
4,2018-06-28,3257,643.27613315232588,25.36288889602929,2.0283009233499372,0.36723832340543117,1,33.793945311359884,5.813255999124749,0.46489311840735326,0.6610415851477569,1
4,2018-06-29,3258,1163.8583557887873,34.115368322631184,2.7340413786368956,0.25808453893091893,1,18.995337333158993,4.3583640661559002,0.34928386489468666,0.52893576032435918,1
4,2018-07-02,3259,1144.7366317098342,33.833956784713109,2.7029324373647379,0.44078295361401504,1,69.028913455791354,8.3083640661559457,0.66373988944724949,0.22874825967791035,0
4,2018-07-03,3260,1542.8434001033188,39.279045305395584,3.128557969366434,0.50346494991673718,1,15.705015349611084,3.9629553807242246,0.3156475811010932,0.28237504748784242,1
4,2018-07-05,3261,1218.9585885037848,34.913587448209682,2.7811835303468899,0.32654260010966291,1,14.538628735393123,3.8129553807241336,0.30373643850114579,0.40689293766324441,1
4,2018-07-06,3262,3403.5629175816621,58.340062714927399,4.6226427411693205,0.3871721633504418,1,692.97578536799801,26.324433239255086,2.0858470931623221,0.26685135520140879,1
4,2018-07-09,3263,259.93227347012953,16.12241524927731,1.2856790469918109,0.37123708945216827,1,11.744708354668322,3.427055347476653,0.27328990011775539,0.25248918524609326,1
4,2018-07-10,3264,1493.6595684703468,38.647892160767924,3.0883723957781624,0.35832459731283883,1,275.19982002263851,16.58914765811187,1.3256470879104898,0.076669668741428679,0
4,2018-07-11,3265,227.93167929532842,15.097406376438585,1.2117671062234998,0.077182534705981465,0,21.836411725545695,4.6729446525232561,0.37506578798645601,0.013944827266272993,0
4,2018-07-12,3266,334.56781671809648,18.291195059866823,1.4730768349735701,0.18478621420344826,0,96.767446841621592,9.8370446192757299,0.79222393648028744,0.027708707484928988,0
4,2018-07-13,3267,143.53547783767473,11.980629275529509,0.97182262131160857,0.31510899958590588,1,351.076841064733,18.737044619275821,1.5198770781372339,0.10571992447449167,0
4,2018-07-17,3268,1111.2522770469743,33.335450755119155,2.7223724585642426,0.18005347875017144,0,38.703120198040359,6.2211831831284599,0.50805905946332874,0.10575904998417418,0
4,2018-07-18,3269,823.87832778528809,28.703280784350909,2.3574621809659488,0.1965758546382568,0,0.21886781049530568,0.46783310111118226,0.038424138730334054,0.23575641994998503,0
4,2018-07-19,3270,2185.5992988901712,46.750393569361222,3.8047115824505573,0.13792258054269771,0,475.52625571995787,21.806564509797454,1.7746949753650012,0.19164502055567761,0
4,2018-07-20,3271,915.0933344385096,30.250509655847281,2.4695301568102601,0.15103077436119935,0,0.12699192014804539,0.35635925713813776,0.029091739021032511,0.65430609651633131,1
4,2018-07-23,3272,973.78008058800526,31.205449533503042,2.5404363197381077,0.25471344397891266,1,23.792859699438512,4.8777925027043239,0.3971011928769751,0.20316996018637906,0
4,2018-07-24,3273,1211.2176303091951,34.802552066036696,2.8260294004089888,0.33726363281153909,1,47.697798188657025,6.9063592571380923,0.56080870947122152,0.54380340865181143,1
4,2018-07-25,3274,145.49836519701574,12.062270316860577,0.98206963703322425,0.2580522126912112,1,195.85963358415296,13.994986015861286,1.1394248740778576,0.29557695258212463,1
4,2018-07-26,3275,90.506977891786491,9.5135155380010019,0.77727975309457098,0.34745523112198695,1,334.70651332055837,18.294986015861241,1.4947494600156248,0.30508401312241296,1
4,2018-07-27,3276,194.58168660865982,13.949253980362528,1.1398311799609844,0.48798109399641082,1,340.21750912532008,18.444986015861332,1.5071895747557877,0.63801504527116915,1
4,2018-07-30,3277,444.33839437888832,21.079335719583014,1.7264700208512236,0.14181525449240906,0,13.276117863042943,3.6436407428618622,0.29842669584027703,0.045737664538743963,0
4,2018-07-31,3278,477.66067431150231,21.855449533503133,1.7928998796967295,0.39268615440190746,1,31.288816760204714,5.5936407428619077,0.45887126684675211,0.48112303480843188,1
4,2018-08-01,3279,376.53264246959861,19.404449038032453,1.5964827050090464,0.34197199483016849,1,64.355813129664767,8.0222074972955397,0.66001953986552631,0.27962075518144863,1
4,2018-08-02,3280,2436.7596267538356,49.363545524545088,4.0585008241835965,0.50112470847794643,1,155.28838228101483,12.461475927072797,1.0245396634936117,0.34817992688162541,1
4,2018-08-03,3281,1824.4469712773973,42.713545524545225,3.5310664675356693,0.50445362115418069,1,33.773252450948213,5.8114759270729337,0.48042623296597642,0.34503737361017817,1
4,2018-08-06,3282,1895.5210647775618,43.53758221097678,3.591172698558732,0.47134544051383648,1,264.48749853580142,16.263071620570372,1.3414502099699239,0.13409864559324014,0
4,2018-08-07,3283,1734.7116460003444,41.649869699680266,3.4434186019329722,0.041488747304551592,0,50.023561098138039,7.072733636871817,0.58474090669024159,0.014490368562074109,0
4,2018-08-08,3284,3094.610073572283,55.629219602402145,4.5807987156128247,0.12260231802697259,0,205.27607264466644,14.327458694571988,1.1797973233343204,0.04883060063322299,0
4,2018-08-10,3285,1116.4650245208441,33.413545524545043,2.7836502290619443,0.70910893478375203,1,4.5252621796968002,2.1272663631282285,0.17722050761263203,0.22153877178511783,0
4,2018-08-13,3286,1742.1467316123744,41.739031273046749,3.4869700311651415,0.27926193493966733,1,9.4405100735618337,3.0725413054281034,0.25668682585030106,0.21187833447297702,0
4,2018-08-14,3287,1719.3226020284544,41.464715144667935,3.5127681417034844,0.1571770369733434,0,763.63205063643386,27.633893150195718,2.3410617714499931,0.28199991331901519,1
4,2018-08-16,3288,3270.9337911295602,57.192078045211474,4.82898451008667,0.14315599151806913,0,330.77579277143906,18.187242582960153,1.535630732719226,0.069767434469115819,0
4,2018-08-20,3289,4069.4292213263693,63.792078045211611,5.3564027075201821,0.30762872575612349,1,1458.0096961055599,38.183893150195672,3.206170968570945,0.18531885823295549,0
4,2018-08-21,3290,3715.9362146257645,60.958479431706337,5.1124652519567526,0.20082285139344039,0,879.90362108977638,29.663169437701299,2.4877904505976689,0.25578056684192735,1
4,2018-08-23,3291,2187.2346883548462,46.767880947877529,3.904807626941432,0.20463411779586155,0,254.40439421699887,15.950059379732693,1.3317240861428314,0.1718120063442212,0
4,2018-08-24,3292,3405.5196092165233,58.356830013431363,4.8139269963647235,0.11156906735259285,0,451.76976880673368,21.254876353597865,1.7533410066898631,0.2437441749612059,0
4,2018-08-28,3293,1958.4555628007174,44.254441164709306,3.675007570562141,0.50494757215533936,1,180.20246111751942,13.423951024848066,1.1147609221763881,0.52481612465345839,1
4,2018-08-29,3294,754.01925186811741,27.459410989096568,2.2934444992146137,0.32833841076775999,1,5.9122752483891956,2.4315170672625754,0.20308335983150216,0.57123705131324176,1
4,2018-08-30,3295,1762.9641758972059,41.987666949917639,3.491843066232911,0.1172470335415991,0,27.916566768604699,5.2836130411494651,0.4394039703230459,0.046669399388885098,0
4,2018-08-31,3296,1068.8305008476279,32.692973264107195,2.7453477150024939,0.45624390412205917,1,6.8683692734069117,2.6207573854530892,0.22007451697972788,0.50771335516469451,1
4,2018-09-04,3297,1871.7931723010145,43.264225086103352,3.6152941494195163,0.37751162883715861,1,20.149088041703656,4.4887735565189359,0.37509597697993946,0.40158088407737197,1
4,2018-09-05,3298,2122.6528221413646,46.072256534072267,3.8229478931313334,0.18913401356971948,0,182.15067218227142,13.49632069055383,1.1198872082772957,0.1000430057558835,0
4,2018-09-06,3299,1498.2048913114418,38.706651770870621,3.2285137852089933,0.58815536600968543,1,65.998580254130673,8.123951024848111,0.67761706771608232,0.33035062297312096,1
4,2018-09-07,3300,1338.8983318029314,36.590959700490657,3.0579107220868007,0.15132817753614158,0,24.466088373799117,4.9463206905536481,0.41336459055270336,0.039818427261453043,0
4,2018-09-10,3301,1000.9940928186501,31.638490684902308,2.6590318682945169,0.85939284583581155,1,0.85756670438020077,0.92604897515207085,0.077829051994122864,0.35273117682094679,1
4,2018-09-11,3302,1648.8202364373508,40.605667540841523,3.3962585765173574,0.18763202511067067,0,4.5336741116025641,2.1292426145469108,0.17808988077508456,0.078023582489062618,0
4,2018-09-12,3303,1913.0555673932979,43.738490684902445,3.6389609122594488,0.2194168267699822,0,124.85718150570314,11.173951024848066,0.92965190106477513,0.087246795982524578,0
4,2018-09-14,3304,1259.9888367704664,35.496321454067129,2.9575338655280059,0.87313116132864022,1,35.577604731167995,5.9646965330323383,0.49697521521682536,0.61100724272684936,1
4,2018-09-18,3305,1171.1867506281681,34.222605842164739,2.8440626478986735,0.10939937562178867,0,8.2064862263680194,2.8646965330324292,0.23807001853506435,0.68819242862705499,1
4,2018-09-19,3306,489.01036372510106,22.113578718179042,1.8447967563342822,0.39494279197678855,1,55.721694330265009,7.4646965330323383,0.62273267148013167,0.12932202748699939,0
4,2018-09-21,3307,1077.3234542701159,32.822605842164876,2.7308932392183105,0.1249424255795121,0,18.187636518857659,4.2646965330322928,0.35482956427592083,0.078536647268353632,0
4,2018-09-25,3308,120.58524214510193,10.981131186954372,0.91950020405730559,0.81122998289336412,1,93.365394253876019,9.662576998600116,0.80909164736027772,0.67232946919992376,1
4,2018-09-26,3309,239.56345764376795,15.477837628162661,1.3057058906835379,0.4876037768954134,1,161.10707598882431,12.692796224190488,1.0707606060562247,0.23650866253971875,0
4,2018-09-27,3310,1676.9151882380654,40.950154923248647,3.449160237797317,0.3271184426509573,1,91.287134529577031,9.5544300996750735,0.80475300902716984,0.56284793374047193,1
4,2018-09-28,3311,1200.6961395585233,34.651062603598803,2.9227837378093544,0.46291955114281519,1,62.738397559208934,7.9207573854530438,0.66810825232618143,0.28039473147373334,1
4,2018-10-09,3312,1904.631823961925,43.642087758973275,3.6717220056346354,0.16727169539397321,0,2.4241703282492364,1.5569747359058965,0.13099232171511835,0.28726580503775834,1
4,2018-10-10,3313,2112.0068060610574,45.95657522119177,3.8120837145860205,0.12085729953526127,0,113.29612283692913,10.644065146217827,0.88292191499463535,0.094411489966569007,0
4,2018-10-11,3314,3764.990337810098,61.359517092380202,5.0304994541816113,0.081966615886348002,0,839.48983799029168,28.97395102484802,2.3754007808852649,0.0490842651587996,0
4,2018-10-12,3315,590.93134353434425,24.309079446460828,1.976428265088892,0.085395415728480806,0,2.3564400612252867,1.535070050917966,0.12480751664034848,0.07185033000711083,0
4,2018-10-15,3316,618.00882738691337,24.859783333466794,2.0199710192140077,0.19561959121090383,0,6.8366451703780413,2.6146979118777836,0.21245615599884485,0.63094734567140898,1
4,2018-10-16,3317,492.43513724943938,22.190879596118748,1.8055310683958139,0.33097446272139031,1,164.26418313927718,12.816558942995471,1.0428020782714675,0.0558332853945551,0
4,2018-10-17,3318,440.61702621875247,20.990879596118702,1.7095638389150716,0.27030467215845472,1,196.46392460246759,14.016558942995516,1.1415530352238072,0.076040961506477586,0
4,2018-10-19,3319,238.42076270183628,15.440879596118748,1.263264304681236,0.26949000801584927,1,382.85022886971603,19.566558942995471,1.6007984081645645,0.31662532948434641,1
4,2018-10-22,3320,1327.2838634779794,36.431907217135631,2.9476845517323218,0.034422364536526376,0,0.054124393394704685,0.23264649878024102,0.018823293723875641,0.15458720763616943,0
4,2018-10-23,3321,561.25777603779557,23.690879596118748,1.9252268982258947,0.32412785220150681,1,128.06450631029077,11.316558942995471,0.91963422396452565,0.10870770376321237,0
4,2018-10-24,3322,491.60736005771798,22.172220458441188,1.8014478760514454,0.30500960256655113,1,245.97767709892014,15.683675497118656,1.2742667774714542,0.3964717102013538,1
4,2018-10-25,3323,607.46417203677333,24.646788270214302,1.9975514260416019,0.33659286472386363,1,52.310934485648637,7.2326298457510347,0.5861838834340507,0.29469140367665964,1
4,2018-10-26,3324,519.68063212773279,22.796504822619909,1.8521697125950527,0.52342747306218751,1,122.46872683879303,11.066558942995471,0.89913543573248866,0.7153106373696837,1
4,2018-10-29,3325,31.789853098415566,5.6382491163849409,0.46011499236044884,0.59292652845828109,1,271.14756342313962,16.466558942995334,1.3437701112286056,0.15526370939162626,0
4,2018-10-30,3326,15.120822068343625,3.888550124190715,0.32005844884075185,0.69108868973288939,1,724.50114533174451,26.91655894299538,2.21544581612374,0.23337177754426264,0
4,2018-10-31,3327,1070.0385552596199,32.711443796622916,2.6569828044204944,0.76310062089888109,1,29.279717197766413,5.4110735716460567,0.43951375312886781,0.30758687619540576,1
4,2018-11-01,3328,86.908468704822866,9.3224711694283542,0.75663267343789908,0.56013185746354732,1,95.385673587005698,9.7665589429955162,0.79267583337355052,0.43535898511859278,1
4,2018-11-02,3329,33.198864408499723,5.7618455731214908,0.46758738674144784,0.045386583168065424,0,92.478205904105295,9.6165589429954252,0.78040648756302899,0.02429615977984563,0
4,2018-11-05,3330,480.35728954330955,21.917054764345266,1.8092335119981231,0.64634743559688279,1,881.0585145598593,29.682629845750853,2.4502748758255612,0.12416745750142243,0
4,2018-11-09,3331,58.974112287360761,7.6794604164199427,0.63700886868399842,0.063233325523211606,0,961.68668406605298,31.011073571646193,2.5723589707308858,0.025400257536833476,0
4,2018-11-12,3332,970.8211994022447,31.158003777556814,2.5919643771364127,0.20433885516542841,0,9.9641298921254808,3.1566010029976042,0.26259055012042298,0.27549609168389089,1
4,2018-11-13,3333,1327.6676588740465,36.437174134035786,3.0282297223383159,0.25683476521964921,1,1.1432607885801165,1.0692337389832574,0.088862143277228953,0.16388026422260557,0
4,2018-11-14,3334,1783.7188651411936,42.234096002414844,3.4850927096930189,0.40804513878853288,1,342.57645171669799,18.50882091643598,1.52731946333589,0.28538421378877415,1
4,2018-11-15,3335,990.75264193613634,31.476223438273792,2.5749528336284184,0.1966191206233526,0,28.030627086054825,5.2943958187931912,0.43311484119708699,0.43207320549030825,1
4,2018-11-16,3336,113.99913402932991,10.677037699162156,0.87402076777686288,0.37687367851344639,1,92.605933624031067,9.6231976818535259,0.78775357579023619,0.4677170040821772,1
4,2018-11-19,3337,9.2663719544017162,3.0440716079622234,0.24890201209830121,0.36229954218809862,1,2.7315327055616412,1.6527349169064109,0.13513776916650946,0.30449312665094191,1
4,2018-11-20,3338,146.35988995031417,12.097929159584055,0.98887764914043275,0.33233573081095863,1,355.13349793800404,18.844986015861195,1.5403781278290987,0.35719326974590637,1
4,2018-11-26,3339,97.969001648143418,9.8979291595840095,0.81050844739469441,0.25229330930795485,1,442.8914364077952,21.044986015861241,1.7233038008402586,0.4613718854013299,1
4,2018-11-27,3340,8.6302556911984567,2.9377296831394233,0.24213720858350901,0.31858196561687047,1,840.70921405999161,28.994986015861286,2.3898607884493126,0.30032856690751797,1
4,2018-11-28,3341,932.64721008343417,30.539273240917737,2.4904606108801417,0.143548948176553,0,44.394893823165411,6.662949333678398,0.54335978256296824,0.161997317294756,0
4,2018-11-29,3342,233.11590598596007,15.268133677236392,1.2540046550233168,0.12284952047145575,0,35.072541641024578,5.9222074972956307,0.48640363823215726,0.33078823441229338,1
4,2018-11-30,3343,865.42456669845023,29.418099304653424,2.3911321876496321,0.3675250148807242,1,6.8275042203706215,2.6129493336784435,0.21238310441993366,0.13176380855615716,0
4,2018-12-03,3344,656.08354634136492,25.614127866108674,2.0651558385962008,0.59244691607871036,1,2.4541069218790863,1.5665589429954707,0.12630484100584299,0.49426043597067626,1
4,2018-12-04,3345,183.62997827327197,13.551013920488458,1.0905809762575718,0.081201330660670548,0,0.46709167839946825,0.68344105700452928,0.05500310305456757,0.11598175357024458,0
4,2018-12-06,3346,5.1509907979025193,2.2695794319438392,0.18254479465485718,0.13619377258269161,0,11.09370707498333,3.3307217048236453,0.26789364633022161,0.027748125541649803,0
4,2018-12-07,3347,219.80899915461404,14.825956938916761,1.1905052345860008,0.23858693417532884,0,5.4304165402678377,2.3303254151014698,0.18712212752250132,0.3129494546595325,1
4,2018-12-10,3348,122.30500894288548,11.059159504360423,0.88807191073319058,0.27245460420390111,1,38.900725582837467,6.2370446192758209,0.50084675333460382,0.32036096278312703,1
4,2018-12-11,3349,59.628058174230709,7.7219206272941392,0.61986117818937503,0.150550955338074,0,33.489885425488701,5.7870446192757754,0.46454301579576762,0.17011821449288814,0
4,2018-12-12,3350,71.211962527402235,8.4387180618505226,0.67903585289483182,0.38918081068024751,1,15.060000950288988,3.8807217048235998,0.312268895982587,0.53591552763163086,1
4,2018-12-13,3351,23.289860376278835,4.8259569389167609,0.39065503208942903,0.26538669894926153,1,127.25468218168031,11.280721704823691,0.91315997124893289,0.077457277830834406,0
4,2018-12-14,3352,16.114840242742854,4.014329364008745,0.32330603342397168,0.23670115533050981,0,97.753651303548267,9.8870446192756845,0.79628273823345408,0.30050007316405331,1
4,2018-12-17,3353,168.62663880946951,12.985632014248267,1.0419346878157962,0.39694436767168462,1,1.9052982515749195,1.3803254151014244,0.11075386464747046,0.63628745504668138,1
4,2018-12-18,3354,265.17065325344566,16.28406132552459,1.2975347669740709,0.15952307956505193,0,11.99205996888686,3.4629553807242246,0.27593269965930078,0.47929733218395493,1
4,2018-12-19,3355,380.39181969301137,19.503636063386011,1.5482148095563415,0.086307078465920395,0,164.19134698108553,12.813717141449843,1.0171634960468221,0.17023973382675031,0
4,2018-12-20,3356,336.96550468043819,18.356620186745658,1.4590168252390936,0.18483086300884966,0,119.36156649052937,10.925271918379394,0.86836004597062288,0.28901470292452702,1
4,2018-12-21,3357,1705.0308847929891,41.292019625988132,3.2564684247624709,0.17135320012180824,0,614.85956477527043,24.796361926203417,1.9555490478078406,0.161997317294756,0
4,2018-12-27,3358,3033.3773287828649,55.076104880273306,4.3061849007250439,0.16580849554416652,0,1577.5287073396858,39.718115606605579,3.1054038785461748,0.21324090730144582,0
4,2018-12-28,3359,3344.0939646675702,57.828141632492134,4.5181765475812279,0.071957351782164017,0,1843.998608881358,42.941804909451093,3.3550906250059449,0.39863490298242105,1
4,2019-01-04,3360,4155.9394087959736,64.466575904075853,4.988900781928173,0.35685486107319708,1,2051.4489077040562,45.292923373348913,3.5051016385504492,0.75443356876815759,1
4,2019-01-07,3361,2930.6871133649001,54.135820981720599,4.2081558538396822,0.32219820342281669,1,421.6514177033107,20.534152471025209,1.5961873738602517,0.18067381986635939,0
4,2019-01-08,3362,3041.6544806725065,55.151196547967174,4.2799314409411124,0.15550284699971009,0,455.09901020424513,21.333049716443384,1.6555214741924094,0.46965770686128994,1
4,2019-01-09,3363,3351.3890676719748,57.891182987325237,4.4810885507643965,0.82920491979562372,1,834.84234754189447,28.893638530685166,2.2365228369599168,0.86583758994453208,1
4,2019-01-10,3364,3018.533588046751,54.941182987325192,4.2624758902459519,0.062949468593703484,0,673.07238021084959,25.943638530685121,2.0127730734850164,0.023061329786261534,0
4,2019-01-11,3365,3930.8092641900307,62.69616626389552,4.8436469610549686,0.21804491638334578,0,995.98789772541068,31.559275937914208,2.4381393647955969,0.058084270747981066,0
4,2019-01-15,3366,3570.8433892963658,59.75653428116766,4.624045057739508,0.23294927517462144,0,783.29917848502839,27.987482532107606,2.165710944216328,0.54139288069406111,1
4,2019-01-16,3367,2846.6510421702737,53.354016176575442,4.133727138496587,0.39379595636270598,1,494.81958659206032,22.244540601955805,1.7234477881735339,0.3895711652914145,1
4,2019-01-17,3368,2195.298831874793,46.854016176575442,3.648498378490534,0.37769289438802067,1,247.89055876663485,15.744540601955805,1.2260193585076939,0.087743077473811992,0
4,2019-01-18,3369,2879.3020341343167,53.659128152946323,4.1852529563174734,0.20986488887366708,0,186.17348823841675,13.644540601955669,1.0642337260709516,0.26876575086397481,1
4,2019-01-22,3370,2974.4713311262394,54.538714058237929,4.26150289562728,0.50643982513967756,1,75.519192563345385,8.6901779362303841,0.67902624911942377,0.85361035331973489,1
4,2019-01-23,3371,3415.0833007805059,58.43871405823802,4.552365354696426,0.13964350020660152,0,641.74038855226399,25.33259537734466,1.9734046410644746,0.10298686847623412,0
4,2019-01-24,3372,4711.273067568568,68.638714058238065,5.3047928014713701,0.10321140189776316,0,519.39221036504841,22.790177936230521,1.7613554321223062,0.3530725538463339,1
4,2019-01-25,3373,4080.8358358366577,63.881420114432785,4.9058418856838903,0.16278970527240322,0,1135.3220663768514,33.69454060195585,2.5876082326886953,0.039454841727686769,0
4,2019-01-28,3374,6554.4111005817176,80.95931756494565,6.1916804378376087,0.23445702542716734,0,1973.6687337833573,44.425991646595321,3.3976514585748401,0.092240496976783326,0
4,2019-01-29,3375,5948.9159649996081,77.129216027388793,5.8845819811847706,0.20835609302725741,0,2372.5877143148605,48.709215907411817,3.7162749605105532,0.057062306909191569,0
4,2019-01-30,3376,5179.8261497924268,71.97100909249798,5.4577242050881916,0.44058912994521082,1,2553.524566881983,50.532411053520718,3.8319868850777823,0.37822555452426265,1
4,2019-02-01,3377,2409.7271864022468,49.088972146524384,3.7472497821774335,0.074823663287413147,0,499.95283318237858,22.359625068018886,1.7068416082457165,0.14678370200314489,0
4,2019-02-12,3378,2401.5973583830646,49.006095114618802,3.7329444785663317,0.12466341666863107,0,1147.2462000686119,33.871023014792627,2.5800596446368544,0.16853859794738718,0
4,2019-02-13,3379,4617.4812117386946,67.952050828055917,5.1814442661219191,0.38687719844110074,1,2387.6887176106397,48.863981802659509,3.7259508027495905,0.44009917996436376,1
4,2019-02-14,3380,2040.597153403887,45.172969278141181,3.431162453240757,0.24824806268727892,0,1394.400035720405,37.341666215106216,2.8363272352061233,0.051841907631079286,0
4,2019-02-15,3381,12990.628440026328,113.9764380915035,8.4819674858793306,0.30066922078875535,1,5252.4661553799961,72.473899821797886,5.3934064983663541,0.56394225778829099,1
4,2019-02-20,3382,5719.759321545278,75.629090445048178,5.6810584371867172,0.21729000630390707,0,1069.4323511083135,32.702176550014428,2.4565015248837132,0.33390638719413757,1
4,2019-02-21,3383,4682.8957883885523,68.431687019892706,5.1489174237156394,0.090504373881600264,0,263.61953382695037,16.236364550814642,1.2216518980335309,0.0024201754730787759,0
4,2019-02-22,3384,5101.7711207853854,71.42668353483441,5.3661908669722713,0.18872627363195418,0,249.16771136778846,15.785047081582888,1.1859094009678741,0.87119572542374812,1
4,2019-02-25,3385,4192.9551107622547,64.753031672364614,4.8868368493539576,0.56862388638088213,1,754.88382931912622,27.475149304764955,2.0735179279849785,0.19539072237256214,0
4,2019-02-26,3386,3487.402104517023,59.054230200020584,4.4641667762800461,0.35565783379103277,1,851.30252607191073,29.177089060972321,2.2056233935043523,0.57602874892067601,1
4,2019-02-27,3387,2199.6929985444604,46.90088483754289,3.5553867897921303,0.24236645595244344,0,250.07000530469435,15.813601907999782,1.1987720811128211,0.45711003971689473,1
4,2019-02-28,3388,2249.9837013973183,47.433993099857389,3.61553360264167,0.076251496544905456,0,905.01000917063698,30.083384270567649,2.2930282610288231,0.09333891908633464,0
4,2019-03-01,3389,951.1766130049084,30.841151291819642,2.4023330185246645,0.26564107323854447,1,168.32802613653328,12.97412910898197,1.0106036071803997,0.1014669727715982,0
4,2019-03-05,3390,3571.1173539252677,59.758826577546415,4.6474181730020163,0.41382682676580029,1,397.37043473807501,19.934152471025072,1.5502704414220223,0.78271802230322074,1
4,2019-03-06,3391,3706.5371914588573,60.881336971676774,4.7367413811310026,0.34167446693230835,1,1227.5252180590473,35.036055971799215,2.7259049227261509,0.093192911457947863,0
4,2019-03-07,3392,5231.8223081102624,72.331336971676819,5.5778937321516731,0.0042980746195169801,0,2160.9533998132538,46.48605597179926,3.5848124905956631,0.0016470998569430037,0
4,2019-03-08,3393,4340.9248016202646,65.885694969547558,5.0965534689265182,0.70546492683075723,1,977.21127599824581,31.260378692495806,2.4181302411522569,0.58005687402864903,1
4,2019-03-11,3394,5044.6426411619914,71.025647770097748,5.4759375328705717,0.03175437264792396,0,1150.9729092048556,33.925991646595321,2.6156271266794127,0.0651952849158495,0
4,2019-03-12,3395,7220.8910020431831,84.975825986236714,6.5018421505211919,0.58401805959735986,1,2164.285701706629,46.521884116044021,3.5595764272576624,0.36453502089216283,1
4,2019-03-13,3396,4842.5350222559882,69.588325330158568,5.3713345938141002,0.34596582926100888,1,826.94131071934873,28.756587257867523,2.2196431830394445,0.21165066187758647,0
4,2019-03-14,3397,7338.7843376626588,85.666704953923954,6.5720525472899087,0.27491948923998238,1,1630.2207014459389,40.375991646595367,3.0975060718523491,0.40038400824169307,1
4,2019-03-15,3398,5867.0943731560874,76.596960599987824,5.8668015165431857,0.5162930852251002,1,1722.4558235162826,41.502479727316086,3.1788051261731072,0.56008059293119905,1
4,2019-03-18,3399,6966.4719458685431,83.465393702231722,6.3826102089341381,0.14817508941125301,0,2089.3324188703896,45.709215907411817,3.4953900670958027,0.2002561719686041,0
4,2019-03-19,3400,3632.7582357266638,60.27236709908334,4.6231776558321194,0.068147024104595236,0,1348.1544732885136,36.717223115161005,2.8163859104978912,0.22224273230790628,0
4,2019-03-20,3401,4950.415500233732,70.359189166971873,5.365605823760534,0.23648503307695029,0,2044.1855369285504,45.212670092890448,3.4479272548532336,0.14291649581802265,0
4,2019-03-22,3402,5701.4348191688778,75.507846076873875,5.7222421338239462,0.13743375417127904,0,2763.3129460391078,52.567223115160914,3.9837234750605064,0.024274815902413982,0
4,2019-03-25,3403,2777.9370855777061,52.706138974295072,4.0041129662155335,0.055751695980424842,0,1375.7917026128519,37.091666215106216,2.8178732975086391,0.05064734981556452,0
4,2019-03-26,3404,3655.8317766956202,60.463474732234999,4.6165896565805147,0.33212345031831614,1,774.69727995308256,27.833384270567649,2.1251725029065929,0.61739027565944948,1
4,2019-03-27,3405,1279.3118946687114,35.767469782872695,2.7616468967202787,0.56065291387613336,1,254.13672171386327,15.941666215106352,1.2308741238548702,0.69738990618365626,1
4,2019-03-28,3406,3595.7555825711806,59.964619423216391,4.6473393337376105,0.3289260719274571,1,464.88777369298231,21.561256310636963,1.6710266070399877,0.50411476804406841,1
4,2019-04-02,3407,5078.7601896404349,71.265420714680658,5.5225247560680888,0.62589124692561005,1,601.92463747151237,24.534152471025209,1.9012090721085828,0.55934633807009082,1
4,2019-04-03,3408,4816.6611256085398,69.402169458948038,5.4087339328175226,0.092274882898377361,0,405.76617325490406,20.143638530685166,1.5698584367131796,0.24898699303386307,0
4,2019-04-04,3409,6600.9013243228692,81.245931124720755,6.2496870095939041,0.56080531428283853,1,2996.0293435626027,54.735996780570304,4.2104612908131003,0.24019694586058793,0
4,2019-04-08,3410,5624.343508319962,74.995623261094124,5.7556119156634011,0.14156757847680804,0,1599.4911229230979,39.993638530685075,3.0693506163227227,0.49200493214949131,1
4,2019-04-09,3411,5020.0551775765762,70.852347720993521,5.4274271493349815,0.60886599572793754,1,1932.5148947876432,43.960378692495851,3.3674502043353516,0.21775555318049586,0
4,2019-04-10,3412,5220.6662651523056,72.254178184741022,5.5631489209070697,0.15468369758998199,0,1272.7763799679392,35.675991646595321,2.7468425967504868,0.19465290370597385,0
4,2019-04-11,3413,3187.3876017814137,56.456953529050907,4.3619681317353711,0.27629950044599327,1,458.74419090129362,21.418314380485072,1.6548183868102504,0.44939692450737156,1
4,2019-04-12,3414,3344.0236588660182,57.827533743589811,4.4979219650441253,0.49118593786809944,1,512.73436590832989,22.643638530685166,1.7612599487173932,0.63353597626588531,1
4,2019-04-15,3415,2316.0015518533132,48.124853785266851,3.7705060355910884,0.56339122097965044,1,1046.6783961210297,32.352409433008688,2.5347600135549566,0.5850068228212858,1
4,2019-04-16,3416,3197.372861066784,56.54531688006341,4.4324932883956576,0.2322397279507516,0,1941.8402996490252,44.066317064726718,3.4542852602278526,0.74566367945295797,1
4,2019-04-18,3417,3390.0379910450288,58.2240327617817,4.5863751683167937,0.35072194344935487,1,650.48774466591408,25.504661234094328,2.0090319995348032,0.56100883929378809,1
4,2019-04-23,3418,1524.540607046551,39.045366012454679,3.0704491025403748,0.21338751195353808,0,745.978644311072,27.312609621035335,2.1478087226072686,0.11011986584186612,0
4,2019-04-24,3419,2202.5340284421277,46.931162658111589,3.6642069533191437,0.051778303677318248,0,1442.977168045066,37.98653930071896,2.9658447299124737,0.11438647758462851,0
4,2019-04-25,3420,4382.6786590625079,66.201802536354762,5.1551006491476992,0.6784989013516356,1,2768.4109605389745,52.615691200809806,4.0971570783997668,0.21472101565280693,0
4,2019-04-26,3421,4655.202507282128,68.229044455291387,5.3254015341313909,0.063420403367498449,0,1729.8342951162408,41.591276670910702,3.2462751070020843,0.34623108624059834,1
4,2019-05-07,3422,6946.9368130148441,83.348286203225825,6.4852385779042816,0.13405953692118783,0,2480.8552677874372,49.808184746961388,3.8755201328167899,0.011019781554062542,0
4,2019-05-08,3423,5144.6488875831528,71.726207815436283,5.5770319427288921,0.37391599049484991,1,2096.4418792655351,45.78691821105167,3.5601367087358429,0.39426863905245035,1
4,2019-05-09,3424,5400.4103340174015,73.487484199810524,5.7095396006379096,0.18830279565050934,0,2610.9163839952744,51.097126964197059,3.9699422705459613,0.41679321487769905,1
4,2019-05-10,3425,6770.2211590578745,82.281353653533643,6.3508300133940763,0.57975230498116792,1,2527.4088226662375,50.27334107323918,3.8803134511607893,0.19939552602283606,0
4,2019-05-13,3426,5201.4050958950511,72.120767438339499,5.5545877571117908,0.058622700685684266,0,2317.0798845201998,48.136055971799351,3.7073364118761045,0.020832656671668649,0
4,2019-05-14,3427,4875.2865235108384,69.823252026175624,5.3747403607247808,0.20480349122252675,0,1302.7507423837478,36.093638530684984,2.7783572111989061,0.019504652977656699,0
4,2019-05-15,3428,2900.5714434303586,53.856953529050998,4.1694629967524186,0.10422010484652826,0,354.12895612277464,18.818314380485162,1.4568641619946707,0.11245007623326564,0
4,2019-05-16,3429,2788.6262392593744,52.807444922656259,4.1230047566096388,0.39943295382937971,1,316.61357216067893,17.79363853068503,1.3892597228829662,0.43958463876677056,1
4,2019-05-17,3430,2274.8514444876314,47.695402760513844,3.7521459120099001,0.12557749193222706,0,362.86245185385633,19.048948838554224,1.4985602673605964,0.49840761349930585,1
4,2019-05-21,3431,2075.5859650870502,45.55859924412789,3.5765896721720751,0.091882273517776822,0,1137.5349115688844,33.727361467640549,2.6477752761532853,0.12789221717957377,0
4,2019-05-22,3432,2381.5241584747696,48.80086227183665,3.8017265042524553,0.20200045935524263,0,1275.3825289986071,35.712498218391374,2.7821055753820256,0.075439500559291564,0
4,2019-05-23,3433,5487.8870882005576,74.080274622874867,5.7762397366764029,0.28027640322036695,1,1557.2566530226293,39.462091341217956,3.0769661864497433,0.11400128577860684,0
4,2019-05-24,3434,2448.143770525875,49.478720380845289,3.870665757713001,0.44165476763230638,1,1558.8307568719658,39.482030809875596,3.0886357513788312,0.07530121810528527,0
4,2019-05-28,3435,5179.7129847566521,71.970222903341437,5.6154350176211469,0.052705231118885129,0,1630.6733081309637,40.381596156305704,3.1507506851562983,0.02431538514969802,0
4,2019-05-29,3436,4855.3318522864784,69.68021133927823,5.4397292118566867,0.67737655474503267,1,886.87591048053378,29.780461891658661,2.3248730935367234,0.45924505675407584,1
4,2019-05-30,3437,11096.389397910028,105.33940097565596,7.9978286368275739,0.21684360895579477,0,6128.0763477183045,78.28203080987555,5.943514601007938,0.15903029961044049,0
4,2019-06-03,3438,8672.5266059425849,93.126401229418207,7.0323882370714141,0.088295644134850151,0,3402.8733445128109,58.334152471025163,4.4050709813875901,0.19507914657126621,0
4,2019-06-04,3439,11935.25597737615,109.248597141456,8.1803517140738293,0.63676499553283616,1,4805.5702811083374,69.322220687946356,5.1907316127252985,0.35270045099184771,1
4,2019-06-06,3440,3864.2397059533168,62.163009144935359,4.6788355520800362,0.31874016823502865,1,2152.5850967745882,46.395959918667359,3.4920939273421165,0.64402429737040212,1
4,2019-06-10,3441,2664.4659482379489,51.618465186771573,3.8977924327396796,0.43892633720615665,1,714.23360536197879,26.725149304764955,2.0180585444963346,0.020055753964175253,0
4,2019-06-11,3442,3553.2101352870582,59.608809208765933,4.4739602363317399,0.17002027584026416,0,1209.3110091686913,34.775149304764909,2.6100611179318429,0.49235848263753207,1
4,2019-06-12,3443,5693.4587848760902,75.455011661758363,5.6482529876306877,0.17352425038694938,0,1468.8170692325361,38.325149304765091,2.8688636353593147,0.88465007922034,1
4,2019-06-13,3444,8422.5962108535514,91.774703545440843,6.7918374501713856,0.49390906993272876,1,1294.9236134637404,35.985047081582934,2.6630932160283391,0.48326611223101773,1
4,2019-06-14,3445,7414.8999650148362,86.109813407153752,6.4198772390333074,0.24956170566617375,0,204.11290113558312,14.286808640686104,1.0651463983214868,0.37140801746658936,1
4,2019-06-17,3446,6928.9832992203346,83.240514770274785,6.205726676130376,0.046067278058291861,0,99.825941660710967,9.9912932926979465,0.74486847524493582,0.18668661145414175,0
4,2019-06-18,3447,8489.4367919820688,92.138139724991561,6.8552613165426557,0.11389601724188254,0,234.78734185704806,15.322772003036789,1.1400447902263153,0.45055109368692736,1
4,2019-06-19,3448,14317.83641904079,119.65716200479096,8.6739515770055071,0.19272194485723393,0,3302.2013281844015,57.464783373683758,4.1656240212891449,0.1417391883855752,0
4,2019-06-20,3449,9610.7886613646697,98.034629908847364,7.0167576787637227,0.3526804478212468,1,4298.2460136561413,65.561009858422267,4.6924818278940892,0.41777852025275874,1
4,2019-06-21,3450,16482.542662933352,128.38435521095766,9.1331262154768194,0.38967878586518795,1,7742.3062873816089,87.99037610660389,6.2595415882908085,0.36739110706112488,1
4,2019-06-24,3451,10964.856538421927,104.71321090684751,7.3154401918993637,0.24601162445033251,0,4704.711944767625,68.590902784316995,4.7918752818441384,0.48921304003127181,1
4,2019-06-25,3452,2927.8928475638336,54.110006907815432,3.8541263512101875,0.43887817086486969,1,232.33759864295899,15.242624401426383,1.0856956730244227,0.66663680768812883,1
4,2019-06-26,3453,4435.2435535416553,66.597624233463875,4.7484937064858377,0.082799343889282173,0,190.23648787882124,13.792624401426337,0.98343132986997062,0.089930154188958694,0
4,2019-06-27,3454,5027.9609797374369,70.908116458818995,5.0325135882767205,0.14608867340936077,0,0.27252871851986465,0.52204283207402113,0.037050591346630316,0.087375602124908053,0
4,2019-06-28,3455,2525.6160034127624,50.255507194861366,3.6152440252400093,0.37767800430808124,1,72.643026602107554,8.5230878560594192,0.61312767830079995,0.78277305142997744,1
4,2019-07-01,3456,9319.4665493619832,96.537384206130127,6.9398931890392239,0.19902779270316004,0,5578.6522829459518,74.690376106603935,5.369352367391822,0.15460261746632006,0
4,2019-07-02,3457,18101.515207433378,134.54187157696811,9.5183495986535629,0.26532219214158193,1,9436.2526701324769,97.140376106603981,6.8723294026603456,0.42148990107518031,1
4,2019-07-03,3458,11355.483924463226,106.56211298798098,7.6737920273633371,0.29742669615321665,1,5225.8984776342731,72.290376106604072,5.205802477701658,0.39797017260126333,1
4,2019-07-05,3459,14344.233372268378,119.7674136494079,8.5542042460829872,0.35318267044442375,1,7012.450590475476,83.74037610660389,5.9810282198845721,0.13613503183678052,0
4,2019-07-08,3460,13363.379989497458,115.60008645973176,8.3072894584982038,0.29484044656137276,1,5653.592659052556,75.190376106603935,5.4033542529268761,0.70864494403495304,1
4,2019-07-09,3461,16120.521257432178,126.96661473565473,9.0155943148231721,0.64246027369835901,1,8453.0327586237872,91.940376106603935,6.5284652493505595,0.16716122661313518,0
4,2019-07-10,3462,17245.54308146835,131.32228707065815,9.2889327724603472,0.23116631893579434,0,9484.8853581857802,97.390376106603981,6.8887976025891406,0.0030729047564846609,0
4,2019-07-11,3463,6067.8697228986348,77.896532162212679,5.533996317292746,0.13081165816105819,0,668.62683956321291,25.857819698559524,1.8370147555100544,0.47901946265234108,1
4,2019-07-12,3464,7575.8159458868922,87.039163288067584,6.1736470750837036,0.58395279964929481,1,780.08197809765943,27.929947692354517,1.981058104929923,0.12248800339590087,0
4,2019-07-16,3465,8022.0319281326165,89.565796642092209,6.3506077670147283,0.28284747879140809,1,1984.9087264723148,44.552314490633535,3.1589544787204265,0.048041187265907746,0
4,2019-07-17,3466,7813.6084573420403,88.394617807545501,6.2361718443363436,0.4779084988810367,1,62.852504856469629,7.9279571679260243,0.55931123975632469,0.39786412287947531,1
4,2019-07-18,3467,12223.091171735085,110.55808958070452,7.6792449524695785,0.19948348258613324,0,2600.2477433449453,50.992624401426383,3.5418923665643107,0.25372384647859819,1
4,2019-07-19,3468,9025.0429740783584,95.000226179090532,6.6538417915664878,0.15055043630772727,0,1918.1091039631119,43.796222485085536,3.0674993861029969,0.26967799463515907,1
4,2019-07-22,3469,7457.2163940953733,86.355175838483319,6.057674289816795,0.34224338659999909,1,729.25164204547696,27.004659635801318,1.8943326881415115,0.72058657527905245,1
4,2019-07-23,3470,9994.4612413607119,99.972302371010301,7.0060129907151829,0.23997646761944244,0,3585.2927906102655,59.877314490633808,4.1961746725977651,0.064745682982551012,0
4,2019-07-24,3471,7942.7847799097635,89.122302371010164,6.2935034510988048,0.0095948097701102821,0,2530.3228431146003,50.302314490633535,3.5521724800955821,0.01981619150236278,0
4,2019-07-25,3472,7668.7305800852437,87.571288560151061,6.1652554604443157,0.075301423524629346,0,484.15750256429192,22.003579312563943,1.5491114694849297,0.020452382233364701,0
4,2019-07-26,3473,8012.7091036724632,89.513736955131435,6.3080044364279928,0.43497023370184068,1,920.67485556603026,30.342624401426292,2.1382350446725833,0.32062629106057894,1
4,2019-07-29,3474,9362.1278993076485,96.758089580704564,6.7857556336843077,0.43753925995475257,1,1383.2913098655806,37.192624401426428,2.6083613438127795,0.69623358255230183,1
4,2019-07-30,3475,8668.5607824357776,93.105106102918853,6.5220206719847891,0.10101772362612667,0,1508.7494703902771,38.842624401426292,2.7209291724581481,0.78217987988077398,1
4,2019-07-31,3476,4570.459800152249,67.605175838483319,4.8055996473189735,0.40116530672588996,1,68.139405702927547,8.2546596358013176,0.58676852685536807,0.66281632931910783,1
4,2019-08-01,3477,11920.198167965274,109.17966004693949,7.5727178808350617,0.21933424167647797,0,2102.3173771734801,45.851034635801625,3.1802347588556703,0.042443273177198405,0
4,2019-08-02,3478,15889.907355670961,126.05517583848336,8.6029807772382441,0.093877335468651429,0,4885.3772435099472,69.89547369830143,4.7702080667668607,0.58333696215245101,1
4,2019-08-05,3479,13393.077632788682,115.72846509303008,7.8982061145217592,0.14463560291712219,0,4970.4049176676599,70.501098698301575,4.8115406038765789,0.011068121266721829,0
4,2019-08-06,3480,21572.738297098629,146.8766090876918,9.7524391014701912,0.13951489484770274,0,12387.934571449059,111.30109869830153,7.3902658409947568,0.016765755884061033,0
4,2019-08-07,3481,22201.374278521478,149.00125596289945,9.9616417157211732,0.3159736961300651,1,10201.221938264056,101.00109869830158,6.7525387730771573,0.43718794568019187,1
4,2019-08-08,3482,17974.493832233722,134.06898907739151,8.9516584814977307,0.010947863001430086,0,10598.928723187442,102.95109869830162,6.873946631388236,0.19020864209262051,0
4,2019-08-09,3483,19536.114183009842,139.77165014054117,9.3280599399720465,0.042654188926597211,0,10743.550261365073,103.65109869830167,6.9174518618727756,0.26500400482360931,1
4,2019-08-13,3484,23256.82257829791,152.50187729433992,10.077771504664788,0.16124663164258327,0,14042.510392704611,118.50109869830158,7.8309002939568204,0.20743701975538192,0
4,2019-08-14,3485,19025.191989741277,137.93183820184981,9.1029096321959955,0.29353274680771263,1,14520.514787497817,120.50109869830158,7.9525555979740359,0.24589122319714329,0
4,2019-08-16,3486,14365.832343241511,119.85755021374962,8.0086563018675427,0.52473976403944644,1,10373.646306051151,101.85109869830148,6.8054990443873784,0.38797150607556824,1
4,2019-08-19,3487,17681.049304809887,132.97010680904896,8.8378655949652032,0.21089627384066068,0,12056.281275354155,109.80109869830153,7.2979361734938379,0.12387719603902007,0
4,2019-08-20,3488,19974.318405828268,141.3305289236132,9.4016649874347706,0.62819302080838391,1,11772.48841873858,108.50109869830158,7.2177680823749588,0.20639423482456626,0
4,2019-08-21,3489,19636.565136411584,140.13052892361316,9.3292852384150429,0.55777382736177539,1,11513.525781862647,107.30109869830153,7.1436436002996926,0.2581663960189477,1
4,2019-08-22,3490,20778.951239933063,144.14905910179596,9.5856536176217553,0.0091254445071551078,0,11892.142127306701,109.05109869830153,7.2517022674758307,0.0040558982077048061,0
4,2019-08-23,3491,30074.602157560796,173.42030491716014,11.31284809792623,0.44075420401253934,1,19099.543681417705,138.20109869830162,9.0153689747416159,0.62548174447369509,1
4,2019-08-27,3492,25730.582165576663,160.4075502137498,10.43538693125263,0.43593072628758395,1,20278.072910483454,142.40109869830167,9.2639689489185599,0.64074225865711743,1
4,2019-08-28,3493,25250.183482855729,158.90306316385386,10.317040849490576,0.32093536966987596,1,21156.02211254308,145.45109869830162,9.4436500907870169,0.52019336691629403,1
4,2019-08-29,3494,22114.835760628706,148.71057716460086,9.729820542044024,0.65001349823948895,1,17862.616183263173,133.65109869830167,8.7445105141521626,0.25382696298675578,1
4,2019-08-30,3495,23843.072975193933,154.41202341525718,10.040772729151556,0.016264169824437381,0,20477.924448661022,143.10109869830148,9.305270260318073,0.11155705263366936,0
4,2019-09-03,3496,28373.903801302011,168.44555144408537,10.89486782511386,0.25926830860035288,1,22907.155077182997,151.35109869830148,9.7892179482764039,0.2786887994236068,1
4,2019-09-04,3497,22486.946023586359,149.9564804321119,9.806845885299321,0.23327308414313316,0,18050.217721440746,134.35109869830148,8.7862859654896006,0.45250112789651431,1
4,2019-09-05,3498,20778.765133160836,144.14841356449551,9.4604196078293299,0.58886406481350229,1,16628.385855499128,128.95109869830162,8.4630241319355264,0.59855186870752985,1
4,2019-09-06,3499,15825.045567501056,125.7976373685176,8.3353854604106541,0.50071596730442569,1,13099.053993248379,114.45109869830162,7.5835607406772869,0.47765761797233464,1
4,2019-09-09,3500,12974.929995697932,113.9075502137498,7.6414685012410555,0.50386373977720955,1,9197.0207315413973,95.901098698301666,6.4335087846443946,0.5052236750122524,1
4,2019-09-11,3501,24228.988821491301,155.65663757608058,10.27300934372232,0.090165867787214374,0,14508.467177627999,120.45109869830162,7.949518129507763,0.080088906841947249,0
4,2019-09-12,3502,16282.641788592458,127.6034552376716,8.4950040102304509,0.12966766134677324,0,11524.258391732466,107.35109869830148,7.1467344849411818,0.19023124636991329,0
4,2019-09-17,3503,20204.511228048956,142.14257359443354,9.454111978346095,0.19897211807259987,0,11826.801468087731,108.75109869830158,7.2331957897107797,0.51262249941659377,1
4,2019-09-18,3504,19208.721758940377,138.595532968925,9.2353923481658544,0.3173257093344391,1,11225.635315377251,105.95109869830162,7.0601118610182994,0.62440713314572516,1
4,2019-09-19,3505,19542.79103806581,139.79553296892504,9.3079121758389398,0.10468246253029419,0,11481.357952253185,107.15109869830167,7.1343697115854354,0.079419278977968605,0
4,2019-09-20,3506,25136.686024400497,158.54553296892504,10.426168610063133,0.33563443826220268,1,15851.086653439497,125.90109869830167,8.279426475408652,0.057908895255203478,0
4,2019-09-24,3507,22931.601621191221,151.43183820184981,9.9055985741193666,0.33439906077146586,1,17956.294452351962,134.00109869830158,8.7654030219657617,0.11614612404945247,0
4,2019-09-25,3508,15997.948983713633,126.48299879317233,8.3963753845706535,0.47657844532475729,1,12465.9678405379,111.65109869830167,7.4117829725372859,0.34040823859103286,1
4,2019-09-26,3509,14550.460899767268,120.62529129402037,8.096200502988145,0.37483735725366835,1,9053.7315834939454,95.151098698301666,6.3864083964226896,0.19748843982581366,0
4,2019-09-27,3510,15643.682090433569,125.07470603776596,8.4208379477389066,0.25831814044559875,1,8199.5014754695458,90.55109869830153,6.0964854708342777,0.39236074566752338,1
4,2019-09-30,3511,25381.387325477859,159.31537065041107,10.569936682727555,0.41343896036826822,1,12656.497208324992,112.50109869830158,7.4639972597977486,0.60569623338814826,1
4,2019-10-09,3512,16954.985128428092,130.21130952581689,8.7109519350961264,0.076258874300824217,0,10010.222350737275,100.05109869830153,6.693276605452338,0.11184100418472848,0
4,2019-10-10,3513,15499.35200892083,124.49639355788918,8.4167524292931191,0.10830573161618907,0,7123.5454614804594,84.401098698301666,5.7060540647197149,0.029873335479138795,0
4,2019-10-11,3514,19359.019851559562,139.13669484201341,9.3518412986969626,0.16410126920969034,0,8658.5069689610518,93.05109869830153,6.2542746806224985,0.61628425538639919,1
4,2019-10-15,3515,18023.451719659733,134.25144959984505,9.0398929095579472,0.031732500377197721,0,8163.3210359902159,90.351098698301485,6.0838393844388587,0.0032488344496482973,0
4,2019-10-16,3516,20468.943589782884,143.06971583735981,9.5849472975821381,0.36460473171017871,1,9584.6251263346039,97.901098698301666,6.5588784174656922,0.66731122615228677,1
4,2019-10-17,3517,18422.797311168477,135.73060565387777,9.1094366210656226,0.098715813992109172,0,9072.7718032335888,95.251098698301575,6.3926911878054744,0.0026506807464751364,0
4,2019-10-18,3518,21112.093020524746,145.30001039409717,9.7226411317941164,0.1464490806131559,0,9940.3090816484819,99.701098698301621,6.6714241826960841,0.29537260423418493,1
4,2019-10-23,3519,20134.586504735336,141.89639355788904,9.481567175028502,0.2346676860335746,0,10363.46369618133,101.80109869830153,6.8023853996392729,0.1217520844923852,0
4,2019-10-24,3520,22222.445815240837,149.07194845188292,9.8498099343805823,0.23123456763926328,0,14089.950832183942,118.70109869830162,7.843080293257235,0.44186198621266193,1
4,2019-10-25,3521,16946.970110831669,130.18052892361311,8.7246517608480065,0.80077073269875043,1,9477.2364177664367,97.351098698301485,6.5244352723209902,0.61882802079326582,1
4,2019-10-30,3522,21203.515307371319,145.61426890030839,9.6372658857214599,0.055366676038685912,0,13502.695338692434,116.20109869830162,7.6905985438500029,0.034182695241871459,0
4,2019-10-31,3523,22009.973370893669,148.35758615889404,9.8328198673710254,0.87286120905183473,1,13007.653114289717,114.05109869830153,7.559060094001957,0.70874381699557132,1
4,2019-11-01,3524,16136.755278612942,127.03052892361325,8.5315510207604852,0.14585667362456226,0,8873.8469959671638,94.201098698301621,6.3266797876558396,0.074524277055075125,0
4,2019-11-05,3525,14752.849711726296,121.46130952581689,8.1734335672296954,0.069064910311788574,0,8335.8906235169979,91.30109869830153,6.1438779784194031,0.32140320700082553,1
4,2019-11-06,3526,16193.235500558234,127.252644375503,8.573531707967188,0.38459348387044306,1,8010.4466682031198,89.501098698301575,6.0300554959273427,0.66999619196489923,1
4,2019-11-07,3527,11711.902727839584,108.22154465650351,7.3914246939523611,0.71089907489084314,1,4816.5125005314094,69.401098698301666,4.7400265477103884,0.56046776752627414,1
4,2019-11-08,3528,11388.317923489651,106.71606216258942,7.3158334244594103,0.60021234194101591,1,4089.7430247199154,63.951098698301621,4.3841159044561335,0.52117338353465303,1
4,2019-11-11,3529,12790.543657192686,113.09528574256615,7.7308965576981432,0.14304973838298143,0,4644.5722537856554,68.151098698301666,4.6586300292775755,0.014519568896000059,0
4,2019-11-13,3530,13698.822189385239,117.04196764146286,7.9802248417456685,0.06519264069078505,0,5169.7679940229173,71.901098698301666,4.9024033476495186,0.17151003496409334,0
4,2019-11-14,3531,14013.471667409269,118.37851015876686,8.069978196111995,0.27473710315194527,1,5205.7810433720688,72.151098698301666,4.9186105868362988,0.70481859502187505,1
4,2019-11-15,3532,14191.601932647418,119.12851015876686,8.1169563696226525,0.007988451995382357,0,5314.5701914195206,72.901098698301666,4.9671991754370364,0.031211264129546071,0
4,2019-11-18,3533,14382.847548901434,119.92851015876681,8.1670135284665335,0.034725014512891082,0,5431.8519493367967,73.701098698301621,5.0189722972046455,0.077638254675932911,0
4,2019-11-19,3534,15172.945364933419,123.17851015876681,8.369811113594265,0.12309149066529057,0,5921.4715908757571,76.951098698301621,5.2287217978053686,0.10522268182797036,0
4,2019-11-20,3535,14049.007720456866,118.52851015876672,8.0793776734785272,0.30319408878219195,1,5227.4488729815394,72.30109869830153,4.9283322789476527,0.019784714167591821,0
4,2019-11-21,3536,13188.677531762793,114.84196764146282,7.8419862502279223,0.82624137706798773,1,4858.2431597503837,69.701098698301621,4.7595410357678052,0.65407293057223748,1
4,2019-11-22,3537,9463.9854588716516,97.283017319939518,6.6705305348285462,0.36000543288313536,1,4051.46236550094,63.651098698301666,4.3644472502949574,0.28473027053909372,1
4,2019-11-25,3538,11150.274803872087,105.59486163574479,7.2591249878489528,0.29081024793885746,1,3588.1416252636777,59.901098698301666,4.1179045611179088,0.37275700441375931,1
4,2019-11-26,3539,9764.1894544840015,98.813913263689756,6.7943695302843023,0.11611471725775085,0,3552.2909660446749,59.601098698301485,4.0981262212192036,0.030975110197998285,0
4,2019-11-27,3540,10506.38182013912,102.50064302305191,7.0198707682807866,0.55549529672857911,1,4277.3037109449961,65.401098698301666,4.4790671299730622,0.56813888690250602,1
4,2019-11-29,3541,11154.298674870221,105.61391326368994,7.2281362805796752,0.53483093564282835,1,4409.1059083415994,66.401098698301666,4.544440933395042,0.6334775282481534,1
4,2019-12-02,3542,16446.744535971291,128.24486163574466,8.6810303686282175,0.26897980847155578,1,6814.6838962967204,82.55109869830153,5.5879712108780568,0.64858418256383166,1
4,2019-12-03,3543,16347.188653487947,127.85612481804674,8.6676242165308608,0.038696340592653186,0,6456.2990620241862,80.351098698301485,5.44716281596512,0.021181563095397614,0
4,2019-12-04,3544,15206.175319656395,123.31332174447493,8.3548441169738084,0.30754783844664196,1,6593.6184298113212,81.201098698301621,5.5016158202040462,0.66044016673597106,1
4,2019-12-05,3545,12973.350300708929,113.90061589257948,7.8032826973986555,0.50322734294167459,1,4212.1526122466939,64.901098698301666,4.4463466377762932,0.37370178048241792,1
4,2019-12-06,3546,12564.609209734746,112.09196764146282,7.6686028351551485,0.31896296589627582,1,4482.4496169097247,66.951098698301621,4.580358397639845,0.11277278229154654,0
4,2019-12-09,3547,13303.769499404256,115.34196764146282,7.8734405707677952,0.07891371427590825,0,4928.1942584486851,70.201098698301621,4.7920474212977657,0.10001623869605811,0
4,2019-12-10,3548,13989.805965377482,118.27851015876672,8.0637108098422914,0.42494216595303358,1,5191.360823632388,72.05109869830153,4.9121283541247296,0.041297606267084973,0
4,2019-12-11,3549,14227.362985695016,119.27851015876672,8.1263462432733835,0.10983366522877148,0,5336.4630210289915,73.05109869830153,4.9769109346165372,0.15250728100058553,0
4,2019-12-12,3550,13682.533034842843,116.97236013196812,7.9757507249398687,0.19612489747697245,0,5162.5803841530615,71.851098698301485,4.8991612367585899,0.24229203035488392,0
4,2019-12-13,3551,16738.798890902141,129.37851015876686,8.7542127450278677,0.42886381285447839,1,6914.1052147347054,83.151098698301666,5.6263007441844284,0.21142188564211095,0
4,2019-12-16,3552,16040.225132824899,126.65001039409708,8.5817868541873619,0.59381173242497598,1,6569.280600201816,81.05109869830153,5.4920110244139817,0.4224648213398679,1
4,2019-12-17,3553,15600.012596445558,124.90001039409708,8.473254665316448,0.039433223376549288,0,6288.6642547577603,79.30109869830153,5.3798106372444305,0.34813490177643247,1
4,2019-12-18,3554,16580.520678737757,128.76537065041111,8.7198056917729474,0.13309386005687857,0,6715.9825778587738,81.951098698301621,5.5496105301213259,0.084227554639943455,0
4,2019-12-19,3555,15146.605104137716,123.07154465650342,8.32126738718752,0.037248722524524942,0,7098.2476318709532,84.251098698301575,5.6964907841988897,0.059465259443677004,0
4,2019-12-20,3556,16759.809981982766,129.45968477476981,8.7348819090999132,0.143968712386084,0,7630.214443800407,87.351098698301485,5.8937385263006199,0.2062916371362965,0
4,2019-12-23,3557,15941.918283174127,126.26130952581684,8.4690820354708283,0.019025536560334046,0,9235.4211710206837,96.101098698301485,6.4460608846162586,0.056731501075164267,0
4,2019-12-24,3558,22374.334633067887,149.5805289236132,9.896164665803056,0.022146804404943397,0,13630.819047260557,116.75109869830158,7.724187806702056,0.0085362903664320516,0
4,2019-12-27,3559,18180.706392243592,134.83584980354294,8.9015249911564904,0.44783230451189632,1,14400.263688799516,120.00109869830158,7.9221718896386584,0.10120155864614608,0
4,2019-12-30,3560,36978.143650616817,192.29701934927857,12.224081072358945,0.084397750000233307,0,31809.114406891276,178.35109869830148,11.337556334517926,0.25607252489978954,1
4,2020-01-06,3561,40759.863977354864,201.89072286104397,12.876915703737218,0.66560673299469331,1,29963.990370559113,173.10109869830148,11.040667072634596,0.31631525750540584,1
4,2020-01-07,3562,33128.047967137602,182.01112044910224,11.578683828945083,0.28470677011350076,1,31400.229379885233,177.20109869830162,11.272693069009932,0.28008100063159974,1
4,2020-01-08,3563,26893.65724254305,163.99285729123403,10.575067373286091,0.19981748078678635,0,24336.342795077231,156.00109869830158,10.059719406629151,0.25302315636332512,1
4,2020-01-09,3564,29102.223958390652,170.59373950526629,11.040951362712207,0.58613068778748367,1,22605.452879786393,150.35109869830148,9.7308328715488646,0.65844054946632768,1
4,2020-01-14,3565,30200.166380886312,173.7819506763758,11.218976802864804,0.0055612286443820803,0,23793.401449633173,154.25109869830158,9.9581083730343174,0.10320358888558966,0
4,2020-01-15,3566,32159.948533394065,179.33195067637575,11.535939704504568,0.085752176901606858,0,25536.391145184309,159.80109869830153,10.279572783011259,0.11431671008658226,0
4,2020-01-16,3567,33888.351154371805,184.08788975479024,11.818688350975235,0.047242644680001347,0,26520.480347243931,162.85109869830148,10.455258005797477,0.1689623991448968,0
4,2020-01-17,3568,31709.042308103926,178.0703296680947,11.478781000973036,0.65649428452843939,1,24508.246503645347,156.55109869830153,10.091606955347226,0.51272192507614145,1
4,2020-01-21,3569,28639.770938531597,169.23288964776202,10.869862524745457,0.054120143838622507,0,26292.978809066368,162.15109869830167,10.414997668334617,0.10112451626816096,0
4,2020-01-22,3570,38623.228278294242,196.52793256505356,12.574568594603209,0.086623537081539859,0,28274.79199344599,168.15109869830167,10.758916034186553,0.16189004637938742,0
4,2020-01-23,3571,43540.176320643346,208.66282927403086,13.250536864520138,0.34889529177290435,1,32400.395532595707,180.00109869830158,11.430455545216802,0.70483799891064858,1
4,2020-02-03,3572,28313.671641429311,168.26666824249332,10.797745579779468,0.30156378439982662,1,26765.319495291384,163.60109869830148,10.498353944768601,0.43006077277266502,1
4,2020-02-04,3573,34566.127594101185,185.91968049160687,11.969334995918809,0.49678403611736882,1,25138.450898438554,158.55109869830153,10.207371319017675,0.085992741772979261,0
4,2020-02-05,3574,40087.997817162221,200.21987368181567,12.807514468228471,0.048246429172142863,0,28409.472872404585,168.55109869830153,10.78175006066024,0.10687051906407939,0
4,2020-02-06,3575,42135.641729126422,205.26968049160701,13.052470701784058,0.1280879567162363,0,31648.800918062872,177.90109869830167,11.312186354134845,0.34127035607217565,1
4,2020-02-07,3576,33531.71418823141,183.11666824249346,11.639757706743801,0.30026491885305007,1,31844.794626630988,178.45109869830162,11.343192136937555,0.26310222311518627,1
4,2020-02-10,3577,30192.926979727414,173.76112044910224,11.112177556379244,0.34111641129297471,1,28544.473751363257,168.95109869830162,10.804572405084199,0.44106173474179033,1
4,2020-02-12,3578,43665.464018207749,208.96282927403081,13.267060047238552,0.21083016606342189,0,32508.486191814671,180.30109869830153,11.447325399085841,0.10812956909954151,0
4,2020-02-13,3579,36657.360643625652,191.46112044910228,12.107064654679542,0.20965088251204117,0,34838.632645283149,186.65109869830167,11.802902409150224,0.26568789479814547,1
4,2020-02-14,3580,39964.456079215408,199.9111204491021,12.574212689819927,0.47226514458965169,1,38064.438713284377,195.10109869830148,12.27166705653373,0.17422275639077056,0
4,2020-02-18,3581,52757.903539874227,229.69088693257777,14.187207346051748,0.3979650000740626,1,50288.555267395393,224.25109869830158,13.851210543440493,0.17786521839393041,0
4,2020-02-20,3582,73466.313218833049,271.04669933211335,16.424086489251248,0.21672132143321715,0,65306.364045909053,255.55109869830153,15.48512989749146,0.057213648654847953,0
4,2020-02-25,3583,65355.23487940403,255.64669933211349,15.636840132859103,0.080199422682255952,0,57672.550206001426,240.15109869830167,14.689039005339877,0.50016105597370619,1
4,2020-02-26,3584,74390.761996562258,272.74669933211339,16.510090758602505,0.23080155575857494,0,66178.127781483301,257.25109869830158,15.572100405466196,0.16261074417386212,0
4,2020-02-27,3585,53174.837742865064,230.5966993321133,14.324110900525721,0.41381467394428118,1,46268.48266121644,215.10109869830148,13.361561555318913,0.91362779136393635,1
4,2020-02-28,3586,48574.705076490034,220.39669933211349,13.777807603670395,0.26810953593246933,1,41984.46024777116,204.90109869830167,12.809120663789056,0.55121686238518064,1
4,2020-03-02,3587,50194.051364559673,224.04028960113328,13.868170201246258,0.28730795648856439,1,48731.047576507284,220.75109869830158,13.664568164549774,0.10183603766959765,0
4,2020-03-03,3588,62695.29712653935,250.39028960113319,15.250497280575765,0.12653480285843918,0,61058.952977907735,247.10109869830148,15.050162846685232,0.30350657631072842,1
4,2020-03-04,3589,78594.271826410331,280.3466993321133,16.89242584551177,0.14746880791578057,0,70146.104481697432,264.85109869830148,15.958730941088303,0.16470195618248329,0
4,2020-03-05,3590,92657.350564285094,304.39669933211349,18.079571130110978,0.37745789609708064,1,83463.844829085836,288.90109869830167,17.1592135359666,0.34739049709102593,1
4,2020-03-06,3591,85993.626669178921,293.24669933211339,17.533434937645044,0.51316802593689914,1,77145.67282811366,277.75109869830158,16.606941626206371,0.60164838383745645,1
4,2020-03-09,3592,75348.437944224657,274.49669933211339,16.598439868910862,0.24775645897441156,0,67081.569126927352,259.00109869830158,15.661442098158826,0.37197604573387427,1
4,2020-03-11,3593,37755.615801494379,194.3080435841357,12.370792868411263,0.30527208138596967,1,30958.789133139479,175.95109869830162,11.202081791449775,0.13088887876779692,0
4,2020-03-12,3594,33689.390835713217,183.54669933211335,11.744733768371727,0.69236441314603159,1,28241.171773706283,168.05109869830153,10.753205701196668,0.221283494682156,0
4,2020-03-13,3595,13476.53381627164,116.08847408882434,7.8032179934680608,0.75518169494629539,1,8639.906749221409,92.951098698301621,6.2479732942328168,0.27570750250970733,1
4,2020-03-16,3596,23805.650788340452,154.2907994286777,10.043666152107649,0.0221333802031938,0,20008.413322956665,141.45109869830162,9.2078569651283448,0.32238281719635542,1
4,2020-03-17,3597,15124.560192166542,122.98195067637585,8.208647088264307,0.68249517749305588,1,10702.129821885743,103.45109869830162,6.9050259443533326,0.70045839945134114,1
4,2020-03-18,3598,8335.1218072864012,91.296888267270106,6.1927684088363648,0.77174673373922531,1,6320.4246942370883,79.501098698301575,5.392647020403702,0.47447482111953887,1
4,2020-03-19,3599,20870.872412780776,144.46754795725155,9.4707976896061066,0.30845065221056611,1,17069.709591073362,130.65109869830167,8.5650385930445569,0.33078276694487158,1
4,2020-03-23,3600,49869.213644009062,223.31415907642099,13.907156100041787,0.18705683718273411,0,44521.463651890401,211.00109869830158,13.140345551817006,0.57167622389290229,1
4,2020-03-24,3601,61525.259053199472,248.04285729123399,15.172672944166504,0.030243192121645158,0,57624.529986261703,240.05109869830153,14.683820571219815,0.30760303453833321,1
4,2020-03-26,3602,56666.231062913575,238.04669933211335,14.718771986156764,0.83363208859307092,1,49528.99153182115,222.55109869830153,13.760656569486276,0.028814699029335873,0
4,2020-03-27,3603,57143.324461577802,239.04669933211335,14.771470019904429,0.00030435603126247919,0,49975.093729217755,223.55109869830153,13.81394665379111,0.0087741390349776113,0
4,2020-03-30,3604,52760.57368406732,229.69669933211344,14.27618629119074,0.87682884752753398,1,45882.110683559549,214.20109869830162,13.313098523776477,0.0037647065318410361,0
4,2020-03-31,3605,56030.697897429025,236.70804358413557,14.674108460984167,0.00027097132132866079,0,47677.202302755395,218.35109869830148,13.536116713055698,0.86490263066677808,1
4,2020-04-03,3606,72898.217650235645,269.99669933211339,16.370877631172558,0.022535982705327865,0,64770.809238642643,254.50109869830158,15.431323249859123,0.5003124056100744,1
4,2020-04-07,3607,72117.329722172493,268.54669933211335,16.297287251615085,0.90487659508408835,1,64034.858552417543,253.05109869830153,15.356906098938072,0.53608401538069361,1
4,2020-04-08,3608,90839.970368292416,301.39669933211349,17.93334122703201,0.034191919268273176,0,81739.438236896036,285.90109869830167,17.011340772814187,0.18763007505206378,0
4,2020-04-09,3609,117140.56839804017,342.25804358413575,19.914353916395761,0.0012317415451022419,0,104911.92173796696,323.90109869830167,18.846251342524752,0.17989954493863705,0
4,2020-04-15,3610,124685.29044381584,353.10804358413566,20.416770372022878,0.0071100024059164487,0,112058.29807972004,334.75109869830158,19.355368528378236,0.21214264278463602,0
4,2020-04-16,3611,99955.908522948186,316.15804358413561,18.67939166252906,0.96716647478317164,1,88685.494385915532,297.80109869830153,17.594818392266198,0.31129149669014089,1
4,2020-04-17,3612,95981.02386942973,309.8080435841357,18.373149305191301,0.97742224092956498,1,84943.74293244716,291.45109869830162,17.284491679415346,0.48266727010674554,1
4,2020-04-20,3613,93426.839607681351,305.65804358413561,18.171757295213318,0.95361362162460495,1,82541.921313251194,287.30109869830153,17.080413703415566,0.27164360622162054,1
4,2020-04-21,3614,111661.59809197708,334.15804358413561,19.535122830910272,0.0011812546411729739,0,99730.333939054384,315.80109869830153,18.461962450574468,0.15092629819358638,0
4,2020-04-22,3615,129497.81153220168,359.85804358413566,20.726165217228836,0.1402588217483815,0,116623.00041214711,341.50109869830158,19.668889773840263,0.17222849852671834,0
4,2020-04-23,3616,115265.71165832742,339.50804358413575,19.786004055255884,0.38682667472005827,1,103138.0281951263,321.15109869830167,18.716189678786737,0.37000770885296974,1
4,2020-04-24,3617,114621.54887551753,338.5580435841357,19.741569350951089,0.51387120411021114,1,102528.74360759949,320.20109869830162,18.671162348657489,0.84491018296297582,1
4,2020-04-27,3618,99324.592435779923,315.15804358413561,18.631317051469694,0.42416002825301341,1,88090.892188518919,296.80109869830153,17.546102609931811,0.37192950220622756,1
4,2020-04-28,3619,106509.57261206458,326.35804358413566,19.166527299024263,0.10387999661370814,0,94864.67679936091,308.00109869830158,18.088450958643463,0.32825218170556292,1
4,2020-04-30,3620,106509.57261206458,326.35804358413566,19.166527299024263,0.71852302431020765,1,94864.67679936091,308.00109869830158,18.088450958643463,0.33267497339319985,1
4,2020-05-11,3621,106281.24448155575,326.00804358413575,19.149908575195944,0.51994587078868681,1,94649.198530272159,307.65109869830167,18.071610590830687,0.34059982273255762,1
4,2020-05-12,3622,110229.34100456539,332.00804358413575,19.433858790923423,0.010029789089188845,0,98377.011714651773,313.65109869830167,18.359347851691737,0.23106602597769646,0
4,2020-05-13,3623,126172.75422686915,355.20804358413557,20.513285030268861,0.16095692933005956,0,113468.66269425285,336.85109869830148,19.453170402997312,0.21657523058837813,0
4,2020-05-14,3624,128850.87705375017,358.95804358413557,20.685051637083905,0.065121577163197858,0,116009.1084344901,340.60109869830148,19.627227861716744,0.29291024008447958,1
4,2020-05-15,3625,128384.6540970909,358.3080435841357,20.655331964266772,0.62490810104332406,1,115566.74950618242,339.95109869830162,19.597111817507443,0.45917482952850042,1
4,2020-05-18,3626,130724.21888038778,361.5580435841357,20.803708022908353,0.0032301516388516609,0,117786.99414772137,343.20109869830162,19.747466768221273,0.085788008614602812,0
4,2020-05-19,3627,138315.59288257931,371.90804358413561,21.272552970550571,0.036372565297372893,0,124998.37939077614,353.55109869830153,20.222564702757051,0.050348120511035356,0
4,2020-05-20,3628,121457.85644284186,348.50804358413575,20.204536122913545,0.24515900175332259,0,108999.74797169573,330.15109869830167,19.140303710261559,0.87411894225894315,1
4,2020-05-21,3629,127561.86809684732,357.15804358413561,20.602696408187569,0.12597989538108251,0,114786.18447917626,338.80109869830153,19.54377426081172,0.060296169641170273,0
4,2020-05-22,3630,118238.35413750933,343.85804358413566,19.988841365158301,0.60682857975126359,1,105950.96525380146,325.50109869830158,18.92173223068168,0.26843889471292776,1
4,2020-05-26,3631,101256.35900164313,318.20804358413557,18.777767236169925,0.75263553274575601,1,89910.681390578538,299.85109869830148,17.694506001316032,0.30207036466062093,1
4,2020-05-27,3632,116252.38748472129,340.95804358413557,19.853730665509978,0.0007932983169677743,0,104071.46888135126,322.60109869830148,18.784819559105685,0.054169116394163497,0
4,2020-05-28,3633,124120.95757408126,352.3080435841357,20.379941203455527,0.0082680626663581558,0,111523.3363218028,333.95109869830162,19.318048169046197,0.49996496660381579,1
4,2020-05-29,3634,125463.33813970088,354.20804358413557,20.467354881782942,0.17935408079654716,0,112795.96049685625,335.85109869830148,19.406627683942069,0.32862328692996007,1
4,2020-06-01,3635,133778.94644649455,365.75804358413575,20.994635570079254,0.54829410520574451,1,120687.52337678714,347.40109869830167,19.940940716832745,0.16226101814886001,0
4,2020-06-02,3636,104754.52917671023,323.65804358413561,19.038148500581489,0.090805366911121926,0,93208.760866390046,305.30109869830153,17.958359971665629,0.12761833730803807,0
4,2020-06-04,3637,94284.642129716987,307.0580435841357,18.239807750995617,0.59568266244405688,1,83348.324389606496,288.70109869830162,17.149371748391793,0.39217601057470147,1
4,2020-06-05,3638,98569.653131177969,313.95804358413557,18.57355243494753,0.0058541242012321712,0,87380.009551642972,295.60109869830148,17.487567586494009,0.17309604911954363,0
4,2020-06-08,3639,113641.83304912351,337.10804358413566,19.673652966684312,0.025216269075822983,0,101602.26292137439,318.75109869830158,18.602340163309108,0.018649199502199516,0
4,2020-06-09,3640,119479.48309441219,345.65804358413561,20.072474294250203,0.0012274458428264436,0,107126.00920911532,327.30109869830153,19.006480572474757,0.1523327295214395,0
4,2020-06-10,3641,130941.24370653823,361.85804358413566,20.817376302841115,0.13098098820467666,0,117993.00480694033,343.50109869830158,19.761317342056756,0.2562327041510325,1
4,2020-06-11,3642,127526.15479248893,357.10804358413566,20.60040632155383,0.19720867064363415,0,114752.30686930646,338.75109869830158,19.54145363128362,0.31867953374188196,1
4,2020-06-12,3643,111594.77648326031,334.0580435841357,19.530418520514235,0.82096378733961284,1,99667.18371931478,315.70109869830162,18.457195398772345,0.076537311326681942,0
4,2020-06-15,3644,117963.42770264197,343.45804358413557,19.970232496097658,0.037905639033662522,0,105690.72437484276,325.10109869830148,18.902875175061869,0.33645926541692867,1
4,2020-06-16,3645,121074.80009489918,347.95804358413557,20.179084500486304,0.40722867563682302,1,108636.88426312747,329.60109869830148,19.114512639446836,0.56517626657370001,1
4,2020-06-17,3646,117723.12957213314,343.10804358413566,19.953942633564157,0.33471891022156308,1,105463.276105754,324.75109869830158,18.88636805456828,0.23370517291905121,0
4,2020-06-18,3647,128420.48740144927,358.35804358413566,20.657618883650997,0.77129467793945294,1,115600.74711605221,340.00109869830158,19.599429237544406,0.14736494725918045,0
4,2020-06-19,3648,148577.90336370937,385.45804358413557,21.878028412415105,0.07237307716462614,0,134763.21666550008,367.10109869830148,20.836115372948974,0.21658499134636694,0
4,2020-06-22,3649,154062.56427824582,392.50804358413575,22.189385696429177,0.039528467916477031,0,139989.04465714627,374.15109869830167,21.151625230273144,0.26025851767858582,1
4,2020-06-23,3650,151833.39092981612,389.65804358413561,22.063817195670314,0.75730358484358973,1,137864.50589456587,371.30109869830153,21.024382021930382,0.27651704830046775,1
4,2020-06-24,3651,156189.39771359999,395.20804358413557,22.307972656589275,0.0099210576932354418,0,142016.75059011698,376.85109869830148,21.271793785182972,0.50135476156390679,1
4,2020-06-29,3652,153435.19140851105,391.70804358413557,22.154179264981369,0.86354389704569323,1,139391.04289922887,373.35109869830148,21.115949250511935,0.7282357818402031,1
4,2020-06-30,3653,155754.97136565749,394.65804358413561,22.283845378963644,0.0084543050522750927,0,141602.51688154886,376.30109869830153,21.247344721961635,0.33118080258439364,1
4,2020-07-01,3654,160847.55432353448,401.0580435841357,22.563675129209582,0.014167415065795963,0,146460.13094488721,382.70109869830162,21.530906562676961,0.12995912359804804,0
4,2020-07-02,3655,169338.86993444298,411.50804358413575,23.016278515808253,0.074864690525660721,0,154567.78640768173,393.15109869830167,21.989546322406266,0.3566398194414292,1
4,2020-07-06,3656,170699.56897827052,413.15804358413561,23.087259008361634,0.036543959700742153,0,155867.90753338602,394.80109869830153,22.061473482065409,0.11520998001262883,0
4,2020-07-07,3657,188971.0831567467,434.70804358413557,24.002431869258217,0.031331612690913946,0,173348.23738728277,416.35109869830148,22.988852006973744,0.28662741429192234,1
4,2020-07-08,3658,189841.49924391496,435.70804358413557,24.044370817512036,0.062585580807216809,0,174181.93958467938,417.35109869830148,23.031350295143838,0.19298018616462559,0
4,2020-07-09,3659,182079.75445940054,426.70804358413557,23.665245609457912,0.9490392599621662,1,166750.61980810997,408.35109869830148,22.647168692712636,0.52997525149645208,1
4,2020-07-10,3660,185854.14524294101,431.10804358413566,23.851067418209443,0.018765376795826245,0,170363.4694766551,412.75109869830158,22.835468807651541,0.18117225315609478,0
4,2020-07-13,3661,181057.09515479876,425.50804358413575,23.614409433605402,0.72421496068213265,1,165772.01717123418,407.15109869830167,22.595654514584695,0.39319501574314669,1
4,2020-07-14,3662,183362.12859015295,428.20804358413557,23.728695754412922,0.013853808608358331,0,167977.92310420488,409.85109869830148,22.711465072498143,0.075914172117639289,0
4,2020-07-15,3663,186026.62846037469,431.3080435841357,23.859492370644229,0.10443962766355144,0,170528.60991613445,412.95109869830162,22.844006123709775,0.039221389022501843,0
4,2020-07-16,3664,185724.83532986569,430.95804358413557,23.844747480240994,0.46420277587099124,1,170239.66664704552,412.60109869830148,22.829064580645781,0.61684625174467755,1
4,2020-07-17,3665,192947.62885336249,439.25804358413575,24.192880983897542,0.0029537066197223133,0,177157.73488543747,420.90109869830167,23.181841142197097,0.022536804896159821,0
4,2020-07-20,3666,217303.32159818886,466.15804358413561,25.299614316253866,0.013162987047401778,0,200525.82399540598,447.80109869830153,24.303334981319452,0.0056050665464705152,0
4,2020-07-21,3667,226583.65755679648,476.00804358413575,25.696828092427971,0.67464506572698468,1,209444.52813976267,457.65109869830167,24.705846399174135,0.67400762550226867,1
4,2020-07-22,3668,313889.07540072338,560.25804358413575,28.929235720658646,0.4018935886838747,1,293656.80077042646,541.90109869830167,27.981364660537611,0.18060651717446979,0
4,2020-07-27,3669,318669.33127118851,564.50804358413575,29.084859785879523,0.010602191038599199,0,298281.02260936203,546.15109869830167,28.139064284522732,0.087352697756009762,0
4,2020-07-28,3670,330059.4921428712,574.50804358413575,29.448359402539122,0.047606638058854248,0,309304.04458332807,556.15109869830167,28.507411896986092,0.16345095913319019,0
4,2020-07-29,3671,337860.91323125706,581.25804358413575,29.691622281007113,0.0030935209748575651,0,316857.64691575518,562.90109869830167,28.753919173412086,0.12506941005215488,0
4,2020-07-30,3672,346341.71736322704,588.50804358413575,29.95104298356841,0.0095972911439185828,0,325072.27534688055,570.15109869830167,29.016799770894274,0.29939373471845615,1
4,2020-07-31,3673,338907.98770970834,582.15804358413561,29.7239306417572,0.6930594809871844,1,317871.67889341194,563.80109869830153,28.786658430895386,0.27006044018984787,1
4,2020-08-03,3674,361811.92649641453,601.50804358413575,30.411448687200348,0.0099208828623162972,0,340065.20391303638,583.15109869830167,29.483345907189531,0.20342673325452576,0
4,2020-08-04,3675,451258.86911998561,671.75804358413575,32.798283503851557,0.0045709014501929355,0,426932.99578014773,653.40109869830167,31.902013949090723,0.15099809082013013,0
4,2020-08-05,3676,477146.6747761828,690.75804358413575,33.415961279255775,0.0067744763831091622,0,452123.23753068323,672.40109869830167,32.527929695392288,0.24682272362180743,0
4,2020-08-06,3677,428708.09563812503,654.75804358413575,32.235829140345899,0.7799565174631351,1,405006.35842440551,636.40109869830167,31.332058129547381,0.4964031469170504,1
4,2020-08-07,3678,308589.18648667407,555.50804358413575,28.754492654078145,0.51564326790331361,1,288531.30283279263,537.15109869830167,27.804291044997235,0.11903430323621159,0
4,2020-08-12,3679,322462.75766320212,567.85804358413566,29.207048660621609,0.005738977227187453,0,301951.4574706406,549.50109869830158,28.262882792763357,0.33988717539408664,1
4,2020-08-13,3680,323030.86570678622,568.35804358413566,29.225249702230911,0.010488316097199298,0,302501.20856933889,550.00109869830158,28.28132658173552,0.31927516237283027,1
4,2020-08-14,3681,355762.19775621459,596.45804358413557,30.233319491301192,0.092441937964660797,0,334200.88031618332,578.10109869830148,29.302841001510583,0.44641740758695253,1
4,2020-08-17,3682,399876.69528555562,632.35804358413566,31.480176407424302,0.13858001587506685,0,376997.3492027215,614.00109869830158,30.566327253182408,0.54862460237825739,1
4,2020-08-18,3683,365550.88636663608,604.60804358413566,30.520345461087111,0.26626354501643779,1,343690.35072496574,586.25109869830158,29.59369503777393,0.32283667997690718,1
4,2020-08-19,3684,303334.42257262475,550.75804358413575,28.578888181207262,0.53808551004270389,1,283450.92989515874,532.40109869830167,27.626344534587428,0.33515688894438306,1
4,2020-08-20,3685,300258.01752855344,547.95804358413557,28.474967837666515,0.20137322026671775,0,280477.32374244806,529.60109869830148,27.521038205019956,0.091067955089476793,0
4,2020-08-21,3686,322122.1328370517,567.5580435841357,29.196123541456092,0.012455762490864801,0,301621.84681142162,549.20109869830162,28.251811965240957,0.25255059802602875,1
4,2020-08-24,3687,285966.16517793242,534.75804358413575,27.980956156457403,0.39528228960289036,1,266670.0947368131,516.40109869830167,27.020437888093639,0.2080168111216405,0
4,2020-08-25,3688,309756.85587820067,556.5580435841357,28.793194008336258,0.071763355898249476,0,289660.42264005903,538.20109869830162,27.843508559367891,0.035984378830424865,0
4,2020-08-26,3689,299710.3094849693,547.45804358413557,28.456378802096609,0.34670222137232393,1,279947.97264374979,529.10109869830148,27.50220124741022,0.13579427763681531,0
4,2020-08-27,3690,337512.24840510637,580.95804358413557,29.680846224953921,0.09031044433877719,0,316519.99625653599,562.60109869830148,28.742999397057321,0.39833951988395983,1
4,2020-08-28,3691,355165.9897126304,595.95804358413557,30.215633309713567,0.12730485923149146,0,333623.02921748499,577.60109869830148,29.284918939250211,0.55732796321835731,1
4,2020-09-01,3692,325650.60270727321,570.65804358413561,29.30885409127324,0.54440378357535812,1,305036.50362335099,552.30109869830153,28.366046002840271,0.21832674133261931,0
4,2020-09-02,3693,318161.47653196275,564.0580435841357,29.068414212380411,0.64991082013182122,1,297789.68912053353,545.70109869830162,28.122399376345776,0.19496382107711427,0
4,2020-09-03,3694,302398.85639853159,549.90804358413561,28.547372869445866,0.16040085187765715,0,282546.57052737148,531.55109869830153,27.594408902990271,0.064958015449731524,0
4,2020-09-04,3695,285752.30196049873,534.5580435841357,27.973418644346303,0.76397773293383286,1,266463.57429733372,516.20109869830162,27.012799848154145,0.092474391089215263,0
4,2020-09-08,3696,325821.82262034854,570.8080435841357,29.314299691050515,0.3292979705736675,1,305202.21645296062,552.45109869830162,28.371564230602996,0.29551724261205309,1
4,2020-09-09,3697,347932.51158090407,589.85804358413566,29.999137626656612,0.25710869089926358,1,326613.50581336586,571.50109869830158,29.065535852424745,0.44826164852619316,1
4,2020-09-10,3698,326050.18583778228,571.00804358413575,29.321559185793145,0.5020859925915101,1,305423.23689243995,552.65109869830167,28.378920545255298,0.19315103090635796,0
4,2020-09-11,3699,339082.65762278368,582.3080435841357,29.729312481959241,0.21207091913518422,0,318040.84172302153,563.95109869830162,28.792112048721176,0.026118356388133788,0
4,2020-09-14,3700,328280.91970776021,572.95804358413557,29.392261193943398,0.089313326263581669,0,307582.37867736316,554.60109869830148,28.450565506363741,0.19247252703411927,0
4,2020-09-15,3701,342702.5774930052,585.40804358413561,29.840352919978368,0.075029405276321195,0,321546.94853495091,567.05109869830153,28.90463343349483,0.29177106978221146,1
4,2020-09-16,3702,313441.02896585595,559.85804358413566,28.914553574390478,0.73384078671359276,1,293223.43989146774,541.50109869830158,27.966486698427456,0.25954516110701659,1
4,2020-09-17,3703,330002.04383851262,574.45804358413557,29.446551174315584,0.023144953556461383,0,309248.43197345803,556.10109869830148,28.505579552415689,0.30347281543999149,1
4,2020-09-18,3704,247016.99538733019,497.00804358413575,26.529734364478259,0.32710034244951181,1,229106.87428509133,478.65109869830167,25.549861145420177,0.20709947606970752,0
4,2020-09-23,3705,235572.43047181974,485.35804358413566,26.069990255627001,0.71006657856629385,1,218090.02618542081,467.00109869830158,25.083985427597778,0.2700124064208636,1
4,2020-09-24,3706,233586.66499312481,483.3080435841357,25.988495111261798,0.061677178398245554,0,216179.52418075781,464.95109869830162,25.00140338217463,0.096211019419909449,0
4,2020-09-25,3707,257615.16760695539,507.5580435841357,26.941163172278227,0.064753806205240058,0,239317.71496762545,489.20109869830162,25.966777180832914,0.34356914822675133,1
4,2020-09-29,3708,260618.46256410185,510.50804358413575,27.055384153062466,0.16643615640831119,0,242212.70394994545,492.15109869830167,26.082521527282932,0.51822897786361366,1
4,2020-09-30,3709,299053.71983266843,546.85804358413566,28.434059201046956,0.78951801699743462,1,279313.41132531193,528.50109869830158,27.479583969754408,0.61152468869437848,1
4,2020-10-09,3710,301519.64352879702,549.10804358413566,28.517685982037687,0.76816548629701564,1,281696.72876945423,530.75109869830158,27.56432608144906,0.52476676440623926,1
4,2020-10-12,3711,265130.29334764212,514.90804358413561,27.225085580507358,0.34219809059521267,1,246562.99361849038,496.55109869830153,26.254486263326893,0.15328568122671604,0
4,2020-10-13,3712,284790.90748204716,533.65804358413561,27.939480305967678,0.72554421113035705,1,265535.22231967672,515.30109869830153,26.978408874024325,0.81110785641398131,1
4,2020-10-14,3713,265748.54299994319,515.50804358413575,27.248165525880637,0.74805399484068125,1,247159.21493692847,497.15109869830167,26.277874026021546,0.16023743923221412,0
4,2020-10-15,3714,279479.32704620581,528.65804358413561,27.750350047722399,0.090584456872842348,0,260407.21133269367,510.30109869830153,26.78675618478788,0.11339849357271552,0
4,2020-10-16,3715,280061.15339414834,529.20804358413557,27.771202958865217,0.11406910855731581,0,260968.84504126175,510.85109869830148,26.807887211287863,0.32611017982081175,1
4,2020-10-19,3716,272492.39756653697,522.00804358413575,27.497263147078364,0.28155785450087173,1,253664.42922000639,503.65109869830167,26.530293863163802,0.3387301367774434,1
4,2020-10-20,3717,300038.87431111996,547.75804358413575,28.467533382747483,0.19093828906627217,0,280265.52330296894,529.40109869830167,27.513504596746703,0.11193642381096415,0
4,2020-10-21,3718,275161.14108881599,524.5580435841357,27.594520822964082,0.60355625019707826,1,256239.55232336771,506.20109869830162,26.62884866505177,0.46092380188588811,1
4,2020-10-22,3719,278001.0445241704,527.25804358413575,27.697215537737279,0.08596077574942268,0,258980.32825633857,508.90109869830167,26.732913019636051,0.04826689207289548,0
4,2020-10-23,3720,272544.60087089532,522.0580435841357,27.499172671607663,0.40593543653604353,1,253714.7968298762,503.70109869830162,26.532228855029189,0.016934310733891084,0
4,2020-10-26,3721,280167.00500286528,529.3080435841357,27.774993104063373,0.10744223694678785,0,261071.02526100157,510.95109869830162,26.811727905667293,0.11210036519009393,0
4,2020-10-27,3722,243599.54238659961,493.5580435841357,26.394183993376064,0.60370387821081317,1,225816.08420407301,475.20109869830162,25.412502938490423,0.26475802490647354,1
4,2020-10-28,3723,243945.15551710839,493.90804358413561,26.40795827322545,0.15778363130845433,0,226148.84747316173,475.55109869830153,25.426460925963834,0.28307077077520376,1
4,2020-10-29,3724,263690.51082560665,513.50804358413575,27.171175384101577,0.16807912931987468,0,245174.61054213528,495.15109869830167,26.19985706642159,0.23243420582309496,0
4,2020-11-02,3725,274322.48821908142,523.75804358413575,27.56403671205619,0.14949684462895974,0,255430.27056545045,505.40109869830167,26.597957987437919,0.35236421374054955,1
4,2020-11-04,3726,315909.24435762619,562.0580435841357,28.995230394600618,0.18456478511746854,0,295610.8847257403,543.70109869830162,28.048239505703094,0.45657301469431566,1
4,2020-11-05,3727,318556.43966247153,564.40804358413561,29.081205873049033,0.26858044845440698,1,298171.80238962226,546.05109869830153,28.135361639442579,0.44911721188711418,1
4,2020-11-06,3728,240990.7072556036,490.90804358413561,26.289725463724928,0.41499848512252074,1,223304.54088097191,472.55109869830153,25.306651245022305,0.017314305122032071,0
4,2020-11-09,3729,252313.37064932197,502.3080435841357,26.737001308571656,0.11724718409468396,0,234208.66593129328,483.95109869830162,25.759892409554563,0.17289516215951176,0
4,2020-11-10,3730,234796.49760208515,484.5580435841357,26.038208634521919,0.23131621293100979,0,217343.46442750358,466.20109869830162,25.051779934888181,0.098989962654464178,0
4,2020-11-11,3731,248460.42121372398,498.45804358413557,26.586555915627148,0.014502503893019434,0,230497.06497131623,480.10109869830148,25.607440525818149,0.079253232756143557,0
4,2020-11-12,3732,264718.52691277495,514.50804358413575,27.209690813059161,0.72704989610627879,1,246165.91273953189,496.15109869830167,26.238886175805259,0.80857104989162065,1
4,2020-11-13,3733,262818.26965151349,512.65804358413561,27.138405208127665,0.4656690346435931,1,244333.57617434804,494.30109869830153,26.166649834483025,0.33378676682414282,1
4,2020-11-17,3734,249708.12882268432,499.70804358413557,26.635469515704685,0.066833326458215117,0,231698.88021806197,481.35109869830148,25.657006486770506,0.011621362255780674,0
4,2020-11-18,3735,231320.63968827925,480.95804358413557,25.894852536362862,0.57084687583867044,1,213999.77651687566,462.60109869830148,24.906511895889384,0.30191880279861177,1
4,2020-11-19,3736,249308.52238781715,499.3080435841357,26.619824256764712,0.049110730439388753,0,231313.95933910346,480.95109869830162,25.641152566951092,0.1468809961861777,0
4,2020-11-20,3737,179105.04815431157,423.20804358413557,23.516783928880617,0.38264458897990189,1,163904.41211722186,404.85109869830148,22.496726978123,0.27509393982361185,1
4,2020-11-24,3738,188189.41867829539,433.8080435841357,23.964647198328123,0.12329525301574699,0,172599.61540962596,415.45109869830162,22.950563401740229,0.0079659506994465019,0
4,2020-11-25,3739,162334.89158479573,402.90804358413561,22.644188365319824,0.068912015061362977,0,147879.54751007084,384.55109869830153,21.612493604130925,0.23823797775642491,0
4,2020-11-27,3740,188666.91002623789,434.35804358413566,23.987742293753179,0.43814634104529476,1,173056.91411819405,416.00109869830158,22.973966516542959,0.10925593671099583,0
4,2020-12-01,3741,199101.61815918182,446.20804358413557,24.481951255576405,0.36683753032956856,1,183056.56265734372,427.85109869830148,23.474766745215707,0.71937223499688019,1
4,2020-12-02,3742,207897.73750907247,455.95804358413557,24.883785498629386,0.11231366300354581,0,191494.72158196059,437.60109869830148,23.881960253134036,0.61675605397657529,1
4,2020-12-03,3743,217723.06633741464,466.60804358413566,25.317853694201609,0.30147793663087902,1,200929.0474842345,448.25109869830158,24.321817617921951,0.16418295051299556,0
4,2020-12-04,3744,233828.38151491689,483.5580435841357,25.998443161597663,0.025286680111011629,0,216412.06223010697,465.20109869830162,25.011484109696585,0.25180271320018449,1
4,2020-12-07,3745,241825.97342969675,491.75804358413575,26.323263313124517,0.0030918833561672889,0,224108.60024875915,473.40109869830167,25.340636388850019,0.38643068026984151,1
4,2020-12-08,3746,216558.1087284543,465.35804358413566,25.267166748154509,0.71143207215753934,1,199809.98223748876,447.00109869830158,24.27045465987792,0.19405589164441306,0
4,2020-12-09,3747,218984.73055509172,467.95804358413557,25.372518425685776,0.0081946179850443841,0,202141.14795071984,449.60109869830148,24.377211413142923,0.096942099582940894,0
4,2020-12-10,3748,216790.85025024638,465.60804358413566,25.277309640832556,0.84421666643595705,1,200033.54528683791,447.25109869830158,24.280732828355134,0.2882281380106535,1
4,2020-12-11,3749,206804.8782044707,454.75804358413575,24.83455989865034,0.95063036538243362,1,190445.91894508482,436.40109869830167,23.83207813113626,0.23784778633605616,0
4,2020-12-14,3750,224920.69190425202,474.25804358413575,25.626565994873999,0.24301820623511425,0,207845.81179431861,455.90109869830167,24.634647215751311,0.23180533954382804,0
4,2020-12-15,3751,226155.45281757071,475.5580435841357,25.678773378554265,0.10051053082791787,0,209032.84465093413,457.20109869830162,24.687550889511144,0.077489087480927948,0
4,2020-12-16,3752,264564.19699969958,514.35804358413566,27.203916095947939,0.13868624983745051,0,246017.0899099223,496.00109869830158,26.233034441269421,0.14127786433579301,0
4,2020-12-17,3753,253369.3200408486,503.35804358413566,26.77792491470332,0.46076336171330096,1,235226.06573855967,485.00109869830158,25.801361813980666,0.52011383652717291,1
4,2020-12-18,3754,253621.06156264068,503.60804358413566,26.787661892773173,0.022121765464341914,0,235468.62878790882,485.25109869830158,25.811228654164974,0.3844455544227981,1
4,2020-12-21,3755,250708.54490985262,500.70804358413557,26.674553491243707,0.76471599037478233,1,232662.58241545857,482.35109869830148,25.696611725443585,0.37229782469942568,1
4,2020-12-22,3756,248609.98112679934,498.60804358413566,26.592428991153898,0.73044148865159109,1,230641.1178009258,480.25109869830158,25.613391930576086,0.17060070446819225,0
4,2020-12-23,3757,247912.4198657815,497.90804358413561,26.565013262772002,0.69524831551161226,1,229969.25626274812,479.55109869830153,25.585610558517928,0.45713463714904023,1
4,2020-12-29,3758,261333.66382511944,511.20804358413557,27.082435027767303,0.066566246375586363,0,242902.20548812291,492.85109869830148,26.109933179609108,0.1458572540147367,0
4,2020-12-30,3759,321271.35827167548,566.8080435841357,29.168795985186069,0.12909665170607484,0,300798.60766337416,548.45109869830162,28.224119941246478,0.028762640089376391,0
4,2021-01-04,3760,318048.67492324574,563.95804358413557,29.064758604588636,0.13974272625513501,0,297680.55890079372,545.60109869830148,28.118695013698634,0.16556316048281156,0
4,2021-01-05,3761,308644.73979103245,555.5580435841357,28.756336529627358,0.79678258226057119,1,288585.02044266241,537.20109869830162,27.80615951232183,0.21323007549530532,0
4,2021-01-06,3762,295618.43665808823,543.70804358413557,28.316652444358919,0.77885599165368147,1,275993.77690351248,525.35109869830148,27.360611358694936,0.15408322688304896,0
4,2021-01-07,3763,236690.07647206332,486.50804358413575,26.115628513829819,0.81511434191636978,1,219165.451212427,468.15109869830167,25.130232363428078,0.23107956523057682,0
4,2021-01-08,3764,216093.00068487017,464.85804358413566,25.246872699749389,0.85015910225899272,1,199363.23113879043,446.50109869830158,24.249889949670148,0.30418603519677012,1
4,2021-01-12,3765,232765.76381903165,482.45804358413557,25.95465172467577,0.18877520446204352,0,215389.82981297057,464.10109869830148,24.967108626209836,0.2527447884137865,1
4,2021-01-13,3766,216558.1087284543,465.35804358413566,25.267166748154509,0.58397056893638299,1,199809.98223748876,447.00109869830158,24.27045465987792,0.26114015896639542,1
4,2021-01-14,3767,214006.20198874155,462.60804358413566,25.15541291920259,0.23665380547248124,0,197359.0386946481,444.25109869830158,24.15721036967382,0.32995321303098329,1
4,2021-01-15,3768,210046.26281391803,458.3080435841357,24.979999105256208,0.3458935730117717,1,193556.96924584275,439.95109869830162,23.979457061007338,0.16409777747158272,0
5,2021-01-19,3769,11673.322561819889,108.04315138785933,5.8194092097306545,0.57023347781473921,1,214.82303447275098,14.656842581973478,0.78944536151963152,0.72603035351515011,1
5,2021-01-20,3770,12051.862905065522,109.78097697263183,5.8955468005279972,0.61351578653917349,1,83.847766071042713,9.1568425819734784,0.49174816508100955,0.51111026906172863,1
5,2021-01-21,3771,25945.358808723413,161.07563071030768,8.6941021595675316,0.6824687597627408,1,344.35640661213904,18.556842581973342,1.0016107616977028,0.30951310382164404,1
5,2021-01-22,3772,21436.644761348911,146.41258402660924,7.8849979280291489,0.25464093667478499,1,207.55711318176424,14.406842581973478,0.77587541169041541,0.72723524948951146,1
5,2021-01-25,3773,25324.180695895317,159.13573041870677,8.5713524948134641,0.63335682041423236,1,214.82303447275098,14.656842581973478,0.78944536151963152,0.56256837617237176,1
5,2021-01-27,3774,30578.254241296043,174.86638968451325,9.4333705391656277,0.013813399861032163,0,308.24272144819236,17.556842581973342,0.94712426940569361,0.10399154915472127,0
5,2021-01-28,3775,27147.963169668903,164.76638968451334,8.8403471233240349,0.20902403830196226,0,55.604501292332216,7.456842581973433,0.40008813080660122,0.15795960468357034,0
5,2021-01-29,3776,30437.467972954695,174.46337143639835,9.3648982225179598,0.22438617041279474,0,69.003633681685542,8.306842581973342,0.44589723728352032,0.47937256117094207,1
5,2021-02-01,3777,41743.953747707732,204.31337143639848,11.145784269074163,0.23407084027052125,0,1455.9446358255045,38.156842581973478,2.0815472468481522,0.05212310016575767,0
5,2021-02-02,3778,16326.669046072708,127.77585470687609,6.9615546436501186,0.1677511331623506,0,1282.1299756902195,35.806842581973342,1.9508481615937969,0.11752089993997902,0
5,2021-02-03,3779,28501.417319249584,168.82362784648831,9.4531400328399293,0.043929565892128472,0,7285.7905755637694,85.356842581973297,4.779486118034229,0.10534738301589977,0
5,2021-02-04,3780,9937.6968247471832,99.687997395610182,5.5291603979927437,0.66465329271048834,1,4665.8247435184867,68.306842581973342,3.7886154680924786,0.85691764679294902,1
5,2021-02-05,3781,4541.142192990771,67.387997395610228,3.6718701754861858,0.10825894520579143,0,1296.4927127230119,36.006842581973387,1.9619584569935098,0.31124833431060933,1
5,2021-02-08,3782,8772.0835853279059,93.659402012440296,5.0912916945227389,0.034454792401059232,0,1002.1556822598493,31.656842581973478,1.7208546739494173,0.012554840139751163,0
5,2021-02-09,3783,8210.0637330519858,90.609402012440114,4.9173419809752321,0.78965914891866007,1,818.35144250980068,28.606842581973297,1.5524837913859546,0.79016106157670041,1
5,2021-02-10,3784,24932.237978141777,157.8994552813333,8.905025253437854,0.32959191009463989,1,9624.9525614040886,98.106842581973297,5.5329127587611477,0.29199008205862287,1
5,2021-02-18,3785,8573.1527612216159,92.591321198164223,5.1227597553550153,0.75771655332533028,1,4071.3131602807266,63.806842581973342,3.5302134267599845,0.68703410238217677,1
5,2021-02-22,3786,13141.870446875937,114.63799739561023,6.4115211071370375,0.0065698204410353858,0,6931.7018367194969,83.256842581973387,4.6564229631976168,0.0017296966538201065,0
5,2021-02-24,3787,11372.18985823076,106.64047007694012,5.9922158894692847,0.27677008052200608,1,8118.1128724286391,90.100570877373684,5.0628253239330023,0.37255244443902263,1
5,2021-02-25,3788,20751.720616688894,144.05457513279089,8.2654603168827432,0.19611579336699211,0,17448.000192332715,132.09087853569872,7.579015895556056,0.40321629612432291,1
5,2021-02-26,3789,6397.9370407013712,79.987105465202148,4.6124675181040935,0.13497393252353834,0,306.51974855403921,17.50770540516487,1.0095842577150114,0.1581653271039874,0
5,2021-03-01,3790,10461.456209734832,102.28126030576095,5.9333039594953716,0.085453927425875431,0,20207.65571712147,142.153634203004,8.2462879138558467,0.0066694956506607467,0
5,2021-03-02,3791,15929.231283008561,126.21105848145226,7.3747258666268705,0.61271232665756958,1,12331.012647246951,111.0450928553214,6.4885528137969732,0.5883534770991079,1
5,2021-03-03,3792,17344.21034904541,131.69741967497089,7.6921569811909869,0.058485594477480328,0,872.6597194795072,29.540814468790586,1.7254140802984981,0.010214758367393821,0
5,2021-03-04,3793,13208.437505151043,114.92796659277951,6.7754143901417541,0.38782143314383449,1,48.55326026304602,6.9680169534126435,0.41078950351732602,0.14466048973286605,0
5,2021-03-05,3794,15286.986091904602,123.64055197185348,7.3288018714236971,0.29818096461012639,1,4674.3214656341961,68.369009541123205,4.052577549042601,0.41957744460723967,1
5,2021-03-08,3795,7155.8576269189898,84.592302409374042,4.9270372420859712,0.058483740091083765,0,41.136068401206224,6.4137405935387051,0.37356518105531511,0.054184764177867085,0
5,2021-03-09,3796,9167.347063074596,95.746263964055515,5.5789688826509449,0.577288593637029,1,927.6793482947329,30.457829014799017,1.7747249163733259,0.77079939252070284,1
5,2021-03-10,3797,16252.48837865771,127.48524769030223,7.4780178138375311,0.23030946299778327,0,1301.4099529105247,36.075059984849986,2.1160875167087041,0.40796585261856255,1
5,2021-03-12,3798,11187.019059552544,105.76870548301395,6.136321496998459,0.20675674055269,0,950.28885110351143,30.82675544236713,1.788457949256933,0.12030771704135675,0
5,2021-03-15,3799,9175.4893903455322,95.788774866085078,5.5209668510711856,0.11377911170505543,0,2.1591980394654535,1.469420987826652,0.084692852324302709,0.041180843598888316,0
5,2021-03-16,3800,10317.700870780664,101.57608414770016,5.8726380566993415,0.14673180731784177,0,3335.509427132366,57.753869369353652,3.3390494822278294,0.46777360165741538,1
5,2021-03-17,3801,10380.176805749843,101.88315270813837,5.9031897970993894,0.016424443762726167,0,13991.446702334812,118.28544586015141,6.8535515302248911,0.25528921177959724,1
5,2021-03-18,3802,8272.4956305200158,90.953260692072035,5.2416586383167374,0.42611169084575262,1,29778.054850545614,172.56319089117937,9.9448588572602219,0.3366563783921302,1
5,2021-03-19,3803,7917.3087014790435,88.979259951288896,5.1250905711654458,0.75315808464190948,1,13604.219194077701,116.63712613948314,6.7181479791194958,0.5431605995001918,1
5,2021-03-22,3804,10320.391980357583,101.58933005172139,5.8851425125548253,0.41069521317338997,1,5392.6601405556285,73.434733883603258,4.2541266297997478,0.52377837780517422,1
5,2021-03-23,3805,8709.9680960915557,93.327209837707869,5.3930777138230495,0.85031169441521826,1,25050.12723170446,158.27231985317098,9.1460456430610222,0.85019366128846874,1
5,2021-03-24,3806,7260.1468235177936,85.206495195599928,4.9045354973579656,0.103784251534046,0,15272.076024874348,123.58024123974815,7.1133506728687124,0.035659909567327848,0
5,2021-03-25,3807,10479.008493792768,102.36702835284791,5.9110190756928001,0.13505867347712353,0,21925.054291172062,148.07111227775681,8.5501277444137216,0.6225243461213964,1
5,2021-03-26,3808,20265.955802790588,142.35854664469775,8.4538464113956913,0.36479775396529102,1,51936.801572696357,227.8964711721012,13.533446430838278,0.64010801498389813,1
5,2021-03-30,3809,11178.8882095672,105.73026156010019,6.2523439023151415,0.8435164764203229,1,541.08400448582631,23.261212446599302,1.3755484726412173,0.68342931010430485,1
5,2021-03-31,3810,3619.8724977520938,60.165376237102464,3.4485642528359532,0.38660736416013552,1,48.241996752479878,6.9456458844717872,0.39811113314829832,0.049876802009425132,0
5,2021-04-06,3811,7023.7738471530583,83.807958137357446,4.8219532313430253,0.39127350373540065,1,6158.759940765236,78.477767174947303,4.5152767282268806,0.30341037864981896,1
5,2021-04-07,3812,5385.8294128353473,73.388210312252113,4.1804733871974999,0.12353370097680055,0,3744.2111596836976,61.189959631329202,3.4856143338837486,0.28870849020007028,1
5,2021-04-08,3813,9201.9617883617302,95.926856449910474,5.5092382523495562,0.43018619724865498,1,2643.3046432247156,51.413078523122067,2.9527382565542193,0.42177080878248407,1
5,2021-04-09,3814,6555.8710759701908,80.968333785315053,4.6725529494944773,0.32409851096331443,1,2.7811499258155852,1.6676780042369046,0.096239028435058119,0.078373039717638329,0
5,2021-04-12,3815,4244.3364079368857,65.148571802740889,3.7075217279046715,0.055706630216705535,0,518.34477295441502,22.767186320545079,1.2956513954327953,0.41424166799347967,1
5,2021-04-15,3816,3099.7536793087311,55.675431559250001,3.1376162506269547,0.12212953098414779,0,7062.372805488546,84.0379248047484,4.7359984673982582,0.34383800685409782,1
5,2021-04-16,3817,6062.791409698023,77.863928809802701,4.3879362530179034,0.28844090610869705,1,2.1271186022971387,1.4584644672727336,0.082190164399703225,0.65418905846635433,1
5,2021-04-19,3818,8202.4939119065948,90.567620659408931,5.0942217093348114,0.45615462357260933,1,9410.3231905939374,97.006820330293976,5.4564119768424773,0.5102878370286611,1
5,2021-04-20,3819,7799.7797875957431,88.316361947239102,4.940084572632589,0.10816012498536358,0,6048.169237393091,77.769976452311539,4.3501594995000161,0.16585220163350631,0
5,2021-04-22,3820,11603.593635119583,107.71997788302588,6.0455706523193333,0.58897027754636333,1,4292.7883758667349,65.519374049717044,3.6771452491703362,0.48486342042147235,1
5,2021-04-23,3821,12894.64153358865,113.55457513279089,6.4033933026639343,0.088697031362022505,0,10320.706601655091,101.59087853569872,5.7287550982997564,0.086516978596466731,0
5,2021-04-26,3822,7200.1094732009142,84.85345881695639,4.7559599146347775,0.25680808733481109,1,7324.7841086251183,85.584952582946016,4.7969594811504646,0.40549354630602197,1
5,2021-04-27,3823,9558.4384732502494,97.767266880332954,5.5167174630590763,0.40326855251892207,1,9513.0669753575366,97.534952582946062,5.5036086549456078,0.15412463194089152,0
5,2021-04-28,3824,10154.113373358501,100.76762065940875,5.7006545786444569,0.22656079543593172,0,11511.332616962018,107.29087853569854,6.0696901838994446,0.31437264313506896,1
5,2021-04-30,3825,3119.6088618174435,55.85345881695639,3.080465422990728,0.0530134700601314,0,4122.2698347139021,64.204905067400432,3.541069689071529,0.074136720176217946,0
5,2021-05-06,3826,2995.4318446336797,54.730538501221417,2.9800734257832033,0.58653549801616722,1,1204.5649220098844,34.706842581973433,1.8897847911558865,0.28373830270603584,1
5,2021-05-07,3827,3535.7606654020829,59.462262531811575,3.230854548170913,0.081453974190432807,0,949.06154987048592,30.806842581973342,1.6738755511952697,0.068943932918056075,0
5,2021-05-10,3828,11430.033545413238,106.91133497161672,5.8450240539946821,0.21558284142616554,0,1777.1993764812923,42.156842581973478,2.3047861014692188,0.32786332918484323,1
5,2021-05-11,3829,4790.3372847724086,69.212262531811575,3.7806447004867847,0.36848395349382279,1,1644.8574802189662,40.556842581973342,2.215373495492071,0.49036828470478461,1
5,2021-05-12,3830,5807.3304198035457,76.2058424256536,4.1459029664138844,0.022376338921114482,0,1099.3762100057697,33.156842581973478,1.8038650009234252,0.17043133852169934,0
5,2021-05-14,3831,6329.6984485770672,79.55940201244016,4.2919243681523529,0.15133316558423823,0,308.24272144819236,17.556842581973342,0.94712426940569361,0.18056840624709936,0
5,2021-05-17,3832,6366.2587055939193,79.788838226871803,4.2742112348665753,0.55926887230273958,1,20.31163005868855,4.5068425819733875,0.24142721746208051,0.32334872989445024,1
5,2021-05-18,3833,5805.396318413229,76.193151387859189,4.0346925461547398,0.23079959661482591,0,295.60466200104509,17.193157418026658,0.9104375237907627,0.32161637511940849,1
5,2021-05-19,3834,15100.680533185638,122.88482629350801,6.5423428788536446,0.23842769404463898,0,49.60606641510266,7.043157418026567,0.37497510610800017,0.097810510907371542,0
5,2021-05-20,3835,23827.220112829651,154.36068188768036,8.2286199630939993,0.1809612102056013,0,21.558910808576403,4.6431574180267035,0.24751625449260106,0.42056301346544411,1
5,2021-05-21,3836,17824.378770620358,133.50797268560541,7.1009213459354514,0.23726204288992531,0,79.088248861803379,8.8931574180267035,0.47300254862785962,0.12999157866653804,0
5,2021-05-24,3837,16042.24204482759,126.6579726856055,6.7121342175731584,0.36713710752313583,1,247.84700548876634,15.743157418026613,0.83429557064263971,0.23943645180607634,0
5,2021-05-25,3838,19268.405406122805,138.8106818876804,7.3388501883571013,0.12137112839154184,0,407.76360650920503,20.193157418026658,1.0676019676981501,0.032369203377142372,0
5,2021-05-27,3839,17899.651567933703,133.78957944449076,7.0417421218711418,0.11034208781948533,0,823.29728261565822,28.693157418026658,1.5102059221572492,0.11997925027901159,0
5,2021-05-28,3840,22565.767995748589,150.2190666851202,7.908972368711412,0.32404084029234748,1,789.22549371401863,28.093157418026522,1.4790932381091701,0.71506280895729246,1
5,2021-06-01,3841,21555.838342289746,146.81906668512011,7.7161511856586582,0.16447136532408468,0,991.81896415660469,31.493157418026613,1.65513900502045,0.089535054325357535,0
5,2021-06-02,3842,35479.845939219143,188.36094589701747,10.091395670998232,0.21426622043333438,0,22.154367091478335,4.706842581973433,0.25216804167975321,0.068833660235777749,0
5,2021-06-03,3843,12229.003806365352,110.58482629350806,5.8491921238499982,0.49307862152759685,1,374.15773889855444,19.343157418026522,1.0231226815839691,0.21380417858643255,0
5,2021-06-04,3844,15492.989787795457,124.47083910617562,6.5913386520957209,0.15659035470213853,0,293.88784625924399,17.143157418026703,0.90781388572477772,0.09611550910901899,0
5,2021-06-07,3845,18584.109823351926,136.32354830825057,7.2008846794100076,0.12692205857555827,0,479.31034173049767,21.893157418026703,1.1564407161623063,0.02468747921349717,0
5,2021-06-08,3846,20138.045030010744,141.90857983226647,7.4901604471796928,0.12808095739939113,0,544.90299824276667,23.343157418026522,1.2320889590428863,0.065929229777210857,0
5,2021-06-09,3847,21973.875001896791,148.23587623074513,7.8487743219095716,0.29772291865625083,1,302.52192496825734,17.393157418026703,0.9209306868941679,0.67265975322144234,1
5,2021-06-10,3848,24167.370043465151,155.45857983226642,8.2644576078395797,0.12770734136748213,0,95.905932214248779,9.793157418026567,0.52062185577345454,0.32008042707160927,1
5,2021-06-11,3849,22069.471248457136,148.55797268560559,7.9651478572519228,0.34036889870641557,1,37.906710579201849,6.1568425819734784,0.33010790745662316,0.20229696167442726,0
5,2021-06-15,3850,10390.34702468752,101.93305167946028,5.4780626994201418,0.65291103998812428,1,110.3937410423692,10.506842581973387,0.5646563257811843,0.66393979965411043,1
5,2021-06-16,3851,28647.639203945964,169.25613490785486,9.5157213081382395,0.32010622092642776,1,8566.7691087441945,92.556842581973342,5.2036230157965564,0.38656458768454532,1
5,2021-06-17,3852,13341.999481077486,115.50757326287089,6.5144421218696564,0.23959132807847275,0,9634.7657456623219,98.156842581973478,5.535888702384157,0.30535720392373,1
5,2021-06-18,3853,10180.940666146496,100.90064750112606,5.6843833977142086,0.19150818426989288,0,9255.7565595926171,96.206842581973433,5.4199511327553278,0.26713975589130817,1
5,2021-06-21,3854,3653.3341672439674,60.442817333773974,3.4051332263189189,0.46169138508040419,1,52802.338574509915,229.78759447478865,12.945415310824407,0.29344741190204188,1
5,2021-06-22,3855,848.68663640534317,29.132226767024576,1.6260452537968619,0.0036958909279061936,0,17434.345939190804,132.03918334793957,7.3699030669758638,0.0005577441403312503,0
5,2021-06-23,3856,5314.6109505062886,72.901378248331412,4.084454057670472,0.10003303854932127,0,158.90882901381306,12.605904529775444,0.70627248955236821,0.47662404672717495,1
5,2021-06-24,3857,6405.4941626395548,80.034331150073058,4.4795752469746759,0.016503440598016145,0,7158.3178116908102,84.606842581973297,4.7355017816569163,0.0064404936581905657,0
5,2021-06-25,3858,7803.4295614795983,88.337022598000203,4.9619178002583944,0.89539475506389221,1,8273.1472124818956,90.956842581973433,5.1090738966451399,0.53942134955676202,1
5,2021-06-28,3859,12811.302084600187,113.18702259800011,6.4477497278760492,0.54304696851007161,1,13411.224788805954,115.80684258197334,6.5969889533722599,0.68018788973081379,1
5,2021-06-29,3860,9135.3032063133651,95.578780104756333,5.4209103085248751,0.0087056875021451242,0,1518.8664022605542,38.972636583384428,2.2103982408407918,0.19073548775186328,0
5,2021-06-30,3861,1972.9984381678335,44.41844704813343,2.4933172634371839,0.68299934884736824,1,10196.640687850873,100.97841694070507,5.668168225692118,0.70186675800674425,1
5,2021-07-01,3862,1097.6131663029114,33.130245491135611,1.8548411662590267,0.082925021219231496,0,9639.0214679855762,98.178518363161174,5.4966558443110136,0.085477583315770711,0
5,2021-07-02,3863,34.799294796884219,5.8990927096363066,0.32594373620113859,0.23667192650289928,0,2502.2844685853174,50.022839469439532,2.7639218426631786,0.47918360878551997,1
5,2021-07-06,3864,5395.007029030211,73.450711562449897,4.0700807116310589,0.49044214737208197,1,1830.9332146950057,42.789405402447528,2.3710639405118736,0.35572445639272871,1
5,2021-07-07,3865,4658.1508843229522,68.250647501125968,3.7755516679275307,0.16379385149139067,0,4039.4722389897397,63.556842581973342,3.5158954794475492,0.078980862715161734,0
5,2021-07-08,3866,7465.522018264377,86.403252359297085,4.7842332424859961,0.24268911073385618,0,4258.4555037684549,65.256842581973387,3.6133356911391692,0.31637593670083403,1
5,2021-07-09,3867,10000.65048243724,100.00325235929699,5.5792932581620729,0.21209172268191792,0,6218.4016219981168,78.856842581973297,4.3995114138570237,0.24933962779813124,0
5,2021-07-12,3868,3607.9601417195031,60.066297885915219,3.3115361185277297,0.55089701189104046,1,3295.5455752314833,57.406842581973478,3.164916756180141,0.26707942761567627,1
5,2021-07-13,3869,4789.0901371045511,69.203252359297039,3.7957027401983896,0.49643063064905479,1,2309.4601189485661,48.056842581973342,2.6358513921661553,0.39372941370888115,1
5,2021-07-14,3870,6769.357845208915,82.276107377591188,4.5113698356458505,0.32407926982952312,1,2256.9000921083998,47.506842581973387,2.6048988393131398,0.52276313362790572,1
5,2021-07-15,3871,6136.8418359546422,78.337997395610273,4.2941400754048278,0.27267720511976118,1,2204.9450652682335,46.956842581973433,2.5739649499519506,0.058085089693937116,0
5,2021-07-16,3872,7697.9561869920908,87.737997395610137,4.8343157967717296,0.015001520865078648,0,3176.0937058093186,56.356842581973297,3.105231284477012,0.14616802887664787,0
5,2021-07-19,3873,6334.2493294436672,79.587997395610273,4.3656508266701559,0.41034970620781874,1,2323.8996717231671,48.206842581973433,2.6442962388290741,0.26321049787010126,1
5,2021-07-20,3874,10493.543310423038,102.43799739561018,5.6903675922458712,0.70698105603849704,1,5049.0748777193403,71.056842581973342,3.9471637919105289,0.56049136575742697,1
5,2021-07-26,3875,8268.3628321221186,90.930538501221463,5.0507145000261877,0.61214010399322905,1,5027.780324944767,70.906842581973478,3.938503212262809,0.80365416410918677,1
5,2021-07-27,3876,8964.4043708812806,94.680538501221463,5.2699843315830721,0.0063129359475810574,0,5573.6441443095682,74.656842581973478,4.15545155192995,0.027538605185578349,0
5,2021-07-28,3877,3982.0204583211389,63.10325235929713,3.4495846695073054,0.13389490417411654,0,1760.3766394484992,41.956842581973433,2.2936009720643651,0.040793119478504662,0
5,2021-07-29,3878,6444.2534156985503,80.276107377591188,4.3968838766310387,0.030012124759136331,0,2070.8727217805063,45.506842581973387,2.4925013053251206,0.016578688863301199,0
5,2021-07-30,3879,7825.5718922471542,88.462262531811575,4.8835056188032553,0.053466525983649434,0,3576.8584196249399,59.806842581973342,3.3016005179261549,0.073791014063409252,0
5,2021-08-02,3880,5769.5529359843713,75.95757326287071,4.1904158697415772,0.76025190259559261,1,3434.7619974281984,58.606842581973297,3.2332133937590428,0.55327356331048327,1
5,2021-08-03,3881,5917.6259962687036,76.926107377591279,4.2056807926079101,0.018014031641933569,0,1777.1993764812923,42.156842581973478,2.3047861014692188,0.012054348378873774,0
5,2021-08-04,3882,9833.1543104279317,99.162262531811621,5.5067201183846519,0.11407425135957948,0,4971.2148508791761,70.506842581973387,3.915415387031703,0.0045660317021846844,0
5,2021-08-05,3883,16481.562665863559,128.38053850122128,7.2823494526757768,0.37309585158930914,1,11741.205334334541,108.3568425819733,6.1465110092446134,0.26286086047438906,1
5,2021-08-06,3884,22670.210059070159,150.56629788591522,8.7368380123547293,0.048574725490667117,0,21876.434082568681,147.90684258197348,8.5825190809744676,0.33157163095640518,1
5,2021-08-10,3885,11737.848925458091,108.34135371804291,6.2136587358363675,0.74027987125016637,1,3212.6918005850657,56.680612210746858,3.2507806957299183,0.48582264012288329,1
5,2021-08-11,3886,6600.8208259834846,81.245435724005347,4.6495041618407544,0.47970984221308954,1,880.67739816678647,29.676209295777426,1.6983065866875029,0.59546431998528404,1
5,2021-08-12,3887,3002.5397761836211,54.795435724005529,3.0890681694622169,0.36265892993262322,1,10.408426420161847,3.2262092957776076,0.18187610540787597,0.23814980729395274,0
5,2021-08-13,3888,2366.3904545619462,48.645559453684427,2.718464302086363,0.10454261225487266,0,2630.6268018088272,51.289636397705408,2.8662234987121971,0.068500628964113047,0
5,2021-08-17,3889,6603.8282135231048,81.263941656328143,4.5565584488675395,0.68317058576559142,1,431.42930654512662,20.770876402913927,1.1646458495003464,0.4763095941833137,1
5,2021-08-18,3890,6520.5586347307453,80.749976066440695,4.538937976248036,0.54105430751256955,1,8.9120492699838145,2.9853055572225458,0.16780335331904928,0.50227609785106875,1
5,2021-08-20,3891,1044.2662366442792,32.315108488821124,1.7932912590910726,0.018274900029239659,0,161.95423870889539,12.726124261097539,0.70622221204758817,0.060444257546785909,0
5,2021-08-23,3892,4851.2216211555979,69.650711562449942,3.851403774638499,0.24433652890987465,0,3256.9822122673881,57.069976452311494,3.1557398021682377,0.33244809465390546,1
5,2021-08-24,3893,10164.667940333809,100.81997788302579,5.6364945425742592,0.34076716225422105,1,3436.2310139806291,58.619374049716953,3.2772054592562729,0.20434873206666868,0
5,2021-08-25,3894,7983.5382088704928,89.350647501126105,5.0011556868423881,0.44169143163029073,1,7166.7809959490378,84.656842581973478,4.7384329218612722,0.27442555696087428,1
5,2021-08-26,3895,5177.0860263997602,71.951970274619725,4.0006655698982332,0.17488951854739163,0,5830.3640109527814,76.356820330293885,4.2455835602053869,0.29512710989328067,1
5,2021-08-27,3896,6352.6186484456566,79.70331642062115,4.3917302488151169,0.18315286574844811,0,2567.4465136778149,50.66997645231163,2.7919649807042806,0.16361346354851131,0
5,2021-08-31,3897,6317.1560004441399,79.480538501221417,4.3868273816768637,0.16184280327769723,0,3535.1161298175693,59.456842581973433,3.2816449156625143,0.023456543324969745,0
5,2021-09-01,3898,6198.4976926923082,78.730538501221417,4.3436340239563833,0.46962635964675731,1,3446.4933659446092,58.706842581973433,3.2389088622092319,0.54309711343392331,1
5,2021-09-02,3899,4567.1291841150578,67.580538501221326,3.7056828700565516,0.17547301740254392,0,2261.6532763665928,47.556842581973342,2.6077119362819179,0.044197963498929502,0
5,2021-09-03,3900,10790.245683920835,103.8761073775911,5.7640100645113383,0.42618065288378659,1,4775.7556916496378,69.106842581973297,3.8346887097063673,0.58063070762178293,1
5,2021-09-07,3901,11083.991787107156,105.28053850122137,5.8947669933494611,0.070162277241052048,0,7268.7292070473904,85.256842581973387,4.7736194054856318,0.064831343405850339,0
5,2021-09-08,3902,10847.899977019424,104.15325235929708,5.8243116096349548,0.048986029105847123,0,6890.1359154285101,83.006842581973387,4.6417918401774578,0.38233640301196126,1
5,2021-09-09,3903,9882.4694454646888,99.410610326386632,5.5415915227374226,0.30217045359958977,1,5984.0810942521966,77.356842581973297,4.3122159865083498,0.32573720150119434,1
5,2021-09-13,3904,9930.7707057857497,99.653252359297085,5.5586809292593546,0.88342066515189688,1,6163.3243321907503,78.506842581973387,4.3791294146966049,0.9072311098661574,1
5,2021-09-14,3905,9111.3233859676457,95.453252359297039,5.3119592843037946,0.44864215734827173,1,5521.5068545021668,74.306842581973342,4.1351647281211683,0.56978829993446511,1
5,2021-09-15,3906,20543.643267050091,143.33053850122133,8.1999221088258434,0.025545424742804704,0,15204.577427535554,123.30684258197334,7.0543689797747851,0.026036772760635072,0
5,2021-09-16,3907,11705.279573330701,108.19094034775139,6.1613907199949542,0.6987461916852995,1,9762.0622136610054,98.803148804382772,5.626763222437015,0.60210998018203998,1
5,2021-09-17,3908,5243.6693520124199,72.413184932113154,4.0832967707292855,0.23230569112921121,0,7536.1663553243498,86.811095807646325,4.8951785162764363,0.054867331631975318,0
5,2021-09-22,3909,8075.3707664568856,89.863066754128113,5.1444393607813206,0.06512111166630194,0,442.9758637184583,21.046991797367582,1.2048884701950757,0.36079592560607654,1
5,2021-09-24,3910,7942.8294292342134,89.122552865333773,5.0773402190698897,0.065799633282170464,0,344.49567503255224,18.560594684237685,1.0574029900437354,0.082630580260314654,0
5,2021-09-27,3911,12248.413957730088,110.67255286533373,6.3834204969190331,0.033547176715832419,0,1608.8598059231929,40.11059468423764,2.3135166364376434,0.15732714197904504,0
5,2021-09-28,3912,8985.917004048546,94.794076840531261,5.4568734329523219,0.65318013741508085,1,1272.8060459346291,35.676407413508286,2.0537321137212263,0.41142796556528272,1
5,2021-09-29,3913,7039.8796341235766,83.903990573295005,4.8143212401477511,0.41736563197302823,1,2113.7441504796275,45.975473357863621,2.6380234885163887,0.70118205487127694,1
5,2021-09-30,3914,3998.236919971951,63.231613295660509,3.5658600476898639,0.14942222840372205,0,88.17771094747873,9.3902987677431611,0.52955301101047014,0.12873039299542638,0
5,2021-10-08,3915,3798.2871592976412,61.630245491135611,3.5064003351711435,0.010711319391561142,0,4485.7180308711504,66.97550321476615,3.8105142215325092,0.026431656845744181,0
5,2021-10-11,3916,6015.0628518256535,77.556836267511926,4.3873192627640742,0.19284746071562972,0,2949.9545052623666,54.313483641379207,3.0724640724864494,0.11406975390899719,0
5,2021-10-12,3917,3613.5950026824412,60.113184932113199,3.3663652871206358,0.29474802546367951,1,10958.269744886493,104.68175459403847,5.8622251550673941,0.12757590190803833,0
5,2021-10-13,3918,2913.2529141989021,53.974558026897284,3.000753768104591,0.28334105348950933,1,33.558168589932116,5.7929412727846739,0.32206267152858586,0.059574812431870253,0
5,2021-10-14,3919,12128.911745075049,110.13133861474239,6.2296766476082466,0.39041317585860424,1,11198.056339973518,105.82086911367492,5.9858511250205009,0.43293142884825164,1
5,2021-10-18,3920,5917.57916322862,76.925802974220687,4.3265356003498701,0.21365436164898635,0,115.43572450633371,10.744101847354841,0.60428019388947363,0.30101871636883915,1
5,2021-10-20,3921,6705.2603184901682,81.885653923566906,4.6021274615616763,0.33410127395193451,1,9131.1059116360757,95.556820330293931,5.3704726763499089,0.36120685498886257,1
5,2021-10-21,3922,2864.5501145887538,53.521492081114047,2.9598502464324095,0.10134598844849907,0,3780.399394127131,61.484952582946107,3.4002462371323712,0.21097022662183021,0
5,2021-10-22,3923,5307.2261751552842,72.850711562449987,4.0354915697244138,0.39539600956792942,1,1779.9459282120763,42.189405402447619,2.3370394905108776,0.5870592167728822,1
5,2021-10-25,3924,11178.946771758265,105.73053850122142,5.9214549299219525,0.28149071240221557,1,7345.6628653711741,85.706842581973433,4.8000247868709049,0.62312868134334265,1
5,2021-10-26,3925,6512.5945071009965,80.700647501126014,4.4952317226640313,0.028708252618609712,0,5777.0401192808831,76.006842581973387,4.2337748270142539,0.084266498383188601,0
5,2021-10-27,3926,4839.6193895792894,69.56737302485476,3.8573536470670784,0.11615561250687019,0,4387.0689436651191,66.234952582946107,3.6725784631519884,0.074217406993327642,0
5,2021-10-28,3927,14488.931575560106,120.36997788302574,6.8038310987211785,0.56894153667156944,1,6110.4510393245555,78.169374049716907,4.4184706808194276,0.60942442143009112,1
5,2021-10-29,3928,5907.9774862589566,76.863368949447931,4.2849464237622881,0.26879868741655644,1,6458.8258100017374,80.366820330293876,4.480255342306493,0.043843733693096625,0
5,2021-11-01,3929,7310.3607231117985,85.500647501125968,4.7753719735890963,0.012288584449563537,0,6529.7458080678198,80.806842581973342,4.5132141406893984,0.12821661996850006,0
5,2021-11-02,3930,3108.1418397195048,55.750711562450078,3.0592757462863931,0.31775623198207292,1,2391.8792513379344,48.906842581973478,2.683723904956429,0.35740454939793653,1
5,2021-11-08,3931,4093.5093069062759,63.980538501221417,3.5013702457845683,0.22156599093551463,0,1932.2040097763929,43.956842581973433,2.4055624463401428,0.024985812163180146,0
5,2021-11-09,3932,853.08233590596001,29.20757326287071,1.5708063495143976,0.40320880130636527,1,140.58471601369519,11.856842581973297,0.63767035505933611,0.58188387366690553,1
5,2021-11-10,3933,3181.619059747643,56.405842425653418,3.0359999152620389,0.080830711337253669,0,178.40524375961508,13.356842581973297,0.71892150180167369,0.051932625343307809,0
5,2021-11-11,3934,7394.080299607137,85.988838226871849,4.6216891901250623,0.25681621746774369,1,114.63647807515953,10.706842581973433,0.57546653312049845,0.32530102976270514,1
5,2021-11-12,3935,7306.180838546411,85.476200421792328,4.5957417292215883,0.39863237985967165,1,128.97787343172189,11.356842581973297,0.61061576331917278,0.22137920377923168,0
5,2021-11-15,3936,7426.3375191369278,86.176200421792373,4.6351226560774723,0.33227040203899755,1,145.36745304648559,12.056842581973342,0.64849626624211176,0.26792440374278315,1
5,2021-11-16,3937,6476.4188343284877,80.476200421792328,4.3153091544743587,0.16408666366583374,0,40.409447611988931,6.3568425819732965,0.34086774529322195,0.46399076155994429,1
5,2021-11-17,3938,10482.289271199043,102.38305167946032,5.5035774702714795,0.23258305213363187,0,120.05239936614625,10.956842581973433,0.58898256098335933,0.13406848007887046,0
5,2021-11-18,3939,14282.411482742595,119.50904351865006,6.580713279846373,0.21965987539564316,0,3047.7954678707952,55.206842581973433,3.0399406724469826,0.076063696301528747,0
5,2021-11-22,3940,17491.607855719303,132.25584242565355,7.4215562091778322,0.34892198314753586,1,7957.8607634449882,89.206842581973433,5.0058551994598037,0.36079563741755721,1
5,2021-11-24,3941,5480.1349594598651,74.027933643050346,4.1108359419730309,0.053200709936291328,0,4964.1666666209849,70.456842581973433,3.9125301300518349,0.0036179867648663908,0
5,2021-11-26,3942,7899.2870886584442,88.877933643050255,4.9765073850359896,0.26045961114750477,1,7277.2573913055803,85.306842581973342,4.7765526796367945,0.14098862332846793,0
5,2021-11-29,3943,5431.7948848114356,73.700711562449897,4.0844996432304308,0.15805414921113536,0,3735.651521531106,61.119976452311448,3.3872742436439509,0.23832620732849899,0
5,2021-11-30,3944,7517.0022771145086,86.700647501126014,4.8456418891225939,0.24984856890139712,0,6725.1222302645638,82.006842581973387,4.5833082342866218,0.051405486126758201,0
5,2021-12-01,3945,12764.782875179058,112.9813386147423,6.4012089866709516,0.69205506411496143,1,11290.516595490273,106.25684258197339,6.0202177100268202,0.44681218462506084,1
5,2021-12-02,3946,10218.586137728604,101.0870225980002,5.719047415801545,0.18083191452139111,0,11261.638861441714,106.12086911367487,6.0038397280798215,0.53952654216155738,1
5,2021-12-03,3947,5518.1764246651301,74.284429220834227,4.176450072854931,0.18850693104215172,0,291.36723526724114,17.069482571748949,0.95968754795766154,0.27704355174002898,1
5,2021-12-06,3948,5542.9741946553431,74.451153078077596,4.1794792195850112,0.570283330615037,1,9.7579828463494671,3.1237770161055778,0.17536009296912891,0.87233997327290314,1
5,2021-12-07,3949,2933.0544226344668,54.15768110466388,3.0360848247933561,0.30470183802008,1,2307.6865496439914,48.038386209821738,2.6930365629454953,0.15250169340089265,0
5,2021-12-08,3950,2998.3673044238426,54.757349318825163,3.0829237011978243,0.08866343339243006,0,5360.2046430843839,73.213418463314383,4.1220290213841393,0.14370002222544789,0
5,2021-12-09,3951,3515.7234162823511,59.293536041311881,3.331565446906132,0.41241137459875454,1,9747.9593652174262,98.731754594038421,5.5475069304137339,0.50669288767469423,1
5,2021-12-10,3952,3891.5731572928908,62.382474760888499,3.4893430339461067,0.54131482739291603,1,0.071322658945530124,0.2670630242948846,0.014938081681110002,0.82019200435196915,1
5,2021-12-13,3953,5578.4023693033987,74.688703090249192,4.2033149355759569,0.26336775434507237,1,77.760339329848904,8.8181823143916063,0.49626778740455879,0.19360057356523561,0
5,2021-12-14,3954,7576.5278753315752,87.043252899530216,4.921451553418156,0.23285235047716057,0,972.32164108918403,31.182072430952758,1.7630437017472511,0.1914939814009485,0
5,2021-12-15,3955,860.49315680767893,29.334163645955186,1.6335781949075674,0.055745662086339298,0,5709.6721133726523,75.562372338172736,4.2079619278372071,0.023042701399278526,0
5,2021-12-16,3956,3479.1513212214841,58.984331150073103,3.2629491149014278,0.16828112459019393,0,4039.4722389897397,63.556842581973342,3.5158954794475492,0.14471025162536641,0
5,2021-12-17,3957,6691.3564121231466,81.800711562450033,4.5538446563742152,0.47681634601412887,1,5618.5282498587458,74.956842581973433,4.1728465502406857,0.4894247589518142,1
5,2021-12-20,3958,6756.9464496043747,82.200647501126014,4.5826144948362932,0.20530268417051198,0,6007.3106470268031,77.506842581973387,4.3209389592737777,0.23361667436189462,0
5,2021-12-21,3959,6914.0301798565215,83.150647501126059,4.638032546916893,0.25409935087278956,1,6155.4761479325598,78.456842581973433,4.3762183501770098,0.16773537992077356,0
5,2021-12-22,3960,4605.9803212947772,67.867373024854714,3.7595486940424721,0.5885126406990997,1,1983.2237673451164,44.533400581418846,2.4669510625647488,0.54828526275341383,1
5,2021-12-23,3961,7030.9418295291844,83.850711562449987,4.6733014664873895,0.46174539831242717,1,5079.4095435130412,71.269976452311539,3.9721318908909868,0.68820652070360055,1
5,2021-12-29,3962,4914.1007800771376,70.100647501126105,3.8818643575671352,0.052839591248589966,0,4278.0550565430594,65.406842581973478,3.6219421647408967,0.014822464398907637,0
5,2021-12-30,3963,4023.1027662271808,63.42793364305021,3.5015973083278245,0.15642022953290644,0,3582.8416038831315,59.856842581973297,3.3044519477737273,0.1031813515767933,0
5,2022-01-04,3964,4228.9709377588351,65.030538501221372,3.5608782204638674,0.24748082173757138,0,2025.6158791985329,45.006842581973387,2.4644403877877283,0.20570238124886767,0
5,2022-01-05,3965,9852.0658500341833,99.257573262870892,5.5471301457440356,0.19214553467251047,0,6708.730861748184,81.906842581973478,4.5774634689676974,0.35689680419914899,1
5,2022-01-06,3966,6947.3304388569795,83.350647501126105,4.6497069899099692,0.18120825166849408,0,6186.898884965356,78.656842581973478,4.3878635826159478,0.11142699986571299,0
5,2022-01-07,3967,4781.8120498249918,69.150647501126059,3.8272441610098551,0.22790589734172781,0,4154.6845556373037,64.456842581973433,3.5674586330514408,0.17537967632678958,0
5,2022-01-11,3968,2854.5440933661766,53.42793364305021,2.9333443309020648,0.48428255480675603,1,2485.7047522436656,49.856842581973297,2.7372813540119298,0.24027398393629573,0
5,2022-01-12,3969,4659.0963077361876,68.257573262870892,3.7496950181487567,0.53455948587468249,1,2591.5066216658283,50.906842581973478,2.796541466309967,0.40965925406207709,1
5,2022-01-13,3970,4310.9169267692405,65.657573262870756,3.6017210160931872,0.3048671448319431,1,2333.551040239553,48.306842581973342,2.6499269086904929,0.18898321713966018,0
5,2022-01-14,3971,5091.9032619659738,71.357573262870801,3.9266789524210095,0.11293627708443059,0,2916.7390456740541,54.006842581973387,2.9718994404717782,0.094015218814070697,0
5,2022-01-18,3972,3801.6563406662744,61.657573262870756,3.3748911170459377,0.36741630637413636,1,1963.0962995837663,44.306842581973342,2.4251809070841208,0.62681981492496175,1
5,2022-01-19,3973,1871.2176445926427,43.257573262870892,2.344139229028146,0.05312534302925271,0,671.1644925671543,25.906842581973478,1.4038985873668128,0.045554110747757885,0
5,2022-01-20,3974,6415.0412122764301,80.093952407634561,4.3586173491311806,0.32442804654587781,1,1132.7830525877432,33.656842581973478,1.831565225401256,0.57913265777288248,1
5,2022-01-21,3975,6840.2563713370428,82.7058424256536,4.5154969658033197,0.24651492909565056,0,1572.665163571425,39.656842581973478,2.165147553066908,0.35643732399069689,1
5,2022-01-24,3976,4489.7829191715136,67.005842425653555,3.6272312253371708,0.18320798614064832,0,573.93030649745549,23.956842581973433,1.2968571743611452,0.080106480941571787,0
5,2022-01-25,3977,11568.259239892008,107.55584242565351,5.9530008261050789,0.53819785873098458,1,4161.1327398954954,64.506842581973387,3.5703247589303109,0.37267240297631959,1
5,2022-01-27,3978,10091.724025865036,100.45757326287071,5.6179612036389956,0.14815782644523612,0,6906.7472839448901,83.106842581973297,4.6476437984494199,0.22434089750216524,0
5,2022-01-28,3979,2727.7570526228751,52.227933643050392,2.8655730079584325,0.36763296649328853,1,2367.4883300469473,48.656842581973478,2.6696391189494939,0.76884939447997647,1
5,2022-02-08,3980,3697.5609661194053,60.807573262870847,3.3268176640152558,0.13718564726292873,0,1888.4971671944195,43.456842581973433,2.3775491072312853,0.22764976927841074,0
5,2022-02-09,3981,2836.3691098500603,53.257573262870892,2.9017665983529515,0.12235436527921238,0,1289.3013442066238,35.906842581973478,1.956403006618546,0.072716151142742838,0
5,2022-02-10,3982,389.34544660707837,19.731838399071648,1.0573554322574095,0.15548372721216558,0,26.079841157055686,5.1068425819732965,0.27365659684233828,0.10324234939669416,0
5,2022-02-14,3983,6835.4575371820338,82.676825877521651,4.4725231060843171,0.098831353094226262,0,515.60070004252191,22.706842581973433,1.2283596647087411,0.11654051959751639,0
5,2022-02-15,3984,2449.8436906054553,49.495895694546789,2.6573550786291631,0.16196888870505827,0,74.940923489069235,8.6568425819734784,0.46477196295358519,0.11129557709457143,0
5,2022-02-16,3985,1427.0885733805826,37.77682587752156,1.9951319484286123,0.11458149390383281,0,492.53623618131166,22.193157418026658,1.1721015827207826,0.13649502529955179,0
5,2022-02-17,3986,2745.3445046226361,52.396035199456037,2.7670065060971716,0.24388343387160114,0,499.21668340671357,22.343157418026522,1.1799301551556043,0.087710135156662622,0
5,2022-02-18,3987,3901.925404443899,62.465393654758145,3.2874792723939872,0.31783740829397739,1,831.92772984105841,28.843157418026522,1.5179810230001856,0.17713181586898741,0
5,2022-02-22,3988,1202.4378317105577,34.676185368499773,1.7908477698961822,0.24362223596404517,0,4230.6123269061845,65.043157418026567,3.3591466930757923,0.14451551932097953,0
5,2022-02-24,3989,21595.884166807362,146.95538155102508,7.7968687155679701,0.26388476608599498,1,183.41711284944802,13.543157418026567,0.71854612786643501,0.19726413144139091,0
5,2022-02-25,3990,3736.4105377042015,61.126185368499819,3.2005751953556469,0.21074698755807883,0,1489.4317994925755,38.593157418026522,2.0207428550947206,0.2523642242842668,1
5,2022-02-28,3991,5529.5497701971062,74.360942504765944,3.8558953852613915,0.32371478438240353,1,3276.7790711849752,57.243157418026613,2.9682736540330108,0.23673798671068935,0
5,2022-03-02,3992,11962.197115072529,109.37182962295424,5.6681089149540957,0.28673262192207483,1,3403.924017504623,58.343157418026522,3.0235881746489701,0.30471537212696831,1
5,2022-03-03,3993,3313.2621020369761,57.56094250476599,2.9589750940608641,0.10195542815609362,0,5482.3891604306627,74.043157418026567,3.8062590560852603,0.070361153088983303,0
5,2022-03-04,3994,1186.3408826976431,34.443299532676065,1.7387263450706008,0.1567916842578746,0,12032.588784335976,109.69315741802666,5.5374016213446406,0.024292165458584772,0
5,2022-03-07,3995,109.3555243875381,10.457319177855197,0.51285251356539552,0.19452535578232266,0,28154.543676310645,167.79315741802657,8.2289869016466781,0.39247946774841397,1
5,2022-03-08,3996,3951.5135636242539,62.861065562271961,3.1605945780216178,0.23813449100793588,0,13839.912487282611,117.6431574180267,5.9149860434424406,0.6462033659253682,1
5,2022-03-09,3997,3042.7431539652857,55.161065562272142,2.7627499530337647,0.74047587288466366,1,15710.907111520177,125.34315741802652,6.2778301822110842,0.15590198293650137,0
5,2022-03-10,3998,5337.9193010946083,73.061065562272006,3.6923770941664733,0.056472354355179305,0,11544.032075954858,107.44315741802666,5.4299872349535887,0.37430894818352506,1
5,2022-03-11,3999,9547.4523333146353,97.711065562272097,5.0004383491861573,0.16168893453907207,0,6854.7069152461272,82.793157418026567,4.2370030151749738,0.41736297502456343,1
5,2022-03-14,4000,18457.211174193584,135.85731917785506,7.0993817666686718,0.30077972951291088,1,1797.1797958695925,42.393157418026703,2.2153036040042173,0.19595459557982534,0
5,2022-03-15,4001,10418.762876754738,102.07234138959848,5.3351631501985404,0.25266824874103294,1,1759.2284541933648,41.943157418026658,2.1923038583538919,0.14752723563591136,0
5,2022-03-16,4002,568.75790625537297,23.848645795000039,1.2232270302361981,0.018345810861605239,0,6145.4871299675151,78.393157418026703,4.0208836159324344,0.029306044260610665,0
5,2022-03-17,4003,10004.468777057395,100.02234138959852,5.222416989406006,0.14379976802566194,0,1935.3978996072699,43.993157418026613,2.2969929470318036,0.34671053709570293,1
5,2022-03-22,4004,1059.549405188169,32.550720501828664,1.6850379449633059,0.042989728663283322,0,3659.4220944021481,60.493157418026613,3.1315210259105273,0.13768484141836168,0
5,2022-03-23,4005,1.0408848446212589,1.0202376412489684,0.051915206658302897,0.25461487763895813,1,8825.3168256681365,93.943157418026658,4.7803357122952708,0.16942267615831955,0
5,2022-03-24,4006,3778.8487559193532,61.472341389598569,3.1462965190704559,0.38204895167910269,1,6813.3728365371144,82.543157418026567,4.2247495863459186,0.11764154758951834,0
5,2022-03-25,4007,8946.2131514138,94.584423407947043,4.8829107874317668,0.076760766799992983,0,4328.7395630332239,65.793157418026567,3.3965647462908324,0.099474323165874567,0
5,2022-03-28,4008,16617.809271073613,128.91008211568874,6.7492189589365825,0.018077055062301933,0,1501.0322467179906,38.743157418026613,2.0284375611532259,0.029661742444387094,0
5,2022-03-29,4009,1572.0151133773886,39.64864579500022,2.0502441138144234,0.30794850166761678,1,3917.9033555578485,62.593157418026522,3.2367121244163988,0.075623019458721269,0
5,2022-03-30,4010,5346.8768102969798,73.122341389598432,3.7650202811110587,0.35654209722465363,1,5025.8397686971148,70.893157418026703,3.6502410945615273,0.46561568524902397,1
5,2022-03-31,4011,10347.985917878508,101.72505059167338,5.270318399692945,0.25572996126611408,1,3468.4039906644739,58.893157418026703,3.0512217919864622,0.32021235931682906,1
5,2022-04-06,4012,4973.0919989706417,70.520153140578486,3.6493558859748747,0.17459138051499573,0,3738.4856990455937,61.143157418026703,3.1641046066045697,0.30414208970457313,1
5,2022-04-07,4013,1030.3230618728737,32.098645795000039,1.6533762127845903,0.10291536219955238,0,4920.0625325700748,70.143157418026703,3.6130193374897859,0.14167728005827709,0
5,2022-04-08,4014,481.74305223437887,21.948645795000175,1.1246776047244589,0.23233191484849391,0,6446.9911281559944,80.293157418026567,4.1143274534614322,0.54859600912976025,1
5,2022-04-11,4015,159.98824044737677,12.64864579500022,0.64505932605758831,0.15290001809997317,0,8026.9338561312807,89.593157418026522,4.5690979635375744,0.14523831280320723,0
5,2022-04-12,4016,1483.9707861367756,38.522341389598523,1.9487715386163413,0.13242437120547704,0,11128.806262024544,105.49315741802661,5.3366969732149538,0.17840404732308449,0
5,2022-04-13,4017,7311.5016329835953,85.507319177855152,4.3537331556952727,0.41305234930157614,1,8601.2932478648654,92.743157418026613,4.7221566913455506,0.48891392018805607,1
5,2022-04-19,4018,7394.7444661254212,85.992700074630875,4.4108999550989143,0.41174296391335585,1,6129.8184984838881,78.293157418026567,4.0159604738543031,0.45427737812935526,1
5,2022-04-20,4019,11195.188791604505,105.80731917785511,5.4436033944464217,0.57398167535104794,1,5248.0110566929907,72.443157418026658,3.7270750330826079,0.71374671846849258,1
5,2022-04-21,4020,11654.782764069301,107.9573191778552,5.5603677050735341,0.24660249618759114,0,4941.127979795463,70.293157418026567,3.6204659894427942,0.1230945344095782,0
5,2022-04-22,4021,23872.511679527608,154.50731917785515,8.1534205370899802,0.098904236098854237,0,563.7375241771922,23.743157418026613,1.2529370669143332,0.14103074249731049,0
5,2022-04-25,4022,4738.8678330359926,68.839435159187587,3.6143775679506245,0.20122822666459642,0,1111.7661466032971,33.343157418026522,1.750664570934922,0.29411919449070822,1
5,2022-04-26,4023,6153.0704700602973,78.441509866016077,4.1595879661690569,0.38062961166966824,1,211.50342768550115,14.543157418026567,0.77119299066849978,0.46802887337198151,1
5,2022-04-27,4024,3202.5688516652917,56.591243595323931,2.9966239658630625,0.2247041159921879,0,297.32647774284618,17.243157418026613,0.91306102292965907,0.40537645292869756,1
5,2022-04-28,4025,3936.4636478877878,62.741243595324022,3.3331337740231106,0.22515693565206424,0,123.05814150111684,11.093157418026522,0.58932490865282872,0.12227260711632243,0
5,2022-05-06,4026,7221.3245872546895,84.978377174753632,4.5665203490114266,0.34529782244024587,1,107.2641882677753,10.356842581973297,0.55655019517294302,0.13977444740411601,0
5,2022-05-09,4027,5377.8789073798453,73.334022850105839,3.9483146875982369,0.38920933478985226,1,193.40027059979076,13.906842581973478,0.74874647115371251,0.22669833502105929,0
5,2022-05-10,4028,6101.8263782168679,78.114188072442175,4.2179426049538149,0.18824135985975446,0,372.75417048509905,19.306842581973342,1.0425142461715133,0.039116183699602007,0
5,2022-05-11,4029,6423.4457126360312,80.146401744782224,4.3627773737667583,0.041747024455625538,0,1170.108079427911,34.206842581973433,1.8620528881616412,0.2525487250005119,1
5,2022-05-12,4030,7872.1998512525806,88.725418292914128,4.8977625951761823,0.41342962584977871,1,3564.9070511085561,59.706842581973433,3.295898130439316,0.28648829452595626,1
5,2022-05-13,4031,2223.5910452482299,47.15496840469973,2.5838338851890263,0.23012363546314765,0,2139.6954856534662,46.256842581973387,2.5346215113410073,0.20671066785536507,0
5,2022-05-17,4032,3782.8611384631008,61.504968404699639,3.3968446913925741,0.23067293752869117,0,3673.1893677560915,60.606842581973297,3.3472422932081463,0.31163229806338316,1
5,2022-05-18,4033,653.22630055134562,25.558292207253317,1.3860245231699195,0.4215723076830295,1,742.93546753847772,27.256842581973387,1.4781367994562575,0.34766317537512254,1
5,2022-05-19,4034,1241.0988958793175,35.229233540900623,1.9206865958401824,0.45719412565346212,1,1373.2095821451528,37.056842581973342,2.020327258857995,0.81804772570546047,1
5,2022-05-20,4035,881.0115307486069,29.681838399071694,1.599064669705403,0.53551601453537667,1,226.70850853832565,15.056842581973342,0.81116488427827504,0.3748818134028627,1
5,2022-05-23,4036,1100.6083789098243,33.175418292914173,1.7768420702112462,0.49553034528812168,1,17.279340251307936,4.1568425819734784,0.22263631203328577,0.23735990551904496,0
5,2022-05-24,4037,7060.5074670513268,84.02682587752156,4.5488753723214357,0.12999890134112677,0,578.7316750138458,24.056842581973342,1.3023409799682406,0.13587497525151204,0
5,2022-05-25,4038,4822.4625259938011,69.44395240763447,3.7572813422228846,0.48011009239062691,1,529.31480559170393,23.006842581973387,1.2447906171769723,0.11384385912142561,0
5,2022-05-26,4039,3906.9803373406316,62.505842425653555,3.3754100024653608,0.21750125281130073,0,378.56872325969459,19.456842581973433,1.0506989189962974,0.19160169623952497,0
5,2022-05-27,4040,5386.9575048047718,73.395895694546653,3.9917276170417493,0.20977016450257233,0,1059.9479989073927,32.556842581973342,1.7706446175000456,0.29489814454082092,1
5,2022-05-31,4041,4817.1709628146318,69.405842425653418,3.7620381823217204,0.44818311067109834,1,694.68315089092084,26.356842581973297,1.4286325861549838,0.019455505384603153,0
5,2022-06-01,4042,2817.0000269677939,53.075418292914037,2.8732902930334583,0.13224888171644336,0,578.7316750138458,24.056842581973342,1.3023409799682406,0.35374340191705533,1
5,2022-06-06,4043,4636.7863544932006,68.093952407634561,3.6815501950494469,0.49597256873326223,1,469.01883062037967,21.656842581973478,1.1708933056862825,0.63924002454228623,1
5,2022-06-07,4044,6127.2614694598287,78.27682587752156,4.2244435023892475,0.3401233584276025,1,335.14048532115237,18.306842581973342,0.98798362513685434,0.24588166766135747,0
5,2022-06-08,4045,7460.9560486757018,86.376825877521696,4.6820514338575876,0.34132662684838116,1,697.32133514912778,26.406842581973478,1.4313815530787586,0.41702996123232305,1
5,2022-06-09,4046,8086.9620278005059,89.927537650046361,4.9140730956309486,0.42477435882757203,1,1702.1270598337326,41.256842581973387,2.2544722722389827,0.3491162143155464,1
5,2022-06-10,4047,4819.8887051461015,69.425418292914173,3.7919774035510376,0.30948943783521765,1,1632.7129274443851,40.406842581973478,2.2069990759468814,0.10837356952367586,0
5,2022-06-13,4048,6719.9692042982406,81.975418292914128,4.5083549630376796,0.2492147192304196,0,2804.4271762519147,52.956842581973433,2.9124370336013548,0.18323353449795593,0
5,2022-06-14,4049,3860.3653428483653,62.131838399071739,3.4068177326427271,0.24458292654652206,0,2256.9000921083998,47.506842581973387,2.6048988393131398,0.15426927862470086,0
5,2022-06-15,4050,3526.2027316534709,59.381838399071739,3.2511272049861337,0.11517555785199311,0,2003.1749579075463,44.756842581973387,2.4504156902257535,0.23906222242525429,0
5,2022-06-16,4051,1965.3118958414157,44.331838399071785,2.407311145452026,0.62268742428376878,1,882.49649619014997,29.706842581973433,1.6131434162511706,0.055620995552199057,0
5,2022-06-17,4052,5997.5657645159527,77.44395240763447,4.208338671791032,0.31862030330341223,1,961.42428690327813,31.006842581973387,1.684925558047732,0.15069579972775995,0
5,2022-06-21,4053,5752.3051168115362,75.843952407634561,4.1178137420329861,0.32772608867354525,1,864.76239064096865,29.406842581973478,1.5965926965808008,0.20098833412879963,0
5,2022-06-22,4054,5744.7232215707454,75.793952407634379,4.1149873721501908,0.32070535068757633,1,861.82420638276062,29.356842581973297,1.5938347674669253,0.047982405264427631,0
5,2022-06-23,4055,8508.9467557819244,92.243952407634424,5.0532171468752596,0.15675239708048713,0,2098.2668273296863,45.806842581973342,2.5093452344338845,0.22727229039872587,0
5,2022-06-24,4056,3549.9954670131051,59.581838399071785,3.2624343426091982,0.17722767671849271,0,2021.1176949403398,44.956842581973433,2.4616351411035118,0.11364230361341678,0
5,2022-06-27,4057,4466.4946237996455,66.831838399071785,3.6739967784872207,0.36828862907717091,1,2725.5544123789546,52.206842581973433,2.8700059141845156,0.42978690506000516,1
5,2022-06-28,4058,2959.9005871163758,54.40496840469973,2.992984095981281,0.17935231570139729,0,2862.9822030920805,53.506842581973387,2.9435754411758155,0.62679789523889429,1
5,2022-06-29,4059,3042.0705397234256,55.15496840469973,3.0354963348761546,0.48805730686788856,1,2943.8049669650404,54.256842581973387,2.9860672857442703,0.51062982503831267,1
5,2022-06-30,4060,5580.8323043471783,74.704968404699684,4.1561639213719266,0.20606191308773272,0,5447.450011920193,73.806842581973342,4.1061972562226119,0.32512824789752537,1
5,2022-07-01,4061,10573.583937299556,102.8279336430503,5.8029307924971958,0.20189949761928325,0,9851.9207993426462,99.256842581973387,5.6014019515786337,0.39876667708006697,1
5,2022-07-05,4062,11533.527666416443,107.39426272579203,6.1217729422443163,0.31414364578734616,1,10090.835104715487,100.45314880438286,5.7261100612428244,0.32264204326756535,1
5,2022-07-06,4063,14745.51820385941,121.43112535037881,6.9470594324997164,0.21914288535103663,0,16937.353295052151,130.1435872221607,7.4454982821110853,0.11558036969586931,0
5,2022-07-07,4064,9106.9965539740224,95.430585002786302,5.4901958924626797,0.20127024944943761,0,71.38208816690198,8.4487921128941252,0.48606559158290907,0.36856025345539356,1
5,2022-07-08,4065,9769.432081034176,98.840437478969989,5.6804849125844816,0.36037574863017274,1,7265.666700991289,85.238880219013254,4.8987862194835206,0.16849281441146463,0
5,2022-07-11,4066,12079.001265258099,109.90450975850854,6.3502923532968474,0.26969170600650316,1,4564.3053447363591,67.5596428701067,3.9036021765821167,0.31835830177918101,1
5,2022-07-12,4067,12752.9796567496,112.92909127744542,6.5481323946100787,0.78285240997288952,1,12309.903542282473,110.95000469708179,6.4333761276285397,0.75010607856046529,1
5,2022-07-13,4068,18089.735360347808,134.49808682783487,7.9083957680857795,0.51581710404469006,1,886.77214829934792,29.778719722300821,1.7509684084377501,0.79430634506187026,1
5,2022-07-14,4069,10713.094769668534,103.50408093243732,6.0665287889363375,0.057767663549981967,0,1532.4877932441818,39.147002353234939,2.2944642823453352,0.191743566714038,0
5,2022-07-15,4070,7798.4795814717645,88.309000568864803,5.1550743159198396,0.027722609908930804,0,4.2518729271404645,2.0620070143286284,0.12037050957815758,0.054459009136293021,0
5,2022-07-19,4071,9985.8059805603243,99.92900470113932,5.8461946235967543,0.061188169056262252,0,2.8493203196757513,1.6879929856713716,0.098753465492972065,0.21961428086627668,0
5,2022-07-20,4072,10842.849620049905,104.12900470113937,6.1069148261767268,0.43288278116430079,1,34.66846139931581,5.887992985671417,0.34531657883240968,0.23489678852923318,0
5,2022-07-21,4073,3664.8188277760255,60.537747131653532,3.4852901425863454,0.54318334778842259,1,674.02580821205368,25.962007014328719,1.4946893701216915,0.41035859725994001,1
5,2022-07-22,4074,13326.06132811026,115.43856083696755,6.7158392481800888,0.037234600199504288,0,65.530913643010862,8.0951166540705799,0.4709475044546268,0.012481479761072277,0
5,2022-07-25,4075,10935.158383465865,104.57130764921067,6.0795504577896384,0.26126996565822352,1,787.95548037954666,28.070544711129969,1.6319609727118383,0.0010808954365566317,0
5,2022-07-26,4076,14704.285976138139,121.26123030935378,7.0745445179168502,0.46370442918708227,1,12333.570764690299,111.05661063030107,6.4791931758292387,0.79961090232997412,1
5,2022-07-27,4077,4377.584695084116,66.163318350005056,3.7732146193330514,0.25469102307602637,1,249.46839066024552,15.794568391071834,0.90074527465479526,0.57657353103572861,1
5,2022-07-28,4078,8823.7278320589085,93.934699829503415,5.3572886865235203,0.29152270728830187,1,268.93139424263723,16.399127850060722,0.93527591251629538,0.19544876973617814,0
5,2022-07-29,4079,2097.3974752469671,45.79735227332435,2.5839174155565532,0.24027418219315616,0,1034.9674264562759,32.170909630538517,1.8151043573989234,0.17634543103675379,0
5,2022-08-01,4080,9726.0885705255005,98.620933733794573,5.5412801648430721,0.5243940263823359,1,10232.314907179503,101.15490550230129,5.6836581262706156,0.49827633223481288,1
5,2022-08-02,4081,11417.382607053138,106.85215302956294,6.0668362259510538,0.098669359646518878,0,10872.227989365603,104.26997645231154,5.9202257744392641,0.27069229382177923,1
5,2022-08-03,4082,7731.8543832233299,87.93096373418939,4.9310769254256055,0.53461241626298717,1,10123.354731536232,100.61488325062169,5.6423779301604799,0.21894524274799135,0
5,2022-08-04,4083,8689.5478025491575,93.217744032717064,5.2568867352441595,0.36138065326290714,1,11574.627426358844,107.58544244626614,6.0671333678988377,0.33773202484373843,1
5,2022-08-05,4084,7574.8649739778057,87.033700219959655,4.8784339127244003,0.15820584755176265,0,7605.0333931170944,87.206842581973433,4.8881389300733407,0.19145732866770065,0
5,2022-08-08,4085,5131.4773993183471,71.634331150073194,3.9906593771802008,0.17168235028813045,0,6170.3233936321985,78.551406057639724,4.3760010059686207,0.10837044978108513,0
5,2022-08-10,4086,7030.9310863581059,83.850647501126105,4.6789044975797172,0.15419783931859518,0,6265.8057275473293,79.156842581973478,4.4169880353760105,0.036343652410739273,0
5,2022-08-12,4087,12298.967825057718,110.90071156244994,6.2755042758289914,0.26275507100019713,1,10827.82648812958,104.05684258197334,5.888232377884413,0.64261728116409844,1
5,2022-08-17,4088,9509.919179918732,97.518814491967305,5.5234241166756712,0.46597217001984415,1,6686.2305324825393,81.769374049717044,4.6313825181794366,0.20344104732644769,0
5,2022-08-18,4089,12875.025535765486,113.4681697030735,6.4811177896943306,0.24582351697854024,0,14157.418941165934,118.98495258294611,6.796227478677487,0.52932230900006938,1
5,2022-08-19,4090,11954.966221812752,109.33876815573126,6.3083091392315742,0.46336102004857804,1,338.19480603998454,18.390073573533755,1.0610167935112509,0.20913127992728303,0
5,2022-08-22,4091,10337.868215785709,101.67530779784101,5.8214942485380332,0.59601785499345972,1,7319.2040981948212,85.552347122652463,4.898362321299274,0.49290813977113157,1
5,2022-08-23,4092,6146.3827565177744,78.398869612499993,4.4910989953598941,0.4325604945634412,1,4695.8772423521923,68.526471106808003,3.9255561599867095,0.51804964270130482,1
5,2022-08-24,4093,7988.9295492891115,89.380811974881453,5.0971350674278719,0.36670066999701312,1,3082.8964055879987,55.523836373110953,3.1663674473559897,0.44700133493153071,1
5,2022-08-25,4094,5444.1028049331017,73.784163645955232,4.2132284737162156,0.23834230847774854,0,6088.608350793329,78.029535118398144,4.4556479724995368,0.30639801394829885,1
5,2022-08-26,4095,9678.0508531219348,98.377085000125589,5.6855507715497655,0.16199289638913883,0,13310.164617858818,115.36968673728302,6.6676117862383988,0.2140632870258958,0
5,2022-08-30,4096,20436.215462626682,142.95529183149074,8.4374250033341642,0.46484622545540188,1,25470.295469993765,159.59415863368486,9.4194746286776176,0.48355828499510978,1
5,2022-09-01,4097,14780.473910416311,121.57497238501151,7.099268460438628,0.20487920568003715,0,7261.4551340067692,85.214172142940924,4.9760100521425352,0.13200639253114949,0
5,2022-09-02,4098,16860.919792448829,129.84960451402549,7.6265478981572583,0.022368992622841765,0,3229.2022381425477,56.826070057171364,3.3376054303518949,0.38414561631991184,1
5,2022-09-06,4099,15048.980540198187,122.67428638552656,7.2049033204432238,0.76390212225572129,1,1818.7668097168264,42.647002353234939,2.5047427453225817,0.0096548368467214412,0
5,2022-09-07,4100,10131.110842159187,100.65341942606415,5.8884031606203617,0.2714008192611605,1,3613.3971892360923,60.111539568007174,3.5166314428295653,0.18204655930279434,0
5,2022-09-08,4101,13894.046039150275,117.87300810257739,6.8794798705834825,0.20108894200837307,0,24.021465242898866,4.9011697831128913,0.28604936285239241,0.12907544247096481,0
5,2022-09-09,4102,17382.676324256088,131.84337800684602,7.7334298036100551,0.24339170836152405,0,4706.8223149603673,68.606284806571239,4.024183054613089,0.57256279065123017,1
5,2022-09-13,4103,10740.103814665619,103.63447213483369,6.0821921553397313,0.047051625902677557,0,644.91229592102707,25.395123467331814,1.4904116126141096,0.088262972631881431,0
5,2022-09-14,4104,14126.163677365679,118.85353876669251,7.0365010222421711,0.51836609577084258,1,3.1740414430008541,1.7815839702357152,0.10547534013591352,0.64418602914122869,1
5,2022-09-15,4105,19393.274908101317,139.25973900629469,8.3657068456609309,0.16484254581366659,0,4227.636417361653,65.020276970816212,3.9059428090479207,0.16669398891932402,0
5,2022-09-16,4106,3214.674826243418,56.698102492441649,3.4070307660031633,0.70151524456607406,1,992.08046403211199,31.497308837932678,1.8926965019939714,0.55546021480000474,1
5,2022-09-20,4107,1782.596018919317,42.220800784913081,2.5255451344347586,0.60061164034712877,1,2920.0756461118281,54.037724286944467,3.2324046231161638,0.10601214552628249,0
5,2022-09-21,4108,1774.161858762342,42.120800784913172,2.5194126736796467,0.18346893572023898,0,2383.9164330539693,48.825366696564288,2.9204394351505392,0.48490210534685868,1
5,2022-09-22,4109,4987.2975035023928,70.620800784913172,4.2973682286130872,0.19812641106955939,0,413.12053134980465,20.325366696564288,1.2368251861480688,0.76701782523433981,1
5,2022-09-26,4110,4290.2470366643784,65.499977379113488,4.0078307152367065,0.01883995821526057,0,275.1525970196858,16.587724286944422,1.0149742572933012,0.71434556034725505,1
5,2022-09-27,4111,2288.6045064986611,47.839361476703061,2.8955822096482198,0.48255085628283573,1,1185.956854063611,34.437724286944558,2.0844187444811038,0.037319757086187816,0
5,2022-09-28,4112,2024.9979641207258,44.999977379113488,2.7193604894315619,0.30333760456499381,1,1375.4992927844071,37.087724286944422,2.2412209503833953,0.082950595040457861,0
5,2022-09-29,4113,786.80123096877583,28.049977379113443,1.6778811053754117,0.54705704974187774,1,2920.0756461118281,54.037724286944467,3.2324046231161638,0.055765070134040653,0
5,2022-09-30,4114,1871.997669724806,43.266588376307254,2.5990621959696791,0.64975580270346134,1,1736.8361892931111,41.675366696564424,2.5034761035961086,0.38286026798330136,1
5,2022-10-11,4115,1876.6917806461179,43.32080078491299,2.5930506560268749,0.73207932669937392,1,2268.1755529822321,47.62536669656447,2.8507088077433616,0.46976059023927808,1
5,2022-10-12,4116,4338.9623960457175,65.870800784913172,3.9967720881568578,0.0089314270123106963,0,628.77401496716539,25.075366696564288,1.521471190860038,0.0075938782709565351,0
5,2022-10-13,4117,3441.7685917150802,58.666588376307345,3.5570598663861848,0.57502397812765171,1,997.78432562801845,31.587724286944422,1.9152200501391148,0.61741905545832321,1
5,2022-10-14,4118,1228.500914276364,35.049977379113443,2.1054198756037512,0.56851499922984905,1,1741.0062259627639,41.725366696564379,2.5064043668157008,0.80665997223239061,1
5,2022-10-17,4119,3717.4385483535575,60.970800784913081,3.6884936953970402,0.032904895334748337,0,898.52260859350088,29.975366696564379,1.8133918146741912,0.17691299735423044,0
5,2022-10-18,4120,5816.592502561085,76.266588376307254,4.6740570188335635,0.081912019623185228,0,75.261987319859131,8.6753666965644243,0.53167657636602461,0.091538626978473203,0
5,2022-10-19,4121,4160.2470819061518,64.499977379113488,3.9442290331507057,0.80325959387283652,1,309.32804559357464,17.587724286944422,1.0755044509841878,0.25326962597420177,1
5,2022-10-20,4122,2638.6740009874029,51.36802508358096,3.1260018307367083,0.57189641039862915,1,1180.8773973153297,34.363896713197846,2.091215378864923,0.55578258055003238,1
5,2022-10-21,4123,1644.3006654466119,40.549977379113443,2.4438738815195689,0.048466093386133002,0,1725.3825389382162,41.537724286944467,2.5034036032511358,0.094501766592924794,0
5,2022-10-25,4124,2939.8952377572309,54.220800784913081,3.2668052890443189,0.55570227904149816,1,1767.1702632251606,42.037724286944467,2.5327744712724485,0.20934952881247787,0
5,2022-10-27,4125,4345.5519761242031,65.920800784913126,3.9999272343019405,0.16658208547419293,0,626.26897829751124,25.025366696564333,1.5184834620651275,0.51626504246125093,1
5,2022-10-28,4126,4879.5565769715386,69.853822923098051,4.2619782137338653,0.36444590271863553,1,453.16720531696535,21.287724286944467,1.2988239345298638,0.24882866694724173,0
5,2022-10-31,4127,3324.5125079599807,57.6585857263251,3.5045485929995506,0.23749197636933123,0,758.32625890377119,27.537724286944467,1.673771419963195,0.12299641357946757,0
5,2022-11-01,4128,3516.9434132941751,59.303822923098096,3.5951515821344064,0.28198789524956175,1,1013.6406877714907,31.837724286944422,1.9300854346303187,0.2837478869064074,1
5,2022-11-02,4129,1187.0659140161904,34.45382292309796,2.0576817321487075,0.30848261877150202,1,3213.4980848326441,56.687724286944558,3.3855544844090155,0.22492688839279662,0
5,2022-11-04,4130,5248.178579105007,72.444313642307407,4.3148583127733051,0.10135810514936672,0,3127.6466401451971,55.925366696564424,3.3309727327534726,0.15075034670638279,0
5,2022-11-07,4131,5773.8615644311076,75.985930042548716,4.4300206991720579,0.35407907067858146,1,8505.5182623157652,92.225366696564379,5.3767886137043801,0.20387013466602155,0
5,2022-11-09,4132,7840.3866543234089,88.545957865525452,5.0749940028958562,0.41358215831795103,1,2251.1116702043187,47.445881488326449,2.7193512817496175,0.43828048517370044,1
5,2022-11-10,4133,7970.7042828914291,89.278800859394551,5.0745332571344273,0.28273731324193813,1,135.55846823895021,11.642957881867915,0.6617761037808233,0.16242786569724993,0
5,2022-11-11,4134,7388.9364880999738,85.958923260473512,4.8594563435170732,0.097391745156879594,0,966.61900305049073,31.090496989441817,1.7576175583380527,0.12949577968416051,0
5,2022-11-14,4135,11082.003516185439,105.27109534998408,5.9429867248135082,0.71213941596549279,1,10220.340196190768,101.09569820813726,5.7072683663949677,0.33231400763451863,1
5,2022-11-15,4136,8518.6236931905987,92.296390466749017,5.2056621808657093,0.19581968882775344,0,9654.407114178699,98.256842581973387,5.5418410931739075,0.15562894846711256,0
5,2022-11-16,4137,11682.222640158692,108.08433115007324,6.1460440776795879,0.25707346144233356,1,12691.564180539553,112.65684258197348,6.4060526886144373,0.088537252934650215,0
5,2022-11-17,4138,12926.869205167477,113.69639046674911,6.4910019677294537,0.29207828247565504,1,14317.759976687181,119.65684258197348,6.8312881126954492,0.27106456540418328,1
5,2022-11-18,4139,18559.928742525426,136.23482940322356,7.8277884051495956,0.1858437305470689,0,17123.513250523341,130.8568425819733,7.5187797392538087,0.060421773093948604,0
5,2022-11-21,4140,11747.626305748217,108.38646735523866,6.2185643509704045,0.18743754179968575,0,44195.944094404607,210.22831420720809,12.061637695126542,0.31441330087218528,1
5,2022-11-22,4141,5072.9110690454436,71.2243713137957,4.0656660852125297,0.16062061415635004,0,279.03284809469181,16.704276341544755,0.95352206761679126,0.253962332665565,1
5,2022-11-25,4142,9779.1782903221847,98.889727931278003,5.6620038321993649,0.20928515859260347,0,412.45049562314796,20.308877261511725,1.1627996485363561,0.38158387756013112,1
5,2022-11-28,4143,6217.9815695283987,78.854179150685468,4.49901176189225,0.41694739398498676,1,200.47380530655118,14.158877261511634,0.80783233077603889,0.56240065929896521,1
5,2022-11-29,4144,11871.113642394863,108.95464029767095,6.2135523408993985,0.3962790699307534,1,355.18245212274581,18.846284836082305,1.0747810000617224,0.17605450345671314,0
5,2022-11-30,4145,3057.2157910544006,55.292095195013189,3.0664168369250029,0.18537656052764956,0,1211.3157708621784,34.803961999493367,1.930175637051458,0.30867724712285488,1
5,2022-12-01,4146,7050.7393494621811,83.968680765284034,4.7047867076780516,0.69027570697771967,1,7483.4338135023245,86.506842581973387,4.847000564895553,0.57855861452860313,1
5,2022-12-02,4147,8449.0438736302058,91.91868076528408,5.1732710921479113,0.7979856750033798,1,8922.0951105557087,94.456842581973433,5.3161212619300668,0.42887213992718365,1
5,2022-12-05,4148,9009.5559582219103,94.91868076528408,5.351148988909916,0.36211880834475191,1,9497.8361660475493,97.456842581973433,5.4942407589341204,0.24479355046974058,0
5,2022-12-06,4149,7137.6022098752128,84.484331150073103,4.7404517534548924,0.059612417485711132,0,7931.1212106703806,89.056842581973342,4.9970173146657695,0.2476975188942713,0
5,2022-12-07,4150,6173.0375971970989,78.568680765283943,4.3889439859946897,0.27813784012133891,1,6578.3199136169969,81.106842581973297,4.5307288541168775,0.42953803977999289,1
5,2022-12-08,4151,5266.2134280136916,72.568680765283943,4.0402349895768142,0.05131238973181567,0,5641.0378026333174,75.106842581973297,4.181546228431551,0.30232782623110105,1
5,2022-12-09,4152,6743.4777306306451,82.118680765284125,4.5963663251586322,0.40074249626730823,1,7166.7809959490378,84.656842581973478,4.7384329218612722,0.52636120412319232,1
5,2022-12-12,4153,2040.2097220761441,45.16868076528408,2.4769642052745513,0.29714961858725053,1,2275.9428291411937,47.706842581973433,2.6161521527774632,0.34590664843464364,1
5,2022-12-13,4154,4459.292421635635,66.777933643050346,3.6933676415503083,0.25373670200734039,1,3995.1049491823701,63.206842581973433,3.4958570051698481,0.19314767526024793,0
5,2022-12-14,4155,8331.661170145102,91.277933643050346,5.1177670176361945,0.64871985359011552,1,7692.4902356990679,87.706842581973433,4.9175432470058835,0.44488183652043417,1
5,2022-12-15,4156,5801.6679295237573,76.16868076528408,4.2491802608174991,0.12595243087604197,0,6194.7670692235461,78.706842581973433,4.3907752967545361,0.2857779970938551,1
5,2022-12-16,4157,6294.2806519042115,79.336502644773873,4.430226862004349,0.40427171161408781,1,5583.0748810339974,74.719976452311585,4.172435584783984,0.52611225994256683,1
5,2022-12-19,4158,3005.0877608461119,54.818680765283943,3.022144592606204,0.042099691664785874,0,3289.8073909732652,57.356842581973297,3.1620730239800041,0.0044534554087585169,0
5,2022-12-20,4159,3280.7616824176789,57.277933643050346,3.1513814554235289,0.18955726040059434,0,2884.4249401248749,53.706842581973433,2.9549031708604132,0.75720278965548871,1
5,2022-12-21,4160,5105.8125097166303,71.454968404699684,3.9681772868717546,0.28057286891779842,1,4978.2680351373665,70.556842581973342,3.9183008042413139,0.14435433569051381,0
5,2022-12-22,4161,6170.2042228461405,78.550647501125923,4.3702374263450494,0.27987142601184306,1,5454.8331961783842,73.856842581973297,4.1090932781781069,0.25348766639391096,1
5,2022-12-23,4162,5270.8540175827684,72.600647501126105,4.0258767017565145,0.12191766321971435,0,4611.3392694529266,67.906842581973478,3.765594176503368,0.095575711036728836,0
5,2022-12-28,4163,3868.9205495593337,62.200647501126014,3.4293947622950252,0.19690699662774114,0,3307.0369437478676,57.506842581973387,3.1706046909427092,0.13521735442138369,0
5,2022-12-29,4164,3903.492192305408,62.477933643050392,3.4473437053025293,0.24347004638186476,0,3470.016102977404,58.906842581973478,3.2503016846620949,0.23146871956895265,0
5,2022-12-30,4165,307.22845779517621,17.527933643050346,0.94373195730632353,0.17301062292211497,0,194.79345485798683,13.956842581973433,0.75145870790790037,0.13777986651141322,0
5,2023-01-04,4166,7004.6776696113839,83.69395240763447,4.5634652348764702,0.16115313965704206,0,1388.0723191779455,37.256842581973387,2.0314527034881893,0.099304458691056835,0
5,2023-01-05,4167,4289.4578019734827,65.493952407634424,3.5360086603841068,0.36553144265311427,1,363.16324919411238,19.056842581973342,1.0288760707252642,0.36625999354775091,1
5,2023-01-06,4168,1118.6279388104913,33.445895694546607,1.7803154230190088,0.29205972944734671,1,54.658776607723276,7.3931574180267035,0.39353564623674997,0.10274706737228956,0
5,2023-01-10,4169,5716.2876357047699,75.606134907854994,4.0380342835396696,0.39403863523835536,1,1.1949931405864112,1.0931574180265216,0.058384245361525443,0.39423518990282552,1
5,2023-01-11,4170,4025.3993825306088,63.446035199455991,3.3702178002951313,0.20578870958762138,0,127.53540446832848,11.293157418026567,0.59988618724743392,0.31615667147341114,1
5,2023-01-12,4171,1499.8871985899782,38.728377174753632,2.0306938192986199,0.14636396061611756,0,1288.3187494352453,35.893157418026703,1.8820311678696851,0.41600021057937042,1
5,2023-01-13,4172,2613.7203142932062,51.124556861582732,2.6713636148804856,0.40692866121460236,1,1809.920243094989,42.543157418026567,2.2229677823192899,0.37719182678762009,1
5,2023-01-17,4173,8955.6107813394501,94.634088896863432,4.9270624718521079,0.089243714614981859,0,2444.6258154637644,49.443157418026658,2.5742259289856126,0.14802387879117754,0
5,2023-01-18,4174,12845.229803319553,113.33679809893852,5.9072656154976819,0.23815926649696642,0,2241.3745543080395,47.343157418026522,2.4675887323061878,0.191458685640605,0
5,2023-01-19,4175,13012.382313528258,114.07182962295406,5.9261171813057327,0.87444093856411831,1,2877.5883377751934,53.643157418026703,2.7868022971596811,0.70718479151225699,1
5,2023-01-20,4176,11426.341439051223,106.89406643519192,5.5555359095261121,0.39881238693833698,1,2792.3992859063314,52.843157418026522,2.7463831099228999,0.20392734935889834,0
5,2023-01-30,4177,15807.599718089346,125.72827732093265,6.5350734092693301,0.55742612772415323,1,2771.30202293914,52.643157418026703,2.7362730608673376,0.63707801837164679,1
5,2023-01-31,4178,15278.769354336135,123.60731917785506,6.4181587402178231,0.19106598463458377,0,2985.8746526112468,54.643157418026703,2.8372790600771953,0.42894857970403882,1
5,2023-02-01,4179,18329.11301622145,135.38505462650392,7.0452504163871623,0.55257533508515355,1,2539.4703145580197,50.393157418026703,2.622389999116733,0.65948117008343599,1
5,2023-02-02,4180,33009.459074635779,181.6850546265041,9.6880611420003788,0.32208103588214676,1,16.753937648745541,4.0931574180265216,0.21826098691052451,0.19065119061528132,0
5,2023-02-03,4181,16798.996416973743,129.61094250476594,6.9190413722015718,0.52903473286041636,1,3.9726764930345126,1.9931574180266125,0.1064010365955752,0.3585106482621247,1
5,2023-02-06,4182,8295.2494583491261,91.078260075328217,4.8686726933943563,0.28797082240183913,1,0.31007366109873813,0.55684258197334202,0.029766535626949378,0.17536944561068266,0
5,2023-02-07,4183,5247.7337736370473,72.44124359532384,3.8683813630589716,0.34861184722572935,1,1.940887591402831,1.3931574180267035,0.074394970657982187,0.33671688705942632,1
5,2023-02-08,4184,4354.8442312573934,65.991243595324022,3.5118537382429897,0.063200364487731683,0,61.515118283944453,7.8431574180265216,0.41738903826440965,0.042159527926234515,0
5,2023-02-09,4185,7291.6644827559421,85.391243595323886,4.5916676665765381,0.16665659321556003,0,133.56061046451225,11.556842581973342,0.62143585427613812,0.097359104393499152,0
5,2023-02-10,4186,8069.1373458498238,89.828377174753768,4.8397606300882936,0.2574875669121649,1,231.24806131292041,15.206842581973433,0.81931211885312538,0.25770229555331853,1
5,2023-02-13,4187,6753.2856750760766,82.178377174753678,4.409420892566061,0.0087530138064304853,0,57.105869808725529,7.556842581973342,0.40547526865768857,0.0013536331129845895,0
5,2023-02-14,4188,13151.130191435066,114.67837717475368,6.2624714490363509,0.42643548242958595,1,1604.5506376369929,40.056842581973342,2.1874640990592695,0.12954311957526332,0
5,2023-02-15,4189,10224.079029549208,101.11418807244218,5.5285375801657874,0.031430264610032607,0,1789.8689292558729,42.306842581973342,2.3131765538682489,0.012687427191285124,0
5,2023-02-16,4190,4399.0611117300159,66.325418292914037,3.6165336183055175,0.29471026388346988,1,1391.8005034361395,37.306842581973342,2.0342344437947237,0.51859036417025828,1
5,2023-02-17,4191,3747.3339585344461,61.215471561807362,3.3326331252855357,0.2649881246280566,1,1183.8308164607033,34.406842581973478,1.8731438376554146,0.031905236735287119,0
5,2023-02-21,4192,3883.2179959704108,62.315471561807271,3.3945510860306292,0.14231592193253295,0,1260.7358701410385,35.506842581973387,1.9341872576316703,0.12556234069517788,0
5,2023-02-22,4193,7979.0303532040616,89.325418292914037,4.9325170928470712,0.76849549349877677,1,3636.9152622069132,60.306842581973342,3.330121901873234,0.69145192196046534,1
5,2023-02-24,4194,2862.7816439879066,53.504968404699639,2.9420156932174764,0.040023569773060597,0,2767.4798864445188,52.606842581973297,2.8926314894000109,0.034826002604014,0
5,2023-02-27,4195,2261.4750199719983,47.554968404699821,2.6063229422722691,0.4476546538447137,1,2176.8609597190534,46.656842581973478,2.5570997797858972,0.41454828195616145,1
5,2023-02-28,4196,1992.0009988808547,44.631838399071739,2.423996654396293,0.14078890086044293,0,900.41060173933136,30.006842581973387,1.6296995292314125,0.47959207785003627,1
5,2023-03-01,4197,6285.9535561156626,79.284005676527613,4.3178306108554416,0.65005813207781449,1,1228.9822118172594,35.056842581973342,1.9092061094637478,0.28263739976462249,1
5,2023-03-02,4198,8113.83456016933,90.076825877521514,4.8924219035668743,0.14780426235255328,0,906.42197025572057,30.106842581973297,1.6352194325271321,0.079882322061393285,0
5,2023-03-03,4199,6563.2986690370471,81.014188072442266,4.3813952068598621,0.27977889354508756,1,493.14385746054847,22.206842581973433,1.2009865921404739,0.28930971874417605,1
5,2023-03-06,4200,12942.290487782015,113.76418807244227,6.2635130800221486,0.2037874156634629,0,3020.2545465798084,54.956842581973433,3.0257580015401331,0.35468957809013429,1
5,2023-03-08,4201,4743.8232450238711,68.875418292913992,3.760806939658949,0.28575759536074846,1,1588.5679006041998,39.856842581973297,2.1763046075119199,0.58039260312908725,1
5,2023-03-09,4202,2941.3273717216343,54.234005676527659,2.9138485252667645,0.21496376485168803,0,100.13689846039581,10.006842581973387,0.53764097149621959,0.27132268961134837,1
5,2023-03-10,4203,1853.2693606428286,43.049615104467875,2.2523735208741633,0.30562055444145664,1,1603.4544560048562,40.043157418026567,2.0950744214946146,0.21238268191271803,0
5,2023-03-13,4204,4341.4176655967794,65.889435159187542,3.4541393493846844,0.23731067318823143,0,1317.1932753696569,36.293157418026567,1.9026058251698026,0.19326644699197673,0
5,2023-03-14,4205,12724.478283460836,112.80282923517848,5.8647618402401198,0.2550620195307422,1,2718.9088655211131,52.143157418026703,2.7109887396291308,0.20260527992452998,0
5,2023-03-15,4206,16098.097255927514,126.87827732093274,6.5987922153651155,0.52793230233111288,1,2651.5452608776691,51.493157418026613,2.6780994626460339,0.67891321440307795,1
5,2023-03-16,4207,5393.830194252193,73.44270007463092,3.74306610644875,0.11219130306096266,0,8252.4792496763475,90.843157418026522,4.6298943691976211,0.043968614857002077,0
5,2023-03-17,4208,7688.6688048530077,87.685054626504098,4.4524870960725167,0.06141088985845794,0,9622.2675322377308,98.093157418026522,4.9809915666603972,0.1954544875180011,0
5,2023-03-20,4209,6134.684439569307,78.324226389855312,3.9598688738267054,0.12872266966917428,0,11383.429839827817,106.69315741802666,5.3941281335739859,0.021849297318280697,0
5,2023-03-23,4210,3844.0420126074191,62.00033881042441,3.1096568768394226,0.18982351822654306,0,15016.825429979239,122.54315741802657,6.1462111253900371,0.049148284074740048,0
5,2023-03-24,4211,11786.683336778222,108.56649269815352,5.578239830348287,0.2920020462445872,1,5623.9736595249196,74.993157418026613,3.8532129694554453,0.39784565270678174,1
5,2023-03-27,4212,8639.7654849726987,92.950338810424455,4.735478452781642,0.77015219025044535,1,8389.3064858033867,91.593157418026522,4.6663350443501299,0.16355440764150558,0
5,2023-03-28,4213,8498.4942266632552,92.187278008753765,4.691464529707571,0.39500173135300942,1,8787.7795627009182,93.743157418026613,4.7706441434110234,0.11254089949107721,0
5,2023-03-29,4214,6004.2782532058882,77.487278008753719,3.9140919335633537,0.2334677390863816,0,11759.91839079091,108.44315741802666,5.477757105522385,0.16269232298172176,0
5,2023-03-31,4215,5114.6087278450532,71.51649269815357,3.6059341853553959,0.45487109254694474,1,12553.669124200682,112.04315741802657,5.6493297745185584,0.46747165583798744,1
5,2023-04-03,4216,2800.1551994737256,52.916492698153434,2.6433134870949315,0.096117072151238006,0,17067.634580151305,130.6431574180267,6.5259582106012637,0.036140267596859642,0
5,2023-04-06,4217,2716.1288111566851,52.116492698153479,2.6023115143632833,0.1558149048371443,0,17277.303632020135,131.44315741802666,6.5632974193851625,0.3891647760986443,1
5,2023-04-11,4218,2173.0973914769966,46.616492698153479,2.3213072750798465,0.19372023043070632,0,18753.42836361843,136.94315741802666,6.8191991543684214,0.47069087932104281,1
5,2023-04-12,4219,40.532229275644461,6.3664926981537064,0.31079561122574179,0.29447521667186227,1,31397.415035769496,177.19315741802643,8.6501089808404625,0.039933019717394318,0
5,2023-04-13,4220,3512.5171567402904,59.26649269815357,2.9699327352435958,0.027603172076306002,0,15448.788980942332,124.29315741802657,6.2285163197126892,0.017339267191924183,0
5,2023-04-17,4221,3070.9876629644928,55.416492698153434,2.7716561317471955,0.39165813868857796,1,16420.668793061173,128.1431574180267,6.4090805950798595,0.70931000054713644,1
5,2023-04-18,4222,4130.1820837218265,64.26649269815357,3.2285796738666988,0.3805864408730682,1,14230.857406762067,119.29315741802657,5.9929746762465941,0.39963456888338367,1
5,2023-04-19,4223,2272.0945261431148,47.666492698153434,2.3748346012083519,0.19691059796309696,0,18466.950233040585,135.8931574180267,6.7704534996401211,0.12446807535710026,0
5,2023-04-20,4224,6587.9995369193948,81.166492698153434,4.1125069134929406,0.6524359063994366,1,10484.358686032798,102.3931574180267,5.1880099013516432,0.80810909549371834,1
5,2023-04-21,4225,5870.0869533662053,76.616492698153479,3.8730407794031683,0.11919786410360307,0,11436.838918536831,106.94315741802666,5.4060841885565996,0.19275699456340706,0
5,2023-04-24,4226,4544.9834877201756,67.416492698153434,3.3921954663456488,0.045423500524402506,0,13489.233015028531,116.1431574180267,5.8439749128523042,0.023944231606897459,0
5,2023-04-25,4227,2684.9489155377973,51.816492698153525,2.5869442185798066,0.10630532261778779,0,17356.259526470942,131.74315741802661,6.5772919330018276,0.15834933939870874,0
5,2023-04-26,4228,4784.0037121637124,69.166492698153434,3.4833174375218912,0.19186597544009806,0,13085.794464065439,114.3931574180267,5.760992995645088,0.63578672543569015,1
5,2023-04-27,4229,5222.4459668922836,72.26649269815357,3.6451283800233822,0.23576294530773712,0,12386.166888073642,111.29315741802657,5.6136368524388569,0.4406710261964773,1
5,2023-04-28,4230,605.9717127582436,24.616492698153479,1.2125156486136084,0.13309141957298684,0,25262.927290011601,158.94315741802666,7.828940863857091,0.024743564980556472,0
5,2023-05-09,4231,312.10496425390858,17.666492698153434,0.86721609592584903,0.47044482882400068,1,27520.53967812219,165.8931574180267,8.1433943213816704,0.39418913035488595,1
5,2023-05-10,4232,1510.6042546556178,38.866492698153479,1.9279492397208997,0.66365241085600024,1,20936.109803597843,144.69315741802666,7.1774179626492058,0.8566647193003486,1
5,2023-05-11,4233,1219.161462340202,34.916492698153434,1.7286248179688812,0.21907997504566692,0,22094.788247200268,148.6431574180267,7.3589364531920731,0.20376914381665273,0
5,2023-05-12,4234,1219.161462340202,34.916492698153434,1.7286248179688812,0.34152465119428987,1,22094.788247200268,148.6431574180267,7.3589364531920731,0.66731000135872021,1
5,2023-05-15,4235,2243.5846305242267,47.366492698153479,2.3595353656705513,0.043408482149209775,0,18548.576127491389,136.19315741802666,6.7843860329286727,0.17840948557612116,0
5,2023-05-16,4236,6466.8122978721649,80.416492698153434,4.0729585037557445,0.32541640605373751,1,10638.510922159838,103.1431574180267,5.2240253959697478,0.34423478976203015,1
5,2023-05-17,4237,8933.3673919601169,94.51649269815357,4.8215320460211997,0.43135846152788621,1,7928.6838829714598,89.043157418026567,4.5423229820959321,0.35953976972721952,1
5,2023-05-18,4238,9136.9277171227986,95.587278008753856,4.8729240420449562,0.099392380991995363,0,8161.8860922583208,90.343157418026522,4.6055851049157077,0.12893082967834518,0
5,2023-05-19,4239,7549.3990797704737,86.88727800875381,4.409850175544527,0.26975512564519577,1,9809.5470313319911,99.043157418026567,5.026805939096918,0.38400697585818017,1
5,2023-05-22,4240,7741.7610913897161,87.987278008753719,4.4681737765972844,0.1895949810576944,0,9592.8620850123498,97.943157418026658,4.9737536775353774,0.21564515557300859,0
5,2023-05-23,4241,7253.3314785046223,85.166492698153434,4.3239404309472969,0.5635268289593236,1,9681.2134266885841,98.393157418026703,4.995464037673023,0.50054415489734638,1
5,2023-05-24,4242,11356.417365985608,106.56649269815352,5.4698571896909289,0.041798488416905019,0,5927.9462891970261,76.993157418026613,3.951913636239015,0.031643047802835264,0
5,2023-05-25,4243,11642.483115404351,107.90033881042427,5.5393161255929089,0.217164515945592,0,5874.1735790044213,76.643157418026703,3.934655650599451,0.087612392136033251,0
5,2023-05-26,4244,10779.469985451928,103.82422638985531,5.3176381669110757,0.6530656878751272,1,6592.328811508457,81.193157418026658,4.1585268466811778,0.50766309277135591,1
5,2023-05-30,4245,8354.0219346603499,91.400338810424273,4.6528374470792233,0.4709752946886005,1,8675.6477737993027,93.143157418026703,4.7415575961121306,0.33287075413670408,1
5,2023-05-31,4246,6862.0146278995753,82.837278008753856,4.1956734119458989,0.022095698067680202,0,10628.199106417997,103.09315741802652,5.2216252142743951,0.0092958177000875674,0
5,2023-06-01,4247,8384.4225850410021,91.566492698153525,4.6640261147665107,0.17944466645568277,0,8462.741011737824,91.993157418026613,4.6857586867707433,0.33981913212032566,1
5,2023-06-02,4248,9056.661332467691,95.166492698153434,4.8563004974435966,0.065705075756218048,0,7813.3502783280492,88.393157418026703,4.5106604453870176,0.087799253134327598,0
5,2023-06-05,4249,9519.2204974188444,97.566492698153525,4.9848763672578125,0.34790244391060871,1,7394.8231227215056,85.993157418026613,4.3935704390357193,0.41977057124712602,1
5,2023-06-06,4250,8070.7365200221293,89.837278008753856,4.5664105527106953,0.27066965133864901,1,9233.8949025656257,96.093157418026522,4.8843956295537918,0.24227602688395078,0
5,2023-06-07,4251,7817.4761810426198,88.416492698153434,4.4963635424203332,0.10360098089478031,0,9052.2204034714105,95.143157418026703,4.8384437254895589,0.080202963039396266,0
5,2023-06-08,4252,8933.3673919601169,94.51649269815357,4.8215320460211997,0.1750759838435916,0,7928.6838829714598,89.043157418026567,4.5423229820959321,0.1491194892561046,0
5,2023-06-09,4253,10386.971483892763,101.91649269815343,5.2187256233372645,0.29443631516790159,1,6665.6051531846888,81.643157418026703,4.1806112662208355,0.58263683215239415,1
5,2023-06-12,4254,10565.224520448817,102.78727800875367,5.2592753790807238,0.24307459722307712,0,6912.7846254387687,83.143157418026703,4.2541525490189676,0.08128961762905422,0
5,2023-06-13,4255,10279.380142024334,101.38727800875381,5.1839287252660711,0.24176551803103802,0,7147.5454662092206,84.543157418026567,4.3226893045314743,0.42181856695555409,1
5,2023-06-14,4256,10990.854860284744,104.83727800875386,5.369799370438388,0.30515779566909734,1,6576.1001800248296,81.093157418026522,4.1536178153520895,0.066760657930468953,0
5,2023-06-15,4257,9494.0231457551708,97.437278008753765,4.9719238682869635,0.34916529787330841,1,7831.0389098116384,88.493157418026613,4.5155329719620667,0.56336683850118019,1
5,2023-06-16,4258,15467.024506039863,124.36649269815348,6.4423576211843594,0.28547685348763069,1,3503.8298851152845,59.193157418026658,3.066288037401987,0.46971908711717031,1
5,2023-06-20,4259,17062.688519948162,130.62422638985527,6.7833836050089715,0.25119345284813221,1,2958.6155739022333,54.393157418026703,2.8246647842560537,0.38395970481252445,1
5,2023-06-21,4260,17788.684265092365,133.37422638985527,6.9360978932786548,0.13712126507804734,0,2667.0157081030866,51.643157418026703,2.6856912693341672,0.15602170243769561,0
5,2023-06-26,4261,18766.379106924807,136.99043436285911,7.1390085133596903,0.026770594266219305,0,2269.870448758873,47.643157418026703,2.4828369075004795,0.13592237937609356,0
5,2023-06-27,4262,22092.379463823803,148.63505462650392,7.788464400885764,0.28022471076882505,1,1379.6141429803122,37.143157418026703,1.9462983346272638,0.46181710938473652,1
5,2023-06-28,4263,20962.71204319975,144.78505462650401,7.5714501046674858,0.21783766673048166,0,1680.4389550991102,40.993157418026613,2.143713291568917,0.10637173698459501,0
5,2023-06-30,4264,16457.055240525118,128.28505462650401,6.6512017952821259,0.3365355370870618,1,3305.4631498939884,57.493157418026613,2.9808506762424685,0.43019777030247497,1
5,2023-07-03,4265,16157.222988376201,127.11106556227196,6.6043730320978851,0.26902161602765212,1,2850.8292590661799,53.393157418026703,2.7741749106604683,0.23292350086000649,0
5,2023-07-05,4266,21635.595881054604,147.09043436285924,7.7059112721531458,0.37415699106752209,1,1409.4886689147233,37.543157418026567,1.9668460508186592,0.44629855970677651,1
5,2023-07-06,4267,18153.53494520703,134.73505462650405,7.0090544985956429,0.64420555569400562,1,2605.4039192014407,51.043157418026567,2.6553169337786278,0.57423609664610975,1
5,2023-07-07,4268,18019.049890580525,134.23505462650405,6.9812281374300014,0.22808259673041231,0,2656.6970766194672,51.543157418026567,2.6806301964856756,0.19573257823806126,0
5,2023-07-10,4269,15149.930672409464,123.08505462650396,6.364438306393855,0.18614085339824801,0,3930.4319870414711,62.693157418026658,3.2417155261525199,0.29363515316806188,1
5,2023-07-11,4270,10603.691300589193,102.9742263898554,5.2718080371604668,0.51162239437365187,1,6731.0796791190878,82.043157418026567,4.2002333188975873,0.4175404653169546,1
5,2023-07-12,4271,9555.1287375527645,97.75033881042441,4.9922289425920896,0.15728981381463697,0,7533.0521745903397,86.793157418026567,4.4326323341092699,0.12539681426531232,0
5,2023-07-13,4272,10709.616709661081,103.48727800875372,5.2969892004275838,0.42506697800584409,1,6796.8742050535238,82.443157418026658,4.2198473367470264,0.17959253149568613,0
5,2023-07-14,4273,6754.7486664881799,82.187278008753765,4.1613811650001908,0.21648355448511133,0,10762.64271106145,103.74315741802661,5.2528180971152718,0.078042038148455284,0
5,2023-07-18,4274,6314.9234617457023,79.466492698153615,4.0229069632294845,0.51441801915533825,1,10835.38542125405,104.09315741802652,5.269605761916953,0.46866884057881991,1
5,2023-07-19,4275,6196.2862226984716,78.716492698153615,3.9834265825693853,0.18046157377631367,0,10992.087657381089,104.84315741802652,5.3055593045911911,0.27790144578082299,1
5,2023-07-20,4276,8876.7474963412333,94.216492698153615,4.8054928439331643,0.4154734130801363,1,7982.1997774222673,89.343157418026522,4.5569293796810424,0.39475722491187204,1
5,2023-07-21,4277,8990.1672875790009,94.816492698153525,4.8375761580690577,0.12822801287631699,0,7875.3479885206516,88.743157418026613,4.5277121131646236,0.38722531982030839,1
5,2023-07-24,4278,9238.3801685941908,96.116492698153479,4.9071574359602526,0.28274888239878543,1,7646.3057792337904,87.443157418026658,4.4643466287857585,0.13335739040180872,0
5,2023-07-25,4279,7835.1694795822741,88.51649269815357,4.5016779076516089,0.18513802726663883,0,9033.2017719877786,95.043157418026567,4.8336040999860943,0.37699518777076418,1
5,2023-07-26,4280,11982.913023634919,109.46649269815362,5.6270847250188201,0.27712204850399413,1,5489.7959761724587,74.093157418026522,3.8087314579909286,0.12945874181443756,0
5,2023-07-27,4281,10113.619453607766,100.56649269815352,5.1460403069286693,0.42250094766350399,1,6887.8641782133454,82.993157418026613,4.2468035009863945,0.74162125799415579,1
5,2023-07-28,4282,7083.9984931083154,84.166492698153434,4.2710015831402544,0.18670997648172771,0,9878.9997415246362,99.393157418026703,5.043673783676792,0.26639209288208388,1
5,2023-07-31,4283,11581.309500651721,107.61649269815348,5.5267303152297389,0.30770726786133928,1,5767.3631586191777,75.943157418026658,3.9001210670720341,0.51855123782183421,1
5,2023-08-01,4284,12454.6356226015,111.60033881042432,5.7401676170365352,0.16402486128357341,0,5320.7042141110178,72.943157418026658,3.7518340406350505,0.29544249016206636,1
5,2023-08-02,4285,14550.203992151055,120.62422638985527,6.2317168077831875,0.5722577623544608,1,4146.4787222627674,64.393157418026703,3.3266942586741766,0.56929465386995637,1
5,2023-08-03,4286,12955.954513249035,113.82422638985531,5.8598278663468975,0.18508714492981168,0,5068.4656631479238,71.193157418026658,3.665121749235587,0.29829471288030285,1
5,2023-08-04,4287,15518.737880630924,124.57422638985531,6.4489427131467254,0.23673295120622245,0,3653.3752786603509,60.443157418026658,3.1290136883587851,0.27370671572336042,1
5,2023-08-07,4288,16867.314680363379,129.87422638985527,6.7418099247225527,0.64192206843324695,1,3040.7678100292733,55.143157418026703,2.8624977895570338,0.40845379512142133,1
5,2023-08-08,4289,16643.855037512858,129.01106556227205,6.7097160609685114,0.55557129566659236,1,2651.5452608776691,51.493157418026613,2.6780994626460339,0.76738275294282199,1
5,2023-08-09,4290,18222.417369473373,134.99043436285911,7.027457668949924,0.31609730459163582,1,2464.4430784309798,49.643157418026703,2.5843696922289916,0.25818519915925825,1
5,2023-08-10,4291,23496.307971850318,153.28505462650401,8.0517428562838607,0.18840122224379624,0,1055.8052789926578,32.493157418026613,1.7067975006186009,0.019372454613098736,0
5,2023-08-14,4292,23457.164417747426,153.15731917785524,8.0764267765895141,0.41952436178898744,1,629.6665492058595,25.093157418026522,1.3232344988017255,0.19567519141331521,0
5,2023-08-17,4293,21085.967948045054,145.21008211568869,7.6680615786919093,0.56715871147178443,1,503.69531489032499,22.443157418026658,1.1851485144440332,0.65563830876909612,1
5,2023-08-18,4294,15761.120057551256,125.5432995326762,6.6430298453674208,0.21734154293708366,0,345.70550277151466,18.593157418026522,0.98384302553253034,0.0084442301481724262,0
5,2023-08-21,4295,12137.462643018536,110.17015314057858,5.8206394473955134,0.039313828539195211,0,461.95581579607239,21.493157418026613,1.1355518382262113,0.030310424527251734,0
5,2023-08-22,4296,7442.5393228988642,86.270153140578486,4.5010906081224258,0.078142825940444124,0,2060.5387403777527,45.393157418026703,2.3683592423252393,0.074628635998825382,0
5,2023-08-23,4297,17544.941403784207,132.4573191778552,6.9094347658045026,0.044185799471965194,0,2097.0132663121617,45.793157418026567,2.3887304670210252,0.034447666095373405,0
5,2023-08-24,4298,17957.961593235545,134.00731917785515,6.9959446190475143,0.33123230298016032,1,1957.4569783162833,44.243157418026613,2.3097445793801414,0.42244851724015381,1
5,2023-08-25,4299,14281.999337077747,119.50731917785515,6.1920890765728061,0.17545091197562668,0,3450.7585434390548,58.743157418026613,3.0436869128511197,0.31755772199878363,1
5,2023-08-29,4300,11986.977186568576,109.48505462650405,5.621681324048371,0.21165297252359117,0,5820.6458688117818,76.293157418026567,3.9173914619920702,0.54402203615578959,1
5,2023-08-30,4301,12990.124281166012,113.9742263898554,5.8680032121636927,0.40560248470141563,1,5047.1302159225033,71.043157418026567,3.6576819965003637,0.18159905628941331,0
5,2023-08-31,4302,13392.096573530505,115.7242263898554,5.9634756326740046,0.19736717048074556,0,4801.5416649594099,69.293157418026567,3.5707998978653768,0.34435837193411506,1
5,2023-09-01,4303,16945.32921619734,130.17422638985545,6.7584355116481722,0.3549642821340569,1,3007.7719155784375,54.843157418026522,2.8473681230479482,0.59884496107267715,1
5,2023-09-05,4304,18016.142949955156,134.2242263898554,6.9833889019461211,0.48876254421206267,1,2579.9448404924274,50.793157418026567,2.6426553637015981,0.18152966349460803,0
5,2023-09-06,4305,19233.544376756425,138.6850546265041,7.2293926878048378,0.34920784085680429,1,2217.7654755990266,47.093157418026522,2.4548782765411175,0.55821564381661948,1
5,2023-09-07,4306,16701.699344315486,129.23505462650405,6.7037584099234397,0.64624071973200259,1,3197.1286507997329,56.543157418026567,2.933040637930624,0.39144902725705399,1
5,2023-09-08,4307,17446.461655686537,132.08505462650396,6.8617395062990711,0.15403871550915915,0,2882.9551535169912,53.693157418026658,2.7893273808684205,0.051902672287979637,0
5,2023-09-11,4308,22047.811447435892,148.48505462650405,7.7799929069976708,0.12014025351971709,0,1390.7795902057101,37.293157418026567,1.9540047375246425,0.30624474385193384,1
5,2023-09-12,4309,18416.476478440265,135.7073191778552,7.0909875210500157,0.036975530281180329,0,1809.920243094989,42.543157418026567,2.2229677823192899,0.016808014409096992,0
5,2023-09-13,4310,21832.225370626562,147.75731917785515,7.7695448496308748,0.25311640945590752,1,929.83264932055147,30.493157418026613,1.6034261820968378,0.50023617619059924,1
5,2023-09-14,4311,14837.023005295869,121.80731917785511,6.3187902255462518,0.14353170656892122,0,3185.8300193161376,56.443157418026658,2.9280052610897265,0.24954007141279999,0
5,2023-09-15,4312,12924.29164543122,113.6850546265041,5.8499526398489259,0.32907901530177963,1,5197.4233465003526,72.093157418026522,3.709736147272829,0.46947195168492067,1
5,2023-09-20,4313,19958.407042052106,141.27422638985536,7.3772441979036731,0.13541198183316322,0,1913.4638208982567,43.743157418026613,2.2842379852755412,0.13341762835268337,0
5,2023-09-21,4314,16818.213393479353,129.6850546265041,6.7286717319897331,0.0327153573302102,0,3146.4423091235039,56.093157418026522,2.9103773273160831,0.45206781228261655,1
5,2023-09-22,4315,16106.418562151339,126.91106556227214,6.5932963899666017,0.35010055760280123,1,2872.2265220333711,53.593157418026522,2.7842770822675287,0.69183671941853353,1
5,2023-09-25,4316,20941.292496168215,144.7110655622721,7.58821559803215,0.39634978998570741,1,1281.1501179516304,35.793157418026567,1.8768861549527578,0.2853580947996246,1
5,2023-09-26,4317,28809.988769062315,169.73505462650405,8.9935386333123528,0.061363418344865084,0,257.38289993958085,16.043157418026567,0.85005867737119511,0.042179787812519694,0
5,2023-09-27,4318,31711.563840449657,178.07740968592748,9.5048122380468882,0.30739644622559653,1,5.2585709438502715,2.293157418026567,0.12239638216362345,0.55932178250044617,1
5,2023-09-28,4319,21292.691092569905,145.92015314057858,7.8578434647592124,0.14834472865464443,0,203.25756040716959,14.256842581973387,0.76773519558284264,0.16285381489226688,0
5,2023-10-10,4320,8647.4209071613568,92.991509866016031,4.9694861651845574,0.64019580774956864,1,4.6820928062527519e-05,0.006842581973387496,0.00036566904333400115,0.40191305728287663,1
5,2023-10-11,4321,8143.5301028982685,90.241509866016031,4.8154487655291369,0.2826462876416968,1,7.5249126200744314,2.7431574180266125,0.14637979818711913,0.041165728958386466,0
5,2023-10-12,4322,3029.5678083307353,55.041509866015986,2.8829619665836992,0.26704471221238696,1,1439.6831948491515,37.943157418026658,1.9873851570305183,0.34676472980136658,1
5,2023-10-13,4323,14607.159449011036,120.86008211568878,6.3011955953019365,0.30874003790978771,1,2189.5995811482148,46.793157418026567,2.4396213559618656,0.29162903094683307,1
5,2023-10-16,4324,14715.465686118014,121.30731917785511,6.2912207850770203,0.23885853403629895,0,3242.5231767341643,56.943157418026658,2.9531769224160698,0.11173191647083322,0
5,2023-10-17,4325,10268.793296156542,101.33505462650396,5.1815234763258147,0.11617155216532035,0,7130.6468347256305,84.443157418026658,4.3177970761377846,0.23399558402703829,0
5,2023-10-18,4326,10552.266687394265,102.7242263898554,5.2583361772084363,0.38195290113676522,1,6772.1637578281006,82.293157418026567,4.2124930213215208,0.51403152109601702,1
5,2023-10-19,4327,4593.3457627433663,67.774226389855357,3.4083090967993641,0.45547781517298724,1,13745.957961348169,117.24315741802661,5.8960602171499428,0.39281985969154948,1
5,2023-10-20,4328,6693.9384774270093,81.816492698153525,4.1468065229677409,0.28017549402168951,1,10351.670081389344,101.74315741802661,5.1567743242790991,0.29486032713584298,1
5,2023-10-23,4329,5114.6087278450532,71.51649269815357,3.6059341853553959,0.24619159081988151,0,12553.669124200682,112.04315741802657,5.6493297745185584,0.043154911164610614,0
5,2023-10-25,4330,6370.6725066343952,79.816492698153525,4.0413414024381531,0.32721449701219413,1,10762.64271106145,103.74315741802661,5.2528180971152718,0.56716876307469011,1
5,2023-10-26,4331,5171.9819220035561,71.916492698153434,3.6268340661734544,0.18420396423765231,0,12464.194598266291,111.6431574180267,5.6302969094773658,0.025399983855746208,0
5,2023-10-27,4332,3273.7270366778662,57.216492698153615,2.8642617490064888,0.27379153228708591,1,15962.59342635623,126.34315741802652,6.3247475679829055,0.23309603937242088,0
5,2023-10-30,4333,3354.3201264552599,57.916492698153434,2.9003201311108935,0.22076176269589229,0,15786.203005971038,125.6431574180267,6.2919103319158038,0.1493620637244106,0
5,2023-10-31,4334,4687.6606223863228,68.466492698153615,3.4468493819394173,0.15252698629019754,0,13246.434884450633,115.09315741802652,5.7942033084817144,0.34703718989400423,1
5,2023-11-01,4335,5071.788832226167,71.216492698153615,3.5902648063195008,0.20838461372996012,0,12620.985018651487,112.34315741802652,5.6635993858654228,0.35871519694517756,1
5,2023-11-02,4336,4930.3558468298597,70.216492698153615,3.5380677566337608,0.23988518728474698,0,12846.67133348754,113.34315741802652,5.7111335996183881,0.2506707910862116,1
5,2023-11-06,4337,8857.9141978015778,94.116492698153479,4.8001475339497865,0.36896011532480427,1,8000.078408905897,89.443157418026658,4.5617971855983406,0.52293890953816491,1
5,2023-11-07,4338,9113.851228086618,95.466492698153615,4.872355255475215,0.66796475139059952,1,7760.4043838772013,88.093157418026522,4.4960398814926643,0.71385142622435449,1
5,2023-11-08,4339,9480.2339003395755,97.366492698153479,4.9741496691181633,0.26839319786887267,1,7429.2603856887235,86.193157418026658,4.4033389061292327,0.2380859497363764,0
5,2023-11-09,4340,13348.862609672035,115.53727800875367,5.9504688285094458,0.38298535200088718,1,4955.1966112790878,70.393157418026703,3.625429784875065,0.49623907228741587,1
5,2023-11-10,4341,15537.706965553563,124.65033881042427,6.4547207006407721,0.28612145370582093,1,3587.1903055005273,59.893157418026703,3.1014244060806617,0.15376727897390288,0
5,2023-11-13,4342,9618.5538819685917,98.074226389855312,5.0083865994206569,0.29109435231610115,1,7559.1126218157642,86.943157418026658,4.4399528862234021,0.79162862862716499,1
5,2023-11-15,4343,5730.5412960130552,75.700338810424455,3.8230563512158202,0.16019252768295397,0,11846.832916725301,108.84315741802652,5.496851543761756,0.37734825536418026,1
5,2023-11-16,4344,5441.4954449867437,73.76649269815357,3.7236057998613652,0.242090876675563,0,12054.537415819563,109.79315741802657,5.5421699309975301,0.072941115554161357,0
5,2023-11-17,4345,7416.0503146311212,86.116492698153479,4.3742821505640004,0.20309918308422875,0,9495.1689275943245,97.443157418026658,4.9496194147420454,0.23903037096263527,0
5,2023-11-20,4346,2324.8301681111011,48.216492698153615,2.4028950811399192,0.23352765603795256,0,18317.770259880708,135.34315741802652,6.7448997018851058,0.1898953230582428,0
5,2023-11-21,4347,3279.4511859476761,57.26649269815357,2.8668365096319777,0.19778791513578969,0,15949.961610614439,126.29315741802657,6.3224028143489059,0.095855359209510688,0
5,2023-11-22,4348,2912.3823341398675,53.966492698153615,2.6971783341156819,0.1273227286224225,0,16794.386449573401,129.59315741802652,6.4769051861971931,0.21542283450690908,0
5,2023-11-24,4349,850.68429631143761,29.166492698153434,1.4398584502827949,0.20214486162124048,0,23837.247057507575,154.3931574180267,7.62190691472005,0.25547807269552536,1
5,2023-11-28,4350,61.881707370102006,7.8664926981534791,0.38430311918481053,0.11589102788126177,0,30868.085563515495,175.69315741802666,8.5831680020531351,0.10113238219994959,0
5,2023-11-29,4351,218.50621775856308,14.781955816418986,0.72622544481166251,0.22475730173862085,0,26959.392942900882,164.19315741802666,8.0666760381255571,0.047578231438544907,0
5,2023-11-30,4352,23.347797011824827,4.8319558164189402,0.23623525063160949,0.31581580463913739,1,30325.839275519629,174.1431574180267,8.513892510903819,0.041629760665137662,0
5,2023-12-01,4353,1.3970195519663486,1.1819558164188493,0.057683112487194023,0.51942596806023156,1,31610.406824671256,177.79315741802679,8.6768579301640649,0.46809020857758593,1
5,2023-12-04,4354,722.63954851590984,26.881955816419122,1.3285865429322223,0.23576294530773712,0,23132.328533384596,152.09315741802652,7.516898085750193,0.4406710261964773,1
5,2023-12-05,4355,567.96211803574454,23.83195581641894,1.1760736190494936,0.19297083410862473,0,24069.399293634615,155.1431574180267,7.6560973854138723,0.1254619726889977,0
5,2023-12-06,4356,544.3801622193256,23.33195581641894,1.1511152901681849,0.23599445075712103,0,24224.792451052639,155.6431574180267,7.6788769755797865,0.1922660873860407,0
5,2023-12-07,4357,1775.1017009166931,42.131955816419122,2.0981004838613182,0.22281760537304607,0,18726.049732134787,136.84315741802652,6.8145589073266537,0.11206700653606011,0
5,2023-12-08,4358,4646.6707267674055,68.166492698153434,3.4312280823574071,0.22908360068125894,0,13315.580778901491,115.3931574180267,5.8084291353799964,0.47246643200028343,1
5,2023-12-11,4359,5471.0420420660121,73.966492698153615,3.7340784359317274,0.39615903802548741,1,12010.660152852342,109.59315741802652,5.5326328302509795,0.082394133484434154,0
5,2023-12-12,4360,5229.6751161620923,72.316492698153525,3.6477423807391443,0.43527656759983097,1,12375.040072331849,111.24315741802661,5.6112563640870929,0.33516285118540345,1
5,2023-12-13,4361,75.977244956965293,8.7164926981536155,0.4260052147086465,0.28956690979580046,1,30570.129695904801,174.84315741802652,8.5451912134317265,0.18901848079930003,0
5,2023-12-14,4362,506.99244342600304,22.51649269815357,1.1079315405281489,0.49413006361261519,1,25934.898551167284,161.04315741802657,7.9241823263310822,0.17590520186662489,0
5,2023-12-15,4363,930.64876529325204,30.506536435545286,1.507277177575794,0.32956453797174767,1,23315.20032228627,152.69315741802666,7.5443147023408015,0.34531914184361179,1
5,2023-12-18,4364,171.78129733627969,13.106536435545422,0.64205238864209579,0.80013361959149443,1,28931.682200433552,170.09315741802652,8.3323857945980127,0.54982902799902911,1
5,2023-12-19,4365,215.55982659528195,14.681955816419077,0.72127709053666467,0.0099942060023318,0,26992.241574384458,164.29315741802657,8.0711924255374026,0.15743261673540257,0
5,2023-12-20,4366,72.794270053325761,8.5319558164189857,0.41788489084679359,0.35226315312149509,1,29050.869910626217,170.44315741802666,8.3480999861892862,0.81966473670104545,1
5,2023-12-21,4367,28.815898356876495,5.3680441835808779,0.26114244909422446,0.048184719414420686,0,33982.399686847304,184.34315741802652,8.9678515965181234,0.035325112660335244,0
5,2023-12-22,4368,367.41391782371568,19.16804418358106,0.92626095407272924,0.37592014796556578,1,39260.710831584911,198.1431574180267,9.574908544410297,0.06509965454841013,0
5,2023-12-27,4369,793.43871312817475,28.16804418358106,1.3552754129898508,0.36291209821444392,1,42908.28766510939,207.1431574180267,9.9664721621452408,0.20947329076784946,0
5,2023-12-28,4370,148.06129925358087,12.16804418358106,0.58999438438620344,0.19160448425099125,0,36535.706627732536,191.1431574180267,9.26799638372899,0.49617847851257513,1
5,2023-12-29,4371,114.10418006392935,10.681955816419077,0.52374081618097501,0.1709805648752506,0,28322.58683372867,168.29315741802657,8.2514847597767442,0.30020021188902085,1
5,2024-01-04,4372,37.430464632247812,6.1180441835808779,0.29751959460115635,0.090530883660260936,0,34259.476922974347,185.09315741802652,9.001053197073773,0.11162340773821007,0
5,2024-01-05,4373,235.06886915662258,15.33195581641894,0.75345008680617909,0.18475550741337773,0,26779.082969741066,163.6431574180267,8.0418279727763871,0.52543844124547989,1
5,2024-01-09,4374,549.05655338261579,23.431955816419077,1.156105970812072,0.42890011133192268,1,24193.673819568994,155.54315741802657,7.6743219566817924,0.099650304457463909,0
5,2024-01-10,4375,444.44886104544037,21.08195581641894,1.0389550213842711,0.1093840479723784,0,24930.249159433763,157.8931574180267,7.7812462074280706,0.18675874892058919,0
5,2024-01-11,4376,29.355202775236553,5.4180441835810598,0.26356841794960523,0.023678897533200436,0,34000.836502589176,184.3931574180267,8.9700657902866112,0.0024034827398252659,0
5,2024-01-12,4377,145.97365634989947,12.08195581641894,0.59279031555179651,0.25088240138017937,1,27853.325992958242,166.8931574180267,8.1884629403148299,0.35133226209358859,1
5,2024-01-16,4378,1480.8609234568264,38.481955816419031,1.9128597398493368,0.0066516971597390681,0,19738.327281286405,140.49315741802661,6.9836290502312233,0.10556427897093829,0
5,2024-01-17,4379,1702.1017986574757,41.256536435545286,2.0493014323239263,0.3585573747257994,1,20147.859937798698,141.94315741802666,7.0506237541241132,0.052213263321349845,0
5,2024-01-18,4380,689.92863866215487,26.26649269815357,1.2948407827341486,0.14943130880997493,0,24741.137370532088,157.29315741802657,7.7539699498669776,0.099509868951357772,0
5,2024-01-19,4381,744.30511316903778,27.281955816418986,1.34862234936202,0.11443837408083614,0,23010.814007450215,151.69315741802666,7.4986113061631112,0.010941215149989414,0
5,2024-01-23,4382,888.42961428348599,29.80653643554524,1.4721821764524852,0.24937144392867272,0,23529.460742671519,153.3931574180267,7.5762802172240491,0.40254871880804144,1
5,2024-01-24,4383,942.89137986747301,30.706536435545331,1.5173087800145932,0.18403894251323449,0,23254.163059319046,152.49315741802661,7.5351776364682692,0.16661687748159618,0
5,2024-01-25,4384,769.06137340381736,27.731955816419031,1.3711721046437098,0.43023284067424072,1,22874.492665773978,151.24315741802661,7.4780300330297464,0.31070010923975599,1
5,2024-01-29,4385,51.580489348995805,7.1819558164190767,0.35153108423284191,0.36256845666102533,1,29512.888935654857,171.79315741802657,8.4086614335442871,0.069715082026053185,0
5,2024-01-30,4386,9.1085906940469172,3.0180441835809688,0.14698863672621301,0.20341910459791024,0,33121.509346982617,181.99315741802661,8.8636628475843953,0.25766202743496869,1
5,2024-01-31,4387,19.201536777049377,4.3819558164191221,0.21418754143359103,0.28449499297451664,1,30482.770617195791,174.59315741802652,8.5340155640944602,0.27116680450347691,1
5,2024-02-01,4388,258.62930288125096,16.08195581641894,0.79059832443128286,0.079176843494308355,0,26534.180733614026,162.8931574180267,8.0079225926321413,0.13939306103479676,0
5,2024-02-02,4389,1038.8989757515885,32.231955816419031,1.5972227857492087,0.20583973488321128,0,21533.55424901174,146.74315741802661,7.2717124587723792,0.10674425768312036,0
5,2024-02-05,4390,559.63171612628594,23.656536435545377,1.1648875534540759,0.28079688663404245,1,25454.019078913207,159.54315741802657,7.8561728096329801,0.39455046545296218,1
5,2024-02-06,4391,74.510661216611908,8.6319558164191221,0.42280347846880501,0.31171652089496704,1,29016.791279142562,170.34315741802652,8.3436107669487924,0.046150866370549756,0
5,2024-02-07,4392,465.78081686185931,21.58195581641894,1.06385802461829,0.28098939164802894,1,24772.606002015735,157.3931574180267,7.7585171132539728,0.55612790960388503,1
5,2024-02-08,4393,714.59746177097929,26.731955816419031,1.321075157717768,0.31152423255215067,1,23177.978980610031,152.24315741802661,7.523753764172306,0.34405806879329492,1
5,2024-02-09,4394,642.95394000714259,25.356536435545422,1.2496444943839842,0.206566837173006,0,24914.462343691899,157.84315741802652,7.7789738020810475,0.21978752919455602,0
5,2024-02-20,4395,767.65216125420102,27.706536435545331,1.3670426266458779,0.32981335158569602,1,24178.122003827204,155.49315741802661,7.6720442786740648,0.063068394603094199,0
5,2024-02-21,4396,688.11550595456026,26.231955816419031,1.2960452478467901,0.32348378566874625,1,23330.472138028057,152.74315741802661,7.546598686661393,0.5807607372090009,1
5,2024-02-22,4397,742.91877846220768,27.256536435545286,1.3445410633161645,0.30002882996890556,1,24318.268345503442,155.94315741802666,7.6925393359326497,0.073208495620370878,0
5,2024-02-26,4398,390.7142335861584,19.76649269815357,0.97130255758598405,0.17978824277172703,0,26828.198416966432,163.79315741802657,8.0486060498772307,0.23050780540443563,0
5,2024-02-27,4399,316.197952657077,17.781955816418986,0.87490249779423779,0.28562274739143695,1,25983.233998392723,161.19315741802666,7.9309777567972972,0.11260062777277988,0
5,2024-02-28,4400,4.760931184804047,2.1819558164188493,0.10653821031805126,0.25364357068727178,1,31255.820509835201,176.79315741802679,8.6322676408303884,0.40573616291183778,1
5,2024-02-29,4401,0.18658582733807463,0.43195581641884928,0.021073071344465275,0.1302895659005511,0,31877.659060798298,178.54315741802679,8.7102720957179613,0.085399140661423456,0
5,2024-03-01,4402,2286.5653495429192,47.818044183581151,2.2791660915412475,0.31797287833830368,1,51435.136251637879,226.79315741802679,10.809711752247409,0.22613546806527995,0
5,2024-03-04,4403,7084.2596616892533,84.16804418358106,3.9434053684211516,0.050359541623335488,0,69244.321295928385,263.1431574180267,12.328671168385808,0.065937262680496003,0
5,2024-03-05,4404,8578.1021083917403,92.618044183580878,4.3221898025331162,0.10042593139579062,0,73762.843156292933,271.59315741802652,12.674389594139884,0.46821819641792617,1
5,2024-03-06,4405,10653.964645083635,103.21804418358079,4.7931479339469591,0.10694383280840593,0,79632.978093555052,282.19315741802643,13.104235409135409,0.69404078061905283,1
5,2024-03-07,4406,16956.739030997,130.21804418358079,5.9720720119049187,0.11792604908345572,0,95600.408594128472,309.19315741802643,14.180245243781167,0.37691521434939923,1
5,2024-03-11,4407,12325.006134347535,111.01804418358097,5.136751610576332,0.11788602005308912,0,84096.031349276367,289.99315741802661,13.417844183598687,0.0055773951744747729,0
5,2024-03-12,4408,13963.686666172765,118.16804418358106,5.4495500914767137,0.065347213876975341,0,88294.056000354205,297.1431574180267,13.703336903616799,0.21234436545815277,0
5,2024-03-13,4409,12225.292394582353,110.56804418358115,5.1169957508136399,0.15394463310631454,0,83835.240007600238,289.54315741802679,13.399812912718751,0.23456434891423011,0
5,2024-03-14,4410,12818.325528755251,113.21804418358079,5.2332175083122232,0.75668751559031,1,85376.841241915579,292.19315741802643,13.505889085397236,0.25823125927189106,1
5,2024-03-15,4411,11646.304260409353,107.91804418358106,5.000488575102799,0.09763359552657816,0,82307.683773284647,286.8931574180267,13.293476237426811,0.21017982533948615,0
5,2024-03-18,4412,10955.399473216077,104.66804418358106,4.857211201614045,0.39650542752603224,1,80453.440750067472,283.6431574180267,13.162706270269,0.47021163542623767,1
5,2024-03-19,4413,14464.402451743785,120.26804418358097,5.5410294486791507,0.23083704377509745,0,89546.467261509853,299.24315741802661,13.786830565216615,0.365304997202193,1
5,2024-03-21,4414,14730.202148947641,121.36804418358088,5.5888765971440817,0.13212521114557294,0,90206.012207829466,300.34315741802652,13.830500894180627,0.24445955838360031,0
5,2024-03-22,4415,16787.878073558437,129.56804418358115,5.9440335894844081,0.27535001597795022,1,95198.879989485256,308.54315741802679,14.154654437013797,0.2435794502461297,0
5,2024-03-26,4416,20297.143613494729,142.46804418358079,6.4973796772737167,0.20230053027676689,0,103325.70345087012,321.44315741802643,14.659696147125755,0.24533512523001222,0
5,2024-03-27,4417,26934.732426643805,164.11804418358088,7.4115674660094788,0.098412065275247596,0,117712.91466707073,343.09315741802652,15.494079861721341,0.036696209994755653,0
5,2024-03-28,4418,45910.794758257005,214.26804418358097,9.4620465525979682,0.046122921669005543,0,154640.18085609886,393.24315741802661,17.365562261780816,0.066453384843038005,0
5,2024-04-02,4419,52862.30704120313,229.91804418358106,10.083461359278163,0.76357561106272798,1,167193.61418328318,408.8931574180267,17.932730628161597,0.15777497547384514,0
5,2024-04-03,4420,72909.744184726282,270.01804418358097,11.637454764942614,0.2435444664310161,0,201594.85540820882,448.99315741802661,19.351068092577378,0.53937927648536943,1
5,2024-04-08,4421,79957.766811407593,282.76804418358097,12.120361945288511,0.89776777583605216,1,213206.74342236851,461.74315741802661,19.791819863610229,0.8314011217465348,1
5,2024-04-10,4422,123389.2388645582,351.26804418358097,14.627026616014199,0.67666667617442811,1,281157.80598863814,530.24315741802661,22.079665101729194,0.2605086946700253,1
5,2024-04-12,4423,86417.211001119707,293.96804418358079,12.540228827897826,0.35121525472958232,1,223675.23014853214,472.94315741802643,20.175034443222696,0.69253099973794474,1
5,2024-04-15,4424,101708.71890588057,318.91804418358106,13.461285447674525,0.16499091213695338,0,247897.59620369191,497.8931574180267,21.01568737386939,0.63861924704119055,1
5,2024-04-16,4425,110535.00040325543,332.46804418358079,13.953416048330919,0.1901126558354449,0,261574.10326972016,511.44315741802643,21.464857406220947,0.0086423558215335296,0
5,2024-04-18,4426,108549.19213815394,329.46804418358079,13.8449402943052,0.57747820753764489,1,258514.44432521201,508.44315741802643,21.365851049208995,0.77352163119326978,1
5,2024-04-19,4427,81064.364683723456,284.71804418358079,12.193753364465227,0.27559162160726625,1,215011.34423629864,463.69315741802643,19.858804574745776,0.36558506641467736,1
5,2024-04-22,4428,77405.280109336905,278.21804418358079,11.948637255838898,0.47637061579153339,1,209025.58318986429,457.19315741802643,19.635085890529169,0.64295284835440392,1
5,2024-04-23,4429,72909.744184726282,270.01804418358097,11.637454764942614,0.71473734526122856,1,201594.85540820882,448.99315741802661,19.351068092577378,0.90038490837083029,1
5,2024-04-24,4430,72075.090747757087,268.46804418358079,11.578386345089093,0.55914182731584294,1,200205.37912021278,447.44315741802643,19.297156053738149,0.6033934542442223,1
5,2024-04-25,4431,85771.691303915883,292.86804418358088,12.499169654883739,0.13851443197996252,0,222635.96520221257,471.84315741802652,20.137559533012954,0.29824964150656869,1
5,2024-04-26,4432,65929.828513861386,256.76804418358097,11.129954234225444,0.20426538417793413,0,189872.09923663113,435.74315741802661,18.887869849069208,0.27857355538054385,1
5,2024-04-30,4433,72559.143227287583,269.36804418358088,11.612693748214385,0.38448528428172168,1,201011.5868035653,448.34315741802652,19.328468590189107,0.55225128924279443,1
5,2024-05-07,4434,66986.779995014163,258.81804418358115,11.208854038829005,0.41502006956046317,1,191662.84868204518,437.79315741802679,18.959882090817729,0.32875794171877404,1
5,2024-05-08,4435,75882.643366327218,275.46804418358079,11.844521829280682,0.24962484487410305,0,206518.58332406514,454.44315741802643,19.540059225954614,0.0438109325187412,0
5,2024-05-09,4436,103824.46799749201,322.21804418358079,13.581657956272242,0.33723330770525989,1,251194.58104265062,501.19315741802643,21.125551957597693,0.74875026021333446,1
5,2024-05-10,4437,86182.196565773062,293.56804418358115,12.525302678708982,0.28544998604841298,1,223297.03562259805,472.54315741802679,20.161411273061983,0.2355923066046286,0
5,2024-05-13,4438,92792.152842230033,304.61804418358088,12.935772732173213,0.17251097468897703,0,233862.34190153619,483.59315741802652,20.536049320255071,0.12353518298593506,0
5,2024-05-14,4439,94413.650976403063,307.26804418358097,13.03363920184861,0.23182414474597543,0,236432.40813585182,486.24315741802661,20.625372530987342,0.28361025564020453,1
5,2024-05-15,4440,107038.92913490965,327.16804418358106,13.761590148211535,0.084114716238200701,0,256180.89580108935,506.1431574180267,21.289776958779619,0.15041323986525199,0
5,2024-05-16,4441,124163.238561762,352.36804418358088,14.66611355130196,0.38570269463077922,1,282325.55093495769,531.34315741802652,22.115339940815222,0.18566928150171166,0
5,2024-05-17,4442,142180.30994443109,377.06804418358115,15.534463979878099,0.1053658939715683,0,309183.99291140854,556.04315741802679,22.9078876701696,0.18311228021141374,0
5,2024-05-21,4443,127926.4298301081,357.66804418358106,14.853940952015494,0.32735750830959631,1,287985.87840358901,536.6431574180267,22.286770938079933,0.36534893322943335,1
5,2024-05-22,4444,85537.556868568965,292.46804418358079,12.484229486642798,0.031246083684826675,0,222258.65067627805,471.44315741802643,20.12392356759408,0.069542824859368815,0
5,2024-05-24,4445,90251.001271088055,300.41804418358106,12.780211608856318,0.14661724263912379,0,229817.79937922492,479.3931574180267,20.394067913897292,0.59463540802748893,1
5,2024-05-28,4446,85918.187826007677,293.11804418358088,12.508504669963125,0.55950211916996062,1,222871.94928092157,472.09315741802652,20.146079647428962,0.71530347385452064,1
5,2024-05-29,4447,88993.655485517069,298.31804418358115,12.702222400356863,0.17863158806766166,0,227808.75811806929,477.29315741802679,20.322886777715048,0.126633711082038,0
5,2024-05-30,4448,88814.754659006823,298.01804418358097,12.691069698012603,0.36286290965918216,1,227522.47222361833,476.99315741802661,20.312707651145605,0.40894989402939225,1
5,2024-05-31,4449,82637.876426733157,287.46804418358079,12.297045993223287,0.33304651469943147,1,217569.21910209779,466.44315741802643,19.953080267700152,0.035299947950289824,0
5,2024-06-03,4450,76048.014192837465,275.76804418358097,11.855891839362895,0.63132090105887428,1,206791.33921851614,454.74315741802661,19.55043669037088,0.67025454373897031,1
5,2024-06-04,4451,83994.498734396198,289.81804418358115,12.385121864215771,0.12673532049695643,0,219767.02444196286,468.79315741802679,20.033467550609036,0.31984459251101033,1
5,2024-06-05,4452,96328.32285034121,310.36804418358088,13.147845640243197,0.53042584798157399,1,239456.72571184349,489.34315741802652,20.729609311955713,0.50263878826902275,1
5,2024-06-06,4453,67895.705649656695,260.56804418358115,11.276096770970275,0.23071481942186581,0,193198.18723300827,439.54315741802679,19.021254864896434,0.75580624100640259,1
5,2024-06-07,4454,70898.671353349433,266.26804418358097,11.494411577102568,0.2111129417534873,0,198241.46922757363,445.24315741802661,19.220511867818978,0.12855893634547794,0
5,2024-06-11,4455,76185.960714929257,276.01804418358097,11.865364607569305,0.13490646774443205,0,207018.77329722515,454.99315741802661,19.559082532746981,0.073920438374566425,0
5,2024-06-12,4456,67895.705649656695,260.56804418358115,11.276096770970275,0.38161294154802383,1,193198.18723300827,439.54315741802679,19.021254864896434,0.67277722201129764,1
5,2024-06-13,4457,78522.152286071228,280.21804418358079,12.024203230431068,0.142575267193086,0,210858.3558195364,459.19315741802643,19.704055329143578,0.044112409051872331,0
5,2024-06-14,4458,75140.702147031596,274.11804418358088,11.793320463079178,0.41694022093068062,1,205293.40929903658,453.09315741802652,19.493327485878915,0.3372122155201252,1
5,2024-06-18,4459,90822.698055036759,301.36804418358088,12.815446682411164,0.14871253842196447,0,230729.54887831901,480.34315741802652,20.426227139735779,0.058687395138014686,0
5,2024-06-20,4460,81121.318292560391,284.81804418358115,12.197513722771722,0.19904609945500509,0,215104.09286778257,463.79315741802679,19.862236672363622,0.34067765748282114,1
5,2024-06-21,4461,77572.300935847161,278.51804418358097,11.95998042656279,0.50599351737763132,1,209299.98908431528,457.49315741802661,19.645438858530397,0.56319723407083622,1
5,2024-06-24,4462,75524.95740888876,274.81804418358115,11.819876741729473,0.45005190608552131,1,205928.22971942206,453.79315741802679,19.517565532699372,0.52656628717128062,1
5,2024-06-25,4463,62209.360764362791,249.41804418358106,10.845913255651123,0.37052974757683138,1,183520.6973225862,428.3931574180267,18.628624243603447,0.19846833472949496,0
5,2024-06-26,4464,74730.087580756226,273.36804418358088,11.764849551712036,0.021650597882193274,0,204614.33206290953,452.34315741802652,19.467341944311695,0.00284057211317248,0
5,2024-06-27,4465,78774.551025836612,280.66804418358106,12.041187703615815,0.25530419335159316,1,211271.83216121286,459.6431574180267,19.719557141791867,0.36496302844838802,1
5,2024-06-28,4466,77767.386066775623,278.86804418358088,11.973210432509591,0.34846736526735994,1,209620.35679450782,457.84315741802652,19.657513950368234,0.51819583664552549,1
5,2024-07-01,4467,79252.409200948649,281.51804418358097,12.073251600024916,0.50400258316821611,1,212053.94802882345,460.49315741802661,19.748822018570884,0.451570853661935,1
5,2024-07-02,4468,96794.43741661658,311.11804418358088,13.175431180620444,0.14871253842196447,0,240191.30294797051,490.09315741802652,20.754786771043111,0.14218821191692235,0
5,2024-07-03,4469,108121.30618071553,328.81804418358115,13.82140115523344,0.085849032766819391,0,257853.89072056895,507.79315741802679,21.344366760598842,0.14269525848975526,0
5,2024-07-05,4470,106548.73956863428,326.41804418358106,13.734375872912757,0.011373057720573419,0,255422.24356496232,505.3931574180267,21.264938355164904,0.03602392777955328,0
5,2024-07-08,4471,100912.98629542161,317.66804418358106,13.415602186898983,0.073798042714055545,0,246654.42581014684,496.6431574180267,20.973992035897911,0.13283408983984712,0
5,2024-07-09,4472,111634.8674490613,334.11804418358088,14.012961359849891,0.076211619088870489,0,263264.58818919974,513.09315741802652,21.519204706441023,0.030560717652979269,0
5,2024-07-10,4473,128858.05674498521,358.96804418358079,14.899885612800134,0.53093841987676937,1,289382.84061287559,537.94315741802643,22.328704857132099,0.40632671554313093,1
5,2024-07-11,4474,127176.42943732244,356.61804418358088,14.816795570292326,0.033024053012156933,0,286860.03027301095,535.59315741802652,22.252868164531506,0.11905924790144222,0
5,2024-07-12,4475,154423.88374946869,392.96804418358079,16.08415374032338,0.24911300753689472,0,327118.97531730135,571.94315741802643,23.409592232237493,0.79402695408213297,1
5,2024-07-16,4476,171038.52716983252,413.56804418358115,16.785779859711873,0.2766505272557041,1,351107.39340292447,592.54315741802679,24.049969860298187,0.56852637883084101,1
5,2024-07-18,4477,124798.31104129252,353.26804418358097,14.698067159707968,0.03128419373859298,0,283282.77861831023,532.24315741802661,22.144504157188543,0.32475117162923622,1
5,2024-07-19,4478,117284.36128692704,342.46804418358079,14.313037329526509,0.049007406834336797,0,271902.96641808067,521.44315741802643,21.793085527564109,0.35555799226813217,1
5,2024-07-22,4479,124515.85660594559,352.86804418358088,14.683868510822725,0.74785891700628038,1,282857.14409237576,531.84315741802652,22.131544980151745,0.53312803267694431,1
5,2024-07-23,4480,137802.83632748295,371.21804418358079,15.330403030563538,0.18548282928098234,0,302712.51046961721,550.19315741802643,22.721640232836791,0.28655959881394039,1
5,2024-07-24,4481,98575.932768462939,313.96804418358079,13.280096615497031,0.35402289101282269,1,242992.95644525319,492.94315741802643,20.850315430929129,0.27807646884885601,1
5,2024-07-25,4482,112807.34310370384,335.86804418358088,14.076025488604035,0.28482931920012611,1,265063.47674016282,514.84315741802652,21.576763648548951,0.19619074511172285,0
5,2024-07-26,4483,116191.02354553965,340.86804418358088,14.255700062045957,0.69659565147511571,1,270236.90831434308,519.84315741802652,21.740753520054643,0.44034816332163257,1
5,2024-07-29,4484,115612.27037042762,340.01804418358097,14.22520841684263,0.36028516630414065,1,269353.89744673256,518.99315741802661,21.712923644724469,0.17454345095452048,0
5,2024-07-30,4485,141427.17385606395,376.06804418358115,15.499651493367725,0.20589199015667478,0,308072.90659657249,555.04315741802679,22.876114141615908,0.1844651225125809,0
5,2024-07-31,4486,163473.08085243628,404.31804418358115,16.472186110838287,0.28299526462451574,1,340230.907490691,583.29315741802679,23.76375129526906,0.27515218671699676,1
5,2024-08-01,4487,176079.30300445363,419.61804418358088,16.989616542850005,0.11536852528894671,0,358313.76810768229,598.59315741802652,24.236012608782982,0.10027654358779697,0
5,2024-08-02,4488,118073.36028854935,343.61804418358088,14.354201148091187,0.33333498197566591,1,273103.60818014224,522.59315741802652,21.830655948285255,0.44323728012938035,1
5,2024-08-05,4489,119936.18772714086,346.31804418358115,14.450691376502936,0.22466214103947235,0,275932.9012301999,525.29315741802679,21.918723056811949,0.05686285884526994,0
5,2024-08-06,4490,122652.67847177254,350.21804418358079,14.589682942097557,0.45616891085142575,1,280045.39785806008,529.19315741802643,22.045581345915409,0.12603182821229666,0
5,2024-08-07,4491,130478.47544381132,361.21804418358079,14.979288153749023,0.30153127242880651,1,291808.64732125669,540.19315741802643,22.401175948828566,0.56905646829076206,1
5,2024-08-08,4492,142218.01924884925,377.11804418358088,15.536203851260877,0.19557482607542073,0,309239.59972715005,556.09315741802652,22.909475659382725,0.2421214819243655,0
5,2024-08-09,4493,177508.89435467805,421.31804418358115,17.046713365441974,0.31407344122624831,1,360351.87484290393,600.29315741802679,24.288125161053863,0.61922221916893971,1
5,2024-08-13,4494,165216.27094242538,406.46804418358079,16.545286122993481,0.43913525654638064,1,342743.69056758808,585.44315741802643,23.830470037775328,0.34627595667661148,1
5,2024-08-14,4495,189719.5211139101,435.56804418358115,17.522248136760041,0.38352501290456681,1,377663.29232931766,614.54315741802679,24.722148097917241,0.242577939042597,0
5,2024-08-16,4496,197418.52438712277,444.31804418358115,17.811550948410783,0.049264971764990999,0,388494.36008413311,623.29315741802679,24.986196204446763,0.054971417649656268,0
5,2024-08-19,4497,229937.5546976467,479.51804418358097,18.955155417870579,0.20371664308927892,0,433613.238366362,658.49315741802661,26.029969657793323,0.16918065061695212,0
5,2024-08-20,4498,200451.44708757079,447.71804418358079,17.92341897089937,0.32604883884079428,1,392744.31355457526,626.69315741802643,25.08829870165642,0.17998285485683607,0
5,2024-08-21,4499,187288.1800664819,432.76804418358097,17.429240603446676,0.39986136402497424,1,374229.69064777647,611.74315741802661,24.63725966242556,0.11239968603162316,0
5,2024-08-22,4500,212491.53775843568,460.96804418358079,18.356484715816375,0.1766468405624512,0,409527.24472615297,639.94315741802643,25.483559948153335,0.059946116775138759,0
5,2024-08-23,4501,210055.42962426305,458.31804418358115,18.270237554905471,0.27544253696326182,1,406142.56849183788,637.29315741802679,25.40484173797719,0.21052056379341635,0
5,2024-08-27,4502,207041.42053265125,455.01804418358097,18.162580348611154,0.51571957601700702,1,401947.32365287869,633.99315741802661,25.306582473526657,0.52975867569058366,1
5,2024-08-28,4503,218900.5067681692,467.86804418358088,18.580201111297441,0.084044025361084157,0,418406.07029852184,646.84315741802652,25.687747008380391,0.021541060239897797,0
5,2024-08-29,4504,214478.32284842516,463.11804418358088,18.426325190824233,0.3835361901187726,1,412283.62280305056,642.09315741802652,25.547303694989814,0.59266707191368617,1
