fold,date,row_index,squared_price_error_full,squared_price_error_zero,absolute_price_error_full,absolute_price_error_zero,absolute_percentage_error_percent_full,absolute_percentage_error_percent_zero,brier_full,brier_zero,zero_one_full,zero_one_zero
2,2009-08-28,1519,526.38962394707164,135881.03815170188,14.290066060925483,368.25009675132907,1.4963419959084276,38.560219555112987,0.30323246168991941,0.4811150648078697,0.33333333333333331,0.66666666666666663
2,2009-09-01,1520,365.06957584955654,143156.9775383528,13.345939218418229,378.00009675132907,1.3833572654488961,39.181145037712263,0.49125345072011045,0.64867570488198867,0.66666666666666663,0.66666666666666663
2,2009-09-02,1521,1142.0524501291413,157287.04356977632,31.449820418207992,396.25009675132907,3.1993713548533051,40.310284511834091,0.35461563687864911,0.4750823393370876,0.33333333333333331,1
2,2009-09-03,1522,2669.0532191985221,162078.04473079226,45.684114098283544,402.25009675132907,4.619222861302684,40.672406142702634,0.6215331242584603,0.43472906741135958,0.66666666666666663,0.33333333333333331
2,2009-09-04,1523,3397.4953395799607,171668.98450444848,53.859823400805759,414.00009675132907,5.3819458806700737,41.368982937929466,0.98320601746211356,0.77827105884857406,1,1
2,2009-09-08,1524,2908.8120466614218,170635.54676257016,50.46852487518337,412.75009675132907,5.0493771761063906,41.295657503884854,0.1991913370449844,0.33802678225963506,0.33333333333333331,0.33333333333333331
2,2009-09-09,1525,2465.5930796138223,163488.9825694219,46.187918736461292,404.00009675132907,4.6619145835439104,40.777198763697108,0.13923802837879148,0.33339817445130016,0.33333333333333331,0.33333333333333331
2,2009-09-10,1526,4261.6426905920462,177935.23595571844,61.359823400805759,421.50009675132907,6.0857746988153494,41.805117456119923,0.66485415232486156,0.66250333469031109,1,0.66666666666666663
2,2009-09-11,1527,1751.9857315465604,170429.2342141945,40.372834701808266,412.50009675132907,4.040313705459921,41.280970402935111,0.012076926710532893,0.35200512103272624,0,0.33333333333333331
2,2009-09-14,1528,1616.8938169165995,167758.54608531087,39.453146610053032,409.25009675132907,3.9611592981980954,41.08936714370774,0.1037729200046681,0.28894638314824012,0.33333333333333331,0.33333333333333331
2,2009-09-15,1529,3809.7986958617134,184313.98740698837,60.931040633751081,429.00009675132907,5.9986257084667578,42.234811395651398,0.58720883975245586,0.58616044078775509,0.66666666666666663,0.66666666666666663
2,2009-09-16,1530,2940.7839029385582,186681.05043912065,53.39056942622809,431.75009675132907,5.2420784905476765,42.390780240680321,0.75126757008462108,0.41345957040456338,1,0.66666666666666663
2,2009-09-17,1531,4874.5527851593661,181110.54918135339,65.068179149294835,425.25009675132907,6.4296619712741929,42.0207605485503,0.24154485182933819,0.37611526154314451,0.66666666666666663,0.33333333333333331
2,2009-09-18,1532,4586.8084789875393,179201.98624597242,62.818179149294828,423.00009675132907,6.2211615894325165,41.89156689787859,0.03173176926171549,0.52722954451704906,0,0.66666666666666663
2,2009-09-24,1533,2611.6252221900545,164095.54521454891,44.469243335923203,404.75009675132907,4.4850472350905903,40.821996646629259,0.37350614884813166,0.50511444190340116,0.66666666666666663,0.66666666666666663
2,2009-09-25,1534,1392.063038550983,162480.54482754358,35.901823797544047,402.75009675132907,3.6282793125360335,40.702384714636594,0.51378105774583505,0.72703172616778178,0.66666666666666663,1
2,2009-09-29,1535,11767.987706093869,216265.55682470836,106.9379187364613,464.75009675132907,10.170035067661559,44.198772872213887,0.50790093794459079,0.53269796237768374,0.66666666666666663,1
2,2009-10-09,1536,13259.704807987589,223765.55837272966,112.34025176144951,472.75009675132907,10.603138439023079,44.620112954349132,0.63055974237126822,0.64625786074872182,0.66666666666666663,1
2,2009-10-14,1537,12248.420517896986,218128.55721171372,107.42326586554107,466.75009675132907,10.19679789895976,44.304707807435129,0.29378454442343299,0.33129567041256097,0.33333333333333331,0.33333333333333331
2,2009-10-15,1538,10995.341327510492,212563.55605069778,101.42326586554107,460.75009675132907,9.6824120158034432,43.985689427334513,0.31026251457015047,0.33310554515234175,0.33333333333333331,0.33333333333333331
2,2009-10-16,1539,14244.872574130402,225897.99630811065,116.18735891008983,475.00009675132907,10.943005312935233,44.737470850136951,0.51950954691898299,0.32532452382844462,0.66666666666666663,0.33333333333333331
2,2009-10-20,1540,12372.774225023955,218361.99476008935,107.91965096319716,467.00009675132907,10.241485263411356,44.317921399888881,0.26544346519093193,0.63208834890379528,0.33333333333333331,0.66666666666666663
2,2009-10-21,1541,12288.156293203831,217662.05711496237,107.43735891008983,466.25009675132907,10.202978054139585,44.278261799746353,0.17504530346498573,0.32775973943893449,0.33333333333333331,0.33333333333333331
2,2009-10-22,1542,13669.744951632982,225897.99630811065,114.24888283690591,475.00009675132907,10.760431630506796,44.737470850136951,0.28300186639694042,0.19643402017457276,0.33333333333333331,0.33333333333333331
2,2009-10-23,1543,11958.949767660941,218595.55730846501,106.49888283690591,467.25009675132907,10.104258333672286,44.331128724035018,0.37103126846388973,0.55525686693731746,0.33333333333333331,0.66666666666666663
2,2009-10-26,1544,8610.6971713605726,202548.05392216853,89.297974702914715,449.75009675132907,8.6153376462049902,43.391229787875453,0.0029683466880931959,0.12194830869556095,0,0.33333333333333331
2,2009-10-27,1545,7804.4770658850657,198297.99050303092,84.630953902285569,445.00009675132907,8.2026609064488074,43.130612721233739,0.0093551134289597392,0.13768414309230365,0,0.33333333333333331
2,2009-10-28,1546,9275.9525825107758,206162.05469617914,93.039584977741967,453.75009675132907,8.9418149906527589,43.608851201473243,0.72364482445213163,0.91762280579846811,1,1
2,2009-10-29,1547,9172.981048227577,205708.55459942785,92.498882836905906,453.25009675132907,8.8941233497024914,43.581740072243178,0.034595815460865577,0.2312297757688222,0,0.33333333333333331
2,2009-10-30,1548,21193.856985745668,253533.56427456075,143.26798515436408,503.25009675132907,13.143851849024228,46.16973364691092,0.96343426087664064,0.66987289479347079,1,0.66666666666666663
2,2009-11-04,1549,21264.803316971091,252528.06408105805,143.63576620817057,502.25009675132907,13.189693866682328,46.120302731986136,0.23598649966191987,0.5722601435355682,0.33333333333333331,0.66666666666666663
2,2009-11-05,1550,27602.570901080064,260373.0030807037,162.17925336087742,510.00009675132907,14.787258113597213,46.501034579560439,0.86414490442191771,0.90750854755437727,1,1
2,2009-11-06,1551,30946.155968297611,270673.00501573028,172.17925336087742,520.00009675132912,15.557194792037718,46.984422566191917,0.52884029060684068,0.57388050657309952,0.66666666666666663,0.66666666666666663
2,2009-11-09,1552,29113.21382357004,265240.56649984128,166.76522392191683,514.75009675132912,15.139829679701938,46.731738243425248,0.040400640406559329,0.33394519811876222,0,0.33333333333333331
2,2009-11-10,1553,33888.319981422748,279585.25666050281,180.51522392191683,528.50009675132912,16.186077016087587,47.388486595053045,0.38212501011330863,0.6186519710357028,0.33333333333333331,0.66666666666666663
2,2009-11-11,1554,34966.3987436893,279057.00656375149,183.53622799950389,528.00009675132912,16.464339807087139,47.3648886971365,0.13472942331523138,0.193938126616405,0.33333333333333331,0.33333333333333331
2,2009-11-12,1555,31135.932341699958,267820.56698359794,172.78622799950389,517.25009675132912,15.650926449230425,46.852363836171115,0.08881997246023636,0.24302418818373542,0,0.33333333333333331
2,2009-11-13,1556,40796.816197674161,295393.57201466704,198.78622799950389,543.25009675132912,17.591701592876451,48.075229801002571,0.65239014699846809,0.55931558441624774,0.66666666666666663,0.66666666666666663
2,2009-11-16,1557,43359.182549271885,300577.01043380465,204.97003875534531,548.00009675132912,18.063012888772448,48.292583983373355,0.20286402382461788,0.34030347395876032,0.33333333333333331,0.33333333333333331
2,2009-11-17,1558,49403.891153799224,316398.07569121756,219.22003875534531,562.25009675132912,19.079202676705425,48.933863947026033,0.9279836467908843,0.48053823376426191,1,0.66666666666666663
2,2009-11-18,1559,45320.607124809845,301399.57307893172,209.60757203059541,548.75009675132912,18.459495555314433,48.326736834110882,0.065930929176706177,0.20978496893181106,0,0.66666666666666663
2,2009-11-19,1560,47227.325273085204,306358.57394969364,214.10757203059541,553.25009675132912,18.781365967596091,48.530710241344657,0.60144566479797534,0.64053158475725891,0.66666666666666663,0.66666666666666663
2,2009-11-20,1561,57723.889872507883,332625.26594863046,237.35757203059541,576.50009675132912,20.404691341551295,49.559432344838093,0.79820763805187578,0.62187166962425822,1,0.66666666666666663
2,2009-11-24,1562,65828.939749517536,351922.01914142427,253.85757203059541,593.00009675132912,21.517912441669456,50.264894829525673,0.29447004163971685,0.34677299642138665,0.33333333333333331,0.33333333333333331
2,2009-11-25,1563,59277.276590706751,336383.07907751406,240.60757203059541,579.75009675132912,20.626452810166771,49.699965430889762,0.2759291518401194,0.0055468975280041277,0.33333333333333331,0
2,2009-11-27,1564,63814.079173272767,347194.01836741366,249.85757203059541,589.00009675132912,21.250909804856082,50.095691835111978,0.66450769066576798,0.7618395035618567,0.66666666666666663,1
2,2009-11-30,1565,72464.870336297725,367206.08410858316,266.60757203059541,605.75009675132912,22.357029101098146,50.796653815625085,0.57205647570447382,0.60287803444195354,0.66666666666666663,0.66666666666666663
2,2009-12-01,1566,83529.173217521529,391836.08797863638,286.60757203059541,625.75009675132912,23.637737899430547,51.608255402171473,0.45526329719114589,0.47007360567280987,0.66666666666666663,0.66666666666666663
2,2009-12-02,1567,81393.678927292072,387157.02475300134,282.85757203059541,622.00009675132912,23.400833260028577,51.458125894629084,0.013034917347056856,0.005063098156099153,0,0
2,2009-12-03,1568,71270.198762160042,364485.2711732022,264.35757203059541,603.50009675132912,22.210255999209863,50.70364181905726,0.37496398905232203,0.43740390642416399,0.33333333333333331,0.66666666666666663
2,2009-12-04,1569,48304.11313323817,309131.0744334503,216.60757203059541,555.75009675132912,18.959087267448176,48.643334507774973,0.018819041182333351,0.3379694146073759,0,0.33333333333333331
2,2009-12-07,1570,50163.339995498238,313873.01275583653,220.85757203059541,560.00009675132912,19.259435101861385,48.833668781454463,0.59991425111733665,0.51980004364940546,1,0.66666666666666663
2,2009-12-08,1571,47656.540417146396,307466.07414319628,215.10757203059541,554.25009675132912,18.852547943084613,48.575819171895624,0.0010425979936564255,0.39696694142487665,0,0.33333333333333331
2,2009-12-09,1572,42435.101116381506,293766.07172441308,202.60757203059541,541.75009675132912,17.953705984102385,48.006211497680908,0.070383825809949604,0.053939674043072594,0,0
2,2009-12-10,1573,40631.88296810614,288910.57085365109,198.10757203059541,537.25009675132912,17.625228828344788,47.79805131239582,0.35736106251886263,0.29164618610062498,0.33333333333333331,0.66666666666666663
2,2009-12-11,1574,38869.539400314607,288642.00830527541,193.75724553352927,537.00009675132912,17.242024074173905,47.786437975646635,0.21913077485629107,0.28421073506639477,0.33333333333333331,0.66666666666666663
2,2009-12-14,1575,38090.40445581793,286765.57046664582,191.78646020468193,535.25009675132912,17.093267397921739,47.704999710457137,0.27019250790418653,0.63364103193783494,0.33333333333333331,0.66666666666666663
2,2009-12-15,1576,43618.722065311704,303598.57346593699,205.85264944884048,550.75009675132912,18.096936215282682,48.417590923193764,0.64668853888941358,0.46982701455119896,0.66666666666666663,0.66666666666666663
2,2009-12-16,1577,36397.808673457126,281438.06949913251,187.22003875534531,530.25009675132912,16.760970345151772,47.470912869411734,0.32486901814487479,0.28370640116659546,0.33333333333333331,0.33333333333333331
2,2009-12-17,1578,31628.740961573727,268338.06708034925,174.01965446678119,517.75009675132912,15.755514211569144,46.87642342701033,0.44371549217621448,0.20724586433120859,0.66666666666666663,0.33333333333333331
2,2009-12-18,1579,31884.244926763891,269374.56727385189,174.80686124496515,518.75009675132912,15.81247048801132,46.924477318075901,0.3306235549040909,0.30782661003237621,0.33333333333333331,0.33333333333333331
2,2009-12-21,1580,24914.185128435696,247530.56311354475,153.51965446678119,497.25009675132907,14.162329747858045,45.871780143111543,0.61414507655567452,0.27324971144609839,1,0.33333333333333331
2,2009-12-22,1581,29988.890460162434,268338.06708034925,169.49567481021404,517.75009675132912,15.345918950675783,46.87642342701033,0.076637266453654429,0.40306018722269665,0,0.33333333333333331
2,2009-12-24,1582,31642.255150034758,269893.56737060327,174.35264944884048,519.25009675132912,15.764254018882504,46.948471677335363,0.64352508967675093,0.3757470828408736,0.66666666666666663,0.66666666666666663
2,2009-12-29,1583,25621.298439043941,251023.5637908041,156.07343477768782,500.75009675132907,14.35158020944256,46.045985908168198,0.32079100752990491,0.4141164976819664,0.33333333333333331,0.66666666666666663
2,2009-12-30,1584,36040.743403709705,286230.57036989444,186.49567481021404,534.75009675132912,16.629128382542493,47.68168495330621,0.4310515788875029,0.63238275506996044,1,0.66666666666666663
2,2010-01-04,1585,36840.563564173419,288105.25820852414,188.51522392191683,536.50009675132912,16.783015706380311,47.763195793574816,0.19044114925548797,0.27730528305620616,0.33333333333333331,0.66666666666666663
2,2010-01-05,1586,41153.993339379565,295393.57201466704,199.51965446678119,543.25009675132912,17.656606589980637,48.075229801002571,0.58028288745181433,0.60751366645302896,0.66666666666666663,0.66666666666666663
2,2010-01-06,1587,41253.815666612958,295665.25956304272,199.76965446678119,543.50009675132912,17.674820125351136,48.086715041037742,0.73066185965559649,0.65588997597725673,1,0.66666666666666663
2,2010-01-07,1588,39867.678085345491,291873.00888578343,196.26965446678119,540.00009675132912,17.419095137943749,47.925457887848154,0.54481609982125845,0.58907779756303524,0.66666666666666663,0.66666666666666663
2,2010-01-08,1589,50085.141154217767,318933.26362659852,220.76965446678119,564.50009675132912,19.176517217527142,49.033667470256596,0.70112554147098771,0.88735358365471895,1,1
2,2010-01-12,1590,40340.881967941699,292413.25898253475,197.47003875534531,540.50009675132912,17.51785662056734,47.94855593269719,0.24024093812345149,0.047161436516872011,0.33333333333333331,0
2,2010-01-13,1591,44806.222820559306,304425.261111064,208.47003875534531,551.50009675132912,18.31496057591437,48.451578893154327,0.85923430679945889,0.34155595546258888,1,0.33333333333333331
2,2010-01-14,1592,40637.649526074725,293224.57162766176,198.22003875534531,541.25009675132912,17.572698471218555,47.983164605614284,0.020442319578476479,0.37992938923515585,0,0.33333333333333331
2,2010-01-15,1593,42644.849913628183,298662.07259517506,203.22003875534531,546.25009675132912,17.936455318212296,48.212718159870171,0.55894418720158445,0.67689894724173183,0.66666666666666663,0.66666666666666663
2,2010-01-19,1594,39160.138677876683,284895.25762801612,194.35757203059541,533.50009675132912,17.349481993358214,47.623307007483071,0.54421698223986714,0.49848372625534365,0.66666666666666663,0.66666666666666663
2,2010-01-20,1595,33198.020495238583,272235.25530598423,178.47003875534531,521.50009675132912,16.103770697527214,47.056178366914423,0.35003945146047788,0.37949871377221439,0.33333333333333331,0.66666666666666663
2,2010-01-21,1596,25130.286115604336,247530.56311354475,154.22003875534531,497.25009675132907,14.226940844589052,45.871780143111543,0.51572242945633917,0.21377550595569494,0.66666666666666663,0.33333333333333331
2,2010-01-22,1597,28188.735851708643,258845.25279044968,164.03622799950389,508.50009675132907,14.977058023237058,46.427765053762073,0.40129698672188274,0.67004736869752524,0.66666666666666663,1
2,2010-01-25,1598,27936.925743320415,258337.00269369836,163.32343477768782,508.00009675132907,14.91878828752572,46.403297259769722,0.36100712903980331,0.17666999929640051,0.66666666666666663,0.33333333333333331
2,2010-01-27,1599,22892.976613045557,242091.06204928015,147.07343477768782,491.75009675132907,13.636850697977545,45.595743787791292,0.25961084012352026,0.32558411763412548,0.33333333333333331,0.33333333333333331
2,2010-01-29,1600,24211.046166994729,250023.0635973014,151.49567481021404,499.75009675132907,13.943458335040409,45.996327358612895,0.29975789310684642,0.15375266963155296,0.33333333333333331,0.33333333333333331
2,2010-02-01,1601,32234.584232695212,275111.06833811657,175.99567481021404,524.25009675132912,15.841194852404504,47.187227430362647,0.32869229417736961,0.31261390333007882,0.33333333333333331,0.66666666666666663
2,2010-02-02,1602,35150.184971688803,279585.25666050281,184.03622799950389,528.50009675132912,16.501791347187076,47.388486595053045,0.67607277115020825,0.24056191542841746,0.66666666666666663,0.33333333333333331
2,2010-02-03,1603,24684.468146735522,246785.25046841777,152.76965446678119,496.50009675132907,14.102899096864178,45.83430387734402,0.00039752972488836931,0.32387613921566899,0,0.33333333333333331
2,2010-02-04,1604,17355.599365745602,222349.55808247565,126.78622799950388,471.25009675132907,11.983575425283922,44.541597046439428,0.35206353497097415,0.58893868747693034,0.66666666666666663,0.66666666666666663
2,2010-02-05,1605,16627.735833627543,228040.55924349162,124.071686957175,477.25009675132907,11.66087283432096,44.854332401440701,0.28756725544202733,0.31743303207632317,0.33333333333333331,0.33333333333333331
2,2010-02-08,1606,16075.521183243822,235013.24814638589,124.2850582898905,484.50009675132907,11.6018724191263,45.227546954616486,0.29052945555921966,0.42605557314982551,0.66666666666666663,0.66666666666666663
2,2010-02-09,1607,15683.717804372014,233320.56030775621,122.66419450213255,482.75009675132907,11.46930289875012,45.137923959918567,0.45710039398686791,0.38326086769836215,0.66666666666666663,0.33333333333333331
2,2010-02-10,1608,28710.470925509744,279585.25666050281,167.68986607283466,528.50009675132912,15.036078553941685,47.388486595053045,0.60358805783536507,0.35464875065552098,0.66666666666666663,0.66666666666666663
2,2010-02-22,1609,32088.412395373762,270933.06756410591,175.57343477768782,520.25009675132912,15.860292211173245,46.996395370490433,0.31807182653156779,0.43124894454562418,0.33333333333333331,0.66666666666666663
2,2010-02-23,1610,29668.87406809103,266787.0667900953,168.42925336087742,516.25009675132912,15.270104565809376,46.804179215895658,0.29731134582667279,0.30074912913403712,0.33333333333333331,0.33333333333333331
2,2010-02-24,1611,26877.826760956115,258083.0651453227,159.92925336087742,507.75009675132907,14.612083450057327,46.391054979564103,0.047442840953241174,0.078899569376462295,0,0
2,2010-02-25,1612,31464.943728380244,272235.25530598423,173.67925336087742,521.50009675132912,15.671486881198055,47.056178366914423,0.86030495143561481,0.39497876870137777,1,0.33333333333333331
2,2010-02-26,1613,38076.475019665879,291603.07133740775,191.76522392191683,539.75009675132912,17.023100214994837,47.913901176327478,0.83265667837313628,0.36357645421473112,1,0.33333333333333331
2,2010-03-02,1614,43789.998847447721,302498.07327243435,206.01965446678119,549.75009675132912,18.127554286562358,48.372203849655001,0.58135856163137556,0.47891237245213475,0.66666666666666663,0.66666666666666663
2,2010-03-03,1615,43256.760029894212,300303.07288542902,204.72003875534531,547.75009675132912,18.044957140180284,48.281189665167837,0.28209483043103611,0.49107360493066904,0.33333333333333331,0.66666666666666663
2,2010-03-04,1616,43461.730068649551,300851.07298218034,205.22003875534531,548.25009675132912,18.081060683290335,48.303973282055431,0.5790702296700555,0.1471260841087787,0.66666666666666663,0.33333333333333331
2,2010-03-05,1617,39750.721851675677,290794.0086922808,195.97003875534531,539.00009675132912,17.407953698009802,47.879200244399648,0.003185875522918873,0.33299166261451552,0,0.33333333333333331
2,2010-03-08,1618,35931.321076568762,280114.00675725419,185.97003875534531,529.00009675132912,16.667715774622032,47.412063343161911,0.17331944890429862,0.32639810198271851,0.33333333333333331,0.33333333333333331
2,2010-03-09,1619,37720.598944744546,285162.0701763918,190.72003875534531,533.75009675132912,17.020976238763527,47.634993016629103,0.45440697593037033,0.68689561822045209,0.66666666666666663,1
2,2010-03-10,1620,31699.087665818148,267820.56698359794,174.22003875534531,517.25009675132912,15.780800611897222,46.852363836171115,0.0800072804812062,0.13439892719174443,0,0.33333333333333331
2,2010-03-11,1621,32488.140340217204,270153.25491897896,176.47003875534531,519.50009675132912,15.952093898788279,46.96046072328398,0.40711131837872822,0.2904077455611217,0.66666666666666663,0.66666666666666663
2,2010-03-12,1622,31786.260185195821,268079.25453197357,174.47003875534531,517.50009675132912,15.79986767084857,46.864396355112433,0.41605201635809763,0.31465628094863624,0.66666666666666663,0.33333333333333331
2,2010-03-15,1623,38198.961541632911,286498.00791827013,191.97003875534531,535.00009675132912,17.113442278167625,47.693344929915675,0.45181102075600249,0.19268187072154097,0.66666666666666663,0.33333333333333331
2,2010-03-17,1624,38583.901619143595,287569.00811177277,192.97003875534531,536.00009675132912,17.18726686754356,47.739932910383352,0.91395810638729813,0.54464850240585005,1,0.66666666666666663
2,2010-03-18,1625,32223.997782084189,269374.56727385189,175.72003875534531,518.75009675132912,15.895073609710115,46.924477318075901,0.0073452527071214248,0.45802974405411684,0,0.66666666666666663
2,2010-03-19,1626,30834.237472041423,265240.56649984128,171.72003875534531,514.75009675132912,15.589653995038161,46.731738243425248,0.29137309639312459,0.020768176883483553,0.33333333333333331,0
2,2010-03-23,1627,27987.246813200549,256562.06485506869,163.22003875534531,506.25009675132907,14.933214890699482,46.317483691795893,0.32366437531694509,0.3517418475669723,0.33333333333333331,0.33333333333333331
2,2010-03-25,1628,28600.388921707403,260118.06553232801,165.28622799950389,509.75009675132907,15.073983401687542,46.488836913025914,0.50500932448358071,0.28843622461834334,1,0.33333333333333331
2,2010-03-26,1629,32357.685937696486,271453.56766085728,176.28622799950389,520.75009675132912,15.917492370158364,47.020324763099694,0.49556221069987255,0.42870636298430381,1,0.66666666666666663
2,2010-03-29,1630,31749.275740555051,270933.06756410591,174.54635908305963,520.25009675132912,15.76751211229084,46.996395370490433,0.076450917563725476,0.55866164534098106,0,0.66666666666666663
2,2010-03-30,1631,35124.721619121425,279849.56920887856,183.77978555033692,528.75009675132912,16.475104038577943,47.400277611055948,0.34121579895422394,0.215312582742231,0.66666666666666663,0.33333333333333331
2,2010-03-31,1632,42543.302394250502,298389.01004679938,202.97003875534531,546.00009675132912,17.918343743574955,48.201288611902811,0.34005972695328218,0.35618774580624574,0.33333333333333331,0.66666666666666663
2,2010-04-06,1633,46383.810611224391,308575.57433669898,212.22003875534531,555.25009675132912,18.583190784180854,48.620849102568222,0.67568321924867092,0.51181223077532756,1,0.66666666666666663
2,2010-04-07,1634,48966.451076288533,315274.57549771492,218.22003875534531,561.25009675132912,19.008714177294891,48.889381250115775,0.69031135146794675,0.64468997435318587,1,0.66666666666666663
2,2010-04-08,1635,50950.681425086637,320346.0763684769,222.72003875534531,565.75009675132912,19.324949132784845,49.088945488184727,0.52901242040847352,0.33003040228151231,0.66666666666666663,0.33333333333333331
2,2010-04-09,1636,55607.921724232525,327457.01507786848,232.85757203059541,572.00009675132912,20.095583346761199,49.363546645206391,0.67177148193683811,0.38504044120106379,0.66666666666666663,0.33333333333333331
2,2010-04-12,1637,50828.162711590026,315555.26304609055,222.35757203059541,561.50009675132912,19.364909386509506,48.900509188010375,0.31297254906668248,0.63242195044223082,0.33333333333333331,0.66666666666666663
2,2010-04-13,1638,53646.694861972464,322613.07675548218,228.60757203059541,567.75009675132912,19.801435429241696,49.177141338356783,0.69057163861188853,0.65456631266300513,1,0.66666666666666663
2,2010-04-15,1639,52284.049429788894,319215.57617497421,225.60757203059541,564.75009675132912,19.592494314424261,49.044732674887463,0.0019617467496417657,0.31363595039231945,0,0.33333333333333331
2,2010-04-16,1640,45635.580982855732,302223.26072405867,210.35757203059541,549.50009675132912,18.513317670459443,48.360844598576818,0.059435113544634106,0.22981470438802212,0,0.33333333333333331
2,2010-04-19,1641,49283.909707375853,311637.01236883126,218.85757203059541,558.00009675132912,19.118372747813535,48.74427575901543,0.080502488992816201,0.27384351391144607,0,0.33333333333333331
2,2010-04-20,1642,48520.970705268766,309687.07453020156,217.10757203059541,556.25009675132912,18.994538235397673,48.665800240711199,0.041367716356997576,0.35280457583708952,0,0.33333333333333331
2,2010-04-21,1643,44590.043122702751,299482.01024030201,207.85757203059541,547.00009675132912,18.33363369619364,48.246976560205432,0.11951893294253758,0.34505965039007652,0,0.33333333333333331
2,2010-04-22,1644,47013.467701054607,305805.57385294233,213.60757203059541,552.75009675132912,18.7457281290562,48.508126086119269,0.87926917411280348,0.55077856153601557,1,0.66666666666666663
2,2010-04-23,1645,53646.694861972464,322613.07675548218,228.60757203059541,567.75009675132912,19.801435429241696,49.177141338356783,0.80019633450369421,0.28248639800205827,1,0.33333333333333331
2,2010-04-26,1646,51385.61914166651,316960.57578796888,223.60757203059541,562.75009675132912,19.452594348029177,48.956076272407927,0.12336769603480328,0.91467688180171824,0,1
2,2010-04-27,1647,56660.843298370215,330036.07801324944,235.10757203059541,574.25009675132912,20.250436867407011,49.461679306746696,0.76548094315265425,0.14628155746547683,1,0.33333333333333331
2,2010-04-28,1648,65575.332177486955,351329.26904467301,253.35757203059541,592.50009675132912,21.484636169649814,50.243807229283789,0.55631771913573569,0.27046720458232032,0.66666666666666663,0.33333333333333331
2,2010-04-30,1649,68651.62304185408,358475.2702056889,259.35757203059541,598.50009675132912,21.882098462821801,50.49568418066476,0.64943541897271595,0.32782052384946542,1,0.66666666666666663
2,2010-05-06,1650,77758.780490894336,379113.27349523408,276.35757203059541,615.50009675132912,22.986697611195297,51.195682823982452,0.58531767163484572,0.5395718623671647,0.66666666666666663,0.66666666666666663
2,2010-05-07,1651,74613.73091254248,372068.08488259389,270.60757203059541,609.75009675132912,22.616596074433385,50.961144734753788,0.00015530704104272538,0.13325652256373358,0,0.33333333333333331
2,2010-05-10,1652,89361.324658133439,404451.08991366299,296.60757203059541,635.75009675132912,24.262378080212301,52.004097893769256,0.85846478007798088,0.40524217700618176,1,0.33333333333333331
2,2010-05-11,1653,98484.55181905131,423748.59281620284,311.60757203059541,650.75009675132912,25.180409861058212,52.585866404147801,0.59986209286542835,0.35927518057447383,0.66666666666666663,0.33333333333333331
2,2010-05-12,1654,98484.55181905131,423748.59281620284,311.60757203059541,650.75009675132912,25.180409861058212,52.585866404147801,0.2122174648738947,0.63517886036443516,0.33333333333333331,0.66666666666666663
2,2010-05-13,1655,97862.336674990118,422448.09262270015,310.60757203059541,649.75009675132912,25.119900689898532,52.547520966545015,0.17961487140601759,0.63469299885832287,0.33333333333333331,0.66666666666666663
2,2010-05-14,1656,97551.979102959522,421798.59252594883,310.10757203059541,649.25009675132912,25.089609387588624,52.528324979880985,0.61235451800093199,0.64046308940235941,0.66666666666666663,0.66666666666666663
2,2010-05-17,1657,85983.400079781597,397173.02630102262,290.85757203059541,630.00009675132912,23.90446451864355,51.777283480692766,0.62220541073532265,0.74472312839105237,0.66666666666666663,1
2,2010-05-18,1658,73804.158196450691,370241.08459233982,269.10757203059541,608.25009675132912,22.519462094610493,50.899589686303692,0.0012914614647253232,0.17568738217471255,0,0.33333333333333331
2,2010-05-19,1659,72198.512764267114,366600.58401183184,266.10757203059541,605.25009675132912,22.324460740821763,50.776014828131629,0.012976200776750534,0.0027919080521934896,0,0
2,2010-05-20,1660,65828.939749517536,351922.01914142427,253.85757203059541,593.00009675132912,21.517912441669456,50.264894829525673,0.14879934106337303,0.033621192147171006,0.33333333333333331,0
2,2010-05-21,1661,69562.437043961167,360573.08304431854,261.10757203059541,600.25009675132912,21.997268073344184,50.568668639539091,0.53694150189550183,0.64901747108910512,0.66666666666666663,1
2,2010-05-24,1662,75563.919914649567,374205.27272122347,272.35757203059541,611.50009675132912,22.729611686258746,51.032764177035595,0.45124076414750974,0.25975175123036809,0.33333333333333331,0.33333333333333331
2,2010-05-25,1663,83242.815645490933,391210.587881885,286.10757203059541,625.25009675132912,23.606235316055727,51.58829181116576,0.33697864332369654,0.42077072022898826,0.33333333333333331,0.66666666666666663
2,2010-05-26,1664,80688.097497215596,385603.58701112308,281.60757203059541,620.75009675132912,23.321538056364005,51.407875507356444,0.13036058229307476,0.20395351974345513,0.33333333333333331,0.33333333333333331
2,2010-05-28,1665,92503.266664454699,411154.02842955192,301.85757203059541,641.00009675132912,24.586240849569975,52.209333883227778,0.33225676758302064,0.33759920842115432,0.33333333333333331,0.33333333333333331
2,2010-06-01,1666,84968.46107767451,394971.08846239303,289.10757203059541,628.25009675132912,23.794861895522256,51.707826893113499,0.34822286881545378,0.3348854269886235,0.33333333333333331,0.33333333333333331
2,2010-06-02,1667,84968.46107767451,394971.08846239303,289.10757203059541,628.25009675132912,23.794861895522256,51.707826893113499,0.056699182418041998,0.34991682376396849,0,0.66666666666666663
2,2010-06-03,1668,78451.236920970812,380653.58623711247,277.60757203059541,616.75009675132912,23.066686500257202,51.246372808585711,0.00092387937125421298,0.32256154009494636,0,0.33333333333333331
2,2010-06-04,1669,84968.46107767451,394971.08846239303,289.10757203059541,628.25009675132912,23.794861895522256,51.707826893113499,0.76492838677756481,0.25699985403719361,1,0.33333333333333331
2,2010-06-07,1670,103854.13054357143,434883.59446097538,320.10757203059541,659.25009675132912,25.690816374847145,52.909317556286446,0.81311678968099932,0.35653157321751477,1,0.33333333333333331
2,2010-06-08,1671,96007.691242806541,418558.59204219212,307.60757203059541,646.75009675132912,24.937784518086374,52.432111613403244,0.19751754277003453,0.27964342592280139,0.33333333333333331,0.33333333333333331
2,2010-06-09,1672,86420.248937827491,398118.58894614968,291.60757203059541,630.75009675132912,23.951340618529397,51.806989466228259,0.0658928481634109,0.22006558656190678,0,0.66666666666666663
2,2010-06-10,1673,87884.536797980472,401278.58942990628,294.10757203059541,633.25009675132912,24.107178035294705,51.90574563535484,0.52353042726422661,0.58893149989296378,0.66666666666666663,0.66666666666666663
2,2010-06-11,1674,103214.91539951024,433566.09426747268,319.10757203059541,658.25009675132912,25.631130283581964,52.871493714966192,0.81917235295868773,0.51058754506678139,1,0.66666666666666663
2,2010-06-17,1675,110356.28198418334,448168.59639600199,330.10757203059541,669.25009675132912,26.28245000243594,53.284243371921114,0.51860391369291536,0.48367466981818114,0.66666666666666663,0.66666666666666663
2,2010-06-18,1676,109368.20926809155,446163.09610574803,328.60757203059541,667.75009675132912,26.194306259911951,53.228385552118702,5.6446448622305484e-05,0.042742211254565642,0,0
2,2010-06-21,1677,97551.979102959522,421798.59252594883,310.10757203059541,649.25009675132912,25.089609387588624,52.528324979880985,0.2901994198710528,0.20253881046821512,0.33333333333333331,0.33333333333333331
2,2010-06-22,1678,91750.185234378208,409553.09068767354,300.60757203059541,639.75009675132912,24.509382146807614,52.160627537817284,0.25359376137037881,0.36083897229409256,0.33333333333333331,0.66666666666666663
2,2010-06-23,1679,97707.09538897482,422123.28007432446,310.35757203059541,649.50009675132912,25.104758101564851,52.537924914162112,0.67412157944548856,0.28374841962046943,0.66666666666666663,0.33333333333333331
2,2010-06-24,1680,109039.85169606096,445495.59600899665,328.10757203059541,667.25009675132912,26.164878152360078,53.209736583040602,0.46955325678648202,0.19931665515947342,0.33333333333333331,0.33333333333333331
2,2010-06-25,1681,113682.3577044893,454886.09736351529,335.10757203059541,674.25009675132912,26.574747980221684,53.469476348241805,0.66657580239422776,0.70231562576846462,0.66666666666666663,1
2,2010-06-28,1682,96623.906386867733,419853.09223569481,308.60757203059541,647.75009675132912,24.998588256832353,52.470643722262388,0.16550622322231179,0.33790653500739459,0.33333333333333331,0.66666666666666663
2,2010-06-29,1683,102577.70025544905,432250.5940739701,318.10757203059541,657.25009675132912,25.571348233970696,52.833609063611668,0.78213450013247832,0.61341438238640833,1,1
2,2010-06-30,1684,77344.806632848442,378190.58585010708,275.60757203059541,614.75009675132912,22.938624388730375,51.165218206519278,0.043050709408121529,0.19847806731123882,0,0.33333333333333331
2,2010-07-02,1685,73804.158196450691,370241.08459233982,269.10757203059541,608.25009675132912,22.519462094610493,50.899589686303692,0.21125499295147696,0.40023855530651437,0.33333333333333331,0.33333333333333331
2,2010-07-06,1686,72865.344194343619,368115.27175371023,267.35757203059541,606.50009675132912,22.405830465585201,50.827579866023804,0.56426259007809421,0.41213446802808978,0.66666666666666663,0.33333333333333331
2,2010-07-07,1687,72999.085480358917,368418.58430208586,267.60757203059541,606.75009675132912,22.422083957318421,50.837879912134817,0.50960432434866287,0.52271922158283279,0.66666666666666663,0.66666666666666663
2,2010-07-08,1688,81393.678927292072,387157.02475300134,282.85757203059541,622.00009675132912,23.400833260028577,51.458125894629084,0.44440199768854732,0.34795789134109339,0.66666666666666663,0.33333333333333331
2,2010-07-09,1689,79565.667209093197,383124.58662411774,279.60757203059541,618.75009675132912,23.194323685657025,51.327258129517134,0.29283441596155346,0.37179782786075782,0.33333333333333331,0.33333333333333331
2,2010-07-12,1690,85547.676221735703,396228.58865589573,290.10757203059541,629.25009675132912,23.857530594621334,51.747540851260617,0.59994826869536833,0.31572095673860223,0.66666666666666663,0.33333333333333331
2,2010-07-13,1691,80406.739925184986,384983.0869143717,281.10757203059541,620.25009675132912,23.289773987621825,51.387746209720717,0.3447623575176606,0.057037159328839078,0.33333333333333331,0
2,2010-07-14,1692,80969.955069246178,386224.58710787439,282.10757203059541,621.25009675132912,23.353275830347304,51.427988141666312,0.36442718658259143,0.5886245093107354,0.33333333333333331,0.66666666666666663
2,2010-07-15,1693,70742.48361809885,363279.2709796995,263.35757203059541,602.50009675132912,22.144845241168422,50.662190183000128,0.58766647418001117,0.37858195653831062,0.66666666666666663,0.66666666666666663
2,2010-07-16,1694,67489.576467716412,355787.08227030793,257.10757203059541,596.25009675132912,21.733522572324208,50.401529733840164,0.40786268279961368,0.43023346280613878,0.66666666666666663,0.33333333333333331
2,2010-07-20,1695,71932.655192236518,365995.58391508058,265.60757203059541,604.75009675132912,22.291865046629912,50.755358518785492,0.35993675185221718,0.4561776519968383,0.66666666666666663,0.66666666666666663
2,2010-07-21,1696,76246.376344726057,375735.5854631018,273.60757203059541,612.75009675132912,22.81013522556027,51.083792976350907,0.56903707141780846,0.77279800596599768,0.66666666666666663,1
2,2010-07-22,1697,71402.44004817534,364787.08372157789,264.60757203059541,603.75009675132912,22.226591518739639,50.713993847234697,0.55684044574419478,0.67471030198369386,0.66666666666666663,0.66666666666666663
2,2010-07-23,1698,67746.934039746993,356383.58236705931,257.60757203059541,596.75009675132912,21.766588257760489,50.422483882664061,0.1726175526503706,0.042593606435664871,0.33333333333333331,0
2,2010-07-26,1699,60001.349306798547,338124.57936776808,242.10757203059541,581.25009675132912,20.728388016318103,49.764563078024757,0.49874956830053901,0.3127138199509456,0.66666666666666663,0.33333333333333331
2,2010-07-27,1700,54795.982722125445,325458.07723923883,231.10757203059541,570.25009675132912,19.974725326758463,49.286957368308471,0.37212351591533971,0.30666120044383688,0.66666666666666663,0.66666666666666663
2,2010-07-28,1701,57368.416014461989,331761.0783035034,236.60757203059541,575.75009675132912,20.353339529513587,49.526890043125086,0.18598951695422819,0.16669134532597693,0.33333333333333331,0.33333333333333331
2,2010-07-29,1702,60486.564450859732,339288.07956127072,243.10757203059541,582.25009675132912,20.796199489358035,49.807536077957998,0.08790611342028383,0.15583841999399303,0,0.33333333333333331
2,2010-07-30,1703,70348.009760052955,362376.08333457256,262.60757203059541,601.75009675132912,22.09571493736604,50.631055679539678,0.34881963690345663,0.18881923744840334,0.33333333333333331,0.33333333333333331
2,2010-08-02,1704,69823.794615991777,361173.58314106986,261.60757203059541,600.75009675132912,22.030111328892247,50.589481831690868,0.35956988811154411,0.42064428995246833,0.66666666666666663,0.66666666666666663
2,2010-08-03,1705,76246.376344726057,375735.5854631018,273.60757203059541,612.75009675132912,22.81013522556027,51.083792976350907,0.35126555487383992,0.4536347324701322,0.66666666666666663,0.66666666666666663
2,2010-08-04,1706,72464.870336297725,367206.08410858316,266.60757203059541,605.75009675132912,22.357029101098146,50.796653815625085,0.40957824205612203,0.68067974533817799,0.66666666666666663,1
2,2010-08-05,1707,80828.96378323088,385914.02455949876,281.85757203059541,621.00009675132912,23.337410228159417,51.417933906133641,0.40983580307306017,0.60302801570232445,0.66666666666666663,0.66666666666666663
2,2010-08-06,1708,78173.879348940216,380037.08614036115,277.10757203059541,616.25009675132912,23.034710891986318,51.226109455638323,0.00066854370882117738,0.041393217526221417,0,0
2,2010-08-09,1709,72464.870336297725,367206.08410858316,266.60757203059541,605.75009675132912,22.357029101098146,50.796653815625085,0.055433653085289858,0.41202976844783978,0,0.66666666666666663
2,2010-08-10,1710,79565.667209093197,383124.58662411774,279.60757203059541,618.75009675132912,23.194323685657025,51.327258129517134,0.6229696995012981,0.44752803135477909,0.66666666666666663,0.66666666666666663
2,2010-08-11,1711,83816.030789552125,392462.0880753877,287.10757203059541,626.25009675132912,23.66921451200292,51.62820253514667,0.3469134506234674,0.29515536474994658,0.33333333333333331,0.33333333333333331
2,2010-08-12,1712,84535.362219628616,394029.27581726603,288.35757203059541,627.50009675132912,23.74779263171467,51.677998497124072,0.2649342525523648,0.26362202373965493,0.33333333333333331,0.66666666666666663
2,2010-08-13,1713,89955.539802194631,405723.59010716557,297.60757203059541,636.75009675132912,24.324280509243597,52.043326256749417,0.42209431846117856,0.59117444862508828,0.66666666666666663,0.66666666666666663
2,2010-08-16,1714,91449.827662347598,408913.59059092222,300.10757203059541,639.25009675132912,24.478594782267166,52.141117190157352,0.80831728076447418,0.56242497858691898,1,0.66666666666666663
2,2010-08-17,1715,86712.106509858073,398749.589042901,292.10757203059541,631.25009675132912,23.982559280016044,51.826773132293035,0.29942094446677658,0.093356034093190807,0.33333333333333331,0.33333333333333331
2,2010-08-18,1716,91449.827662347598,408913.59059092222,300.10757203059541,639.25009675132912,24.478594782267166,52.141117190157352,0.5932412129521657,0.49786850090062168,0.66666666666666663,0.66666666666666663
2,2010-08-23,1717,89064.967086102857,403815.58981691161,296.10757203059541,635.25009675132912,24.231388873207479,51.984459635951644,0.030761379000276156,0.022264033698714353,0,0
2,2010-08-24,1718,98484.55181905131,423748.59281620284,311.60757203059541,650.75009675132912,25.180409861058212,52.585866404147801,0.44418786611063393,0.19791712128260905,0.66666666666666663,0.33333333333333331
2,2010-08-25,1719,98173.194247020714,423098.09271945152,311.10757203059541,650.25009675132912,25.150167504494377,52.566701435030645,0.19476946949841586,0.096279607787074714,0.33333333333333331,0.33333333333333331
2,2010-08-26,1720,96932.763958898329,420501.09233244619,309.10757203059541,648.25009675132912,25.028953200857927,52.489886376625833,0.0017181927296607306,0.12493473292826662,0,0.33333333333333331
2,2010-08-27,1721,103854.13054357143,434883.59446097538,320.10757203059541,659.25009675132912,25.690816374847145,52.909317556286446,0.63819595264268913,0.58040704542409682,0.66666666666666663,0.66666666666666663
2,2010-08-31,1722,104174.48811560201,435543.09455772676,320.60757203059541,659.75009675132912,25.720623508270791,52.928206718919306,0.77836035405180126,0.49336556453387126,1,0.66666666666666663
2,2010-09-01,1723,105460.9184037244,438186.09494473209,322.60757203059541,661.75009675132912,25.83961329840572,53.003612074595843,0.38720369924520998,0.3514720448795095,0.33333333333333331,0.66666666666666663
2,2010-09-02,1724,100363.19725123486,427662.09339671076,314.60757203059541,653.75009675132912,25.361352037935948,52.700531781646838,0.2552380710419882,0.4966562357591951,0.33333333333333331,0.66666666666666663
2,2010-09-03,1725,110852.00584222923,449173.03404112905,330.85757203059541,670.00009675132912,26.326442970407431,53.312122279795432,0.47819302826736415,0.38671237378111806,0.66666666666666663,0.66666666666666663
2,2010-09-07,1726,109697.06684012215,446831.09620249941,329.10757203059541,668.25009675132912,26.223710918772543,53.247019661460484,0.046889992523176459,0.008105709618228733,0,0
2,2010-09-08,1727,109697.06684012215,446831.09620249941,329.10757203059541,668.25009675132912,26.223710918772543,53.247019661460484,0.11005483509669904,0.37269748879339959,0.33333333333333331,0.33333333333333331
2,2010-09-09,1728,102418.70896943375,431922.03152559442,317.85757203059541,657.00009675132912,25.556387700952389,52.824128382016404,0.00073104277932807115,0.30493284937726262,0,0.33333333333333331
2,2010-09-13,1729,116718.57585276465,460974.59823427722,339.60757203059541,678.75009675132912,26.835841329956178,53.634934551665673,0.7565324555554015,0.35499675298051397,1,0.66666666666666663
2,2010-09-14,1730,117739.64856885646,463013.09852453129,341.10757203059541,680.25009675132912,26.922460302335864,53.68982610507728,0.74229984077143163,0.49663049919918434,0.66666666666666663,1
2,2010-09-15,1731,121522.08186119299,470526.09958879586,346.60757203059546,685.75009675132912,27.238316073131273,53.889987956882443,0.81550688659618886,0.40171673452373335,1,0.33333333333333331
2,2010-09-16,1732,122564.15457728476,472585.59987904987,348.10757203059546,687.25009675132912,27.32398524572962,53.94427760999443,0.59731082305256855,0.36880470769024115,0.66666666666666663,0.33333333333333331
2,2010-09-17,1733,123261.36972134595,473961.10007255245,349.10757203059546,688.25009675132912,27.380986041615326,53.980399745202277,0.81648029091232865,0.16400481101910525,1,0.33333333333333331
2,2010-09-21,1734,139106.10289069216,504728.104329611,371.10757203059546,710.25009675132912,28.61276576951391,54.760994352454048,0.67358763873658811,0.56757178465101843,0.66666666666666663,0.66666666666666663
2,2010-09-27,1735,136888.45745850858,500475.60374910297,368.10757203059546,707.25009675132912,28.44726213528558,54.656112577382459,0.19114351659007581,0.00072663094823984008,0.33333333333333331,0
2,2010-09-28,1736,147009.61190333465,519753.60636138887,381.60757203059546,720.75009675132912,29.186047574041712,55.124290382510829,0.65450703451972714,0.76609985399927083,0.66666666666666663,1
2,2010-09-29,1737,174114.92680141516,569920.6129404793,415.60757203059546,754.75009675132912,30.9808104383597,56.261654621791216,0.71489280460428295,0.9556288687673945,0.66666666666666663,1
2,2010-10-08,1738,179982.43280984348,580536.11429499777,422.60757203059546,761.75009675132912,31.339085801304815,56.488698313038867,0.32801246270344481,0.19309770510259791,0.33333333333333331,0.33333333333333331
2,2010-10-12,1739,194640.09025888369,606724.61758454295,439.60757203059546,778.75009675132912,32.193890298835257,57.03039888329031,0.6143519655191938,0.54108485778150628,0.66666666666666663,0.66666666666666663
2,2010-10-13,1740,201514.07012535795,618855.3065841886,447.35757203059546,786.50009675132912,32.576557220505769,57.272899818046902,0.60688149165629179,0.52025878165190254,0.66666666666666663,0.66666666666666663
2,2010-10-14,1741,196402.52054700613,609843.61797154834,441.60757203059546,780.75009675132912,32.293058283772972,57.093242906861356,0.66199044799233242,0.90429507079076787,0.66666666666666663,1
2,2010-10-15,1742,196181.77926099082,609453.30542317277,441.35757203059546,780.50009675132912,32.28067815180804,57.085397458499109,0.31837063784744857,0.6340990843789277,0.33333333333333331,0.66666666666666663
2,2010-10-18,1743,172043.13894126218,566153.11245672265,413.10757203059546,752.25009675132912,30.851947127004888,56.179992289120925,0.62361770003646599,0.67001753429241384,0.66666666666666663,1
2,2010-10-19,1744,172043.13894126218,566153.11245672265,413.10757203059546,752.25009675132912,30.851947127004888,56.179992289120925,0.017131435652073267,0.0085260439382071635,0,0
2,2010-10-20,1745,175781.35708953752,572943.61332748458,417.60757203059546,756.75009675132912,31.083555789400478,56.3267656681302,0.71433114160713018,0.63303487757312549,0.66666666666666663,0.66666666666666663
2,2010-10-21,1746,170806.06622517039,563898.61216646852,411.60757203059546,750.75009675132912,30.77439790882956,56.13084835523955,0.0027395330108356398,0.058573372142038165,0,0
2,2010-10-25,1747,164284.34507268088,551950.61061844742,403.60757203059546,742.75009675132912,30.357846711590479,55.86687452059639,0.25623859402579902,0.298172812888512,0.33333333333333331,0.33333333333333331
2,2010-10-26,1748,160273.26935237492,544548.109650934,398.60757203059546,737.75009675132912,30.094946925677267,55.700271555404235,0.030215322817628232,0.052989508814903469,0,0
2,2010-10-27,1749,167529.20564892562,557908.61139245797,407.60757203059546,746.75009675132912,30.566747058912295,55.999257349181043,0.63940833646940665,0.76990419716440861,0.66666666666666663,1
2,2010-10-28,1750,178506.36880773641,577873.05145636818,420.85757203059546,760.00009675132912,31.249866124417704,56.432158659835089,0.71092742857455882,0.67657910548259681,1,0.66666666666666663
2,2010-10-29,1751,185089.72367421063,589713.11545601382,428.60757203059546,767.75009675132912,31.643231600634579,56.681439405782875,0.63800419752111692,0.35677693985890929,0.66666666666666663,0.33333333333333331
2,2010-11-01,1752,182101.72066999646,584351.11477875442,425.10757203059546,764.25009675132912,31.466141527061097,56.569215155538792,0.11714576224763201,0.36124415355428657,0.33333333333333331,0.33333333333333331
2,2010-11-02,1753,208508.1749918322,631106.12058383424,455.10757203059546,794.25009675132912,32.954929183967806,57.512678982717524,0.89151589944472354,0.63063515938826675,1,0.66666666666666663
2,2010-11-04,1754,215391.03857229112,643076.1220351042,462.60757203059546,801.75009675132912,33.317073966913604,57.742174775032709,0.61062726478382323,0.51336795025036119,0.66666666666666663,0.66666666666666663
2,2010-11-08,1755,246516.78075427981,696246.12832394068,495.10757203059546,834.25009675132912,34.842193668585175,58.708662684822599,0.95001811679934944,0.58449319951103951,1,0.66666666666666663
2,2010-11-09,1756,217245.4688604135,646287.12242210947,464.60757203059546,803.75009675132912,33.412986122301,57.802955537671998,0.0047931256764609858,0.00021159166127915382,0,0
2,2010-11-10,1757,224743.19001290304,659211.12397013081,472.60757203059546,811.75009675132912,33.793891457318232,58.044340132379631,0.83611327681065728,0.67402732431306778,1,0.66666666666666663
2,2010-11-11,1758,215391.03857229112,643076.1220351042,462.60757203059546,801.75009675132912,33.317073966913604,57.742174775032709,0.31159808274714612,0.10462489970236703,0.33333333333333331,0.33333333333333331
2,2010-11-12,1759,197286.7356910673,611406.1181650511,442.60757203059546,781.75009675132912,32.342533579144714,57.124596035902748,0.16705695422401393,0.11033293544033568,0.33333333333333331,0.33333333333333331
2,2010-11-15,1760,180405.29038187407,581298.11439174926,423.10757203059546,762.25009675132912,31.364534620503729,56.504825556065903,0.37758485619828869,0.14072582000070558,0.66666666666666663,0.33333333333333331
2,2010-11-16,1761,181464.62181195058,583205.30213362747,424.35757203059546,763.50009675132912,31.428074210745816,56.545091409096763,0.2880266957424063,0.16974457811781787,0.66666666666666663,0.33333333333333331
2,2010-11-18,1762,174947.14194547632,571431.11313398194,416.60757203059546,755.75009675132912,31.03222138030506,56.294234394884853,0.33222656933771194,0.29505072487508616,0.33333333333333331,0.33333333333333331
2,2010-11-19,1763,186808.15396233299,592788.1158430191,430.60757203059546,769.75009675132912,31.744015630711051,56.745307537879036,0.62519019597605718,0.32424573571120852,0.66666666666666663,0.33333333333333331
2,2010-11-22,1764,200843.59626731207,617676.11893906165,446.60757203059546,785.75009675132912,32.539713809150847,57.249551675870975,0.44124841339690635,0.69629444955045583,0.66666666666666663,1
2,2010-11-24,1765,185518.58124624123,590481.11555276508,429.10757203059546,768.25009675132912,31.668455500412946,56.69742411448923,0.32737237155422594,0.20001771552906167,0.33333333333333331,0.33333333333333331
2,2010-11-26,1766,187239.01153436361,593558.11593977048,431.10757203059546,770.25009675132912,31.769165219645942,56.761245154851075,0.6272840438082673,0.51363163958563818,0.66666666666666663,0.66666666666666663
2,2010-11-29,1767,210789.96285198515,635083.6210675909,457.60757203059546,796.75009675132912,33.076080378069783,57.589454047801162,0.41914013941579231,0.3102861264148139,0.66666666666666663,0.66666666666666663
2,2010-11-30,1768,212624.39314010754,638274.62145459617,459.60757203059546,798.75009675132912,33.172686541363795,57.650674612149338,0.86304995577725829,0.6900501068926902,1,1
2,2010-12-01,1769,215853.89614432168,643878.12213185558,463.10757203059546,802.25009675132912,33.341077899970877,57.757386375185682,0.65113736476068806,0.50161862028787718,0.66666666666666663,0.66666666666666663
2,2010-12-02,1770,229494.26573320897,667353.62493764411,477.60757203059546,816.75009675132912,34.029752193131131,58.193808104832861,0.61291013695261898,0.54850493854000948,0.66666666666666663,0.66666666666666663
2,2010-12-03,1771,245527.56561021859,694578.62813043792,494.10757203059546,833.25009675132912,34.796307889478548,58.67958427826261,0.43627753709520728,0.37653232925362268,0.66666666666666663,0.33333333333333331
2,2010-12-07,1772,212624.39314010754,638274.62145459617,459.60757203059546,798.75009675132912,33.172686541363795,57.650674612149338,0.00066594119691492553,0.19816701714756427,0,0.33333333333333331
2,2010-12-08,1773,217942.94271845938,647493.31006723642,465.35757203059546,804.50009675132912,33.448882086655551,57.82570327053579,0.59122987710175201,0.38197993728759666,0.66666666666666663,0.66666666666666663
2,2010-12-09,1774,203307.50041348033,622005.30697119387,449.35757203059546,788.50009675132912,32.674609854978762,57.335037029727623,0.19665880214436471,0.37499633311631353,0.33333333333333331,0.66666666666666663
2,2010-12-10,1775,225216.04758493361,660023.12406688218,473.10757203059546,812.25009675132912,33.81755339746929,58.059335007242964,0.10437706109694872,0.03837050022351525,0,0
2,2010-12-13,1776,220978.32943665827,652733.12319612014,468.60757203059546,807.75009675132912,33.603985086453598,57.923994030213628,0.48871818947673745,0.37786799082142669,0.66666666666666663,0.33333333333333331
2,2010-12-14,1777,215622.40485830643,643477.05958347989,462.85757203059546,802.00009675132912,33.329078094012267,57.749781944290127,0.27666427434428881,0.035273959243202951,0.33333333333333331,0
2,2010-12-15,1778,192448.30239873077,602837.11710078642,437.10757203059546,776.25009675132912,32.069521058737742,56.95158450119802,0.16889430327331301,0.34534633185378844,0.33333333333333331,0.66666666666666663
2,2010-12-16,1779,207598.95984777101,629518.62039033172,454.10757203059546,793.25009675132912,32.906345799318508,57.481891068936896,0.288967185077386,0.51217058196000431,0.33333333333333331,0.66666666666666663
2,2010-12-20,1780,210332.60527995453,634287.12097083952,457.10757203059546,796.25009675132912,33.051885179363374,57.57412124015395,0.53415428177965818,0.053805603015071903,0.66666666666666663,0
2,2010-12-21,1781,214005.46585619936,640673.12174485018,461.10757203059546,800.25009675132912,33.24495832953103,57.696474170968209,0.18234891593544253,0.030395741197548787,0.33333333333333331,0
2,2010-12-22,1782,238172.20202975968,682136.12667916797,486.60757203059546,825.75009675132912,34.450093595086393,58.460183840802053,0.48202232664916672,0.54848759629200661,0.66666666666666663,0.66666666666666663
2,2010-12-29,1783,231408.69602133136,670624.62532464939,479.60757203059546,818.75009675132912,34.123626611924259,58.25329752766482,0.2222307257206021,0.17852039207653678,0.33333333333333331,0.33333333333333331
2,2010-12-30,1784,215391.03857229112,643076.1220351042,462.60757203059546,801.75009675132912,33.317073966913604,57.742174775032709,0.020419514916719061,0.066089082326563631,0,0
2,2011-01-04,1785,196844.3781190367,610624.61806829961,442.10757203059546,781.25009675132912,32.31780497299674,57.108925201120549,0.30908860409066385,0.05320356849630592,0.33333333333333331,0
2,2011-01-05,1786,197286.7356910673,611406.1181650511,442.60757203059546,781.75009675132912,32.342533579144714,57.124596035902748,0.33315717053012001,0.3165807039791928,0.33333333333333331,0.66666666666666663
2,2011-01-06,1787,195961.16297497554,609063.11787479708,441.10757203059546,780.25009675132912,32.26829349163097,57.077549140550779,0.10342041697449302,0.12624053522704462,0.33333333333333331,0.33333333333333331
2,2011-01-07,1788,202185.66898340383,620035.61922931566,448.10757203059546,787.25009675132912,32.613360409795881,57.296222470984652,0.34260016932933374,0.62654620156501839,0.33333333333333331,1
2,2011-01-11,1789,206465.2534176945,627537.05764845328,452.85757203059546,792.00009675132912,32.845517463687791,57.443343372716527,0.65288694129182978,0.60890327649933629,0.66666666666666663,0.66666666666666663
2,2011-01-12,1790,208963.53256386277,631900.62068058562,455.60757203059546,794.75009675132912,32.979194500947919,57.528056225213838,0.47166930890593584,0.91070567153910309,0.66666666666666663,1
2,2011-01-13,1791,195961.16297497554,609063.11787479708,441.10757203059546,780.25009675132912,32.26829349163097,57.077549140550779,0.47284717763232192,0.18250643863555197,0.66666666666666663,0.33333333333333331
2,2011-01-14,1792,198172.95083512852,612970.61835855374,443.60757203059546,782.75009675132912,32.391936621438148,57.155903377241991,0.46249793709722109,0.52460400443882804,0.66666666666666663,0.66666666666666663
2,2011-01-18,1793,200397.23869528147,616890.61884231027,446.10757203059546,785.25009675132912,32.515129156748934,57.233972066423398,0.49465878605491193,0.30082453733213804,0.66666666666666663,0.33333333333333331
2,2011-01-19,1794,177455.78737765993,575974.61371448997,419.60757203059546,758.75009675132912,31.185995691608724,56.391683147627582,0.32244042380605448,0.052254897217515202,0.33333333333333331,0
2,2011-01-20,1795,175781.35708953752,572943.61332748458,417.60757203059546,756.75009675132912,31.083555789400478,56.3267656681302,0.39901391903526323,0.32933534658371716,0.66666666666666663,0.33333333333333331
2,2011-01-21,1796,175363.99951750692,572187.11323073332,417.10757203059546,756.25009675132912,31.057898140774046,56.310506087217355,0.3082244764595416,0.26400402130793016,0.33333333333333331,0.33333333333333331
2,2011-01-24,1797,159874.91178034432,543810.60955418274,398.10757203059546,737.25009675132912,30.068547736449801,55.683542050704624,0.48781424489251163,0.4633970594882954,0.66666666666666663,0.66666666666666663
2,2011-01-25,1798,168345.42079298684,559403.11158596061,408.60757203059546,747.75009675132912,30.618776472880885,56.032229055925747,0.31974364649021858,0.82857346492152006,0.33333333333333331,1
2,2011-01-27,1799,155918.83606003836,536463.10858666943,393.10757203059546,732.25009675132912,29.803455044017849,55.515549412534426,0.49247653778824679,0.49242750279997494,0.66666666666666663,0.66666666666666663
2,2011-01-28,1800,162272.55721252787,548243.11013469065,401.10757203059546,740.25009675132912,30.226644463496267,55.783729973724867,0.33018577467403731,0.24996406325509515,0.33333333333333331,0.33333333333333331
2,2011-01-31,1801,165902.77536080324,554925.61100545269,405.60757203059546,744.75009675132912,30.46245377623698,55.933165358717922,0.34651925056975008,0.56080682778486601,0.33333333333333331,0.66666666666666663
2,2011-02-01,1802,194200.73268685312,605946.11748779169,439.10757203059546,778.25009675132912,32.169052896014314,57.014659102661476,0.47361453160661199,0.24900456418267591,0.66666666666666663,0.33333333333333331
2,2011-02-09,1803,184019.76724413413,587795.3027141355,427.35757203059546,766.50009675132912,31.580090303387802,56.64142595613,0.26251144234080576,0.019200949366364958,0.33333333333333331,0
2,2011-02-10,1804,194200.73268685312,605946.11748779169,439.10757203059546,778.25009675132912,32.169052896014314,57.014659102661476,0.50149362362529215,0.44241409681965699,0.66666666666666663,0.66666666666666663
2,2011-02-14,1805,201066.96255332735,618069.05648743734,446.85757203059546,786.00009675132912,32.551999419456955,57.257337224646086,0.39841969073507405,0.42386601381314115,0.33333333333333331,0.66666666666666663
2,2011-02-15,1806,206691.74470370982,627933.12019682897,453.10757203059546,792.25009675132912,32.857691952907572,57.451058502634453,0.77896679536655988,0.4500449971049964,1,0.66666666666666663
2,2011-02-17,1807,210789.96285198515,635083.6210675909,457.60757203059546,796.75009675132912,33.076080378069783,57.589454047801162,0.69127793614684219,0.65541375137898383,1,0.66666666666666663
2,2011-02-18,1808,227112.47787305599,663276.12445388746,475.10757203059546,814.25009675132912,33.912032264853352,58.119207476897145,0.35561388455693627,0.63629294810959325,0.33333333333333331,0.66666666666666663
2,2011-02-22,1809,235019.81531156079,676779.31355028437,483.35757203059546,822.50009675132912,34.298922975383746,58.364385080811012,0.40151325172098645,0.34170593795034288,0.33333333333333331,0.33333333333333331
2,2011-02-23,1810,237199.98688569851,680485.62648566533,485.60757203059546,824.75009675132912,34.403653703903323,58.430754286314503,0.56954508408087767,0.77019474913916186,0.66666666666666663,1
2,2011-02-24,1811,228540.05058914781,665721.12474414136,476.60757203059546,815.75009675132912,33.982714583286658,58.163999768365706,0.0020292161589386399,0.33922028286516825,0,0.33333333333333331
2,2011-02-25,1812,236714.62931366792,679661.12638891407,485.10757203059546,824.25009675132912,34.380409073748787,58.416023866146645,0.34643150564769537,0.6856809850215323,0.33333333333333331,0.66666666666666663
2,2011-02-28,1813,246269.28946826456,695829.06577556487,494.85757203059546,834.00009675132912,34.830728279471785,58.701396920734055,0.33970912997859459,0.30395956936983259,0.33333333333333331,0.33333333333333331
2,2011-03-01,1814,247012.13832631041,697080.62842069194,495.60757203059546,834.75009675132912,34.86511234826559,58.723186545995709,0.64714409245625371,0.66706914435528297,0.66666666666666663,0.66666666666666663
2,2011-03-03,1815,252494.07161864697,706293.1294849565,501.10757203059546,840.25009675132912,35.116157815738994,58.882277277598398,0.36013304530599338,0.3270078980345214,0.33333333333333331,0.33333333333333331
2,2011-03-04,1816,263127.58063128946,724048.63151673449,511.60757203059546,850.75009675132912,35.590091967345764,59.182615426179417,0.81987051799592148,0.79558302866608799,1,1
2,2011-03-07,1817,251742.97276060109,705033.31683982955,500.35757203059546,839.50009675132912,35.082038354467684,58.860655337516505,0.30315761601868929,0.31850406443172286,0.33333333333333331,0.33333333333333331
2,2011-03-08,1818,256518.93219489171,713031.13025896717,505.10757203059546,844.25009675132912,35.297524250915124,58.997211513020908,0.63346302297041102,0.42921519476274783,1,0.66666666666666663
2,2011-03-09,1819,238902.67588780556,683375.31432429503,487.35757203059546,826.50009675132912,34.484880384262901,58.482228675133854,0.052305318542376793,0.25670744201507861,0,0.33333333333333331
2,2011-03-10,1820,237199.98688569851,680485.62648566533,485.60757203059546,824.75009675132912,34.403653703903323,58.430754286314503,0.33418435919151951,0.66663837019989269,0.33333333333333331,1
2,2011-03-11,1821,247756.11218435629,698333.31606581889,496.35757203059546,835.50009675132912,34.899460153320121,58.744953190460826,0.32778812525258499,0.33437226767174172,0.33333333333333331,0.33333333333333331
2,2011-03-14,1822,226637.62030102537,662462.12435713608,474.60757203059546,813.75009675132912,33.888437845811886,58.104255391026719,0.81982784475572379,0.62554818302518334,1,0.66666666666666663
2,2011-03-15,1823,228063.69301711721,664905.6246473901,476.10757203059546,815.25009675132912,33.959170615591681,58.149079654160424,0.36262246664255504,0.40388738151586329,0.66666666666666663,0.66666666666666663
2,2011-03-16,1824,229733.13201922426,667762.0624860198,477.85757203059546,817.00009675132912,34.041501124174204,58.20125355307777,0.3913711805580718,0.36102651336063257,0.66666666666666663,0.66666666666666663
2,2011-03-17,1825,245527.56561021859,694578.62813043792,494.10757203059546,833.25009675132912,34.796307889478548,58.67958427826261,0.15411881268711361,0.33730237313447264,0.33333333333333331,0.33333333333333331
2,2011-03-18,1826,251492.8564745858,704613.62929145386,500.10757203059546,839.25009675132912,35.070657225146945,58.853442969938925,0.53708752580041352,0.30192731438801262,0.66666666666666663,0.33333333333333331
2,2011-03-22,1827,265178.01091941184,727455.63190373976,513.60757203059541,852.75009675132912,35.679581245612745,59.239325929234404,0.64501199975155743,0.10616807864536711,0.66666666666666663,0
2,2011-03-23,1828,272938.37449987081,740303.13335500972,521.10757203059541,860.25009675132912,36.012962821741219,59.450594108592206,0.27202381623515648,0.198776015197658,0.66666666666666663,0.33333333333333331
2,2011-03-24,1829,261595.00791519773,721498.63122648047,510.10757203059546,849.25009675132912,35.522811422743409,59.139978882404534,0.51017983741685824,0.57237615518185347,0.66666666666666663,0.66666666666666663
2,2011-03-25,1830,242571.92017803504,689588.12754992989,491.10757203059546,830.25009675132912,34.658261964050489,58.592102805316095,0.65443883782222512,0.70230701964028663,1,1
2,2011-03-28,1831,243063.27775006564,690418.62764668127,491.60757203059546,830.75009675132912,34.681310196161938,58.606708765525866,0.47885428642813094,0.29454241584651447,0.66666666666666663,0.33333333333333331
2,2011-03-29,1832,250992.99890255518,703774.62919470249,499.60757203059546,838.75009675132912,35.047882990571402,58.839010645480819,0.31524610449777007,0.80368973243461905,0.33333333333333331,1
2,2011-03-30,1833,264664.65334738122,726603.13180698839,513.10757203059541,852.25009675132912,35.657232246740477,59.225163082093751,0.16645376063360448,0.60567570437056617,0.33333333333333331,0.66666666666666663
2,2011-03-31,1834,288260.74408875807,765460.63616079825,535.60757203059541,874.75009675132912,36.647798291522093,59.85289748555109,0.48166789075173738,0.17973503853923278,0.66666666666666663,0.33333333333333331
2,2011-04-06,1835,286122.31380063563,761965.63577379286,533.60757203059541,872.75009675132912,36.560984722891085,59.797882613999938,0.10033780221696675,0.12654627966985951,0.33333333333333331,0.33333333333333331
2,2011-04-07,1836,296894.46524124756,779520.63770881947,543.60757203059541,882.75009675132912,36.992689488301828,60.071459459090107,0.37695720808632976,0.36860328353054378,0.33333333333333331,0.66666666666666663
2,2011-04-08,1837,295265.8925251558,776874.63741856546,542.10757203059541,881.25009675132912,36.928308721430206,60.03066054164367,0.41373966873964757,0.38201826992322779,0.66666666666666663,0.66666666666666663
2,2011-04-11,1838,283991.8835125133,758478.6353867877,531.60757203059541,870.75009675132912,36.473932900898483,59.742716758238693,0.32428935417088106,0.38781601794766213,0.33333333333333331,0.66666666666666663
2,2011-04-13,1839,304829.33753569121,792373.07661171386,550.85757203059541,890.00009675132912,37.302019436640961,60.267485813531685,0.4712200210224225,0.26872560977222471,0.66666666666666663,0.66666666666666663
2,2011-04-15,1840,322996.27112668561,821562.14225613198,567.10757203059541,906.25009675132912,37.984432152082746,60.699939501093716,0.7512370694027074,0.63417876783526561,1,0.66666666666666663
2,2011-04-18,1841,320166.9832665326,817037.14177237533,564.60757203059541,903.75009675132912,37.8804140912845,60.634021922262939,0.22108563520701738,0.11914601467362322,0.33333333333333331,0.33333333333333331
2,2011-04-19,1842,332133.99227917509,836126.14380415331,575.10757203059541,914.25009675132912,38.314961494376782,60.909400183299738,0.45876394867991066,0.46355021234556421,0.66666666666666663,0.66666666666666663
2,2011-04-20,1843,335593.63771135866,841620.64438466122,578.10757203059541,917.25009675132912,38.438003459481074,60.987373454210712,0.45568054546032327,0.33138879107706065,0.66666666666666663,0.33333333333333331
2,2011-04-21,1844,328120.48927496094,829738.6431268939,571.60757203059541,910.75009675132912,38.170789451124904,60.818036510940175,0.1949019931722612,0.16753953999576107,0.33333333333333331,0.33333333333333331
2,2011-04-26,1845,343736.14371978695,854511.14573917992,585.10757203059541,924.25009675132912,38.72320132565158,61.16810699876433,0.71779645481495802,0.44641652986274855,1,0.66666666666666663
2,2011-04-27,1846,373006.66474928614,900399.65047999506,609.60757203059541,948.75009675132912,39.700916446147538,61.787697606729346,0.61103496940243041,0.72846627331106306,0.66666666666666663,0.66666666666666663
2,2011-04-28,1847,315666.12269028783,809823.14099836478,560.60757203059541,899.75009675132912,37.713257452445028,60.52809261697471,0.59212511860745487,0.3244137517087668,0.66666666666666663,0.33333333333333331
2,2011-05-06,1848,333285.20742323628,837955.64399765583,576.10757203059541,915.25009675132912,38.356030095246034,60.935425882245603,0.34950691908331727,0.12859914898347449,0.66666666666666663,0.33333333333333331
2,2011-05-09,1849,346667.93157993996,859138.64622293646,587.60757203059541,926.75009675132912,38.824418370042643,61.232249537583691,0.38300833150969354,0.13125001445569062,0.33333333333333331,0
2,2011-05-10,1850,340234.49828760343,848974.64515867177,582.10757203059541,921.25009675132912,38.601297880012957,61.090855222236677,0.3043793063836136,0.24355907859053361,0.33333333333333331,0.33333333333333331
2,2011-05-11,1851,319038.7681224714,815230.64157887269,563.60757203059541,902.75009675132912,37.838709099066499,60.607592933959658,0.26185878797289402,0.30290908725437005,0.33333333333333331,0.66666666666666663
2,2011-05-12,1852,337620.07671346574,844834.08222329093,579.85757203059541,919.00009675132912,38.509551521208401,61.032714378305094,0.36082295881416254,0.47449596601665994,0.33333333333333331,0.66666666666666663
2,2011-05-13,1853,331846.50099315983,835669.08125577762,574.85757203059541,914.00009675132912,38.304685792476789,60.902888339252314,0.47459721668171539,0.54380250907296157,0.66666666666666663,1
2,2011-05-16,1854,326978.27413089969,827918.14293339138,570.60757203059541,909.75009675132912,38.129473573711692,60.79185410967785,0.0045256052997545296,0.02539012515553796,0,0
2,2011-05-18,1855,322996.27112668561,821562.14225613198,567.10757203059541,906.25009675132912,37.984432152082746,60.699939501093716,0.34072588781022839,0.40776311180191643,0.33333333333333331,0.66666666666666663
2,2011-05-19,1856,320449.34955254785,817489.07932075101,564.85757203059541,904.00009675132912,37.890831596887161,60.640623629134943,0.45523005875300843,0.1392565821254739,0.66666666666666663,0
2,2011-05-20,1857,343151.28614775644,853587.14564242854,584.60757203059541,923.75009675132912,38.702917711393276,61.155253012335585,0.54834831567488906,0.10668724704734443,0.66666666666666663,0
2,2011-05-23,1858,362715.58602476609,884343.14883522235,601.10757203059541,940.25009675132912,39.365263394276063,61.574989964068699,0.54809974139552586,0.60082297738807078,0.66666666666666663,1
2,2011-05-24,1859,361814.48716672015,882933.33619009529,600.35757203059541,939.50009675132912,39.33546745491207,61.556107895254975,0.32320766290841413,0.13818675791359314,0.33333333333333331,0.33333333333333331
2,2011-05-25,1860,352569.00730024587,868431.14719044976,592.60757203059541,931.75009675132912,39.02585261972969,61.359901004368062,0.13132831403435188,0.011189501755494352,0.33333333333333331,0
2,2011-05-26,1861,369964.87688913319,895662.14999623818,607.10757203059541,946.25009675132912,39.602581345766168,61.725381392780754,0.46018453630914985,0.47408099464732234,0.66666666666666663,0.66666666666666663
2,2011-05-27,1862,374226.87989334733,902298.15067349758,610.60757203059541,949.75009675132912,39.740160887119778,61.812567312159395,0.68197171018824765,0.34873089737347168,0.66666666666666663,0.66666666666666663
2,2011-05-31,1863,370876.10074717907,897082.08764136524,607.85757203059541,947.00009675132912,39.632115535817142,61.744097587698718,0.31426872122601318,0.40970563319599562,0.33333333333333331,0.66666666666666663
2,2011-06-01,1864,377899.52532553097,908005.65125400538,613.60757203059541,952.75009675132912,39.857588309879532,61.88698257559787,0.33908357434774361,0.54221295446530393,0.33333333333333331,0.66666666666666663
2,2011-06-02,1865,378513.38289756159,908958.65135075699,614.10757203059541,953.25009675132912,39.877115066921782,61.899356931904492,0.79966408669973188,0.54967645372852791,1,0.66666666666666663
2,2011-06-03,1866,384679.45861786744,918516.15231827029,619.10757203059541,958.25009675132912,40.071687510070895,62.022659983904788,0.65239257767377257,0.55495409988999089,0.66666666666666663,0.66666666666666663
2,2011-06-07,1867,375754.96132342383,904674.08841537591,611.85757203059541,951.00009675132912,39.789144661394594,61.843608957979455,0.45303922909289218,0.81434350242828435,0.66666666666666663,1
2,2011-06-08,1868,375754.96132342383,904674.08841537591,611.85757203059541,951.00009675132912,39.789144661394594,61.843608957979455,0.19019149890802012,0.36840337634736581,0.33333333333333331,0.33333333333333331
2,2011-06-09,1869,365425.63259890373,888579.33677060332,603.35757203059541,942.50009675132912,39.454475856177559,61.631525045043588,0.017341077618946852,0.046317510972120106,0,0
2,2011-06-10,1870,349612.21944009297,863778.64670669322,590.10757203059541,929.25009675132912,38.925301585131621,61.296180524493998,0.417787791518623,0.77103240137585549,0.66666666666666663,1
2,2011-06-14,1871,366029.2401709343,889522.08686735469,603.85757203059541,943.00009675132912,39.474265208733151,61.644065811493967,0.55840881228170447,0.12064260046752368,0.66666666666666663,0.33333333333333331
2,2011-06-15,1872,358221.34173453663,877305.33560958738,597.35757203059541,936.50009675132912,39.21599028594094,61.480393681360852,0.25233078793478142,0.27953757750275199,0.66666666666666663,0.33333333333333331
2,2011-06-16,1873,375449.09503740858,904198.65086700022,611.60757203059541,950.75009675132912,39.779354278412711,61.837404666753116,0.42162260937563745,0.30165743302144715,0.66666666666666663,0.33333333333333331
2,2011-06-17,1874,383442.24347380624,916600.65212476754,618.10757203059541,957.25009675132912,40.03287383617846,61.998063261096441,0.92470931761921182,0.61636291126050669,1,0.66666666666666663
2,2011-06-20,1875,384369.96733185212,918037.08976989461,618.85757203059541,958.00009675132912,40.061988802757426,62.016513788724978,0.41054463261057533,0.42027976979868709,0.66666666666666663,0.66666666666666663
2,2011-06-21,1876,394022.32219832641,932946.15376954002,626.60757203059541,965.75009675132912,40.361196266060894,62.206125394610574,0.32956256738554052,0.35507617570048372,0.33333333333333331,0.33333333333333331
2,2011-06-22,1877,357922.72544852132,876837.14806121169,597.10757203059541,936.25009675132912,39.206012608706203,61.474070699365008,0.29617352684158216,0.057570618160488307,0.33333333333333331,0
2,2011-06-23,1878,348138.51301001647,861457.08396481478,588.85757203059541,928.00009675132912,38.874901602944078,61.264241409561244,0.32576771291984946,0.47033312802174931,0.33333333333333331,0.66666666666666663
2,2011-06-24,1879,328692.34684699151,830649.64322364528,572.10757203059541,911.25009675132912,38.191426704312114,60.831114602892455,0.23984834520362364,0.51552010056625441,0.33333333333333331,0.66666666666666663
2,2011-06-27,1880,329837.5619910527,832473.14341714792,573.10757203059541,912.25009675132912,38.232659908645459,60.857244613164056,0.48334118232034501,0.12113717807160691,0.66666666666666663,0.33333333333333331
2,2011-06-28,1881,335882.75399737392,842079.33193303691,578.35757203059541,917.50009675132912,38.448234803429976,60.993857188055777,0.33614531922338436,0.40570757868292073,0.33333333333333331,0.33333333333333331
2,2011-06-29,1882,337330.21042745042,844374.64467491524,579.60757203059541,918.75009675132912,38.499340553344105,61.026243557046108,0.43701911210748912,0.48207888855021802,0.66666666666666663,0.66666666666666663
2,2011-06-30,1883,342566.92857572576,852663.64554567717,584.10757203059541,923.25009675132912,38.682620664277842,61.142390513333055,0.4288326675305168,0.27226790199156398,0.33333333333333331,0.33333333333333331
2,2011-07-05,1884,363016.20231078129,884813.33638359793,601.35757203059541,940.50009675132912,39.375188870885275,61.581279865858825,0.46558287998671194,0.56095824528059068,0.66666666666666663,0.66666666666666663
2,2011-07-06,1885,363316.9435967966,885283.64893197361,601.60757203059541,940.75009675132912,39.385111098565979,61.58756770876132,0.61492942924608462,0.51802880897645009,0.66666666666666663,0.66666666666666663
2,2011-07-07,1886,380357.95561365335,911820.65164101089,615.60757203059541,954.75009675132912,39.935619333804432,61.93643183596037,0.31150708262556931,0.31251076715862486,0.66666666666666663,0.33333333333333331
2,2011-07-08,1887,397790.96763050999,938749.65435004828,629.60757203059541,968.75009675132912,40.476218066897808,62.279016184592031,0.54308697610759715,0.17676814843458719,0.66666666666666663,0.33333333333333331
2,2011-07-11,1888,391519.89191020402,929087.15338253474,624.60757203059541,963.75009675132912,40.284267786558878,62.1573748307855,0.24700115905775907,0.037528251336883423,0.33333333333333331,0
2,2011-07-12,1889,427934.77351594792,984833.15889736044,653.10757203059541,992.25009675132912,41.362100825243537,62.840411447202605,0.69691898004927788,0.6357693777944412,0.66666666666666663,0.66666666666666663
2,2011-07-13,1890,443088.49767265166,1007787.1611226411,664.60757203059541,1003.7500967513291,41.786078090575003,63.10909127641176,0.89809418308459799,0.97728172532164326,1,1
2,2011-07-14,1891,438448.49466843746,1000773.1604453819,661.10757203059541,1000.2500967513291,41.657691999407398,63.027731364292947,0.28028797658231985,0.44899959604470635,0.33333333333333331,0.66666666666666663
2,2011-07-15,1892,457155.50668529415,1028976.163154419,675.10757203059541,1014.2500967513291,42.167868334203341,63.351036649052411,0.98963619461912711,0.95718701847013177,1,1
2,2011-07-19,1893,437127.27952437632,998773.66025187925,660.10757203059541,999.25009675132912,41.620906180995924,63.004419719503723,0.31924539387362205,0.33649927960016396,0.33333333333333331,0.33333333333333331
2,2011-07-20,1894,457155.50668529415,1028976.163154419,675.10757203059541,1014.2500967513291,42.167868334203341,63.351036649052411,0.91967813281645594,0.8100083448914509,1,1
2,2011-07-21,1895,458506.72182935529,1031005.6633479217,676.10757203059541,1015.2500967513291,42.203968291547774,63.373913654889463,0.62711618780313039,0.56058746640911972,0.66666666666666663,0.66666666666666663
2,2011-07-22,1896,474189.44598605903,1054488.6655732023,687.60757203059541,1026.750096751329,42.615901582311459,63.634961062989099,0.65489555003860567,0.60749810527444392,0.66666666666666663,0.66666666666666663
2,2011-07-25,1897,473158.59712801315,1052949.1029280752,686.85757203059541,1026.000096751329,42.589215441363848,63.618049713305169,0.05197156823201441,0.19546964227999972,0,0.33333333333333331
2,2011-07-26,1898,490136.67014276277,1078236.1677984828,699.10757203059541,1038.250096751329,43.022004432652032,63.892313646235635,0.46102086868183584,0.60990499120827257,0.33333333333333331,0.66666666666666663
2,2011-07-27,1899,474189.44598605903,1054488.6655732023,687.60757203059541,1026.750096751329,42.615901582311459,63.634961062989099,0.035482774662797888,0.22839650325888763,0,0.33333333333333331
2,2011-07-28,1900,495042.67314697691,1085516.1684757422,702.60757203059541,1041.750096751329,43.144462513392405,63.969916902138721,0.51273892557243905,0.60058322183551727,0.66666666666666663,0.66666666666666663
2,2011-07-29,1901,487344.23985464033,1074087.1674114775,697.10757203059541,1036.250096751329,42.951791252655291,63.847818653809554,0.0045094888892346042,0.0010034130100190245,0,0
2,2011-08-01,1902,508126.47572954296,1104874.1077656418,711.85757203059541,1051.000096751329,43.465582172529103,64.173414547478501,0.58155172384419485,0.35634296845341806,0.66666666666666663,0.33333333333333331
2,2011-08-02,1903,553965.75276747043,1172079.3638609757,743.35757203059541,1082.500096751329,44.532429056797689,64.849489096979426,0.69166706947078305,0.93086953505262604,0.66666666666666663,1
2,2011-08-03,1904,569309.64549409761,1194375.6783443775,753.60757203059541,1092.750096751329,44.870948022065818,65.064012905705809,0.75513061708957674,0.69489537954961245,1,1
2,2011-08-04,1905,538465.49375482788,1149457.1118291977,732.85757203059541,1072.000096751329,44.181315570797011,64.626983978979879,0.014604891943350502,0.01303868005617332,0,0
2,2011-08-05,1906,589839.29993892368,1224062.1809566638,767.10757203059541,1106.250096751329,45.310547668670722,65.342592838235632,0.95659472672963375,0.88828699941065048,1,1
2,2011-08-08,1907,657659.55113355501,1321048.689277278,810.10757203059541,1149.250096751329,46.665182720656418,66.201042439592698,0.6710737998075248,0.65156893750011247,0.66666666666666663,0.66666666666666663
2,2011-08-09,1908,717283.2963197577,1405090.6962433737,846.10757203059541,1185.250096751329,47.748734313239019,66.887702976937305,0.78434950687214577,0.51672437844251695,1,0.66666666666666663
2,2011-08-10,1909,697120.71459102351,1376788.6939213418,834.10757203059541,1173.250096751329,47.392475683556562,66.661937315416424,0.046637159753462352,0.44686675728561481,0,0.66666666666666663
2,2011-08-11,1910,657659.55113355501,1321048.689277278,810.10757203059541,1149.250096751329,46.665182720656418,66.201042439592698,0.22553878131103758,0.33274887853428697,0.33333333333333331,0.33333333333333331
2,2011-08-12,1911,735161.80533240037,1430091.1982751517,856.60757203059541,1195.750096751329,48.05652578011756,67.08275437595114,0.66350653096262036,0.61822316225200791,0.66666666666666663,0.66666666666666663
2,2011-08-16,1912,748067.16891285928,1448083.6997264214,864.10757203059541,1203.250096751329,48.274166035228795,67.220675796163633,0.46427317127170215,0.65553952968571949,0.66666666666666663,0.66666666666666663
2,2011-08-17,1913,807982.48381093971,1531060.706305512,898.10757203059541,1237.250096751329,49.238353729747551,67.83169390084042,0.3605087063054872,0.32875618838138881,0.66666666666666663,0.33333333333333331
2,2011-08-18,1914,906942.24401821347,1666308.716657904,951.60757203059541,1290.750096751329,50.684824076196826,68.74834070579648,0.55441004333894051,0.32835198975278324,0.66666666666666663,0.33333333333333331
2,2011-08-22,1915,904089.67130212171,1662438.7163676501,950.10757203059541,1289.250096751329,50.645392965383543,68.723352705294744,0.32745606685386391,0.45188346284364944,0.33333333333333331,0.66666666666666663
2,2011-08-23,1916,713902.86603163544,1400353.6958563682,844.10757203059541,1183.250096751329,47.689693335061889,66.850287952052497,0.31969206534698513,0.37262357608329921,0.33333333333333331,0.33333333333333331
2,2011-08-24,1917,646367.04512512672,1305008.1879227592,803.10757203059541,1142.250096751329,46.449252286327088,66.06420455473274,0.12763241274107909,0.11478742407995977,0.33333333333333331,0.33333333333333331
2,2011-08-25,1918,744614.73862473678,1443274.6993394161,862.10757203059541,1201.250096751329,48.216307160547842,67.184009885421091,0.96257130043384487,0.25870320384630846,1,0.33333333333333331
2,2011-08-26,1919,809779.69895500096,1533536.2064990147,899.10757203059541,1238.250096751329,49.266168330443577,67.849320369935853,0.4680606039798092,0.26447880935250928,0.66666666666666663,0.33333333333333331
2,2011-08-30,1920,902665.07244407572,1660505.403722523,949.35757203059541,1288.500096751329,50.625653754464487,68.710843714242316,0.93289908103645569,0.72450673019681344,1,1
2,2011-09-02,1921,940554.75903928431,1711791.2200442005,969.10757203059541,1308.250096751329,51.140241268105306,69.036944419595201,0.7176925149983493,0.60870995137924566,1,1
2,2011-09-06,1922,783031.47179408313,1496613.7035964746,884.10757203059541,1223.250096751329,48.845722211635099,67.582878273554101,0.11075023529294688,0.27378342197131961,0.33333333333333331,0.33333333333333331
2,2011-09-07,1923,864626.1532768365,1608731.2123040941,929.10757203059541,1268.250096751329,50.086661564991665,68.369277452901841,0.73720758288798649,0.39753126231743469,1,0.66666666666666663
2,2011-09-08,1924,857209.29270059185,1598601.2115300838,925.10757203059541,1264.250096751329,49.978799137255294,68.300923649450525,0.3314462414648352,0.58795415586725308,0.33333333333333331,0.66666666666666663
2,2011-09-09,1925,800813.62323469482,1521178.7055315012,894.10757203059541,1233.250096751329,49.126789672010737,67.760994326996112,0.0062810877858799049,0.32502802863389596,0,0.33333333333333331
2,2011-09-13,1926,798133.55051860318,1517481.2052412471,892.60757203059541,1231.750096751329,49.084826617024767,67.73440180100792,0.12420058668450375,0.66367699295115046,0.33333333333333331,0.66666666666666663
2,2011-09-14,1927,734305.44776036963,1428895.6981784001,856.10757203059541,1195.250096751329,48.041951292401535,67.073518336213752,0.0024275497632160565,0.31182891208183189,0,0.33333333333333331
2,2011-09-15,1928,754996.02948910405,1457725.7005004322,868.10757203059541,1207.250096751329,48.389496768706543,67.293762360720677,0.93635426976489733,0.19364129076171613,1,0.33333333333333331
2,2011-09-16,1929,763702.10520940984,1469823.2014679455,873.10757203059541,1212.250096751329,48.532938967792965,67.38466352147465,0.40525927338304951,0.41940887034197577,0.66666666666666663,0.33333333333333331
2,2011-09-20,1930,753260.8143450428,1455312.2003069294,867.10757203059541,1206.250096751329,48.360712327417481,67.275521291206303,0.040321921617483117,0.56264210285653105,0,0.66666666666666663
2,2011-09-21,1931,635172.53911669832,1289065.6865682406,796.10757203059541,1135.250096751329,46.231566320011346,65.926254166743846,0.0050405268262639991,0.33608112711357602,0,0.66666666666666663
2,2011-09-22,1932,453113.86125311063,1022899.6625739111,672.10757203059541,1011.2500967513291,42.059297373629256,63.282233839257145,0.2163177374474087,0.42253825338570983,0.33333333333333331,0.66666666666666663
2,2011-09-26,1933,538831.98504084314,1149993.1743775732,733.10757203059541,1072.250096751329,44.1897270663409,64.632314451556908,0.35133511461511047,0.74040308545890543,0.33333333333333331,1
2,2011-09-27,1934,515628.54273586418,1115937.1712815308,717.10757203059541,1056.250096751329,43.646230799184139,64.287893898437559,0.32096459381101389,0.33898571623498208,0.33333333333333331,0.33333333333333331
2,2011-09-28,1935,473502.08841402846,1053462.1654764509,687.10757203059541,1026.250096751329,42.598113579082174,63.623688577267764,0.30955049939060303,0.3282696573546004,0.33333333333333331,0.33333333333333331
2,2011-09-29,1936,544712.84561708802,1158587.175151584,737.10757203059541,1076.250096751329,44.323967049344283,64.717384049989718,0.21497828946814354,0.46275027741072733,0.33333333333333331,0.66666666666666663
2,2011-10-11,1937,573083.93335425062,1199845.6788281344,756.10757203059541,1095.250096751329,44.952887754494377,65.11593916476393,0.59165044250906507,0.56578528797822758,0.66666666666666663,0.66666666666666663
2,2011-10-12,1938,534442.33960865962,1143568.6737970652,730.10757203059541,1069.250096751329,44.088621499432094,64.568242557447419,0.013000327400588438,0.4252095427985827,0,0.66666666666666663
2,2011-10-13,1939,567051.07277800585,1191099.6780541239,752.10757203059541,1091.250096751329,44.821666986328694,65.032782881485645,0.34412341868082258,0.75570167860932036,0.33333333333333331,1
2,2011-10-14,1940,573083.93335425062,1199845.6788281344,756.10757203059541,1095.250096751329,44.952887754494377,65.11593916476393,0.33186319419277016,0.51544921828152868,0.33333333333333331,0.66666666666666663
2,2011-10-17,1941,498561.96100712987,1090731.1689594986,705.10757203059541,1044.250096751329,43.231610792801682,64.025143884201654,0.33038045679363265,0.25490921918779746,0.33333333333333331,0.33333333333333331
2,2011-10-18,1942,529343.83660444559,1136096.173119806,726.60757203059541,1065.750096751329,43.970201030595796,64.493197987977553,0.55772948607592177,0.25114236483991126,0.66666666666666663,0.33333333333333331
2,2011-10-19,1943,483170.59442245681,1067878.6668309695,694.10757203059541,1033.250096751329,42.846146421641691,63.780870169835133,0.040597384827220535,0.03295096005313964,0,0
2,2011-10-20,1944,514911.68516383349,1114881.1711847794,716.60757203059541,1055.750096751329,43.629075922715096,64.27702263326205,0.48242971058505657,0.40938489464848082,0.66666666666666663,0.66666666666666663
2,2011-10-21,1945,528617.47903241485,1135030.6730230546,726.10757203059541,1065.250096751329,43.953242858994884,64.482451377199098,0.62053150229380172,0.33681246330280529,0.66666666666666663,0.33333333333333331
2,2011-10-24,1946,534442.33960865962,1143568.6737970652,730.10757203059541,1069.250096751329,44.088621499432094,64.568242557447419,0.33046223755302151,0.28454062254069817,0.33333333333333331,0.33333333333333331
2,2011-10-25,1947,665785.6268538608,1332566.1902447911,815.10757203059541,1154.250096751329,46.81835565942535,66.298110094849463,0.33085968150024953,0.24500350566058834,0.33333333333333331,0.33333333333333331
2,2011-10-28,1948,635172.53911669832,1289065.6865682406,796.10757203059541,1135.250096751329,46.231566320011346,65.926254166743846,0.26999417868338593,0.3187532653369467,0.33333333333333331,0.33333333333333331
2,2011-10-31,1949,599080.59080329083,1237373.1821176796,773.10757203059541,1112.250096751329,45.503682874078606,65.464985094251276,0.20881202725232381,0.22740594825894281,0.33333333333333331,0.33333333333333331
2,2011-11-01,1950,669050.0571419833,1337187.1906317966,817.10757203059541,1156.250096751329,46.879378773987106,66.336781224975837,0.39738847564069107,0.45824222656606972,0.33333333333333331,0.33333333333333331
2,2011-11-02,1951,678891.34800635034,1351098.1917928124,823.10757203059541,1162.250096751329,47.061610750748741,66.452263965198924,0.1611044792129154,0.50583533110885937,0.33333333333333331,0.66666666666666663
2,2011-11-04,1952,756733.24463316519,1460141.2006939345,869.10757203059541,1208.250096751329,48.418249138194732,67.31198310592363,0.49917262683015995,0.57989680681496014,0.66666666666666663,0.66666666666666663
2,2011-11-08,1953,718976.51146381907,1407462.1964368764,847.10757203059541,1186.250096751329,47.778204852261446,66.906378835382341,0.098544594480388395,0.26215408623164488,0.33333333333333331,0.33333333333333331
2,2011-11-11,1954,739451.09319255315,1436076.1987589083,859.10757203059541,1198.250096751329,48.129275744010954,67.128856960858784,0.68045362660959618,0.41126401697718057,0.66666666666666663,0.66666666666666663
2,2011-11-15,1955,690463.85401477874,1367418.6931473312,830.10757203059541,1169.250096751329,47.272640776229814,66.585996398139471,0.19495067966434723,0.2857398064352587,0.33333333333333331,0.33333333333333331
2,2011-11-16,1956,668233.19956995267,1336031.190535045,816.60757203059541,1155.750096751329,46.864136128011218,66.327121764782149,0.15349696777225566,0.016474026728386788,0.33333333333333331,0
2,2011-11-17,1957,630404.89368451468,1282263.1859877328,793.10757203059541,1132.250096751329,46.137729612018347,65.866788641729457,0.22911986714151747,0.1823008041064792,0.33333333333333331,0.33333333333333331
2,2011-11-18,1958,603728.23623547435,1244055.6826981874,776.10757203059541,1115.250096751329,45.599739837285277,65.525857623462343,0.64856754365194436,0.55901854581246768,0.66666666666666663,0.66666666666666663
2,2011-11-21,1959,599080.59080329083,1237373.1821176796,773.10757203059541,1112.250096751329,45.503682874078606,65.464985094251276,0.33292193643670115,0.26928059864258752,0.33333333333333331,0.33333333333333331
2,2011-11-22,1960,582955.58179064828,1214126.1800859016,762.60757203059541,1101.750096751329,45.164795500775561,65.250227820629505,0.27645892613859807,0.77586502947746927,0.33333333333333331,1
2,2011-11-25,1961,622498.81796420866,1270965.6850202195,788.10757203059541,1127.250096751329,45.980605135974059,65.767216846635321,0.6462633063178348,0.40723606978850624,0.66666666666666663,0.66666666666666663
2,2011-11-28,1962,627236.4633963923,1277738.1856007276,791.10757203059541,1130.250096751329,46.074989634862867,65.827029513764074,0.60914969135949482,0.17448597885578479,1,0.33333333333333331
2,2011-11-29,1963,673961.70257416682,1344133.6912123046,820.10757203059541,1159.250096751329,46.97065131904899,66.394621807063515,0.9289028148659576,0.7934195233281679,1,1
2,2011-11-30,1964,683838.99343853397,1358080.6923733205,826.10757203059541,1165.250096751329,47.152258677545397,66.509708718683157,0.86052758594862355,0.66870277381575782,1,0.66666666666666663
2,2011-12-01,1965,675602.91771822807,1346453.1914058074,821.10757203059541,1160.250096751329,47.001005840331736,66.413857856401208,0.33642996614041282,0.33601293978129676,0.33333333333333331,0.33333333333333331
2,2011-12-02,1966,670685.27228604443,1339500.6908252991,818.10757203059541,1157.250096751329,46.909837845791024,66.356083529319321,0.41929627123511287,0.29193311259001403,0.66666666666666663,0.33333333333333331
2,2011-12-05,1967,656849.69356152427,1319899.6891805266,809.60757203059541,1148.750096751329,46.64981688450564,66.191304912205666,0.50259604102889133,0.37167421966363373,0.66666666666666663,0.33333333333333331
2,2011-12-07,1968,624076.03310826991,1273221.1852137221,789.10757203059541,1128.250096751329,46.012103325399153,65.787177653138727,0.46436010919857229,0.28514238672529707,0.66666666666666663,0.33333333333333331
2,2011-12-08,1969,614642.74224390276,1259718.184052706,783.10757203059541,1122.250096751329,45.822561265687263,65.667062419621359,0.61478479064681879,0.55790903651750845,0.66666666666666663,0.66666666666666663
2,2011-12-09,1970,539565.34261287388,1151065.6744743246,733.60757203059541,1072.750096751329,44.206542454389599,64.642970578567585,0.61266279445446081,0.41795621778499181,0.66666666666666663,0.66666666666666663
2,2011-12-12,1971,558808.13948566944,1179126.1769898592,746.60757203059541,1085.750096751329,44.640213574325578,64.917793527732684,0.41239316295227019,0.4129297354117849,0.33333333333333331,0.66666666666666663
2,2011-12-13,1972,421428.69779564202,974935.65792984737,648.10757203059541,987.25009675132912,41.175830497496541,62.722369552181014,0.33698913814300174,0.63853027154189401,0.33333333333333331,0.66666666666666663
2,2011-12-15,1973,447753.00067686586,1014825.6617999006,668.10757203059541,1007.2500967513291,41.913900378330958,63.190093899079613,0.52681726282863817,0.33789543216972023,0.66666666666666663,0.66666666666666663
2,2011-12-16,1974,453113.86125311063,1022899.6625739111,672.10757203059541,1011.2500967513291,42.059297373629256,63.282233839257145,0.39556355890565165,0.73307526138744439,0.66666666666666663,1
2,2011-12-19,1975,474189.44598605903,1054488.6655732023,687.60757203059541,1026.750096751329,42.615901582311459,63.634961062989099,0.42142146058325719,0.6156352723063151,1,1
2,2011-12-20,1976,466656.0126937225,1043224.6645089375,682.10757203059541,1021.2500967513291,42.419625126280813,63.510578156177189,0.53536274062647793,0.14753688252053473,0.66666666666666663,0
2,2011-12-21,1977,464611.93997763068,1040163.1642186837,680.60757203059541,1019.7500967513291,42.365861937789944,63.476507734287516,0.58070540498217105,0.48691217121496183,0.66666666666666663,0.66666666666666663
2,2011-12-22,1978,417549.05236345838,969021.15734933934,645.10757203059541,984.25009675132912,41.063499174449099,62.651183752471617,0.45270463793381643,0.39866161953199342,0.66666666666666663,0.66666666666666663
2,2011-12-28,1979,367540.4466010108,891881.1496092329,605.10757203059541,944.25009675132912,39.523682039882132,61.675381891007781,0.52332188044399919,0.33660437207814553,0.66666666666666663,0.33333333333333331
2,2011-12-29,1980,422077.05536767264,975923.15802659851,648.60757203059541,987.75009675132912,41.194510767265513,62.73420747864904,0.19357351076542487,0.036036212338774909,0.33333333333333331,0
2,2011-12-30,1981,473502.08841402846,1053462.1654764509,687.10757203059541,1026.250096751329,42.598113579082174,63.623688577267764,0.47228871684252643,0.33983315692821597,0.66666666666666663,0.33333333333333331
2,2012-01-04,1982,454459.07639717177,1024923.1627674137,673.10757203059541,1012.2500967513291,42.095532960012214,63.305196794954917,0.58342287429916773,0.33813776962001424,0.66666666666666663,0.33333333333333331
2,2012-01-05,1983,478324.09141824261,1060658.1661537101,690.60757203059541,1029.750096751329,42.722398517203551,63.702449536116866,0.67541375500841505,0.89722537216855269,0.66666666666666663,1
2,2012-01-06,1984,507059.25187149708,1103298.1701205147,711.10757203059541,1050.250096751329,43.439680637177482,64.157000412420828,0.31762920314762888,0.31867968864181528,0.33333333333333331,0.33333333333333331
2,2012-01-10,1985,503509.96401134413,1098053.169636758,708.60757203059541,1047.750096751329,43.353170512731445,64.10217783734042,0.1825209908633493,0.1699790804772269,0.33333333333333331,0.33333333333333331
2,2012-01-11,1986,541768.41532896564,1154286.1747645785,735.10757203059541,1074.250096751329,44.256927876616224,64.674900466666415,0.45087241474586426,0.35835903058199287,0.66666666666666663,0.33333333333333331
2,2012-01-12,1987,504928.17915540532,1100149.6698302608,709.60757203059541,1048.750096751329,43.387806299638974,64.12412697959823,0.093194331504372327,0.33659239080294373,0.33333333333333331,0.66666666666666663
2,2012-01-13,1988,534442.33960865962,1143568.6737970652,730.10757203059541,1069.250096751329,44.088621499432094,64.568242557447419,0.38134977269832043,0.29654857597008488,0.33333333333333331,0.33333333333333331
2,2012-01-17,1989,521381.40331210895,1124403.1720555413,721.10757203059541,1060.250096751329,43.783094840959045,64.374626396559137,0.48276706095666094,0.31958324362376977,0.66666666666666663,0.33333333333333331
2,2012-01-18,1990,532983.12446459848,1141431.1736035626,729.10757203059541,1068.250096751329,44.054838189159845,64.546833640563705,0.58548257656784053,0.63542785521501999,1,0.66666666666666663
2,2012-01-19,1991,646367.04512512672,1305008.1879227592,803.10757203059541,1142.250096751329,46.449252286327088,66.06420455473274,0.32463967377026531,0.32120307549803662,0.33333333333333331,0.33333333333333331
2,2012-01-30,1992,670685.27228604443,1339500.6908252991,818.10757203059541,1157.250096751329,46.909837845791024,66.356083529319321,0.65211430520937386,0.51966304657333606,0.66666666666666663,0.66666666666666663
2,2012-01-31,1993,664156.41170979978,1330258.6900512886,814.10757203059541,1153.250096751329,46.787791496011231,66.278741192605125,0.33642729816920075,0.27345747735928677,0.33333333333333331,0.33333333333333331
2,2012-02-01,1994,682187.77829447284,1355751.1921798179,825.10757203059541,1164.250096751329,47.122077214768446,66.490582338739543,0.36192352365785357,0.26219704989815734,0.33333333333333331,0.33333333333333331
2,2012-02-02,1995,654423.12084543251,1316455.6888902728,808.10757203059541,1147.250096751329,46.603666207070091,66.162058636178145,0.069058128410764183,0.1981150163381146,0,0.33333333333333331
2,2012-02-03,1996,630404.89368451468,1282263.1859877328,793.10757203059541,1132.250096751329,46.137729612018347,65.866788641729457,0.17087981662450216,0.29509149185061656,0.33333333333333331,0.33333333333333331
2,2012-02-06,1997,638360.9694048207,1293610.6869552459,798.10757203059541,1137.250096751329,46.29394269318999,65.965782874207036,0.66435794447481811,0.6010474407824159,0.66666666666666663,0.66666666666666663
2,2012-02-07,1998,673961.70257416682,1344133.6912123046,820.10757203059541,1159.250096751329,46.97065131904899,66.394621807063515,0.46788474043976552,0.12099124955651808,0.66666666666666663,0
2,2012-02-08,1999,677246.1328622892,1348774.6915993097,822.10757203059541,1161.250096751329,47.031325631040922,66.433071896529128,0.4859163657953311,0.32822541452054466,1,0.66666666666666663
2,2012-02-09,2000,618564.53010405588,1265335.6845364629,785.60757203059541,1124.750096751329,45.901698628723075,65.717212781263754,0.37431530519529055,0.52149635665050376,0.33333333333333331,0.66666666666666663
2,2012-02-10,2001,631992.10882857593,1284528.6861812354,794.10757203059541,1133.250096751329,46.169044885499737,65.88663353205402,0.33464755401160295,0.076169134153469778,0.33333333333333331,0
2,2012-02-13,2002,635172.53911669832,1289065.6865682406,796.10757203059541,1135.250096751329,46.231566320011346,65.926254166743846,0.59683477803133356,0.37359453025123912,0.66666666666666663,0.66666666666666663
2,2012-02-14,2003,652807.90570137138,1314162.18869677,807.10757203059541,1146.250096751329,46.57285470459292,66.142532991998209,0.41202808998679802,0.58982503516531659,0.66666666666666663,1
2,2012-02-15,2004,636765.75426075945,1291337.1867617434,797.10757203059541,1136.250096751329,46.262772607695609,65.94602999137139,0.11595011037906035,0.28655210794873276,0.33333333333333331,0.33333333333333331
2,2012-02-17,2005,677246.1328622892,1348774.6915993097,822.10757203059541,1161.250096751329,47.031325631040922,66.433071896529128,0.33611134972378715,0.39855771704485221,0.33333333333333331,0.66666666666666663
2,2012-02-21,2006,683838.99343853397,1358080.6923733205,826.10757203059541,1165.250096751329,47.152258677545397,66.509708718683157,0.33979296804540021,0.31440044345858981,0.33333333333333331,0.66666666666666663
2,2012-02-22,2007,725769.37204006372,1416968.1972108867,851.10757203059541,1190.250096751329,47.895755319673349,66.980872073794544,0.56853433816326682,0.91439125783782671,0.66666666666666663,1
2,2012-02-23,2008,726620.72961209435,1418158.6973076381,851.60757203059541,1190.750096751329,47.910411928584836,66.990160154786452,0.78857508674015742,0.70336864464185922,1,0.66666666666666663
2,2012-02-24,2009,717283.2963197577,1405090.6962433737,846.10757203059541,1185.250096751329,47.748734313239019,66.887702976937305,0.00081323493010182837,0.015623566180786563,0,0
2,2012-02-27,2010,732594.23261630849,1426506.1979848975,855.10757203059541,1194.250096751329,48.012777767018271,67.05503069912011,0.76607357453103619,0.40674984028093436,1,0.33333333333333331
2,2012-02-28,2011,713902.86603163544,1400353.6958563682,844.10757203059541,1183.250096751329,47.689693335061889,66.850287952052497,0.05850776469864339,0.33287244069525385,0,0.33333333333333331
2,2012-02-29,2012,622498.81796420866,1270965.6850202195,788.10757203059541,1127.250096751329,45.980605135974059,65.767216846635321,0.13329566643601296,0.10498850639451991,0.33333333333333331,0
2,2012-03-01,2013,611514.31195578037,1255233.183665701,781.10757203059541,1120.250096751329,45.759084477480691,65.626836365045634,0.65454447809927274,0.60291169574684389,0.66666666666666663,0.66666666666666663
2,2012-03-02,2014,608393.8816676581,1250756.1832786954,779.10757203059541,1118.250096751329,45.695458770122904,65.586515938494372,0.55471314379705061,0.15397404452588889,0.66666666666666663,0.33333333333333331
2,2012-03-05,2015,553594.13648145518,1171538.1763125998,743.10757203059541,1082.250096751329,44.524120553061437,64.844223891631458,0.54000822279646166,0.36307261221825571,0.66666666666666663,0.33333333333333331
2,2012-03-06,2016,566299.21520597523,1190008.6779573725,751.60757203059541,1090.750096751329,44.805220389305241,65.02236046207625,0.41046122807694418,0.318255608363128,0.33333333333333331,0.33333333333333331
2,2012-03-07,2017,581431.36664658727,1211923.6798923991,761.60757203059541,1100.750096751329,45.132300564776024,65.229635363041737,0.34409415467838445,0.47402779213723173,0.33333333333333331,0.66666666666666663
2,2012-03-09,2018,596763.51808719907,1234038.6818274257,771.60757203059541,1110.750096751329,45.455527071021827,65.4344681444082,0.33164053171842495,0.26834439506035135,0.33333333333333331,0.33333333333333331
2,2012-03-12,2019,585245.65450674016,1217433.6803761555,764.10757203059541,1103.250096751329,45.213465800626949,65.281070813688117,0.38334884770143479,0.3392660893198815,0.33333333333333331,0.33333333333333331
2,2012-03-13,2020,517422.87416594074,1118579.359023409,718.35757203059541,1057.500096751329,43.689072344874283,64.315043135248843,0.55959636686876502,0.50841068708320181,0.66666666666666663,0.66666666666666663
2,2012-03-14,2021,522824.61845617014,1126524.6722490441,722.10757203059541,1061.250096751329,43.817207040691464,64.396243734910755,0.42856268327492342,0.36601923657752522,0.66666666666666663,0.66666666666666663
2,2012-03-15,2022,537366.769896782,1147849.6741840707,732.10757203059541,1071.250096751329,44.156065864330238,64.610982916244211,0.53916874869878684,0.50859593962530403,0.66666666666666663,1
2,2012-03-16,2023,542503.77290099626,1155360.6748613298,735.60757203059541,1074.750096751329,44.273702800517327,64.685530951027928,0.32243467161613065,0.37280857478041679,0.66666666666666663,0.33333333333333331
2,2012-03-19,2024,524631.4498862467,1129179.3599909225,723.35757203059541,1062.500096751329,43.859789118120084,64.423228543357837,0.46336768317901428,0.15096398114034523,0.66666666666666663,0.33333333333333331
2,2012-03-21,2025,570440.61935214337,1196015.3659895048,754.35757203059541,1093.500096751329,44.895555544150902,65.079607007964839,0.60929242197236355,0.6566732246524527,1,0.66666666666666663
2,2012-03-26,2026,588306.08479486255,1221850.680763161,766.10757203059541,1105.250096751329,45.27822529731651,65.322109737076175,0.33959218715336797,0.24616602267338342,0.33333333333333331,0.33333333333333331
2,2012-03-27,2027,564046.64248988347,1186738.6776671184,750.10757203059541,1089.250096751329,44.75582172020259,64.991055892084077,0.33351203700271997,0.48588248431260861,0.33333333333333331,0.66666666666666663
2,2012-03-28,2028,536634.91232475138,1146778.6740873193,731.60757203059541,1070.750096751329,44.139220032011792,64.600307496309441,0.3112987312410021,0.42034713892355707,0.33333333333333331,0.66666666666666663
2,2012-03-29,2029,543975.9880450574,1157511.1750548326,736.60757203059541,1075.750096751329,44.307222377780171,64.706772736922048,0.42797097002578804,0.37769367885719513,0.66666666666666663,0.66666666666666663
2,2012-03-30,2030,537366.769896782,1147849.6741840707,732.10757203059541,1071.250096751329,44.156065864330238,64.610982916244211,0.30757197640373696,0.21560325772756431,0.66666666666666663,0.66666666666666663
2,2012-04-11,2031,552851.27890942444,1170456.1762158484,742.60757203059541,1081.750096751329,44.507496076151959,64.833688747457543,0.38844223429482216,0.28033571436063848,0.33333333333333331,0.66666666666666663
2,2012-04-12,2032,549884.84862130217,1166133.1758288431,740.60757203059541,1079.750096751329,44.440898411676891,64.791484953575107,0.21139348256348231,0.30278541008914167,0.33333333333333331,0.66666666666666663
2,2012-04-13,2033,530070.6941764761,1137162.1732165574,727.10757203059541,1066.250096751329,43.987148943169721,64.503938097479079,0.49157682286145837,0.36785263782094796,0.66666666666666663,0.33333333333333331
2,2012-04-16,2034,504928.17915540532,1100149.6698302608,709.60757203059541,1048.750096751329,43.387806299638974,64.12412697959823,0.42776549019818705,0.40081773255130138,0.66666666666666663,0.66666666666666663
2,2012-04-17,2035,517063.75787992537,1118050.6714750333,718.10757203059541,1057.250096751329,43.680509247603133,64.309616590713446,0.23919487931863184,0.0005495691939514921,0.33333333333333331,0
2,2012-04-18,2036,525717.04874429258,1130773.6726360493,724.10757203059541,1063.250096751329,43.88530739579366,64.439399803110845,0.29227770152169413,0.042311101525299287,0.33333333333333331,0
2,2012-04-19,2037,513479.47001977247,1112770.6709912766,715.60757203059541,1054.750096751329,43.594734817581205,64.255260234622554,0.38440412323237028,0.55608550532302781,0.33333333333333331,0.66666666666666663
2,2012-04-20,2038,495745.53071900742,1086558.1685724936,703.10757203059541,1042.250096751329,43.161913568483449,63.980975859504532,0.27041757353608492,0.099557150928125074,0.33333333333333331,0
2,2012-04-23,2039,524993.19117226184,1129710.672539298,723.60757203059541,1062.750096751329,43.868297789063071,64.428620597231216,0.42338964484947167,0.31993075301859586,0.66666666666666663,0.33333333333333331
2,2012-04-24,2040,508126.47572954296,1104874.1077656418,711.85757203059541,1051.000096751329,43.465582172529103,64.173414547478501,0.47181584697369999,0.58273579517440599,0.66666666666666663,1
2,2012-04-25,2041,530798.05174850661,1138228.6733133085,727.60757203059541,1066.750096751329,44.004086606023314,64.514671711601395,0.43327008109211357,0.028217886078282239,0.66666666666666663,0
2,2012-04-26,2042,545450.20318911865,1159663.6752483351,737.60757203059541,1076.750096751329,44.340701654980187,64.727988984149633,0.44183186161357951,0.20891678547798642,1,0.33333333333333331
2,2012-04-27,2043,522824.61845617014,1126524.6722490441,722.10757203059541,1061.250096751329,43.817207040691464,64.396243734910755,0.53842091691080352,0.2301724374245869,0.66666666666666663,0.33333333333333331
2,2012-05-02,2044,459183.07940138597,1032021.1634446731,676.60757203059541,1015.7500967513291,42.22200137476414,63.385341450940977,0.26531046384790152,0.34755405983389109,0.33333333333333331,0.33333333333333331
2,2012-05-08,2045,432518.77652016212,991791.15957461996,656.60757203059541,995.75009675132912,41.491789701775382,62.922596951110847,0.16946631641910218,0.10892629363664187,0.33333333333333331,0.33333333333333331
2,2012-05-09,2046,453786.2188251412,1023911.1626706623,672.60757203059541,1011.7500967513291,42.077420833944039,63.293718908434727,0.43877868599547593,0.33965539019628616,0.33333333333333331,0.33333333333333331
2,2012-05-10,2047,433175.63409219281,992787.15967137122,657.10757203059541,996.25009675132912,41.510269869273237,62.934308070203997,0.4720081676852339,0.36272826306336681,0.66666666666666663,0.66666666666666663
2,2012-05-11,2048,401577.61306269356,944571.15493055608,632.60757203059541,971.75009675132912,40.590797050407147,62.351626355555283,0.36337807379552295,0.42721963501651156,0.33333333333333331,0.66666666666666663
2,2012-05-14,2049,399051.18277457118,940688.1545435508,630.60757203059541,969.75009675132912,40.514460136883741,62.303250674675816,0.46968506815350869,0.25794662798934281,0.66666666666666663,0.33333333333333331
2,2012-05-15,2050,389025.46162208164,925236.15299552947,622.60757203059541,961.75009675132912,40.207140589641298,62.108498337186255,0.39119148087001809,0.28608273236052695,0.33333333333333331,0.33333333333333331
2,2012-05-16,2051,395904.39491441817,935845.65405979415,628.10757203059541,967.25009675132912,40.418762678931493,62.242605968553995,0.47018315431522534,0.58395127665592073,0.66666666666666663,0.66666666666666663
2,2012-05-17,2052,441760.28252859047,1005780.6609291384,663.60757203059541,1002.7500967513291,41.749454044076465,63.085882148557978,0.56704156855030874,0.58219156908125214,1,0.66666666666666663
2,2012-05-18,2053,445750.9279607741,1011806.1615096466,666.60757203059541,1005.7500967513291,41.859188196583695,63.155422087995554,0.36570364810160205,0.3514697593219771,0.33333333333333331,0.66666666666666663
2,2012-05-21,2054,432518.77652016212,991791.15957461996,656.60757203059541,995.75009675132912,41.491789701775382,62.922596951110847,0.16858139512223372,0.23416650066423897,0.33333333333333331,0.33333333333333331
2,2012-05-22,2055,389648.31919411226,926198.15309228096,623.10757203059541,962.25009675132912,40.226441060722749,62.120729293178123,0.34211446548992014,0.21182968490514131,0.66666666666666663,0.33333333333333331
2,2012-05-23,2056,415615.97964736662,966070.65705908544,643.60757203059541,982.75009675132912,41.007172477259985,62.615488802250979,0.45487963531431408,0.38807254897448434,0.66666666666666663,0.33333333333333331
2,2012-05-25,2057,428588.13108797855,985825.65899411205,653.60757203059541,992.75009675132912,41.380662996555579,62.852174533164238,0.66254887384755046,0.46341276005232146,0.66666666666666663,0.33333333333333331
2,2012-05-29,2058,378513.38289756159,908958.65135075699,614.10757203059541,953.25009675132912,39.877115066921782,61.899356931904492,0.15139063545786843,0.12149906279575362,0,0.33333333333333331
2,2012-05-30,2059,400945.255490663,943599.65483380482,632.10757203059541,971.25009675132912,40.571731195802016,62.33954407903267,0.62176500926406131,0.21200166265484796,0.66666666666666663,0.66666666666666663
2,2012-05-31,2060,463931.58240560006,1039143.6641219324,680.10757203059541,1019.2500967513291,42.347918557322252,63.465136784018,0.61895125735012801,0.65195659447212828,0.66666666666666663,0.66666666666666663
2,2012-06-01,2061,504218.82158337464,1099101.1697335094,709.10757203059541,1048.250096751329,43.370493702177093,64.113155764607285,0.31523272218873771,0.43120236041840965,0.33333333333333331,0.66666666666666663
2,2012-06-06,2062,463931.58240560006,1039143.6641219324,680.10757203059541,1019.2500967513291,42.347918557322252,63.465136784018,0.26189761185434324,0.39266717443764415,0.33333333333333331,0.33333333333333331
2,2012-06-07,2063,424675.48565579503,979878.1584136039,650.60757203059541,989.75009675132912,41.269113354303549,62.781484094597467,0.24197810585705071,0.57650451886215348,0.33333333333333331,0.66666666666666663
2,2012-06-08,2064,434490.84923625394,994780.65986487397,658.10757203059541,997.25009675132912,41.54719520395173,62.957708128240476,0.5341973961253671,0.33722438467447996,0.66666666666666663,0.33333333333333331
2,2012-06-11,2065,460537.29454544716,1034053.6636381756,677.60757203059541,1016.7500967513291,42.258033802968221,63.408175662695918,0.49493710125089541,0.57667639339710663,0.66666666666666663,0.66666666666666663
2,2012-06-12,2066,482476.73685042624,1066845.6667342184,693.60757203059541,1032.750096751329,42.828500897227251,63.76968797476561,0.46536120283864935,0.21526080753268914,0.66666666666666663,0.33333333333333331
2,2012-06-13,2067,474189.44598605903,1054488.6655732023,687.60757203059541,1026.750096751329,42.615901582311459,63.634961062989099,0.29144586161436603,0.33222983440564324,0.33333333333333331,0.33333333333333331
2,2012-06-14,2068,493287.71671690047,1082913.3557338638,701.35757203059541,1040.500096751329,43.100787957019236,63.942239775776862,0.37022429776270988,0.53381374852032148,0.33333333333333331,0.66666666666666663
2,2012-06-15,2069,476943.87627418147,1058599.6659602078,689.60757203059541,1028.750096751329,42.686943486883031,63.679981228804031,0.53930728999105471,0.79447866686979074,0.66666666666666663,1
2,2012-06-18,2070,490836.02771479334,1079274.6678952342,699.60757203059541,1038.750096751329,43.039530730888679,63.903420286147586,0.45154935213662278,0.49908530863548606,0.66666666666666663,0.66666666666666663
2,2012-06-19,2071,457155.50668529415,1028976.163154419,675.10757203059541,1014.2500967513291,42.167868334203341,63.351036649052411,0.43351267339267369,0.65421023982342474,0.66666666666666663,1
2,2012-06-20,2072,431862.41894813156,990795.65947786847,656.10757203059541,995.25009675132912,41.473297852755714,62.91087842928755,0.28378964718574179,0.26512610867128422,0.33333333333333331,0.33333333333333331
2,2012-06-21,2073,416259.83721939725,967053.65715583658,644.10757203059541,983.25009675132912,41.025960001948754,62.627394697536886,0.30991460064715676,0.49248552888612135,0.33333333333333331,0.66666666666666663
2,2012-06-25,2074,424025.1280837644,978888.65831685264,650.10757203059541,989.25009675132912,41.250480458794122,62.769676189805146,0.44422351090897999,0.28905638854941301,0.66666666666666663,0.33333333333333331
2,2012-06-26,2075,420780.84022361139,973948.65783309599,647.60757203059541,986.75009675132912,41.157138355932339,62.710524102404129,0.45086739946263554,0.30885411965859516,0.66666666666666663,0.66666666666666663
2,2012-06-27,2076,401577.61306269356,944571.15493055608,632.60757203059541,971.75009675132912,40.590797050407147,62.351626355555283,0.39061164989007563,0.25731573301953969,0.66666666666666663,0.33333333333333331
2,2012-06-28,2077,453786.2188251412,1023911.1626706623,672.60757203059541,1011.7500967513291,42.077420833944039,63.293718908434727,0.35810744349345475,0.25550613993295107,0.33333333333333331,0.33333333333333331
2,2012-06-29,2078,479706.3065623038,1062718.6663472129,691.60757203059541,1030.750096751329,42.757809708228471,63.724890061905967,0.42491480582130325,0.16826979897459918,0.66666666666666663,0.33333333333333331
2,2012-07-03,2079,461215.15211747773,1035070.663734927,678.10757203059541,1017.2500967513291,42.276033168989734,63.419582091728749,0.50544969989674882,0.011736595257965762,0.66666666666666663,0
2,2012-07-05,2080,438448.49466843746,1000773.1604453819,661.10757203059541,1000.2500967513291,41.657691999407398,63.027731364292947,0.30082220822130645,0.16531489612848957,0.33333333333333331,0.33333333333333331
2,2012-07-06,2081,435808.06438031513,996776.1600583765,659.10757203059541,998.25009675132912,41.584073945147978,62.981078659389851,0.34190208880314943,0.5549617618973085,0.33333333333333331,0.66666666666666663
2,2012-07-09,2082,449424.83210694231,1017345.3495417788,669.35757203059541,1008.5000967513291,41.959415265983097,63.218937266969384,0.34601460767060366,0.3401773336878115,0.33333333333333331,0.33333333333333331
2,2012-07-10,2083,425326.34322782559,980868.15851035528,651.10757203059541,990.25009675132912,41.287734434406815,62.793284511815415,0.40598144481097953,0.32241149478526382,0.33333333333333331,0.33333333333333331
2,2012-07-11,2084,398735.94148855587,940203.34199517511,630.35757203059541,969.50009675132912,40.50490422686557,62.297194971972949,0.023197875346423508,0.20263372686741607,0,0.33333333333333331
2,2012-07-12,2085,449759.57339295762,1017849.6620901544,669.60757203059541,1008.7500967513291,41.96850968540241,63.224700517162582,0.3338155051729792,0.58916153279082972,0.33333333333333331,0.66666666666666663
2,2012-07-13,2086,436137.68066633045,997275.34760675218,659.35757203059541,998.50009675132912,41.593286360548518,62.986916685149289,0.0082674378253599357,0.13208664690014199,0,0.33333333333333331
2,2012-07-17,2087,424350.24436977971,979383.34586522821,650.35757203059541,989.50009675132912,41.259798384177351,62.77558107859344,0.51860682198895869,0.11877599481975838,0.66666666666666663,0.33333333333333331
2,2012-07-20,2088,419163.38379353489,971483.34509121766,646.35757203059541,985.50009675132912,41.110355988589312,62.680877516382829,0.29091674521509847,0.62122453729812355,0.33333333333333331,0.66666666666666663
2,2012-07-23,2089,433504.250378208,993285.34721974691,657.35757203059541,996.50009675132912,41.519505575910024,62.940160855918464,0.33389770749761971,0.38572458216566846,0.33333333333333331,0.66666666666666663
2,2012-07-24,2090,457155.50668529415,1028976.163154419,675.10757203059541,1014.2500967513291,42.167868334203341,63.351036649052411,0.57052326982031099,0.21562329972847452,0.66666666666666663,0.66666666666666663
2,2012-07-25,2091,480398.16413433437,1063749.6664439642,692.10757203059541,1031.250096751329,42.775498889406386,63.73609992282627,0.35300128621083471,0.57666706897987707,0.33333333333333331,0.66666666666666663
2,2012-07-26,2092,480744.28042034974,1064265.3539923399,692.35757203059541,1031.500096751329,42.784339380849396,63.741702255605077,0.44067249607632464,0.38334650535145692,0.66666666666666663,0.33333333333333331
2,2012-07-27,2093,480052.17284831911,1063234.1038955885,691.85757203059541,1031.000096751329,42.766655665621727,63.730495858527526,0.40063123965496589,0.079052853581888446,0.33333333333333331,0
2,2012-07-30,2094,485951.02471057913,1072015.6672179748,696.10757203059541,1035.250096751329,42.91661973061624,63.825530009329782,0.52106485014715231,0.58613584078808822,0.66666666666666663,0.66666666666666663
2,2012-07-31,2095,454459.07639717177,1024923.1627674137,673.10757203059541,1012.2500967513291,42.095532960012214,63.305196794954917,0.63677854325434291,0.43233665437670804,0.66666666666666663,0.66666666666666663
2,2012-08-01,2096,451770.64610904938,1020878.1623804085,671.10757203059541,1010.2500967513291,42.0230164076766,63.259242125944212,0.33820895196636941,0.31790418052578345,0.33333333333333331,0.33333333333333331
2,2012-08-02,2097,458506.72182935529,1031005.6633479217,676.10757203059541,1015.2500967513291,42.203968291547774,63.373913654889463,0.59715003244711606,0.54079264034785546,0.66666666666666663,1
2,2012-08-03,2098,469388.44298184494,1047313.664895943,684.10757203059541,1023.2500967513291,42.491153542273004,63.555906630517335,0.62688155000913282,0.58594503837177514,0.66666666666666663,0.66666666666666663
2,2012-08-06,2099,470757.65812590608,1049361.1650894457,685.10757203059541,1024.250096751329,42.526851150254217,63.57852866240404,0.32290104731760166,0.44608670030886916,0.33333333333333331,0.66666666666666663
2,2012-08-07,2100,473845.70470004372,1053975.3530248266,687.35757203059541,1026.500096751329,42.607008958970738,63.629325693558286,0.25570281357385094,0.11048230462711826,0.33333333333333331,0.33333333333333331
2,2012-08-08,2101,476254.51870215085,1057571.1658634562,689.10757203059541,1028.250096751329,42.669199506538412,63.66873664094917,0.32288087886409034,0.39375608748083302,0.33333333333333331,0.66666666666666663
2,2012-08-09,2102,481090.52170636499,1064781.1665407156,692.60757203059541,1031.750096751329,42.793177141216894,63.747302857666305,0.29351620910659687,0.12327341794622389,0.33333333333333331,0.33333333333333331
2,2012-08-10,2103,486647.38228260976,1073051.1673147262,696.60757203059541,1035.750096751329,42.934210910976596,63.836677765875457,0.24668369027875484,0.24290265308277639,0.33333333333333331,0.33333333333333331
2,2012-08-13,2104,452777.86996709526,1022394.1000255354,671.85757203059541,1011.0000967513291,42.050231389804118,63.276488609064558,0.30655620604229988,0.47557911732858243,0.33333333333333331,1
2,2012-08-14,2105,461893.5096895083,1036088.1638316783,678.60757203059541,1017.7500967513291,42.294021316958265,63.430981411737555,0.5683285702597114,0.078362828427459494,0.66666666666666663,0
2,2012-08-16,2106,475910.02741613559,1057057.1033150805,688.85757203059541,1028.000096751329,42.660323395608941,63.663111735645089,0.27976371266960337,0.15139792320358172,0.66666666666666663,0.33333333333333331
2,2012-08-17,2107,510621.03973164997,1108555.6706042716,713.60757203059541,1052.750096751329,43.525926930807884,64.2116557945306,0.71328901178826154,0.43935541356261054,1,0.66666666666666663
2,2012-08-21,2108,514195.32759180298,1113825.671088028,716.10757203059541,1055.250096751329,43.611910598696433,64.266144747340391,0.3076670666158558,0.036966379617146473,0.33333333333333331,0
2,2012-08-22,2109,548034.89219122566,1163435.3630869649,739.35757203059541,1078.500096751329,44.399193636426681,64.76505610276709,0.28718023713423135,0.47386629566432509,0.33333333333333331,0.66666666666666663
2,2012-08-23,2110,550625.70619333268,1167213.1759255945,741.10757203059541,1080.250096751329,44.457562809273867,64.802045396000537,0.98488530128902829,0.61371564279407254,1,0.66666666666666663
2,2012-08-24,2111,552108.92133739393,1169374.6761190973,742.10757203059541,1081.250096751329,44.490861632529693,64.823147287249938,0.93181088498050879,0.63572656631867164,1,0.66666666666666663
2,2012-08-28,2112,540299.20018490439,1152138.6745710759,734.10757203059541,1073.250096751329,44.223347712686468,64.653620286224637,0.22317468989354974,0.33327460988073071,0.33333333333333331,0.33333333333333331
2,2012-08-29,2113,541033.55775693501,1153212.1746678271,734.60757203059541,1073.750096751329,44.240142850382142,64.664263580326946,0.50367730581185688,0.50034926591651396,0.66666666666666663,0.66666666666666663
2,2012-08-30,2114,523546.9760282007,1127586.1723457954,722.60757203059541,1061.750096751329,43.834247620903568,64.407042569082748,0.093481998951398429,0.2462031487302713,0.33333333333333331,0.33333333333333331
2,2012-08-31,2115,595992.16051516857,1232928.1817306743,771.10757203059541,1110.250096751329,45.439456218656183,65.424283839206183,0.4126706692974858,0.3191254808279797,0.66666666666666663,0.33333333333333331
2,2012-09-04,2116,585245.65450674016,1217433.6803761555,764.10757203059541,1103.250096751329,45.213465800626949,65.281070813688117,0.27415921794943005,0.29595785934342206,0.33333333333333331,0.33333333333333331
2,2012-09-05,2117,602177.02109141322,1241826.1825046849,775.10757203059541,1114.250096751329,45.567758496801616,65.505590637938212,0.92061815276238679,0.46519366619385671,1,0.33333333333333331
2,2012-09-06,2118,644761.82998106536,1302724.6877292565,802.10757203059541,1141.250096751329,46.418262270289084,66.044565784220438,0.92073685496287039,0.68042154218347983,1,0.66666666666666663
2,2012-09-07,2119,651194.69055731001,1311870.6885032672,806.10757203059541,1145.250096751329,46.542007623013596,66.12298480088505,0.89291264818591165,0.73710520003013114,1,1
2,2012-09-10,2120,658875.27499160077,1322773.1269224049,810.85757203059541,1150.000096751329,46.688214885884292,66.21563821801233,0.66391264691957497,0.50972300428730921,0.66666666666666663,0.66666666666666663
2,2012-09-11,2121,659280.76627761603,1323348.1894707803,811.10757203059541,1150.250096751329,46.69588785438085,66.220500676530165,0.7560378987600177,0.3792741817611387,1,0.66666666666666663
2,2012-09-12,2122,653211.52198738663,1314735.3762451455,807.35757203059541,1146.500096751329,46.58056091334749,66.147416515293756,0.1185398596850044,0.20126033998364543,0.33333333333333331,0.33333333333333331
2,2012-09-13,2123,723218.29932397197,1413399.6969206331,849.60757203059541,1188.750096751329,47.851735963424126,66.952976443330272,0.64954730993450938,0.63286210281111166,0.66666666666666663,0.66666666666666663
2,2012-09-14,2124,713059.00845960481,1399170.695759617,843.60757203059541,1182.750096751329,47.674912236823701,66.840920980578076,0.31542157216901523,0.32413294558392708,0.33333333333333331,0.33333333333333331
2,2012-09-18,2125,694620.64187493164,1373271.1936310877,832.60757203059541,1171.750096751329,47.347601480272694,66.633499957425599,0.00027354412756274907,8.5971372899748265e-05,0,0
2,2012-09-20,2126,738592.23562052252,1434878.1986621569,858.60757203059541,1197.750096751329,48.114742058312999,67.119646777883375,0.83389312976751662,0.37467528687170532,1,0.33333333333333331
2,2012-09-21,2127,701297.50245117641,1382661.1944050984,836.60757203059541,1175.750096751329,47.46709628542385,66.709225347593133,0.0012774476678472906,0.0023428898407761452,0,0
2,2012-09-24,2128,716437.43874772731,1403905.6961466223,845.60757203059541,1184.750096751329,47.733986566784949,66.878357140916123,0.98537148434526645,0.62007652713782335,1,0.66666666666666663
2,2012-09-25,2129,671912.99614409031,1341237.1284704262,818.85757203059541,1158.000096751329,46.932659236600962,66.370545737287827,0.00033910773467897928,0.018390244685977778,0,0
2,2012-09-26,2130,702134.36002320703,1383837.1945018496,837.10757203059541,1176.250096751329,47.481995010243644,66.718666860540509,0.69539066687721129,0.89051695487063187,0.66666666666666663,1
2,2012-09-27,2131,724068.15689600259,1414588.697017384,850.10757203059541,1189.250096751329,47.866417344065063,66.96228022248475,0.36627218140475087,0.74309324310331026,0.33333333333333331,1
2,2012-09-28,2132,720671.72660788009,1409835.696630379,848.10757203059541,1187.250096751329,47.807642166324435,66.925033638744594,0.014792501016505441,0.12501487613643086,0,0
2,2012-10-09,2133,699207.54602110002,1379723.38166322,835.35757203059541,1174.500096751329,47.429812464476676,66.685598112211736,0.19309527480771874,0.00084571664635363158,0.33333333333333331,0
2,2012-10-10,2134,712215.65088757419,1397988.1956628656,843.10757203059541,1182.250096751329,47.660122782961857,66.831548714037822,0.35083771502821387,0.29728815246587065,0.33333333333333331,0.66666666666666663
2,2012-10-11,2135,708426.72931343655,1392673.1327274845,840.85757203059541,1180.000096751329,47.593466649531365,66.789307867628651,0.61476248520527432,0.56616511935314429,0.66666666666666663,0.66666666666666663
2,2012-10-12,2136,657659.55113355501,1321048.689277278,810.10757203059541,1149.250096751329,46.665182720656418,66.201042439592698,0.57629263679405829,0.51149830784267325,0.66666666666666663,0.66666666666666663
2,2012-10-15,2137,674782.06014619744,1345293.1913090555,820.60757203059541,1159.750096751329,46.985832924740642,66.404242585246436,0.55316429629072761,0.29974042205422502,0.66666666666666663,0.33333333333333331
2,2012-10-16,2138,678891.34800635034,1351098.1917928124,823.10757203059541,1162.250096751329,47.061610750748741,66.452263965198924,0.37517156828856502,0.60115165494181622,0.66666666666666663,1
2,2012-10-17,2139,669050.0571419833,1337187.1906317966,817.10757203059541,1156.250096751329,46.879378773987106,66.336781224975837,0.2077354114363115,0.064209982462009665,0.33333333333333331,0
2,2012-10-18,2140,659280.76627761603,1323348.1894707803,811.10757203059541,1150.250096751329,46.69588785438085,66.220500676530165,0.34741813743338207,0.048407136643118499,0.33333333333333331,0
2,2012-10-19,2141,642758.12355098885,1299873.1249873785,800.85757203059541,1140.000096751329,46.379474274249048,66.019985333796384,0.62340995662183873,0.44010613860834047,0.66666666666666663,0.66666666666666663
2,2012-10-22,2142,617779.17253202514,1264211.1844397113,785.10757203059541,1124.250096751329,45.885889656960579,65.707194433157738,0.43565142342793467,0.21793526007646705,0.66666666666666663,0.33333333333333331
2,2012-10-23,2143,624865.39068030054,1274349.6853104734,789.60757203059541,1128.750096751329,46.027838649408068,65.797149329718977,0.33523617780117426,0.60816901642579357,0.33333333333333331,0.66666666666666663
2,2012-10-25,2144,630404.89368451468,1282263.1859877328,793.10757203059541,1132.250096751329,46.137729612018347,65.866788641729457,0.34844191957455628,0.46317852102455431,0.33333333333333331,0.66666666666666663
2,2012-10-31,2145,626050.36453834642,1276043.3729556005,790.35757203059541,1129.500096751329,46.051424444608621,65.812095950550855,0.60188955601373939,0.66132228482678901,0.66666666666666663,0.66666666666666663
2,2012-11-01,2146,577629.57878643426,1206426.1794086422,759.10757203059541,1098.250096751329,45.050894482527916,65.17804728494535,0.46541440999759648,0.28067723085223478,0.66666666666666663,0.33333333333333331
2,2012-11-02,2147,575354.50607034238,1203133.6791183883,757.60757203059541,1096.750096751329,45.001934780552148,65.147020894049845,0.4651222775923694,0.39878023960488812,0.66666666666666663,0.66666666666666663
2,2012-11-05,2148,586774.86965080129,1219641.1805696583,765.10757203059541,1104.250096751329,45.245864697255797,65.301602409895281,0.32781435085847704,0.40234170674639375,0.33333333333333331,0.33333333333333331
2,2012-11-06,2149,624470.64939428528,1273785.3727620977,789.35757203059541,1128.500096751329,46.019972134125943,65.792164218121499,0.4983414890020767,0.58038599631492849,0.66666666666666663,1
2,2012-11-07,2150,627236.4633963923,1277738.1856007276,791.10757203059541,1130.250096751329,46.074989634862867,65.827029513764074,0.3320684328729106,0.32746902296324937,0.33333333333333331,0.33333333333333331
2,2012-11-08,2151,661310.09770769265,1326225.3772126588,812.35757203059541,1151.500096751329,46.734219590426896,66.244791989145938,0.3320546702835071,0.26093148520393561,0.33333333333333331,0.33333333333333331
2,2012-11-09,2152,656444.95227550901,1319325.376632151,809.35757203059541,1148.500096751329,46.642130645762592,66.186434044162453,0.0039250986076498004,0.097665280623437947,0,0.33333333333333331
2,2012-11-12,2153,616209.95738796389,1261963.6842462088,784.10757203059541,1123.250096751329,45.854243978397392,65.687140160896448,0.30765022029796724,0.29476633378931638,0.66666666666666663,0.33333333333333331
2,2012-11-15,2154,621710.96039217815,1269838.6849234682,787.60757203059541,1126.750096751329,45.964842254484701,65.757227706526351,0.33403107173737356,0.28046073231658736,0.33333333333333331,0.33333333333333331
2,2012-11-16,2155,651597.8068433255,1312443.3760516429,806.35757203059541,1145.500096751329,46.549722732318969,66.127873964573766,0.33703085605041511,0.29672817302142301,0.33333333333333331,0.33333333333333331
2,2012-11-20,2156,638360.9694048207,1293610.6869552459,798.10757203059541,1137.250096751329,46.29394269318999,65.965782874207036,0.3384595604847811,0.049558391481798879,0.33333333333333331,0
2,2012-11-21,2157,681362.92072244221,1354587.1920830663,824.60757203059541,1163.750096751329,47.106973552161975,66.481010954089072,0.34372618163360458,0.23224105796090286,0.33333333333333331,0.33333333333333331
2,2012-11-26,2158,674371.81886018219,1344713.3787606801,820.35757203059541,1159.500096751329,46.97824320862393,66.399432884829153,0.30390522167790196,0.048187355012114817,0.33333333333333331,0
2,2012-11-27,2159,639958.18454888184,1295886.1871487487,799.10757203059541,1138.250096751329,46.325076639454807,65.985512855149508,0.21739828616313583,0.13635893668826402,0.33333333333333331,0
2,2012-11-29,2160,641557.39969294297,1298163.6873422512,800.10757203059541,1139.250096751329,46.356174509304481,66.005219974005158,0.44822126869777795,0.156008849376533,0.66666666666666663,0.33333333333333331
2,2012-11-30,2161,631992.10882857593,1284528.6861812354,794.10757203059541,1133.250096751329,46.169044885499737,65.88663353205402,0.24596846049882573,0.29380867098262564,0.33333333333333331,0.66666666666666663
2,2012-12-03,2162,597149.38437321445,1234594.1193758012,771.85757203059541,1111.000096751329,45.463558947465494,65.439558047493975,0.18561213062100246,0.23604224332887377,0.33333333333333331,0.66666666666666663
2,2012-12-04,2163,591374.51508298493,1226275.6811501663,768.10757203059541,1107.250096751329,45.342831879019798,65.363051756276803,0.36992945620814749,0.67549548710772955,0.66666666666666663,0.66666666666666663
2,2012-12-05,2164,591758.63136900018,1226829.3686985418,768.35757203059541,1107.500096751329,45.350896976868547,65.368162712192955,0.25441334059534393,0.091177134779597838,0.33333333333333331,0
2,2012-12-06,2165,602952.37866344384,1242940.6826014363,775.60757203059541,1114.750096751329,45.583753866035579,65.515727108511854,0.19476532714132663,0.10469683827167832,0.33333333333333331,0.33333333333333331
2,2012-12-07,2166,620136.74524811702,1267586.1847299654,786.60757203059541,1125.750096751329,45.933288877698999,65.737231927084906,0.47369401075956397,0.42823942800073328,0.66666666666666663,0.66666666666666663
2,2012-12-10,2167,616209.95738796389,1261963.6842462088,784.10757203059541,1123.250096751329,45.854243978397392,65.687140160896448,0.51634506066350061,0.56274082409697446,0.66666666666666663,0.66666666666666663
2,2012-12-11,2168,626050.36453834642,1276043.3729556005,790.35757203059541,1129.500096751329,46.051424444608621,65.812095950550855,0.33005419717774204,0.1053087497098794,0.33333333333333331,0
2,2012-12-12,2169,589455.80865290842,1223509.1184082879,766.85757203059541,1106.000096751329,45.302470656068259,65.337474331787277,0.51868625261003343,0.59039328889262011,0.66666666666666663,0.66666666666666663
2,2012-12-13,2170,594836.06165712257,1231263.3690855473,770.35757203059541,1109.500096751329,45.415332175716763,65.408996123880868,0.62602204188064403,0.45793315561552844,0.66666666666666663,0.66666666666666663
2,2012-12-14,2171,594065.95408509194,1230154.1189887959,769.85757203059541,1109.000096751329,45.399237625274679,65.39879680090398,0.3858702311857482,0.15661085013432915,0.66666666666666663,0.33333333333333331
2,2012-12-17,2172,591374.51508298493,1226275.6811501663,768.10757203059541,1107.250096751329,45.342831879019798,65.363051756276803,0.5924774672905927,0.79259859649757536,1,1
2,2012-12-18,2173,547665.27590521041,1162896.1755385892,739.10757203059541,1078.250096751329,44.39084516700273,64.759765570650401,0.57959764676142533,0.58267618118821574,0.66666666666666663,0.66666666666666663
2,2012-12-19,2174,526441.40631632309,1131837.1727328005,724.60757203059541,1063.750096751329,43.902306696794632,64.45017247811748,0.46658203921184144,0.56058997054512461,0.66666666666666663,0.66666666666666663
2,2012-12-20,2175,527891.62146038434,1133965.6729263032,725.60757203059541,1064.750096751329,43.936274419049063,64.471698259238821,0.61573301553453508,0.40633953887135271,1,0.66666666666666663
2,2012-12-21,2176,533712.48203662899,1142499.6737003138,729.60757203059541,1068.750096751329,44.071734945973752,64.557541332004178,0.58573213369570665,0.58012795090578961,1,0.66666666666666663
2,2012-12-27,2177,536634.91232475138,1146778.6740873193,731.60757203059541,1070.750096751329,44.139220032011792,64.600307496309441,0.35478599752156437,0.52898807873090414,0.33333333333333331,1
2,2012-12-28,2178,522824.61845617014,1126524.6722490441,722.10757203059541,1061.250096751329,43.817207040691464,64.396243734910755,0.33823777081915507,0.33580476023622191,0.33333333333333331,0.33333333333333331
2,2013-01-04,2179,518860.58931000187,1120695.3592169117,719.35757203059541,1058.500096751329,43.72329871026259,64.336732821840386,0.05800671284830753,0.068865698631745534,0,0
2,2013-01-07,2180,534442.33960865962,1143568.6737970652,730.10757203059541,1069.250096751329,44.088621499432094,64.568242557447419,0.58135262478095939,0.51957073217334981,0.66666666666666663,0.66666666666666663
2,2013-01-08,2181,537000.77861076675,1147314.111635695,731.85757203059541,1071.000096751329,44.147644218404189,64.60564601123987,0.34515179323868878,0.061665380753746078,0.33333333333333331,0
2,2013-01-09,2182,562547.42734582222,1184561.1774736159,749.10757203059541,1088.250096751329,44.722840121229581,64.970155029930098,0.32643914979742794,0.14070712077879652,0.33333333333333331,0.33333333333333331
2,2013-01-10,2183,536634.91232475138,1146778.6740873193,731.60757203059541,1070.750096751329,44.139220032011792,64.600307496309441,0.59132175141523546,0.25329360601095385,0.66666666666666663,0.66666666666666663
2,2013-01-11,2184,564421.75877589872,1187283.3652154941,750.35757203059541,1089.500096751329,44.764060971251034,64.996277211115824,0.46698137296641185,0.62507316955985182,0.66666666666666663,0.66666666666666663
2,2013-01-16,2185,562547.42734582222,1184561.1774736159,749.10757203059541,1088.250096751329,44.722840121229581,64.970155029930098,0.40301433965938943,0.28499100844136255,0.33333333333333331,0.66666666666666663
2,2013-01-17,2186,582955.58179064828,1214126.1800859016,762.60757203059541,1101.750096751329,45.164795500775561,65.250227820629505,0.33161862685035587,0.63997027079580382,0.33333333333333331,0.66666666666666663
2,2013-01-18,2187,586010.01207877079,1218537.1804729069,764.60757203059541,1103.750096751329,45.229670040260011,65.291339648111745,0.58803757357695297,0.23683443482093236,0.66666666666666663,0.33333333333333331
2,2013-01-22,2188,585627.77079275541,1217985.3679245312,764.35757203059541,1103.500096751329,45.221569118804638,65.286205990316759,0.26326691893586246,0.33894750349796859,0.33333333333333331,0.33333333333333331
2,2013-01-23,2189,556570.56676957745,1175871.1766996051,745.10757203059541,1084.250096751329,44.590518972507205,64.886301421384147,0.27139276071731616,0.44583217615565568,0.33333333333333331,0.33333333333333331
2,2013-01-24,2190,535172.69718069024,1144638.1738938165,730.60757203059541,1069.750096751329,44.105497858774243,64.578937322748516,0.54927990103373225,0.14896650294956082,0.66666666666666663,0.33333333333333331
2,2013-01-28,2191,545450.20318911865,1159663.6752483351,737.60757203059541,1076.750096751329,44.340701654980187,64.727988984149633,0.62527935902411158,0.67998859778465659,0.66666666666666663,1
2,2013-01-29,2192,566299.21520597523,1190008.6779573725,751.60757203059541,1090.750096751329,44.805220389305241,65.02236046207625,0.54576246607660528,0.76593059491642757,0.66666666666666663,1
2,2013-01-30,2193,547295.78461919515,1162357.1129902136,738.85757203059541,1078.000096751329,44.382494190154404,64.754473449546722,0.41761673503796759,0.21838603059337749,0.33333333333333331,0.33333333333333331
2,2013-01-31,2194,553594.13648145518,1171538.1763125998,743.10757203059541,1082.250096751329,44.524120553061437,64.844223891631458,0.47503494425772552,0.61295073996751992,0.66666666666666663,0.66666666666666663
2,2013-02-01,2195,549144.49104927154,1165053.6757320918,740.10757203059541,1079.250096751329,44.424224011440309,64.780918172348677,0.59057709997387708,0.1170029970281103,0.66666666666666663,0.33333333333333331
2,2013-02-04,2196,560302.35462973046,1181298.6771833617,747.60757203059541,1086.750096751329,44.673293817185261,64.93875690178244,0.34199216373854985,0.45888613626949137,0.33333333333333331,0.66666666666666663
2,2013-02-05,2197,561424.32848777634,1182929.3648284886,748.35757203059541,1087.500096751329,44.698078066632547,64.954462998436853,0.33177233459862537,0.43364503233990415,0.33333333333333331,0.66666666666666663
2,2013-02-06,2198,552108.92133739393,1169374.6761190973,742.10757203059541,1081.250096751329,44.490861632529693,64.823147287249938,0.3575405350016933,0.56082802269569199,0.33333333333333331,0.66666666666666663
2,2013-02-07,2199,552480.0376234093,1169915.3636674727,742.35757203059541,1081.500096751329,44.499180100740013,64.828418807212884,0.30197520832053382,0.46810683648016965,0.33333333333333331,0.66666666666666663
2,2013-02-08,2200,440434.06738452933,1003776.1607356359,662.60757203059541,1001.7500967513291,41.712783886093511,63.062643799265288,0.56378998028504912,0.1105779135785205,0.66666666666666663,0
2,2013-02-20,2201,425326.34322782559,980868.15851035528,651.10757203059541,990.25009675132912,41.287734434406815,62.793284511815415,0.4564605871100465,0.5236895460951313,0.66666666666666663,0.66666666666666663
2,2013-02-21,2202,424675.48565579503,979878.1584136039,650.60757203059541,989.75009675132912,41.269113354303549,62.781484094597467,0.042584922661279882,0.13732534367504315,0,0
2,2013-02-22,2203,437457.39581039158,999273.34780025482,660.35757203059541,999.50009675132912,41.630106983804282,63.010250386214601,0.55451853037720178,0.15278574310554324,0.66666666666666663,0.33333333333333331
2,2013-02-25,2204,443088.49767265166,1007787.1611226411,664.60757203059541,1003.7500967513291,41.786078090575003,63.10909127641176,0.48097534529949626,0.38211259426517041,0.66666666666666663,0.33333333333333331
2,2013-02-26,2205,461554.26840349304,1035579.3512833029,678.35757203059541,1017.5000967513291,42.285028644575057,63.425282639945713,0.46649209185271129,0.57159166801252914,0.66666666666666663,0.66666666666666663
2,2013-02-27,2206,440434.06738452933,1003776.1607356359,662.60757203059541,1001.7500967513291,41.712783886093511,63.062643799265288,0.12186612008953367,0.32584865821997361,0,0.33333333333333331
2,2013-02-28,2207,432190.53523414681,991293.34702624427,656.35757203059541,995.50009675132912,41.482545238147914,62.916738615979085,0.11565178212805356,0.44995136708603711,0.33333333333333331,0.66666666666666663
2,2013-03-01,2208,421752.81408165727,975429.34547822305,648.35757203059541,987.50009675132912,41.185172115648434,62.728289455380605,0.57795384340000056,0.54585326654595612,0.66666666666666663,0.66666666666666663
2,2013-03-04,2209,428914.99737399392,986322.0965424875,653.85757203059541,993.00009675132912,41.389939675935778,62.858053283831566,0.22149905079835053,0.32389427877533933,0.33333333333333331,0.33333333333333331
2,2013-03-05,2210,421428.69779564202,974935.65792984737,648.10757203059541,987.25009675132912,41.175830497496541,62.722369552181014,0.57330737467863124,0.95304135635782694,1,1
2,2013-03-06,2211,428588.13108797855,985825.65899411205,653.60757203059541,992.75009675132912,41.380662996555579,62.852174533164238,0.34462367869345273,0.33118371536000313,0.33333333333333331,0.33333333333333331
2,2013-03-07,2212,431534.42766211624,990298.09692949289,655.85757203059541,995.00009675132912,41.464047544213393,62.905016390158302,0.33072396154213307,0.32581067548085124,0.33333333333333331,0.33333333333333331
2,2013-03-08,2213,427934.77351594792,984833.15889736044,653.10757203059541,992.25009675132912,41.362100825243537,62.840411447202605,0.40582332648650565,0.18372117267800039,0.33333333333333331,0.33333333333333331
2,2013-03-11,2214,447753.00067686586,1014825.6617999006,668.10757203059541,1007.2500967513291,41.913900378330958,63.190093899079613,0.19472747798152942,0.12994537512447304,0.33333333333333331,0.33333333333333331
2,2013-03-12,2215,441428.54124257521,1005279.3483807627,663.35757203059541,1002.5000967513291,41.740290830932544,63.080075302899424,0.62858119849792093,0.52050826179081067,0.66666666666666663,0.66666666666666663
2,2013-03-13,2216,437127.27952437632,998773.66025187925,660.10757203059541,999.25009675132912,41.620906180995924,63.004419719503723,0.38360683103844151,0.50609278642692479,0.33333333333333331,0.66666666666666663
2,2013-03-14,2217,449759.57339295762,1017849.6620901544,669.60757203059541,1008.7500967513291,41.96850968540241,63.224700517162582,0.33568482402419614,0.3044069306865792,0.33333333333333331,0.33333333333333331
2,2013-03-15,2218,460876.16083146242,1034562.1011865515,677.85757203059541,1017.0000967513291,42.267034888891374,63.41387976625591,0.42246328938758282,0.26106920928737226,0.66666666666666663,0.33333333333333331
2,2013-03-18,2219,470415.16683989082,1048849.10254107,684.85757203059541,1024.000096751329,42.517930903653287,63.572875787759067,0.39272459089662265,0.83402419987501342,0.33333333333333331,1
2,2013-03-19,2220,474533.3122720744,1055002.103121578,687.85757203059541,1027.000096751329,42.624791450385459,63.640594686372062,0.33325282652148119,0.56117249591492713,0.33333333333333331,0.66666666666666663
2,2013-03-21,2221,466315.02140770719,1042714.1019605621,681.85757203059541,1021.0000967513291,42.41067156153602,63.504904167397235,0.36437871005193473,0.29220355953735011,0.66666666666666663,0.66666666666666663
2,2013-03-22,2222,454795.69268318708,1025429.3503157893,673.35757203059541,1012.5000967513291,42.104584776025973,63.310933046823756,0.48765011891232463,0.32622643316504363,0.66666666666666663,0.33333333333333331
2,2013-03-25,2223,453113.86125311063,1022899.6625739111,672.10757203059541,1011.2500967513291,42.059297373629256,63.282233839257145,0.6439921851365229,0.43246798596082164,0.66666666666666663,0.66666666666666663
2,2013-03-26,2224,453449.97753912589,1023405.3501222868,672.35757203059541,1011.5000967513291,42.068360521232314,63.287977272099425,0.34179083668423799,0.5609369778078287,0.33333333333333331,0.66666666666666663
2,2013-03-28,2225,433832.99166422331,993783.6597681226,657.60757203059541,996.75009675132912,41.528738366314833,62.946011793579352,0.35348757539293363,0.21725500504171794,0.33333333333333331,0.33333333333333331
2,2013-04-02,2226,422401.4216536879,976417.0955749742,648.85757203059541,988.00009675132912,41.203846453760626,62.740123622881669,0.62482832253070431,0.64053069340656521,0.66666666666666663,0.66666666666666663
2,2013-04-03,2227,422725.91293970327,976911.15812335012,649.10757203059541,988.25009675132912,41.213179176545736,62.74603788897327,0.36218156033042814,0.61440781041297365,0.33333333333333331,0.66666666666666663
2,2013-04-08,2228,425651.95951384091,981363.34605873097,651.35757203059541,990.50009675132912,41.297040547192609,62.79918191480926,0.55827712905882765,0.51158303237822145,0.66666666666666663,0.66666666666666663
2,2013-04-09,2229,422725.91293970327,976911.15812335012,649.10757203059541,988.25009675132912,41.213179176545736,62.74603788897327,0.46989570883877657,0.69192027911249776,0.66666666666666663,1
2,2013-04-10,2230,373006.66474928614,900399.65047999506,609.60757203059541,948.75009675132912,39.700916446147538,61.787697606729346,0.34153047031325007,0.31126161064261898,0.66666666666666663,0.33333333333333331
2,2013-04-12,2231,221447.18700868884,653541.1232928714,469.10757203059546,808.25009675132912,33.627782941261323,57.93907503593757,0.24162074246042098,0.63487684394402277,0.33333333333333331,0.66666666666666663
2,2013-04-15,2232,207598.95984777101,629518.62039033172,454.10757203059546,793.25009675132912,32.906345799318508,57.481891068936896,0.16081181598670288,0.41643284436495431,0.33333333333333331,0.66666666666666663
2,2013-04-16,2233,218641.54157650529,648700.62271236349,466.10757203059546,805.25009675132912,33.48473937001404,57.848426490756403,0.3450846632855768,0.60298703350170879,0.33333333333333331,1
2,2013-04-17,2234,220275.98057861239,651522.06055099319,467.85757203059546,807.00009675132912,33.568256289190693,57.901352233279219,0.5604321729473507,0.45912241768173789,0.66666666666666663,0.66666666666666663
2,2013-04-18,2235,249994.78375849396,702098.12900119985,498.60757203059546,837.75009675132912,35.002286558834356,58.810115602058907,0.50008949713857753,0.24687051316093223,0.66666666666666663,0.33333333333333331
2,2013-04-22,2236,233812.98388148437,674724.62580840616,482.10757203059546,821.25009675132912,34.240594604445697,58.327421644270537,0.3067031394673202,0.21261616895473281,0.33333333333333331,0.33333333333333331
2,2013-04-23,2237,277123.23507611552,747201.13412902039,525.10757203059541,864.25009675132912,36.189357135120297,59.562377446680159,0.55052550380680054,0.47421961818700842,0.66666666666666663,0.66666666666666663
2,2013-04-25,2238,299072.89552936988,783055.63809582486,545.60757203059541,884.75009675132912,37.078326335752315,60.125728627341431,0.61461052588598231,0.42054442663240527,0.66666666666666663,0.66666666666666663
2,2013-04-26,2239,296622.72395523224,779079.32516044378,543.35757203059541,882.50009675132912,36.981968489405851,60.064665424626789,0.26357958577484908,0.019411861349773404,0.33333333333333331,0
2,2013-05-02,2240,270079.84535370249,735579.32032287738,518.35757203059541,857.50009675132912,35.891124945860859,59.373383884461077,0.59941324073725677,0.34546797248318512,0.66666666666666663,0.66666666666666663
2,2013-05-07,2241,292561.60466500284,772474.6369348088,539.60757203059541,878.75009675132912,36.820714570494403,59.962476748640675,0.45527730735658917,0.3220533470858204,0.66666666666666663,0.33333333333333331
2,2013-05-09,2242,251993.21404661637,705453.12938820524,500.60757203059546,839.75009675132912,35.09341549460887,58.867865177099823,0.37637385626963221,0.34650023052321322,0.33333333333333331,0.66666666666666663
2,2013-05-10,2243,256266.44090887639,712609.06771059148,504.85757203059546,844.00009675132912,35.286218558839444,58.99004695099277,0.52995541624769682,0.60896311632324274,0.66666666666666663,0.66666666666666663
2,2013-05-13,2244,259304.58634106,717682.06829109939,507.85757203059546,847.00009675132912,35.421626645551555,59.075856791723034,0.62502186338504617,0.59197888923279995,1,0.66666666666666663
2,2013-05-14,2245,235745.41416960672,678013.62619541131,484.10757203059546,823.25009675132912,34.333870356779819,58.386531684491423,0.26800402249081351,0.46484623428459865,0.33333333333333331,0.66666666666666663
2,2013-05-15,2246,208508.1749918322,631106.12058383424,455.10757203059546,794.25009675132912,32.954929183967806,57.512678982717524,0.29180628103698886,0.19114828272171525,0.33333333333333331,0.33333333333333331
2,2013-05-16,2247,197508.10197708258,611797.05571342667,442.85757203059546,782.00009675132912,32.354891107258105,57.13242715991445,0.047984675808453552,0.45855890954774808,0,0.66666666666666663
2,2013-05-17,2248,185304.08996022595,590097.05300438951,428.85757203059546,768.00009675132912,31.655845877881191,56.689433235012295,0.014494800532604818,0.45774483972366653,0,0.66666666666666663
2,2013-05-20,2249,190486.3808245931,599349.05416540557,434.85757203059546,774.00009675132912,31.95719801804854,56.880403950125235,0.38621756672263025,0.50994659459188785,0.66666666666666663,0.66666666666666663
2,2013-05-21,2250,234295.34145351496,675546.12590515742,482.60757203059546,821.75009675132912,34.263938376329101,58.342214891823154,0.72628517075693244,0.81090200272740243,1,1
2,2013-05-22,2251,208053.31741980161,630312.12048708287,454.60757203059546,793.75009675132912,32.930646289793224,57.497290601327713,0.32082480271494701,0.29958313317573776,0.33333333333333331,0.33333333333333331
2,2013-05-23,2252,217013.22757439819,645885.30987373379,464.35757203059546,803.50009675132912,33.401012194252502,57.795367505939872,0.36880121394782511,0.17119112947400836,0.66666666666666663,0.33333333333333331
2,2013-05-24,2253,204432.45684355684,623978.11971307232,450.60757203059546,789.75009675132912,32.735748058888149,57.37378109344926,0.28315444588821276,0.59138371846845772,0.33333333333333331,0.66666666666666663
2,2013-05-28,2254,209875.74770792396,633491.12087408826,456.60757203059546,795.75009675132912,33.027672479609073,57.558777341868286,0.39229939829909594,0.35223028302882037,0.33333333333333331,0.33333333333333331
3,2013-05-29,2255,138437.80919445874,52046.560161611065,368.72612329905337,225.17605740324257,26.086036314046932,15.930389628810936,0.066035041857246166,0.017969185737237367,0,0
3,2013-05-30,2256,147971.02285762972,43850.869980287855,383.98783130994116,206.17605740324257,27.535878903545438,14.784944955413593,0.60940985888500709,0.69829465251347467,1,1
3,2013-05-31,2257,141717.94781037557,47213.686898739739,375.74638003310002,214.17605740324257,26.791185742110518,15.271020135703571,0.16223783473954786,0.29016887797305085,0,0.33333333333333331
3,2013-06-03,2258,142577.66274001347,45937.630554320283,377.43855478811474,211.17605740324257,26.969528745131456,15.089393169220619,0.26521379484716484,0.23244943432166476,0.33333333333333331,0.66666666666666663
3,2013-06-04,2259,131907.62550498135,47858.46507094946,362.78886087673476,215.67605740324257,25.83966245560789,15.361542550088501,0.37860816375984507,0.69935836337609869,0.33333333333333331,1
3,2013-06-05,2260,134825.93639199526,46149.056611723521,366.78886087673476,211.67605740324257,26.199204348338196,15.119718385945896,0.4329152856524861,0.68453866336095504,1,1
3,2013-06-06,2261,152950.75371929258,40418.127004432725,390.93855478811474,197.67605740324257,28.206244934207415,14.262341803985754,0.096565977363474123,0.14225682166858941,0,0.33333333333333331
3,2013-06-07,2262,153733.6308288688,40023.774889626242,391.93855478811474,196.67605740324257,28.298812620080486,14.200437357634842,0.26507900822041047,0.22111380527168203,0.33333333333333331,0.66666666666666663
3,2013-06-13,2263,148873.46139401736,42521.288107166773,385.68855478811474,202.92605740324257,27.72244778351229,14.585880136800903,0.22717731334120864,0.39493413342238232,0.33333333333333331,0.33333333333333331
3,2013-06-14,2264,162525.9567514511,39925.499360924623,402.68445905516825,196.42605740324257,29.079939270999692,14.184947275915695,0.42621485003704468,0.44058052284769983,0.66666666666666663,0.33333333333333331
3,2013-06-17,2265,160322.95814029811,33178.161294407888,400.03886087673476,178.42605740324257,29.269351445160765,13.054769153337666,0.62895949523170225,0.29595348504395891,0.66666666666666663,0.33333333333333331
3,2013-06-18,2266,169608.94506568462,35355.2739832468,411.35187064665314,184.42605740324257,29.965534193892051,13.43478837393863,0.12348043764694309,0.50363306998019131,0,0.66666666666666663
3,2013-06-19,2267,242070.98280447241,12194.954270026368,491.60187064665314,104.17605740324257,38.034960978464461,8.0600431259762146,0.24582434241021164,0.44461910871760368,0.33333333333333331,0.66666666666666663
3,2013-06-20,2268,243111.84243041239,12775.485085744202,491.17647928232265,106.92605740324257,37.921364932045755,8.2552447329274319,0.54633030713105057,0.67407481864859919,0.66666666666666663,1
3,2013-06-21,2269,238319.95337285439,11029.992109889077,487.24198134372608,98.426057403242567,37.86609530551592,7.6491981661738935,0.38192163285910508,0.34314576978083416,0.66666666666666663,0.33333333333333331
3,2013-06-24,2270,230449.10858282531,9564.4507201388187,479.82336172936698,90.676057403242567,37.515509126611967,7.0896057391120069,0.42145209436124792,0.30563111887312971,0.66666666666666663,0.33333333333333331
3,2013-06-25,2271,283671.32727826922,3639.2103121615787,532.44337818337192,50.437927436397707,43.069231804519461,4.0799132405579543,0.35939247069124097,0.4517580668352037,0.33333333333333331,0.66666666666666663
3,2013-06-26,2272,239887.79290315128,3315.977910338881,488.61419597062621,49.271260769731043,39.636114051561648,3.9968574950096163,0.63599799290448422,0.33523156070178112,0.66666666666666663,0.33333333333333331
3,2013-06-27,2273,276742.7990658356,1355.8167319746117,524.83920352213966,35.687927436397707,44.030134523669432,2.9939536439930965,0.65655964729973626,0.33700276330303797,0.66666666666666663,0.33333333333333331
3,2013-06-28,2274,178212.11116625951,5460.869677766962,417.86985636805701,64.176057403242567,33.362862783876807,5.1238369184225601,0.022486463286136446,0.24924120182998152,0,0.33333333333333331
3,2013-07-02,2275,219813.53804827281,5146.2393907507494,468.5299341013349,61.676057403242567,37.48239472810679,4.9340845922594054,0.32376801989902465,0.033200121057822087,0.33333333333333331,0
3,2013-07-03,2276,254905.3173444455,1938.9356142091781,501.82550777641774,42.604594103064379,41.379138963217294,3.5130566153835807,0.33879295533064213,0.078592828933476397,0.33333333333333331,0
3,2013-07-05,2277,188875.53290581706,3544.3581973550936,428.50573063674159,50.104594103064379,34.689798068143418,4.0562310546904987,0.30623157079695218,0.50978621260404178,0.66666666666666663,0.66666666666666663
3,2013-07-08,2278,173643.44421490008,5854.926022186417,411.66132486067062,67.176057403242567,32.788635990495472,5.3505422065505828,0.15417641796479961,0.4805487087979729,0.33333333333333331,0.66666666666666663
3,2013-07-09,2279,187889.02940500193,5922.3520795896593,427.86604680257216,67.676057403242567,34.065768057529631,5.3882211308314147,0.46470685195559081,0.76411370463283934,0.66666666666666663,1
3,2013-07-10,2280,168242.62619298525,10688.563408977729,403.4848366883275,96.676057403242567,31.399598185862061,7.5234285916920287,0.60801584465269054,0.74913070805596826,1,1
3,2013-07-11,2281,193388.89511798159,9701.0273062436809,438.18488848232931,91.426057403242567,34.239881889613542,7.1440560580771688,0.092414995506453837,0.13806534419806715,0.33333333333333331,0.33333333333333331
3,2013-07-12,2282,193182.87965497826,11987.602155219882,437.77569319994262,103.17605740324257,33.896685497479105,7.9888546189115424,0.62749928984452297,0.66035118859555497,1,1
3,2013-07-16,2283,197749.13447884624,13207.189315357173,443.03522233222287,108.92605740324257,34.151876841952038,8.3966897208126863,0.39336233081568645,0.74672098446439705,0.33333333333333331,1
3,2013-07-17,2284,231286.77594825931,10353.259708066378,480.82147370120305,94.926057403242567,37.469041394989524,7.3973159870050713,0.49981267126731366,0.34393376320643404,1,1
3,2013-07-18,2285,225447.37228606796,12882.661143147445,474.77626247613676,107.42605740324257,36.641038971725777,8.2906469151643893,0.48639353442930106,0.42419851353676319,0.66666666666666663,0.66666666666666663
3,2013-07-19,2286,199865.48378000828,20573.352230850105,445.9664945766487,138.67605740324257,33.60712091760729,10.450343436566884,0.39491253661462883,0.35880211746981622,0.66666666666666663,0.66666666666666663
3,2013-07-22,2287,205816.58369177996,22418.390977092258,451.13374331618479,145.17605740324257,33.830801898476551,10.886843449811968,0.44677939593934618,0.15755266406294091,0.66666666666666663,0.33333333333333331
3,2013-07-23,2288,206831.89080212452,22856.169149301986,452.56994311353759,146.67605740324257,33.900370270676973,10.986970592003189,0.27798347830153475,0.083676516618275576,0.33333333333333331,0
3,2013-07-24,2289,213014.40347336489,20297.000116043619,459.1334519525131,137.67605740324257,34.625448865197065,10.382809758917238,0.35628058213757668,0.034438562014356223,0.66666666666666663,0
3,2013-07-25,2290,207508.06292945627,21698.760690076044,452.98494989259729,142.67605740324257,34.033429743996798,10.719463366133928,0.48013460615511172,0.65766668228476599,0.66666666666666663,1
3,2013-07-26,2291,209584.96508372101,21343.633046567938,455.3834519525131,141.42605740324257,34.24579446907412,10.635537311768571,0.37275378363983719,0.21162753223782382,0.66666666666666663,0.33333333333333331
3,2013-07-29,2292,213760.87924298478,19791.021203651646,459.83494989259719,135.82605740324266,34.726802091348951,10.2576035496917,0.42769353955707351,0.26860914958909216,1,0.33333333333333331
3,2013-07-30,2293,222518.74461098106,17262.70079576904,469.2370114043178,126.17605740324257,35.696995922732434,9.5987871740770299,0.50144565719159639,0.46337975095312262,0.66666666666666663,0.66666666666666663
3,2013-07-31,2294,222049.7575995767,17389.126853172282,468.7370114043178,126.67605740324257,35.645400106792223,9.6331602588017162,0.3510188813706932,0.49402705859544532,0.66666666666666663,0.66666666666666663
3,2013-08-01,2295,228675.93661377407,15965.414693034994,475.8834519525131,120.92605740324257,36.347790869009977,9.236284697593474,0.23767570413947892,0.30863784399978517,0.66666666666666663,0.33333333333333331
3,2013-08-02,2296,235419.14247366748,14897.330176405812,483.1063164459888,116.42605740324257,37.026734351100885,8.9232463999419487,0.18502476859415792,0.11975572539627695,0.33333333333333331,0.33333333333333331
3,2013-08-05,2297,258084.36760861179,9838.7288923485467,505.9068713351291,92.176057403242567,39.50854129911199,7.198442592990439,0.14048091588446962,0.11991032762377218,0,0.33333333333333331
3,2013-08-06,2298,240625.02345943637,10211.433121961518,489.50772791438084,94.176057403242567,38.16824389195952,7.3431623706232019,0.29626419207271826,0.3843192845380039,0.33333333333333331,0.66666666666666663
3,2013-08-07,2299,217754.8174805468,13426.041430163657,466.33343860483791,109.92605740324257,35.920157027139453,8.4672487890038557,0.41447167358424242,0.63837014023359606,0.66666666666666663,1
3,2013-08-08,2300,187375.04382345834,24652.281838140898,431.71682353150135,152.67605740324257,32.19364828721114,11.385239179958431,0.34002056502229222,0.63539433252015753,1,1
3,2013-08-12,2301,211974.50126512061,20991.630403059833,458.09055547044153,140.17605740324257,34.481788142298946,10.551453323541027,0.3548491406397622,0.34501117736033221,0.66666666666666663,0.33333333333333331
3,2013-08-13,2302,212747.0098406472,20434.926173446864,458.81606958124104,138.17605740324257,34.58847113315047,10.416589325536567,0.057431132081009334,0.39495787304419977,0,0.33333333333333331
3,2013-08-14,2303,175280.88223461932,34076.541581424099,415.97895096521978,180.92605740324257,30.380058496638288,13.21351523850594,0.4816229415182216,0.58595164831040247,0.66666666666666663,0.66666666666666663
3,2013-08-16,2304,162611.52979587106,32556.732593496537,402.93932415009573,176.67605740324257,29.51936440660042,12.943300908662458,0.32347522423759978,0.16814522937274842,0.66666666666666663,0.33333333333333331
3,2013-08-19,2305,163688.34469857169,35263.123454545181,404.43855478811474,184.17605740324257,29.467289966347153,13.419020575828236,0.163253825983321,0.58806937806120041,0.33333333333333331,0.66666666666666663
3,2013-08-20,2306,177181.46904069674,31854.028363883572,420.65691240312032,174.67605740324257,30.862576111747639,12.815558136701583,0.25198398552418166,0.10541037393275277,0.66666666666666663,0
3,2013-08-21,2307,170061.18174397174,36377.179798964637,411.93445905516825,187.17605740324257,29.947979575075845,13.607855863558166,0.12753246804518545,0.27994084179830864,0.33333333333333331,0.66666666666666663
3,2013-08-22,2308,169465.87694093335,37129.884028577602,411.14146505571176,189.17605740324257,29.846930312574358,13.733289103683669,0.19531270643646878,0.39918701125125439,0.33333333333333331,0.66666666666666663
3,2013-08-23,2309,136946.87266539832,54669.147321748351,369.47796095358666,230.92605740324257,26.033324710486994,16.27099224261001,0.35088830214643291,0.63359169148160055,0.33333333333333331,1
3,2013-08-27,2310,124053.83331207473,54784.672850449977,351.98541662542107,231.17605740324257,24.796436535781691,16.285738457431673,0.13902743073510404,0.22261502395867627,0,0.66666666666666663
3,2013-08-28,2311,132463.55310277213,49490.09800147378,363.73541662542107,219.42605740324257,25.838069019742221,15.587004610423909,0.38541026414345875,0.30365307608593084,0.66666666666666663,0.66666666666666663
3,2013-08-29,2312,142089.67393503306,43954.020508989481,376.73541662542107,206.42605740324257,27.01096373008934,14.800219207975807,0.21574026397508692,0.49883878035483109,0.33333333333333331,0.66666666666666663
3,2013-08-30,2313,138533.24997709156,45937.630554320283,371.98541662542107,211.17605740324257,26.579879716000079,15.089393169220619,0.21651819122591667,0.35599997657850718,0.33333333333333331,0.33333333333333331
3,2013-09-03,2314,145691.22289297459,42015.535463658664,381.48541662542107,201.67605740324257,27.444994001828857,14.509068877931119,0.51034161936856692,0.33759422572743997,0.66666666666666663,0.66666666666666663
3,2013-09-04,2315,149531.07705922876,40023.774889626242,386.48541662542107,196.67605740324257,27.905084232882388,14.200437357634842,0.46450082459822539,0.38999718869219285,1,0.66666666666666663
3,2013-09-05,2316,147989.1353927271,40814.479119239208,384.48541662542107,198.67605740324257,27.720650081140665,14.324156986535153,0.30974772309307758,0.47859205188812659,0.66666666666666663,0.66666666666666663
3,2013-09-06,2317,170923.6093486888,30217.168318552765,413.23541662542107,169.92605740324257,30.42410577032366,12.510661321792199,0.29640197782984001,0.3969341555951913,0.33333333333333331,0.66666666666666663
3,2013-09-10,2318,179879.70403176817,32116.604949988436,423.68445905516825,175.42605740324257,31.067604696987591,12.863505584105779,0.64557060625695317,0.54448630843555879,1,0.66666666666666663
3,2013-09-11,2319,211451.2053542127,20851.704345656592,459.43445905516825,139.67605740324257,34.595968302347003,10.517775406870676,0.18202387045678792,0.077250191383805136,0.33333333333333331,0
3,2013-09-12,2320,225525.52361879734,18288.109254994983,473.06143531825933,130.17605740324257,35.878758840975301,9.8730418963399753,0.22731783001673211,0.044644701050117162,0.33333333333333331,0
3,2013-09-13,2321,223231.11417283487,16699.971037454448,469.77578892208248,123.92605740324257,35.799259967390554,9.4437841419883828,0.17291863272858143,0.30103481735994003,0.33333333333333331,0.33333333333333331
3,2013-09-17,2322,234042.17644354652,14038.197245881491,481.5244680718468,112.67605740324257,37.011873026275701,8.6607269333775996,0.50576993552363547,0.73245824840882101,1,1
3,2013-09-18,2323,222646.01701720827,17199.675267067418,469.67090862004216,125.92605740324257,35.736801112424736,9.5815908239104104,0.16758744025458014,0.24477911645068251,0.33333333333333331,0.33333333333333331
3,2013-09-24,2324,215651.96818895449,19412.668242922544,462.26171037393016,134.42605740324257,34.947020251289374,10.16262010230524,0.53588381407335184,0.51993902315257634,0.66666666666666663,1
3,2013-09-25,2325,205384.92044395674,22273.464919689013,450.92090862004216,144.67605740324257,33.827525027760103,10.853417659658106,0.50911449864008107,0.32251836042714105,0.66666666666666663,0.33333333333333331
3,2013-09-26,2326,199261.07946160444,24652.281838140898,444.19539450924259,152.67605740324257,33.124190492859256,11.385239179958431,0.39349166545226472,0.27155338085687941,0.66666666666666663,0.33333333333333331
3,2013-09-27,2327,211289.14225601728,20434.926173446864,457.42090862004216,138.17605740324257,34.4832950335501,10.416589325536567,0.21760801963468832,0.15904960505553853,0.33333333333333331,0.33333333333333331
3,2013-09-30,2328,209609.82353531706,21272.98251786632,455.69539450924259,141.17605740324257,34.275697217694066,10.618733163087068,0.22760231409790452,0.32002898521729778,0.33333333333333331,0.33333333333333331
3,2013-10-08,2329,230323.09575485878,14723.253590300947,477.55417450914456,115.67605740324257,36.622252646406785,8.870863297794676,0.031070669190749481,0.19037140638393099,0,0.33333333333333331
3,2013-10-09,2330,225947.93362059144,13481.066958865276,474.29689764282813,110.17605740324257,36.526522729520842,8.484871575143826,0.68968363022791201,0.38986678646783152,1,0.66666666666666663
3,2013-10-10,2331,253703.08337608111,7298.4471702512701,503.57306831715687,77.176057403242567,39.792419464018714,6.0984636430851493,0.15880259587551171,0.36382721404021851,0,0.66666666666666663
3,2013-10-11,2332,207110.43046919789,8095.2077442836935,453.86884512240573,82.176057403242567,35.723639915183448,6.4680092407117327,0.22897957504297239,0.52424072858592996,0.33333333333333331,0.66666666666666663
3,2013-10-15,2333,146898.07135324078,18483.935841099843,382.23428645327385,130.92605740324257,28.973605188802264,9.9242795075416002,0.50406362313827269,0.74065852881308192,1,1
3,2013-10-17,2334,212225.94309263755,17771.405025382013,459.67310347792824,128.17605740324257,34.916301061749202,9.7361228563040303,0.26338920776800767,0.25883730868003013,0.33333333333333331,0.33333333333333331
3,2013-10-18,2335,192981.95079815705,18028.757140188496,439.10915888906288,129.17605740324257,33.328968416627163,9.8046343380070269,0.43801936273390107,0.44941727543063581,0.66666666666666663,0.66666666666666663
3,2013-10-21,2336,193989.55329319346,22273.464919689013,439.31998324988899,144.67605740324257,32.95723805325499,10.853417659658106,0.52984216558125274,0.18560340692420538,0.66666666666666663,0.33333333333333331
3,2013-10-22,2337,205392.01506616172,21770.161218777666,450.74084929642686,142.92605740324257,33.858467552783239,10.736229664093338,0.42208297595881311,0.2524578428461785,0.66666666666666663,0.33333333333333331
3,2013-10-23,2338,193404.26213515818,25811.414768665214,437.24084929642686,156.42605740324257,32.514656947122276,11.632352288770596,0.083336105084866052,0.42624705699170273,0,0.33333333333333331
3,2013-10-24,2339,195720.99925931243,26758.97111308467,440.1063164459888,159.42605740324257,32.654892706064828,11.829052673214065,0.1716514542620777,0.28191551378185536,0,0.33333333333333331
3,2013-10-25,2340,182033.70822269283,31159.324134270602,424.04633333649184,172.67605740324257,31.156967915980292,12.687439926762863,0.058628056318529111,0.28771703550485439,0,0.66666666666666663
3,2013-10-28,2341,183633.60393906303,27239.499285294398,426.47651908848479,160.92605740324257,31.60841349553343,11.927074849230502,0.55650950544408673,0.46693090137626631,1,0.66666666666666663
3,2013-10-29,2342,180090.67981577301,29039.935916730068,422.14319543862388,166.42605740324257,31.16022848781132,12.284632397360587,0.11655603656594267,0.30270905831021699,0,0.66666666666666663
3,2013-10-30,2343,198742.19992025089,19750.295886430649,444.6252070947757,135.67605740324257,33.581964282082758,10.247436359761522,0.29838839317216576,0.43113087431895797,0.33333333333333331,0.66666666666666663
3,2013-10-31,2344,232213.31936351754,15367.034406018778,479.6568713351291,118.42605740324257,36.706093080935837,9.0626407042848722,0.37673641043309586,0.080537436915727151,0.66666666666666663,0
3,2013-11-01,2345,227229.55612054933,15485.710463422023,474.30417450914456,118.92605740324257,36.282591280102849,9.0974226355511618,0.43073149791535764,0.5567220775405185,0.66666666666666663,0.66666666666666663
3,2013-11-05,2346,216221.47051958446,18418.535312398224,462.55417450914456,130.67605740324257,35.0685500006933,9.9072067781078506,0.31194087413953769,0.52920354898291555,0.66666666666666663,1
3,2013-11-06,2347,231733.91249218243,15485.710463422023,479.1568713351291,118.92605740324257,36.653805418636757,9.0974226355511618,0.42019379973395116,0.36398188375002966,0.66666666666666663,0.66666666666666663
3,2013-11-07,2348,248334.85021169714,10785.489466380972,496.05417450914456,97.176057403242567,38.588422754503661,7.5593976976462516,0.44255988739598173,0.47417899464020402,0.66666666666666663,0.66666666666666663
3,2013-11-08,2349,244280.34381862287,10211.433121961518,493.28077403109324,94.176057403242567,38.462438520942946,7.3431623706232019,0.32024858363825409,0.30457870228570622,0.66666666666666663,0.66666666666666663
3,2013-11-11,2350,233612.27561277663,9977.5554784534088,483.0211832693297,92.926057403242567,37.699214303947684,7.2527654558628347,0.051867199895832362,0.015544161905912452,0,0
3,2013-11-12,2351,241134.68465552203,8427.9119738966638,490.79978416193853,84.176057403242567,38.569727635515797,6.615014334243031,0.50657894708959172,0.34040393176337186,0.66666666666666663,0.66666666666666663
3,2013-11-13,2352,233650.15686593857,10882.915523784215,483.17753544086941,97.676057403242567,37.572125617485959,7.5953388338446786,0.12500619663513945,0.10965251188442704,0,0.33333333333333331
3,2013-11-14,2353,230172.61577263451,10400.785236768003,479.48752882643038,95.176057403242567,37.35781291986212,7.4153531284178085,0.162783534386887,0.24860332268024368,0,0.66666666666666663
3,2013-11-18,2354,243049.81035211743,8985.6188470177422,492.82627746428528,87.426057403242567,38.630317653481107,6.8529145524783504,0.31070930786727119,0.30519307619865926,0.33333333333333331,0.66666666666666663
3,2013-11-19,2355,244295.89145672016,6058.7041943961449,492.49247790754356,68.676057403242567,39.179990286996308,5.4634890535594716,0.66028921075103852,0.56689194428847811,1,0.66666666666666663
3,2013-11-20,2356,232890.35541760697,4012.7182426858981,480.96508605219765,51.687927436397707,38.787506939693358,4.1683812448707833,0.62969936718070163,0.35973085972354446,1,0.33333333333333331
3,2013-11-21,2357,184112.50719496422,4697.7314602264296,425.21926229559898,57.926057403242567,34.119900685705034,4.6480286782942883,0.29384646194335495,0.60383358411358501,0.33333333333333331,1
3,2013-11-22,2358,192746.28229981195,4331.774587105353,435.29669750209632,54.676057403242567,35.019846943048776,4.3987174097540276,0.59719340735786008,0.42873758271487272,0.66666666666666663,0.66666666666666663
3,2013-11-25,2359,179909.04061535941,4844.1091037345368,418.71362942676387,59.176057403242567,33.564218791724556,4.7435717357308675,0.26652932799909618,0.42194986054159761,0.66666666666666663,0.33333333333333331
3,2013-11-26,2360,181551.12464009869,4554.4788167183242,420.72212246330992,56.676057403242567,33.792941563318067,4.5522937673287203,0.28230198560720204,0.28529485036295626,0.33333333333333331,0.33333333333333331
3,2013-11-27,2361,176957.20730799588,5525.2957351702053,415.43360389871322,64.676057403242567,33.155116033416853,5.161696520609941,0.13076520311084411,0.48197677763828328,0.33333333333333331,0.66666666666666663
3,2013-11-29,2362,198545.8295906577,3037.7710372178044,440.51022612144237,48.187927436397707,35.828403913903401,3.9193108935663035,0.62977390254549259,0.57275502564886693,0.66666666666666663,0.66666666666666663
3,2013-12-02,2363,191405.2149932493,2179.0201308383612,426.74763389963954,44.104594103064379,35.058339198984555,3.6232979341190705,0.6455887450216079,0.53094640585488906,1,0.66666666666666663
3,2013-12-03,2364,184874.84761238648,2877.0668076048337,420.156737357949,47.521260769731043,34.228654774578331,3.8713858060880688,0.066721768708710286,0.4024740780329501,0,0.33333333333333331
3,2013-12-04,2365,193776.40736327539,2510.306233572408,428.04603887128604,45.854594103064379,35.013990909716647,3.75088704319545,0.22826356860417821,0.68732801235014362,0.33333333333333331,1
3,2013-12-05,2366,188610.32694744031,3338.2534390405017,421.13026868165156,49.354594103064379,34.154928522437267,4.0028056855688874,0.37784510030960955,0.089769873994029678,0.66666666666666663,0
3,2013-12-06,2367,180462.29738096389,3711.6618982664427,414.21335980457417,50.687927436397707,33.485316071509637,4.0976497523361131,0.25999614820674288,0.30817546822973402,0.33333333333333331,0.66666666666666663
3,2013-12-09,2368,150556.03818593905,7414.7737563561341,378.06958403325206,77.926057403242567,29.857420259289402,6.1540815323389984,0.47720748772610766,0.75813090727838173,0.66666666666666663,1
3,2013-12-10,2369,175328.37329640109,6587.8371249204647,413.91478391463966,72.426057403242567,32.830837510580182,5.7446803413240177,0.34465102365060063,0.29820631341170284,0.33333333333333331,0.33333333333333331
3,2013-12-11,2370,224422.94178659338,2705.8370492902422,467.91340604205152,46.771260769731043,38.189219019959317,3.8172830662910466,0.15453628010538806,0.26571276059812859,0.33333333333333331,0.33333333333333331
3,2013-12-12,2371,182810.75857817571,3249.901324234017,418.66971144732071,49.021260769731043,33.982931123970836,3.9789984391015456,0.40408310518281493,0.74497058358302126,0.66666666666666663,1
3,2013-12-13,2372,185692.09125709662,3497.6821399518508,424.72465812464287,49.937927436397707,34.397623658606427,4.044375576950614,0.43684368137469892,0.73077226439199816,1,1
3,2013-12-16,2373,187189.50839586181,3228.1257955323958,425.92625543212807,48.937927436397707,34.578953150568545,3.9730405874891588,0.54571407517831083,0.44523516553017334,0.66666666666666663,0.66666666666666663
3,2013-12-17,2374,184571.13319014662,3121.1231520242895,419.19157137676774,48.521260769731043,34.066767279704813,3.9432150158253592,0.29587928792186013,0.41706366479197321,0.66666666666666663,0.33333333333333331
3,2013-12-18,2375,215731.2469526277,1401.2251912005522,459.11669173504947,37.021260769731043,38.387683255438922,3.0954231412818598,0.36476014376116589,0.5378918124696872,0.66666666666666663,0.66666666666666663
3,2013-12-19,2376,202166.97047832879,1390.2736050956883,438.01057339443463,36.771260769731043,36.645937953937221,3.0764493427928081,0.15028769454330529,0.14880980881805769,0,0.33333333333333331
3,2013-12-20,2377,203300.95417553373,1409.1512486037948,438.19040462124468,37.187927436397707,36.622683211136206,3.1080591254824665,0.13580633219789559,0.40657516895072271,0,0.66666666666666663
3,2013-12-24,2378,179301.87601142997,2027.489315120527,408.71936345263993,43.187927436397707,33.653302877944824,3.5560253138244309,0.35323655702845053,0.73927150403230746,0.33333333333333331,1
3,2013-12-27,2379,209357.84427071767,1603.9681670556758,448.75354933260036,39.854594103064379,37.256417545255317,3.3088081447126925,0.33784335273852273,0.34058404073195919,0.66666666666666663,0.33333333333333331
3,2013-12-30,2380,166007.51750413835,4697.7314602264296,392.86143718119268,57.926057403242567,31.523485430787776,4.6480286782942883,0.26633281407356701,0.834283098673263,0.33333333333333331,1
3,2014-01-06,2381,204009.81267291901,2877.0668076048337,433.40500564844609,47.521260769731043,35.307943433681963,3.8713858060880688,0.40626883815741155,0.50538129837795542,0.66666666666666663,0.66666666666666663
3,2014-01-07,2382,207662.92016740717,2410.0280613626805,437.25437414914524,45.354594103064379,35.811169053984052,3.7145449715859442,0.53062573419183334,0.19589882035412631,0.66666666666666663,0.33333333333333331
3,2014-01-08,2383,206797.91481484342,2761.7886353951067,437.90007476687077,47.021260769731043,35.71778750137608,3.835339377628959,0.49748720614286718,0.39832144562827443,0.66666666666666663,0.33333333333333331
3,2014-01-09,2384,187871.15426947191,4470.0272306134602,414.00437414914524,55.926057403242567,33.273407606923463,4.4947604905157776,0.061499589387376458,0.46893888449467852,0,0.66666666666666663
3,2014-01-10,2385,198958.99026307269,3615.3097834599575,428.81595165041472,50.354594103064379,34.693847220907337,4.073996286655694,0.54992774987202575,0.25259621403447102,0.66666666666666663,0.33333333333333331
3,2014-01-15,2386,200238.88014944558,4169.9964148956251,427.1163824392342,53.176057403242567,34.403252713591151,4.2832104231367349,0.55017093372531001,0.49549354370281834,1,0.66666666666666663
3,2014-01-16,2387,195637.01549034295,5146.2393907507494,423.43716408765755,61.676057403242567,33.874973127012602,4.9340845922594054,0.25377718946749434,0.41977656712548156,0.33333333333333331,0.66666666666666663
3,2014-01-17,2388,215062.71510210788,3810.0140130729283,447.07645486012257,51.021260769731043,36.112799261722337,4.1212650056325559,0.56506350899523727,0.22057590705230193,0.66666666666666663,0.33333333333333331
3,2014-01-21,2389,194584.00523365429,4117.0703574923828,423.70142821946888,52.676057403242567,34.141936198184432,4.2446460437745825,0.42716463714319935,0.37181623518580592,0.66666666666666663,0.66666666666666663
3,2014-01-22,2390,192804.99440140193,6918.8168832350566,421.55642287025688,74.676057403242567,33.377388984185025,5.9125936186256967,0.11762060511734167,0.3386972260679077,0.33333333333333331,0.33333333333333331
3,2014-01-23,2391,192636.53874206298,7532.2253424609962,424.56918314461541,78.676057403242567,33.509801353166175,6.2096335756308259,0.16901304022273542,0.49031859894017971,0.33333333333333331,0.66666666666666663
3,2014-01-24,2392,199353.05071217031,6551.6865962188431,432.21956311801074,72.176057403242567,34.289532972472095,5.7259863072782684,0.26056420523100188,0.16013796882539275,0.33333333333333331,0.33333333333333331
3,2014-01-27,2393,227311.71186725629,5301.9920342588557,465.01371360808315,62.926057403242567,37.163933155491158,5.0290555367226828,0.65948215412547861,0.3240746955781218,0.66666666666666663,0.33333333333333331
3,2014-01-28,2394,217805.63926793312,7069.1689980415422,455.77416933408705,75.676057403242567,36.058083016937267,5.9870298578514687,0.038662368539484009,0.22842330410704625,0,0.33333333333333331
3,2014-01-29,2395,237866.17854929887,4277.3485297021107,477.27416933408705,54.176057403242567,38.412407994695137,4.3602460686714339,0.57411506371071719,0.36374342476330285,0.66666666666666663,0.66666666666666663
3,2014-01-30,2396,199013.31054197557,6372.8089527107368,432.18268658445891,70.926057403242567,34.320642174664194,5.6324047967633559,0.32768637785089444,0.4347329048802045,0.66666666666666663,0.66666666666666663
3,2014-02-07,2397,187381.96690762611,9205.7464905258475,417.88703265917337,88.676057403242567,32.724121586466204,6.9440922007237722,0.24106797096442853,0.25298296807847059,0.33333333333333331,0.33333333333333331
3,2014-02-10,2398,189660.09243055154,12936.436671849064,423.77416933408705,107.67605740324257,32.698624177012896,8.3083377625958761,0.10729217155379223,0.1814202649985602,0.33333333333333331,0.33333333333333331
3,2014-02-13,2399,183865.14656595103,18680.887427204707,416.24928995886148,131.67605740324257,31.534037118095565,9.9754588941850439,0.19328439597741623,0.3120926467672745,0.33333333333333331,0.66666666666666663
3,2014-02-14,2400,205139.87826073964,18878.964013309571,448.28970909544267,132.42605740324257,33.942056338856155,10.02658015546035,0.50870226019728448,0.41016742246915983,1,0.66666666666666663
3,2014-02-18,2401,221557.52800184142,17707.379496680391,468.24118308683893,127.92605740324257,35.573879056929833,9.7189787200944,0.33026886992417798,0.36739981758664547,0.33333333333333331,0.33333333333333331
3,2014-02-20,2402,215185.45252644666,19547.344300325785,461.4507967326042,134.92605740324257,34.872533287935326,10.196565834365583,0.20827119933589955,0.12578651101454008,0.33333333333333331,0.33333333333333331
3,2014-02-21,2403,199787.63767878583,22782.893620600367,445.14347927956118,146.42605740324257,33.350326224353715,10.970298363232258,0.17307726810750448,0.19722645949009535,0.33333333333333331,0.33333333333333331
3,2014-02-24,2404,180097.07373961285,24045.577608527925,423.82211257178056,150.67605740324257,31.652136861223344,11.25287956708309,0.28232505730583379,0.04026228395540881,0.33333333333333331,0
3,2014-02-25,2405,173277.17592480459,27320.024813996017,415.84500344256435,161.17605740324257,30.814746457396396,11.943390693089484,0.43468372812097938,0.29559034828461828,0.66666666666666663,0.33333333333333331
3,2014-03-03,2406,182631.15131795732,22782.893620600367,426.71189123623731,146.42605740324257,31.969424329367843,10.970298363232258,0.36273590663880739,0.51290256172383175,0.33333333333333331,0.66666666666666663
3,2014-03-04,2407,176303.23889415993,25577.338182560354,419.35573134720056,155.67605740324257,31.202063344285758,11.58303998536031,0.34760395048629517,0.58873718547577991,0.66666666666666663,0.66666666666666663
3,2014-03-10,2408,174393.11097899245,26282.942940874946,417.06985340672151,157.92605740324257,30.980119101706332,11.730812063379204,0.054157450289910224,0.10824587334324916,0,0
3,2014-03-11,2409,158335.5867148831,32911.084708303024,397.35573134720056,177.67605740324257,29.088999366559335,13.00703202073518,0.011607633182737602,0.30283477122734231,0,0.33333333333333331
3,2014-03-12,2410,162229.39499871639,33895.865524020861,402.57451545140276,180.42605740324257,29.411836745307966,13.181812413022287,0.019038829751954204,0.30749792141814453,0,0.33333333333333331
3,2014-03-13,2411,149409.78574654579,40023.774889626242,386.32451545140276,196.67605740324257,27.893466819595869,14.200437357634842,0.011936812973876066,0.041686774913210406,0,0
3,2014-03-14,2412,183333.55677054197,29373.788031536551,427.90691240312032,167.42605740324257,31.562375984002973,12.349331174865762,0.59542968303480914,0.36468443426779418,0.66666666666666663,0.33333333333333331
3,2014-03-18,2413,187933.29019897769,23745.225493721442,433.32451545140276,149.67605740324257,32.385987701898564,11.18655137542919,0.083545079735584116,0.38076246723747825,0,0.66666666666666663
3,2014-03-19,2414,189305.24813211898,20573.352230850105,434.46189123623731,138.67605740324257,32.740157591276365,10.450343436566884,0.8377270796054832,0.47921742626505343,1,0.66666666666666663
3,2014-03-20,2415,208297.37256901641,16330.442865244722,456.07780023257607,122.42605740324257,34.795178350759187,9.340153149207902,0.41763486208869521,0.10961392203228304,0.66666666666666663,0.33333333333333331
3,2014-03-24,2416,224330.24099804301,17011.348680962557,471.21381742751163,125.17605740324257,35.8746720538646,9.5299624973918977,0.33526287938467347,0.16892580445051966,0.66666666666666663,0.33333333333333331
3,2014-03-25,2417,233646.22469173477,14723.253590300947,481.02607276301978,115.67605740324257,36.888502512501518,8.870863297794676,0.14428317425179313,0.31112141827724904,0.33333333333333331,0.66666666666666663
3,2014-03-26,2418,240931.35841685839,12936.436671849064,488.49118308683893,107.67605740324257,37.692220917194362,8.3083377625958761,0.30720866636999072,0.25930277542668456,0.66666666666666663,0.33333333333333331
3,2014-03-27,2419,224572.39465515039,12668.80902834096,469.06384708542555,106.42605740324257,36.228140342570036,8.2198152078194688,0.46912590189840842,0.35076721406250227,1,0.66666666666666663
3,2014-03-28,2420,213178.7691755835,13207.189315357173,454.18812475526738,108.92605740324257,35.011611081539208,8.3966897208126863,0.39780686105925261,0.59418063882220362,0.66666666666666663,1
3,2014-04-04,2421,198634.83271124563,14207.773831986357,431.97525805080085,113.42605740324257,33.184194972214392,8.7133518266366483,0.43821814839995371,0.43813041636128691,1,0.33333333333333331
3,2014-04-09,2422,181714.78556293214,18812.813484607952,411.19108911877055,132.17605740324257,31.139044991955359,10.009546187295916,0.25145311709248758,0.324227475553788,0.33333333333333331,0.66666666666666663
3,2014-04-10,2423,207279.48935678162,18158.183197591741,450.67174852133917,129.67605740324257,34.193607626808735,9.8388510928105131,0.46248443888534269,0.1948256646072927,0.66666666666666663,0.33333333333333331
3,2014-04-11,2424,218863.43884025575,13371.140901462035,463.8757696262723,109.67605740324257,35.737732636846864,8.449619214425466,0.5576216480176085,0.50631526075467281,0.66666666666666663,0.66666666666666663
3,2014-04-15,2425,210413.25947046254,14151.123303284732,450.67454950400571,113.17605740324257,34.627318440569013,8.6958169345557099,0.51296990743362858,0.38085989003006621,1,0.66666666666666663
3,2014-04-16,2426,212672.88221798255,13591.49301626852,453.17454950400571,110.67605740324257,34.886416436028156,8.5200967977861861,0.47409221111257627,0.23309545096440995,0.66666666666666663,0.33333333333333331
3,2014-04-17,2427,224748.44859469336,11029.992109889077,466.57519955728912,98.426057403242567,36.259972765283784,7.6491981661738935,0.55428952877972415,0.47224878669342846,0.66666666666666663,0.66666666666666663
3,2014-04-22,2428,214199.20542151402,10736.963937679349,449.84583531885664,96.926057403242567,35.000648536771571,7.5414166429288132,0.54313074436312203,0.33730969566289287,0.66666666666666663,0.33333333333333331
3,2014-04-23,2429,198447.39173771942,14094.597774583113,432.65600958861779,112.92605740324257,33.249261063486479,8.6782753047640782,0.11701503942244433,0.35141985082633398,0.33333333333333331,0.33333333333333331
3,2014-04-25,2430,213026.26645217193,13591.49301626852,453.68774286923264,110.67605740324257,34.925923238586044,8.5200967977861861,0.69693913132138974,0.38184434097543329,1,0.66666666666666663
3,2014-04-28,2431,213146.35686309228,11377.545810800426,449.94881803558354,100.17605740324257,34.92035840400338,7.7746261081290307,0.55742004746498941,0.27873045215119946,1,0.33333333333333331
3,2014-04-30,2432,202897.07700052671,12936.436671849064,436.08133233481038,107.67605740324257,33.648250951760055,8.3083377625958761,0.12328029785270915,0.49233570128623,0.33333333333333331,0.66666666666666663
3,2014-05-07,2433,210386.83853388974,11079.267638590702,444.69108911877055,98.676057403242567,34.552532177060648,7.6671373273692751,0.31201588253362283,0.46292409216821279,0.33333333333333331,0.66666666666666663
3,2014-05-08,2434,198464.05686750295,11936.076626518261,425.15242660717405,102.92605740324257,32.92564775273371,7.9710402635618633,0.74149348833077056,0.50909964673167973,1,1
3,2014-05-09,2435,202027.95784063311,13044.362729252307,435.19108911877055,108.17605740324257,33.566609264849255,8.343698989837451,0.41762083873208206,0.45039479239873198,0.66666666666666663,0.66666666666666663
3,2014-05-13,2436,202168.87466635942,13591.49301626852,436.70127161498914,110.67605740324257,33.61826571324012,8.5200967977861861,0.510047354803009,0.34153402598000199,0.66666666666666663,0.66666666666666663
3,2014-05-15,2437,208775.64374058426,11987.602155219882,444.20127161498914,103.17605740324257,34.394213830041743,7.9888546189115424,0.7407921197181383,0.56895912175690377,1,0.66666666666666663
3,2014-05-16,2438,189438.8421954487,14264.549360687975,414.40242660717405,113.67605740324257,31.828143364606301,8.7308799848880607,0.033991606773322962,0.50697999987386644,0,0.66666666666666663
3,2014-05-19,2439,202899.34001887066,12829.010614445824,436.19108911877055,107.17605740324257,33.669709696547322,8.2729492399260955,0.52939695284174826,0.59082276898630204,1,1
3,2014-05-20,2440,201724.61866633606,11128.668167292321,428.8359317455259,98.926057403242567,33.314113944107667,7.6850695205471018,0.38113788320480962,0.46978297930807145,0.66666666666666663,0.66666666666666663
3,2014-05-21,2441,192268.54737207701,13481.066958865276,417.72614777578457,110.17605740324257,32.169899713190951,8.484871575143826,0.30838964693163334,0.41183363377353172,0.66666666666666663,0.66666666666666663
3,2014-05-22,2442,206404.86873182081,11987.602155219882,440.19108911877055,103.17605740324257,34.083708023133603,7.9888546189115424,0.085378134070236131,0.29504077779510857,0,0.66666666666666663
3,2014-05-23,2443,212104.42080562891,8941.9683183161196,440.90242660717405,87.176057403242567,34.567026782216708,6.8346575776748395,0.10172344530883463,0.48707034726464798,0,1
3,2014-05-27,2444,220992.41339455137,6993.7429406382989,451.13107415580498,75.176057403242567,35.704873300815592,5.9498264664220466,0.3905854454237801,0.42115147131414171,0.33333333333333331,0.66666666666666663
3,2014-05-28,2445,212460.02609724223,5787.9999647831746,441.34930059204561,66.676057403242567,35.167274947573354,5.3128332592225158,0.49653415346163238,0.044961439659806833,0.66666666666666663,0
3,2014-05-29,2446,197987.05096320863,5208.1654481539917,422.34654092361438,62.176057403242567,33.774213588453769,4.9720957539578228,0.49577473062043947,0.42118347488723512,0.66666666666666663,0.66666666666666663
3,2014-05-30,2447,202782.16867157663,4304.4990584037323,428.10648589572844,54.426057403242567,34.448319122569181,4.3794856087903895,0.11378550532476274,0.19986139777856773,0.33333333333333331,0.66666666666666663
3,2014-06-03,2448,202038.21791238329,4582.8793454199449,424.89019933932497,56.926057403242567,34.120875273184105,4.5714561255364439,0.20399327907111967,0.4074073413324939,0.33333333333333331,1
3,2014-06-04,2449,195929.87252196309,5460.869677766962,417.64019933932497,64.176057403242567,33.34452689335928,5.1238369184225601,0.30749957430836034,0.12814276401401745,0.33333333333333331,0.33333333333333331
3,2014-06-05,2450,198514.22193809482,4844.1091037345368,422.00046692005748,59.176057403242567,33.827692739082757,4.7435717357308675,0.32143809517193078,0.44853240182864629,0.33333333333333331,0.66666666666666663
3,2014-06-06,2451,183497.23834545087,5590.2217925734476,398.5331154450605,65.176057403242567,31.793627079781448,5.19952591968429,0.49622208451264554,0.36681572243797295,0.66666666666666663,0.33333333333333331
3,2014-06-09,2452,190110.58564812961,6408.3344814123584,411.51772943342348,71.176057403242567,32.673102773594557,5.6511359589712242,0.40263545349282381,0.34750823771046147,0.66666666666666663,0.66666666666666663
3,2014-06-10,2453,187072.53747376916,6770.464768428571,409.24688147085095,73.676057403242567,32.428437517500079,5.838039413886098,0.24689976636107003,0.2824935614143797,0.33333333333333331,0.33333333333333331
3,2014-06-11,2454,185338.04396503838,7337.0976989528908,407.09654092361438,77.426057403242567,32.162476075339868,6.117010262946283,0.25203825605147268,0.23095564364605903,0.33333333333333331,0.33333333333333331
3,2014-06-12,2455,194048.38237164184,8512.338031299907,417.11824351961633,84.676057403242567,32.766554871925869,6.6516934330905402,0.23090182852677796,0.10473315279421297,0.66666666666666663,0
3,2014-06-13,2456,205830.18689154522,9073.2949044209836,430.62105941553017,87.926057403242567,33.741121207876994,6.8894070443285074,0.22240495938116422,0.34610733001582555,0.33333333333333331,0.33333333333333331
3,2014-06-16,2457,217530.94754056385,7611.1513998642395,447.37752601277424,79.176057403242567,35.296057279114336,6.2466317477903415,0.31487783271213743,0.22293449973636015,0.33333333333333331,0.33333333333333331
3,2014-06-17,2458,215040.7638747117,7972.5061581788314,444.21352914947585,81.426057403242567,34.98432991923417,6.4127629378415092,0.29001846825541505,0.19474916572134904,0.66666666666666663,0.33333333333333331
3,2014-06-18,2459,195304.94054284543,12299.38032742961,421.75336663100916,104.67605740324257,32.618203142382761,8.0955960868710406,0.10055167046693998,0.49950118686737954,0.33333333333333331,0.66666666666666663
3,2014-06-19,2460,190009.06257574915,16761.996566156071,422.21404333990557,124.17605740324257,32.168689016373754,9.4610329450089576,0.27889970992818819,0.39240091788550596,0.33333333333333331,0.66666666666666663
3,2014-06-20,2461,205039.14189598363,17011.348680962557,449.24043926184498,125.17605740324257,34.201784488910924,9.5299624973918977,0.61824459246448216,0.49888472487504459,1,0.66666666666666663
3,2014-06-23,2462,186172.68494611103,18288.109254994983,429.50119510163262,130.17605740324257,32.574986355831065,9.8730418963399753,0.63962691931519788,0.63778344711864898,1,1
3,2014-06-24,2463,200715.0110768913,17835.555554083632,447.56951667548697,128.42605740324257,33.990470224073434,9.7532604824942144,0.15436368423169269,0.34975201683851392,0,0.66666666666666663
3,2014-06-25,2464,200165.01390358774,18028.757140188496,446.96217507717461,129.17605740324257,33.925022776256135,9.8046343380070269,0.52703323706457506,0.64005590639858267,0.66666666666666663,0.66666666666666663
3,2014-06-27,2465,202406.07477897359,17389.126853172282,449.46217507717461,126.67605740324257,34.179633085716695,9.6331602588017162,0.24561678671730838,0.29635045889864964,0.33333333333333331,0.66666666666666663
3,2014-06-30,2466,191325.77040204426,20712.278288253347,436.96217507717461,139.17605740324257,32.916171380578128,10.48407212077157,0.17596140603310537,0.26481358686060469,0,0.33333333333333331
3,2014-07-01,2467,190491.66882137689,20434.926173446864,435.88543778449827,138.17605740324257,32.859814382547931,10.416589325536567,0.19001422245863778,0.67131769943262187,0.33333333333333331,1
3,2014-07-02,2468,200915.25614512866,18028.757140188496,447.84500344256435,129.17605740324257,33.992030621826508,9.8046343380070269,0.50763096608236025,0.23838141747887018,0.66666666666666663,0.66666666666666663
3,2014-07-03,2469,203872.4852650254,16886.422623559312,451.06984563033961,124.67605740324257,34.354139042676287,9.4955108456391901,0.32511599131992591,0.61936695424054322,0.33333333333333331,0.66666666666666663
3,2014-07-07,2470,194951.08835241862,19479.943771624163,441.06984563033961,134.67605740324257,33.338612670471626,10.179596175604125,0.29403087492307989,0.53972314710988656,0.33333333333333331,1
3,2014-07-08,2471,196240.44610898176,19412.668242922544,442.59500344256435,134.42605740324257,33.460215720473585,10.16262010230524,0.13916589289953984,0.49784227818860288,0.33333333333333331,0.66666666666666663
3,2014-07-09,2472,181055.87098849201,24423.830252036034,425.09500344256435,151.92605740324257,31.717590258725192,11.33565061766406,0.38703176179822751,0.14646482626403584,1,0
3,2014-07-10,2473,209618.27447654717,15189.957819913916,457.35573134720056,117.67605740324257,35.019581267013827,9.0104178716112227,0.501295418486847,0.33069991783015179,1,0.33333333333333331
3,2014-07-14,2474,227712.39561759567,16147.366279139858,474.84345513429184,121.67605740324257,36.247591994984113,9.2882486567360747,0.30928932411882304,0.53701646524779501,0.66666666666666663,0.66666666666666663
3,2014-07-15,2475,236340.57781001294,14038.197245881491,483.84345513429184,112.67605740324257,37.19011953376571,8.6607269333775996,0.1325329937971664,0.26380025671166618,0.33333333333333331,0.33333333333333331
3,2014-07-16,2476,234623.2230367295,14378.475418091219,481.99118308683893,114.17605740324257,37.005081235074009,8.7659161154120966,0.32981887793330378,0.44049377687566471,0.33333333333333331,0.66666666666666663
3,2014-07-17,2477,217437.33816724445,15485.710463422023,461.8044640136136,118.92605740324257,35.326407650687592,9.0974226355511618,0.39214143565882509,0.41140646911110235,0.66666666666666663,0.66666666666666663
3,2014-07-18,2478,227014.99730671503,16208.266807841479,474.05856545811099,121.92605740324257,36.180772025041868,9.3055567565916864,0.53277573509265197,0.40284515097002394,1,0.66666666666666663
3,2014-07-22,2479,223855.93023338603,15664.662049526887,471.35858960338032,119.67605740324257,36.036589419218679,9.1495456730307776,0.22103370524291668,0.35010205275223055,0.33333333333333331,0.66666666666666663
3,2014-07-23,2480,230444.91224366598,12247.104798727989,475.63247515874986,104.42605740324257,36.792301307967499,8.0778230441494934,0.050707044266574353,0.12142242418233166,0,0
3,2014-07-24,2481,217347.24540177674,12668.80902834096,458.57519955728912,106.42605740324257,35.41804978237414,8.2198152078194688,0.047063772592846852,0.29898137399784858,0,0.66666666666666663
3,2014-07-25,2482,208500.09151040961,14839.179647704188,448.82519955728912,116.17605740324257,34.405917942298899,8.9057920585084371,0.15245739384550219,0.54563699872293747,0,1
3,2014-07-28,2483,238077.60715853423,10736.963937679349,483.60436615006711,96.926057403242567,37.62726054464634,7.5414166429288132,0.29216273633180534,0.5313284045021397,0.33333333333333331,0.66666666666666663
3,2014-07-31,2484,207441.58044399731,11936.076626518261,443.05611065379026,102.92605740324257,34.312186691484243,7.9710402635618633,0.20319238420093619,0.45714191177812263,0.33333333333333331,0.66666666666666663
3,2014-08-01,2485,208480.83851738865,11782.250040413397,443.22525805080085,102.17605740324257,34.345235029120559,7.917555784830884,0.45821307868231015,0.28989870176067739,0.66666666666666663,0.66666666666666663
3,2014-08-04,2486,196749.17127117209,15014.006233809052,430.45127161498914,116.92605740324257,32.978454059757837,8.9581350241901987,0.58625984478687732,0.7289495267706223,0.66666666666666663,1
3,2014-08-07,2487,203387.54248048342,16086.590750438236,442.93774286923264,121.42605740324257,33.818495351726106,9.2709339494745233,0.50636759679977206,0.71139587255854497,0.66666666666666663,1
3,2014-08-08,2488,208516.54017185536,17579.703439277146,451.86101364467635,127.42605740324257,34.34246731101473,9.6846709027735187,0.29977021508791435,0.37431051415298966,0.33333333333333331,0.66666666666666663
3,2014-08-12,2489,206389.11321376916,16638.070508752829,450.74043926184498,123.67605740324257,34.355216407152824,9.4265287654910495,0.045480465681074771,0.27962297994446411,0,0.33333333333333331
3,2014-08-13,2490,211496.40366504187,17011.348680962557,455.35709146671473,125.17605740324257,34.667460332448776,9.5299624973918977,0.22994210767506676,0.059011065712307291,0.66666666666666663,0
3,2014-08-14,2491,220602.31683088638,13044.362729252307,466.24043926184498,108.17605740324257,35.961468512290395,8.343698989837451,0.21695890699746004,0.32166909924474479,0.33333333333333331,0.33333333333333331
3,2014-08-19,2492,206848.37378907952,12722.084557042581,442.64445092006036,106.67605740324257,34.181038681085745,8.237533390211782,0.1906143019626764,0.20844860516532734,0.33333333333333331,0.33333333333333331
3,2014-08-20,2493,223396.76776889293,9250.1470192274701,461.19881803558354,88.926057403242567,36.108735019423257,6.9623063146011006,0.20016867103436689,0.38953394633855148,0.33333333333333331,0.66666666666666663
3,2014-08-22,2494,201297.07544398459,10882.915523784215,428.83098681458569,97.676057403242567,33.346110949812264,7.5953388338446786,0.25580061898375167,0.11254997486253916,0.33333333333333331,0
3,2014-08-26,2495,211453.53889921421,10258.583650663139,445.59726821669693,94.426057403242567,34.73765489898242,7.3612206122192605,0.35991765537009873,0.45259422136131416,0.33333333333333331,0.33333333333333331
3,2014-08-27,2496,196543.50761140246,12091.028212623125,423.56197960828013,103.67605740324257,32.783434954201248,8.0244626473097966,0.59455944521097004,0.55373669721493812,1,0.66666666666666663
3,2014-08-28,2497,227845.60259937533,7532.2253424609962,463.17724478158635,78.676057403242567,36.557004323724264,6.2096335756308259,0.14097503635441522,0.13321451738353599,0,0.33333333333333331
3,2014-09-02,2498,215204.10216897912,7298.4471702512701,441.37105941553017,77.176057403242567,34.877207381709212,6.0984636430851493,0.33902666866151976,0.25488224738038096,0.33333333333333331,0.33333333333333331
3,2014-09-03,2499,198994.54504147163,8260.5598590901791,426.55848665227876,83.176057403242567,33.547659194044734,6.5415695952215946,0.042766282421995934,0.44482362028027644,0,0.66666666666666663
3,2014-09-04,2500,199937.03778091646,7375.8732276545115,424.11824351961633,77.676057403242567,33.500651146889126,6.1355495579180541,0.73841736371229583,0.34010623632967801,1,0.33333333333333331
3,2014-09-05,2501,208736.52427306862,5888.5765508880386,434.36824351961633,67.426057403242567,34.590343899631002,5.3693854193304844,0.32746028127585353,0.20503131469554717,0.33333333333333331,0.33333333333333331
3,2014-09-09,2502,195873.63783810253,5270.5915055572341,419.7532271809286,62.676057403242567,33.553415442120588,5.010076531034577,0.71931292748971976,0.50724034616062907,1,0.66666666666666663
3,2014-09-10,2503,204486.84555480946,4143.4708861940044,429.99688147085095,52.926057403242567,34.642246241357583,4.2639321170789577,0.07110386636243296,0.44527192734759985,0,1
3,2014-09-11,2504,203973.71364690058,3206.4752668307742,423.16559494437723,48.854594103064379,34.361802269133349,3.9670803169358,0.23496154169881803,0.30794025264778374,0.33333333333333331,0.66666666666666663
3,2014-09-12,2505,195813.12754496187,3271.8018529356377,412.0197992645526,49.104594103064379,33.436380544901816,3.984953873245233,0.25903883634446373,0.42499732225622133,0.66666666666666663,0.66666666666666663
3,2014-09-16,2506,184894.0585755762,3615.3097834599575,402.18325946601118,50.354594103064379,32.539098662298642,4.073996286655694,0.51913178948466754,0.44647095048273039,0.66666666666666663,0.66666666666666663
3,2014-09-17,2507,210875.27290567089,2377.6020039594382,427.51912709428217,45.187927436397707,35.028195583308651,3.7024110967962067,0.12691800880085666,0.37597782093331977,0,0.33333333333333331
3,2014-09-18,2508,197616.97142337068,2329.9004178545742,416.67740005322349,44.937927436397707,34.16088543170514,3.6841916324162916,0.3490248707215971,0.54749070532388033,0.66666666666666663,0.66666666666666663
3,2014-09-19,2509,203889.41153880607,1976.137200314042,424.18810200122448,42.854594103064379,34.955756242375315,3.5314869471004844,0.55206501502734151,0.53239836259600493,1,0.66666666666666663
3,2014-09-22,2510,206279.72233070061,2179.0201308383612,423.86128992996368,44.104594103064379,34.821219135753843,3.6232979341190705,0.47311553172496112,0.31866289644920592,0.66666666666666663,0.33333333333333331
3,2014-09-24,2511,205010.05956314006,1988.787729015663,425.37050138763669,42.937927436397707,35.045973337807347,3.5376253294663407,0.30079546643007704,0.31404499241080419,0.33333333333333331,0.66666666666666663
3,2014-09-25,2512,209051.29391133657,1988.787729015663,426.83127500876668,42.937927436397707,35.166325438415384,3.5376253294663407,0.28848933243605124,0.14749023323660163,0.33333333333333331,0.33333333333333331
3,2014-09-26,2513,199632.4707143846,2314.2498891529526,416.57517487589809,44.854594103064379,34.159505934882993,3.6781134975862546,0.63982190504522307,0.31186577644974711,1,0.33333333333333331
3,2014-09-29,2514,201839.73304099496,2136.1935447334977,421.80763712610513,43.854594103064379,34.67387070498193,3.6049810195696157,0.34472903662272669,0.028566712198502025,0.66666666666666663,0
3,2014-09-30,2515,201651.70010700799,2164.61960213674,421.53436236063595,44.021260769731043,34.637170284357929,3.6171948044150408,0.36888023326861674,0.65255070550833405,0.66666666666666663,0.66666666666666663
3,2014-10-08,2516,201169.62337487351,2818.8652214999697,419.18042342584494,47.271260769731043,34.16999579587079,3.8533736107382146,0.39020093596157496,0.4398355798793121,0.66666666666666663,0.66666666666666663
3,2014-10-09,2517,183255.82996239242,3497.6821399518508,399.91797088946254,49.937927436397707,32.388578326743271,4.044375576950614,0.10888718494752792,0.60386648054457381,0.33333333333333331,0.66666666666666663
3,2014-10-14,2518,184475.96449722452,3785.2384843713066,400.4751747231694,50.937927436397707,32.355093898054484,4.1153647696544304,0.15222314037337006,0.18550315986546204,0.33333333333333331,0.33333333333333331
3,2014-10-16,2519,186895.38215987445,3451.5060825486084,405.23082572219363,49.771260769731043,32.832151162422008,4.032510493800368,0.64171982365362623,0.42574817976024742,0.66666666666666663,0.66666666666666663
3,2014-10-17,2520,180754.95157344147,4498.0527593150809,400.93408806589423,56.176057403242567,32.216479555314926,4.5139459544590252,0.45477185245819945,0.58934280776122361,0.66666666666666663,0.66666666666666663
3,2014-10-20,2521,194091.85948365761,5177.1399194523701,418.08500567032735,61.926057403242567,33.440112431139958,4.9530939734647124,0.37619318010054442,0.56443113616637841,0.66666666666666663,0.66666666666666663
3,2014-10-21,2522,199722.834020123,4414.351173210217,425.17865521743033,55.426057403242567,34.18521850994415,4.4563664243813115,0.081713218095494713,0.15269415998242256,0,0.33333333333333331
3,2014-10-22,2523,213311.03225439787,2976.5694511129404,440.30325488294693,47.937927436397707,35.833428678164552,3.9013572684759072,0.37825788248030306,0.19629205346190881,0.66666666666666663,0.33333333333333331
3,2014-10-27,2524,199816.23428973151,3017.2455085161832,418.96816578678562,48.104594103064379,34.083234963334199,3.9133287860943162,0.22724890692273989,0.39474962922640161,0.66666666666666663,0.66666666666666663
3,2014-10-28,2525,211317.49846176198,2579.6583483788932,430.88064845039298,46.187927436397707,35.217053408287121,3.7750655853206134,0.49633845320076198,0.34199858041392212,1,0.66666666666666663
3,2014-10-29,2526,228838.49131899432,1529.337880039463,450.20652541303235,39.021260769731043,37.454785808072579,3.246361128929371,0.32725118607906828,0.25156908317562815,0.33333333333333331,0.33333333333333331
3,2014-10-30,2527,248717.85741895609,1921.8580460946489,474.06706815352771,27.284994944904536,40.718665935454389,2.3435683869361852,0.59374356077956392,0.49219072188280016,0.66666666666666663,0.66666666666666663
3,2014-10-31,2528,260571.6673763351,3488.2109916503546,484.46734390116103,46.323942596757433,42.422709623569268,4.0563872676670263,0.57598746334923467,0.35916381720661056,1,0.33333333333333331
3,2014-11-05,2529,249129.07363576198,2486.362426731419,471.4563441034411,33.823942596757433,40.836409190423652,2.9297481677572481,0.066680134305254338,0.50292091366335567,0,0.66666666666666663
3,2014-11-07,2530,240077.57752244928,2035.2532877800577,459.49986645668287,28.034994944904536,39.543878352554465,2.4126501673756056,0.035946329227659696,0.30199010462192649,0,0.66666666666666663
3,2014-11-10,2531,246201.45441324799,2355.0666563443897,464.25475019695523,31.823942596757433,40.143082593770444,2.7517460092310793,0.61932409230795937,0.38384966637150875,0.66666666666666663,0.66666666666666663
3,2014-11-11,2532,238322.00607220674,1909.8835747962705,455.78591679064806,27.2016616115712,39.140052966135521,2.3359091122001892,0.41692850237043411,0.59799858497922609,0.66666666666666663,0.66666666666666663
3,2014-11-12,2533,240323.93564695655,2048.4777590784365,458.07087839396064,28.118328278237868,39.429384841313599,2.4203424384108341,0.34098216714992163,0.24208784773651618,0.66666666666666663,0.33333333333333331
3,2014-11-13,2534,228011.64521676861,1715.7180914254534,440.2492466915914,28.021260769731043,37.660329058305507,2.39702829510103,0.12704850361931963,0.32942949500821761,0.33333333333333331,0.33333333333333331
3,2014-11-14,2535,222372.30694187284,1376.2216413130027,438.06151374273281,32.521260769731043,37.045371141034487,2.7502123272499825,0.33027414424638618,0.62256229607077229,0.33333333333333331,1
3,2014-11-17,2536,220818.09599654842,1361.8933180794754,439.20039483819505,35.937927436397707,36.822502187230775,3.0130310154179596,0.39725802088187229,0.55059326557596133,0.66666666666666663,0.66666666666666663
3,2014-11-18,2537,217734.64832081585,1401.2251912005522,436.69366041344915,37.021260769731043,36.512847860656287,3.0954231412818598,0.25844445390688919,0.2887431999567302,0.33333333333333331,0.33333333333333331
3,2014-11-19,2538,219565.5054138561,1345.1125023616414,439.55688005757742,35.021260769731043,36.937552946014904,2.942963089893365,0.12705003984676777,0.060993627001021213,0,0
3,2014-11-20,2539,207140.85836046547,1580.2665809508119,425.30140776068151,39.604594103064379,35.331373438062847,3.2901012754362928,0.29794030011295519,0.60485878309841401,0.33333333333333331,0.66666666666666663
3,2014-11-21,2540,216251.06665305127,1456.2815356200074,436.94716008150272,38.021260769731043,36.442632200292138,3.1710809649483771,0.31644795489225241,0.32724539148930215,0.33333333333333331,0.33333333333333331
3,2014-11-25,2541,216234.01900493959,1426.5033634102799,434.68894784319997,37.521260769731043,36.299703368951981,3.1332994379733647,0.32881041599651434,0.1741318722694668,0.33333333333333331,0.33333333333333331
3,2014-11-26,2542,229274.90546631403,1373.3721700146243,449.43894784319997,32.604594103064379,37.99948829788206,2.7566767366784504,0.25895882639271695,0.38737123128930068,0.33333333333333331,0.66666666666666663
3,2014-11-28,2543,223148.18295215574,1374.520961587582,441.96979206083893,36.354594103064379,37.015895482482321,3.0447733754660278,0.70217639811090915,0.40421943490356083,1,0.66666666666666663
3,2014-12-01,2544,214655.81882302286,1612.118695757297,434.51079860148087,39.937927436397707,36.066470105954004,3.3150385919400467,0.58931734208722164,0.55125265642329013,0.66666666666666663,0.66666666666666663
3,2014-12-03,2545,209974.49462556359,1769.8026836848587,429.29755236373052,41.354594103064379,35.50848241221923,3.4205619605512303,0.13783407263076231,0.27914817831823407,0.33333333333333331,0.33333333333333331
3,2014-12-04,2546,220154.10397744831,1374.520961587582,440.47166548366249,36.354594103064379,36.890424244862857,3.0447733754660278,0.31435736332010594,0.21926870028738879,0.66666666666666663,0.33333333333333331
3,2014-12-05,2547,225591.67386745629,1364.1688467810966,446.92545480409444,36.021260769731043,37.462318089194845,3.0193848088626187,0.32292250764951785,0.41847970399646234,0.66666666666666663,0.66666666666666663
3,2014-12-08,2548,196311.33044383326,2838.1407502015913,412.80366302801394,47.354594103064379,33.643330320131533,3.8593801224991342,0.45595375351728201,0.66233359452726137,0.66666666666666663,0.66666666666666663
3,2014-12-09,2549,192446.78162059956,2996.8449798145616,410.38807848282244,48.021260769731043,33.392032423337866,3.9073442448926805,0.34927829043297809,0.43337507121225216,0.66666666666666663,0.66666666666666663
3,2014-12-10,2550,201840.38034848357,2122.168016031876,421.79684013031488,43.771260769731043,34.68011018543185,3.5988703613345159,0.6555751527847985,0.48036140803954447,1,1
3,2014-12-11,2551,203368.39103407683,2164.61960213674,423.28275081929922,44.021260769731043,34.780834085398453,3.6171948044150408,0.45735531509252497,0.58005992995190092,0.66666666666666663,0.66666666666666663
3,2014-12-12,2552,209404.82564806659,1780.2032123864801,430.33276695397961,41.437927436397707,35.586749386312142,3.4267461183707013,0.37836806919056692,0.13844385969922432,1,0.33333333333333331
3,2014-12-15,2553,218231.83527523823,1543.2639374427054,437.41044877872565,39.187927436397707,36.37508929552812,3.2588713044821378,0.36495064091442758,0.40960983357815611,0.33333333333333331,0.66666666666666663
3,2014-12-16,2554,223024.21254277028,1397.4496624989308,442.95957986226585,36.937927436397707,37.044497584132621,3.0891011864016478,0.27728856450707096,0.24024047636084203,0.33333333333333331,0.33333333333333331
3,2014-12-17,2555,221979.08177773588,1456.2815356200074,443.94174399540634,38.021260769731043,37.026000333228218,3.1710809649483771,0.21689175669959707,0.32677570894909458,0.33333333333333331,0.66666666666666663
3,2014-12-18,2556,230925.63445488954,1393.7991337973097,452.60958651351672,36.854594103064379,37.859438436931555,3.0827765874583335,0.32945784720372834,0.40418660048089466,0.33333333333333331,0.66666666666666663
3,2014-12-19,2557,226744.03744479548,1390.2736050956883,446.46468085752923,36.771260769731043,37.353246672874235,3.0764493427928081,0.25542162223589476,0.42658046638457403,0.33333333333333331,0.66666666666666663
3,2014-12-22,2558,246545.38438812166,1470.5350098773349,469.88206549097328,30.687927436397711,39.922010661934856,2.6073005468477239,0.10798129733072688,0.11077016637467942,0,0
3,2014-12-24,2559,225732.96469396909,1350.2779857324583,447.93819820858283,33.521260769731043,37.784748899922633,2.827605294789628,0.067005774489260761,0.30360236736380125,0,0.33333333333333331
3,2014-12-29,2560,209967.85166012318,1654.7463392654035,429.35418859109797,40.354594103064379,35.601508175049588,3.3461520815144592,0.13063669300740441,0.14350601581419417,0.33333333333333331,0.33333333333333331
3,2014-12-30,2561,216917.62129831841,1478.6336504264927,438.99600360311365,38.354594103064379,36.583000300259471,3.1962161752553651,0.29325825462609978,0.30047235459079763,0.66666666666666663,0.66666666666666663
3,2015-01-05,2562,207172.31578024893,1823.055327192965,425.53932597472163,41.771260769731043,35.161274610594639,3.451457200556169,0.2905099402012013,0.16920643207886388,0.33333333333333331,0.33333333333333331
3,2015-01-06,2563,318970.22981314868,1834.0808558945864,563.98995155044565,41.854594103064379,46.591487116930665,3.4576285917442688,0.29747072883435283,0.15958824955052459,0.33333333333333331,0.33333333333333331
3,2015-01-07,2564,310997.93670292431,2080.8414299270121,556.75064773664178,43.521260769731043,45.80424909392363,3.5805233047907072,0.27742404250921265,0.31153935481806705,0.33333333333333331,0.33333333333333331
3,2015-01-08,2565,319187.67318541778,2208.1961882416035,562.88062796088354,44.271260769731043,46.223003733186907,3.6354966758144975,0.67103614715858129,0.5309317432301367,1,0.66666666666666663
3,2015-01-09,2566,293186.68652136641,3206.4752668307742,540.50270924836229,48.854594103064379,43.889785566249465,3.9670803169358,0.25426204401494074,0.22308627027362959,0.33333333333333331,0.33333333333333331
3,2015-01-13,2567,287521.86534836487,3520.9576686534724,535.10886913739898,50.021260769731043,43.328653371449313,4.0503045157676958,0.39002819689342211,0.51477856276727507,0.66666666666666663,0.66666666666666663
3,2015-01-14,2568,280706.18505408894,6337.4084240091152,528.10806087474202,70.676057403242567,41.946629140170131,5.6136661956507199,0.47803055265205502,0.23975912233697072,1,0.33333333333333331
3,2015-01-15,2569,271877.53874672658,9294.6725479290908,520.00245247395992,89.176057403242567,40.704692952951859,6.9805132996667369,0.76105452445885036,0.31098759400303677,1,0.66666666666666663
3,2015-01-16,2570,254558.20188792809,11427.696339502048,502.81192249143754,100.42605740324257,39.015474102148403,7.7925165783311412,0.19139812220895946,0.35635678053004477,0.33333333333333331,0.66666666666666663
3,2015-01-20,2571,228630.15830168081,12404.306384832853,477.98541662542107,105.17605740324257,36.952873337875616,8.1311215619051076,0.32218317083677284,0.13079852099249681,0.33333333333333331,0.33333333333333331
3,2015-01-21,2572,226484.28642686643,12882.661143147445,475.73541662542107,107.42605740324257,36.715062058685781,8.2906469151643893,0.34527005910223957,0.2848703150437919,0.66666666666666663,0.33333333333333331
3,2015-01-22,2573,227436.7572601173,12668.80902834096,476.73541662542107,106.42605740324257,36.820653919708128,8.2198152078194688,0.021748303094921571,0.30892767646657099,0,0.33333333333333331
3,2015-01-23,2574,233435.01246793501,11377.545810800426,482.98541662542107,100.17605740324257,37.484316385364458,7.7746261081290307,0.089334608670549029,0.34348280143343418,0,0.33333333333333331
3,2015-01-27,2575,233918.24788456046,11277.619753397184,483.48541662542107,99.676057403242567,37.53768762619729,7.7388243325498891,0.24293841593792406,0.2977767686732824,0.33333333333333331,0.66666666666666663
3,2015-01-28,2576,252902.99892463919,7810.6540433723449,502.73541662542107,80.426057403242567,39.624466335008556,6.3389995982851284,0.022096622947177125,0.067170247609237538,0,0
3,2015-01-29,2577,267477.29333897366,6515.6610675172224,517.06674245171018,71.926057403242567,41.028902396485627,5.7072848564366252,0.31609221239884611,0.16871963026923775,0.66666666666666663,0.33333333333333331
3,2015-01-30,2578,263925.77164299105,8427.9119738966638,513.43712707233522,84.176057403242567,40.348693679554827,6.615014334243031,0.21927913071622096,0.3946158701635471,0.66666666666666663,0.66666666666666663
3,2015-02-02,2579,263356.75939935999,7107.069526743162,513.06674245171018,75.926057403242567,40.582696654278038,6.0056205183502129,0.25319324010659983,0.063919222069265258,0.33333333333333331,0
3,2015-03-03,2592,314854.1584662635,1467.2075930232502,561.09751652580712,38.187927436397707,46.777617050921812,3.1836538087868043,0.15089822968411504,0.15725436939038728,0.33333333333333331,0.33333333333333331
3,2015-03-04,2593,293893.99537875946,1529.337880039463,541.9528994151384,39.021260769731043,45.087595625219507,3.246361128929371,0.29633144157467756,0.37715916278798683,0.33333333333333331,0.66666666666666663
3,2015-03-05,2594,339267.00128132035,1735.2920340222111,582.23647858925358,27.854594103064375,49.827683233996886,2.3837906806216838,0.45241140652687423,0.23200507790360256,0.66666666666666663,0.66666666666666663
3,2015-03-09,2595,340088.08737838821,2035.2532877800577,583.03178007053282,28.034994944904536,50.174851985415899,2.4126501673756056,0.49112653863572203,0.46261526992493057,0.66666666666666663,0.66666666666666663
3,2015-03-10,2596,347870.05482499354,2811.0279101022365,589.4250735724446,38.323942596757433,51.254354223690832,3.3325167475441244,0.36476271277766265,0.47726314829180111,0.66666666666666663,0.66666666666666663
3,2015-03-11,2597,359372.57714030304,2643.6326684168275,598.78923774117732,36.073942596757433,51.966954891835748,3.130739214298758,0.46466196898829953,0.25707282119657016,0.66666666666666663,0.66666666666666663
3,2015-03-12,2598,359871.61651106877,2661.7321397152064,599.20883467499789,36.323942596757433,52.014655787760233,3.1531200170796381,0.16969525198242361,0.23810665348912607,0.33333333333333331,0.33333333333333331
3,2015-03-13,2599,358532.93013903918,2754.1044962070996,595.92602964926016,37.573942596757433,51.78588135122834,3.2651698976109,0.0713475218883,0.15316475675504235,0,0.33333333333333331
3,2015-03-16,2600,377716.20351190231,2754.1044962070996,612.8237750320211,37.573942596757433,53.254292855270137,3.2651698976109,0.19231078926543899,0.40767260302673153,0.33333333333333331,0.66666666666666663
3,2015-03-17,2601,369553.07206566673,3029.3720943844019,606.83575472655059,41.073942596757433,52.894814096888268,3.5802085505999077,0.14407536431869397,0.048776187666187985,0.33333333333333331,0
3,2015-03-18,2602,331411.83341159916,1840.6617470059982,573.77929503197322,27.021260769731043,49.209201975297873,2.3174323130129539,0.50900982372894377,0.32303904058882699,0.66666666666666663,0.33333333333333331
3,2015-03-19,2603,338419.58642750786,1369.592910196895,579.80961413679165,32.72126076973101,49.007659042920437,2.7657223201530736,0.5216832862234998,0.41604154043036012,1,0.66666666666666663
3,2015-03-20,2604,317117.0739915818,1346.6045718373223,562.22938985195981,33.771260769731043,47.395522853695248,2.8468923725800672,0.30241945000453485,0.23111533432160572,0.66666666666666663,0.33333333333333331
3,2015-03-23,2605,304080.45199692465,1352.3906745713691,551.23882499221224,35.521260769731043,46.264274023685459,2.9812220536912335,0.24742579915451449,0.38679247086953233,0.33333333333333331,0.66666666666666663
3,2015-03-24,2606,302054.08144892135,1395.2443452779569,549.4473414102157,36.887927436397682,45.955782988475711,3.0853067444293814,0.44623145863425923,0.40357750466802161,0.66666666666666663,0.66666666666666663
3,2015-03-25,2607,298896.06515531632,1562.1153120669235,546.59166161954818,39.404594103064404,45.430051250429962,3.2751189879120974,0.3482902553630351,0.28401147498865015,0.33333333333333331,0.33333333333333331
3,2015-03-26,2608,314726.43466947449,1397.4496624989308,560.60051792596562,36.937927436397707,46.882752910388092,3.0891011864016478,0.14416721437279192,0.26296069773438585,0.33333333333333331,0.33333333333333331
3,2015-03-27,2609,329460.35694871662,1350.2779857324583,573.97221445744219,33.521260769731043,48.416045082871541,2.827605294789628,0.096826812516296837,0.13987047719990039,0,0.33333333333333331
3,2015-03-30,2610,311832.75584329531,1344.0561579421858,558.1389108916386,34.021260769731043,47.02096974655759,2.8661550774836599,0.29318723290786947,0.42604298599788359,0.33333333333333331,0.66666666666666663
3,2015-03-31,2611,291584.54683774832,1856.506913297829,539.7472175747447,42.021260769731043,44.57037304498305,3.4699637299530175,0.30014829379236813,0.26466150828230567,0.33333333333333331,0.33333333333333331
3,2015-04-07,2612,302126.35968808038,1700.4989827735099,549.25561710171735,40.771260769731043,45.496427177611707,3.3772011405865432,0.13389904447282638,0.33868410435891666,0,0.33333333333333331
3,2015-04-08,2613,274563.27139640658,1384.2426534327694,509.68550682249065,36.62126076973103,42.658646369475278,3.0650536298737054,0.43790358340516705,0.41205492518885772,0.66666666666666663,0.33333333333333331
3,2015-04-09,2614,246984.80095522819,1704.2941942541549,484.55754466146823,40.804594103064346,40.133974792849486,3.3796822879085888,0.2874751968547295,0.12255398045952952,0.66666666666666663,0.33333333333333331
3,2015-04-10,2615,281385.44611523114,1454.1563241393608,520.87416933408701,37.98792743639774,43.446006283600546,3.1685651377427422,0.65435552235838434,0.64900764536757127,1,0.66666666666666663
3,2015-04-13,2616,276383.09442352055,1363.2436353004491,511.40922799110103,35.98792743639774,42.871089612800823,3.0168436110652812,0.34322531049219346,0.37379449529859282,0.66666666666666663,0.66666666666666663
3,2015-04-15,2617,250633.83832555221,1599.1378498347001,487.98013895080294,39.804594103064346,40.518133345854856,3.3050686347875904,0.33753400124193678,0.35808095351102115,0.33333333333333331,0.33333333333333331
3,2015-04-16,2618,276769.46850815794,1568.0857350282149,516.4241693340872,39.47126076973101,42.915541557658806,3.28011474381776,0.28328840628863866,0.26533034732620414,0.66666666666666663,0.66666666666666663
3,2015-04-17,2619,282403.96606478369,1409.1512486037948,521.32550939321243,37.187927436397707,43.570874165751142,3.1080591254824665,0.25700792956734775,0.33618966352237067,0.33333333333333331,0.33333333333333331
3,2015-04-20,2620,259965.52174275892,1390.968710836012,497.41956311801079,36.787927436397695,41.614620858195501,3.0777150034633731,0.40167248386451732,0.26588058623071725,0.66666666666666663,0.66666666666666663
3,2015-04-21,2621,274340.16386249638,1343.1609162567777,515.11224475136135,34.771260769731043,43.314042022397423,2.9237974159958835,0.3941634205774634,0.21777869791115401,0.66666666666666663,0.66666666666666663
3,2015-04-22,2622,268547.09641714895,1348.9285144340795,506.41690146880586,33.604594103064379,42.708572757225873,2.8340370316731498,0.17710210822471181,0.10451875125817382,0.33333333333333331,0
3,2015-04-23,2623,273108.05752252467,1370.6476987162453,510.31798386878791,32.687927436397707,43.137614866338787,2.7631384138966784,0.15823482120683796,0.05116700695016585,0.33333333333333331,0
3,2015-04-24,2624,256747.8851447973,1478.6336504264927,493.91924184537203,38.354594103064379,41.159936820447669,3.1962161752553651,0.35399943413264445,0.18467282952594175,0.33333333333333331,0.33333333333333331
3,2015-04-27,2625,258484.81456561221,1769.8026836848587,500.9068694093956,41.354594103064379,41.431502846103854,3.4205619605512303,0.25932517651632558,0.61492961867223839,0.66666666666666663,1
3,2015-04-28,2626,306677.89778730326,1407.4918829984115,546.23633512099457,31.771260769731043,46.281409457402638,2.69190940645889,0.359572363199895,0.29380453530225342,0.66666666666666663,0.66666666666666663
3,2015-04-30,2627,266507.14269975497,1344.0561579421858,504.1787875694929,34.021260769731043,42.475045288078597,2.8661550774836599,0.24307645456872254,0.16715951089434655,0.33333333333333331,0.33333333333333331
3,2015-05-07,2628,276467.95639761508,1347.7040431357009,516.57457638001028,33.687927436397707,43.556035107926668,2.8404660570318474,0.29912603274392408,0.22282647126241428,0.33333333333333331,0.33333333333333331
3,2015-06-02,2645,234430.16080546091,1345.1125023616414,416.15614599492096,35.021260769731043,34.971104705455538,2.942963089893365,0.42295835711614438,0.52418859260704698,1,1
3,2015-06-03,2646,223290.78674535258,1494.1828950708496,429.5145292379807,30.354594103064375,36.523344322957541,2.5811729679476514,0.19655417607195422,0.11172442116404314,0.33333333333333331,0.33333333333333331
3,2015-06-04,2647,231394.48217396453,1905.1287862769232,439.28685571966167,27.168328278237897,37.719977307200899,2.3328463230497936,0.20325317066108406,0.29948414444913174,0.33333333333333331,0.33333333333333331
3,2015-06-05,2648,243419.70884747102,1583.2961276900987,420.12130799367225,29.287927436397695,35.822076056759236,2.4972652998292713,0.49392129847142785,0.42060276756668324,0.66666666666666663,0.66666666666666663
3,2015-06-08,2649,239064.81324003614,1461.6358557999267,415.153147463903,30.821260769731072,35.260162006446656,2.617739151497458,0.27668950751701399,0.077661924011024772,0.66666666666666663,0
3,2015-06-09,2650,230469.5796017019,1342.3343301519137,406.42903033971106,34.521260769731043,34.196805245242835,2.9046075531957123,0.070997616552507192,0.29497345396027569,0,0.33333333333333331
3,2015-06-10,2651,248186.57333681034,1438.8131820870622,431.50245269288462,31.187927436397711,36.614548382934629,2.6464087769535607,0.30188808377495913,0.18392493233440868,0.66666666666666663,0.33333333333333331
3,2015-06-11,2652,237148.30944287917,1372.8172757549489,412.72635889235409,32.62126076973103,34.894010728132749,2.7579692906434752,0.29508546731658036,0.36431672949236765,0.33333333333333331,1
3,2015-06-12,2653,213329.72636164873,1390.244315025868,401.71229066445409,32.154594103064404,34.003071835487901,2.7217364231474863,0.28929249653975025,0.43220525478704719,0.33333333333333331,0.66666666666666663
3,2015-06-15,2654,215017.30365353482,1454.1115959821984,400.7078536408269,30.937927436397711,34.023167364960891,2.6268671141072137,0.29611333558672481,0.28517639124203392,0.66666666666666663,0.66666666666666663
3,2015-06-16,2655,214826.55462622675,1448.8871246838198,400.46660486954437,31.021260769731043,33.995467306412934,2.633383766530649,0.37668943443419867,0.27088927722200878,0.66666666666666663,0.33333333333333331
3,2015-06-17,2656,208391.28148224772,1525.2575628184877,390.94254227068171,38.97126076973101,32.528397243473123,3.242606046489247,0.54957775964082722,0.45880764210206876,0.66666666666666663,0.66666666666666663
3,2015-06-18,2657,209481.18284737354,1569.5908407685449,425.18745064206308,39.48792743639774,35.332179710990779,3.2813634233336995,0.28022872788918957,0.33626372306774338,0.33333333333333331,0.66666666666666663
3,2015-06-19,2658,223018.03672781188,1448.8871246838198,428.39194116884954,31.021260769731043,36.366039148459215,2.633383766530649,0.27671646063201971,0.49295610683220198,0.33333333333333331,0.66666666666666663
3,2015-06-23,2659,228835.69674012615,1554.7031367562579,412.87514176707708,29.604594103064375,35.175730927972488,2.5222231397711932,0.4185405430870443,0.31354731793248647,0.66666666666666663,0.66666666666666663
3,2015-06-24,2660,218447.05417831652,1587.9758104691216,400.8691875519628,29.23792743639774,34.184896392952957,2.4933208916895695,0.32690373427838665,0.28517984035107519,0.66666666666666663,0.66666666666666663
3,2015-06-25,2661,230192.36149661828,1659.9962636351813,410.39239638065811,28.521260769731043,35.061289737775148,2.4366732823349886,0.15802983208270779,0.091271121942884489,0.33333333333333331,0.33333333333333331
3,2015-06-26,2662,239322.27272151611,1494.1828950708496,412.07998062136289,30.354594103064375,35.040814678687319,2.5811729679476514,0.093473825429382429,0.17116237456310335,0,0.33333333333333331
3,2015-06-29,2663,246478.77387736653,1642.4223210384237,424.33121431701511,28.687927436397711,36.236653656448773,2.4498657076343049,0.55189260620510272,0.33319378258060522,1,0.66666666666666663
3,2015-06-30,2664,247223.95273044347,1755.3659766189685,425.53553504369825,27.687927436397711,36.432836904426225,2.3705417325682969,0.63347464782338936,0.44956688147021023,1,1
3,2015-07-01,2665,233628.86191334226,1874.7101609011343,416.69672485192103,26.9516616115712,35.760285333784253,2.3129510072148642,0.47849502031689756,0.46400180168096378,0.66666666666666663,0.66666666666666663
3,2015-07-02,2666,215824.86924708099,1840.6617470059982,403.37289458494251,27.021260769731043,34.594587871778948,2.3174323130129539,0.7301655538798103,0.6577910445725722,1,1
3,2015-07-06,2667,209941.83245233059,2371.0411276427681,401.12131915315717,32.073942596757433,34.691573548381164,2.7739626029628055,0.28465520557489138,0.14755337711855665,0.33333333333333331,0.33333333333333331
3,2015-07-07,2668,195651.46153072492,2231.7708859573595,386.14010916031611,29.823942596757433,33.33104092881451,2.5743584459868303,0.3342632987727337,0.25090496906286991,0.66666666666666663,0.33333333333333331
3,2015-07-08,2669,191639.27950254004,1921.8580460946489,382.89718080674169,27.284994944904536,32.887883255893634,2.3435683869361852,0.19067140138590952,0.33737244555593632,0.33333333333333331,0.33333333333333331
3,2015-07-09,2670,210822.47297544646,2184.6925778025502,419.57014475602722,29.023942596757479,36.191679871994069,2.5035747948552989,0.80504826288827813,0.75667490605157661,1,1
3,2015-07-10,2671,206133.78446284076,2520.4363693281766,416.06882035139461,34.323942596757433,36.054490498387743,2.9743451123706612,0.41883752479049585,0.23451953663909686,0.66666666666666663,0.33333333333333331
3,2015-07-13,2672,197738.04232829143,2298.5935596702202,392.63375370682957,30.923942596757342,33.923773432420042,2.6718457401725715,0.27835378251178716,0.42453796852595976,0.33333333333333331,0.66666666666666663
3,2015-07-14,2673,217298.38690417376,3017.0724116053675,407.79775565469777,40.923942596757342,35.541028033353477,3.5666674740070885,0.35968206371102024,0.46823704144855921,0.66666666666666663,0.66666666666666663
3,2015-07-15,2674,202366.64708133964,3271.6160671859111,393.04970680291768,43.923942596757342,34.345482943281866,3.8381634565499247,0.57638033833290903,0.61375905681326637,1,0.66666666666666663
3,2015-07-16,2675,210353.73548433301,4425.211535430697,403.20827972976059,55.523942596757479,35.593951247330565,4.9014779834708229,0.41157140302826017,0.32973188618261123,0.33333333333333331,0.33333333333333331
3,2015-07-17,2676,228097.4337246643,8185.5540126943115,424.86511554829787,82.723942596757524,38.428465588666597,7.482266877420181,0.32745162227691421,0.36258613193749129,0.66666666666666663,0.66666666666666663
3,2015-07-21,2677,224161.30109817031,11287.168060984068,415.5595024043684,99.723942596757524,38.173755502881534,9.1607516623881615,0.36985529131516426,0.30295106620490403,0.33333333333333331,0.33333333333333331
3,2015-07-22,2678,213415.45259301705,9609.4666712810995,383.18650550215438,90.923942596757342,34.917669537283977,8.2853966280988995,0.29465052972448103,0.22279948021683504,0.66666666666666663,0.33333333333333331
3,2015-07-23,2679,213385.6907919941,12903.701565493475,389.70400465808643,107.52394259675748,36.056995249637907,9.9485513135415875,0.3411269039316624,0.25970070402360335,0.33333333333333331,0.33333333333333331
3,2015-07-24,2680,184859.99753688145,9143.4221697779794,349.65518142997257,88.323942596757433,31.786834675452052,8.0294493269779483,0.26678662377241968,0.32715100521547741,0.33333333333333331,0.33333333333333331
3,2015-07-27,2681,212788.58076530835,9829.1241335133273,380.62546478852602,92.123942596757388,34.72226462219723,8.403935650132949,0.17920980805745068,0.013483492931311869,0.33333333333333331,0
3,2015-07-28,2682,213073.58642430554,10960.80155041475,378.83300982316115,98.073942596757433,34.747352425880415,8.9955462138736468,0.29141181012133804,0.033341701190176189,0.33333333333333331,0
3,2015-07-29,2683,199858.02779410387,11507.770734696916,365.87257162237296,100.82394259675743,33.643454861827401,9.2711671353340162,0.27003544385610884,0.10429294094546837,0.33333333333333331,0
3,2015-07-30,2684,187824.78918188086,9428.6187860875871,352.08439548401583,89.923942596757342,32.054296748362688,8.1868119625598457,0.29271617489671609,0.34530396107661865,0.66666666666666663,0.66666666666666663
3,2015-07-31,2685,191170.34350168554,10639.880039845433,367.75026270884291,96.423942596757342,33.679848219511207,8.8308400583164524,0.22855808658646234,0.057018865722716451,0.33333333333333331,0
3,2015-08-03,2686,186751.49201432141,10882.502396337324,362.52216201544758,97.673942596757342,33.239092469210796,8.955571686311588,0.34671443229962784,0.22852642086754449,0.66666666666666663,0.66666666666666663
3,2015-08-04,2687,165893.79638462738,11997.485659161372,346.92579418026912,103.22394259675752,31.971780866304414,9.5128506678423683,0.44584439285699223,0.35996061234631638,0.66666666666666663,0.66666666666666663
3,2015-08-05,2688,141180.87171811541,11059.125493011508,320.8570118879108,98.573942596757433,29.443176131031048,9.0455556409045599,0.15785424337985057,0.28889986580602178,0.33333333333333331,0.66666666666666663
3,2015-08-06,2689,138885.54651781134,10333.883423535826,317.21024533468125,94.823942596757433,29.008710135773317,8.671599688775256,0.34740935144147506,0.62393564216247466,0.66666666666666663,1
3,2015-08-07,2690,145922.3935484254,9682.3658253585236,323.84859559832449,91.323942596757433,29.521294038133501,8.3248808201237416,0.4182400760064347,0.42158455119509924,0.66666666666666663,1
3,2015-08-10,2691,167669.53824481717,7754.139616931483,342.71861715995573,80.073942596757433,30.924305631396859,7.2252598778937456,0.066561763320915179,0.26101550766532317,0,0.66666666666666663
3,2015-08-11,2692,203609.36856730774,6148.1123511011974,376.42228578824739,69.323942596757433,33.639167630763843,6.1951691328648275,0.25967712183682123,0.27153075004242244,0.33333333333333331,0.66666666666666663
3,2015-08-12,2693,233357.11506604485,6465.1325927866055,414.54779965205097,71.573942596757433,37.120913333516988,6.409128506537491,0.13697192043441347,0.24214376654722838,0.33333333333333331,0.33333333333333331
3,2015-08-13,2694,220012.40781301842,6252.6607649963335,406.59546674173049,70.073942596757433,36.359979140776261,6.2663932570317407,0.54524565010392045,0.57989786008967348,1,1
3,2015-08-14,2695,226477.09882818945,6175.8819281399074,414.33951782626224,69.523942596757479,37.034279390978035,6.2141528956701357,0.50370282563248658,0.72197662382002903,0.66666666666666663,1
3,2015-08-17,2696,219009.55006158157,5207.9024719675544,405.55467496732336,62.173942596757342,36.012491672274862,5.5209290588960025,0.53843191359593645,0.4196143287941671,0.66666666666666663,0.33333333333333331
3,2015-08-19,2697,216378.39088801117,2992.6080460473167,402.24233794756452,40.623942596757388,35.04768998410426,3.5395959394229668,0.2939859579995836,0.42140056870385773,0.33333333333333331,0.66666666666666663
3,2015-08-20,2698,210270.19710944538,2355.0666563443897,396.04465682119576,31.823942596757433,34.245106512857397,2.7517460092310793,0.28046966586962835,0.073027476824375451,0.33333333333333331,0
3,2015-08-21,2699,225100.38349658964,1818.5878044092408,428.34353417376491,27.187927436397711,36.720405844300466,2.3307267412256931,0.24200310625924515,0.32704725512695143,0.33333333333333331,0.66666666666666663
3,2015-08-24,2700,261431.46899397997,3925.3764750211717,481.4113732291467,50.823942596757433,42.321878965199716,4.468038909605049,0.4887776629973381,0.25140116713902255,0.66666666666666663,0.33333333333333331
3,2015-08-25,2701,226180.91242016852,5908.5410520125452,425.6188520853803,67.573942596757433,37.976252695550329,6.0293502205449414,0.11776884781127471,0.17595896339347128,0,0.33333333333333331
3,2015-08-26,2702,221618.94511952531,6148.1123511011974,419.047135176957,69.323942596757433,37.448358818316088,6.1951691328648275,0.30609958935028247,0.29574210582296573,0.66666666666666663,0.66666666666666663
3,2015-08-27,2703,209075.95996657794,4185.7461880049586,404.35880867534888,53.323942596757433,35.626326755537342,4.6981447221812722,0.25997614134763375,0.31831802270375797,0.33333333333333331,0.66666666666666663
3,2015-08-28,2704,223936.17242571161,3460.5066260923049,432.37762576200976,46.023942596757479,37.851494857919093,4.0290591435487597,0.090710424341418613,0.015166884007482733,0,0
3,2015-09-01,2705,236950.4859221809,3900.0270037227933,459.45943765426074,50.573942596757433,40.383163054648271,4.4450839461004117,0.28592687277300793,0.37054865748710797,0.66666666666666663,0.66666666666666663
3,2015-10-09,2720,188636.28138450053,1877.0200551608079,376.49160909394249,26.968328278237852,32.31132930775339,2.3144806280671002,0.1129010076704916,0.46890869003656416,0,0.66666666666666663
3,2015-10-13,2721,199753.9660537458,1550.3534539772281,385.27557003780475,29.654594103064408,32.82013544916984,2.5261601587072495,0.24550809546986896,0.25447255191170465,0.33333333333333331,0.33333333333333331
3,2015-10-14,2722,205271.20769581004,1358.900342224352,387.39431283955582,33.104594103064379,32.712207121769545,2.7954058773961896,0.29648357399429948,0.33013440453614118,0.33333333333333331,0.66666666666666663
3,2015-10-15,2723,215189.74606099699,1398.1631518823035,416.99424619926594,31.971260769731014,35.313058068278444,2.7074785764263893,0.46061649727671733,0.38287797802077433,0.66666666666666663,0.33333333333333331
3,2015-10-16,2724,230354.18798611462,1509.3316261869559,448.34696213884541,30.154594103064408,38.144203006537801,2.5654750810842613,0.26938355695659316,0.28459333022229738,0.33333333333333331,0.33333333333333331
3,2015-10-19,2725,220319.83754738656,1454.1115959821984,424.5467029771994,30.937927436397711,36.047268348732707,2.6268671141072137,0.37563429519103636,0.38831662616146012,0.66666666666666663,0.66666666666666663
3,2015-10-20,2726,237177.36473422995,1792.7590732931358,456.01822072448454,27.387927436397678,39.072763321436433,2.3466650189698983,0.33645831380610103,0.35199822149359267,0.66666666666666663,0.66666666666666663
3,2015-10-21,2727,239314.34033466503,2075.3017016751937,453.08961726080946,28.284994944904536,39.017405146248393,2.4357369166763863,0.29047412393240174,0.48189113425108027,0.66666666666666663,0.66666666666666663
3,2015-10-23,2728,230860.80025519783,1822.9625929285885,450.87855935549356,27.154594103064408,38.65556921772064,2.3280687674095,0.3360712154789034,0.30309909833531085,0.33333333333333331,0.33333333333333331
3,2015-10-26,2729,234084.11788709671,1854.1461125640506,456.3983501358432,26.92126076973106,39.152299059435812,2.3094501818419024,0.46253479059677288,0.51062847388954025,0.66666666666666663,1
3,2015-10-27,2730,225585.64261115986,1418.4105083741977,446.06804329688788,31.554594103064346,37.815195260841634,2.6750249324401794,0.31704135116405024,0.35610491192871513,0.33333333333333331,0.66666666666666663
3,2015-10-28,2731,258296.90165198539,2920.2949493731635,481.1814217566278,39.723942596757524,41.892862768294258,3.4584661846384752,0.34632010847080802,0.036026616783712995,0.66666666666666663,0
3,2015-10-29,2732,259385.05710886547,3455.9067318326329,479.80733262082464,45.973942596757524,42.001779894150189,4.0245058516879695,0.19512603220142713,0.047339866057818952,0.33333333333333331,0
3,2015-10-30,2733,257999.14743562645,4293.394073198474,480.36552652763413,54.323942596757433,42.360275707904243,4.7904711284618555,0.22969649346486265,0.057316939692767001,0.33333333333333331,0
3,2015-11-02,2734,259688.74566757423,6762.7882574333044,485.95102476162356,73.623942596757388,43.594781085639511,6.6048212610350214,0.41128511514071198,0.25343035093086613,0.33333333333333331,0.33333333333333331
3,2015-11-04,2735,267795.19195345539,8070.2304930588425,492.86762801993996,82.023942596757479,44.550992318533851,7.4142585733306952,0.059558240280208889,0.027270148659925234,0,0
3,2015-11-05,2736,258926.35067814589,11227.423695425976,475.01923884020152,99.423942596757342,43.623770671338178,9.1306770683035481,0.40951633188077213,0.33307481029634572,0.33333333333333331,0.66666666666666663
3,2015-11-06,2737,248693.26755165565,11088.720175790551,449.44587079378408,98.723942596757524,41.24870326668357,9.0605674189388328,0.30909061596215237,0.14788372444828488,0.66666666666666663,0.33333333333333331
3,2015-11-09,2738,254380.66594347419,11588.589888774339,454.88448544424608,101.22394259675752,41.84384927276664,9.3113736175841719,0.40161021035775524,0.5355598925842876,0.66666666666666663,0.66666666666666663
3,2015-11-10,2739,253464.1733560109,12753.658045858005,448.89487759819531,106.82394259675743,41.506692334553428,9.8773872026590315,0.44424856361158316,0.46805543276840123,0.66666666666666663,0.66666666666666663
3,2015-11-13,2740,206959.56314651459,12069.864918979081,405.98202759209238,103.57394259675743,37.426321972075812,9.5481855355388277,0.39839771213551023,0.59642375128865643,0.66666666666666663,0.66666666666666663
3,2015-11-16,2741,202891.19556408303,13250.338181803081,404.49767685679757,109.12394259675739,37.481252488583912,10.111558802516436,0.68968544439599888,0.19334325324505644,1,0.66666666666666663
3,2015-11-17,2742,186068.92159302987,15880.378967268834,393.48412179878369,120.57394259675743,36.851708901782594,11.292338337322166,0.4293504117784101,0.14311633639608259,0.66666666666666663,0.33333333333333331
3,2015-11-18,2743,146817.81300158857,12519.855372145155,348.26576358893686,105.72394259675752,32.169385145846746,9.7657438201327853,0.37022322077559727,0.22775349932010916,0.33333333333333331,0.33333333333333331
3,2015-11-19,2744,153121.89599969678,12700.308574559627,359.10667939041872,106.57394259675743,33.196827306717701,9.8519937690554595,0.42188723947190382,0.34089271435093621,0.66666666666666663,0.66666666666666663
3,2015-11-20,2745,154407.36601566072,13869.272260344909,360.69818885576541,111.92394259675734,33.509679380877493,10.397987978145425,0.42118514432974657,0.62516518185765291,0.66666666666666663,0.66666666666666663
3,2015-11-24,2746,163744.00368971395,17325.316595650875,373.82290644381766,126.42394259675734,35.203211831982067,11.905447085107573,0.38866903088141491,0.33869019972671804,0.33333333333333331,0.33333333333333331
3,2015-11-30,2747,148470.32592601786,16452.598997473571,357.65941141307502,122.92394259675734,33.570434711195325,11.537820780622988,0.27675314939541862,0.40943941110256737,0.33333333333333331,0.66666666666666663
3,2015-12-01,2748,157712.84309919315,19011.077849408721,366.70528786111413,132.92394259675734,34.745621362622138,12.59465061557299,0.53677133113092557,0.26251010397598273,0.66666666666666663,0.33333333333333331
3,2015-12-02,2749,159241.94813364741,18997.787955149055,367.05001011202711,132.87394259675739,34.77663651636999,12.58931665135794,0.25556560002172474,0.45665126599271022,0.33333333333333331,0.66666666666666663
3,2015-12-03,2750,141422.35919357423,13239.428287543413,342.26443625222277,109.07394259675743,31.713174542712324,10.106457502595083,0.57070174182775146,0.6075553947474962,0.66666666666666663,0.66666666666666663
3,2015-12-04,2751,157895.97841590727,14003.94099146105,365.22808164289927,112.52394259675748,33.949440569148472,10.459559639036762,0.19179366260181197,0.12848376021467625,0.33333333333333331,0
3,2015-12-07,2752,160694.17302569735,14850.308166677067,369.8703002690948,116.22394259675752,34.499608270599275,10.84077442372517,0.095468310230938991,0.051048199443138771,0.33333333333333331,0
3,2015-12-08,2753,152207.72744403049,12860.731988454761,359.57830900711156,107.32394259675743,33.263488344783674,9.9282093058980045,0.14950093108715043,0.2066292143303993,0,0.66666666666666663
3,2015-12-09,2754,195726.40965173661,15107.210840389911,407.15920925834513,117.32394259675743,38.016732890601787,10.95461648895961,0.35389398347473255,0.12494434167137068,0.66666666666666663,0.33333333333333331
3,2015-12-10,2755,170553.09996069176,14757.489012599637,380.60844439035145,115.82394259675743,35.487966842923214,10.79943520715687,0.37486761898932591,0.40995226407013124,0.66666666666666663,0.33333333333333331
3,2015-12-11,2756,160321.32412912711,15760.055024672076,372.54254878075261,120.07394259675743,34.874097709408154,11.240247376246893,0.022404405821098632,0.0072961528260432548,0,0
3,2015-12-14,2757,168330.61922826603,17426.615749728302,381.86683133256571,126.82394259675743,35.97426578733544,11.947615882878702,0.099198323094313812,0.083758615051302346,0,0
3,2015-12-15,2758,150965.52545665091,14128.01982831747,360.67841619868256,113.07394259675743,33.543679720872596,10.516060692560561,0.24440698548126705,0.53113525667184402,0.33333333333333331,0.66666666666666663
3,2015-12-16,2759,206095.36824846524,20642.165160569806,421.02927194082577,138.92394259675734,40.120952157501968,13.238416485301824,0.26266701053413749,0.30631548902370692,0.33333333333333331,0.33333333333333331
3,2015-12-17,2760,157485.56324021748,17173.967864534789,368.56036860749481,125.82394259675743,34.688034692470097,11.842253420871288,0.47578656413678111,0.52244973916899973,0.66666666666666663,0.66666666666666663
3,2015-12-18,2761,146142.95348232647,13348.752230140171,351.65018809614588,109.57394259675743,32.597931689098111,10.157491781854686,0.85560945606898098,0.81060589340501599,1,1
3,2015-12-21,2762,193398.58785173661,14207.294088135182,399.90305335190357,113.42394259675734,37.203744846209283,10.552046013280986,0.031445993628279906,0.017361046033811906,0,0
3,2015-12-22,2763,238987.88974971292,15319.203937064094,444.29028791073546,118.22394259675752,41.51857657328619,11.04793408062401,0.12699622082017081,0.32977844698292574,0,0.33333333333333331
3,2015-12-29,2764,244594.32904961923,17809.337577518574,450.89106182343772,128.32394259675743,42.536892624852619,12.106032320448813,0.042916945418786122,0.14037840913776356,0,0.33333333333333331
3,2015-12-30,2765,157330.40574914266,12593.984631962869,363.53843959001614,106.07394259675743,33.590985409102899,9.8012420971824827,0.52709166991977796,0.67025759564041998,1,1
3,2016-01-04,2766,254416.12225033846,13735.323529228821,458.04006290198828,111.32394259675743,42.529253751345244,10.336484920775991,0.11297384357844409,0.19411190092752742,0,0.33333333333333331
3,2016-01-05,2767,240234.54588207672,10736.55398244219,442.81203352481521,96.923942596757342,40.572845292726335,8.8806984237454056,0.33143824679859735,0.396748146113096,0.33333333333333331,0.33333333333333331
3,2016-01-06,2768,257928.54925303231,8062.0305987991751,482.72860774902273,81.973942596757524,43.632540131877136,7.4094041304069718,0.31395445786064441,0.5823762735920347,0.33333333333333331,0.66666666666666663
3,2016-01-07,2769,273642.01175120636,8820.0460821699926,499.80091180049629,86.473942596757524,45.360158987203,7.848068484526709,0.22078006482063503,0.46317068457339045,0.33333333333333331,0.66666666666666663
3,2016-01-08,2770,290609.35338558914,11935.641293603278,516.45528465693462,102.92394259675734,47.582023646299469,9.4825817760049134,0.33222898986263583,0.33400064823783943,0.66666666666666663,0.33333333333333331
3,2016-01-12,2771,270539.95121280273,11377.122109321112,498.56907280195719,100.17394259675734,45.818046482742005,9.2058946465797309,0.23112067910080844,0.33501744607869272,0.66666666666666663,0.33333333333333331
3,2016-01-13,2772,282505.54689249047,11327.097638022731,511.21814799996719,99.923942596757342,46.969693862547508,9.1808106024216585,0.45460248224108418,0.6242018367683867,0.66666666666666663,0.66666666666666663
3,2016-01-14,2773,271389.88545527559,10286.533952237447,502.65904385316918,94.573942596757433,45.957398295146895,8.6467604659892512,0.49845415714146984,0.73065010185266377,1,1
3,2016-01-15,2774,277462.83133604657,11761.393091188807,507.58682393759568,102.07394259675743,46.728361237062892,9.3969107108637449,0.13617508900562897,0.36493077862120687,0.33333333333333331,0.66666666666666663
3,2016-01-19,2775,269115.2036395669,8837.3508706893281,498.00524209502447,86.573942596757433,45.201292679375946,7.8578572813031471,0.64825783200635734,0.46287298517740499,1,0.66666666666666663
3,2016-01-20,2776,281755.44288989314,9773.9397679552803,509.85276086807426,91.823942596757433,46.498199805569925,8.3742765706117126,0.076220012289396177,0.023125974519785663,0,0
3,2016-01-21,2777,281388.0077952969,9819.9142392536596,509.52084223364682,92.073942596757433,46.478526087447825,8.3989913429197198,0.15651709871326069,0.26381848707033889,0.33333333333333331,0.33333333333333331
3,2016-01-22,2778,268383.11442448065,8021.106127500796,497.74462745431885,81.723942596757524,44.979633784051963,7.3851384960019457,0.42830270034108459,0.37837636883672426,0.66666666666666663,0.66666666666666663
3,2016-01-25,2779,260819.58702974414,6536.9565353833632,488.67083352510764,72.073942596757433,43.777902219494528,6.4567921699222781,0.55204155106929964,0.73739581557898515,1,1
3,2016-01-27,2780,287014.77118212363,6866.3517770687713,513.95078639902999,74.323942596757433,46.135618168674142,6.6718081325635028,0.073456669399383737,0.21056924535061441,0,0.33333333333333331
3,2016-01-28,2781,299987.13923519233,7198.2171244945102,524.64347745037333,76.523942596757479,47.188656003811239,6.8828874434932068,0.18306444220572771,0.10334192960588928,0.33333333333333331,0
3,2016-01-29,2782,287261.06308810908,5164.5032121498352,511.24520006478309,61.823942596757433,45.383506441614117,5.4881440387711882,0.51869185435961818,0.41759971964319553,1,0.66666666666666663
3,2016-02-01,2783,285322.79787352955,4921.2074417628055,509.42648661050629,59.823942596757433,45.141912858706803,5.3011911915602505,0.38869919643602585,0.25006448823464184,0.66666666666666663,0.33333333333333331
3,2016-02-02,2784,277243.62840035843,4514.6898435855037,502.81169396388123,56.323942596757433,44.417994166420605,4.9756133036004799,0.45584096645671118,0.51044674618202357,0.66666666666666663,0.66666666666666663
3,2016-02-03,2785,252059.92544759685,2364.6363391234222,477.09076055263654,31.973942596757524,41.258335326902454,2.765074812708741,0.44528026538932225,0.4395331856022045,0.66666666666666663,0.33333333333333331
3,2016-02-04,2786,284979.08719505859,2784.3236502845125,504.57962666560633,37.973942596757524,43.863139624080183,3.3010772892387124,0.1189266931060029,0.3271215897118907,0,0.66666666666666663
3,2016-02-05,2787,224232.05545740225,1790.7287410881015,440.92890215698617,41.521260769731043,36.455469380486662,3.432927719696655,0.3227418756285374,0.32517427386756809,0.33333333333333331,0.33333333333333331
3,2016-02-16,2788,246913.88785317962,1812.1547984913441,473.39005111446187,41.687927436397707,39.123144720203463,3.445283259206422,0.35371648828230712,0.15991724371836105,0.33333333333333331,0.33333333333333331
3,2016-02-17,2789,273967.30858322739,1816.5000099719884,506.17268697397321,41.72126076973101,41.828996527061669,3.4477531418668712,0.26569786197890649,0.19588973407958396,0.33333333333333331,0.33333333333333331
3,2016-02-18,2790,272467.56581644202,1856.506913297829,504.35869011067479,42.021260769731043,41.64811644183937,3.4699637299530175,0.36334024072640342,0.24641112219053185,0.33333333333333331,0.33333333333333331
3,2016-02-22,2791,262675.81447388069,2433.0238015449445,494.87614777578466,45.47126076973101,40.518782312669153,3.7230327727294408,0.26541478203743779,0.54995229915655364,0.33333333333333331,1
3,2016-02-23,2792,243721.84860501354,5239.3159768556134,480.75847149004261,62.426057403242567,38.437615150113338,4.9910899382964278,0.69163808593985177,0.81045671444586664,1,1
3,2016-02-24,2793,264624.52386468049,3615.3097834599575,512.85232143060023,50.354594103064379,41.492906264611669,4.073996286655694,0.39469048894039371,0.32844765396238979,0.66666666666666663,0.33333333333333331
3,2016-02-25,2794,259648.85296584133,2799.7146927983486,505.62384518338746,47.187927436397707,41.224936419354869,3.8473646503381738,0.27891627645353689,0.36025672853616836,0.66666666666666663,0.33333333333333331
3,2016-02-26,2795,259967.83975591595,3511.6324571728323,505.17335162803579,49.98792743639774,40.908037219858755,4.0479332283098008,0.53153283920997063,0.32540153681021594,0.66666666666666663,0.33333333333333331
3,2016-02-29,2796,246679.44500707532,3663.2358408632003,488.50267307837117,50.521260769731043,39.506888239253634,4.085827801838338,0.45891116321080566,0.4446236787510876,1,0.66666666666666663
3,2016-03-01,2797,255520.76818176525,3930.6765508407148,500.7246177299823,51.421260769731056,40.407086647028905,4.1495529994941132,0.2976830915659549,0.47119274504116709,0.66666666666666663,0.66666666666666663
3,2016-03-02,2798,236310.48147149966,5177.1399194523701,482.01938803062109,61.926057403242567,38.553840274394808,4.9530939734647124,0.16906915016973245,0.14151251695797593,0.33333333333333331,0.33333333333333331
3,2016-03-03,2799,223312.66869544715,9294.6725479290908,470.79046846422193,89.176057403242567,36.85248285434222,6.9805132996667369,0.24424920548902684,0.56451423878261198,0.33333333333333331,1
3,2016-03-04,2800,247352.13654607921,7532.2253424609962,496.92728540099375,78.676057403242567,39.220780221072914,6.2096335756308259,0.51442568712609305,0.40155031638899397,0.66666666666666663,0.66666666666666663
3,2016-03-08,2801,248693.41632372918,4715.1317774474137,496.32933750935439,58.076057403242658,39.821031571674773,4.6595039636747959,0.13432054181960015,0.068572599701277367,0.33333333333333331,0
3,2016-03-09,2802,237473.79278775232,7453.7992850577539,480.82082588186609,78.176057403242567,37.964534218860329,6.1726061905442222,0.50350433769416636,0.37894697012426709,0.66666666666666663,0.33333333333333331
3,2016-03-10,2803,243632.1112523723,7183.2455841464043,491.26563728913857,76.426057403242567,38.842904707581624,6.0427797907288054,0.23710430950521585,0.26422485006494972,0.33333333333333331,0.33333333333333331
3,2016-03-11,2804,265392.23261977633,4304.4990584037323,512.88912726813589,54.426057403242567,41.2704990760922,4.3794856087903895,0.29852546419411424,0.18647857413985733,0.33333333333333331,0.33333333333333331
3,2016-03-14,2805,267182.82330111327,3249.901324234017,506.44881803558354,49.021260769731043,41.107858606784383,3.9789984391015456,0.15711276134975172,0.04477015967602551,0.33333333333333331,0
3,2016-03-15,2806,268477.27023020427,2956.4189224113193,506.59583531885664,47.854594103064379,41.236942231897167,3.895367855357295,0.2004945093609396,0.31040461878797643,0.33333333333333331,0.66666666666666663
3,2016-03-16,2807,231802.81795668419,7453.7992850577539,470.5536570743846,78.176057403242567,37.153861592924166,6.1726061905442222,0.2383640903283871,0.37233611999443134,0.66666666666666663,0.33333333333333331
3,2016-03-17,2808,271239.49913428375,5409.6888318443562,516.7543661500672,63.776057403242476,41.271013988504684,5.0935274661163232,0.1396100755079398,0.45013888934413648,0.33333333333333331,0.66666666666666663
3,2016-03-18,2809,242610.39636965047,5460.869677766962,480.81888237870663,64.176057403242567,38.388733124048436,5.1238369184225601,0.58720977823193599,0.77149581655023525,1,1
3,2016-03-22,2810,281088.22272223257,2199.3908710206256,519.42483243433196,44.22126076973101,42.659726711098223,3.6318381052670019,0.12846499338765982,0.2923407314324295,0,0.33333333333333331
3,2016-03-23,2811,243575.51134017552,2761.7886353951067,478.2316078075246,47.021260769731043,39.007472088705107,3.835339377628959,0.3877236734560372,0.47158717685547663,0.66666666666666663,0.66666666666666663
3,2016-03-29,2812,233876.82588012129,3639.2103121615787,467.9816078075246,50.437927436397707,37.85493288635184,4.0799132405579543,0.44849083919393884,0.71634202203100283,0.66666666666666663,1
3,2016-03-30,2813,233326.65462058832,3711.6618982664427,467.48550682249061,50.687927436397707,37.791876056789867,4.0976497523361131,0.4413029477628938,0.73690481889028625,0.66666666666666663,1
3,2016-03-31,2814,246312.2604115796,3184.949738129153,485.01371360808315,48.771260769731043,39.391976739742795,3.9611176259680039,0.32294944977744461,0.18663358466088584,0.33333333333333331,0.33333333333333331
3,2016-04-05,2815,234333.03438335276,2436.3289072852804,471.00775913437928,45.48792743639774,38.562940816634949,3.7242449186505433,0.20480080838337436,0.26579469317294108,0.33333333333333331,0.33333333333333331
3,2016-04-06,2816,214180.27187584402,4234.1676837795067,449.23533122628709,53.776057403242476,36.167404494508254,4.3294466953741635,0.46433792472110175,0.55165953377467758,0.66666666666666663,0.66666666666666663
3,2016-04-07,2817,225124.28715094327,5754.7244360815539,463.17169646973935,66.426057403242567,36.91346455228048,5.2939675156997454,0.19474856801752152,0.35881951959963881,0.33333333333333331,0.33333333333333331
3,2016-04-11,2818,238594.08937793583,5734.8191188605697,475.6959281575717,66.276057403242476,37.916142846929041,5.282644460644228,0.14232267962662845,0.052690005879357356,0,0
3,2016-04-12,2819,247092.22980632479,4640.0554028231882,484.54592815757161,57.426057403242567,38.895920381904205,4.6097577686728934,0.17728873208316639,0.34331497753641194,0.33333333333333331,0.66666666666666663
3,2016-04-13,2820,258319.43406113322,3456.1011882889288,495.99592815757165,49.787927436397695,40.184390193435284,4.0336974346915415,0.29132916604096132,0.37554445362510291,1,0.66666666666666663
3,2016-04-18,2821,238801.00266924812,5396.9436203637197,474.78547243156771,63.676057403242567,37.922162334789753,5.0859470769363071,0.52056019540705833,0.51946824093138888,0.66666666666666663,0.66666666666666663
3,2016-04-20,2822,246147.61673493567,5054.2878046458854,484.65600958861779,60.926057403242567,38.795758222022634,4.8770107987386488,0.50330460009268918,0.34397982672954464,1,0.66666666666666663
3,2016-04-21,2823,252278.96706676119,4359.1751158069746,491.05611065379026,54.926057403242567,39.497776847278523,4.4179414762310527,0.33324022286039545,0.36344362208694941,0.66666666666666663,0.66666666666666663
3,2016-04-22,2824,256570.07772944905,3900.2409163987736,495.40611065379017,51.321260769731076,39.987578549825656,4.1424861384882616,0.030195147345756804,0.15265798301004554,0,0.33333333333333331
3,2016-04-25,2825,253803.64350978789,4191.3068378569269,492.60611065379021,53.376057403242612,39.671910336940499,4.2986274787180969,0.44342941633621297,0.1002507258095473,0.66666666666666663,0
3,2016-04-26,2826,247540.75896991315,4832.2838922538986,485.91888237870654,59.076057403242658,38.954536025229004,4.7359353377619575,0.4149448589361584,0.40195197679114147,1,0.66666666666666663
3,2016-04-27,2827,239251.26647945016,5922.3520795896593,477.31043114161793,67.676057403242567,38.002422861593779,5.3882211308314147,0.46280160973413498,0.4264689933103179,0.66666666666666663,0.66666666666666663
3,2016-04-28,2828,222653.92269668556,11477.971868203669,464.32519955728912,100.67605740324257,36.022125644475494,7.8104001088628836,0.39969495258032334,0.28655856001885233,1,0.66666666666666663
3,2016-05-06,2829,260516.59376133783,7259.9216415496476,508.23423604037339,76.926057403242567,40.16868097533083,6.0799096939926942,0.075857183430858982,0.10636422491763448,0,0
3,2016-05-09,2830,258718.95926223826,6888.9864602737534,504.20836310973095,74.476057403242521,39.927808291869731,5.8976922238868008,0.15491763045237381,0.043305842939064552,0.33333333333333331,0
3,2016-05-10,2831,246840.71861105389,9179.1661733048586,492.75388690969453,88.526057403242476,38.591368360394291,6.93316030882582,0.39391623881583077,0.34311804526590772,0.66666666666666663,0.33333333333333331
3,2016-05-11,2832,250491.3759200261,9609.8512488404394,498.94191325324124,90.926057403242567,39.002690111646764,7.1077629394756743,0.3457491447316336,0.33490679142313157,0.33333333333333331,0.33333333333333331
3,2016-05-12,2833,238170.01120068014,7360.3480161738771,484.96439301438028,77.576057403242658,38.309850147277054,6.1281347186383321,0.29414781163117848,0.22115022627558292,0.66666666666666663,0.33333333333333331
3,2016-05-13,2834,245616.90712710854,10834.139995082593,492.68421189510406,97.426057403242567,38.31881873576544,7.5773717599255361,0.25895808343183419,0.35148776530951165,0.66666666666666663,0.33333333333333331
3,2016-05-16,2835,237876.85015259252,9205.7464905258475,487.31951667548697,88.676057403242567,38.16127773496374,6.9440922007237722,0.26744324328731162,0.30361052715743769,0.33333333333333331,0.33333333333333331
3,2016-05-17,2836,249076.47589980453,8495.4128198192757,498.19060125953206,84.576057403242658,39.138235624128527,6.6443599185515474,0.50497529074464664,0.20359112320543971,0.66666666666666663,0.33333333333333331
3,2016-05-18,2837,276340.25744693767,4697.7314602264296,524.84060125953215,57.926057403242567,42.113588867364662,4.6480286782942883,0.35304295547265913,0.33978058750315671,0.33333333333333331,0.33333333333333331
3,2016-05-19,2838,267465.30310772551,5681.9582729379936,512.80836310973086,65.876057403242612,40.887287761898484,5.2524364059354651,0.17941867560452765,0.56230176398704412,0.33333333333333331,0.66666666666666663
3,2016-05-20,2839,277851.3702123274,4657.3057200441708,523.13970909544253,57.576057403242658,41.988900320687257,4.6212422668948276,0.31317821622624425,0.044276564873335061,0.33333333333333331,0
3,2016-05-23,2840,285525.04985688796,3697.081581045461,530.60920518886826,50.637927436397682,42.900044887324121,4.0941041707885093,0.089280064686360919,0.019927224423227013,0,0
3,2016-05-24,2841,288359.40905779268,2384.0472154400809,530.4582584041259,45.22126076973101,43.458811928897752,3.7048386670269551,0.22142895956289763,0.11529930703235058,0.33333333333333331,0.33333333333333331
3,2016-05-25,2842,260981.4435109632,2604.4040885611571,502.68189825090013,46.304594103064346,41.073816092731967,3.7835187402920583,0.60334298118881025,0.60646249610634573,1,1
3,2016-05-26,2843,263612.13493933837,2122.168016031876,503.52416933408705,43.771260769731043,41.399726152854022,3.5988703613345159,0.075995462804392649,0.28606402639410072,0,0.66666666666666663
3,2016-05-27,2844,240491.94831901966,2027.489315120527,477.87779612188638,43.187927436397707,39.347698322098502,3.5560253138244309,0.33564223308324898,0.3367080235726671,0.33333333333333331,0.33333333333333331
3,2016-06-01,2845,241792.52000691244,1921.9598740269128,479.03590867511133,42.48792743639774,39.511374849481292,3.5044479904650063,0.38891791175129081,0.49839025238372531,0.33333333333333331,0.66666666666666663
3,2016-06-02,2846,215467.91363482969,4064.6443000891409,450.75640775306942,52.176057403242567,36.336671322294997,4.206050576641883,0.72426784987763038,0.85742074419826408,1,1
3,2016-06-03,2847,238496.11981326932,4442.1267019118386,478.78867231813337,55.676057403242567,38.487835395348341,4.4755673153731967,0.42264897840297788,0.44814881589922989,0.66666666666666663,0.66666666666666663
3,2016-06-06,2848,253795.57941369867,4117.0703574923828,492.31043114161793,52.676057403242567,39.670461816407567,4.2446460437745825,0.26210705930197192,0.32619515155177164,0.66666666666666663,0.66666666666666663
3,2016-06-07,2849,233891.12078745951,6918.8168832350566,472.2394282570931,74.676057403242567,37.390295190585356,5.9125936186256967,0.44315070039771481,0.49746284133594637,0.66666666666666663,0.66666666666666663
3,2016-06-08,2850,240891.45819028796,9894.1245267904833,486.20836310973095,92.476057403242521,37.961302553851574,7.2201793725204952,0.32787304578471638,0.53606971139843329,0.33333333333333331,0.66666666666666663
3,2016-06-13,2851,229312.30397142851,11108.892955811689,475.0567553536967,98.826057403242658,36.907645212577918,7.6778974791782346,0.36477906429649742,0.59312045851697881,0.33333333333333331,0.66666666666666663
3,2016-06-14,2852,231621.26814540746,10362.754813806694,480.8499197416665,94.976057403242521,37.469798156445613,7.4009239774988318,0.078858320125739886,0.31259481050534871,0,0.33333333333333331
3,2016-06-15,2853,205976.11005158993,16330.442865244722,453.39991974166645,122.42605740324257,34.590876959120074,9.340153149207902,0.38050218917484258,0.32694976401153442,0.33333333333333331,0.66666666666666663
3,2016-06-16,2854,223847.44985577147,11823.160463374705,472.65573134720051,102.37605740324261,36.620107797877154,7.9318243901171925,0.53882660647251746,0.55322277239268269,0.66666666666666663,1
3,2016-06-17,2855,235976.40578022358,10080.076641596968,485.49241876014366,93.476057403242521,37.875832326427194,7.2925618195695527,0.29330972846259151,0.51763489305316146,0.66666666666666663,0.66666666666666663
3,2016-06-20,2856,243617.71133997256,8444.757185377297,493.24297364928401,84.276057403242476,38.758680940537793,6.6223524597864589,0.46840359299700512,0.25468758117813423,0.66666666666666663,0.33333333333333331
3,2016-06-21,2857,265279.74933229102,7198.5407956270401,513.56454759391397,76.526057403242476,40.60280251365095,6.0502081197962196,0.37009776920663029,0.17104320723110578,0.66666666666666663,0.33333333333333331
3,2016-06-22,2858,275145.72983979626,6792.5900856495573,522.38119979878354,73.826057403242658,41.388202654104781,5.8492300759214553,0.38726355571733145,0.49975605324205619,0.66666666666666663,0.66666666666666663
3,2016-06-23,2859,222253.87832126612,17516.052910575527,469.03119979878369,127.17605740324257,35.654215112032205,9.6675072142335665,0.23446637984586252,0.58248155307421867,0.33333333333333331,0.66666666666666663
3,2016-06-24,2860,192994.47934356608,19899.842049574203,438.80573134720061,136.22605740324252,33.12866493127482,10.284704798100679,0.20468230141175703,0.55945628853042639,0.33333333333333331,1
3,2016-06-27,2861,204960.86453545757,16074.450644697921,452.14484324193609,121.37605740324261,34.522779509959236,9.2674702148005341,0.43283805905334222,0.38650569590769285,0.66666666666666663,0.66666666666666663
3,2016-06-28,2862,202292.86435573059,19078.165599414438,449.58306417456168,133.17605740324257,34.020663198983108,10.077643390332392,0.17598141743888132,0.34502670363861415,0.33333333333333331,0.66666666666666663
3,2016-06-29,2863,199242.53334095771,18878.964013309571,446.03886087673476,132.42605740324257,33.771634365075506,10.02658015546035,0.4140124309399868,0.34493675148551906,0.66666666666666663,0.66666666666666663
3,2016-06-30,2864,191064.49996720257,27724.527457504126,436.68445905516825,162.42605740324257,32.329036391276574,12.024879319136966,0.64205684586489842,0.47814808586512642,0.66666666666666663,1
3,2016-07-05,2865,169095.14393921106,32999.985237004643,411.06674245171013,177.92605740324257,30.087227260875398,13.022950221646299,0.55723330592433185,0.50359515804153154,0.66666666666666663,0.66666666666666663
3,2016-07-06,2866,172207.04164022757,29692.800040602728,414.78541662542102,168.37605740324261,30.573112451199307,12.410706670836781,0.52298707654808041,0.67376357778615981,0.66666666666666663,1
3,2016-07-07,2867,174245.49268169218,28873.759859326823,417.23541662542107,165.92605740324257,30.809334807119892,12.252247177643904,0.46164809491287478,0.52134915438308171,0.66666666666666663,0.66666666666666663
3,2016-07-08,2868,171875.37330692736,29827.660886525278,414.38541662542116,168.77605740324248,30.534626529026685,12.436523277816114,0.31606964483684435,0.11887192853124597,0.33333333333333331,0.33333333333333331
3,2016-07-11,2869,184274.39455571456,25081.734798870002,429.08541662542098,154.07605740324266,31.96405070213207,11.477656242792213,0.46115481523443069,0.60548864623889542,0.66666666666666663,1
3,2016-07-12,2870,183974.15726407687,25189.710539052245,428.73541662542107,154.42605740324257,31.929653072084978,11.500730396815682,0.39274084038940993,0.57674155278191963,0.66666666666666663,0.66666666666666663
3,2016-07-13,2871,200494.40511997824,19641.915040508033,447.5806424343204,135.27605740324248,33.815400607005166,10.22031258712923,0.20853707679286768,0.275758592958042,0.33333333333333331,0.33333333333333331
3,2016-07-14,2872,210931.37479210648,20573.352230850105,458.93712707233522,138.67605740324257,34.584561196106648,10.450343436566884,0.23365202715967207,0.34045452451102087,0.33333333333333331,0.33333333333333331
3,2016-07-15,2873,207366.87520094219,21670.235478595423,455.03712707233512,142.57605740324266,34.190181611866791,10.712755083270167,0.21252613442173043,0.36869882379491009,0.33333333333333331,0.33333333333333331
3,2016-07-19,2874,223898.21141707653,17617.953756498144,472.72654237975826,127.57605740324266,35.924199588096222,9.694965985503659,0.096917166689158576,0.061490020015793956,0,0
3,2016-07-20,2875,217792.37994326846,18985.064859232192,466.28445905516816,132.82605740324266,35.293831817368819,10.053821095503361,0.56891387733507381,0.63336002393043411,1,1
3,2016-07-21,2876,218165.56751051266,18878.964013309571,466.68445905516825,132.42605740324257,35.334806667057983,10.02658015546035,0.29568213428938278,0.20713637022358125,0.33333333333333331,0.33333333333333331
3,2016-07-22,2877,225316.93128815116,16923.847940780306,474.28445905516816,124.82605740324266,36.118071740103424,9.5058490959328825,0.14784936608400365,0.3368458246856833,0.33333333333333331,0.33333333333333331
3,2016-07-25,2878,216070.54994476438,19479.943771624163,464.43445905516825,134.67605740324257,35.104645431229649,10.179596175604125,0.2923343542877464,0.2216478912638675,0.66666666666666663,0.33333333333333331
3,2016-07-26,2879,210533.3364361024,21132.056460463074,458.43445905516825,140.67605740324257,34.494692178718452,10.585105899416297,0.38080226109813609,0.53281520196417975,0.33333333333333331,0.66666666666666663
3,2016-07-27,2880,197610.29204347264,24881.858424245758,444.18712707233522,153.42605740324257,33.105058846456878,11.434772305067455,0.49073203644795749,0.57810007825780552,0.66666666666666663,0.66666666666666663
3,2016-07-28,2881,199931.24898157164,24958.633952947381,446.65638946014155,153.67605740324257,33.282890421769117,11.451271043460698,0.38643998708632027,0.38234917293349069,0.66666666666666663,0.33333333333333331
3,2016-07-29,2882,183018.11978860773,27368.400131217018,427.66674245171004,161.32605740324266,31.687233167985038,11.953177298058213,0.73281571161857251,0.79616836927921686,1,1
3,2016-08-01,2883,166165.70203250225,32116.604949988436,407.4306424343203,175.42605740324257,29.875757465394702,12.863505584105779,0.40949537739380548,0.14762214680956731,0.33333333333333331,0.33333333333333331
3,2016-08-02,2884,170386.82580707569,30438.494693177014,412.58541662542098,170.57605740324266,30.361720260903741,12.55250992738558,0.45602732695800469,0.27137253762357272,0.66666666666666663,0.33333333333333331
3,2016-08-03,2885,167224.74059906002,31766.752835181949,408.73541662542107,174.42605740324257,29.993426279612624,12.799563926123101,0.30492759032543398,0.23686869615484327,0.33333333333333331,0.33333333333333331
3,2016-08-04,2886,185994.73622221625,24469.430569257034,431.08541662542098,152.07605740324266,32.16095319497321,11.345572769564507,0.16764910977637884,0.25321610363407893,0.33333333333333331,0.33333333333333331
3,2016-08-05,2887,188852.51615971213,23387.442955953647,434.38064243432035,148.47605740324252,32.494063617169381,11.106826556197078,0.29999107142497067,0.20153916325221288,0.66666666666666663,0.33333333333333331
3,2016-08-08,2888,190491.57693302244,24652.281838140898,436.31674245171013,152.67605740324257,32.536669832342291,11.385239179958431,0.47148548883356861,0.53158982785902997,0.66666666666666663,0.66666666666666663
3,2016-08-09,2889,184689.82258416948,26743.031007344358,429.61674245171008,159.37605740324261,31.877772683216595,11.825781509478565,0.40702318526996256,0.45501805395346717,0.66666666666666663,0.66666666666666663
3,2016-08-10,2890,175710.75237273503,28197.665523973545,418.98064243432026,163.87605740324261,30.985108891755672,12.119217379325738,0.60419737076911517,0.6677658173757659,0.66666666666666663,1
3,2016-08-12,2891,182903.8812225133,25577.338182560354,427.48541662542107,155.67605740324257,31.806950641772403,11.58303998536031,0.038910929770244372,0.068496699223293447,0,0
3,2016-08-16,2892,177516.99163520266,27497.62097713957,421.13064243432035,161.72605740324252,31.193707080057802,11.979264279340951,0.62439011726765559,0.53169738131539557,1,0.66666666666666663
3,2016-08-18,2893,180857.71122271116,26330.343258095945,425.08541662542098,158.07605740324266,31.572000640628413,11.740645974691224,0.063925551707686226,0.082423328579402363,0,0
3,2016-08-19,2894,189894.75497184505,23120.996052627848,435.58541662542098,147.57605740324266,32.606139428506694,11.046938947768744,0.5084591870498768,0.37483952182454822,0.66666666666666663,0.33333333333333331
3,2016-08-22,2895,184361.99747839521,24958.633952947381,429.1806424343203,153.67605740324257,31.980673802855463,11.451271043460698,0.15211885317974835,0.42977160676953435,0.33333333333333331,0.66666666666666663
3,2016-08-23,2896,197505.20517946489,20642.752759551728,444.23541662542107,138.92605740324257,33.470364786243813,10.467210955226413,0.684562929758325,0.20089266394340835,1,0.33333333333333331
3,2016-08-24,2897,218836.61761319541,19024.935176453127,467.34146505571181,132.97605740324252,35.369822527488971,10.064032195810379,0.19585340847714927,0.24488476773990783,0.33333333333333331,0.33333333333333331
3,2016-08-25,2898,218571.89988880002,18353.259783696602,467.18712707233522,130.42605740324257,35.426512005485137,9.8901275756013316,0.13583497519370386,0.13796237968871841,0.33333333333333331,0
3,2016-08-26,2899,220599.08669759947,18197.108514812735,469.28445905516816,129.82605740324266,35.601749349859134,9.8491110574094485,0.11959635269675635,0.15785146749152912,0.33333333333333331,0.33333333333333331
3,2016-08-30,2900,229031.56006878152,15965.414693034994,478.18445905516825,120.92605740324257,36.523540886398187,9.236284697593474,0.6011532469169808,0.55555670686624048,1,1
3,2016-08-31,2901,218616.60260187412,16025.940221736615,467.43855478811474,121.17605740324257,35.695956837580354,9.2536126310227225,0.35923319624423206,0.26088047441046264,0.66666666666666663,0.33333333333333331
3,2016-09-01,2902,204637.51053631539,19940.732366795201,452.2385547881147,136.37605740324261,34.138941253726479,10.294863546708131,0.6451098979026626,0.64685787221894275,1,0.66666666666666663
3,2016-09-02,2903,203037.23036169211,23521.273907616574,450.18445905516825,148.92605740324257,33.664943657144761,11.136740131108063,0.14798857596727819,0.21407777914439199,0.33333333333333331,0.33333333333333331
3,2016-09-06,2904,194299.03533542788,26950.64238196853,440.30638946014165,160.02605740324248,32.655200019293332,11.868287714854638,0.38313333335938604,0.33746234157405697,0.33333333333333331,0.33333333333333331
3,2016-09-07,2905,183417.22372246371,25390.886913676495,428.08541662542098,155.07605740324266,31.86581931110771,11.543550498975931,0.43547272257192221,0.3278804427559035,0.66666666666666663,0.66666666666666663
3,2016-09-08,2906,194319.67017976195,21655.980372855047,440.63541662542116,142.52605740324248,33.109322359801723,10.709400563793253,0.16623967834732614,0.086335905314953776,0.33333333333333331,0.33333333333333331
3,2016-09-09,2907,215777.77712636604,19144.816128116057,464.18712707233522,133.42605740324257,35.119131989584652,10.094651590939479,0.22532581580966607,0.36415439351621437,0.66666666666666663,0.66666666666666663
3,2016-09-14,2908,224700.78399137952,17086.544315404491,473.63445905516829,125.47605740324252,36.050727588306309,9.5506209014494239,0.25896532983241777,0.5468350762672719,0.66666666666666663,0.66666666666666663
3,2016-09-20,2909,194498.54002957672,20324.545327524243,440.68886087673485,137.77605740324248,33.231947883020496,10.389567710070317,0.73154835181669819,0.95418625966369508,1,1
3,2016-09-21,2910,198260.3831747286,23940.226868345682,445.00691240312023,150.32605740324266,33.242962118785357,11.229675972303639,0.35074435810881727,0.48726996195453703,0.66666666666666663,0.66666666666666663
3,2016-09-23,2911,201341.21401558819,24499.855780737653,448.22796095358666,152.17605740324257,33.437371201311947,11.352186303859945,0.75789263438340393,0.75488748612978007,1,1
3,2016-09-26,2912,197462.41675142478,20573.352230850105,444.1806424343203,138.67605740324257,33.472542760687283,10.450343436566884,0.03710913827747421,0.013761235514607457,0,0
3,2016-09-27,2913,215082.05893575749,19345.517714220925,463.43712707233522,134.17605740324257,35.042504882596234,10.145637610831196,0.073955495833954776,0.022869169246810331,0,0
3,2016-09-28,2914,220646.01764350513,18184.128409072364,469.33445905516834,129.77605740324248,35.606893183762111,9.8456913286732775,0.091664626037167685,0.1193355150971858,0,0.33333333333333331
3,2016-09-29,2915,277451.78192169982,6631.3827593624037,526.38445905516835,72.726057403242521,41.741759569816288,5.7671033982191444,0.070719750986862853,0.04382362871399078,0,0
3,2016-10-13,2916,262184.43382771843,5365.168091662098,511.60573134720056,63.426057403242567,40.871238773493154,5.0669908051322201,0.28465888734893036,0.23317368044047901,0.33333333333333331,0.33333333333333331
3,2016-10-14,2917,281175.32300583005,5761.3695418218731,527.9667178416156,66.476057403242521,42.075766484030567,5.2977412657987344,0.47670537167219235,0.67828809008917867,0.66666666666666663,0.66666666666666663
3,2016-10-17,2918,277596.70932450698,6224.9667321639326,524.56671784161551,69.876057403242612,41.691838963727186,5.5536526310000482,0.15753432310495988,0.4869676578153917,0.33333333333333331,0.66666666666666663
3,2016-10-18,2919,267909.05312046054,7858.999677814284,515.4011256874569,80.726057403242521,40.613145714310456,6.3611408063703179,0.19783183525677414,0.26110834422867946,0.33333333333333331,0.66666666666666663
3,2016-10-19,2920,258414.62170873347,8285.5351763111685,506.60341677416704,83.326057403242658,39.838274428826089,6.5525936698968001,0.29556627761729221,0.32733158254472888,0.33333333333333331,0.33333333333333331
3,2016-10-20,2921,271298.97391815588,7306.1672759915864,518.65836143970739,77.226057403242521,40.982842356264662,6.1021735532568862,0.19910100641515383,0.091406256848191036,0.33333333333333331,0
3,2016-10-24,2922,267760.7395849147,7915.6304179965764,515.2337433161847,81.076057403242658,40.588761880903157,6.3869589887539506,0.0980404122128163,0.40777725431019468,0.33333333333333331,0.66666666666666663
3,2016-10-25,2923,265055.6010592556,8095.2077442836935,512.4493354703435,82.176057403242567,40.33446166630015,6.4680092407117327,0.37905423888151729,0.60060937915001544,0.66666666666666663,0.66666666666666663
3,2016-10-26,2924,269215.98766725702,7414.7737563561341,516.51671784161556,77.926057403242567,40.791053728854138,6.1540815323389984,0.21407273731591162,0.13881463954385487,0.33333333333333331,0.33333333333333331
3,2016-10-27,2925,246775.48539508926,11367.530705060111,494.31671784161546,100.12605740324261,38.365223162840273,7.7710471809726895,0.33609334628026583,0.2066784986584779,0.66666666666666663,0.66666666666666663
3,2016-11-01,2926,211681.43776760958,14665.478061599328,459.60573134720056,115.42605740324257,35.252596843505309,8.8533888708143866,0.34986513727851093,0.11179574952644659,0.66666666666666663,0
3,2016-11-02,2927,220795.03238895643,14447.071052533152,469.73645698581572,114.47605740324252,36.055914721048183,8.7869248851122599,0.33806859168806197,0.38505222804135325,0.66666666666666663,0.66666666666666663
3,2016-11-04,2928,238575.15694708689,10315.329285105074,488.27451545140281,94.726057403242521,38.055766762901122,7.382881212987999,0.4095284246525151,0.28110034532190215,0.66666666666666663,0.33333333333333331
3,2016-11-07,2929,240425.45597967634,10183.202804740527,490.18645698581577,94.026057403242476,38.225637071455985,7.3323240459502061,0.16182588276089618,0.34483182460231526,0.33333333333333331,0.66666666666666663
3,2016-11-08,2930,240050.58381229467,10005.455795674401,489.780155261142,93.076057403242658,38.222269023032773,7.2636223976309227,0.33585120947703412,0.30439900342779674,0.33333333333333331,0.33333333333333331
3,2016-11-09,2931,250690.94800513974,7611.1513998642395,500.43932415009573,79.176057403242567,39.48239243787738,6.2466317477903415,0.35361257966397491,0.36118914299493105,0.33333333333333331,0.33333333333333331
3,2016-11-10,2932,295864.56934423122,3658.4207351228802,542.56679974764336,50.504594103064392,43.881014173451682,4.0846450809223489,0.36028061882198431,0.29180477263243837,0.66666666666666663,0.66666666666666663
3,2016-11-11,2933,313306.08689245884,2834.2756444612701,557.68374331618475,47.337927436397727,45.452850019657262,3.8581790159662348,0.35261116744668675,0.3051472135104194,0.33333333333333331,0.33333333333333331
3,2016-11-15,2934,310883.3806163214,3013.1554027758625,555.51381742751153,48.087927436397727,45.193118892573345,3.9121320725998801,0.082997640094891301,0.10700805652246707,0,0.33333333333333331
3,2016-11-16,2935,313785.62833200529,2818.8652214999697,558.13341436133214,47.271260769731043,45.496915782460327,3.8533736107382146,0.23266735783181533,0.25073181124481231,0.33333333333333331,0.33333333333333331
3,2016-11-17,2936,331699.87895912264,1856.506913297829,573.88142630287882,42.021260769731043,47.389052543590317,3.4699637299530175,0.58312407678857714,0.37659450024962754,0.66666666666666663,0.66666666666666663
3,2016-11-18,2937,310913.67150861275,2014.4637864189056,554.14134357722344,43.104594103064379,45.636511721410209,3.5498945112673979,0.10842931088706052,0.40240637759149234,0,0.66666666666666663
3,2016-11-21,2938,312414.33327018685,1914.7595568059357,555.39454813424379,42.437927436397707,45.815182357949574,3.5007570580653913,0.20636022608133131,0.26123330432198538,0.66666666666666663,0.33333333333333331
3,2016-11-22,2939,340099.65722695354,1342.6926383067255,579.75920518886812,34.254594103064392,48.813606566377722,2.8841116530322801,0.2754042675569125,0.300810169682168,0.33333333333333331,0.33333333333333331
3,2016-11-25,2940,311326.78629461851,1344.0561579421858,553.25762971932227,34.021260769731043,46.609741341139198,2.8661550774836599,0.58925065631118889,0.58356991789076895,0.66666666666666663,0.66666666666666663
3,2016-11-28,2941,282173.70802634535,1345.4502062792678,524.57192716739655,33.87126076973103,44.209845954017659,2.8546003766997621,0.50682783195691072,0.47038376869218262,0.66666666666666663,0.66666666666666663
3,2016-11-29,2942,287577.47732949728,1446.83233616447,528.80085001809744,31.054594103064346,44.885905272735549,2.6359896530909386,0.58077533118864377,0.45410577436162386,1,0.66666666666666663
3,2016-11-30,2943,305290.02053609991,2043.1729705590897,544.10134764593067,28.084994944904565,46.830601854450293,2.4172651327541907,0.74495925173030619,0.54961136755530227,1,0.66666666666666663
3,2016-12-01,2944,278248.07022419682,1562.0526080546367,516.28514982417062,29.521260769731043,43.995325933035417,2.5156592049195603,0.034435930514629363,0.30218748726166728,0,0.66666666666666663
3,2016-12-02,2945,294827.73217722477,2024.7637107413523,531.19560405236439,27.968328278237852,45.706040617136843,2.4064987332849639,0.52162435271134433,0.52564516839062014,1,0.66666666666666663
3,2016-12-05,2946,277489.10060362204,1592.7004932481516,514.79999504056286,29.187927436397711,43.90618294589023,2.4893754743196346,0.064466561240155748,0.33655429189185443,0,0.33333333333333331
3,2016-12-06,2947,279690.04147004965,1456.2363845015479,516.77885943387093,30.904594103064408,43.882211135215982,2.6242596784328458,0.074563943829562954,0.346255849432898,0,0.33333333333333331
3,2016-12-07,2948,282901.28117173113,1640.6924267787497,520.20640775306947,28.704594103064363,44.422220037835224,2.4511843305635423,0.54972308108984946,0.28041181245067176,0.66666666666666663,0.33333333333333331
3,2016-12-08,2949,291469.48794965883,1953.5766714704384,528.24638398119578,27.501661611571233,45.39759229814333,2.3634979040539048,0.7176241095954925,0.39246853306623702,1,0.33333333333333331
3,2016-12-09,2950,292047.21503975731,2228.7909916976864,529.39988607649764,29.773942596757479,45.69504001350807,2.5699316038804958,0.29073812170177388,0.29613721233075352,0.66666666666666663,0.33333333333333331
3,2016-12-13,2951,286903.75569240097,2022.1538164816786,524.02334427016092,27.9516616115712,45.086973049701953,2.4049612055557064,0.290613653011144,0.32212628086414197,0.33333333333333331,0.33333333333333331
3,2016-12-14,2952,326605.08434154297,5109.0641638127481,561.12404545826269,61.373942596757388,49.791387857337291,5.4460217930482626,0.56006305367352749,0.54670752022386826,0.66666666666666663,0.66666666666666663
3,2016-12-15,2953,291968.0982412041,4559.9089976629202,527.07085235999762,56.723942596757524,46.577487836691205,5.0127202718944446,0.04588087922276407,0.46626308561615509,0,0.66666666666666663
3,2016-12-16,2954,285088.53427828389,4053.9988315130649,517.86323399708601,52.073942596757433,45.576522243967965,4.5829652450391576,0.3224434680329224,0.54004866707377519,0.33333333333333331,0.66666666666666663
3,2016-12-19,2955,296399.41031718481,5264.0615203046418,528.80699232792483,62.623942596757388,46.975836575279807,5.5631111838640299,0.5085339663778099,0.6649596625202836,1,1
3,2016-12-20,2956,287913.64819869964,4331.5433330161941,520.01808393212423,54.673942596757342,45.87113164840332,4.8228238518729185,0.2753560597160859,0.05228005264128651,0.66666666666666663,0
3,2016-12-21,2957,290455.81380387937,4588.3334689612984,523.15699232792497,56.973942596757524,46.241834297779214,5.0359254516071532,0.057650305491555753,0.21158372383980098,0,0.33333333333333331
3,2016-12-22,2958,285486.19946729823,4228.5653420823755,517.85591397539474,53.723942596757524,45.642157057588115,4.7350557550464947,0.53138671080473199,0.31317497268184585,1,0.66666666666666663
3,2016-12-28,2959,275654.56134970341,3142.0942393956393,508.92939054620092,42.423942596757342,44.413071868941522,3.7022377691558894,0.12411590205428585,0.11974242483090469,0,0
3,2016-12-29,2960,283841.72134837107,2196.3421548412562,516.68144728810148,29.223942596757524,44.576088973177598,2.5212615474728257,0.4735163140111851,0.30202429644522949,0.66666666666666663,0.33333333333333331
3,2016-12-30,2961,286946.85366789787,1921.8580460946489,521.18567665330886,27.284994944904536,44.765787129337241,2.3435683869361852,0.71865805168183139,0.62725343628119912,1,0.66666666666666663
3,2017-01-04,2962,293520.63678309397,1477.419375435388,535.1828829735839,30.587927436397724,45.481676125910077,2.5994669360412783,0.68276992098279321,0.59279176934820221,0.66666666666666663,0.66666666666666663
3,2017-01-05,2963,296658.08808756486,1343.6864449583989,536.98633512099457,34.854594103064379,45.143870123664946,2.9301886593580808,0.57690564244592568,0.68250100243209744,0.66666666666666663,0.66666666666666663
3,2017-01-10,2964,348905.43523317925,1437.8332878273875,587.06320214853201,31.204594103064363,49.812328891309825,2.6477106701509787,0.45173495998219093,0.15610263149806905,1,0.33333333333333331
3,2017-01-11,2965,316768.53882227582,1622.0643301992411,558.7638470854256,40.037927436397695,46.368519736560778,3.3225117162273512,0.20045998068852855,0.38600313321478175,0.33333333333333331,0.66666666666666663
3,2017-01-12,2966,355742.7008975104,1346.4082425439108,594.53341436133223,35.137927436397682,49.946101093067774,2.9518988059308344,0.47184587657275862,0.18775127164292504,1,0.33333333333333331
3,2017-01-13,2967,309521.65398643905,2111.0375930705763,552.51509278747778,43.704594103064359,45.435228221494015,3.5939800257443664,0.28828847510092159,0.65927282471382409,0.33333333333333331,1
3,2017-01-17,2968,348573.73445319565,1401.9952969408757,588.48119979878368,37.037927436397695,49.202056753378521,3.0966872151162321,0.2464584017852621,0.14925451624939037,0.33333333333333331,0.33333333333333331
3,2017-01-19,2969,343718.25924453919,1491.7798135700584,584.33341436133219,38.537927436397695,48.672143131175893,3.2100226926323514,0.32227982694626239,0.42461111785615002,0.33333333333333331,0.66666666666666663
3,2017-01-20,2970,329645.60025643336,1943.8308256898224,572.17607276301987,42.637927436397682,47.176161335945913,3.5155153099227179,0.20254104666805919,0.12387693131274964,0.33333333333333331,0
3,2017-01-23,2971,324582.3271615461,2153.1891791754401,567.73119979878368,43.954594103064359,46.657725164265592,3.6123104949921405,0.29568393497847806,0.51808995947404757,0.33333333333333331,0.66666666666666663
3,2017-01-24,2972,343211.01714793191,1386.8730763940669,584.60963129481183,36.687927436397707,48.921308058143246,3.0701194507445781,0.28879210576992009,0.27933708643734778,0.33333333333333331,0.33333333333333331
3,2017-01-25,2973,326549.71736038924,2064.6257954850694,569.43374331618475,43.421260769731056,46.859261299883535,3.5731781410246093,0.21512754579584295,0.18017746568917334,0.33333333333333331,0.33333333333333331
3,2017-02-03,2974,311581.05837674468,2818.8652214999697,556.01671784161556,47.271260769731043,45.324370722772812,3.8533736107382146,0.4848670131685866,0.43284494951279656,0.66666666666666663,0.66666666666666663
3,2017-02-06,2975,293421.37519787013,3163.5492094275319,540.91548775393426,48.687927436397707,43.941144415429271,3.9551525131111056,0.43701698324205779,0.77178936510462659,1,1
3,2017-02-07,2976,272151.54694271949,4234.1676837795067,521.25573134720059,53.776057403242476,41.965681615586561,4.3294466953741635,0.40049161986141196,0.34781819045239248,0.33333333333333331,0.33333333333333331
3,2017-02-08,2977,285626.3254269014,3692.2314753051414,534.28306417456167,50.62126076973103,43.198824723040239,4.0929221191567775,0.52213598974147624,0.30244550116199548,1,0.33333333333333331
3,2017-02-09,2978,294884.8463010281,2940.3884994500186,542.88015526114214,47.787927436397695,44.197684218932032,3.8905745694372462,0.29194822364867151,0.12719190471206657,0.33333333333333331,0.33333333333333331
3,2017-02-10,2979,299576.49206403777,2493.2807048707868,546.37520709477565,45.771260769731043,44.702410071161843,3.7448362257910452,0.36325860844545149,0.070283433997470821,0.66666666666666663,0
3,2017-02-13,2980,300660.43881224009,3142.2736807259112,546.87035919944799,48.604594103064379,44.433910964813983,3.9491849768892444,0.30291546559102905,0.3555747545741072,0.66666666666666663,0.66666666666666663
3,2017-02-14,2981,297620.97775226715,2643.7852517047363,544.60815910047438,46.48792743639774,44.479594830159613,3.796792505422879,0.46754198478482084,0.39529549761096799,1,0.66666666666666663
3,2017-02-15,2982,297351.82687695732,4069.8644058294594,543.15113346383885,52.226057403242521,43.783090843886896,4.2099115233761255,0.46069074297111429,0.56179513138456183,0.66666666666666663,0.66666666666666663
3,2017-02-16,2983,280149.73236590333,4218.0573665585489,529.13306417456158,53.626057403242612,42.605021472246193,4.3178918155515609,0.60104015579497838,0.75569221024646882,1,1
3,2017-02-17,2984,286039.99198097689,3677.7111580841815,534.67451545140273,50.571260769731076,43.235718711955904,4.0893753907517141,0.26659226593927571,0.20366430187621667,0.66666666666666663,0.33333333333333331
3,2017-02-22,2985,274136.37788332033,4891.6099496571414,523.42451545140273,59.576057403242658,41.944427874942114,4.7741050888086107,0.12932976152720557,0.29852026513974672,0,1
3,2017-02-23,2986,270245.96543271089,6086.2146173574483,519.7385547881147,68.876057403242612,41.340960450852265,5.4785282694275059,0.37131524186218057,0.39154521319679009,0.33333333333333331,0.33333333333333331
3,2017-02-27,2987,299617.88258067815,4054.2190886085023,547.03445905516821,52.076057403242658,44.101455905769761,4.1983277493746094,0.32307185531007626,0.32346577260512571,0.66666666666666663,0.66666666666666663
3,2017-03-01,2988,290464.78822561703,3819.9592245535673,538.83855478811483,51.054594103064346,43.521408189008554,4.1236244328458405,0.27410190370113902,0.27438539666140199,0.66666666666666663,0.33333333333333331
3,2017-03-02,2989,311318.42972983065,2799.7146927983486,557.60187064665308,47.187927436397707,45.462851255332502,3.8473646503381738,0.34737376748690468,0.18556709820904693,0.66666666666666663,0.33333333333333331
3,2017-03-03,2990,316023.58344302449,3159.284103687211,560.61143531825928,48.671260769731056,45.542989992953345,3.95395919978318,0.46779837442820599,0.58497226428384619,0.66666666666666663,0.66666666666666663
3,2017-03-06,2991,332261.56049312669,2144.6688619544752,574.91143531825924,43.904594103064404,47.253641993856839,3.6086462091040481,0.12191416384626015,0.25935374169472847,0.33333333333333331,0.33333333333333331
3,2017-03-07,2992,332662.48112766468,1778.1131066461578,574.71962903304563,41.421260769731056,47.528914078154621,3.425509491377031,0.38288986951404302,0.43109080337074701,0.66666666666666663,0.66666666666666663
3,2017-03-08,2993,339831.81147635897,1674.4925024089687,581.20256074226552,40.537927436397695,48.170615452510511,3.3598215935019433,0.26109857627725658,0.18255595357982315,0.33333333333333331,0.33333333333333331
3,2017-03-09,2994,337395.14942786226,1547.539254663681,578.90417450914447,39.23792743639774,48.135714838826296,3.26262232872388,0.07186617198510338,0.16156786912973609,0,0.33333333333333331
3,2017-03-10,2995,336676.3348478048,1607.2133785363214,578.39581810723655,39.887927436397682,48.015591740597422,3.311300633936384,0.61898500161432157,0.48645438028746102,1,0.66666666666666663
3,2017-03-14,2996,330462.8250105714,1452.0511126587096,573.99689764282823,37.954594103064359,47.880955759328344,3.1660488908128435,0.40986353216671295,0.36567740890380146,0.66666666666666663,0.66666666666666663
3,2017-03-15,2997,283318.95046228083,3025.4407199968241,532.02682970355841,48.137927436397682,43.277083800671768,3.9157219210475191,0.40190306968099909,0.47426548086324605,0.66666666666666663,0.66666666666666663
3,2017-03-16,2998,306918.5169218196,3046.016248698445,551.95417450914465,48.22126076973101,44.888921153964269,3.9217030554433165,0.25439437751803889,0.24808630902240605,0.33333333333333331,0.33333333333333331
3,2017-03-17,2999,297262.36628264346,4180.6416263762649,543.4117103739303,53.276057403242476,43.767051415426089,4.2909195717817719,0.37095599383236627,0.54364914401239783,0.33333333333333331,1
3,2017-03-21,3000,289816.12151878147,5029.9573816845832,536.26606958124114,60.726057403242521,42.933915342159331,4.8617795447133831,0.36335018331173224,0.46427168573281863,0.66666666666666663,0.66666666666666663
3,2017-03-22,3001,288039.29793367069,4844.1091037345368,534.34317129335454,59.176057403242567,42.833119943355065,4.7435717357308675,0.058607707886796451,0.15276302120070828,0,0.33333333333333331
3,2017-03-24,3002,277400.00269067433,6134.5503575397061,524.29317129335459,69.226057403242521,41.691636220695365,5.5048353865247925,0.25621069779480005,0.34690712410742125,0.33333333333333331,0.66666666666666663
3,2017-03-27,3003,275239.90973015234,5283.1367170378717,524.00264000863422,62.776057403242476,41.883353849303354,5.017669043501118,0.2774539876478716,0.37031727766328731,0.66666666666666663,0.66666666666666663
3,2017-03-29,3004,271268.87106730527,4999.6568529829619,519.82520709477569,60.476057403242521,41.625977505987805,4.8427336165312722,0.18334590296260841,0.088636958255683962,0.33333333333333331,0
3,2017-03-30,3005,276214.17006939271,4645.8005085635068,524.68316926525995,57.476057403242521,42.116163851762728,4.613586242032631,0.16126270326033523,0.064155533583659538,0.33333333333333331,0
3,2017-04-05,3006,269263.12233918312,5460.869677766962,518.01904720573896,64.176057403242567,41.358806164130854,5.1238369184225601,0.42979659895553529,0.6364528378626042,0.66666666666666663,0.66666666666666663
3,2017-04-06,3007,251742.9730858549,7445.9841793174373,501.48932415009568,78.126057403242612,39.598035781128011,6.1689018439924679,0.29453290603873533,0.29893754398156713,0.33333333333333331,0.66666666666666663
3,2017-04-07,3008,271890.27496687946,5152.4094964910682,521.27451545140286,61.726057403242521,41.700293224383252,4.937887076776331,0.21970532173090496,0.32287856590562652,0.33333333333333331,0.33333333333333331
3,2017-04-10,3009,259183.31041332925,5512.3705236895685,508.56189123623722,64.576057403242658,40.5907806877035,5.15412701757863,0.67679051158297476,0.85998683256443054,0.66666666666666663,1
3,2017-04-11,3010,247055.87201700301,8734.1857805483305,496.88015526114214,85.976057403242521,38.992400161747014,6.7469243822681095,0.4617788919408321,0.61386585791879533,0.66666666666666663,0.66666666666666663
3,2017-04-12,3011,242958.35982963149,10524.936611392235,492.78855478811465,95.826057403242658,38.374687909365313,7.4622168285046655,0.41504388705321554,0.35886879318674558,0.33333333333333331,0.33333333333333331
3,2017-04-13,3012,258927.62828752468,9555.3856143985013,508.4844590551682,90.626057403242612,39.757962317148298,7.0859734472217539,0.15779109615795153,0.40002048275830454,0.33333333333333331,0.66666666666666663
3,2017-04-18,3013,258825.94139571371,9573.5208258791336,508.38445905516829,90.726057403242521,39.747035616681778,7.093237747018688,0.30185056083210432,0.25019125538925491,0.33333333333333331,0.33333333333333331
3,2017-04-19,3014,254159.93880320227,10136.252276038904,503.83712707233531,93.776057403242476,39.297802595143544,7.3142545357805533,0.42900370694637407,0.5676859447299083,0.66666666666666663,1
3,2017-04-20,3015,257282.03513362678,10089.426747337284,506.80638946014165,93.526057403242476,39.537105703486496,7.2961779773953657,0.090344683424008435,0.060905801075695314,0,0
3,2017-04-21,3016,251949.7867598584,7915.6304179965764,501.78064243432021,81.076057403242658,39.528961905965033,6.3869589887539506,0.23115601633484903,0.28819200603451411,0.33333333333333331,0.66666666666666663
3,2017-04-24,3017,268774.17063747102,7658.7470343061768,518.13712707233526,79.476057403242521,40.868995667481876,6.2688166432593881,0.10938582982436106,0.051575459144792703,0,0
3,2017-04-25,3018,276610.20678721159,6748.3844512075848,525.5844590551684,73.526057403242476,41.651896743287104,5.8268460913137439,0.44111385889544669,0.36280912264492415,0.66666666666666663,0.66666666666666663
3,2017-04-26,3019,283310.46911680629,6888.9864602737534,531.79777491370669,74.476057403242521,42.112589080908037,5.8976922238868008,0.11016335169420273,0.40676995977202068,0,0.33333333333333331
3,2017-04-27,3020,268362.042765163,7445.9841793174373,517.65187064665304,78.126057403242612,40.874244592889816,6.1689018439924679,0.17239113875981182,0.39177784452740377,0.33333333333333331,0.66666666666666663
3,2017-04-28,3021,291181.91890803771,5848.2109164460999,539.1477749137066,67.126057403242612,42.944583608563192,5.3467726634467807,0.42107625647716551,0.088115269099958801,0.66666666666666663,0
3,2017-05-02,3022,317314.31224425667,3062.5666716597461,561.76143531825937,48.287927436397695,45.679088902118998,3.9264862120993413,0.053222556090723329,0.046392166184779177,0,0
3,2017-05-08,3023,320230.51082721492,2371.1767924787951,564.11374016721049,45.154594103064404,46.223675857686864,3.6999831287335634,0.42286316943117602,0.34810458499741509,0.66666666666666663,0.33333333333333331
3,2017-05-09,3024,315895.45295188454,2555.15760819663,560.16865646631265,46.071260769731076,45.797216732723918,3.7666075926690161,0.22794025415282645,0.38892037712857225,0.33333333333333331,0.66666666666666663
3,2017-05-11,3025,306886.33071713039,3184.949738129153,552.06865646631275,48.771260769731043,44.838063469345194,3.9611176259680039,0.35859619635021694,0.64574269974736298,0.66666666666666663,1
3,2017-05-12,3026,304943.87579262839,3365.1490734824438,550.33091180182089,49.454594103064359,44.622631298290834,4.0099403310682211,0.37877020915775278,0.55084393239932361,1,0.66666666666666663
3,2017-05-15,3027,303637.82814397907,3446.9159768082886,549.1186564663127,49.754594103064392,44.491869750957107,4.0313234567383232,0.59366808815764827,0.38784275781219918,1,0.33333333333333331
3,2017-05-16,3028,278998.73584378051,6113.8050403187517,526.23091180182075,69.076057403242658,41.850716701274116,5.4935627010690835,0.56891790358281091,0.67798178655156072,1,1
3,2017-05-17,3029,283093.54958769417,5908.826868109024,530.00890112840943,67.576057403242658,42.201520911570135,5.3806877460978297,0.35409634908384974,0.24330635649465648,0.66666666666666663,0.33333333333333331
3,2017-05-18,3030,287514.6094287989,5396.9436203637197,534.2242537064011,63.676057403242567,42.669668826389874,5.0859470769363071,0.07885428533724112,0.01665033379483254,0,0
3,2017-05-19,3031,278079.41369895817,6316.2281067881295,525.13494989259732,70.526057403242476,41.715450601151637,5.6024194624651455,0.52436887465937165,0.56508286627309534,0.66666666666666663,0.66666666666666663
3,2017-05-22,3032,270621.49902222567,6508.470961776904,518.55115760910803,71.876057403242612,41.148322298770672,5.7035436758643554,0.39797189630406987,0.52453570197825095,0.66666666666666663,1
4,2017-05-23,3033,494.65416748774368,236.32830873935094,20.594007028546532,15.076080606210098,1.6441664626998149,1.2036310411728153,0.26829171878429003,0.19938371547608055,0.66666666666666663,0.33333333333333331
4,2017-05-24,3034,831.27597146645041,264.32395686077427,25.799515270076352,16.026577693666166,2.0525490488942557,1.2750370097192543,0.12430177628436921,0.26606091034190926,0.33333333333333331,0.66666666666666663
4,2017-05-25,3035,721.93842244938912,534.54033794395434,26.777733417248935,21.935369047862121,2.116733205584675,1.7339527329245581,0.31667040180440448,0.31876450053557731,0.66666666666666663,0.33333333333333331
4,2017-05-26,3036,1036.7166297387212,723.06089326068934,31.167445173670632,26.678077637129036,2.4614946433162714,2.1069402651341838,0.19811626713204614,0.28331884743410568,0.33333333333333331,0.33333333333333331
4,2017-05-31,3037,699.2092514550568,532.253811368485,23.255202710055148,22.876699280911453,1.838573958181219,1.8086491900945927,0.25316298665855419,0.18013786743751545,0.66666666666666663,0.33333333333333331
4,2017-06-01,3038,1251.7293882691731,1085.3171081744167,31.534657713691029,32.641347234959767,2.4734034835633572,2.5602060657249122,0.54538711316232591,0.4822335472807035,1,0.66666666666666663
4,2017-06-02,3039,1287.4446444847583,871.96187307511082,34.247232747500298,28.216949409682154,2.6756695767413023,2.2045352872910779,0.42846584972617352,0.40565103413130149,0.66666666666666663,0.66666666666666663
4,2017-06-05,3040,3636.5657327585068,2428.3341324498201,57.805133983978145,48.983567452442458,4.4688932341691645,3.7869012332773448,0.35822659319339972,0.29625557583543144,0.66666666666666663,0.66666666666666663
4,2017-06-06,3041,2543.1518850213183,1209.6515000861773,49.147075279077548,34.160170432180927,3.8068997117798258,2.64602404586994,0.31774891273479344,0.28385711624810867,0.66666666666666663,0.66666666666666663
4,2017-06-07,3042,606.76093675328173,97.217718231180584,21.373488994557572,6.6580474236600367,1.6875361410570111,0.52568374115984662,0.1930366982508013,0.2912675515587046,0,0.66666666666666663
4,2017-06-09,3043,1203.8297233546043,504.39916007926655,28.551065238317431,21.765020319265812,2.254506099045912,1.7186528994998269,0.36392830336933657,0.54110272651179236,0.66666666666666663,0.66666666666666663
4,2017-06-12,3044,697.12593131443725,212.82227982545712,22.552624376000342,13.760659917873378,1.7870542294770477,1.0903850965034374,0.20702811319564543,0.37514325814928356,0.33333333333333331,0.66666666666666663
4,2017-06-13,3045,2154.3393433447759,1358.542869035902,45.505646555230669,36.851077124442099,3.5676712312999346,2.8891475597367382,0.26584272012707438,0.41043192552718727,0.33333333333333331,0.66666666666666663
4,2017-06-14,3046,396.55466995894648,212.23587746989884,15.184248501753245,11.560804803658735,1.2103342634214058,0.92151008757392983,0.43404796352373604,0.45614038506209637,0.66666666666666663,0.66666666666666663
4,2017-06-15,3047,547.62321547868339,324.57915461627869,22.135776169792734,17.964410384101484,1.7632448757203072,1.4309710358532326,0.17694091019947031,0.17999422896647232,0.33333333333333331,0.33333333333333331
4,2017-06-16,3048,84.003616002336699,47.725293177507716,8.9019187230267107,6.0610395946281796,0.71320904723204015,0.48560185832056879,0.31449229972635617,0.35454698384623562,0.66666666666666663,0.66666666666666663
4,2017-06-19,3049,30.780162017425223,6.6879278982922372,4.9415146619582329,1.7832968377851255,0.39780346658816873,0.14355955866890399,0.25537947153887336,0.23447836704826583,0.33333333333333331,0.33333333333333331
4,2017-06-20,3050,102.36987846820496,30.993720763849023,9.2284100634976767,5.0224511008449708,0.74272918016077882,0.40422141656699967,0.13871914184158673,0.13070267022460591,0.33333333333333331,0
4,2017-06-21,3051,94.29697382185708,87.418333148890383,8.3124251261239497,8.3332617391212498,0.66456868613079234,0.66623454901832835,0.27001199921726171,0.30981934092296604,0.33333333333333331,0.66666666666666663
4,2017-06-22,3052,292.99027274244639,124.40790588663272,16.492029896316126,11.058899572997385,1.3133734089604303,0.88069599211574301,0.19399200865472013,0.19328479626749018,0.33333333333333331,0.33333333333333331
4,2017-06-23,3053,356.50632164462348,6.3674617953112138,15.060274550493432,2.031216599639341,1.2067527684690249,0.16275774035571641,0.20503018680923371,0.27481994317904934,0.33333333333333331,0.66666666666666663
4,2017-06-28,3054,267.05834026736096,49.583408211637682,14.776198520579328,5.0214879552003522,1.1882749111845057,0.40381889466830329,0.25868876246660916,0.26074390438210182,0.33333333333333331,0.33333333333333331
4,2017-06-29,3055,54.016868664404512,7.5216344224390816,6.9966250946693735,2.0795635630030724,0.56322198387356603,0.16740298353818253,0.26235037954879187,0.44129541888960017,0.33333333333333331,0.66666666666666663
4,2017-06-30,3056,119.87823457417024,351.14954535232647,8.745463121360368,18.490218297836616,0.71144707108890526,1.504186967487217,0.30717134266319596,0.26081034616291721,0.33333333333333331,0.33333333333333331
4,2017-07-03,3057,301.59099450933076,535.38028108802064,15.90254583151947,21.394393473644339,1.3031669123592124,1.7532076926693714,0.27606022678286118,0.44819912202603157,0.66666666666666663,1
4,2017-07-05,3058,314.52460386772628,123.26987553724103,15.471830323854496,10.456647026608303,1.2631096680426561,0.8536735265416201,0.24381240420811454,0.39691748585773673,0.33333333333333331,0.66666666666666663
4,2017-07-06,3059,234.52344267388563,393.91888544080683,13.609181756588669,18.242144346147295,1.1194983553316058,1.5006082627522144,0.46835918976853952,0.49437191814484599,1,1
4,2017-07-07,3060,854.23244279802736,172.11858801635844,24.104210264709234,11.930838531326041,1.9889603320991196,0.98447384531116766,0.23763235126886492,0.1507557269666519,0.33333333333333331,0.33333333333333331
4,2017-07-10,3061,999.1142781756522,30.405730926094634,26.947940848793603,5.2961174508498061,2.225171615440618,0.4373161678584539,0.42727361978619793,0.58971288041394931,0.66666666666666663,1
4,2017-07-11,3062,1300.2992289673618,107.31468870515135,30.210939748165782,8.1213155257173639,2.4787446462229883,0.66633701392495603,0.27008111980999666,0.16672266344912712,0.33333333333333331,0.33333333333333331
4,2017-07-12,3063,554.00746948519236,143.98258218196938,15.996001140310151,11.523290614591966,1.312330883609004,0.94538441337205403,0.085558212077726237,0.39849097556837415,0,0.66666666666666663
4,2017-07-13,3064,563.47806989993171,3.8113946443950035,20.168663531992479,1.7361235231483836,1.6393289061198468,0.14111383590574525,0.30441559814593483,0.46301186809213846,0.66666666666666663,0.66666666666666663
4,2017-07-14,3065,697.36828989387186,24.792203083250786,21.086377883869698,4.1341650244085031,1.6994864302937496,0.33319887361744938,0.27176360682741074,0.37247581434827115,0.33333333333333331,0.66666666666666663
4,2017-07-18,3066,210.35225118650382,8.9320251752767756,13.95553999350121,2.7134392566314696,1.1234987717667921,0.21844698761272544,0.17963393128156246,0.24300615696733496,0,0.33333333333333331
4,2017-07-19,3067,40.965007156631884,40.296735708279819,6.270725152161428,6.2334935293708895,0.5062343708857211,0.5032286695221514,0.31884628902633194,0.43051178954886754,0.66666666666666663,0.66666666666666663
4,2017-07-20,3068,143.01352548492798,9.9171190558330604,10.309877780662797,2.8011447816805535,0.82574809023769957,0.22435183065800757,0.15502715539591114,0.17078456648758253,0,0
4,2017-07-21,3069,289.51715818548092,292.09498477330067,16.764030595997838,14.157342180344054,1.3351941854962239,1.1275809151641953,0.25429530145030999,0.18176690185431066,0.33333333333333331,0
4,2017-07-24,3070,317.65343279824634,231.989571600196,17.485332849417926,13.81725520130999,1.3939200294497709,1.1015031251044316,0.25270808011731699,0.29298185300222829,0.33333333333333331,0.33333333333333331
4,2017-07-25,3071,142.50221223107542,48.792922017725537,11.22354555351952,6.1113941263779452,0.89925050504923643,0.48965580693677957,0.39305007637340772,0.3107610843017824,0.66666666666666663,0.66666666666666663
4,2017-07-26,3072,463.48274221688717,418.58357326403711,21.313260126407158,18.718019393952243,1.6900531382449575,1.4842613110738438,0.4034052775280485,0.41948056560052899,1,1
4,2017-07-27,3073,897.93879650553117,698.10175795571706,29.180462189989839,26.236532324658508,2.3069382710087627,2.074198144095067,0.21279791913079082,0.16694801873303544,0.33333333333333331,0.33333333333333331
4,2017-07-28,3074,1063.7708565431133,891.62168753848982,26.910148507593476,29.61136367126657,2.1230048919248534,2.3361101077879822,0.31143879430873156,0.23538010160959441,0.33333333333333331,0.33333333333333331
4,2017-07-31,3075,884.26712641800066,792.00587943339815,28.220725803702862,27.737632420165482,2.2204434323697124,2.1824330162607093,0.280917718836384,0.2396228085988216,0.33333333333333331,0.66666666666666663
4,2017-08-01,3076,1338.9522668432312,641.58684400679624,31.058773581713393,23.776148941553021,2.4463432247726362,1.872727547381303,0.2930875650461548,0.33028141942451428,0.66666666666666663,0.66666666666666663
4,2017-08-02,3077,1376.4363416171043,636.88736085803691,31.863631753859561,24.984713138444778,2.512706549472405,1.9702478620333397,0.45678557804244008,0.22124310492687768,1,0.33333333333333331
4,2017-08-03,3078,629.04520371812168,207.88513724409628,20.128879208014116,13.575166569866042,1.6004515550619474,1.0793644406349718,0.37013544692603223,0.44649315121888139,0.66666666666666663,0.66666666666666663
4,2017-08-04,3079,356.4591321668135,498.85925954439944,17.64105366574616,20.986075214311693,1.4023095123804581,1.668209476495365,0.12612106822328981,0.25553097895819915,0,0.33333333333333331
4,2017-08-07,3080,440.85126575891491,441.04607848177096,19.612144262714612,20.639018858431502,1.5542989588456662,1.6356806830267476,0.51979461213119571,0.33718522388902072,1,0.66666666666666663
4,2017-08-08,3081,1124.0255189354393,1497.9978922808743,33.212840263164253,38.379823116316096,2.6130238986007046,3.0195368487719683,0.15697734407281758,0.13633335317024053,0,0.33333333333333331
4,2017-08-09,3082,2866.5733587173381,1689.327724239477,50.705364067372251,41.078594977953877,3.9477860532055629,3.19827117548691,0.21315524873074035,0.074324139604410047,0.33333333333333331,0
4,2017-08-10,3083,1402.5855362901432,950.36843028887313,35.734770687997525,29.275254798110989,2.7867714799966876,2.2830269670210552,0.27835644743023685,0.27328459743229283,0.66666666666666663,0.33333333333333331
4,2017-08-14,3084,963.99373341372075,69.320441129421042,28.19532329074832,6.8345272934944505,2.215307270928959,0.53698898397127881,0.36051019103872584,0.55797069801166488,0.33333333333333331,1
4,2017-08-16,3085,2591.149251825907,1683.8073529270521,49.387254308125115,39.883518108528357,3.8198819945954923,3.0848107439499071,0.33567962055627137,0.14574997548571508,0.66666666666666663,0
4,2017-08-21,3086,1969.1310977435994,862.84941446050891,42.684803655019628,27.805209858186192,3.3238439226771241,2.1651775313959032,0.2244627814354215,0.13257381358918566,0,0
4,2017-08-22,3087,2286.7697284460774,1022.4134574948649,45.896482795481234,30.615772484778898,3.567130361441047,2.3794950052289976,0.12314976903961124,0.26853678336640696,0,0.33333333333333331
4,2017-08-23,3088,2460.5068515264088,616.27936163373397,47.663091566282823,24.647632922346702,3.6976797180979695,1.9121515067763151,0.13137185764021325,0.15312473109175864,0,0
4,2017-08-24,3089,6302.1507971841138,2921.5177447669553,78.302518092883403,53.984181352225811,5.9380819848241302,4.0938976492796266,0.31973436860691362,0.21579602484518431,0.33333333333333331,0.33333333333333331
4,2017-08-29,3090,2867.1236317600742,1676.6380296599,53.475251571427712,40.577012041450644,4.0867597685462522,3.1010326359534308,0.35368844583946063,0.48497499812516676,0.66666666666666663,0.66666666666666663
4,2017-08-30,3091,2265.1143184474604,1806.4558453587015,46.886233921179837,42.329226915166906,3.5743269617823397,3.2269279142494303,0.11373068671098746,0.16960864785121885,0,0.33333333333333331
4,2017-08-31,3092,1367.6618129197802,2147.7993350961756,35.901401448133733,45.220837286482492,2.7189792069171261,3.4247831934627757,0.17943472943720215,0.25838930085934025,0,0.33333333333333331
4,2017-09-01,3093,5357.3104631835495,3780.6659890739884,73.134738114559013,61.32932612539836,5.4760015060880542,4.5920651510911883,0.13961989095458716,0.10153455986764325,0,0
4,2017-09-05,3094,4421.1418498102976,2666.491944110066,62.930701551354254,51.235956509968673,4.7038682626119721,3.829723549722964,0.19781138818181901,0.176750375784575,0.33333333333333331,0.33333333333333331
4,2017-09-06,3095,4461.9138097292043,1398.0884805007281,64.401419765863622,35.561845185601442,4.7935556208309356,2.6469553543432411,0.27705683510923046,0.23223653647081344,0.33333333333333331,0.33333333333333331
4,2017-09-07,3096,4647.8697892539649,1962.2317447917692,67.574917622383808,42.051648772087823,5.0194924881993543,3.1236136506657624,0.25073442150171915,0.21963975654930321,0.66666666666666663,0.33333333333333331
4,2017-09-08,3097,2147.487192756033,420.08321856298375,44.31414694937606,19.933421565329429,3.3214021098318138,1.4940354943283938,0.41154015898992585,0.52430456956126181,0.66666666666666663,0.66666666666666663
4,2017-09-11,3098,2202.5335183578568,144.03253673221329,44.527021834150752,10.002999996886652,3.3567298781870156,0.75408970952782906,0.2580680988031358,0.39689209121582109,0.33333333333333331,0.66666666666666663
4,2017-09-12,3099,2575.5239875040384,339.19681042948361,46.235009335372069,17.11335811876241,3.482732050421609,1.2890933011007051,0.26919867208928672,0.19964239257302485,0.33333333333333331,0.33333333333333331
4,2017-09-13,3100,2413.8656979046741,636.44876996330424,45.244646805744424,23.730026328225904,3.4158504251062194,1.7915538355083542,0.36351624291745116,0.5109520700046486,1,1
4,2017-09-14,3101,2102.6524633248487,1093.4239152573762,45.353881378956885,31.433717767230746,3.4284976663232332,2.376211797802529,0.3192854505859965,0.32925068971510135,0.66666666666666663,0.66666666666666663
4,2017-09-15,3102,1506.5491397264611,547.48098205879717,37.620152574130088,23.385029654868429,2.8726445154344908,1.7856620078549506,0.3114579471722736,0.40224403421146809,1,0.66666666666666663
4,2017-09-19,3103,2850.8569366341412,1479.5553666430303,52.75539243561343,37.597314799368327,4.0231367677582117,2.8671787386081236,0.25464058381966187,0.12130914194957836,0.33333333333333331,0
4,2017-09-20,3104,1030.7655422509019,402.37524167037617,29.39440992263091,19.799310601934469,2.2749330487292712,1.5323357791141916,0.26915166787599287,0.53533659706813386,0.33333333333333331,1
4,2017-09-21,3105,2515.7798518953864,932.87514471489351,46.871937898605438,30.141694248596878,3.6200137394659744,2.327903479193457,0.14659137573528588,0.21114363873554878,0,0.33333333333333331
4,2017-09-22,3106,2483.9068409482147,1131.3947075020276,47.442362722651147,32.270874212240336,3.6683184661448345,2.4952349966937555,0.42604875815669524,0.33478952183424199,0.66666666666666663,0.66666666666666663
4,2017-09-25,3107,3522.412960104612,1763.2729905046601,57.631240925990824,41.119382842534833,4.4330018788501073,3.1629077991257901,0.27481010966377439,0.29241152851423541,0.66666666666666663,0.66666666666666663
4,2017-09-26,3108,1694.7062439747481,643.69776226390547,37.260220659895289,23.350490465115097,2.905167101469361,1.820630031196842,0.33482886958828573,0.28714518367727937,0.33333333333333331,0.33333333333333331
4,2017-09-27,3109,1886.8672962056899,694.10564067641917,41.615406433560644,23.991519063489552,3.2427168296692752,1.8694447394311415,0.26506487889875335,0.63138868911628909,0.66666666666666663,1
4,2017-09-28,3110,2096.8051918400638,817.64397285292489,43.928031200767691,27.065772484778716,3.423585940360665,2.1094047607184723,0.29953000749946024,0.43131381243964162,0.33333333333333331,1
4,2017-09-29,3111,2621.507025594708,1776.6627797117508,49.462295723204079,40.679895546695356,3.8301297601985502,3.1500616034300255,0.20280998278543105,0.39711189363695604,0.33333333333333331,0.33333333333333331
4,2017-10-10,3112,2111.4212986102266,1408.3934786399034,43.850236607837211,36.041812542843367,3.4012206017325739,2.7955642848821696,0.38692972284298688,0.39823258986909238,1,0.66666666666666663
4,2017-10-11,3113,2667.3272396142543,1285.7350238554627,49.536531648581331,34.733034860462872,3.8392971632304849,2.6919616245272522,0.3337490495269913,0.25566620031403486,0.33333333333333331,0.33333333333333331
4,2017-10-12,3114,3380.5072668743874,1623.110578281053,56.118557214537837,39.212520645483814,4.3181407521189472,3.0172761346170986,0.22118498873161077,0.13304134584461688,0.66666666666666663,0
4,2017-10-13,3115,3590.17958128596,1677.119750156324,56.980017614843895,40.733433082671205,4.3719801745449161,3.125407280186542,0.18503356947776917,0.12777433767354623,0.33333333333333331,0
4,2017-10-16,3116,2037.0255289325023,418.28041027513382,41.259141038741973,20.232716926829124,3.2114528926827766,1.57483688864208,0.20434684744731813,0.38515498892814098,0.33333333333333331,1
4,2017-10-17,3117,1806.1246212032183,557.88728492804228,39.80112673021813,22.568486443093963,3.1089772481032747,1.7628875521866867,0.23496104183088629,0.21461275907687841,0.66666666666666663,0.66666666666666663
4,2017-10-18,3118,1748.1960676530077,850.53052669314502,36.200261271402574,27.738485039997311,2.8394588808065393,2.1757381002429454,0.2531316996022645,0.46336781691793322,0.33333333333333331,1
4,2017-10-23,3119,1817.5000519074345,1201.5199963113303,40.593515092227257,34.09902784596261,3.1801884204024646,2.6713954989198641,0.25359451361156543,0.37794538015906376,0.66666666666666663,1
4,2017-10-24,3120,1661.135043197203,1815.4877012737586,39.075316739058202,42.194700967938843,3.0647307246320161,3.3093883112108897,0.25612626948839351,0.344332876558539,0.33333333333333331,0.66666666666666663
4,2017-10-25,3121,1621.7978353658666,1443.7157934825884,39.014836968400687,37.235884544420891,3.0629901447223307,2.9233275402881964,0.26251039905220497,0.19203514708403577,0.33333333333333331,0.33333333333333331
4,2017-10-26,3122,666.37421471169,837.23464869554675,24.545618964096928,27.86091535999094,1.9381435480356053,2.1999222519634363,0.14991120977662073,0.46191473092002505,0,1
4,2017-10-27,3123,883.57336854335415,734.59374466381121,29.116008996907869,26.478006366676254,2.2889944179959021,2.0816042741097682,0.54527818086684932,0.5467125008465068,1,1
4,2017-10-30,3124,917.16237140699468,738.7794308696283,29.947532735392162,26.861541938224189,2.3577949640115072,2.1148322590421751,0.16102066109569815,0.33400024351132324,0.33333333333333331,0.66666666666666663
4,2017-10-31,3125,1923.7430491489802,1282.4478765367194,42.66250328688178,35.647761178959094,3.3407073557716438,2.7914146806279394,0.38203426054260009,0.36445735382735683,0.66666666666666663,0.66666666666666663
4,2017-11-01,3126,2304.1603911339676,1115.6630948164532,43.408511904853185,32.602141054545804,3.3934108743631319,2.5486351668656817,0.26312485427900117,0.35248623739067003,0.66666666666666663,0.66666666666666663
4,2017-11-02,3127,794.90693120252911,503.08205540907397,26.158119807541425,22.274558040171694,2.0582358806783714,1.7526601652507428,0.13827320053755049,0.28421958862449448,0,0.33333333333333331
4,2017-11-06,3128,1378.6933155867866,840.93022140580399,34.834844475958334,28.704857441337101,2.7308595544025036,2.2503024021117204,0.3116719047294218,0.21809449906142717,0.33333333333333331,0.33333333333333331
4,2017-11-07,3129,2223.7199378092323,1372.3621140811631,44.71692627636844,36.780317978271874,3.4826266570380411,2.8645107459713297,0.19957360068233024,0.22784722522428572,0,0.33333333333333331
4,2017-11-08,3130,3350.0025061800857,1670.6421507948569,53.587590239600331,40.86991066768686,4.1708896512764886,3.1810328975472335,0.29562171487992966,0.36250084054847348,0.66666666666666663,0.66666666666666663
4,2017-11-09,3131,2417.9633040529739,1214.5437822325741,45.896351737587032,33.20545886256658,3.5736472582408338,2.585490840346226,0.1738728901574762,0.29329263710940706,0,0.66666666666666663
4,2017-11-10,3132,1349.4040807345953,931.81536701830146,31.942033372677315,25.987587638752075,2.4994744217439897,2.0335371210729742,0.32756554258858428,0.29899665650576668,0.33333333333333331,0.33333333333333331
4,2017-11-13,3133,1675.4294073072106,648.32560554939289,34.938706003939387,21.428051791241312,2.741150635802557,1.6811589354496561,0.25729066000879958,0.13665036308341041,0.33333333333333331,0.33333333333333331
4,2017-11-14,3134,2441.8229290801437,1209.5206037149135,45.642605766020701,34.459537886816555,3.5597103233521055,2.687532201436325,0.24257868176409292,0.14095915047635191,0.33333333333333331,0
4,2017-11-15,3135,2083.0750377063046,864.41435671512556,40.213276180700177,27.655282646738289,3.1416622016172013,2.1605689567764288,0.33522209750190185,0.41775125442795363,0.33333333333333331,1
4,2017-11-16,3136,2285.1612303485272,1223.5634158649138,43.418421167053488,33.366899600576062,3.3805754791959739,2.5979600265173874,0.34931776349390881,0.4521013149113447,0.66666666666666663,0.66666666666666663
4,2017-11-17,3137,2838.5074017810962,1414.155418415332,47.837310865693553,34.762477813275986,3.7192746746768428,2.7027272440737047,0.15809298237708216,0.2208648144009604,0.33333333333333331,0.33333333333333331
4,2017-11-20,3138,2171.6258209913535,1229.9009294125733,41.808598048493344,31.368740020984507,3.2578974556606677,2.4443808946454073,0.20765566687004366,0.28376725550913279,0.33333333333333331,0.33333333333333331
4,2017-11-21,3139,2293.4153194605269,1367.4623986931826,43.992431199682414,34.822679637469868,3.4183481253881207,2.7058300351583102,0.16492063068328058,0.10203439596857444,0,0
4,2017-11-22,3140,2560.5461491078122,1956.923485777452,47.910799702836812,42.795801267247271,3.7125764977014186,3.3162186181516673,0.31589941677044803,0.22390738399176449,0.33333333333333331,0.33333333333333331
4,2017-11-24,3141,2932.2046644056668,1543.2995684479356,52.280883598523054,38.814805391980521,4.0374456404759487,2.9975137378933141,0.27800338429980936,0.099781491164981681,0.33333333333333331,0
4,2017-11-27,3142,2463.1779158269787,754.35831647713769,48.180366060219363,27.322145620974652,3.7295634988752071,2.1149626985311496,0.21392296780693543,0.35776048448033654,0.33333333333333331,0.66666666666666663
4,2017-11-28,3143,1890.5470140665004,455.31191317098865,41.816660510121437,20.941658008359052,3.2571297667267545,1.6311608060411305,0.19857994071344987,0.40273820148883216,0,0.66666666666666663
4,2017-11-29,3144,1868.9999744951492,896.2183658718244,40.397990856499668,28.9047434105352,3.1555999731682292,2.2578302929647869,0.22174550527451328,0.17715275163793187,0.33333333333333331,0
4,2017-11-30,3145,1375.0311233737166,694.33394667651555,32.295783785728112,24.271113557709743,2.5360857344794154,1.9059337671451366,0.3854053483754516,0.29271319849395688,0.66666666666666663,0.33333333333333331
4,2017-12-04,3146,832.00316456257303,439.17630035675853,25.275604830573837,20.452059698685236,1.9960202819690307,1.615103822055219,0.26446981656092489,0.141434369035501,0.33333333333333331,0
4,2017-12-05,3147,715.40625090844935,594.47471213429878,23.330191208335236,23.911781138012582,1.8461811512491284,1.8922039359035037,0.095510343437351805,0.070927866859182065,0,0
4,2017-12-06,3148,285.61235929619068,135.47127617576351,15.662730602073983,10.27410309233907,1.2480263427947396,0.81865363285570281,0.18592310500944909,0.34332358037324701,0.33333333333333331,0.33333333333333331
4,2017-12-07,3149,176.91204280581471,69.404538349991313,10.933786087009517,7.6377689569152762,0.87424827785627601,0.61070395049896253,0.42385112554857951,0.4422270911214225,0.66666666666666663,0.66666666666666663
4,2017-12-08,3150,185.92243306537088,45.414044942195709,13.608501352783,5.9285454025585596,1.0911679711969688,0.4753674700363677,0.099626367968133414,0.22294294770876469,0.33333333333333331,0.33333333333333331
4,2017-12-11,3151,150.87882461662718,41.25050883957605,10.978640893782995,4.2689505153332448,0.88473212134603874,0.34402051054341559,0.14707412285526442,0.12026162890156934,0.33333333333333331,0
4,2017-12-12,3152,145.51931534447343,77.283782931163685,9.9375374294450012,6.8755334759339348,0.79970526129199693,0.55329605890105293,0.48815451209340838,0.50522021376256299,1,1
4,2017-12-13,3153,358.41469592631364,260.03442861231878,16.970558846182332,13.857366219105492,1.3565594601264854,1.1077031350204229,0.210714044710656,0.35007075507044622,0.33333333333333331,0.66666666666666663
4,2017-12-14,3154,518.25424748238163,99.271463255783672,20.092487226959975,9.4908731123888774,1.6015054381444267,0.75648598058256633,0.2260500322566186,0.11850774841373686,0.33333333333333331,0
4,2017-12-15,3155,589.39108340572363,266.34019992525378,23.377672808280902,15.638541303927846,1.8544877683865544,1.2405633272987344,0.18263495141357355,0.21966175752663411,0.33333333333333331,0.33333333333333331
4,2017-12-18,3156,306.21968284567669,368.49581895796246,17.418775641247748,17.56818362169891,1.3820586060417941,1.393913089356045,0.53535959066623517,0.39781855134578498,1,0.33333333333333331
4,2017-12-19,3157,1046.1774497514643,689.18862210562554,30.957445105347535,26.186644870377677,2.4480997275985552,2.0708271614706955,0.34644954540866274,0.17823626947027835,0.66666666666666663,0.33333333333333331
4,2017-12-20,3158,559.56514318038069,546.38329995072911,21.051504019392723,23.098342975154765,1.6647427163332982,1.8266057471159514,0.11270528580954974,0.27481378559881681,0,0.66666666666666663
4,2017-12-21,3159,579.32898547538173,591.5990701263953,21.400150614475098,24.169137938681917,1.6876424915795987,1.9060082755949626,0.11252281884897224,0.30189313578413313,0,0.66666666666666663
4,2017-12-22,3160,1746.923146977555,1395.627598565562,37.4393553371699,37.091347234959812,2.9263213488486706,2.8991204654494145,0.27545985965871278,0.17375428884278324,0.33333333333333331,0.33333333333333331
4,2017-12-27,3161,3904.7316344000719,2392.021244296337,58.831200386384353,48.847715087031474,4.5570255915092455,3.7837114707228099,0.4473141618151944,0.3139212173490416,1,0.66666666666666663
4,2017-12-28,3162,5488.8932743641826,3274.6526119562536,73.187556923372085,56.938136230345663,5.5677106826452709,4.3315432659068591,0.27283996991113019,0.28914901196036846,0.33333333333333331,0.66666666666666663
4,2018-01-04,3163,3346.8681908678068,1900.0613357527445,56.569613641837122,43.197836107125717,4.3149972266847536,3.2950294513444489,0.19556845696193906,0.17721173051057981,0.33333333333333331,0
4,2018-01-09,3164,4470.6571374164805,2924.6756549574552,64.449461759191536,53.808835025375707,4.8834598794613777,4.0771990926596482,0.22179072626510221,0.24072280243399194,0.33333333333333331,0.66666666666666663
4,2018-01-10,3165,3578.0371913094309,1143.8739568584315,54.976851156136263,33.255408221322796,4.1553116780270036,2.5135413039055816,0.21983997060978744,0.24211026526459692,0.33333333333333331,0.33333333333333331
4,2018-01-11,3166,3765.798001437608,1579.6865175483742,59.237235118259456,39.059147485782738,4.4410717185785105,2.9283013446626485,0.19463144743360397,0.19687798585738825,0.33333333333333331,0.33333333333333331
4,2018-01-16,3167,3430.2793029070035,1865.8805513474706,56.143910618000668,39.618032383929176,4.2034897329390679,2.9661986586253266,0.37679920562909097,0.39653973142737181,0.66666666666666663,0.66666666666666663
4,2018-01-17,3168,2415.1700970871857,997.18626102784822,47.600010369263224,30.546803218122857,3.5730378598756354,2.2929592567274324,0.4068540344683429,0.24276348306875797,0.66666666666666663,0.33333333333333331
4,2018-01-18,3169,2509.1734917264316,613.24553547354401,48.9561604631809,22.864709524178124,3.6737325876617817,1.7157969026097948,0.32423356235590528,0.24315002668687943,0.66666666666666663,0.33333333333333331
4,2018-01-22,3170,2344.8704460265794,810.9803038598053,46.365195959794846,26.058954862509381,3.4772158361928036,1.9543238984932787,0.50910278062273129,0.29337771871145502,1,0.66666666666666663
4,2018-01-23,3171,4798.5994873542395,1841.0123999664847,66.933679776312076,41.492301519506782,4.9444987645942282,3.0651031631459542,0.23600034922370297,0.32728768124071617,0,0.33333333333333331
4,2018-01-24,3172,3864.9915006206938,1608.2977075146473,60.163255896255727,39.91269124076765,4.4769323880087599,2.9700257648374184,0.17311854492791703,0.3056332605265491,0.33333333333333331,0.66666666666666663
4,2018-01-29,3173,3581.392112666585,1517.0009832545911,56.648607978179825,38.161989518192136,4.2121055824358562,2.8375336097994004,0.3230967978501576,0.17095990539625705,0.66666666666666663,0.33333333333333331
4,2018-01-30,3174,3757.6007576605093,1426.9315678674345,59.993449454035421,36.355735609865782,4.4603137023928792,2.7029281892766654,0.11324430287926068,0.18187457148245223,0,0.33333333333333331
4,2018-01-31,3175,4170.7419401908855,355.28263290336093,63.332029019664638,15.921514379232121,4.7215140731102734,1.1869768799516995,0.20083123403967576,0.046153893939685865,0,0
4,2018-02-01,3176,2738.2058357722831,307.88881916402579,50.811613987495775,16.991211345510465,3.8171215856586991,1.2764310066867341,0.29491111611843929,0.37830821397460362,0.33333333333333331,0.33333333333333331
4,2018-02-02,3177,3182.8370528214818,968.78323769575036,55.370296341883964,29.58215491219168,4.151941837273843,2.2182179748194124,0.25227861422205927,0.41966691911849408,0.66666666666666663,0.66666666666666663
4,2018-02-05,3178,3433.3357964680945,634.2246209645815,56.714700670383081,24.068392581437593,4.259779230162466,1.8077506820968596,0.27462084893766042,0.1387716647709766,0.33333333333333331,0.33333333333333331
4,2018-02-06,3179,2313.1301606810162,227.03905846983869,43.084146918003853,14.334267621565914,3.2524928787229719,1.0821173609305035,0.24831720615800401,0.27867235716875488,0.33333333333333331,0.33333333333333331
4,2018-02-07,3180,2647.0779854025104,751.61561082943865,47.171561824841852,26.12324555351961,3.5859638773683415,1.9858790188543545,0.36505046339525576,0.23262420198466507,0.66666666666666663,0.66666666666666663
4,2018-02-08,3181,1487.33348199754,894.18323556762573,37.829787380339667,28.648273226132687,2.8787601689627631,2.1800679724627265,0.27755742538803213,0.15172583311560836,0.33333333333333331,0
4,2018-02-09,3182,5568.1437382073027,3936.1439598829311,74.536386805411667,61.427737525800616,5.5780270761767383,4.5970243237268935,0.30253571212404301,0.33711295305607786,0.66666666666666663,1
4,2018-02-14,3183,2224.4070195239005,1261.997577967777,46.60930853552145,33.742963429137411,3.5088123262334059,2.5402163156651043,0.17079291325893739,0.12152034046104727,0.33333333333333331,0.33333333333333331
4,2018-02-22,3184,2479.2283503215904,353.90553748898952,46.792225039138351,16.420914005199318,3.5236435889256637,1.2365611660980695,0.35219258038567963,0.45800172257040805,0.66666666666666663,1
4,2018-02-23,3185,1890.5858117679957,304.93328205247167,42.541557596137181,16.705254286139962,3.1902180424549815,1.2527374792755877,0.21068542631192824,0.13489355850679619,0.33333333333333331,0.33333333333333331
4,2018-02-26,3186,2574.959299503565,58.087983744723793,43.549323453084604,7.6039357889745434,3.2848820255013842,0.57355729126717281,0.25368759368791921,0.20897889587773474,0.33333333333333331,0.33333333333333331
4,2018-02-27,3187,1015.6677211014639,239.39692860795208,26.964542982521227,13.387700805345654,2.0461010723922475,1.0158744018929056,0.27512278552991348,0.40637035546646533,0.33333333333333331,0.66666666666666663
4,2018-02-28,3188,1689.1703043680488,545.81578275599315,40.358206019364992,23.329955997898878,3.086079603851271,1.7839767538060698,0.11926033629555166,0.28001822263043369,0,0.33333333333333331
4,2018-03-01,3189,3161.4540382417381,2683.9101335264568,54.520193447161013,51.721788843985145,4.1290664531324603,3.9171303274753968,0.25446754160994739,0.33124125557821854,0.33333333333333331,0.66666666666666663
4,2018-03-05,3190,3634.6673654695282,3079.0109748504801,60.24918402819268,54.298590459601655,4.5252504152165152,4.0783078308248202,0.28310020502285338,0.41392229640517603,0.66666666666666663,1
4,2018-03-06,3191,2493.1629812925917,1410.2523643216136,48.949625026401613,36.507422044873543,3.6820840248534386,2.7461578189313633,0.39374523122413013,0.08004418775402096,0.66666666666666663,0
4,2018-03-07,3192,1193.0623280216748,172.88940373644087,30.678761040653246,9.2798511179402485,2.3223891779449848,0.70248683708858806,0.25061722328170621,0.30651552151424549,0.66666666666666663,0.33333333333333331
4,2018-03-08,3193,2650.6035344701909,2172.1643025603794,51.194122930645257,43.931956743730247,3.8765805641863742,3.326666420091644,0.20720846161890791,0.20386706759452569,0.33333333333333331,0.33333333333333331
4,2018-03-09,3194,2845.9809204631656,1747.2838898517987,52.902613237743481,39.97005746401851,4.010356156444943,3.0299857835741579,0.2591570059837337,0.39936366530543888,0.66666666666666663,0.66666666666666663
4,2018-03-12,3195,4043.8927729134925,3053.6579423266498,62.533378923001088,54.430304642670158,4.7275281741070563,4.1149351459210104,0.42739067523950397,0.37943251495217351,0.66666666666666663,0.66666666666666663
4,2018-03-13,3196,2138.1126276431555,1947.1616169787419,46.035075154593947,43.412559444695638,3.4781515737670623,3.2800090245699551,0.200148204455496,0.30330477644409859,0.33333333333333331,0.66666666666666663
4,2018-03-14,3197,1676.2453922265397,1659.6698619457522,39.115271662742238,37.111119756027698,2.9660869507292702,2.8141133464286399,0.2883116651201158,0.31734171837035469,0.33333333333333331,0.66666666666666663
4,2018-03-15,3198,1364.4332990636976,991.32237623376511,35.74124788345754,23.024458702892389,2.7281312787922709,1.7574581102887101,0.37338384293029958,0.33219268757506465,1,0.66666666666666663
4,2018-03-16,3199,3392.5527276264384,2019.3842562406235,57.837086396799272,44.885580773419782,4.4069709232550496,3.420114353354144,0.43907672306913065,0.3249739961203742,0.66666666666666663,0.33333333333333331
4,2018-03-19,3200,3268.4244992604217,1966.6191269785593,56.801180139314965,44.003655185635807,4.3326605750812339,3.3564954375008242,0.16506000457351344,0.21787172481101411,0,0.66666666666666663
4,2018-03-20,3201,6067.2408699704711,3793.0684480647355,77.57263618551822,61.375633601501171,5.8362589764524868,4.6176604297108055,0.45913653222375733,0.39941322058969125,1,1
4,2018-03-22,3202,3261.4287115531224,2327.0534159955851,56.743415502349386,45.603218707276788,4.2138285684204204,3.3865452775342924,0.28024637306929073,0.12323695918669396,1,0
4,2018-03-23,3203,4249.3141862867124,1120.791282833869,58.969518923554155,32.049369530771251,4.3959535520186481,2.3891587111536956,0.29541661481078202,0.40182578038126998,0.33333333333333331,0.66666666666666663
4,2018-03-27,3204,2636.0374644226499,536.94032785983575,47.470042303389995,21.267275866098164,3.5626134041344888,1.5961031082665889,0.12691458409576178,0.3972389270845853,0,0.66666666666666663
4,2018-03-28,3205,2956.4764414141614,1580.8928298666499,47.996410061051314,35.337080347973973,3.5994158056958505,2.6500491467977034,0.1391972364903713,0.32796077989463845,0,0.33333333333333331
4,2018-04-03,3206,3420.481500550839,1366.5891741149032,53.143743531045402,33.839276093574199,3.9739582390671799,2.5304177143179691,0.19969029919654754,0.10236018160348714,0.33333333333333331,0
4,2018-04-04,3207,3479.1253652669197,361.13068212506914,52.544387204051496,18.503657514239574,3.9449218967717621,1.3892156247786758,0.28992925240371537,0.44287295220785755,0.33333333333333331,1
4,2018-04-09,3208,4059.7565861832663,562.02212293136847,59.105810790983774,23.184809334567944,4.4143404003871511,1.7315664763111354,0.21484989857685355,0.11000647659188534,0.33333333333333331,0
4,2018-04-10,3209,7395.0919474646435,1907.972488871168,78.789843322610224,41.853728870035262,5.8330441105023292,3.0985547932656119,0.075568186324793715,0.11781658585918964,0,0.33333333333333331
4,2018-04-11,3210,2998.9579637402735,949.42909538803724,51.839923229976272,28.730897039013144,3.864757388450164,2.141938870467301,0.39005816372787039,0.21720405351084512,1,0.33333333333333331
4,2018-04-12,3211,4284.7723099809964,442.46391872363375,61.674883844969827,18.791496887696741,4.5899295858428095,1.3984890144895992,0.13440079962935947,0.35158861747196718,0.33333333333333331,0.66666666666666663
4,2018-04-13,3212,4120.5315397572522,637.70390205105184,63.154404145774528,24.734054663885143,4.6803575162689093,1.8330347696213096,0.1864037773417333,0.32033257854265296,0.33333333333333331,0.66666666666666663
4,2018-04-16,3213,3840.5996007380113,436.64198603426365,59.995875573691819,17.458580963594841,4.4702984556807861,1.3008405456817556,0.48189652220672424,0.56488288250198926,0.66666666666666663,1
4,2018-04-17,3214,5682.6669127769565,864.64471677231666,70.356174602605506,23.324345969067206,5.205976884280255,1.7258756127912394,0.2976003134501426,0.22839956937136563,0.33333333333333331,0.66666666666666663
4,2018-04-18,3215,3831.082121642095,2200.8156022539447,60.610791648687531,45.400380909793363,4.4943490767230863,3.3664823453799024,0.21329192945711428,0.28560259877822364,0.66666666666666663,0.66666666666666663
4,2018-04-19,3216,2751.0860628780265,667.84013534441829,49.902190300438711,25.470847645610018,3.7330982083739452,1.9054309067222757,0.23105377558194931,0.33552590914423663,0.33333333333333331,0.66666666666666663
4,2018-04-20,3217,2541.3378716605098,458.5813660061055,46.913679307605058,19.310157592544254,3.5425265655519937,1.4581407228380467,0.14220075856197134,0.44704529572660889,0,0.66666666666666663
4,2018-04-23,3218,3310.982662522827,1741.8457680404535,56.701285611803009,40.856572225292744,4.26694402015299,3.0745811961690741,0.11630601665617336,0.15665951252263036,0,0
4,2018-04-24,3219,3207.1365123434894,1348.7349573708398,55.116743490758232,36.025973563834292,4.170297998014469,2.7258331300899847,0.20788331550423797,0.37053939194920971,0.33333333333333331,0.66666666666666663
4,2018-04-25,3220,2768.4022123549726,1842.6210784662424,51.635490740548072,42.535330213275984,3.9097062724727842,3.2206655722931763,0.21669325406902593,0.25328718433674924,0.33333333333333331,0.33333333333333331
4,2018-04-26,3221,1509.5991139880191,665.33327261520674,37.135091203099059,25.513440309987573,2.8473463581581857,1.9562521323407125,0.51100233712813525,0.49786477064871787,0.66666666666666663,0.66666666666666663
4,2018-05-02,3222,2727.0544811716318,926.72453778111901,51.946374040753504,30.426631765321417,3.9756906506010643,2.3286875681403196,0.15034559173196668,0.3552402984701622,0.33333333333333331,0.66666666666666663
4,2018-05-08,3223,4129.813538074729,2110.562354421078,62.577707856992141,45.716572541460813,4.7629263505721466,3.4795884264916714,0.2907338757341506,0.40939047523135752,0.66666666666666663,0.66666666666666663
4,2018-05-09,3224,3855.413743941624,2758.2980880381328,61.987258701532483,52.241405926058711,4.7002774265644893,3.9612834338837359,0.42072526365146024,0.55509205628361891,0.66666666666666663,1
4,2018-05-10,3225,3567.1466879994841,2730.6293072573067,59.557001078636858,51.52003067520976,4.497074117766215,3.8902126080877228,0.19570292577850909,0.14776896503006393,0.33333333333333331,0
4,2018-05-11,3226,2008.7717715805959,1565.2438408932146,43.738347434758985,39.477815640063532,3.3138877474530428,2.9910835049485573,0.21899343712998998,0.34722205926493621,0.66666666666666663,0.66666666666666663
4,2018-05-14,3227,691.24663731976136,321.75083620738462,25.846309898344469,17.595893303416688,1.9958540462042056,1.3587562396460762,0.18229049014306301,0.29944240279705242,0,0.66666666666666663
4,2018-05-15,3228,1292.512040953701,681.00727149185002,33.878947372263838,25.610971300141955,2.6237326135344694,1.9834246892655918,0.28936798304750549,0.29219605000276661,1,0.66666666666666663
4,2018-05-16,3229,2278.8223910033389,614.58225005557495,44.888197983973669,24.658694050853757,3.4810545160119166,1.912267859701726,0.33456141976893766,0.26635139167998184,1,0.33333333333333331
4,2018-05-17,3230,2094.2894308011714,1328.3056157133731,42.722083417904514,34.259083662000954,3.3161595449743473,2.6592473540325199,0.2910140679357141,0.39920843621401425,0.33333333333333331,1
4,2018-05-18,3231,2904.2021026222096,1590.1941560806797,50.913448170330334,38.243697089444595,3.9518335988147899,2.9684245033915158,0.23117016510381605,0.2887259629511108,0.33333333333333331,0.33333333333333331
4,2018-05-21,3232,2863.4904077914002,2048.2626674772641,49.518259632579507,42.452496899031381,3.8295703671613244,3.2831287961820017,0.52416323788532004,0.50008816696227998,0.66666666666666663,0.66666666666666663
4,2018-05-22,3233,2409.8836950049172,1461.4800612397601,46.733504999417164,37.283663659725711,3.6255628393651791,2.8924486935396208,0.21760564771862478,0.14951167840698204,0.33333333333333331,0.33333333333333331
4,2018-05-23,3234,3890.237215223468,2574.8636485311013,60.803690417530639,50.009398089878381,4.6598222337840083,3.8325783109076439,0.35824548392551619,0.41438971951843762,1,1
4,2018-05-24,3235,3725.9602416672333,1972.671075760413,60.139075982026952,43.217424726322101,4.6136613718471002,3.3154909648118225,0.12070672243076896,0.38118393909470566,0.33333333333333331,0.66666666666666663
4,2018-05-25,3236,3197.6661426488099,1615.1890022510706,55.927460814817096,38.799174824602915,4.2997970950116935,2.9829457080497357,0.16511437756531325,0.27128753408439193,0,0.33333333333333331
4,2018-05-30,3237,3634.8235197498448,1251.3375895081247,58.866909976538409,35.268857667797647,4.5096648390499423,2.7018698178877423,0.28244882854924874,0.4974831155928508,0.66666666666666663,1
4,2018-05-31,3238,2197.3713697176968,666.6693556192098,45.075506256304685,25.441993350932687,3.4818095362509411,1.9652397150419194,0.15069971264883864,0.26171017066873964,0.33333333333333331,0.66666666666666663
4,2018-06-01,3239,3017.4464100842329,1453.9883149770546,53.741084263598317,37.365920132224723,4.1484491306957674,2.8843969379153749,0.17672872031813189,0.33967032059954111,0.33333333333333331,0.66666666666666663
4,2018-06-04,3240,2461.9039840928799,1124.1473283492187,47.839094058484989,32.392932622191971,3.7025729699690406,2.5070959035789611,0.13978340304430675,0.072469350998743493,0,0
4,2018-06-05,3241,3545.8401769416846,2309.7667242362468,57.581006206280485,47.348182576948226,4.4289674799077376,3.6418877453233001,0.3604254806754707,0.45816176296490124,0.66666666666666663,1
4,2018-06-06,3242,3052.5027085562729,2010.3405662587666,53.977633534285054,43.635037444008958,4.1609276187539068,3.3636567696287494,0.40963400846050702,0.40226060865411695,1,1
4,2018-06-07,3243,3126.3603011420178,2203.0290281541452,53.74287578708087,45.190677163371447,4.1396399604914977,3.4808917514632345,0.5034537049045259,0.47855333672461225,1,0.66666666666666663
4,2018-06-08,3244,3116.270092899314,1653.3316953914334,54.43241128879049,40.034441407832368,4.1883972983064401,3.0805202683773758,0.44710960733179617,0.19388565168457905,0.66666666666666663,0.33333333333333331
4,2018-06-11,3245,3076.4903384580375,1578.1687567165661,53.820920859447824,39.08444140783255,4.1443746089745366,3.0096208684274095,0.15616456658369182,0.14822326443301734,0.33333333333333331,0.33333333333333331
4,2018-06-12,3246,2748.0363489513984,1034.1947868049667,50.705782403760772,32.127566451760764,3.9120304288670886,2.4786920072337897,0.15613510064689182,0.26886649484546499,0,0.66666666666666663
4,2018-06-13,3247,3967.8432298846024,1450.8890834864678,61.52550231639043,38.012957776315943,4.7227405347449958,2.9179011918108575,0.099383631499624481,0.083595229255872552,0,0
4,2018-06-14,3248,1594.3212650858707,383.1747507039201,38.199685081731104,18.665208145595063,2.9721598974309358,1.4522628395716837,0.49787570974252088,0.3645914277007864,0.66666666666666663,0.66666666666666663
4,2018-06-15,3249,1401.8630391263744,697.52956698803916,33.258276879690584,23.524690952793588,2.6061416667077211,1.8434111156833903,0.3347419463820529,0.17436130891270954,0.66666666666666663,0.33333333333333331
4,2018-06-19,3250,1979.7049393042405,1091.0782996319394,39.311829177540403,31.704279852630709,3.0852165419510595,2.4881713900981564,0.49193253655319574,0.68165169167105277,0.66666666666666663,1
4,2018-06-20,3251,669.04628233706285,344.82576025234363,24.056237038033412,18.51754854408485,1.8999515885190073,1.4625082765932038,0.2268641799094305,0.4217711392551487,0.66666666666666663,1
4,2018-06-21,3252,638.93959412617085,790.01167280872266,24.883852786783866,27.351887655100729,1.9606707470971803,2.1551343541031973,0.36638757791984539,0.30106628089177051,0.66666666666666663,0.33333333333333331
4,2018-06-22,3253,1196.9340816711008,731.57649429523019,33.144310872986885,26.900424841813294,2.6124624318583494,2.1203140885799083,0.25775353188952616,0.39075052241724695,0.33333333333333331,0.66666666666666663
4,2018-06-25,3254,713.16870834748386,351.88887108030366,24.101629726228946,18.467735475995141,1.9123724292810398,1.4653444002217839,0.17758459030100635,0.25951820112551277,0,0.66666666666666663
4,2018-06-26,3255,212.91595235487708,74.066725571912158,13.84025455957817,8.0637020499064729,1.1031607332678279,0.6427309142281582,0.19793390773725206,0.18510988494130767,0,0.33333333333333331
4,2018-06-27,3256,232.7220891197926,24.616020472426545,14.628436104757156,3.462451931868145,1.1688255447051381,0.27665310469962406,0.44003143454117621,0.24674772512489085,0.66666666666666663,0.33333333333333331
4,2018-06-28,3257,329.86822903896842,104.26296441145234,16.0254886772193,9.5678135447667501,1.2815777261961134,0.76514962971464273,0.20533786537873822,0.29629668940620563,0.33333333333333331,0.33333333333333331
4,2018-06-29,3258,468.07722375743123,123.72456276174807,16.588403682719143,10.244486643700156,1.3294120598428547,0.82100389835712095,0.24277912262580381,0.30578444635497942,0.66666666666666663,0.66666666666666663
4,2018-07-02,3259,637.90730802167229,469.51701508355495,20.859882145654336,19.059016857973347,1.6664575311087944,1.5225897230256316,0.2636839620636004,0.14464301881678954,0.33333333333333331,0
4,2018-07-03,3260,696.04905928584458,270.65346509951763,21.703758678810043,13.791576923129469,1.7286944387741972,1.0984927855937452,0.39362690300756409,0.2711394610998254,0.66666666666666663,0.66666666666666663
4,2018-07-05,3261,582.68515344112836,112.1125037501135,20.360027208553447,9.6364221863485309,1.621860613259525,0.76762832567399775,0.35630389014843006,0.42033380775510548,1,1
4,2018-07-06,3262,1518.3813447945424,477.13092375307571,35.09001801367473,21.548358980703977,2.7803984005130329,1.707409292873022,0.49825663346760535,0.40461079618753093,0.66666666666666663,1
4,2018-07-09,3263,152.42303848195425,164.64489402154896,11.996212976362282,10.043180139930959,0.95663580353766198,0.80089155820821034,0.26532782275492062,0.34530713917505707,0.33333333333333331,0.66666666666666663
4,2018-07-10,3264,539.33062900677419,159.56514884836668,18.05824466570478,11.132037136888053,1.4430433646879319,0.88956665629599263,0.44379466308112231,0.20917696756502827,1,0.33333333333333331
4,2018-07-11,3265,101.3888607303391,54.687948448420137,8.5179905943612848,6.3793847761981697,0.68368172360231838,0.51203024128727581,0.15358152503909159,0.192564176445576,0.33333333333333331,0.66666666666666663
4,2018-07-12,3266,171.84135216786214,32.535444748721666,11.202235050274945,3.6491239574764527,0.90216920756019514,0.29388128835277866,0.37048674299346707,0.35367088206475428,0.66666666666666663,0.33333333333333331
4,2018-07-13,3267,201.23719146313968,176.76937158617602,12.730180474701456,11.581843542336552,1.0326233350666334,0.93947465463469759,0.20848783309008465,0.11195053395188519,0.66666666666666663,0
4,2018-07-17,3268,436.24619659782093,22.064247304860022,15.999140553954703,4.3761960360432113,1.3065855903597143,0.3573863647238229,0.47882862137887711,0.42856632439436931,0.66666666666666663,0.66666666666666663
4,2018-07-18,3269,307.35345024309248,16.566613430397169,13.78771735210133,3.1825610704736391,1.1324148784116734,0.26139058523047426,0.2289451879178751,0.27723038498950386,0.33333333333333331,0.33333333333333331
4,2018-07-19,3270,1001.8880140032629,840.01980569588397,27.250481214803585,27.575572173187766,2.2177400785191117,2.2441971249796757,0.23112349060661455,0.22663424307659322,0.33333333333333331,0.33333333333333331
4,2018-07-20,3271,356.44334313507812,42.809252637086253,15.883198482905678,5.0176758295009831,1.2966405553619069,0.40962290946577268,0.1139724222675665,0.38695627252298243,0,0.66666666666666663
4,2018-07-23,3272,356.16207582421242,63.422304605352622,14.988871874828115,7.7046722225826825,1.2202443826945184,0.62723753185840214,0.33785477475320985,0.12458881606352416,0.66666666666666663,0
4,2018-07-24,3273,488.66357116844915,81.438109117588638,17.62734914536107,8.5600900696585995,1.4313722407926164,0.69509460573760451,0.13347809253359702,0.35080256615286554,0.33333333333333331,0.66666666666666663
4,2018-07-25,3274,143.23798795397727,132.59878724071606,10.05362896856885,9.5759446878541894,0.81853278799664964,0.77964133424418403,0.24822414592732653,0.20003296461362041,0.66666666666666663,0.66666666666666663
4,2018-07-26,3275,74.11326157490781,173.58777387408324,8.5006541966736986,11.477122925445352,0.69452626305598253,0.93771174683976888,0.34020960971408237,0.30333341484945514,0.66666666666666663,0.66666666666666663
4,2018-07-27,3276,125.228721124941,220.27225984027302,10.674338734770268,13.517394714462171,0.87222901902028671,1.1045427941217658,0.43949533606945851,0.4323152048922097,0.66666666666666663,0.66666666666666663
4,2018-07-30,3277,214.37270030943674,96.815642396428757,13.600432759330866,8.4968849767204429,1.1139221720243144,0.69592407360829212,0.19249501564656193,0.20161926221381163,0,0.33333333333333331
4,2018-07-31,3278,232.80269559351052,31.941469950864217,14.23651790191199,4.6808372959369535,1.1678849796482356,0.38398993403912662,0.37336351185807354,0.35156926928495436,1,0.66666666666666663
4,2018-08-01,3279,239.59259725405107,90.920023925477707,13.433758701511655,8.65311345997217,1.1052498006097868,0.71192673166088039,0.39174429829035967,0.51273363710765529,1,1
4,2018-08-02,3280,1060.4782764820382,114.22440014888855,29.280587353567626,10.557971336759616,2.4073491205761428,0.86804006715116477,0.26700736371289374,0.29660434823263532,0.66666666666666663,0.66666666666666663
4,2018-08-03,3281,706.15948181122667,31.387987794370456,21.943013109015283,5.5099489455335515,1.8139968676075959,0.45549943748468991,0.37799761875353255,0.20819201294512188,0.66666666666666663,0.33333333333333331
4,2018-08-06,3282,1185.3569303030347,170.57170147330751,31.505809335074293,12.744731116073504,2.598738758203019,1.0512418951683511,0.18264751164702256,0.10907002076417889,0.33333333333333331,0
4,2018-08-07,3283,628.10865923293341,36.096865949464267,19.649128033632071,5.8637015154664214,1.6244990313448862,0.48478372249732721,0.32060284890351415,0.3322538903948461,0.33333333333333331,0.33333333333333331
4,2018-08-08,3284,1501.8191383196745,242.88836598249341,35.044159653294777,15.521662444203306,2.885718021516368,1.2781342592394027,0.14520754932028532,0.2948650917278175,0,0.66666666666666663
4,2018-08-10,3285,1454.647825594491,4.1486488667381725,30.26652687564092,1.8504827598632498,2.5214751427201167,0.15416193275821635,0.36643704849284675,0.27538442428164128,0.33333333333333331,0.33333333333333331
4,2018-08-13,3286,877.73576728155888,8.1968157673729181,24.163151877788398,2.8578569993176188,2.0186425963064658,0.23875162901567407,0.57537891092212257,0.58777610547026582,1,0.66666666666666663
4,2018-08-14,3287,1480.8417473411907,527.87186470170013,32.65808424826082,21.829416818704733,2.7666963951423944,1.8493236884704112,0.20044459148299554,0.18099941268296363,0.33333333333333331,0.33333333333333331
4,2018-08-16,3288,2111.5946488179575,239.29802164553158,40.787960184775862,15.241639562415761,3.4439110216385238,1.2869202146676033,0.10008241341683261,0.26819431828756773,0,0.33333333333333331
4,2018-08-20,3289,2877.7740707084126,1428.8658186377631,50.76790046684156,37.671126702723768,4.2628070420119704,3.1631157229710545,0.1232172108996949,0.15695794954852174,0.33333333333333331,0.33333333333333331
4,2018-08-21,3290,2598.6571815744028,737.88321872998051,46.958843329955016,26.519243151137363,3.9383438864389668,2.2241156666362532,0.29072125299705809,0.41731881831003664,0.33333333333333331,0.66666666666666663
4,2018-08-23,3291,2187.8453304548734,690.0023999691399,44.189754866344551,25.212691635442599,3.6895512120184151,2.1050923967139181,0.14067959287009837,0.13792266766478176,0,0
4,2018-08-24,3292,1440.3716503394323,714.38224199895785,32.856655605686377,26.267144594804147,2.7103861089450505,2.166809205593248,0.18064568266775791,0.399895678403488,0.33333333333333331,0.66666666666666663
4,2018-08-28,3293,1291.5914445939006,62.133759896379537,31.36242006970436,5.5252217260807202,2.6044195374276997,0.45882924149482812,0.57106804853438276,0.55889426810871401,1,1
4,2018-08-29,3294,539.60262197682891,74.581131097157979,19.071600927113877,7.7680102147778598,1.5928840664089101,0.6487939709995707,0.33780120307006811,0.42304020627954048,0.66666666666666663,1
4,2018-08-30,3295,1019.0868125975085,24.750616960084091,29.146861516754825,4.8374263842412502,2.4239562157889996,0.40229750794139046,0.14902657178690723,0.10535985317001188,0.33333333333333331,0.33333333333333331
4,2018-08-31,3296,1585.1622056901297,97.545899801054588,31.260957849032213,8.5175487197455677,2.6250961791184633,0.71524950411433574,0.24210280591959421,0.29136805487752793,0.33333333333333331,0.66666666666666663
4,2018-09-04,3297,959.1178076617166,37.704504938493208,25.710072400765359,6.0310991934654794,2.1484141723711336,0.50397753768408782,0.37522966411818165,0.36357071041419786,0.66666666666666663,0.66666666666666663
4,2018-09-05,3298,1073.6210383645778,116.41053152882967,29.317906277310232,9.3426528201845631,2.4327184398050226,0.77522738415836734,0.23695146322163341,0.25083530699167228,0.33333333333333331,0.33333333333333331
4,2018-09-06,3299,1430.3151530050081,39.678689908851688,33.119868095755692,5.4919519573206044,2.7625213191888971,0.45808257213450698,0.30928081185140111,0.13342677872249981,0.66666666666666663,0.33333333333333331
4,2018-09-07,3300,1282.3900653891533,54.373593927158105,30.910808257386254,7.1358538749003246,2.5832198109131084,0.59634413128032138,0.27852171378639229,0.13772262245045633,0.33333333333333331,0.33333333333333331
4,2018-09-10,3301,1394.4254378393778,129.12981105710847,29.365849505525603,9.5360904786291485,2.4680295420032441,0.80145316456941218,0.46697542737036085,0.18389017472735888,0.66666666666666663,0.33333333333333331
4,2018-09-11,3302,1569.7989848682275,17.214380727544604,32.324767424840807,3.813168351891818,2.703643979996722,0.31893345198158402,0.18488938261966922,0.1530688092981829,0.33333333333333331,0.33333333333333331
4,2018-09-12,3303,1293.6176623446684,45.200920604687077,30.038911392530583,5.1594428960792511,2.4991814461941497,0.42925603361864056,0.16046006479565533,0.10635646769474295,0,0
4,2018-09-14,3304,1215.399792006785,19.580349167741257,31.769992507084226,3.738064922680072,2.6470581992238142,0.31145350130645494,0.63721631034903059,0.48511808606234491,1,0.66666666666666663
4,2018-09-18,3305,1055.4713586891337,4.3998762266026255,28.060545706744506,2.0054702288088415,2.3319659026630521,0.16666419253792419,0.23508269250657507,0.36534826847443602,0.33333333333333331,0.33333333333333331
4,2018-09-19,3306,1185.2416622340209,40.059330937681146,27.28208715877463,5.9977377471507225,2.2759729005401375,0.50035352858519422,0.3832252499691256,0.23950408560554645,1,0.33333333333333331
4,2018-09-21,3307,1154.0483126642337,9.7609284306288284,31.27781805646244,2.8656974619210964,2.6023644276946865,0.23843060669948382,0.11616009855281267,0.29546229039262228,0,0.66666666666666663
4,2018-09-25,3308,124.39183603320818,119.52067315015707,9.9688092838994944,10.85126209298096,0.83473387346866179,0.90862567242880132,0.44482056890016808,0.32939083558106413,0.66666666666666663,0.66666666666666663
4,2018-09-26,3309,1432.6996930298685,287.86179147013883,29.19723768732403,16.711720121451663,2.4630704983401408,1.4097958597479046,0.39163216470239398,0.1950093551228177,0.66666666666666663,0
4,2018-09-27,3310,1137.2177609410808,108.65315491707146,28.604512175410491,9.4115855200040333,2.4093082480867967,0.79272145883377843,0.27412160291181892,0.52385250158082719,0.66666666666666663,1
4,2018-09-28,3311,1599.6104634120022,234.35544389547792,34.401926259614207,14.459811113477903,2.901769327283894,1.2196711326791703,0.37478488127306631,0.33154441763771975,0.66666666666666663,0.66666666666666663
4,2018-10-09,3312,1135.5483461875674,55.468274998088056,28.077015680474386,5.2689943537585195,2.3621921319598171,0.4432941573076325,0.15347584438488091,0.4744019279993516,0,0.66666666666666663
4,2018-10-10,3313,923.77469261904741,97.288629153040731,26.036003297474963,8.6217340216734701,2.1596784287234012,0.71517017308891973,0.14081890608299696,0.38615298233538581,0,0.66666666666666663
4,2018-10-11,3314,1692.5519225226597,448.96686101619753,37.38977423382979,20.181811438809365,3.0653637412445001,1.6545858937330902,0.11101528234701465,0.12658586581949297,0,0
4,2018-10-12,3315,342.45977124837151,18.172948879538666,17.101110975518015,3.9068732177682555,1.3903907456008795,0.31764488131779789,0.19934335565486441,0.38119837188599143,0.33333333333333331,0.66666666666666663
4,2018-10-15,3316,311.00707329666471,145.93756395371042,14.310989251459736,10.489694505926233,1.1628332860534438,0.85233562248527128,0.17614688886695096,0.37307682397508096,0.33333333333333331,0.66666666666666663
4,2018-10-16,3317,188.87187358144774,101.68853647683837,11.441160620801611,9.1465086255586812,0.93089464389582288,0.74419337094167703,0.46493838012917738,0.31249824900200268,1,0.33333333333333331
4,2018-10-17,3318,158.13281879950918,155.09518522865071,9.473916351198568,10.654766719911171,0.77158580862471549,0.86775800952161675,0.14429712082831572,0.057142018151352503,0.33333333333333331,0
4,2018-10-19,3319,107.53475432708028,311.27497463592914,8.5735169688790247,15.722674127798351,0.70142493404884432,1.2863187538082592,0.46792658032340961,0.49035919142653261,1,1
4,2018-10-22,3320,531.16349209633461,19.348791272033484,18.844938182518792,3.4717162058472391,1.5247330541299238,0.28089455122353163,0.096214332114845827,0.15917638583011864,0,0.33333333333333331
4,2018-10-23,3321,202.04637103010347,229.5910189223016,11.012367144121299,14.631595968689149,0.89491423705833151,1.1890289682409614,0.34850461842997066,0.22367660675301312,0.66666666666666663,0.33333333333333331
4,2018-10-24,3322,168.32802279023721,167.42471936997842,8.7969927123292564,12.314837172941907,0.71473778943201627,1.0005555064138696,0.34616171071974372,0.2950657577041455,0.66666666666666663,0.66666666666666663
4,2018-10-25,3323,264.8385030898217,38.075763374703939,12.907467076928697,5.9573467584344444,1.0461131480268022,0.482825850665352,0.30479859944462356,0.31506439069066028,0.66666666666666663,0.66666666666666663
4,2018-10-26,3324,189.89310760527496,117.21346009946069,10.907453732230579,10.747420831921923,0.88620846053222124,0.87320611244084534,0.3777717147332576,0.47683221341889181,1,0.66666666666666663
4,2018-10-29,3325,49.606506776035609,227.03798361615873,6.8531904057632191,14.912943202068012,0.55926149875658715,1.216985735438878,0.39901240176927971,0.37529087856130067,0.66666666666666663,0.33333333333333331
4,2018-10-30,3326,242.30962266679148,522.82851688449671,11.387176013896502,22.406854644254583,0.93725470298337399,1.8442614629618159,0.64110805562688689,0.21649925631208813,1,0
4,2018-10-31,3327,520.99876637629154,236.51487147026327,19.890787101809792,14.013003142235826,1.6156266175372451,1.1382043733286622,0.34051677243785233,0.29391497054657972,0.66666666666666663,0.66666666666666663
4,2018-11-01,3328,64.930246898229697,110.52305046974759,6.8777960409167163,10.274044779098404,0.55821735580851517,0.83386452228702235,0.35706149361580503,0.4516540850195272,0.66666666666666663,0.66666666666666663
4,2018-11-02,3329,130.37773483220118,228.68878537024247,10.712945277575045,14.416134437914101,0.86938082999188848,1.1699033830727614,0.085030716793506822,0.041609984805332755,0,0
4,2018-11-05,3330,451.86318387635941,895.54095256303174,21.191141123074811,29.920565708244641,1.7493099820930169,2.4699162711114937,0.28955397254784682,0.094429229053063349,0.33333333333333331,0
4,2018-11-09,3331,383.48080926567627,890.59526911708906,14.777082776143667,25.719435695106011,1.2257544503457896,2.13341924392236,0.2314387783423151,0.058167318485797058,0.33333333333333331,0
4,2018-11-12,3332,463.28680455269887,379.11830812158604,18.872817319318603,16.875376693716287,1.5699872988369192,1.4038246979216611,0.49613580564905585,0.46222593810104318,0.66666666666666663,1
4,2018-11-13,3333,596.21233200595793,36.210252248003492,20.706139495256593,3.8696233210979094,1.7208509865162347,0.32159761654667851,0.23136300714051994,0.18420833672769285,0.66666666666666663,0
4,2018-11-14,3334,620.03349905576954,136.18228966588129,17.951106543580408,9.9748286725816033,1.4812977302125188,0.82310753579911744,0.29337863256219521,0.25213955640819424,0.66666666666666663,0.66666666666666663
4,2018-11-15,3335,336.80366332738873,88.426026331272965,12.510011944632652,8.910321694806802,1.0233975740046344,0.72892029571390715,0.20709989476582055,0.38688261966461091,0,0.66666666666666663
4,2018-11-16,3336,129.12717877916052,204.84970086468903,11.352965386310037,13.284166284817426,0.92935211086362457,1.0874399381808633,0.32466110461561709,0.30335028099694678,0.66666666666666663,0.66666666666666663
4,2018-11-19,3337,97.254078067892394,247.89155228918617,8.8656424779151166,13.382167905301079,0.72490944218439213,1.0942083324040128,0.26261858450667408,0.59332464825074693,0.66666666666666663,1
4,2018-11-20,3338,149.36738548422315,320.48470352950898,12.197468555795922,15.824157137303246,0.99701394113094011,1.2934573432485896,0.14506137922818746,0.24532296369439585,0.33333333333333331,0.66666666666666663
4,2018-11-26,3339,188.64636195205347,394.95099493364484,12.876464414050437,18.024157137303291,1.0544107774361642,1.475938186808327,0.21394448045215755,0.23418893488307671,0.66666666666666663,0.33333333333333331
4,2018-11-27,3340,185.07668592206696,695.06022603521888,9.2463540147221011,23.763051882160728,0.76211448709846286,1.9586278081319373,0.18819011326232751,0.19960409200719931,0.33333333333333331,0.66666666666666663
4,2018-11-28,3341,381.85684757026161,218.2568041537927,15.906593487609674,13.189258675369274,1.2971737808448256,1.0755766503868929,0.23190383846808704,0.32966219184685852,0.33333333333333331,0.66666666666666663
4,2018-11-29,3342,156.89938044359624,195.57623143118391,10.736842697350463,10.246634711288985,0.88183998171331479,0.84157814556190591,0.34626973285893015,0.27868934896294317,0.66666666666666663,0.66666666666666663
4,2018-11-30,3343,366.20445826499503,250.14216327353634,15.165042285731715,11.969567206181713,1.2326296257605229,0.97289825296120558,0.231962767960461,0.35674811054500294,0.33333333333333331,0.66666666666666663
4,2018-12-03,3344,309.66111822937432,23.589622623485003,14.145881674277158,3.6861603690069082,1.1405209767215319,0.29719909449382476,0.45297641549864637,0.58743756714217399,0.66666666666666663,1
4,2018-12-04,3345,85.30696081657176,1.2703291290760659,8.4872585145033099,1.0054310965196389,0.68305166910814952,0.080916751560873912,0.28518990300166824,0.18113089055869325,0.66666666666666663,0.33333333333333331
4,2018-12-06,3346,11.970133536047376,82.508763880639279,3.2645986688299522,6.4912387813515879,0.26257529709884597,0.52209754535120956,0.35494039001549904,0.22191893247806938,0.33333333333333331,0.33333333333333331
4,2018-12-07,3347,91.703237308592463,65.437294210274004,8.2407105591115997,5.7838893906252151,0.66171843731574254,0.46443886382344046,0.23779401244203199,0.16113547784660134,0.33333333333333331,0.33333333333333331
4,2018-12-10,3348,47.495058493526535,106.93197007624754,5.6226553042052574,8.065371926527936,0.45151010232114813,0.64766497442607684,0.42551929803738692,0.45896813804458442,1,0.66666666666666663
4,2018-12-11,3349,23.159460623413526,110.65107803855757,4.0502679628771148,8.2153719265279506,0.3251268683826703,0.65947195878209508,0.22318136990143614,0.16093843209000763,0.33333333333333331,0
4,2018-12-12,3350,25.660422201669178,47.116828235206413,3.8614655776315581,5.458536139193332,0.31071941883979548,0.43923042761563735,0.42311850147176272,0.45707927163983686,1,1
4,2018-12-13,3351,40.708312219570836,72.569764378917,6.2782897141070562,7.925202805860029,0.50821950978322394,0.64153501484275954,0.26736981960331568,0.26798288027224709,0.66666666666666663,0.66666666666666663
4,2018-12-14,3352,35.160927604743343,32.741984506387176,5.7676912390699426,3.6192663497430808,0.46451828124430733,0.2914884508309975,0.24364664015568005,0.48885732373590746,0.33333333333333331,1
4,2018-12-17,3353,66.617380953490013,14.869845858254882,6.6526935679496546,3.5210779672675017,0.53379552017569243,0.28252250399322004,0.23830883508148862,0.31988401642836539,0.66666666666666663,0.66666666666666663
4,2018-12-18,3354,174.91449528649215,212.13847550107917,12.984656630825762,12.285204820115496,1.0346339944881087,0.97890078247932222,0.15012504085690245,0.3098175492790573,0,0.66666666666666663
4,2018-12-19,3355,297.27538708002606,332.60858144778484,17.135857110104553,17.799715026098813,1.3602585521019688,1.4129561441634302,0.20034877235761919,0.32003370018994487,0.33333333333333331,0.66666666666666663
4,2018-12-20,3356,227.33671504234306,269.41743329641668,13.161844484099598,16.01040383718896,1.0461268119142866,1.2725353763215004,0.26149707570408054,0.34238466805334783,0.33333333333333331,0.66666666666666663
4,2018-12-21,3357,1115.5227799760335,829.7093544103285,31.420490325903376,28.47499605830588,2.4779566503078372,2.2456621497086657,0.27537509833039281,0.20309650996198222,0.66666666666666663,0.33333333333333331
4,2018-12-27,3358,1905.655016370695,1237.3494164453598,42.131943687612115,34.723211156189031,3.2941316409391805,2.7148718652219728,0.34804585351503176,0.18016749107093277,0.66666666666666663,0
4,2018-12-28,3359,1750.942363984436,1271.2436526496742,39.320508064106583,34.833923917210164,3.0721547045946238,2.7216129320423597,0.18863532879445974,0.2904523868590505,0.33333333333333331,0.66666666666666663
4,2019-01-04,3360,2555.6973581526195,1782.1740784353749,49.1141640988983,41.700784864949505,3.8008175281611436,3.2271153741641778,0.17062760957701209,0.30425490898692098,0.33333333333333331,0.33333333333333331
4,2019-01-07,3361,1400.180950979661,648.80941393367118,34.509117140211934,25.236396043787636,2.6825074538623284,1.9617082703398994,0.31549132659233986,0.35998083713502571,0.66666666666666663,0.66666666666666663
4,2019-01-08,3362,1540.6892224077767,597.81789585283968,36.8522628882018,24.104089564253552,2.8598682980134869,1.8705641443623742,0.49773839549847781,0.66932605707880821,0.66666666666666663,1
4,2019-01-09,3363,2127.2283688126695,973.42276370647471,44.394877564208478,31.149799058914443,3.4364020097692141,2.4111617817876341,0.46948082595595658,0.51185258237858888,0.66666666666666663,0.66666666666666663
4,2019-01-10,3364,1812.888146215284,805.40042990129621,40.335299211516109,28.323249683191836,3.1293144971888833,2.1973893233400705,0.25022878572397983,0.35075689001382043,0.33333333333333331,0.66666666666666663
4,2019-01-11,3365,2497.7092607448599,982.20255008056608,47.946715388438101,31.331461093570852,3.7041652803181475,2.4205393304674634,0.15956005124764083,0.1336364142134126,0,0
4,2019-01-15,3366,2222.3757952148962,720.53384630157473,45.114723819662537,26.619518183708806,3.4910410755755272,2.0598559300246695,0.23916766695703714,0.37245098530866988,0.33333333333333331,0.66666666666666663
4,2019-01-16,3367,1919.2882293825005,570.75150551696834,42.02810061187764,23.638537540324933,3.256225351505202,1.8314509599693913,0.32630952678147473,0.4257119968198711,0.66666666666666663,1
4,2019-01-17,3368,1547.5568475155949,323.53116773659247,37.043526542956215,17.745669864246185,2.8845605468740239,1.3818462750542118,0.21705797960235462,0.25352428506167146,0.33333333333333331,0.33333333333333331
4,2019-01-18,3369,1665.899086691684,385.07861014173187,37.69463159830616,19.191658008359052,2.940069542025284,1.4968924427391821,0.3352726739724608,0.3711237628994169,0.66666666666666663,1
4,2019-01-22,3370,1472.7133955809406,530.45279388428605,35.981471772139002,19.400565297215735,2.811491777788639,1.5159060241612545,0.52775753958006966,0.6635030782205058,1,1
4,2019-01-23,3371,1757.1576406390168,869.62547586913263,39.769757042894604,27.885766852707167,3.0980569481105089,2.1722962415445326,0.13384439849330368,0.091372670466405889,0,0
4,2019-01-24,3372,3078.7096110130387,1351.352255276129,54.479363339593569,34.804056326701357,4.210477111028176,2.6898567375145959,0.27790973427304583,0.32571857818634481,0.66666666666666663,1
4,2019-01-25,3373,3094.3224832599831,1955.0791275360086,55.098165695234535,43.394870143906928,4.23132248168295,3.3325554002155608,0.17053000087466794,0.17185922386022759,0,0.33333333333333331
4,2019-01-28,3374,3864.4941717259176,2129.5349214304138,60.095124038098596,46.105356786451317,4.5960096392565184,3.5260874755421447,0.2168863972840134,0.21282080882102675,0.33333333333333331,0.33333333333333331
4,2019-01-29,3375,3808.7277451391096,2348.9885378803478,60.597187205338514,48.039805815584486,4.6232690322223631,3.6652022442652394,0.3635222443514487,0.13633836721475934,0.66666666666666663,0
4,2019-01-30,3376,4413.6623849949665,2707.4776068991437,65.484158407328934,51.746468572178706,4.9658116635572105,3.9240516093257525,0.2565686748889614,0.21762453382416844,0.33333333333333331,0.66666666666666663
4,2019-02-01,3377,2006.8597833391268,624.15414394236404,44.163289402137629,24.592273979918975,3.3712434658120327,1.8772728228945785,0.20821413058815941,0.1863942938535865,0.33333333333333331,0.33333333333333331
4,2019-02-12,3378,2034.0650521872119,1354.5039794820548,44.431688609232801,36.115264035686629,3.3844979135613045,2.7510103622552275,0.30154987147834511,0.27656614128458223,0.66666666666666663,0.33333333333333331
4,2019-02-13,3379,2634.5561896703916,1753.6821656499508,49.078370416536245,39.938122423293557,3.7422982512895069,3.0453408382548748,0.3052929397674955,0.25791679787642002,0.66666666666666663,0.33333333333333331
4,2019-02-14,3380,3112.2013121474538,2238.846790088091,55.066843709670444,46.836744528306475,4.182662542985109,3.5575363281536192,0.21063541260231503,0.10521377816055089,0,0
4,2019-02-15,3381,9116.7117492862562,4429.3849367994735,94.477692387294681,66.374858653672916,7.0308980381242563,4.9395243649244973,0.17789887353693656,0.32878294782513695,0.33333333333333331,0.66666666666666663
4,2019-02-20,3382,3946.18984781073,1012.4973950535692,60.762853682300225,31.178865361400767,4.5643458165108148,2.3420743933446584,0.21778334957315995,0.28696884959618485,0.33333333333333331,0.66666666666666663
4,2019-02-21,3383,2819.4999459656606,302.74437197816036,49.163130024843589,16.415024046033977,3.6991181689811214,1.2350945446773243,0.28738134706641044,0.17293548468619246,0.66666666666666663,0.33333333333333331
4,2019-02-22,3384,3374.6472673566509,233.65073026665172,55.925394940074284,13.61621432029157,4.2015998602662776,1.0229679065618551,0.24603529606695132,0.39397663593171028,0.33333333333333331,0.33333333333333331
4,2019-02-25,3385,2545.9074111102186,457.65506743597552,46.987047527900359,19.258372830195565,3.5460584527301129,1.4534072548353318,0.40303132308451411,0.17327826374612476,1,0
4,2019-02-26,3386,2429.5498865955192,584.93525803559339,48.315796745507818,21.191683015502502,3.6524017647887383,1.6019717288810147,0.2171957413569611,0.35519996396096759,0.33333333333333331,0.66666666666666663
4,2019-02-27,3387,1597.3920437124873,469.28597010948755,39.434382146672988,19.592873383212009,2.9893781712976524,1.4852650102878373,0.27794408161628398,0.28414101843410405,0.66666666666666663,0.33333333333333331
4,2019-02-28,3388,2209.9646237714182,852.5488976141454,46.895494958075993,29.152361372134767,3.5744879727181669,2.2220634454159658,0.27561795414897761,0.20523893846052435,0.33333333333333331,0.33333333333333331
4,2019-03-01,3389,580.56307395481736,95.028672996402804,23.447329000788841,8.392475570606317,1.826400451845213,0.65372141849246912,0.39364228127244233,0.35460178432402939,1,0.33333333333333331
4,2019-03-05,3390,1824.6532583071109,593.40089887989882,39.850607461095628,21.559195330895136,3.0991645573819366,1.6766493238632141,0.52121667627207968,0.52142854048294751,1,1
4,2019-03-06,3391,2252.7117775943229,1193.3158406593498,45.6531000464635,33.688732266522116,3.5519411846622195,2.621079301837868,0.26374467659596385,0.15695198318219086,0.66666666666666663,0.33333333333333331
4,2019-03-07,3392,2928.4972347201824,1997.9339663750725,51.92387764660301,43.65229981969302,4.0041548214075968,3.3662849292225197,0.35625214810140626,0.21268918082825441,0.66666666666666663,0.33333333333333331
4,2019-03-08,3393,2641.1393883691762,1069.3379042515844,47.54521096254863,32.680866414223225,3.6778349226492857,2.5280113257956462,0.48788771670341413,0.43464519348654856,0.66666666666666663,0.66666666666666663
4,2019-03-11,3394,3235.7665025486181,1271.5724289149366,54.775154196083427,35.605356786451317,4.2230564894247271,2.7451028708570462,0.34942968528302537,0.38485190101566918,0.33333333333333331,0.66666666666666663
4,2019-03-12,3395,4392.5843981571079,2012.7105091925487,63.92053003308714,44.610844987953293,4.8908167897078805,3.4133551389076318,0.35742743101536706,0.28436085043397508,0.66666666666666663,0.33333333333333331
4,2019-03-13,3396,2835.9605627856577,1032.6618645606882,50.545817282228732,31.855541366543321,3.9014949081261805,2.4588430679281639,0.33499204494554097,0.22478644302692452,0.66666666666666663,0.33333333333333331
4,2019-03-14,3397,4104.631683661758,1749.0965931730068,60.941856562979488,41.719473941093383,4.6752479143060599,3.2005733748441414,0.24302513849086749,0.27613216735726459,0.66666666666666663,0.66666666666666663
4,2019-03-15,3398,3588.7059118407483,1696.3640876521538,57.979944988773923,41.077213710860782,4.4408658845568265,3.1462326678049011,0.30086917884788217,0.56695811794872608,0.66666666666666663,1
4,2019-03-18,3399,4486.6617226773251,1867.7815658440679,64.860674518612313,42.971332340716948,4.9599047578658952,3.2860237317975796,0.11798407795246907,0.1400348912964321,0,0
4,2019-03-19,3400,1871.4991485750122,1240.1407642213576,40.111303506345315,35.079849773230762,3.0767280437482025,2.6907915757636545,0.27467056303575116,0.29761326992405207,0.66666666666666663,0.66666666666666663
4,2019-03-20,3401,3531.9971216290137,1909.9758104163168,58.26906608946183,43.180966312697898,4.4436106222421898,3.2929891186378324,0.34376726173439548,0.36911646820548566,0.33333333333333331,0.33333333333333331
4,2019-03-22,3402,4081.9545648791959,3001.5540370873582,63.281603006408353,54.721622541942146,4.7956957300904373,4.1469912123028427,0.31352413160982912,0.32267543290414052,0.66666666666666663,0.33333333333333331
4,2019-03-25,3403,2384.5553455267755,2059.8747404074197,48.558224179058094,44.9847041582453,3.6889937080496913,3.4175115215562788,0.20840828815925469,0.34257595996100604,0.33333333333333331,0.33333333333333331
4,2019-03-26,3404,2037.0736088910905,937.25293440376834,42.049105926045208,30.209907238704318,3.2105906639722996,2.3066280246395601,0.4506841062160607,0.37663923895663393,1,0.66666666666666663
4,2019-03-27,3405,834.9470397692894,740.61003515887489,28.381788302024535,26.174638152584368,2.1913900553622772,2.0209734897567362,0.35893690351534757,0.41193564374910485,0.66666666666666663,0.66666666666666663
4,2019-03-28,3406,2111.2726829453864,488.00629534096925,44.483333641618479,21.662882753810134,3.4475186888024858,1.6789027942191843,0.4293599076196381,0.30673553736142528,0.66666666666666663,0.33333333333333331
4,2019-04-02,3407,2691.1244589985854,834.78129365848918,48.488241423467343,28.729970372361095,3.7574676603872557,2.2263528515138979,0.38906282251787533,0.32763532357633196,0.66666666666666663,0.66666666666666663
4,2019-04-03,3408,2298.3092706060434,626.76312767420814,43.733504081114383,23.492932622192104,3.4082924117300699,1.8308796806446714,0.26829410985960944,0.43222348208849426,0.66666666666666663,0.66666666666666663
4,2019-04-04,3409,3731.6621418531026,2538.522218725042,58.722954092096948,49.585526869141255,4.5171503147766883,3.8142712976262501,0.33836752992109131,0.29536426045657921,0.66666666666666663,0.33333333333333331
4,2019-04-08,3410,3910.8573719571236,2097.3254786583034,60.911934693226534,45.438136230345663,4.6747455635630493,3.4871938780004346,0.25177374861119889,0.28096277623145499,0.33333333333333331,0.66666666666666663
4,2019-04-09,3411,2921.562297044024,2539.682588672219,52.401993909085604,49.815515024595548,4.0140942900214949,3.8159649947983874,0.33094234798608924,0.34038584341189343,0.33333333333333331,0.33333333333333331
4,2019-04-10,3412,3336.0259783918605,1146.4161716455255,55.273365341937733,33.554721056372351,4.2557256961762961,2.5835171740354443,0.19286994863777998,0.39715213344179734,0.33333333333333331,0.66666666666666663
4,2019-04-11,3413,2107.1487114502152,860.97493134888009,44.398577752484094,28.763225064739192,3.4303158272799266,2.222299703680692,0.23427363268054327,0.37328490411845694,0.66666666666666663,0.66666666666666663
4,2019-04-12,3414,1746.3123078653109,865.32386821114653,39.547386391051987,27.182588646792585,3.0760616334968289,2.1143070545477065,0.44660067357097261,0.47695996386866751,1,0.66666666666666663
4,2019-04-15,3415,977.87653808564562,721.51962959008051,27.60426871242824,22.692199562028843,2.1627507119856033,1.7778978777003835,0.26851019462081988,0.29591328582617932,0.33333333333333331,0.66666666666666663
4,2019-04-16,3416,1460.2175947038406,1334.4812866686268,34.072302058295541,35.983520468819279,2.670871055757273,2.8206882863384237,0.1923799389226897,0.27128800916673468,0.33333333333333331,0.33333333333333331
4,2019-04-18,3417,1396.8484587476175,447.07517364417527,31.383637132758547,20.188818502850307,2.4721258080156399,1.5902968493777319,0.41444649376131198,0.42513609943105873,0.66666666666666663,0.66666666666666663
4,2019-04-23,3418,1002.8739988870913,726.08256162531234,27.1177906664437,26.942435124270258,2.1324885516017535,2.1186989442275981,0.16851252647278092,0.32672453769469639,0,0.66666666666666663
4,2019-04-24,3419,1784.5433760797325,1516.7788742067996,41.791520040305159,38.925132043893278,3.2629231761637381,3.0391264868748658,0.26142206181100136,0.14741625113579734,0.66666666666666663,0
4,2019-04-25,3420,2603.3982689387276,2057.5472239244332,47.474448462892418,44.967976854650793,3.6968111246606781,3.5016334569888485,0.34635693536909873,0.42837662926893144,0.66666666666666663,0.33333333333333331
4,2019-04-26,3421,2049.3913422418814,1224.5548992977745,40.663862170257062,34.395651494684216,3.1738887113844094,2.6846434198161275,0.24015753976804363,0.43288274273318122,0.66666666666666663,1
4,2019-05-07,3422,2785.9760260096714,1399.0016332415805,45.412516317167729,33.83044993707032,3.5334980016470379,2.6323101413842451,0.19133532792386412,0.1170563178020176,0.33333333333333331,0
4,2019-05-08,3423,2285.5260178909107,1316.6105246144728,43.354306695042929,33.607290134117726,3.3709903347362515,2.6131164088420595,0.41526567720360053,0.37075900034406922,0.66666666666666663,0.66666666666666663
4,2019-05-09,3424,2495.6121151356874,1598.6574845262148,45.850890652851454,36.898789394845302,3.5623409721739923,2.8668160511883545,0.18658083166096154,0.3189652898764066,0,0.66666666666666663
4,2019-05-10,3425,3137.7312476010375,1832.8687391474759,51.525256051770079,40.644413765759886,3.9769416526528314,3.1371112817042213,0.34612967673162959,0.13096731471756859,0.66666666666666663,0
4,2019-05-13,3426,3037.2091829309315,1942.6972329494922,53.323383761305045,43.18775140232416,4.1068533395952747,3.3262285430009366,0.083971628216378436,0.12768571380305652,0,0
4,2019-05-14,3427,3146.5446319879115,1536.6225871934541,54.713675801094041,38.302570356703576,4.2116600570467275,2.9483927608885829,0.240154980455596,0.13872102729659555,0.33333333333333331,0.33333333333333331
4,2019-05-15,3428,1470.111598360256,804.60419874729178,36.138096088995781,27.658024342181079,2.7977158851897328,2.1412111436232157,0.30057541614401961,0.25277679975887418,0.66666666666666663,0.66666666666666663
4,2019-05-16,3429,1568.3493421895728,659.47916387232306,37.809814508088117,23.618981204384681,2.9520467292386101,1.8440803563698218,0.30096967809633185,0.22344058677474896,0.66666666666666663,0.33333333333333331
4,2019-05-17,3430,897.14063770737846,406.40945303095123,25.396579223215667,18.398182576948404,1.997921505976137,1.4473651871886404,0.24109095408896383,0.54838194962303666,0.33333333333333331,1
4,2019-05-21,3431,1114.4138281486278,864.03952483442936,30.919757165800092,29.207710605926803,2.4273635708745558,2.2929589108122781,0.15216993963897704,0.18084250217102416,0.33333333333333331,0.33333333333333331
4,2019-05-22,3432,1672.3998533208685,1440.4698582535157,37.000060706508066,37.897277340969218,2.8824103693770158,2.9523061068803185,0.1949963906751366,0.23229947025416164,0.33333333333333331,0.33333333333333331
4,2019-05-23,3433,2553.7163178228848,1237.0382815017931,45.756017403079568,34.441984801044931,3.5677206552108824,2.6855348772744585,0.35810295170157708,0.39189474746334557,1,0.66666666666666663
4,2019-05-24,3434,1177.1006767925776,891.57972477438716,31.675878109520607,26.290281564891377,2.4779690299241657,2.0566597484855964,0.37520068041871263,0.26763377235567071,0.66666666666666663,0.66666666666666663
4,2019-05-28,3435,2332.9963697059679,1357.5945400373062,43.27754233655461,36.615455314952136,3.3767052109822973,2.8568997241799345,0.22464194948349814,0.31826230998309835,0.33333333333333331,0.66666666666666663
4,2019-05-29,3436,2234.870488162464,992.41102823721269,42.536734800127839,31.372643244711981,3.320717811009628,2.4491700101262328,0.44770324968444286,0.32510677650156899,1,0.66666666666666663
4,2019-05-30,3437,6582.5508361429411,5027.8424004652652,78.523131345586989,70.4213859318739,5.9618200095351144,5.3467000176048822,0.23073229093187855,0.2881160468605059,0.33333333333333331,0.33333333333333331
4,2019-06-03,3438,5737.5347999057167,4435.7053145931923,74.568170418985119,66.165920132224684,5.6309737903707848,4.9964825472701291,0.072997672547704895,0.13723353239312697,0,0
4,2019-06-04,3439,6679.3806596125214,5033.2074551219348,78.619687365766069,70.856604471846069,5.8869103231573234,5.3056236968810238,0.34915106553803232,0.32211249334300901,0.66666666666666663,0.66666666666666663
4,2019-06-06,3440,3534.5531094900275,1997.0793927868497,54.624572013873454,44.218292372608936,4.1114385077429967,3.3281869917664415,0.40943768704760414,0.63925524184057059,1,1
4,2019-06-10,3441,2030.3282658968631,903.27264470932312,44.273529361952718,28.787171521035514,3.3431646426000694,2.1737651227845287,0.40144903702518536,0.050904171988897129,1,0
4,2019-06-11,3442,2951.412505839804,1569.3521163068278,53.933078189778676,38.845687030581303,4.0479662393349107,2.9155767651579017,0.27439503780779656,0.35355932284594882,0.33333333333333331,0.66666666666666663
4,2019-06-12,3443,3823.2728094585582,1348.6273349842968,59.97295648894692,36.153189612984384,4.4893297768505809,2.7062796326809178,0.16193180304812035,0.34387147284066111,0.33333333333333331,0.33333333333333331
4,2019-06-13,3444,6294.1454465827746,2347.9842907964862,78.516910617014901,47.111703601580608,5.810687187198142,3.4865275560836708,0.32289089991955372,0.17438618512247098,0.66666666666666663,0.33333333333333331
4,2019-06-14,3445,4289.5196420649299,592.03241144283857,62.962291493889701,20.796342908416744,4.694124468343376,1.5504617094174862,0.24421920792970062,0.24129713838212652,0.33333333333333331,0.33333333333333331
4,2019-06-17,3446,3697.9851390255499,365.72590110412119,58.054695656431022,17.784047008560492,4.3280795956634011,1.3258319609766647,0.11587348256166914,0.10053702573766155,0,0
4,2019-06-18,3447,5422.5851677159526,287.11160413211911,72.049926131909771,16.865203658565331,5.3606581698530391,1.2548047809653906,0.16691444416806808,0.46926852892316112,0,1
4,2019-06-19,3448,10710.521374286187,3161.8909354548828,102.16019344586955,56.181284455757428,7.4055957554091743,4.0725831428602701,0.25397954798032141,0.30328783523991909,0.33333333333333331,0.33333333333333331
4,2019-06-20,3449,8598.5390696863542,4099.4019509112268,92.505777633166645,64.016310670659024,6.6210340788867796,4.5819211015752792,0.24805695914955217,0.27202818856499428,0.66666666666666663,0.66666666666666663
4,2019-06-21,3450,9038.3426162004416,4352.7765935284724,90.181322341959756,58.348983118312162,6.4154031686675497,4.1508844787872343,0.24741681738518084,0.22962175173127586,0.33333333333333331,0.33333333333333331
4,2019-06-24,3451,9117.0272311027729,4848.7733786206109,95.013628121527816,66.875690767942316,6.6378111025239503,4.6720476993113254,0.21916000798217627,0.22156408615148859,0.33333333333333331,0.33333333333333331
4,2019-06-25,3452,2665.2117664108587,259.12600802959213,50.467688315877545,15.86033681785519,3.5946927109852589,1.1296938507678471,0.39638573802553151,0.49162247397533765,0.66666666666666663,1
4,2019-06-26,3453,2231.8657612254988,153.02938313734361,42.452916436244244,11.179665561985681,3.0269459134577001,0.79712410424140334,0.062372382913704671,0.095237743676136036,0,0
4,2019-06-27,3454,4455.6815400839723,2194.9896220203073,66.278099069618293,32.520753174265487,4.7039105088444488,2.3080733267754074,0.19433701302990058,0.21565104412905298,0.33333333333333331,0.33333333333333331
4,2019-06-28,3455,2764.5310712322371,1325.1729042581344,51.545685538239844,26.803630367472351,3.7080559339788395,1.9281800134862495,0.24583759992665713,0.35068877202308574,0.66666666666666663,0.33333333333333331
4,2019-07-01,3456,5346.0730070018681,3305.6904840160914,69.741234281649142,47.812870547501689,5.0135677568490804,3.4371784297833785,0.15651313582033494,0.16552962218192799,0,0
4,2019-07-02,3457,11193.41565557375,6502.3606825700272,103.36447093406484,78.628475334047764,7.312661544680922,5.5626795425573228,0.2740642749494327,0.24921648426291329,0.66666666666666663,0.33333333333333331
4,2019-07-03,3458,5754.8282212538825,3179.1393700395734,71.729760004535891,53.205850122426305,5.1654311744885968,3.8314802234131204,0.28082726420255821,0.33240812187759833,0.66666666666666663,1
4,2019-07-05,3459,8040.652155538216,4046.3091012942969,86.469545614913088,60.419158173029928,6.1759549757098133,4.3153459162224079,0.25155535809848345,0.16143904882430629,0.33333333333333331,0.33333333333333331
4,2019-07-08,3460,7250.7330181963034,3283.4841393535644,81.286344663281923,54.324150074215062,5.841424646134306,3.9038590114774938,0.4067791932099229,0.50180161590508787,0.66666666666666663,0.66666666666666663
4,2019-07-09,3461,9537.2611719343913,5383.9056668397689,94.75141295171322,71.074150074215069,6.7280702230855089,5.04680466336825,0.36417923680784448,0.12953391501555092,0.66666666666666663,0
4,2019-07-10,3462,10816.535771610537,6510.3760613840277,101.84812375721465,79.339415867416093,7.2041113179285352,5.611983438897691,0.22288869671056452,0.094626658625638196,0,0
4,2019-07-11,3463,4031.2581875177943,1162.9662443741906,60.939818574936986,33.558404402230657,4.3293420414135397,2.384086700925736,0.17986080231774823,0.35580606989861224,0.33333333333333331,0.66666666666666663
4,2019-07-12,3464,4086.5620094913079,946.49502700068615,57.005250360047206,30.683831997689669,4.0433557016737396,2.176389828541311,0.47259070049440427,0.14243902998728175,1,0
4,2019-07-16,3465,5021.7821491095847,1433.7757502185711,63.542885529385252,36.830798561245352,4.5054692473063609,2.6114651371110256,0.15012839043170603,0.2270618816753727,0.33333333333333331,0.33333333333333331
4,2019-07-17,3466,5438.5484327808035,1077.6413203435591,71.304810201931033,28.544504796439622,5.0304991500180627,2.0137927120138008,0.22648504293272886,0.27618087942551967,0.33333333333333331,0.33333333333333331
4,2019-07-18,3467,9656.5332604927207,3778.8161822182133,96.028006828816686,60.940144842614167,6.6700011689113481,4.2328363438642889,0.13296087373111251,0.28197924592110796,0,0.66666666666666663
4,2019-07-19,3468,7271.9007738207438,1877.2432036616658,83.589185370655215,43.051995175306125,5.8546093763372591,3.0153735020350987,0.19031567243348746,0.26418823945983982,0.33333333333333331,0.66666666666666663
4,2019-07-22,3469,5409.754496646673,931.11950095490772,71.626370895161543,30.363506006965661,5.0244727224693309,2.129950265298703,0.47572233525523561,0.64074086007437192,1,1
4,2019-07-23,3470,6835.9268950928308,1963.0575091685023,80.509915899010139,42.557941159981738,5.6420978940404458,2.982440951678877,0.39036322612632307,0.26483210051386619,0.66666666666666663,0.33333333333333331
4,2019-07-24,3471,5783.7146804323356,1673.5376230315605,72.50690999692408,38.459439867221739,5.1201828964708769,2.7158703387629224,0.23186388313518747,0.19925698280429738,0.66666666666666663,0.33333333333333331
4,2019-07-25,3472,4847.1546973460472,743.3056111847028,67.856008994156809,27.030164867332967,4.7772464794534502,1.9029966817328194,0.087561462246766877,0.047941031848330685,0,0
4,2019-07-26,3473,5535.2215682231426,1287.0164719673483,71.572901739901383,34.13580425262959,5.0437195123428618,2.4055392165624601,0.34584314229009266,0.24999124391491601,1,0.33333333333333331
4,2019-07-29,3474,6179.6352041393739,1383.0534567281193,73.777150682700949,36.733522900578841,5.1740760700400408,2.5761640297762001,0.39617091454126974,0.24409448011429954,1,0.33333333333333331
4,2019-07-30,3475,6216.0361026834771,1506.9965823000186,74.79165391667523,38.383522900578704,5.2391617748362744,2.6887690729276534,0.20009827036997729,0.49257794493648827,0.33333333333333331,0.66666666666666663
4,2019-07-31,3476,2834.275173361566,172.90139929421036,50.950200181382193,12.747009114945968,3.6217088556569657,0.90609959588754396,0.34048045622648138,0.43988603646726637,0.66666666666666663,0.66666666666666663
4,2019-08-01,3477,7451.7997429628622,2043.0686662487904,83.622234086315373,45.17340143660666,5.8000509163388507,3.1332340167578749,0.27402057397435203,0.38240170004328161,0.66666666666666663,0.66666666666666663
4,2019-08-02,3478,12141.864890034121,4818.8055482698574,109.31830935812513,69.416131124106485,7.4607274770943617,4.7374940197308639,0.43029499478726713,0.57481088150971038,0.66666666666666663,1
4,2019-08-05,3479,11963.382246064679,4936.3924461996057,108.39904110518614,70.259256124106585,7.3979894970268658,4.7950353949228175,0.36967360439056041,0.33129922232456077,0.66666666666666663,0.66666666666666663
4,2019-08-06,3480,20402.511681825676,12334.187745926693,141.58698497127656,111.05925612410654,9.4012141012102219,7.3742077702670263,0.1147169713475461,0.29064581001593309,0,0.33333333333333331
4,2019-08-07,3481,15993.579849402244,10152.457069770107,125.00479080030095,100.75925612410659,8.3573318268628416,6.7363701236240408,0.53513040545612689,0.39248639542929736,1,0.66666666666666663
4,2019-08-08,3482,14412.72871636705,10549.220668654132,119.31051720559435,102.70925612410663,7.9662493961136649,6.857799033458412,0.37740034263326422,0.34304328801319883,0.66666666666666663,0.33333333333333331
4,2019-08-09,3483,16808.77789896469,10693.50362722789,128.98601889325792,103.40925612410668,8.6082500596141163,6.9013118075351487,0.15728403632399321,0.30026840798440124,0.33333333333333331,0.66666666666666663
4,2019-08-13,3484,20614.75238644435,13985.281034113837,143.00506063346711,118.25925612410659,9.4501939952728975,7.814918627068006,0.19788660368686609,0.40601799239589004,0.33333333333333331,0.66666666666666663
4,2019-08-14,3485,19682.196852131961,14462.318058610263,139.82760635212958,120.25925612410659,9.2280221977976939,7.936595025514376,0.20167450957532296,0.12004279920445686,0.33333333333333331,0
4,2019-08-16,3486,14625.481401583509,10324.470305181072,120.49777876249459,101.60925612410649,8.0514351705528941,6.7893395779838634,0.32573607085805922,0.44846639783135073,0.66666666666666663,1
4,2019-08-19,3487,17197.104258582687,12003.259977554373,130.67438677103829,109.55925612410654,8.6852804340858256,7.2818620932575548,0.15562172367853908,0.15480962673076168,0,0
4,2019-08-20,3488,17784.040628349849,11720.095911631704,132.75635979790431,108.25925612410659,8.831289525887529,7.2016801013874341,0.36231795766715919,0.21921420011927831,0.66666666666666663,0.33333333333333331
4,2019-08-21,3489,17466.865364834866,11461.713696933841,131.55635979790426,107.05925612410654,8.7584540992579658,7.1275427664928968,0.4299186454577531,0.29372611548702238,1,0.66666666666666663
4,2019-08-22,3490,18092.865833301705,11839.483593368213,133.87353290845863,108.80925612410654,8.9023495749739734,7.2356201705084819,0.21974900269852204,0.17413134033145894,0.66666666666666663,0.33333333333333331
4,2019-08-23,3491,26761.428059195878,19032.78572540365,163.06394818024674,137.95925612410664,10.637264632261113,8.9995926888748254,0.22206364628156447,0.2437954512640188,0.33333333333333331,0.33333333333333331
4,2019-08-27,3492,25360.618065006467,20209.283476846162,159.05453504107822,142.15925612410669,10.347365907105891,9.2482357690600576,0.32700944403541143,0.40784588125177529,0.66666666666666663,0.66666666666666663
4,2019-08-28,3493,23617.998283630619,21085.757439203197,153.63481909880502,145.20925612410664,9.9749915010261674,9.4279480667515028,0.32464648021619552,0.49059464282990056,1,0.66666666666666663
4,2019-08-29,3494,21771.209601825525,17798.058994674295,147.44420406291511,133.40925612410669,9.646964411339642,8.7286872627654191,0.36236471007609056,0.33379159965097022,0.66666666666666663,0.66666666666666663
4,2019-08-30,3495,23744.477462606523,20408.796435419856,154.05061105520585,142.85925612410651,10.017271584043039,9.2895442419030783,0.28488262529395131,0.28124615171406614,0.66666666666666663,0.33333333333333331
4,2019-09-03,3496,25639.269207394533,22834.036661467613,160.00341841492664,151.10925612410651,10.348840205350667,9.7735758440014546,0.34765421786841788,0.23094541763074974,0.66666666666666663,0.33333333333333331
4,2019-09-04,3497,22032.596639155974,17985.321953247996,148.32617181875199,134.10925612410651,9.7002270498170162,8.7704699577598912,0.37668119603380462,0.44322491804363606,0.66666666666666663,1
4,2019-09-05,3498,20396.896514234457,16566.101987107675,142.71060578266352,128.70925612410664,9.366056689811872,8.4471520721996871,0.24038720768724511,0.35116679186571287,0.33333333333333331,0.66666666666666663
4,2019-09-06,3499,16677.353042501189,13043.783559508585,128.88456409266746,114.20925612410663,8.5399260596784696,7.5675361863309449,0.54025283761085385,0.38025617126567585,1,0.66666666666666663
4,2019-09-09,3500,13446.617274528631,9150.7226573042371,115.40094090327186,95.659256124106676,7.7416523599283424,6.4172848169662018,0.26447529504024014,0.51647639705154502,0.33333333333333331,1
4,2019-09-11,3501,19944.239997293462,14450.294632997866,140.7311545230194,120.20925612410663,9.287958983831798,7.9335570303660665,0.3779728254945865,0.13125279348923544,0.66666666666666663,0
4,2019-09-12,3502,16591.059334444592,11472.422122546241,128.23603247344423,107.10925612410649,8.5371168679478213,7.1306341870785239,0.27202878901124933,0.42441429568161065,0.33333333333333331,0.66666666666666663
4,2019-09-17,3503,17822.647203478944,11774.28803969376,132.90828571044722,108.50925612410659,8.8399258869602395,7.2171104838115454,0.49111239690658381,0.26608455537472558,0.66666666666666663,0.33333333333333331
4,2019-09-18,3504,17095.813505110906,11174.476205398772,130.14265970928054,105.70925612410663,8.6721303198027933,7.0439965432202731,0.51092046743097419,0.39361872208490495,1,0.66666666666666663
4,2019-09-19,3505,16136.807545680567,11429.618420096638,126.5774529873009,106.90925612410668,8.4278216250949409,7.1182672697321179,0.15026086852396234,0.10149659325081391,0.33333333333333331,0
4,2019-09-20,3506,21152.996717176942,15790.278024750638,145.04406544663144,125.65925612410668,9.5382938510920621,8.2635225807455157,0.52786029820739266,0.34646265933226633,1,0.66666666666666663
4,2019-09-24,3507,23508.02756945998,17891.567973961141,152.93445927514327,133.7592561241066,10.003889404751808,8.7495833932367351,0.21973710570369734,0.10256963472153997,0.33333333333333331,0
4,2019-09-25,3508,16632.43371013338,12412.051725213598,128.60762263846968,111.40925612410668,8.5374152043593785,7.3957286327739427,0.39647576007334612,0.23367303867673228,0.66666666666666663,0.33333333333333331
4,2019-09-26,3509,13808.150027145641,9007.7962731180796,116.95461392137342,94.909256124106676,7.8498297819567355,6.3701762617696938,0.37281943092756992,0.44677214800729964,1,0.66666666666666663
4,2019-09-27,3510,13562.891746451018,8155.7911167762722,115.01707918238314,90.30925612410654,7.7436934748793611,6.0802030649772121,0.34607714409878526,0.42446268900351969,0.66666666666666663,0.66666666666666663
4,2019-09-30,3511,19111.345025772669,12602.169960624558,136.58684764025119,112.25925612410659,9.0619902232709357,7.4479519737340576,0.41635269904588873,0.48157544281193054,1,0.66666666666666663
4,2019-10-09,3512,14594.230903413627,9961.9169831342952,120.40563699367021,99.80925612410654,8.0549663495899271,6.6770976802319071,0.17469136381981068,0.25405998206738417,0.33333333333333331,0.33333333333333331
4,2019-10-10,3513,12352.148234425205,7082.8097664497836,109.55916518942838,84.159256124106676,7.4069002595699134,5.6897039599842261,0.22612387198826425,0.075266763065620607,0.33333333333333331,0
4,2019-10-11,3514,16330.848326499408,8613.5873973968046,126.09148997672946,92.80925612410654,8.4750295723033648,6.2380196346354708,0.34021476651820537,0.4356119609676592,0.33333333333333331,0.66666666666666663
4,2019-10-15,3515,15384.303318785855,8119.7074143266209,122.25771124451558,90.109256124106494,8.2322881452101271,6.0675547858128418,0.099332988407816084,0.13111597098973607,0,0.33333333333333331
4,2019-10-16,3516,16846.210896274544,9537.3596818006645,128.39202797385778,97.659256124106676,8.6016164522063292,6.5426761882629334,0.37155385849954953,0.41606075699358486,0.66666666666666663,1
4,2019-10-17,3517,13644.801399482012,9026.7881243428819,115.23051197579753,95.009256124106585,7.7335914077716454,6.3764601425574883,0.10529988213321839,0.064982516182091402,0,0
4,2019-10-18,3518,15834.657238850499,9892.1730038474398,124.05108358830482,99.459256124106631,8.3007851442540606,6.6552414683734229,0.28265407476254351,0.28098113194494317,0.66666666666666663,1
4,2019-10-23,3519,17030.467900056359,10314.31187956867,128.95036589526703,101.55925612410654,8.6165090304545142,6.7862253933451298,0.39710801314912025,0.41659259807060028,0.66666666666666663,0.66666666666666663
4,2019-10-24,3520,20236.330272059713,14032.624736563492,141.41738974366498,118.45925612410663,9.3440410812160941,7.8271007383201718,0.32010332320923718,0.51444691385977326,0.33333333333333331,1
4,2019-10-25,3521,15165.137827306587,9430.2370000641113,122.42839036875807,97.109256124106494,8.2051062508382859,6.5082270708468952,0.49200425726545421,0.39313077520253259,1,0.66666666666666663
4,2019-10-30,3522,18671.449605395635,13446.578455942959,136.3066234518341,115.95925612410663,9.0212530826191539,7.6745925493303311,0.13246063051187174,0.32959132892550924,0,0.66666666666666663
4,2019-10-31,3523,19289.995128102266,12952.576154609278,138.30914643712094,113.80925612410654,9.1668310204878676,7.5430312913644313,0.39896915820240264,0.31692319512973061,0.33333333333333331,0.33333333333333331
4,2019-11-01,3524,14178.611202593054,8828.3711864822671,118.40510736257663,93.959256124106631,7.9522554392408482,6.3104372963569384,0.29120318201132317,0.14527835328883995,0.66666666666666663,0.33333333333333331
4,2019-11-05,3525,13641.32915298164,8291.8175009624301,116.07495163282397,91.05925612410654,7.8109721498485216,6.1276037901891955,0.20584234819223349,0.27520143682581016,0.33333333333333331,0.66666666666666663
4,2019-11-06,3526,13808.915658148455,7967.2441789156555,115.86911616780503,89.259256124106585,7.8065768009301015,6.0137615714405657,0.35068293369338632,0.50328653129095302,0.66666666666666663,0.66666666666666663
4,2019-11-07,3527,10494.560193821533,4783.0320827265832,99.294984431936953,69.159256124106676,6.7817494404218799,4.7235089385723237,0.40284877378874584,0.31294245377003077,0.66666666666666663,0.66666666666666663
4,2019-11-08,3528,9470.9126976929747,4058.8986909738155,94.667007030868646,63.709256124106638,6.4898201844703252,4.3675365821695094,0.29514776076205873,0.26822633406420332,0.33333333333333331,0.33333333333333331
4,2019-11-11,3529,10525.02333365903,4611.696442416317,100.00669518654369,67.909256124106676,6.8361948996201845,4.6420983063850345,0.10302642401530837,0.027378023981612782,0,0
4,2019-11-13,3530,11210.534125502027,5135.0783633471174,103.15681324986137,71.659256124106676,7.0334990113429479,4.8859138938469764,0.13085749104920033,0.1816130321355128,0.33333333333333331,0.33333333333333331
4,2019-11-14,3531,11438.460245305052,5170.9704914091708,104.41118592328644,71.909256124106676,7.1178121155693255,4.9021239432890233,0.28360381704959869,0.41149382251297723,0.66666666666666663,0.66666666666666663
4,2019-11-15,3532,11595.639524189981,5279.396875595331,105.16118592328644,72.659256124106676,7.165276865961669,4.9507209569111623,0.45145502340890115,0.26085444903674349,0.66666666666666663,0.66666666666666663
4,2019-11-18,3533,12030.7607811898,5396.2916853938941,107.01572746071345,73.459256124106631,7.2876657333047392,5.0025030558825039,0.31593576134424833,0.32288541425759204,0.66666666666666663,0.66666666666666663
4,2019-11-19,3534,12429.617176967731,5884.3393502005883,108.64813834789675,76.709256124106631,7.3824922435208764,5.212288926011186,0.21498280538269929,0.068343458834649637,0.33333333333333331,0
4,2019-11-20,3535,11665.718143253116,5192.5657682463825,106.20381635028814,72.05925612410654,7.2392772127935743,4.9118473210937976,0.21616212638181809,0.17293775264560982,0.66666666666666663,0.33333333333333331
4,2019-11-21,3536,10899.482144857859,4824.6176364010416,101.60464788412908,69.459256124106631,6.9380755836067509,4.7430268103456337,0.51855670495879969,0.36138524893679896,0.66666666666666663,0.66666666666666663
4,2019-11-22,3537,8815.926692391984,4020.7631372993569,91.31350706034398,63.409256124106683,6.2612114001881496,4.3478645175607973,0.35095791036415508,0.21959743396964293,0.66666666666666663,0.66666666666666663
4,2019-11-25,3538,9221.2940859771279,3559.2562163685566,93.818339353962003,59.659256124106683,6.449547269374901,4.1012790790985241,0.23906327221053511,0.27751086123650109,0.33333333333333331,0.66666666666666663
4,2019-11-26,3539,9421.0231130022512,3523.550662694071,95.760651564292701,59.359256124106501,6.5844295777696367,4.0814973097333178,0.058577226382152681,0.066490394727291971,0,0
4,2019-11-27,3540,10334.090902521226,4245.7580337337304,100.77768650563,65.159256124106676,6.9018721710529727,4.4625042717602073,0.35627164745207113,0.35038917568750189,0.66666666666666663,0.66666666666666663
4,2019-11-29,3541,10539.273869087623,4377.076545981944,101.59122692263736,66.159256124106676,6.9528266723223053,4.5278894106769787,0.53970942492341867,0.3531903290509753,1,0.33333333333333331
4,2019-12-02,3542,14297.100917461687,6774.8430187905678,118.20110849992746,82.30925612410654,8.0011580924610755,5.5716006311586375,0.33785149544473758,0.3678226943854872,0.66666666666666663,0.66666666666666663
4,2019-12-03,3543,13585.859336485359,6417.5222918444915,114.89332810590797,80.109256124106494,7.7888501190365362,5.4307678207651344,0.21450338255918081,0.25569551312110078,0.33333333333333331,0.66666666666666663
4,2019-12-04,3544,12624.481470006353,6554.4305272554948,109.62538431503806,80.959256124106631,7.4274456665224475,5.4852302668861839,0.30221303454209492,0.26223539278379443,0.66666666666666663,0.33333333333333331
4,2019-12-05,3545,9476.7557592952271,4180.8487776096235,94.601361315298007,64.659256124106676,6.4810989836808828,4.4297781059916197,0.34294567081752775,0.21313650663778025,1,0.33333333333333331
4,2019-12-06,3546,10111.733568033864,4450.1542277184553,97.595427340180393,66.709256124106631,6.6768439036861453,4.5638131028327722,0.33769560481636196,0.30180779766148724,1,0.33333333333333331
4,2019-12-09,3547,11010.100637253265,4894.3268925251477,102.16860231247688,69.959256124106631,6.974204055597589,4.7755388323223746,0.33783197140029714,0.2932152749362264,0.66666666666666663,0.66666666666666663
4,2019-12-10,3548,11322.452646885899,5156.5986401843293,103.80350444867902,71.80925612410654,7.076868315290362,4.895640586590301,0.50755331051928254,0.20600618711551311,1,0.33333333333333331
4,2019-12-11,3549,11363.06013355062,5301.2171524325422,103.85197955843471,72.80925612410654,7.07534947257356,4.9604344000617617,0.16707834537443941,0.15472895396111988,0.33333333333333331,0.33333333333333331
4,2019-12-12,3550,11275.003262294196,5127.9149377346812,104.01136995016115,71.609256124106494,7.0920066787236564,4.8826712207900247,0.41128350438503264,0.29088228354268553,0.66666666666666663,0.66666666666666663
4,2019-12-13,3551,13562.880120631031,6873.9741261395175,113.95197955843484,82.909256124106676,7.710398508588864,5.6099368106168681,0.2731615343084321,0.2689566060394501,0.66666666666666663,0.33333333333333331
4,2019-12-16,3552,12973.209771894928,6530.1652504182466,111.2266732536544,80.80925612410654,7.5367037033239201,5.475623805671944,0.28683328181827933,0.42903890456282534,0.33333333333333331,0.66666666666666663
4,2019-12-17,3553,12585.852629647137,6250.395353983874,109.46914863302936,79.05925612410654,7.4264203136277187,5.3634039635091453,0.31698039612514733,0.44146697342731844,0.66666666666666663,0.66666666666666663
4,2019-12-18,3554,13905.521278272548,6676.4319114416539,115.12875994466019,81.709256124106631,7.7963540288928144,5.5332332988492325,0.27254767866084501,0.10666544351117328,0.66666666666666663,0
4,2019-12-19,3555,12757.833309625996,7057.5844896125373,111.17473866526059,84.009256124106585,7.516885643357714,5.6801390212377685,0.21023429480311231,0.2168310141817118,0.33333333333333331,0.33333333333333331
4,2019-12-20,3556,13685.013742706613,7588.0518775819828,115.17146296756057,87.109256124106494,7.7708294290237214,5.8774209651242488,0.26047968552875922,0.19127591695729543,0.33333333333333331,0.33333333333333331
4,2019-12-23,3557,14750.019608508926,9189.0263597538451,120.62704122025532,95.859256124106494,8.0911588167994992,6.4298390934102372,0.32489985768891461,0.32264097462666586,0.66666666666666663,0.66666666666666663
4,2019-12-24,3558,19379.293927568247,13574.436137679464,138.74901616816592,116.50925612410659,9.1795578014003265,7.7081876363947464,0.23024656819572639,0.31060813442712026,0.66666666666666663,0.66666666666666663
4,2019-12-27,3559,18723.908899358805,14342.308802486159,136.53496914113171,119.75925612410659,9.0136965929118151,7.9062060487939654,0.49333183966460642,0.36771181590447705,1,0.66666666666666663
4,2019-12-30,3560,37562.993676017126,31722.936492169363,193.65102475292102,178.10925612410651,12.310153502823789,11.322182704475653,0.19241648558869262,0.18507683450928583,0.33333333333333331,0.33333333333333331
4,2020-01-06,3561,36112.513050583417,29880.351802866247,189.80857277137974,172.85925612410651,12.106296697476145,11.025241963459928,0.46437088621263206,0.16738549251365598,1,0.33333333333333331
4,2020-01-07,3562,34686.603740231767,31314.60770308397,186.18082956344043,176.95925612410664,11.843940937271569,11.257308191997623,0.28994668717583266,0.41071849631351198,0.66666666666666663,0.66666666666666663
4,2020-01-08,3563,27338.805710458302,24260.975243421835,165.31583358105482,155.7592561241066,10.660379402292751,10.044124205971729,0.24398507556802831,0.21077327404871729,0.33333333333333331,0.66666666666666663
4,2020-01-09,3564,26858.466736257367,22532.818149219402,163.78773738672362,150.10925612410651,10.6004619368794,9.7151806435898322,0.46291294429147967,0.37121933896598897,1,0.66666666666666663
4,2020-01-14,3565,28781.635756242962,23718.880346987458,169.53466190017335,154.0092561241066,10.944781271799442,9.9424955535252781,0.24685936835646935,0.1998373292691806,0.33333333333333331,0.33333333333333331
4,2020-01-15,3566,30694.273003334863,25459.185589965025,175.0846619001733,159.55925612410655,11.262723096727241,10.264015703843977,0.17900095200260377,0.18094238012898164,0.33333333333333331,0.33333333333333331
4,2020-01-16,3567,32066.818333022267,26441.799552322063,178.94037593436761,162.60925612410651,11.488211089777067,10.439731389580542,0.20919938881657751,0.22716584283736216,0.33333333333333331,0.33333333333333331
4,2020-01-17,3568,29223.038044333964,24432.612925158337,170.83510837373001,156.30925612410655,11.012383702296782,10.076017283833336,0.54371725941351201,0.46940464037822793,0.66666666666666663,1
4,2020-01-21,3569,29579.105866432452,26214.636593748368,171.93151525226304,161.90925612410669,11.043195789855679,10.399464071173915,0.12872758753584498,0.28045679450878808,0.33333333333333331,0.33333333333333331
4,2020-01-22,3570,34284.325035344336,28193.547667237654,184.94055408643044,167.90925612410669,11.833166170991774,10.743442070772709,0.084312511131351187,0.17682058307340456,0,0.33333333333333331
4,2020-01-23,3571,38865.398412117276,32313.419537378952,196.93139917174994,179.7592561241066,12.505565910255592,11.415098023439059,0.36422654966068557,0.5579909062378724,1,1
4,2020-02-03,3572,29532.554036910151,26686.27593650822,171.80710389814121,163.35925612410651,11.024936881839203,10.482834801174738,0.26184594849370124,0.35383049989337273,0.66666666666666663,0.66666666666666663
4,2020-02-04,3573,30655.815889579346,25061.849949654759,174.87656569886008,158.30925612410655,11.258389602707789,10.191801720472965,0.41192314491161119,0.42431719665239376,1,0.66666666666666663
4,2020-02-05,3574,35095.120855376706,28328.035072136892,187.05081693322245,168.30925612410655,11.965126139142995,10.766280056553862,0.43423171940245747,0.20349808271572178,0.66666666666666663,0.33333333333333331
4,2020-02-06,3575,37797.961482125276,31562.84066165773,194.22656569886021,177.65925612410669,12.350272832407731,11.296808325063216,0.23456785173502159,0.44027798523694245,0.33333333333333331,1
4,2020-02-07,3576,35233.272939850453,31758.568343394232,187.63270456378746,178.20925612410664,11.926818240769606,11.327819484115601,0.47573436563173477,0.36798227965484331,1,1
4,2020-02-10,3577,31775.228049172943,28462.842477036207,178.18085529932372,168.70925612410664,11.39482351469743,10.789106358259682,0.13697346201624824,0.33589967878026722,0.33333333333333331,0.66666666666666663
4,2020-02-12,3578,38915.598271720315,32421.365091053394,197.05761529300139,180.05925612410655,12.511197440906727,11.43197080245748,0.41659465934792489,0.5947432795590043,0.66666666666666663,0.66666666666666663
4,2020-02-13,3579,38396.120326769022,34748.440143829597,195.88085529932377,186.40925612410669,12.38654706584822,11.787609467820076,0.16246774057046179,0.3751468173311106,0,1
4,2020-02-14,3580,41101.678378512181,37970.159072326933,202.71441072237863,194.85925612410651,12.750536888535313,12.256455396679343,0.275701526477305,0.13648663233959621,0.66666666666666663,0
4,2020-02-18,3581,54768.059718141762,50180.176204362382,233.96370588971982,224.0092561241066,14.451124514497828,13.836272768629192,0.17321322216658896,0.24314732938793515,0.33333333333333331,0.33333333333333331
4,2020-02-20,3582,75730.617011045164,65182.845637731429,274.90913781935654,255.30925612410655,16.658131116727656,15.470475436230174,0.13034575877364743,0.23134811618556161,0,0.33333333333333331
4,2020-02-25,3583,62922.172469022895,57556.480549109016,250.81503506570448,239.90925612410669,15.3413074234329,14.674246505847861,0.063128926967750937,0.23871825061690113,0,0.33333333333333331
4,2020-02-26,3584,72425.606229026293,66053.787108553413,269.09133157572774,257.00925612410657,16.288821523954464,15.557461024461659,0.14539264995482801,0.098176476631327045,0,0
4,2020-02-27,3585,51220.72979502711,46164.529317291192,226.28912357447703,214.85925612410651,14.056534681770168,13.346538877790261,0.24108666186064462,0.558192853676718,0.33333333333333331,1
4,2020-02-28,3586,46828.796807246894,41885.440492359492,216.36636777732429,204.65925612410669,13.525856767250602,12.794002195736985,0.23894811732948165,0.53794274172962486,0.66666666666666663,1
4,2020-03-02,3587,51881.36570883089,48624.361411493628,227.75076199580198,220.5092561241066,14.097849705713523,13.649598026871345,0.3099648650550913,0.18614795487472999,1,0.33333333333333331
4,2020-03-03,3588,65199.403232592915,60939.52170923401,255.29447195705038,246.85925612410651,15.549195843533232,15.035432964284588,0.22039855311142439,0.2826647236164061,0.33333333333333331,0.66666666666666663
4,2020-03-04,3589,76119.858037431579,70018.087801639791,275.87316939992792,264.60925612410648,16.622871137619182,15.944158599910009,0.17842637813308357,0.38249563977965151,0.33333333333333331,0.66666666666666663
4,2020-03-05,3590,90460.810017769923,83324.195521209418,300.74133157572783,288.65925612410666,17.862461412747766,17.144849352543975,0.21553907996423016,0.35537597041442598,0.66666666666666663,0.66666666666666663
4,2020-03-06,3591,82971.863410804101,77011.41660964179,288.02279899378209,277.50925612410657,17.221094110241083,16.59248168156093,0.25248328174339624,0.32662796656874798,0.33333333333333331,0.66666666666666663
4,2020-03-09,3592,72334.600080047778,66956.382004987798,268.92133337045033,258.75925612410657,16.261305116882863,15.646818208562758,0.20463286997073712,0.36742439384706388,0.33333333333333331,1
4,2020-03-11,3593,34706.746814986713,30873.7720627737,186.20937768715194,175.70925612410664,11.855184165477299,11.186684670790514,0.34221888595398536,0.11781817411382538,1,0
4,2020-03-12,3594,31953.054412548259,28159.975816012786,178.71503506570434,167.80925612410655,11.435566615414919,10.737730747639274,0.36033692129674161,0.28509411452898059,0.66666666666666663,0.66666666666666663
4,2020-03-13,3595,11499.577896383222,8595.035546172001,107.01317613719341,92.709256124106631,7.1931959492635213,6.2317171556164972,0.35886469936381404,0.20044262085992184,0.66666666666666663,0.66666666666666663
4,2020-03-16,3596,23554.256601526358,19940.083390210344,153.41525213323999,141.20925612410664,9.9866717962010156,9.1921140557288528,0.17230550772711514,0.22329815413285861,0.33333333333333331,0.33333333333333331
4,2020-03-17,3597,13934.841133463395,10652.17992477824,117.9048425980759,103.20925612410663,7.8697665597434181,6.8888837354229508,0.52589272247268981,0.31292331182487315,0.66666666666666663,0.33333333333333331
4,2020-03-18,3598,8696.1674024151998,6282.0590564335243,93.016695944509891,79.259256124106585,6.3094248563343998,5.3762425724338874,0.82021411146631718,0.37781389762992151,1,0.66666666666666663
4,2020-03-19,3599,19908.943783795261,17006.603457929654,141.0657195863968,130.40925612410669,9.2477854717711292,8.5491842221126699,0.26512461081121963,0.20063188696747947,0.66666666666666663,0.66666666666666663
4,2020-03-23,3600,50467.939413582695,44419.493417073558,224.55876774323733,210.7592561241066,13.98466559198115,13.125284516525397,0.37883911334256243,0.31276984889742993,0.66666666666666663,0.33333333333333331
4,2020-03-24,3601,62830.78065300882,57508.508697884128,250.61436267593854,239.80925612410655,15.329970802296216,14.669027166877081,0.36545721100963835,0.30400302528386941,0.66666666666666663,0.66666666666666663
4,2020-03-26,3602,54778.052089786383,49421.434733540402,234.01636777732415,222.30925612410655,14.469570752323264,13.745703093062916,0.63321265736018417,0.20910631456982406,1,0.33333333333333331
4,2020-03-27,3603,54870.673304841446,49867.053245788615,234.21503506570434,223.30925612410655,14.472905831162601,13.799002417605299,0.16919618958466812,0.33611949433911675,0.33333333333333331,0.66666666666666663
4,2020-03-30,3604,50124.778613475843,45778.592656267858,223.84725692047633,213.95925612410664,13.912629784671763,13.298067442997398,0.5885506129849617,0.19816742696285153,1,0.66666666666666663
4,2020-03-31,3605,52731.921259977833,47571.676982097881,229.57658041112276,218.10925612410651,14.232011680064645,13.521124302529694,0.07234888480159328,0.56735849772505398,0,0.66666666666666663
4,2020-04-03,3606,72646.159626699402,64647.798699870829,269.4443549869016,254.2592561241066,16.337386993294022,15.416659458790759,0.27932030381173023,0.27429074316529894,0.33333333333333331,0.33333333333333331
4,2020-04-07,3607,70182.879043790163,63912.549357110896,264.89133157572769,252.80925612410655,16.075454034210932,15.342229404303104,0.77120768507992965,0.50992019598034044,1,1
4,2020-04-08,3608,88665.362028315547,81601.239984464773,297.74133157572783,285.65925612410666,17.715843963688325,16.99695094898442,0.30699261947469464,0.30414160692679632,0.33333333333333331,0.66666666666666663
4,2020-04-09,3609,112102.748778368,104755.34344989689,334.77511478779115,323.65925612410666,19.478958181583867,18.832179683129592,0.36157738039230219,0.26099733234038552,0.33333333333333331,0.33333333333333331
4,2020-04-15,3610,117265.07286405233,111896.47180778995,342.33817000284853,334.50925612410657,19.794054351133195,19.341385147389801,0.091040301430201379,0.24667881445182296,0,0.66666666666666663
4,2020-04-16,3611,93331.584600841816,88541.540280218425,305.38817000284848,297.55925612410653,18.043081149912766,17.580529740575262,0.63245957520639673,0.27623487174206551,1,0.66666666666666663
4,2020-04-17,3612,89493.477341805701,84802.860227442332,299.03817000284857,291.20925612410662,17.73444253367623,17.270149218604356,0.67790618475215669,0.32557787148131906,1,0.66666666666666663
4,2020-04-20,3613,87028.683030781991,82403.045901612189,294.88817000284848,287.05925612410653,17.531474688793349,17.066035856490981,0.52492876887643725,0.22377399265284506,0.66666666666666663,0.66666666666666663
4,2020-04-21,3614,104649.55872094435,99577.673500686287,323.38817000284848,315.55925612410653,18.905508170053405,18.447824157382513,0.084129522518575542,0.11825560100249966,0,0
4,2020-04-22,3615,121932.20065909081,116457.90926546538,349.08817000284853,341.25925612410657,20.105870122554272,19.654960755888069,0.079837589935419354,0.26104765196393981,0,0.33333333333333331
4,2020-04-23,3616,108138.43463997492,102982.7800412143,328.73817000284862,320.90925612410666,19.158352468258556,18.702095467341142,0.43542267002447432,0.4700324810292531,0.66666666666666663,1
4,2020-04-24,3617,107514.73461696948,102373.95495457847,327.78817000284857,319.95925612410662,19.113570075095399,18.657060329695128,0.50951998136800813,0.51852978576249853,1,0.66666666666666663
4,2020-04-27,3618,92721.808260836115,87947.421767970212,304.38817000284848,296.55925612410653,17.994630368765243,17.531805511164706,0.49516783442071599,0.23538203725441975,1,0.33333333333333331
4,2020-04-28,3619,99665.543268899943,94715.789105150223,315.58817000284853,307.75925612410657,18.534028483503072,18.074247900402678,0.16754199085916069,0.29276975183762355,0.33333333333333331,0.66666666666666663
4,2020-04-30,3620,99665.543268899943,94715.789105150223,315.58817000284853,307.75925612410657,18.534028483503072,18.074247900402678,0.69861335220189069,0.23264731056731325,1,0.66666666666666663
4,2020-05-11,3621,99444.754049898009,94500.480125863411,315.23817000284862,307.40925612410666,18.517279722911692,18.05740461255326,0.39009597748075797,0.2985917367656919,0.66666666666666663,0.66666666666666663
4,2020-05-12,3622,103263.6120899322,98225.3911993527,321.23817000284862,313.40925612410666,18.803451767902633,18.345191765634898,0.27477621271366631,0.42213439866053992,0.33333333333333331,0.66666666666666663
4,2020-05-13,3623,118707.30317806425,113305.82068351113,344.43817000284844,336.60925612410648,19.89132420898871,19.439203980371133,0.14632014070623311,0.1716620215298709,0.33333333333333331,0
4,2020-05-14,3624,121304.65195308562,115844.45260444192,348.18817000284844,340.35925612410648,20.0644348403981,19.613291619794655,0.1327825302976966,0.12140080701268179,0.33333333333333331,0.33333333333333331
4,2020-05-15,3625,120852.42983208201,115402.40807148068,347.53817000284857,339.70925612410662,20.03448261963732,19.583170353611958,0.38954322506293942,0.19180610697198444,0.66666666666666663,0.33333333333333331
4,2020-05-18,3626,123121.99043710053,117621.08073628736,350.78817000284857,342.95925612410662,20.184019678520588,19.733551375132006,0.21740749879570073,0.32428002220791324,0.33333333333333331,0.33333333333333331
4,2020-05-19,3627,130490.42805615941,124827.45983805631,361.13817000284848,353.30925612410653,20.656533203846507,20.208731689304269,0.038926601849258329,0.25190076066479178,0,0.33333333333333331
4,2020-05-20,3628,114136.7217000262,108840.14665144822,337.73817000284862,329.90925612410666,19.580159429697293,19.126283038095348,0.49685017437186402,0.39639983844352256,0.66666666666666663,0.33333333333333331
4,2020-05-21,3629,120054.4145410754,114622.39928239518,346.38817000284848,338.55925612410653,19.98143520537905,19.529823548447208,0.23345393110934573,0.29107552229480971,0.33333333333333331,0.66666666666666663
4,2020-05-22,3630,111017.37921899965,105793.61306949396,333.08817000284853,325.25925612410657,19.362776922124606,18.907673659299903,0.45728815338561163,0.24091561523903993,1,0.66666666666666663
4,2020-05-26,3631,94587.878597853472,89765.735730327244,307.43817000284844,299.60925612410648,18.142226484294138,17.680234634964389,0.40474846619858235,0.1562684819761164,0.66666666666666663,0.33333333333333331
4,2020-05-27,3632,109093.87783298308,103915.5193839741,330.18817000284844,322.35925612410648,19.226609019876467,18.770737247742542,0.13852726881315375,0.26436649002039647,0.33333333333333331,0.33333333333333331
4,2020-05-28,3633,116717.97179204783,111361.89699799141,341.53817000284857,333.70925612410662,19.756937004850382,19.304058316891687,0.20514760921011388,0.36074557543158564,0.66666666666666663,0.66666666666666663
4,2020-05-29,3634,118019.42683805856,112633.60217126292,343.43817000284844,335.60925612410648,19.845034670221221,19.392653191038164,0.18751657060058638,0.44671170348032679,0.33333333333333331,1
4,2020-06-01,3635,126086.25106512448,120519.57848772989,354.98817000284862,347.15925612410666,20.376441179166466,19.927058871171063,0.24770517477419884,0.38766946549441683,0.33333333333333331,0.66666666666666663
4,2020-06-02,3636,97968.657150884552,93061.179122080037,312.88817000284848,305.05925612410653,18.40464515766292,17.944134356289908,0.20334312031360122,0.15785622422803,0.33333333333333331,0.33333333333333331
4,2020-06-04,3637,87856.329906790037,83208.771818759749,296.28817000284857,288.45925612410662,17.600057619938138,17.135005858451787,0.44742190416006006,0.34658133677547998,0.66666666666666663,0.66666666666666663
4,2020-06-05,3638,91992.716652829258,87237.119553272336,303.18817000284844,295.35925612410648,17.93641376063232,17.473260338042802,0.24925886142522724,0.15935219165397804,0.33333333333333331,0.33333333333333331
4,2020-06-08,3639,106566.25142396119,101448.17561181851,326.33817000284853,318.50925612410657,19.045122264537408,18.588226210919558,0.22313948124388783,0.29313106777542258,0.33333333333333331,0.33333333333333331
4,2020-06-09,3640,112219.73663100989,106967.78639154072,334.88817000284848,327.05925612410653,19.447064254977992,18.992436696037078,0.1455963928457964,0.24602139050144967,0.33333333333333331,0.33333333333333331
4,2020-06-10,3641,123332.5533391022,117826.94628996181,351.08817000284853,343.25925612410657,20.197794908836389,19.747404350588614,0.30669992849000099,0.34140234698279848,0.33333333333333331,0.66666666666666663
4,2020-06-11,3642,120019.77822407514,114588.5458567828,346.33817000284853,338.50925612410657,19.979127199472082,19.527502516533406,0.39827158253537226,0.47031710197869137,0.66666666666666663,1
4,2020-06-12,3643,104584.89108694386,99514.571649461504,323.28817000284857,315.45925612410662,18.900767049773368,18.443056278997144,0.53379257295725047,0.10318276838547256,1,0
4,2020-06-15,3644,110751.06868299731,105533.56566459463,332.68817000284844,324.85925612410648,19.344022443983395,18.888813333959735,0.15782969163862595,0.21470853019792135,0.33333333333333331,0.33333333333333331
4,2020-06-16,3645,113765.51221302296,108477.54896971158,337.18817000284844,329.35925612410648,19.554508655600571,19.100487495236262,0.34126986197085585,0.37345645052118348,0.66666666666666663,1
4,2020-06-17,3646,110518.30946399539,105306.2866853078,332.33817000284853,324.50925612410657,19.327605117932453,18.872303351212945,0.42412796561661831,0.22172445436915347,0.66666666666666663,0.33333333333333331
4,2020-06-18,3647,120887.18614908225,115436.38149709305,347.58817000284853,339.75925612410657,20.03678743351195,19.585488175478115,0.47546017774911381,0.24591900662468599,0.66666666666666663,0.33333333333333331
4,2020-06-19,3648,140460.87496323659,134585.74317901957,374.68817000284844,366.85925612410648,21.266746317952631,20.82238874615356,0.20529310624696381,0.10469924621238197,0.33333333333333331,0
4,2020-06-22,3649,145793.68066027691,139808.1611903696,381.73817000284862,373.90925612410666,21.580539883704486,21.137953311329451,0.30788973564035466,0.42313302223198512,0.33333333333333331,1
4,2020-06-23,3650,143625.89559126055,137685.00093046212,378.88817000284848,371.05925612410653,21.453988845324222,21.01068803964251,0.32418768060865033,0.32413516703386314,0.33333333333333331,0.66666666666666663
4,2020-06-24,3651,147862.35677829213,141834.56117343964,384.43817000284844,376.60925612410648,21.700054752926643,21.258142702873474,0.085345873371761347,0.34397057622354882,0,0.66666666666666663
4,2020-06-29,3652,145183.53958827219,139210.54638057089,380.93817000284844,373.10925612410648,21.545057971995277,21.102271145529468,0.58280638931052731,0.40950999317734743,0.66666666666666663,0.66666666666666663
4,2020-06-30,3653,147439.77729128904,141420.59349170316,383.88817000284848,376.05925612410653,21.675738686251009,21.23368940030527,0.13507803960721601,0.15228809042213612,0,0.33333333333333331
4,2020-07-01,3654,152394.50586732556,146275.11197009182,390.28817000284857,382.45925612410662,21.957758024295959,21.517300409243955,0.064743736268936605,0.15144100963807425,0,0
4,2020-07-02,3655,160660.73112038514,154377.71292308567,400.73817000284862,392.90925612410666,22.413902903006242,21.976019694843483,0.07410049129189912,0.28942624900789804,0,0.66666666666666663
4,2020-07-06,3656,161985.88958139444,155677.03596829509,402.38817000284848,394.55925612410653,22.485438797622223,22.047959326317038,0.19181863632843524,0.30960879547129105,0.33333333333333331,0.33333333333333331
4,2020-07-07,3657,179793.22220851714,173146.94240724409,423.93817000284844,416.10925612410648,23.407772624529205,22.975498654083513,0.071677228512123034,0.13965827965526267,0,0.33333333333333331
4,2020-07-08,3658,180642.09854852283,173980.16091949225,424.93817000284844,417.10925612410648,23.450039733063761,23.01800431124698,0.21412993991026905,0.29353769750201159,0.33333333333333331,0.33333333333333331
4,2020-07-09,3659,173074.2114884716,166553.19430925837,415.93817000284844,408.10925612410648,23.067947978639481,22.633756093622456,0.54997820360655603,0.26135520961739206,0.66666666666666663,0.33333333333333331
4,2020-07-10,3660,176753.82738449672,170163.91576315058,420.33817000284853,412.50925612410657,23.255223789922464,22.822088858871734,0.25273827354795025,0.30937126906428797,0.33333333333333331,0.33333333333333331
4,2020-07-13,3661,172077.39988046489,165575.17209456066,414.73817000284862,406.90925612410666,23.016714024243779,22.582232983190334,0.35241060985059192,0.32808994927948398,0.66666666666666663,0.66666666666666663
4,2020-07-14,3662,174324.27599848012,167779.77207763068,417.43817000284844,409.60925612410648,23.131894602839878,22.698063622082817,0.061827243950970147,0.092331459562604912,0,0
4,2020-07-15,3663,176922.00265249787,170328.95946560023,420.53817000284857,412.70925612410662,23.263714665201558,22.830627655258429,0.090668367196494251,0.15599028923566297,0,0.33333333333333331
4,2020-07-16,3664,176627.74843349578,170040.18548631328,420.18817000284844,412.35925612410648,23.248854400246131,22.815683521404626,0.58754446394710103,0.49595281255457513,1,1
4,2020-07-17,3665,183671.76205554322,176954.23913797355,428.48817000284862,420.65925612410666,23.599711949045723,23.168521252670207,0.29598924728221709,0.077368682525857324,0.33333333333333331,0
4,2020-07-20,3666,207448.03560169635,200309.31711745038,455.38817000284848,447.55925612410653,24.715105153339039,24.290209553287919,0.39039841228683941,0.25603468778521449,0.66666666666666663,0.66666666666666663
4,2020-07-21,3667,216516.20505075259,209223.25696309542,465.23817000284862,457.40925612410666,25.115427013757749,24.692790764635429,0.6265220767865558,0.50600328922838511,1,1
4,2020-07-22,3668,302006.89919623261,293394.77912000736,549.48817000284862,541.65925612410672,28.373127307611011,27.968876984695566,0.24440828315874086,0.13886945225011724,0.66666666666666663,0
4,2020-07-27,3669,306695.61114125681,298016.94529706234,553.73817000284862,545.90925612410672,28.529969086653029,28.126603953016982,0.078351837278988368,0.1528178481343056,0,0
4,2020-07-28,3670,317870.37454131379,309035.13041954447,563.73817000284862,555.90925612410672,28.896312983897104,28.495015435137969,0.091215230203870679,0.3172172300528035,0,0.33333333333333331
4,2020-07-29,3671,325526.40233635227,316585.4678772199,570.48817000284862,562.65925612410672,29.141479324846046,28.741565454708791,0.10610814582732818,0.14805138496299863,0.33333333333333331,0
4,2020-07-30,3672,333851.04330139357,324796.58959101944,577.73817000284862,569.90925612410672,29.402929920242688,29.004491634388856,0.27379400369471374,0.29798865743071806,0.66666666666666663,0.66666666666666663
4,2020-07-31,3673,326554.09104235721,317599.06453824305,571.38817000284848,563.55925612410658,29.174040489282813,28.774310389017717,0.42158848437316304,0.29258562970718632,0.66666666666666663,1
4,2020-08-03,3674,349041.23572146759,339783.23025024618,590.73817000284862,582.90925612410672,29.866938166886523,29.471118667480997,0.13748339999324802,0.15970580098883597,0.33333333333333331,0
4,2020-08-04,3675,436975.01110686781,426617.04323568317,660.98817000284862,653.15925612410672,32.272449283638821,31.890206094480707,0.15517157951323943,0.1773979516439832,0.33333333333333331,0.33333333333333331
4,2020-08-05,3676,462453.56156697607,451798.09496839927,679.98817000284862,672.15925612410672,32.894960211056222,32.516230371482798,0.20265143602857638,0.19880555815364279,0.66666666666666663,0.33333333333333331
4,2020-08-06,3677,414790.413326771,404698.62852746359,643.98817000284862,636.15925612410672,31.705593875531033,31.320151447411892,0.43047979798043928,0.34660105863454871,0.66666666666666663,0.66666666666666663
4,2020-08-07,3678,296809.32408120553,288271.57868682843,544.73817000284862,536.90925612410672,28.197016926489393,27.791772665464393,0.36549867643694145,0.52385207294377867,0.66666666666666663,0.66666666666666663
4,2020-08-12,3679,310416.87938027579,301685.75981309375,557.08817000284853,549.25925612410663,28.653114054409084,28.250443930775702,0.044801939287500481,0.2396398042223844,0,0.33333333333333331
4,2020-08-13,3680,310974.21755027864,302235.26906921784,557.58817000284853,549.75925612410663,28.671457513965731,28.268890917809824,0.092393980938773448,0.2572100463191867,0,0.66666666666666663
4,2020-08-14,3681,343100.28270443866,333921.34926339251,585.68817000284844,577.85925612410654,29.687415160952352,29.290582463142485,0.12880654501468872,0.19891760199345065,0.33333333333333331,0.33333333333333331
4,2020-08-17,3682,386441.50331064331,376700.45385310351,621.58817000284853,613.75925612410663,30.944028375997437,30.55428779709305,0.16129255556664349,0.60240911280792331,0,1
4,2020-08-18,3683,352713.42237548513,343406.87763821555,593.83817000284853,586.00925612410663,29.976687026897959,29.581486932059899,0.29722085056634318,0.41232134127893216,0.66666666666666663,1
4,2020-08-19,3684,291656.87396617845,283193.5032536494,539.98817000284862,532.15925612410672,28.020038398819427,27.613795300008132,0.35785155430307469,0.3757867170821107,0.66666666666666663,0.66666666666666663
4,2020-08-20,3685,288640.78021416231,280221.25141935417,537.18817000284844,529.35925612410654,27.915304908298825,27.50847071084296,0.26026513861011574,0.27311215665404515,0.33333333333333331,0.33333333333333331
4,2020-08-21,3686,310082.71647827415,301356.29425941926,556.78817000284857,548.95925612410667,28.642103449309321,28.23937118362646,0.56029368516605671,0.41185674351116885,0.66666666666666663,0.66666666666666663
4,2020-08-24,3687,274633.25252608728,266420.40705767792,523.98817000284862,516.15925612410672,27.417427726910422,27.007783592292942,0.40620829927721153,0.35443827651738208,1,0.66666666666666663
4,2020-08-25,3688,297954.37673821143,289400.19062468898,545.78817000284857,537.95925612410667,28.236021107780775,27.830996979958439,0.13280173436623285,0.072294359771679528,0.33333333333333331,0
4,2020-08-26,3689,288103.84204415948,279692.14216323011,536.68817000284844,528.85925612410654,27.896570418839747,27.489630486997765,0.23370075905671936,0.31887408583931592,0.33333333333333331,0.66666666666666663
4,2020-08-27,3690,325184.1994343503,316247.96232354519,570.18817000284844,562.35925612410654,29.130618949234854,28.730643784918716,0.26924839552226687,0.3291899601512599,0.66666666666666663,0.66666666666666663
4,2020-08-28,3691,342514.84453443578,333343.74000726844,585.18817000284844,577.35925612410654,29.669590590049864,29.272657293284993,0.16239745928274141,0.20786115524840273,0.33333333333333331,0.33333333333333331
4,2020-09-01,3692,313544.41313229169,304769.45164738869,559.88817000284848,552.05925612410658,28.755716083451812,28.353625028843975,0.30671416035900423,0.15897175104720632,0.33333333333333331,0.33333333333333331
4,2020-09-02,3693,306197.4492882542,297525.82946655055,553.28817000284857,545.45925612410667,28.513394831242678,28.109936155227221,0.3705491806822927,0.18287448245690985,0.66666666666666663,0.33333333333333331
4,2020-09-03,3694,290739.61657717341,282289.55501823826,539.13817000284848,531.30925612410658,27.988276488752973,27.581854130930108,0.096070770291707186,0.060968821766005966,0,0
4,2020-09-04,3695,274423.69725808618,266213.98335522827,523.78817000284857,515.95925612410667,27.409831235921846,27.00014422795503,0.41125197374505068,0.30165923287093305,0.66666666666666663,0.33333333333333331
4,2020-09-08,3696,313712.40208329266,304935.09192422603,560.03817000284857,552.20925612410667,28.761204293490579,28.35914421344015,0.2295085132096206,0.23737341555342381,0.66666666666666663,0.66666666666666663
4,2020-09-09,3697,335412.75886040111,326337.16708255443,579.08817000284853,571.25925612410663,29.451400890163942,29.053236166515276,0.37782583547430099,0.48857301091693967,0.66666666666666663,1
4,2020-09-10,3698,313936.45735129382,305156.01562667568,560.23817000284862,552.40925612410672,28.768520591704249,28.366501803641096,0.47454695783849915,0.29442535948535381,0.66666666666666663,0.33333333333333331
4,2020-09-11,3699,326725.52999335813,317768.15481508046,571.53817000284857,563.70925612410667,29.179464440845894,28.779764952473922,0.25442431317766273,0.19600432453919225,0.66666666666666663,0.66666666666666663
4,2020-09-14,3700,316125.18871430476,307314.21422555955,562.18817000284844,554.35925612410654,28.839775822856257,28.43815918763211,0.29770321404331962,0.23646063837040421,0.66666666666666663,0.33333333333333331
4,2020-09-15,3701,330278.67664737575,321272.76220304979,574.63817000284848,566.80925612410658,29.291373738548703,28.892305847900221,0.031894412116321859,0.31258066356609299,0,1
4,2020-09-16,3702,301567.46866023022,292961.61171510804,549.08817000284853,541.25925612410663,28.358330277745562,27.953996442820227,0.52946492120207067,0.33448131063435294,0.66666666666666663,1
4,2020-09-17,3703,317814.00322431332,308979.54199393181,563.68817000284844,555.85925612410654,28.894490606804649,28.493182772848069,0.14582355066133046,0.33605635950241336,0.33333333333333331,0.66666666666666663
4,2020-09-18,3704,236497.20819087225,228875.44572030791,486.23817000284862,478.40925612410666,25.954850539278777,25.536951858871927,0.50741647450831506,0.13187414105114395,1,0
4,2020-09-23,3705,225303.58132980578,217864.23255261616,474.58817000284853,466.75925612410657,25.491509064205641,25.070995360499882,0.55972448775389161,0.47759641777503714,1,1
4,2020-09-24,3706,223361.97233279413,215954.72210250734,472.53817000284857,464.70925612410662,25.409376243633304,24.988398995757734,0.41007211025852874,0.21901453298506249,0.66666666666666663,0.33333333333333331
4,2020-09-25,3707,246868.13607793231,239081.18352452651,496.78817000284857,488.95925612410662,26.369498659882083,25.953940185467058,0.11263735676316265,0.2798747733810224,0.33333333333333331,0.66666666666666663
4,2020-09-29,3708,249807.88878094917,241974.74563565876,499.73817000284862,491.90925612410666,26.484613387187906,26.069704601415371,0.25769629846251546,0.34861909872427699,0.33333333333333331,0.66666666666666663
4,2020-09-30,3709,287460.17624015617,279057.87105588126,536.08817000284853,528.25925612410663,27.874076173292526,27.467009287617657,0.42815398416756373,0.39100270964582906,0.66666666666666663,0.66666666666666663
4,2020-10-09,3710,289877.63550516899,281440.10020843969,538.33817000284853,530.50925612410663,27.9583573099376,27.551766093176145,0.59200783863030793,0.5623860676091631,0.66666666666666663,1
4,2020-10-12,3711,254224.94467697409,246322.90708955078,504.13817000284848,496.30925612410653,26.655642679788954,26.241699155295645,0.33223486314970541,0.39269225896000276,0.66666666666666663,0.66666666666666663
4,2020-10-13,3712,273481.68855208094,265286.06669420475,522.88817000284848,515.05925612410658,27.37562733974757,26.965747290600067,0.80010879178626926,0.63552972351566195,1,1
4,2020-10-14,3713,254830.27048097763,246918.83819689986,504.73817000284862,496.90925612410666,26.678903219136771,26.265090973312894,0.41042147696166476,0.19732285338455435,0.66666666666666663,0.33333333333333331
4,2020-10-15,3714,268277.8068520524,260160.47413296372,517.88817000284848,510.05925612410653,27.185017191299362,26.77406136973342,0.14907529213274084,0.056385237517962129,0.33333333333333331,0
4,2020-10-16,3715,268847.78633905551,260721.84181470019,518.43817000284844,510.60925612410648,27.20603327051052,26.795196060249083,0.10334009583940063,0.18124952728041233,0,0.33333333333333331
4,2020-10-19,3716,261434.1166910147,253420.90852651323,511.23817000284862,503.40925612410666,26.929949958009303,26.517554578808824,0.36019817184749342,0.28875377685960574,0.66666666666666663,0.66666666666666663
4,2020-10-20,3717,288425.94494616141,280009.54771690472,536.98817000284862,529.15925612410672,27.907812280895389,27.500935796279226,0.26527183516261105,0.22456920655889431,0.33333333333333331,0.33333333333333331
4,2020-10-21,3718,264047.93385802914,255994.79823274617,513.78817000284857,505.95925612410662,27.027968647405171,26.616126469612908,0.57191951945759023,0.47207931283886956,1,0.66666666666666663
4,2020-10-22,3719,266829.67997604457,258734.26821581635,516.48817000284862,508.65925612410666,27.131466918963497,26.720208868442555,0.18198675102730619,0.084487258924212341,0.33333333333333331,0
4,2020-10-23,3720,261485.24300801489,253471.2519521256,511.28817000284857,503.45925612410662,26.931874424022151,26.519489906192245,0.4253519613800098,0.18393334343604698,1,0.33333333333333331
4,2020-10-26,3721,268951.48397305619,260823.97366592518,518.53817000284857,510.70925612410662,27.20985307251134,26.799037420585961,0.31511478928759346,0.24859672938238889,0.33333333333333331,0.33333333333333331
4,2020-10-27,3722,233154.06731785255,225586.32435305152,482.78817000284857,474.95925612410662,25.818239525273327,25.399569834707165,0.37539727802831097,0.18451427842490964,0.66666666666666663,0.33333333333333331
4,2020-10-28,3723,233492.14153685444,225918.91833233833,483.13817000284848,475.30925612410653,25.832121584924796,25.413530242426699,0.20342986252393969,0.1933849962550952,0.33333333333333331,0.33333333333333331
4,2020-10-29,3724,252815.31780096624,244935.20117240344,502.73817000284862,494.90925612410666,26.601310651507941,26.187060485957279,0.070798752090091649,0.13424055519158443,0,0
4,2020-11-02,3725,263226.51278602466,255185.90342294762,512.98817000284862,505.15925612410666,26.997246007044101,26.585230435708059,0.39438999808525521,0.2637300888917109,0.33333333333333331,0.66666666666666663
4,2020-11-04,3726,303988.29660824285,295347.99244205415,551.28817000284857,543.45925612410667,28.439638371010265,28.035763425629067,0.13560558162740674,0.19288080768635996,0,0.33333333333333331
4,2020-11-05,3727,306584.8735072561,297907.77344583737,553.63817000284848,545.80925612410658,28.526286582999202,28.122900665916458,0.34824610347494422,0.5406755327020637,1,1
4,2020-11-06,3728,230602.31251683738,223076.06279559367,480.13817000284848,472.30925612410653,25.712963637489878,25.293699787077951,0.48871058677582963,0.040972892048411376,1,0
4,2020-11-09,3729,241679.42279290242,233974.6738352234,491.53817000284857,483.70925612410662,26.163739287957018,25.747019541390674,0.26780406416355534,0.34796130441055367,0.33333333333333331,0.66666666666666663
4,2020-11-10,3730,224544.88025780127,217118.05774281759,473.78817000284857,465.95925612410662,25.459478761001023,25.038784283516843,0.38652802519817681,0.37160490384341133,0.66666666666666663,0.33333333333333331
4,2020-11-11,3731,237909.40138388032,230264.93506306762,487.68817000284844,479.85925612410648,26.012116702821476,25.594541223250207,0.10405698788090105,0.085875032067116622,0,0
4,2020-11-12,3732,253821.79414097196,245926.01968465163,503.73817000284862,495.90925612410666,26.640127452686475,26.226096362795847,0.59900904041027547,0.46298998913298489,0.66666666666666663,0.66666666666666663
4,2020-11-13,3733,251961.38541196127,244094.57793699228,501.88817000284848,494.05925612410653,26.568284058275243,26.153847496048627,0.30551957261472396,0.27785056333228209,0.66666666666666663,0.66666666666666663
4,2020-11-17,3734,239130.18430888746,231466.1457033779,488.93817000284844,481.10925612410648,26.061413037836388,25.644115778695511,0.063959431683348236,0.10033542044922457,0,0
4,2020-11-18,3735,221146.56543378063,213776.11109872392,470.18817000284844,462.35925612410648,25.315000942355965,24.89349105575721,0.34517941910596023,0.1391780274840467,0.66666666666666663,0.33333333333333331
4,2020-11-19,3736,238739.19377288534,231081.41829847873,488.53817000284857,480.70925612410662,26.045645359217815,25.628259109884667,0.12432407326951972,0.08190186880615849,0,0
4,2020-11-20,3737,170174.89429845163,163708.67951638962,412.43817000284844,404.60925612410648,22.918324627853327,22.483288293182181,0.45201372925417194,0.32089887522012628,0.66666666666666663,0.66666666666666663
4,2020-11-24,3738,179030.94350251215,172398.75574622079,423.03817000284857,415.20925612410662,23.36969229935082,22.937203409794865,0.24634671593876548,0.14852151139177139,0.33333333333333331,0.33333333333333331
4,2020-11-25,3739,153841.99459633604,147693.63371775093,392.13817000284848,384.30925612410653,22.038901253461955,21.598901597488148,0.19353685380340957,0.49188212606787385,0.33333333333333331,0.66666666666666663
4,2020-11-27,3740,179496.58798951525,172855.78842795725,423.58817000284853,415.75925612410657,23.392968107295236,22.960610582582166,0.44924134010308486,0.3979773601567263,0.66666666666666663,0.66666666666666663
4,2020-12-01,3741,189676.05011858267,182849.7052980985,435.43817000284844,427.60925612410648,23.891044112962167,23.46149764754233,0.43320242339275777,0.64831907996863658,0.66666666666666663,1
4,2020-12-02,3742,198262.15693363824,191283.1482925186,445.18817000284844,437.35925612410648,24.296022594092204,23.868761760804787,0.32212180587029066,0.4630405497631831,0.33333333333333331,0.66666666666666663
4,2020-12-03,3743,207858.08745469898,200712.32294796212,455.83817000284853,448.00925612410657,24.733487249205023,24.308695394688367,0.15569395709246678,0.11084004962676586,0.33333333333333331,0
4,2020-12-04,3744,223598.30391779557,216187.13923056939,472.78817000284857,464.95925612410662,25.419402134619133,24.998481471228075,0.20072337680603583,0.22998346824837479,0.33333333333333331,0.33333333333333331
4,2020-12-07,3745,231419.26990584235,223879.71103100479,480.98817000284862,473.15925612410666,25.746763910973346,25.327690823761831,0.12234861633449091,0.23318413280858033,0,0.33333333333333331
4,2020-12-08,3746,206720.05452969184,199593.86230765187,454.58817000284853,446.75925612410657,24.682403692295292,24.257323530560967,0.61946259726681852,0.16111767631820981,0.66666666666666663,0
4,2020-12-09,3747,209090.67301370658,201923.77043949711,457.18817000284844,449.35925612410648,24.788579716585705,24.364098794919972,0.057865135151238693,0.17488638437231227,0,0.33333333333333331
4,2020-12-10,3748,206947.41111469327,199817.30443571392,454.83817000284853,447.00925612410657,24.692625950208932,24.267603481221855,0.72411578398929333,0.40699599010808707,1,0.66666666666666663
4,2020-12-11,3749,197195.14532563151,190234.92607782086,443.98817000284862,436.15925612410666,24.246411817865749,23.818870989493306,0.61864178207470044,0.18799218971891427,0.66666666666666663,0.33333333333333331
4,2020-12-14,3750,214890.93395574263,207625.38706666103,463.48817000284862,455.65925612410666,25.044615135376677,24.621579235625678,0.36424255855104448,0.32364493468180094,0.33333333333333331,0.33333333333333331
4,2020-12-15,3751,216097.69319774999,208811.79113258366,464.78817000284857,456.95925612410662,25.097231026909398,24.674492082621381,0.24549490034552213,0.23877823557438824,0.33333333333333331,0.33333333333333331
4,2020-12-16,3752,253670.69518997101,245777.26940781434,503.58817000284853,495.75925612410657,26.634307550064715,26.220243613598125,0.148786305964377,0.30623919328311439,0,0.33333333333333331
4,2020-12-17,3753,242712.75544990832,234991.56577308397,492.58817000284853,484.75925612410657,26.204983109607582,25.788496136406788,0.31564470194802197,0.30758703214497962,0.66666666666666663,0.66666666666666663
4,2020-12-18,3754,242959.11203490975,235234.00790114599,492.83817000284853,485.00925612410657,26.214796276747261,25.798364687452477,0.065941331771980444,0.29002046075587756,0,0.66666666666666663
4,2020-12-21,3755,240109.06064889315,232429.36421562612,489.93817000284844,482.10925612410648,26.100802834310826,25.68372788472146,0.48827205972983978,0.28725936577721239,0.66666666666666663,0.66666666666666663
4,2020-12-22,3756,238055.73033488131,230408.91533990495,487.83817000284853,480.00925612410657,26.018035733485252,25.600493659952352,0.54650653785763093,0.18118456260161339,0.66666666666666663,0.33333333333333331
4,2020-12-23,3757,237373.24689687722,229737.39238133118,487.13817000284848,479.30925612410653,25.990405484866272,25.572707470741424,0.4668671939667064,0.38968258191005334,0.66666666666666663,0.66666666666666663
4,2020-12-29,3758,250508.01221895296,242663.90859423237,500.43817000284844,492.60925612410648,26.511875927254106,26.09712100678674,0.27140879377361538,0.12021386630604482,0.66666666666666663,0
4,2020-12-30,3759,309248.09672326985,300533.41787523311,556.03817000284857,548.20925612410667,28.614562062723781,28.211674357971727,0.32869190692067457,0.26807565064579936,0.66666666666666663,0.33333333333333331
4,2021-01-04,3760,306086.80165425345,297416.74761532556,553.18817000284844,545.35925612410654,28.509710619364981,28.106231150261888,0.22062251412417497,0.23880714238958364,0.33333333333333331,0.33333333333333331
4,2021-01-05,3761,296863.80039820581,288325.27211244073,544.78817000284857,536.95925612410667,28.198875229837654,27.793641456771997,0.60355434110957951,0.27226757757760817,1,0.33333333333333331
4,2021-01-06,3762,284092.7432691381,275739.76024229923,532.93817000284844,525.10925612410654,27.755750742297199,27.348016047294749,0.56146437341014832,0.23123159813971705,0.66666666666666663,0.33333333333333331
4,2021-01-07,3763,226396.45662081242,218939.10134170167,475.73817000284862,467.90925612410666,25.537504428732007,25.117250315320558,0.65376802065426709,0.27956870988916188,1,0.33333333333333331
4,2021-01-08,3764,206265.71635968899,199147.35305152778,454.08817000284853,446.25925612410657,24.661950848762988,24.236755254533961,0.62678926066147922,0.44956195422402617,1,1
4,2021-01-12,3765,222559.37994378919,215165.43886709621,471.68817000284844,463.85925612410648,25.375268042222256,24.954098293251558,0.24838278507313502,0.23864934671858842,0.33333333333333331,0.66666666666666663
4,2021-01-13,3766,206720.05452969184,199593.86230765187,454.58817000284853,446.75925612410657,24.682403692295292,24.257323530560967,0.22332795633050329,0.34246456006820791,0.33333333333333331,0.66666666666666663
4,2021-01-14,3767,204227.38209467617,197144.24889896926,451.83817000284853,444.00925612410657,24.569775421579582,24.144059604355988,0.25246710703301395,0.25110784298330679,0.33333333333333331,0.66666666666666663
4,2021-01-15,3768,200360.06383265171,193344.25929630201,447.53817000284857,439.70925612410662,24.392989044685702,23.966275474143274,0.19487196082327227,0.20617701810827374,0.33333333333333331,0.33333333333333331
5,2021-01-19,3769,8913.8979804764567,1834.9114886654452,82.586132928110146,37.970705043765825,4.4482458756926722,2.0451742455976425,0.62744993850897124,0.63105776910323641,1,0.66666666666666663
5,2021-01-20,3770,9228.6971964372951,1447.483733184021,82.332195994817695,32.470705043765825,4.4214701678114858,1.7437680599197585,0.33749882690178573,0.27513175990025751,0.66666666666666663,0.66666666666666663
5,2021-01-21,3771,14778.653659997324,2146.2929880068073,105.69708057404289,41.870705043765689,5.7050294475113548,2.2599830001492784,0.31641560580211631,0.4385139608346374,0.33333333333333331,1
5,2021-01-22,3772,12855.587453739798,1815.9886361435622,98.04273167947683,37.720705043765825,5.2800566378262559,2.0314352286811439,0.38363236802626172,0.45129772455285549,0.66666666666666663,0.66666666666666663
5,2021-01-25,3773,14176.093700423902,1834.9114886654452,102.45044714350934,37.970705043765825,5.5181755436555706,2.0451742455976425,0.40879074013661088,0.37825890739814905,0.66666666666666663,0.66666666666666663
5,2021-01-27,3774,16219.608396846985,2063.5515779192756,109.62733356544474,40.870705043765689,5.9139738666151338,2.2048176643343411,0.22523037232121512,0.26663872589474497,0.66666666666666663,0.66666666666666663
5,2021-01-28,3775,14107.146258825022,1339.9733360352145,99.527333565444835,30.770705043765776,5.3400221893682174,1.6509660394766488,0.16365550132988971,0.078207838237812813,0,0
5,2021-01-29,3776,15279.958372826977,1393.0060346096107,103.32632748273977,31.620705043765685,5.5463822154507509,1.6973458785134161,0.21700720192754733,0.47922765598650713,0.33333333333333331,1
5,2021-02-01,3777,22339.562623546575,4171.7846257224382,133.17632748273991,61.470705043765825,7.2650879647995152,3.3533743409397103,0.21149690914343411,0.35105923783662174,0.33333333333333331,0.66666666666666663
5,2021-02-02,3778,12303.694417947854,3888.3948120167238,95.586596712875846,59.120705043765689,5.2078017223501503,3.2210468846204301,0.20093946066028212,0.22519255681125652,0.33333333333333331,0.33333333333333331
5,2021-02-03,3779,22679.703975363474,12202.459181853892,137.44185714378031,108.67070504376564,7.695943621915017,6.084926650079268,0.24042004670582676,0.19680072853266592,0.33333333333333331,0.33333333333333331
5,2021-02-04,3780,10041.941080897812,8787.490639861493,81.960469636090238,91.620705043765682,4.5459091841753922,5.0817108097155037,0.45911716414571702,0.35249196956367462,0.66666666666666663,0.33333333333333331
5,2021-02-05,3781,5750.7639107339864,3912.0830940342348,67.677281284854715,59.320705043765734,3.6876328175918656,3.2322956024392173,0.08454417849476499,0.14647365804039417,0,0.33333333333333331
5,2021-02-08,3782,8544.0876847521158,3414.9154601534833,75.253289474350211,54.970705043765825,4.0907419805582856,2.9881879236663309,0.116940024477123,0.18176594226555184,0,0.33333333333333331
5,2021-02-09,3783,8881.9691156461304,3088.896659386493,79.006028165843034,51.920705043765643,4.2876307581929849,2.8177193196627486,0.54819430673388481,0.46333114566628808,1,0.66666666666666663
5,2021-02-10,3784,23432.760441539911,15136.124660469917,140.38063313356565,121.42070504376564,7.9170196054234347,6.8477401823740598,0.2489909791294227,0.38268331025574315,0.33333333333333331,1
5,2021-02-18,3785,9179.9693999820993,7983.1542944676012,79.154027090468773,87.120705043765682,4.3793204288068148,4.8200893548239607,0.39886122187730394,0.55631401265912883,0.66666666666666663,1
5,2021-02-22,3786,13736.745797975331,11750.452220670099,99.912859435923266,106.57070504376573,5.5879675299733371,5.9603302597184422,0.44255421609134277,0.29251774598830327,0.66666666666666663,0.66666666666666663
5,2021-02-24,3787,11359.119904715115,13731.908519487062,90.329242068600934,115.61490688860628,5.0756745466019124,6.4964968891976662,0.32513608790829907,0.29051301928672663,0.66666666666666663,0.66666666666666663
5,2021-02-25,3788,18469.780655867104,16928.580163868377,124.73507475883434,121.23636329342958,7.1569598507521803,6.9562132882020586,0.18570353159576336,0.49944418498450832,0,1
5,2021-02-26,3789,8767.7695687518408,580.02843219087288,86.727793609245808,22.830778286402012,5.0011702337886463,1.3165399928727048,0.11643328528611081,0.106775064161387,0,0
5,2021-03-01,3790,7828.0854339361504,9039.0511331589314,82.706531025213962,86.025459550064397,4.7977800287272077,4.9903100356796939,0.17964429923932526,0.20929591601132949,0.33333333333333331,0.33333333333333331
5,2021-03-02,3791,11951.468328867753,19261.925519807111,101.87898129514913,120.21162677478385,5.9529613938967598,7.0241689128657159,0.28236210959430991,0.23608518353900887,0.33333333333333331,0.33333333333333331
5,2021-03-03,3792,7464.0200269114248,10062.899401152803,75.944198589646859,69.451260232993192,4.4357338116726162,4.0564955454116687,0.032465323741699983,0.12449814937439309,0,0.33333333333333331
5,2021-03-04,3793,5765.1660740796406,733.55540386500377,68.019355210274554,18.972603658844644,4.0099840949314398,1.1185027949208337,0.48544353478111857,0.2242510173508345,1,0.33333333333333331
5,2021-03-05,3794,5983.1496919549363,13962.23437624982,59.829867240422651,103.19188841611526,3.5464193260675532,6.1167059907006474,0.56299028623108571,0.55049019798133303,1,1
5,2021-03-08,3795,3250.3025077450434,9350.3746060727899,49.223088179832224,65.729654528063222,2.8669746741121922,3.8283915503560615,0.15777017282733533,0.32094508945543959,0.33333333333333331,0.33333333333333331
5,2021-03-09,3796,3163.0770142241709,1197.4416582024014,40.255093542635372,32.105875572545301,2.3455945427476621,1.8707537333961834,0.68002537998961454,0.79412092669730361,1,1
5,2021-03-10,3797,7134.878568801978,3868.5741956041916,72.753487400211199,47.43744905318173,4.2675673040949782,2.782581478952471,0.40924084497668556,0.47111855917798301,0.33333333333333331,0.66666666666666663
5,2021-03-12,3798,3793.4554077595562,1053.6377955069481,41.611845882812304,30.338604292043254,2.4141702713899167,1.7601371677569837,0.31086740762919179,0.21679293048585666,0.33333333333333331,0.33333333333333331
5,2021-03-15,3799,3123.5417869129346,1602.8426750372018,37.247402647135836,31.411882126373332,2.1468243600654664,1.8104831196756965,0.12569651147575844,0.084223235555849277,0,0
5,2021-03-16,3800,4448.897083484876,17190.511720321603,52.535922496900263,108.28211201968323,3.0373730232648373,6.2603481640611243,0.093908707852226783,0.51932300264300946,0,1
5,2021-03-17,3801,4562.7497477555944,7071.6151170884596,56.027796766549045,76.445620740397388,3.2462944994813743,4.4293192386811162,0.024598532463522865,0.25247410270720488,0,0.66666666666666663
5,2021-03-18,3802,3508.890733018939,14330.284350137239,46.833398157685302,106.91235520487855,2.6990201796729654,6.1613851547302074,0.38940229517509284,0.37145631281979696,1,0.66666666666666663
5,2021-03-19,3803,3183.7205299748362,5743.498368364907,43.582242583978164,64.204090454987934,2.5102809425440289,3.6980727733771812,0.28661250723036902,0.24801679849629521,0.33333333333333331,0.33333333333333331
5,2021-03-22,3804,6343.6489981817367,8515.8749398376331,68.526190063677404,88.051503994202974,3.9697711773651605,5.1008865713244687,0.15664854528017627,0.23809596652608281,0.33333333333333331,0.33333333333333331
5,2021-03-23,3805,3817.2758155095466,14513.848876236343,50.126482260672297,111.59650293153277,2.8966473424254437,6.4488010939920706,0.3651536988718212,0.35544747048040853,0.33333333333333331,0.33333333333333331
5,2021-03-24,3806,3105.6199767161852,6818.9948272175525,43.961435791444806,71.400436778317044,2.5304458522675883,4.1098507326493436,0.39571278320084763,0.33393455355663287,0.33333333333333331,0.66666666666666663
5,2021-03-25,3807,6163.4937937147979,10156.449317215609,65.621040380870298,86.066727247310766,3.7891812207454847,4.9697844582117323,0.14737760919492662,0.22771526686762422,0.33333333333333331,0.33333333333333331
5,2021-03-26,3808,13983.756031268624,25649.553714441779,111.01223415848115,142.26815672722523,6.5923711605737187,8.4484786797247668,0.31791866677857294,0.262384345111291,0.66666666666666663,0.33333333333333331
5,2021-03-30,3809,4478.4055708584929,1445.8967635490801,56.86529610868994,35.615901298164012,3.3627211560089854,2.1061412316705015,0.32908855455431124,0.26182403367987434,0.33333333333333331,0.33333333333333331
5,2021-03-31,3810,3407.0176021293869,2033.8592935236841,52.06756757195118,32.834536588096476,2.9844133535065018,1.8820128156419038,0.24108889819546539,0.15723050492177293,0.66666666666666663,0.33333333333333331
5,2021-04-06,3811,3530.839966622038,2760.3196110784374,55.569757456458696,46.664769029810259,3.1972473436586228,2.6848922084986193,0.50372347086186164,0.46697700775861212,1,1
5,2021-04-07,3812,2219.0549808563692,3305.0381104303565,39.446738127954632,50.448874362228707,2.2470372046684495,2.8737610004117755,0.26543999155538395,0.21836571465468713,0.33333333333333331,0.33333333333333331
5,2021-04-08,3813,6334.2536386405882,2205.7859801248355,76.138435414118476,41.539939002051675,4.3727564561290189,2.3857075006921478,0.2206935775136486,0.39020633426201856,0.33333333333333331,1
5,2021-04-09,3814,5988.8359695855042,935.96792236552608,71.582640495153854,18.521505239732278,4.1309196119198921,1.0688464229294097,0.21241622189459855,0.2207446292233759,0.66666666666666663,0.66666666666666663
5,2021-04-12,3815,2219.9921398491038,1682.749576334367,40.917389652238477,33.920292139433364,2.3285562060231322,1.9303603539399818,0.21053239462932619,0.25935340076782359,0.33333333333333331,0.66666666666666663
5,2021-04-15,3816,2029.1596251870399,5838.9782494998699,37.01007617838021,74.53346988778253,2.0857209940195669,4.2003702492480786,0.14195247419618406,0.21753606636675948,0,0.66666666666666663
5,2021-04-16,3817,4339.7766273679817,7042.0291792907201,58.16871187548395,68.133451946863872,3.2780339180323437,3.8395859085299446,0.48722353817030833,0.48640923012451703,1,0.66666666666666663
5,2021-04-19,3818,4650.2201785698117,14245.355016212017,59.517556112631382,117.92069762653932,3.3477265299452363,6.6327697852203125,0.16386615304797181,0.19287237801810661,0.33333333333333331,0.33333333333333331
5,2021-04-20,3819,4058.787132317862,11495.392232986182,55.567193409023879,104.90841633387845,3.1082194607201163,5.8681815876872294,0.2205918354208419,0.31171954142155345,0.33333333333333331,0.66666666666666663
5,2021-04-22,3820,12077.32751668695,11873.789526923056,94.342964495447703,104.79154886634699,5.2948122401755358,5.881218367176281,0.49010746935920119,0.32292993113115986,1,0.66666666666666663
5,2021-04-23,3821,13542.852040741998,15332.581970880374,101.92116357870275,122.44871702834091,5.7473800196635034,6.9049379439107286,0.34537325260770096,0.30546161362131935,0.33333333333333331,0.33333333333333331
5,2021-04-26,3822,4044.7353303419513,12498.26317751522,56.487028637862373,109.91340837742321,3.1660470609456812,6.1605475087533677,0.16618004639165773,0.35689477589384261,0.33333333333333331,0.66666666666666663
5,2021-04-27,3823,5618.8017903702903,15267.996137735647,69.084161720055135,121.86340837742326,3.8982147455171607,6.8763913992451897,0.38209545304880965,0.35993956551242867,0.66666666666666663,0.33333333333333331
5,2021-04-28,3824,6141.5871951240852,16760.98734500341,72.791749252013162,128.14871702834071,4.1179956016187118,7.2496657725421159,0.17616126141430824,0.25116481928898754,0,0.66666666666666663
5,2021-04-30,3825,1697.8258453064202,5684.7124632872883,38.615548175498738,74.94089561582382,2.1297492306482497,4.1331878562625164,0.16487808874542634,0.27918092717827836,0.33333333333333331,0.66666666666666663
5,2021-05-06,3826,3815.5587879482687,3759.5392609204496,58.349534519629437,58.02070504376578,3.1771274683308071,3.1592227297795197,0.3497484581555162,0.21422835070454549,0.66666666666666663,0.66666666666666663
5,2021-05-07,3827,6489.5432266505668,3322.1877615790668,71.099226729732507,54.120705043765689,3.86314361866568,2.9406234911986573,0.3049139229854631,0.34032265528901301,0.66666666666666663,0.66666666666666663
5,2021-05-10,3828,10651.349887779443,4679.550266072566,85.783857477542824,65.470705043765818,4.6899490174152767,3.5793945133544276,0.36683120553776982,0.3425514728075944,0.33333333333333331,0.66666666666666663
5,2021-05-11,3829,8583.6460871877462,4472.6040099324973,80.481378347704251,63.870705043765689,4.3962079176109823,3.4888679217657557,0.25522497926163112,0.26986197847158083,0.66666666666666663,0.66666666666666663
5,2021-05-12,3830,8030.0340788469866,3582.0775752847808,75.936515988274024,56.470705043765825,4.1312505298011004,3.0722324706907038,0.28603900628204076,0.35413242682477525,0.33333333333333331,0.33333333333333331
5,2021-05-14,3831,6663.4989722620448,2063.5515779192756,70.553289474350166,40.870705043765689,3.8060791646086294,2.2048176643343411,0.34061534302491231,0.16106870994009798,0.66666666666666663,0
5,2021-05-17,3832,6658.4121709756701,1167.1286762769939,75.399173570653602,27.820705043765731,4.0390611260561728,1.4903283805418901,0.58183309467547661,0.19287892400664111,1,0.33333333333333331
5,2021-05-18,3833,4667.5838129558269,430.60007737756064,59.743010198613696,17.582809989116793,3.163600317647473,0.93107098356412887,0.43574905970729444,0.31088318481745064,0.66666666666666663,0.66666666666666663
5,2021-05-19,3834,8172.6998097475507,657.87288976600701,74.410110894168156,20.966143322450154,3.9615668899626346,1.1162297461774029,0.15370034890585851,0.2683309644982293,0,0.66666666666666663
5,2021-05-20,3835,11235.186135619524,741.73227397607764,84.902062758892271,21.766143322450109,4.5259375637769743,1.1603040312623334,0.25439258837901896,0.47822350842363459,0.33333333333333331,1
5,2021-05-21,3836,8967.4102102468842,601.09378110406976,77.95115969153396,20.349476655783445,4.1460074829951834,1.0823326147266676,0.23353434767852965,0.15345185189439939,0.33333333333333331,0
5,2021-05-24,3837,7993.9893744121155,450.45262200448178,75.667826358200657,18.066143322450142,4.0099537020774063,0.95740028205883088,0.34983170867493935,0.12826192358236121,0.66666666666666663,0
5,2021-05-25,3838,10098.628040199827,402.87584711496652,83.811533078151413,16.582809989116793,4.4310731490735362,0.87672473441628329,0.34268914708373471,0.18148611744371626,0.33333333333333331,0.33333333333333331
5,2021-05-27,3839,9070.9710016700683,422.07386137094983,79.167378307661238,18.559531004062364,4.1668137744499196,0.97684312766453674,0.44764341516596834,0.24484149819708123,0.66666666666666663,0.33333333333333331
5,2021-05-28,3840,10672.016216402242,415.97870742346737,85.277498645303695,18.359531004062319,4.4898253952827911,0.96662179187944941,0.20905487575914095,0.36740607568678635,0.66666666666666663,0.66666666666666663
5,2021-06-01,3841,13768.878641768613,460.03791312586128,97.550937196956738,19.492864337395684,5.126839426984982,1.0244574609063555,0.20312773444471374,0.067963308262784392,0.33333333333333331,0
5,2021-06-02,3842,22579.092626160869,1178.2969582945027,134.65062688624781,28.020705043765776,7.2138773076664329,1.5012030239621641,0.10693446052997209,0.12946819223849204,0,0
5,2021-06-03,3843,6605.5222078702363,408.9035456893692,71.888545713829217,16.866143322450171,3.8024196399994294,0.89210532753888561,0.33777083651182044,0.22819860872229039,0.66666666666666663,0.33333333333333331
5,2021-06-04,3844,7801.6317332470708,431.21464788193663,76.801717526022074,17.599476655783445,4.0670259227929497,0.93197821731536978,0.19569035833943438,0.33460395008404675,0.33333333333333331,0.66666666666666663
5,2021-06-07,3845,9800.1140049786427,395.15544996616308,84.545367928914473,16.292864337395713,4.465856795759156,0.86062194424085325,0.13031613148542931,0.12813883478898999,0,0.33333333333333331
5,2021-06-08,3846,10206.091936902385,393.13790533924271,85.4403784369199,16.776197670728987,4.5096790054322753,0.88547438354950847,0.15464891547844881,0.180163049545596,0,0.33333333333333331
5,2021-06-09,3847,11304.421013773936,428.19179536005385,91.749768493845224,17.516143322450109,4.8579550734040309,0.9274425289201339,0.28011437129637345,0.45454783952774486,0.66666666666666663,1
5,2021-06-10,3848,12705.128692542907,575.94651202529531,98.990378436919855,20.04947665578349,5.2625064956763437,1.0658662266172343,0.18874011883261763,0.39097168817335443,0.33333333333333331,0.66666666666666663
5,2021-06-11,3849,11562.091669394651,1261.6595029214263,93.520406315361853,29.470705043765822,5.0142301386178678,1.5801139372562236,0.25565637773478872,0.33136273937760169,0.66666666666666663,0.66666666666666663
5,2021-06-15,3850,8111.1756169687578,1536.9771368021829,77.782766358643741,33.820705043765734,4.180183601163173,1.8175845784638309,0.44082323163552156,0.27381422306500203,1,0.33333333333333331
5,2021-06-16,3851,25873.488709308524,13819.157334484129,154.9237941014419,115.87070504376568,8.7099451341677572,6.5143478407694211,0.43920204063065649,0.29987802250463019,1,0.66666666666666663
5,2021-06-17,3852,13858.736744055606,15148.269230974338,102.49552886753879,121.47070504376582,5.7805836595532574,6.8507532030774243,0.30330781271759705,0.32886417556899067,0.33333333333333331,0.66666666666666663
5,2021-06-18,3853,5572.5465005517617,14678.335981303642,67.197698663264944,119.52070504376577,3.785679201333199,6.7333711751086325,0.1452717543520497,0.18646331015173359,0,0.33333333333333331
5,2021-06-21,3854,2991.3689553601321,65201.592237132136,49.160698201340516,254.72862316271016,2.7695387848984816,14.350504107642612,0.49848062649641589,0.41108917838621745,1,1
5,2021-06-22,3855,1285.17269073996,52934.886773534934,28.225645648495931,221.06137703733916,1.5754434945577103,12.338768533006203,0.06015507103842993,0.12037638374439957,0,0.33333333333333331
5,2021-06-23,3856,3386.9863298518835,8570.5029476101754,51.554770471653455,77.760593535173868,2.8884651635517531,4.3567018816804692,0.2829367229887676,0.46300042607830399,0.66666666666666663,0.66666666666666663
5,2021-06-24,3857,4142.3359631324156,11572.5514611046,56.137535225384909,105.64417035493489,3.1420555355209419,5.9129751409025202,0.1109770524534946,0.2967148263235358,0.33333333333333331,0.66666666666666663
5,2021-06-25,3858,4563.7486114490575,12794.553713499976,60.312130671879608,111.22829552767136,3.3877509785923494,6.2477276598141529,0.79499128383567186,0.5269512628398545,1,0.66666666666666663
5,2021-06-28,3859,8048.1617098867691,16942.009675437101,83.547054298909714,129.74618891734903,4.7592955822672094,7.3910500964054249,0.50359387179934079,0.50520593960238147,0.66666666666666663,0.66666666666666663
5,2021-06-29,3860,4841.6073618048167,5401.667270360228,61.042761567126185,65.923513674709667,3.4621422775785486,3.7389622933221598,0.083892745437009628,0.2387356639873581,0,0.33333333333333331
5,2021-06-30,3861,1982.5803144292324,6047.2927308408107,39.996568862464223,65.802144059930313,2.2451063071829482,3.6936370507959766,0.32512611239534794,0.29912859952467113,0.33333333333333331,0.33333333333333331
5,2021-07-01,3862,980.27197660392756,6937.4654287493904,30.172371691266864,77.287791521607986,1.6892406399947857,4.3270605224425713,0.22697667877777969,0.22824949537634334,0.33333333333333331,0.33333333333333331
5,2021-07-02,3863,451.14032041925196,5328.7405109684887,17.301317616910485,58.425579186466543,0.95595312412136291,3.2282000821320302,0.17357024128416709,0.25031111393619859,0,0.33333333333333331
5,2021-07-06,3864,4746.3731826193189,7309.5730231996931,59.065621552064385,80.651541208737399,3.2729682515758949,4.4690960135614883,0.46261246739518364,0.36255957831644281,0.66666666666666663,0.66666666666666663
5,2021-07-07,3865,4786.0505247998672,7939.6564419457181,57.611319978681195,86.870705043765682,3.1869956286264975,4.8055930211741815,0.26182585684727211,0.19247943749687887,0.33333333333333331,0.33333333333333331
5,2021-07-08,3866,8260.0798060016932,8237.9068390945304,74.16818176634888,88.570705043765727,4.1067653248255196,4.904247233874071,0.33851792473629844,0.25719985531153933,0.33333333333333331,0.66666666666666663
5,2021-07-09,3867,7661.2512621758406,10831.990016284939,74.198062485927338,102.17070504376564,4.1395928635308721,5.7002178667577352,0.17136025519057005,0.28319714377865252,0,0.33333333333333331
5,2021-07-12,3868,1751.7511189566967,6908.969269907423,37.047964500726721,80.720705043765818,2.0425043140682377,4.4502414777278068,0.33312875160761729,0.25343274414625522,0.66666666666666663,0.66666666666666663
5,2021-07-13,3869,5823.5690410324542,5486.9145855889828,67.26376741926606,71.370705043765682,3.6893246719650095,3.9145845241205404,0.23045713953346347,0.2474582415779655,0.33333333333333331,0.33333333333333331
5,2021-07-14,3870,6841.7476472852113,5408.7093100408465,73.872568594836665,70.820705043765727,4.050586352012977,3.8832463355046323,0.24556782578781669,0.36704100514103982,0.66666666666666663,0.66666666666666663
5,2021-07-15,3871,6460.5898938502696,5331.1090344927106,69.138978605567516,70.270705043765773,3.7898908406275016,3.8519270429077337,0.26353038479589197,0.21057454764573616,0.66666666666666663,0.33333333333333331
5,2021-07-16,3872,7670.9729740979919,6740.558289315486,73.009046651803075,79.670705043765636,4.0227586452037611,4.3898123887688376,0.28254810885599152,0.23213265682181636,0.66666666666666663,0.33333333333333331
5,2021-07-19,3873,6709.0988071713573,5508.3482971021258,72.326122326636323,71.520705043765773,3.967314244076483,3.923134584556967,0.17619756442034354,0.11927072989800393,0.33333333333333331,0.33333333333333331
5,2021-07-20,3874,9865.2973120906991,9298.9670176022046,80.488424615303146,94.370705043765682,4.4710823583659121,5.2422344763784956,0.54333148204331738,0.38420669270197633,1,0.66666666666666663
5,2021-07-26,3875,9026.7774299498069,9270.6783060891012,76.251365401918449,94.220705043765818,4.2353634238852695,5.2334659951545994,0.30074050016190873,0.36100493686783003,0.33333333333333331,0.33333333333333331
5,2021-07-27,3876,9612.7251704641949,9991.396093917343,80.001365401918449,97.970705043765818,4.4529313927373062,5.4531172795149629,0.18996320351099716,0.22959514076255561,0.66666666666666663,0.33333333333333331
5,2021-07-28,3877,5550.2268650439109,4653.4019840550536,67.432438363403506,65.270705043765773,3.6862427356586411,3.5680700291786902,0.061294746723542286,0.01917773591171492,0,0
5,2021-07-29,3878,6468.6280030718481,5129.4264898657839,69.78501526622783,68.820705043765727,3.8222656588376189,3.7694484482413109,0.10568883943143499,0.11255968369349335,0,0.33333333333333331
5,2021-07-30,3879,10272.730520286883,7302.1886541174763,83.722469523299651,83.120705043765682,4.6218482168041977,4.5886281732184537,0.30347229663282982,0.17472611745736344,0.33333333333333331,0.33333333333333331
5,2021-08-02,3880,7256.4420966551834,7104.1389620124319,71.766390556596505,81.920705043765636,3.9591973385152404,4.5193890184958834,0.54055891985632643,0.39780821291226259,1,1
5,2021-08-03,3881,6218.206014430164,4679.550266072566,71.43882565396332,65.470705043765818,3.9056817918081745,3.5793945133544276,0.15705987267968971,0.19289730800018468,0.33333333333333331,0.33333333333333331
5,2021-08-04,3882,10212.783316970355,9195.461742054069,81.852162283868367,93.820705043765727,4.5454484122653538,5.2100905202702057,0.17212861599330995,0.16540682397889317,0.33333333333333331,0.33333333333333331
5,2021-08-05,3883,16328.391215063248,17730.311613867114,114.23692688786218,131.67070504376565,6.4800571154269768,7.4689832119669646,0.55096552414116962,0.37293442705655672,1,1
5,2021-08-06,3884,15145.842594290158,29709.666882829039,119.25050538858265,171.22070504376583,6.9196916116042972,9.9353413435324125,0.44455297934152016,0.48855914631249159,0.66666666666666663,1
5,2021-08-10,3885,5105.5486368938364,3661.3493297414866,64.313457211000852,60.447887451012548,3.6885442309589842,3.4668437400213663,0.30160337946239119,0.24684449267553163,0.33333333333333331,0.33333333333333331
5,2021-08-11,3886,2923.2862736779775,6057.6355447829628,43.05114113222286,71.50920147175384,2.4637255998754068,4.0923201025382765,0.46500312728839449,0.55148788153567796,1,1
5,2021-08-12,3887,1462.6948988750175,5339.7832080232411,35.59623332893549,57.576131529110626,2.006721725565042,3.2458286511886931,0.25733837429975304,0.1641040717682439,0.66666666666666663,0
5,2021-08-13,3888,1328.0310505526747,6182.330150028477,35.094002429100705,65.812873015575178,1.9611613864092714,3.6778268750496061,0.26954573968289347,0.14403197121085951,0.33333333333333331,0.33333333333333331
5,2021-08-17,3889,3345.3558962713846,3222.1827623659624,47.098915735508399,47.332933941027704,2.6408879270800076,2.6540095848511429,0.48591120624504119,0.37656392483974543,0.66666666666666663,0.66666666666666663
5,2021-08-18,3890,3995.5227021062196,1607.3492415330068,53.438401390828552,27.601753021012655,3.0037605121176223,1.5514883236003856,0.29984361612776717,0.32754111852563844,0.66666666666666663,0.66666666666666663
5,2021-08-20,3891,1089.8707588395848,1640.368631033012,31.880303101028858,30.742136632800793,1.7691622142635328,1.7060009230189117,0.28004033740281697,0.16027237260474489,0.66666666666666663,0.33333333333333331
5,2021-08-23,3892,4854.1778673852004,7289.9974695569572,60.417579110304587,82.878398225358751,3.340848743968845,4.5828415618545577,0.2523801685488557,0.39542913321627809,0.33333333333333331,0.66666666666666663
5,2021-08-24,3893,10389.760937876477,10132.064110074272,82.772936473866977,96.561530757827242,4.627547183645496,5.3984195649257698,0.34647605450642477,0.2793814851408431,0.66666666666666663,0.33333333333333331
5,2021-08-25,3894,7485.32545336775,12050.810194792661,74.513860866537172,107.97070504376582,4.1707075375874387,6.0433619749113303,0.31178626315712948,0.32081582628587985,0.66666666666666663,0.66666666666666663
5,2021-08-26,3895,5040.134879679068,10742.767784226444,58.566041122787659,102.02718244340508,3.2563826034355112,5.6729042225968911,0.1549607507641747,0.32025377931729487,0,0.66666666666666663
5,2021-08-27,3896,7223.4767997424979,6543.7660676899841,72.965793050511522,77.80841633387854,4.0204861586638847,4.287319411184316,0.11706939321546884,0.16868296219380804,0,0
5,2021-08-31,3897,7547.2297654303438,7244.126660586855,72.524624599195405,82.770705043765773,4.0029045479189422,4.5684239454556668,0.32386972453213003,0.092212945245692332,0.66666666666666663,0
5,2021-09-01,3898,6055.3269547464943,7120.5331030212074,66.349534519629444,82.020705043765773,3.6605629924487295,4.5251554464023487,0.55202219890869231,0.40672640676528182,1,1
5,2021-09-02,3899,6133.8209054992112,5415.7938805452168,68.557957932528709,70.870705043765682,3.7592782767192356,3.8860944806583149,0.22773583253113375,0.18849024409617732,0.33333333333333331,0.33333333333333331
5,2021-09-03,3900,9788.7386793610913,8934.7237679315094,81.072568594836639,92.420705043765636,4.4986581913179613,5.1283580747310511,0.34353190805485062,0.59980011771523201,0.66666666666666663,1
5,2021-09-07,3901,11584.25519284403,12180.73504084516,91.136926887862273,108.57070504376573,5.1028514494883686,6.0789868445557511,0.24797263186751919,0.24245995507720933,0.33333333333333331,0.33333333333333331
5,2021-09-08,3902,8270.3849489190234,11697.229368148213,77.317139222206151,106.32070504376573,4.3236202556804777,5.9455168485259735,0.080655488534079264,0.3091705710195139,0,0.66666666666666663
5,2021-09-09,3903,7488.4833490765277,10527.727901153643,71.969591877902602,100.67070504376564,4.0119065654664476,5.6118348315828994,0.14424312423594116,0.27677494209095332,0.33333333333333331,0.66666666666666663
5,2021-09-13,3904,10317.726080207312,10760.593022754321,84.225603354610257,101.82070504376573,4.6981231825190495,5.6795819296480685,0.75759781012046368,0.64590694981861607,1,1
5,2021-09-14,3905,9622.9710522748446,9922.9391003866822,79.123132723816752,97.620705043765682,4.4031905575456607,5.4325777035402032,0.16861399371581307,0.31820878406764835,0.33333333333333331,0.66666666666666663
5,2021-09-15,3906,19276.080415366803,21890.768194675718,127.35183175524101,146.6207050437657,7.2857823024251829,8.3881521235599248,0.31374533629101359,0.28815012788070565,0.66666666666666663,0.33333333333333331
5,2021-09-16,3907,6163.3697637245177,11730.325162578467,73.868814063950893,95.848220375776989,4.2067720643498339,5.4584823244270622,0.35685762772912555,0.40935983901172063,0.66666666666666663,0.66666666666666663
5,2021-09-17,3908,2446.9163841314835,5609.4926360726931,40.06857179498828,70.697521321833463,2.2594209876501794,3.9865524597853539,0.22732963462487296,0.12805891313481366,0.33333333333333331,0.33333333333333331
5,2021-09-22,3909,5871.0842877902724,2691.7431355586964,69.969680636416186,48.181423038313064,4.0055919759798604,2.7582678634252957,0.063014513204236622,0.36987351296130894,0,0.66666666666666663
5,2021-09-24,3910,4789.3098689188691,5271.3653428036059,58.744678236834567,64.321627863221536,3.3467030272223872,3.6644236234957872,0.1236886547081351,0.19635623513584544,0.33333333333333331,0.33333333333333331
5,2021-09-27,3911,7958.0529758930616,4655.857288037143,82.31711639997684,63.720836637386732,4.7479230800275039,3.6753186236416284,0.33140573131819123,0.32612777467490112,0.66666666666666663,0.33333333333333331
5,2021-09-28,3912,3921.2479607095843,2191.167237168057,56.023865983103484,46.061599722590323,3.2250448138101766,2.6515614496497322,0.24930769245434978,0.2641806478361724,0.33333333333333331,0.66666666666666663
5,2021-09-29,3913,3002.3541507641498,3914.6702532199683,44.706276559595835,61.359944708980869,2.5651983336926691,3.5207680002857971,0.26348279177500661,0.40656697711707129,0.66666666666666663,0.66666666666666663
5,2021-09-30,3914,1696.8481346675737,5067.9724186392714,33.796369427710111,57.415248424854326,1.9058998690376487,3.237854133644682,0.080337444465861094,0.07663909464957526,0,0
5,2021-10-08,3915,3288.7710887875469,4639.1930741145115,49.546501250151472,67.999035279010741,2.8189059966518628,3.8687472067254993,0.25936699938141405,0.2433493026929392,0.66666666666666663,0.66666666666666663
5,2021-10-11,3916,2233.147991486549,2708.3374165535665,36.149568460586885,46.604551827070814,2.0449480107813254,2.6363768534617908,0.29073933460935469,0.31551848734218441,0.33333333333333331,0.33333333333333331
5,2021-10-12,3917,1385.584544249388,7420.9224988142532,30.951480800281995,83.588734182647542,1.7332967911901209,4.6810065622807597,0.2621522854355714,0.17818362001372179,0.66666666666666663,0
5,2021-10-13,3918,1719.308403642138,2792.8677421862471,38.916787855123253,33.025804053946253,2.1636063743327543,1.8360929590229749,0.42557392765783414,0.45840069404300499,0.66666666666666663,0.66666666666666663
5,2021-10-14,3919,6632.8095776263372,14535.384530192177,73.133655600433414,120.12210759592911,4.136869960711226,6.7948133380054374,0.33354446192725345,0.30724825789369931,0.66666666666666663,0.66666666666666663
5,2021-10-18,3920,3338.8798506161861,2932.6383919492077,47.294864822388718,37.756824849864643,2.66000364580364,2.1235559533107224,0.28533795493501757,0.2940177433167202,0.33333333333333331,0.66666666666666663
5,2021-10-20,3921,3224.7324456014062,13905.487493095041,47.910755979926613,116.47069762653928,2.69267442139755,6.5458718387309212,0.44563743293041425,0.36404127991461355,0.66666666666666663,0.66666666666666663
5,2021-10-21,3922,1627.3930021187,7781.2468937234371,35.192226293526879,85.813408377423301,1.9462035832173026,4.7456606319603649,0.20022421996414419,0.21293206857446909,0.33333333333333331,0.33333333333333331
5,2021-10-22,3923,7615.595975176816,7512.3396168503996,70.681591431121134,81.381559317257143,3.9153353513984843,4.5080492628310287,0.39802876395430631,0.3560596712909006,0.66666666666666663,0.66666666666666663
5,2021-10-25,3924,11112.982667372695,12278.651175384561,89.751831755241099,109.02070504376577,5.0265650222755518,6.1057212088020938,0.17006028073580795,0.29675150900669461,0.33333333333333331,0.33333333333333331
5,2021-10-26,3925,6261.5583541787155,10257.739497535493,64.83293760281579,99.320705043765727,3.6113598441897117,5.5324163789870902,0.26621675734375144,0.07073438892386423,0.66666666666666663,0
5,2021-10-27,3926,7607.9708834323283,8619.0367733089588,69.58714525192272,90.563408377423301,3.8584499723827403,5.021536366921171,0.34440545107487552,0.17507285273836937,0.66666666666666663,0.33333333333333331
5,2021-10-28,3927,14128.413135772664,14685.038213241603,104.662507585049,117.44154886634685,5.9159770276714232,6.6383036410901752,0.42730865712686256,0.55612718368010128,1,1
5,2021-10-29,3928,3186.6007176705948,10424.114938265329,45.958654465538075,100.67645555333927,2.5620835358199394,5.6124682547295839,0.34952278859103258,0.23768452551478228,1,0.33333333333333331
5,2021-11-01,3929,6341.8661808461102,11234.258265955636,68.045236641630183,104.12070504376568,3.8004544467385397,5.8153372081747987,0.11302960716012435,0.34526307316043603,0.33333333333333331,0.66666666666666663
5,2021-11-02,3930,3560.3939451659485,5608.9672841634047,54.475597929510513,72.220705043765818,2.9893049046292162,3.9630534773103867,0.20470596027153698,0.15154178012913591,0.33333333333333331,0.33333333333333331
5,2021-11-08,3931,5709.799849716378,4918.4848042301164,67.123636028506709,67.270705043765773,3.6733779909432882,3.6814264238913026,0.32380685396494879,0.20163500079617336,0.33333333333333331,0.66666666666666663
5,2021-11-09,3932,3578.506745566383,1630.1155404203439,56.183057223263177,35.170705043765643,3.0215691741025688,1.8915082845953339,0.27653803416649769,0.33843406660227043,0.66666666666666663,0.66666666666666663
5,2021-11-10,3933,4858.8546737702118,1737.8776555516408,60.575069107634967,36.670705043765643,3.2604052482714336,1.9737717338804908,0.16644372682277411,0.20314888385368068,0.33333333333333331,0.33333333333333331
5,2021-11-11,3934,6595.8615194156337,1550.545418819692,72.696434879160734,34.02070504376578,3.9072551062406671,1.8285294694453669,0.23298293478849885,0.15730282402947662,0.66666666666666663,0.33333333333333331
5,2021-11-12,3935,6701.692209246823,1595.1948353765783,74.44538876596387,34.670705043765643,4.0026554527643352,1.8641166215261915,0.30030741662584015,0.19503835930659866,0.66666666666666663,0.33333333333333331
5,2021-11-15,3936,7178.1377748537479,1644.2238224378534,68.538706265700355,35.370705043765689,3.6864622561155524,1.9024690750734556,0.22940346412532864,0.29344990288714629,0.66666666666666663,0.66666666666666663
5,2021-11-16,3937,6454.4323690521678,1273.4877849389218,67.863815939421031,29.67070504376564,3.6390056270803268,1.5910078311848164,0.3240242381591622,0.4563998852078297,0.33333333333333331,1
5,2021-11-17,3938,8181.3826066915426,1567.6182713415753,78.232766358643786,34.27070504376578,4.2053844196443473,1.8422138925853773,0.29409464027481408,0.33302202191894131,0.66666666666666663,0.66666666666666663
5,2021-11-18,3939,14656.764808735288,6558.6381677148456,113.44143030504036,78.520705043765773,6.2466028085702687,4.3237083254186714,0.47419821530227274,0.3849339145794497,0.66666666666666663,0.66666666666666663
5,2021-11-22,3940,17206.358974793628,13054.046110690921,117.24811205961161,112.52070504376577,6.5793951942769064,6.3141160485825756,0.30849859873490909,0.21451181454846377,0.66666666666666663,0.66666666666666663
5,2021-11-24,3941,7705.9166695007925,9186.0821715497023,69.017630135850752,93.770705043765773,3.8326094033679889,5.2071693160687351,0.083474025562454354,0.12161056655451907,0,0.33333333333333331
5,2021-11-26,3942,9957.9305487411002,12191.594611349525,83.217220528310619,108.62070504376568,4.6595492890792363,6.0819566641712077,0.24586839535119498,0.16998588857368932,0.66666666666666663,0.33333333333333331
5,2021-11-29,3943,2695.4617823368321,8443.1845976785389,45.545293268101581,89.454708746918868,2.5241239895866538,4.9575874942872344,0.20812702828261267,0.25056554303358108,0.33333333333333331,0.33333333333333331
5,2021-11-30,3944,6039.1057492247119,11485.587958060683,66.917377382759014,105.32070504376573,3.7399679968008392,5.8863045993441796,0.25056159760721436,0.079619699389865572,0.33333333333333331,0
5,2021-12-01,3945,7102.1395989467046,17249.814323795876,73.674425581866601,129.83648107908539,4.174188418236068,7.3561745653872741,0.44389781473786499,0.34964908568150604,0.66666666666666663,0.66666666666666663
5,2021-12-02,3946,5180.9687904143439,16657.430243459636,63.856193681730851,127.67008274673633,3.6126951815637951,7.2229969588829919,0.22533260898966426,0.30174507849895188,0.33333333333333331,0.66666666666666663
5,2021-12-03,3947,2507.8274008251678,132.71851785667442,40.449505050558322,10.549366859860433,2.2741688949798062,0.59311089083633262,0.20884220565862896,0.16851095445163725,0.33333333333333331,0.33333333333333331
5,2021-12-06,3948,2173.9573576314751,79.987026944763556,36.336877928247759,7.9744989186226576,2.0398505587474536,0.44766603523297821,0.29277829564192204,0.35027405300532699,0.66666666666666663,0.33333333333333331
5,2021-12-07,3949,1876.5327907693456,3561.880837900901,40.55150048724105,48.244343239301166,2.2733210274269005,2.7045825338771814,0.24048788357874415,0.19660758094098704,0.66666666666666663,0.33333333333333331
5,2021-12-08,3950,1904.7125291581742,10453.781975630942,36.26619687735365,99.60848926920373,2.041843136973434,5.6081124493541488,0.26596949948155552,0.12123641522715661,0.66666666666666663,0
5,2021-12-09,3951,1655.6204738143213,9195.15021555358,34.9429345943012,95.500308634681687,1.9633619662481363,5.3659395215441323,0.36928828021616589,0.31214537770143375,0.66666666666666663,0.66666666666666663
5,2021-12-10,3952,2598.3004162710099,319.71471866591986,44.945117727456214,14.251469191046604,2.5139902521230679,0.79715120209456336,0.46123146011155131,0.61905916542458395,1,1
5,2021-12-13,3953,3825.0090273339338,3328.1932314988244,53.337027270663008,45.330362251712053,3.0016898683472899,2.5510924785700966,0.29477413708954403,0.16987564416826542,1,0.33333333333333331
5,2021-12-14,3954,2898.5686158071999,885.37942686284475,41.844789691280234,25.103513629453726,2.365916924845517,1.4193601690246076,0.53769659318205709,0.30329781879169371,0.66666666666666663,0.66666666666666663
5,2021-12-15,3955,537.1297224277431,5414.5414405376914,19.963705097913969,60.906102304968044,1.1117505762607323,3.3917749237048525,0.10201826266519964,0.14022332102087923,0,0.33333333333333331
5,2021-12-16,3956,1888.7374614331036,7939.6564419457181,39.081619104607626,86.870705043765682,2.1619527081157064,4.8055930211741815,0.42072184711176125,0.31874687639260901,0.66666666666666663,0.33333333333333331
5,2021-12-17,3957,6274.8285945777598,10050.268516943594,67.193539157588404,98.270705043765773,3.7406635393636036,5.4707290009333507,0.2966166692610363,0.30788972201038817,0.33333333333333331,0.66666666666666663
5,2021-12-20,3958,5885.0712493383517,10557.95161266679,62.75389862254633,100.82070504376573,3.4984751845321997,5.620666483276139,0.16410842034375314,0.33176126436551812,0,0.66666666666666663
5,2021-12-21,3959,3494.2721162867551,10750.413452249953,48.487283907902338,101.77070504376577,2.7045562197625128,5.6766345963724776,0.29592604084712015,0.18596188108207037,0.66666666666666663,0.33333333333333331
5,2021-12-22,3960,2382.6649686499381,8301.0196576965336,44.218479965381825,86.206943410167014,2.4495058700078562,4.7754788062357081,0.32676511565521499,0.25567043670694939,0.33333333333333331,0.33333333333333331
5,2021-12-23,3961,6508.5162562129271,10173.832820645761,66.219127045013465,98.408416333878449,3.6906299035816339,5.4846546653965973,0.20023870384377071,0.33641415653773238,0.33333333333333331,0.66666666666666663
5,2021-12-29,3962,5016.7083203948923,8264.5005506076759,60.219324664431802,88.720705043765818,3.3346803258538533,4.9129609349484085,0.33750352757668606,0.19269719693852161,0.66666666666666663,0.66666666666666663
5,2021-12-30,3963,4356.5835121916771,7310.5032246218443,56.00374869265594,83.170705043765636,3.0917383621870349,4.591515128837675,0.26298663947222467,0.13017532742592652,0.66666666666666663,0
5,2022-01-04,3964,3605.8078873892223,5060.855784822018,56.59983850733397,68.320705043765727,3.0992382481770826,3.7410379216298826,0.34282966662731806,0.20649748747008326,0.66666666666666663,0
5,2022-01-05,3965,10762.830760136763,11464.533817051948,87.692539834778088,105.22070504376582,4.9008041934097912,5.8803870144893864,0.28905025999695083,0.3230290542754583,0.66666666666666663,0.66666666666666663
5,2022-01-06,3966,6603.9926758524052,10791.161734267471,66.522522847453274,101.97070504376582,3.7109518491271491,5.6884249159748874,0.2708650281346307,0.23729845490382262,0.33333333333333331,0.33333333333333331
5,2022-01-07,3967,2332.6281668654897,8096.8337110245129,42.067419058214227,87.770705043765773,2.3282831004103515,4.8577985966219721,0.20733551885121215,0.15874474226603977,0,0
5,2022-01-11,3968,3561.3256766971099,5747.089123746533,54.661753378406502,73.170705043765636,3.0010845162186506,4.0172781950019569,0.43448440343340783,0.35736064401046236,1,0.33333333333333331
5,2022-01-12,3969,6386.8052578341085,5901.8501043384676,68.981047281217954,74.220705043765818,3.7894386948234104,4.0772766250317707,0.48060425495035886,0.29487264679996184,1,0.66666666666666663
5,2022-01-13,3970,6049.6591327014494,5522.6624381108659,67.880058710529212,71.620705043765682,3.7236379884543847,3.9288354065534263,0.11490259459629991,0.10530565631317272,0.33333333333333331,0
5,2022-01-14,3971,6647.9970373561346,6371.6284756098003,68.551724352001884,77.320705043765727,3.7722781319027039,4.2548193723354366,0.44309106114743613,0.25615768551966972,0.66666666666666663,0.33333333333333331
5,2022-01-18,3972,5597.314983942706,4965.6967977607392,65.64425474640241,67.620705043765682,3.5931062561319362,3.7012893097110315,0.263717343759725,0.35752561179850734,0.66666666666666663,0.66666666666666663
5,2022-01-19,3973,4077.2662986416176,2815.8148521501766,59.185057685335245,49.220705043765825,3.207253783040358,2.6672829026345042,0.10488633432403188,0.13368117495899101,0,0
5,2022-01-20,3974,7263.6531771276595,3638.7982803285468,78.385445372216807,56.970705043765825,4.2656424342738797,3.1002778103921322,0.48104906717917384,0.53806506618011918,1,1
5,2022-01-21,3975,8316.1582305053707,4358.4467408537366,81.444378057510377,62.970705043765825,4.4466247028559938,3.4380162177203446,0.34441960391815751,0.45082802875093614,0.33333333333333331,1
5,2022-01-24,3976,6155.0116670409107,2627.6566024794852,74.02274204488981,47.27070504376578,4.0070774668375364,2.5589078679026569,0.26199615751038657,0.1833778093223016,0.33333333333333331,0.33333333333333331
5,2022-01-25,3977,11958.423510999644,8105.6132815288829,88.443288506092813,87.820705043765727,4.8951591811868171,4.8607004313693496,0.47561719893215254,0.47812223194229392,1,1
5,2022-01-27,3978,10940.047833848485,11718.50350915695,87.664205476250572,106.42070504376564,4.9025084850963596,5.9514417159503195,0.39715065288921653,0.37943480757174308,0.66666666666666663,0.66666666666666663
5,2022-01-28,3979,3261.4674099772906,5572.9194316415205,52.96221973172927,71.970705043765818,2.9058608433956583,3.9487932099070462,0.21610279265806051,0.35501761612807164,0.66666666666666663,0.33333333333333331
5,2022-02-08,3980,5542.877157199885,4851.4640991863498,65.937528316128692,66.770705043765773,3.6074804856181579,3.653064068484833,0.23148508397932113,0.25329170237633569,0.33333333333333331,0.33333333333333331
5,2022-02-09,3981,4811.1170953371793,3900.228953025493,62.518391018668581,59.220705043765825,3.4063470737825798,3.2266709370837074,0.32581704985226906,0.298285573634894,0.33333333333333331,0.33333333333333331
5,2022-02-10,3982,4108.5702465043005,1200.8735223295078,57.233817438974562,28.42070504376564,3.0669462497106106,1.5229593035804001,0.22547783535663199,0.22569153765616554,0.33333333333333331,0.33333333333333331
5,2022-02-14,3983,7151.0628102165683,2511.0423398700709,78.923739616998091,46.02070504376578,4.2694944479185351,2.4895569524094983,0.28236678652305436,0.32696715096392914,0.33333333333333331,0.33333333333333331
5,2022-02-15,3984,5126.7503825061913,1415.2630281402553,67.863429556006466,31.970705043765822,3.6434784471172814,1.7164557631142394,0.11522664538810179,0.079697464056951786,0,0
5,2022-02-16,3985,4944.0321712444174,394.39302693990379,67.132648441402651,16.392864337395697,3.5455200000740796,0.8657669511946815,0.20567925313429722,0.27243011600440964,0.33333333333333331,0.66666666666666663
5,2022-02-17,3986,3680.849877922572,394.07931542677426,59.565197280926064,16.442864337395651,3.1456061090476375,0.86833884333521605,0.22380378100449497,0.1381460611241915,0.33333333333333331,0
5,2022-02-18,3987,4635.685365501472,423.71014985781864,67.70485889145273,18.609531004062319,3.5632260876507935,0.97939745297943903,0.3216168079538973,0.11041973381707426,0.66666666666666663,0
5,2022-02-22,3988,2771.5913727913435,2134.4711046891766,47.931046880458858,41.72929495623422,2.4753936311758955,2.1551048368658896,0.21825191813828784,0.15294576030000276,0,0.33333333333333331
5,2022-02-24,3989,11524.660288142681,488.60372419705192,94.108233618110489,18.79947665578349,4.9930089992630782,0.99742554413112738,0.22451598571051637,0.25408782741212921,0.66666666666666663,0.33333333333333331
5,2022-02-25,3990,3595.9742477476648,626.59390150438503,59.729923907599492,21.859531004062319,3.1274667595674792,1.1445679505752975,0.36957616229859447,0.20081879031123395,0.33333333333333331,0.66666666666666663
5,2022-02-28,3991,3529.0370862248569,1544.3341033719262,58.235482964587469,33.929294956234266,3.0197294770333141,1.7593619370616682,0.24315299766231938,0.17570177744937299,0.33333333333333331,0.33333333333333331
5,2022-03-02,3992,5679.0279598265088,1620.1885522756349,69.905778670650236,35.029294956234175,3.6228119128653731,1.8153656175494497,0.30031587382246316,0.24961056140547097,0.66666666666666663,0.66666666666666663
5,2022-03-03,3993,2410.7237213191947,2966.5984139013931,48.306162727048708,50.72929495623422,2.4832243215467389,2.6077877425710292,0.28814616249664371,0.082468078228692537,0.66666666666666663,0
5,2022-03-04,3994,2207.5208260975055,7854.5196442809092,40.600281736352066,86.379294956234318,2.0495359164215183,4.3604984959859818,0.46550267697487929,0.29629596169514938,0.66666666666666663,0.33333333333333331
5,2022-03-07,3995,5831.4817173626152,21267.403718195314,47.445357404930064,144.47929495623421,2.3268363897368904,7.0856180552823247,0.30609172108092014,0.56483996043063689,0.66666666666666663,1
5,2022-03-08,3996,2842.0861201649036,9291.1529340850411,51.518304161797609,94.329294956234364,2.5902913249433159,4.7427872168653202,0.22691722080931295,0.49334653816122648,0.33333333333333331,1
5,2022-03-09,3997,4074.2334615301315,10803.114076411015,62.568729603897133,102.02929495623418,3.1337638787887969,5.1101520062222869,0.38345341695724361,0.1481251561567202,0.66666666666666663,0
5,2022-03-10,3998,4717.1276761627369,7470.8753169778547,68.535396270563751,84.129294956234318,3.463657768765541,4.2517458410185638,0.35477302643231939,0.55809710381604838,0.66666666666666663,1
5,2022-03-11,3999,6783.8254975206009,3930.9235756354915,77.443742216766097,59.47929495623422,3.9632426097984239,3.0438983115188574,0.17374428305511011,0.36278508243276492,0.33333333333333331,0.66666666666666663
5,2022-03-14,4000,11588.19522377097,757.15654317177177,89.949018093817202,23.126197670729045,4.7003902539031275,1.2084862786156845,0.28449310299583397,0.14262737848600029,1,0
5,2022-03-15,4001,7354.2103537113808,740.18767771115927,71.427902385044263,22.976197670729032,3.7334257989255835,1.2009302566761986,0.22088700684183885,0.26012859785396619,0.66666666666666663,0.33333333333333331
5,2022-03-16,4002,2771.2962036601202,3426.8657800206456,48.357464730199581,55.079294956234357,2.480315170938352,2.8250862952957898,0.24623006568246306,0.22026307405365,0.66666666666666663,0.66666666666666663
5,2022-03-17,4003,8634.903369812173,820.77028703171788,77.672819233215094,23.659531004062348,4.0554924544166608,1.2353233783611723,0.26425500212362224,0.26647579751915851,0.66666666666666663,0.66666666666666663
5,2022-03-22,4004,1911.6906734094584,1775.4370205874486,39.969422059402937,37.179294956234266,2.069078403489216,1.9246431969061353,0.32699585020275418,0.341994817369143,0.66666666666666663,0.66666666666666663
5,2022-03-23,4005,1431.6462773259318,5381.6343531595276,29.911515714147452,70.629294956234318,1.5220596231501855,3.5940003539708076,0.39029565353286705,0.56641211445060691,1,0.66666666666666663
5,2022-03-24,4006,4822.5225527719076,3901.2464281573743,66.787349118807626,59.22929495623422,3.4183308997240052,3.0314922180486348,0.25481417548438084,0.34326670845381074,0.66666666666666663,0.33333333333333331
5,2022-03-25,4007,6745.3457198597898,2197.6275471235281,75.470241617845886,42.47929495623422,3.8961431877259689,2.1929890790756161,0.44830152264504775,0.52561666301938625,0.66666666666666663,0.66666666666666663
5,2022-03-28,4008,11303.920777529855,631.20018999125818,87.417849119243328,21.909531004062348,4.5768507392273987,1.1470958640870341,0.33580918640169727,0.45043172766744527,0.66666666666666663,0.66666666666666663
5,2022-03-29,4009,2510.6920167830326,1936.0000594036255,49.179086227596976,39.279294956234175,2.5430662268323285,2.0311448641949572,0.25663510023639302,0.30754577621686657,0.66666666666666663,0.33333333333333331
5,2022-03-30,4010,3125.3858612761373,2656.9263556771302,53.493295688659522,47.579294956234357,2.7543338922667928,2.4498259638150688,0.26979353129791711,0.24222906997673635,0.66666666666666663,0.33333333333333331
5,2022-03-31,4011,5053.7767848964295,1659.0232767275056,63.027532089351176,35.579294956234357,3.2654214485584632,1.8433435202566824,0.36688475016020344,0.29330033630551217,1,0.66666666666666663
5,2022-04-06,4012,4183.0919032866786,1824.19260403056,63.049540510291841,37.829294956234357,3.2627582545172751,1.9576327342286461,0.14895413110622593,0.294223210890314,0,0.66666666666666663
5,2022-04-07,4013,3395.7602182886562,2586.1199132427787,51.825154716238636,46.829294956234357,2.669473303607635,2.412140463389016,0.16277054931288021,0.13281136281657765,0,0
5,2022-04-08,4014,3286.3187844534582,3639.7771008543205,46.521988227742362,56.97929495623422,2.3838481323943719,2.9196943432776119,0.26400038691198202,0.40628740485567122,0.33333333333333331,0.66666666666666663
5,2022-04-11,4015,4017.8594589483623,4786.0819870402711,50.381402229943127,66.279294956234182,2.5693654399848604,3.3801308083858621,0.25758316745423931,0.10888609613540505,0.33333333333333331,0
5,2022-04-12,4016,4640.7036215010066,7146.5735666485334,55.91984531969873,82.179294956234273,2.8288779724142521,4.1572932822174913,0.15725523825590862,0.17835309898733784,0,0.33333333333333331
5,2022-04-13,4017,5303.1938235677089,5213.5640452645594,71.674777598807324,69.429294956234273,3.6494285946439575,3.5350964845333128,0.25993483552981339,0.37545750622985485,0.33333333333333331,0.66666666666666663
5,2022-04-19,4018,5731.3457667381217,3415.8599210293837,72.60633384007383,54.97929495623422,3.7242611802761574,2.8201018161234246,0.41663803563700791,0.42969358553137854,0.66666666666666663,0.66666666666666663
5,2022-04-20,4019,7181.871150152936,2806.8246700414525,78.893698873745123,49.129294956234311,4.0589442235810633,2.5276171711804452,0.45731494169749309,0.6733712193465039,1,1
5,2022-04-21,4020,7978.488596467937,2600.1912017296358,83.091013925546278,46.97929495623422,4.2796226687721806,2.4196798926751422,0.1357968063088629,0.18763388498792791,0,0
5,2022-04-22,4021,15168.589501320546,393.32134130423009,104.71692598059713,16.909531004062348,5.5259591546489242,0.8923235358344247,0.12427231566576778,0.18846580445129721,0,0.33333333333333331
5,2022-04-25,4022,3952.3962649956861,493.72380446392623,61.862993571836945,20.109531004062319,3.2480832495976557,1.0558401241238224,0.44167200422777969,0.43176684036531915,0.66666666666666663,1
5,2022-04-26,4023,4484.9859034778883,470.0623141095204,62.230230602329733,18.466143322450154,3.2999379893058514,0.9792206661602586,0.35266721521013328,0.36659688416228459,0.66666666666666663,1
5,2022-04-27,4024,4182.4641700424445,429.99050687318459,60.886144922675079,17.566143322450142,3.2240479175364087,0.93016379785280068,0.2322550946975307,0.22209024461021507,0.33333333333333331,0.33333333333333331
5,2022-04-28,4025,4669.1349040534615,542.48267891150533,62.936144922675112,19.616143322450171,3.3434879232169954,1.0421092423008564,0.42408852597311703,0.19884503202287976,0.33333333333333331,0.33333333333333331
5,2022-05-06,4026,7161.2425521225487,1526.853425289047,75.209186731451226,33.670705043765643,4.0415490747192875,1.8093774541225021,0.35318461304540855,0.24955713219115158,0.66666666666666663,0.33333333333333331
5,2022-05-09,4027,7045.8762934886408,1778.5179310997964,79.635457039804123,37.220705043765825,4.2875848407572148,2.0039682905088338,0.60806427311291855,0.3164712788958321,1,0.66666666666666663
5,2022-05-10,4028,7479.5705663025901,2209.6615455724555,80.578435839709527,42.620705043765689,4.3510049320829145,2.3013960983701334,0.2644518701859514,0.2176472294869706,0.33333333333333331,0.33333333333333331
5,2022-05-11,4029,7832.0030893115718,3701.7685558766839,80.591231163886576,57.52070504376578,4.3869917075684706,3.1311453168811831,0.41321230157277605,0.5594834066961446,0.66666666666666663,1
5,2022-05-12,4030,9605.5660453817727,7285.5745131087388,80.231677403588719,83.020705043765773,4.428896657756547,4.5828547400715287,0.45490686883282755,0.36016028945832135,1,0.66666666666666663
5,2022-05-13,4031,4126.2375764587223,5233.2200474314322,57.687229873611614,69.570705043765727,3.1609441026636502,3.8120934270556561,0.17096749937000985,0.13907358060058281,0,0
5,2022-05-17,4032,6377.6058069923174,7435.8217821874932,66.560558153889659,83.920705043765636,3.6760587719266375,4.6348385962922505,0.36474620506632133,0.35199307860350565,0.33333333333333331,0.66666666666666663
5,2022-05-18,4033,2284.8981354042508,2950.5332557683346,45.371872899807535,50.570705043765734,2.4605137147401055,2.7424460435881635,0.45220347636498204,0.39891039437301962,1,0.66666666666666663
5,2022-05-19,4034,4534.5687699679802,4037.7590746261376,59.402753094555841,60.370705043765689,3.238619185179143,3.2913916172590603,0.51909930211223942,0.32619042760656708,1,0.33333333333333331
5,2022-05-20,4035,3777.4398839775545,1865.4480527004478,57.553621380612867,38.370705043765689,3.1006153098056708,2.067164370421597,0.35182766257175263,0.25105594383284968,0.66666666666666663,0.66666666666666663
5,2022-05-23,4036,4369.9646624249381,1147.7766827463631,62.04087446465595,27.470705043765822,3.3228468997191336,1.4713033604930548,0.23681096760601295,0.14562848457831709,0.33333333333333331,0
5,2022-05-24,4037,7443.3574440966304,2637.1207434882294,81.17964633881229,47.370705043765689,4.3947404904077683,2.5644599958729799,0.31430607037203356,0.32199750753759721,0.66666666666666663,0.66666666666666663
5,2022-05-25,4038,6355.97526169099,2538.7447628963259,76.146976314045034,46.320705043765734,4.119950023754634,2.5061926170034212,0.42384891573377459,0.25138933290074411,1,0.33333333333333331
5,2022-05-26,4039,5925.1097474660428,2222.4702570855929,73.834272986718062,42.77070504376578,3.9871623818294668,2.3096827434801699,0.27211635644867677,0.37708945554258483,0.33333333333333331,0.33333333333333331
5,2022-05-27,4040,6810.0616542543139,3514.6727292322466,75.447700265200112,55.870705043765689,4.1033175757437386,3.0385981967567131,0.27394716974445127,0.26031044226656735,0.33333333333333331,0.66666666666666663
5,2022-05-31,4041,6307.5930009679541,2860.3159866895476,74.117682508902362,49.670705043765643,4.0174363113936993,2.6923250606409908,0.36755640106376264,0.25004172491456461,0.66666666666666663,0.66666666666666663
5,2022-06-01,4042,5727.8880504403242,2637.1207434882294,70.69079827580488,47.370705043765689,3.8269163206910393,2.5644599958729799,0.071999214904747477,0.39908274434060176,0,0.66666666666666663
5,2022-06-06,4043,6144.1471853356552,2415.501359278167,74.715943950460471,44.970705043765825,4.0395730942074222,2.4313746239060241,0.45377265079260209,0.54253452353277065,1,1
5,2022-06-07,4044,6414.9671852343699,2125.4201354849242,77.074676992858414,41.620705043765689,4.1595659350148901,2.2461860840155259,0.37528966730131263,0.40678453895171995,0.66666666666666663,0.33333333333333331
5,2022-06-08,4045,7191.1701785610849,2865.2855571939422,79.77467699285846,49.720705043765825,4.3241822908560836,2.6951082767577756,0.28367573533922413,0.47546729837639362,0.66666666666666663,1
5,2022-06-09,4046,8293.9075956844845,4562.5129969937752,81.993805697931066,64.570705043765727,4.4805358304880363,3.5284538275281818,0.38459589142914957,0.31041013415555307,0.66666666666666663,0.66666666666666663
5,2022-06-10,4047,5881.126625042004,4453.4652984193854,70.801481345227032,63.720705043765825,3.8671371955773015,3.4803891658937558,0.30809786107992493,0.17651798715133049,0.66666666666666663,0.33333333333333331
5,2022-06-13,4048,7223.0482478677031,6210.3574950179,74.98481467856034,76.270705043765773,4.123896754031807,4.1946161273588389,0.34014626920043761,0.19016503010016236,0.33333333333333331,0.33333333333333331
5,2022-06-14,4049,5936.3483069907552,5408.7093100408465,68.370288047279544,70.820705043765727,3.748884882647268,3.8832463355046323,0.34472092836054746,0.27438417341170279,0.33333333333333331,0.33333333333333331
5,2022-06-15,4050,5671.7149660574332,5026.7579323001355,67.453621380612887,68.070705043765727,3.6930534563708122,3.7268384913093748,0.28648391853845073,0.40722767163882162,0.66666666666666663,0.66666666666666663
5,2022-06-16,4051,4491.3388638587103,3204.3322104827917,62.436954713946228,53.02070504376578,3.3904566649803822,2.8791346986921766,0.39510551021854062,0.21279518567316622,0.66666666666666663,0.33333333333333331
5,2022-06-17,4052,7141.066389962758,3343.8760435965778,79.364997425039519,54.320705043765734,4.3127291088188846,2.9518111693392601,0.30723295133621392,0.17585359999402997,0.66666666666666663,0.33333333333333331
5,2022-06-21,4053,6985.2748306836374,3172.6097874565371,78.831664091706216,52.720705043765825,4.2800262829061113,2.8623777747246422,0.41716471394812898,0.26198893634738435,1,0.33333333333333331
5,2022-06-22,4054,6980.4888444561475,3167.3402169521414,78.814997425039493,52.670705043765643,4.2790052350854815,2.8595854847584365,0.37024098205385286,0.14936522808331984,0.66666666666666663,0
5,2022-06-23,4055,8824.8583132946897,5170.8089128920374,84.298330758372842,69.120705043765682,4.6179479448011636,3.786502234723804,0.18553600873424539,0.50042872111270731,0,0.66666666666666663
5,2022-06-24,4056,5748.838555852195,5054.0262143176478,68.426112586939624,68.270705043765773,3.746707144879792,3.7381977245669269,0.24998291038579581,0.36606553825001104,0.33333333333333331,0.66666666666666663
5,2022-06-27,4057,6525.0003106397526,6096.5139374522523,71.07710115762832,75.520705043765773,3.9073747922062796,4.1516563614945037,0.49903943947399831,0.43488340853704349,1,0.66666666666666663
5,2022-06-28,4058,3566.590752143456,6294.5577705660353,54.593722525272447,76.820705043765727,3.003368038799199,4.2261424862475989,0.4561004131427519,0.48368953450825075,0.66666666666666663,0.66666666666666663
5,2022-06-29,4059,3624.0061595869161,6410.3513281316846,54.843722525272447,77.570705043765727,3.0183666772301838,4.269163733834108,0.47581032986528404,0.38307842294335059,1,0.66666666666666663
5,2022-06-30,4060,5517.4994469464509,9825.5683953429161,61.360389191939099,97.120705043765682,3.4137466517532666,5.4032493278681288,0.4089330067593861,0.44027606972413014,0.66666666666666663,1
5,2022-07-01,4061,8414.0374598662966,15416.714782070601,80.621457340839925,122.57070504376573,4.5497436422595898,6.9170826774134158,0.30200666198400011,0.38644556102407623,0.66666666666666663,0.66666666666666663
5,2022-07-05,4062,5591.1099051433657,12338.674215677553,66.988965422382833,101.1907130991586,3.818558138424605,5.7681532861630629,0.31077611992689752,0.27265112346743176,0.66666666666666663,0.66666666666666663
5,2022-07-06,4063,5532.6509942186303,17877.162481698,60.721965411519932,123.60697481892294,3.4738960159913002,7.0715395073613623,0.36346559923897176,0.18709215855770209,0.33333333333333331,0.33333333333333331
5,2022-07-07,4064,5663.8255178541631,7438.7814987660195,67.220995463675237,53.096216787449897,3.8672762319454166,3.0546667119692721,0.43520629244056769,0.23694784386146428,0.66666666666666663,0.66666666666666663
5,2022-07-08,4065,7817.2706616958903,15343.03924492228,74.596761922975858,112.27172227049209,4.2871702254583823,6.4523978316374766,0.27533471924317054,0.40397863122914152,0.66666666666666663,0.33333333333333331
5,2022-07-11,4066,7828.1141318500813,16035.630701252687,77.269984666251958,109.02553707513691,4.4646665896025866,6.2995052334394694,0.27563487189412833,0.25325797743070272,0.66666666666666663,0.66666666666666663
5,2022-07-12,4067,8033.0879698542822,24369.439223240766,78.471722681882895,125.65295240701334,4.5501404779011301,7.285918613418378,0.56449489012495047,0.54259473546466475,1,0.66666666666666663
5,2022-07-13,4068,8032.1927681161833,3930.0914456074365,77.035303334457765,52.337561505521613,4.5296232924359243,3.0774129185348151,0.70350382668480982,0.67738164491020303,1,1
5,2022-07-14,4069,7689.9608444966134,6937.0951336758926,75.746205224249778,63.882796716813495,4.4395982313542062,3.7442661381949702,0.030942600179012573,0.15040929421502136,0,0.33333333333333331
5,2022-07-15,4070,8797.5601681475164,7998.5769964834335,77.018308547352191,56.634853689278849,4.4959755142787534,3.3060829333223691,0.020099584973250862,0.021002354404951365,0,0
5,2022-07-19,4071,8460.6689062682781,7497.6198099352696,77.807732940275855,54.907287494951184,4.55202322238787,3.2122674483678222,0.28533715926211739,0.35946041402936529,0.66666666666666663,0.33333333333333331
5,2022-07-20,4072,8487.6338144010497,12334.728147504837,80.6989141352595,69.140577644207724,4.7327965594545489,4.0549280185448202,0.32409407009671498,0.31007627640406271,0.66666666666666663,0.33333333333333331
5,2022-07-21,4073,9995.5499708967182,1625.7272593682371,78.559341167191562,31.25315761847666,4.5228326185089704,1.7993124510479095,0.20151661833145504,0.15687885451283054,0.33333333333333331,0.33333333333333331
5,2022-07-22,4074,7570.7476012835205,710.08933449770893,72.504401684421211,21.86750664637475,4.2180697937297813,1.2721802691474051,0.17467514583765262,0.31159227866453404,0.33333333333333331,0.33333333333333331
5,2022-07-25,4075,6589.0957413559927,7703.4309623751224,68.351584874408829,60.848592513113317,3.973813835319254,3.5376060296568888,0.30590510627374584,0.17822630313873145,0.66666666666666663,0.33333333333333331
5,2022-07-26,4076,8900.4277363003403,8901.1829955277535,84.623484872833615,81.98884242667161,4.9370487951246238,4.7833401841645005,0.47957976951956582,0.70364245698918426,0.66666666666666663,1
5,2022-07-27,4077,9190.1314306592612,1855.4140782586526,82.028825077639041,30.555790313765556,4.6780054221636176,1.7425600407051929,0.43879057873115751,0.36440866318182835,1,0.66666666666666663
5,2022-07-28,4078,9201.5911112208178,1892.3689039812241,81.146192848887566,35.623262269303119,4.6279338912334644,2.0316677466238802,0.28852186615952097,0.11621962407668911,0.66666666666666663,0
5,2022-07-29,4079,5589.5857848645619,3677.1888319585555,56.070464159589768,57.229578157496157,3.1635332972009578,3.2289312885068924,0.17634688732347717,0.28986958286860492,0,0.33333333333333331
5,2022-08-01,4080,3410.8411032423896,13671.717455867401,43.077008928185627,116.2790106237738,2.4203966247049098,6.5334463055920109,0.41273549956123062,0.22478891903244,0.66666666666666663,0.33333333333333331
5,2022-08-02,4081,5648.5654493033508,17523.093262926272,67.006084297810801,130.66265055026543,3.804461847994935,7.418745240611238,0.28078907138206127,0.24360798759886185,0.33333333333333331,0.66666666666666663
5,2022-08-03,4082,3001.3108242428279,11138.552101701889,46.080442525223283,103.94707815636723,2.5841432551157069,5.8292439522413204,0.41605909626678766,0.18619818402518939,0.66666666666666663,0.33333333333333331
5,2022-08-04,4083,4081.9583822244008,17117.109772291486,54.461281298862183,129.85430880696913,3.0712692118348897,7.3229555227389893,0.13777378256535847,0.27381019489519659,0.33333333333333331,0.66666666666666663
5,2022-08-05,4084,2857.8647179816271,10426.682121217202,43.321027222029443,101.56726276026536,2.4282406447145228,5.6930726582923894,0.22094646515130309,0.21954047409328939,0.33333333333333331,0.33333333333333331
5,2022-08-08,4085,2295.1756321020825,9947.4225957209692,42.352517831536716,98.544510808886642,2.3594060238732468,5.4897919728635216,0.35523215490957588,0.22926464956414283,0.66666666666666663,0.33333333333333331
5,2022-08-10,4086,3581.7917139932324,10893.382439311237,50.83677474396935,102.47070504376582,2.8367152917788823,5.7179122283224055,0.26796991223552474,0.13988467191005824,0.33333333333333331,0.33333333333333331
5,2022-08-12,4087,6616.0560371706679,16616.433550490739,70.934616242588461,127.37070504376568,4.0139551970681566,7.2074867046042144,0.22062246969545973,0.38415820797242389,0.66666666666666663,1
5,2022-08-17,4088,3968.935392195795,15543.577365079333,54.099822345936751,121.04154886634699,3.0641908949583279,6.855741772611764,0.38422443146996982,0.18175715662808944,0.66666666666666663,0
5,2022-08-18,4089,6348.3497020440691,20956.038857127118,72.924830682308766,143.31340837742331,4.1653480326893488,8.1858294089632047,0.24122739699088225,0.47674912768547295,0.33333333333333331,1
5,2022-08-19,4090,4185.0098397298361,2469.892731829937,46.472128756024404,44.320538939363665,2.6812132557925517,2.5570771059779989,0.4184027386951546,0.40508101000228036,1,0.66666666666666663
5,2022-08-22,4091,6847.4001163222738,3121.0678557522165,69.541443836980534,48.342420747338338,3.9816463220051261,2.7678807218423942,0.37877097760575656,0.45210408933487178,0.66666666666666663,0.66666666666666663
5,2022-08-23,4092,3505.5889619909181,2407.792627343651,49.377791857713646,46.481735645451714,2.8286192454222578,2.6627179357518234,0.31810130332672715,0.50238602948639399,0.66666666666666663,1
5,2022-08-24,4093,4636.3331429992031,3975.6383789379665,57.164124885822353,54.171392622583348,3.2599084648753873,3.0892414030157878,0.18308943335830066,0.15998412491325634,0.33333333333333331,0.33333333333333331
5,2022-08-25,4094,1827.1057057966336,3467.2420495459951,27.030722928226471,55.43970951752916,1.5435102314476215,3.1657221708796093,0.32195612355116504,0.28030172756260247,0.66666666666666663,0.66666666666666663
5,2022-08-26,4095,4661.0107988836498,6834.1321823031431,63.267711880741217,74.649912339249951,3.656459104244421,4.3142756943449081,0.39985520634367716,0.19195262247561917,0.66666666666666663,0
5,2022-08-30,4096,9516.9938585070267,10441.234073611342,88.820152905242068,87.524790444079599,5.2422919733956244,5.1658378353349228,0.67851519174310349,0.44714491417198071,1,0.66666666666666663
5,2022-09-01,4097,8501.3194471372917,11029.242473312815,79.322663782148922,88.038025857446272,4.6319803668408133,5.1409066194129212,0.10343907821835861,0.10449783377788024,0,0
5,2022-09-02,4098,8973.0573395540123,2815.1472705228148,82.742430549171715,51.273510528774672,4.8597692088083937,3.0114830570171898,0.14705300011352787,0.28411518789513435,0.33333333333333331,0.66666666666666663
5,2022-09-06,4099,10516.234039327124,1935.0826221536133,90.88134188774832,39.581107978053218,5.3376408473701771,2.3246767085456916,0.59252205829654148,0.36390417770757583,0.66666666666666663,0.66666666666666663
5,2022-09-07,4100,9358.6153519723393,3374.3338250533975,78.371908137201515,48.249876827940774,4.5848953191096919,2.822703181205767,0.26631266816374793,0.29665318752121544,0.66666666666666663,0.33333333333333331
5,2022-09-08,4101,10988.525317863439,2291.380339608228,85.664967490745383,37.020463243612618,4.9997062852075045,2.1606433549441237,0.43548402941941849,0.38410871443774325,0.33333333333333331,0.33333333333333331
5,2022-09-09,4102,11068.688183584803,1640.9065117172402,87.502973268045253,29.693009081022637,5.1325907421793859,1.7416786861614006,0.38136263097617346,0.40528617424982155,0.33333333333333331,0.66666666666666663
5,2022-09-13,4103,7564.9178420583821,2419.5555683712473,72.601542654785661,36.210229615787512,4.2609039647153981,2.1251381897874002,0.35215289296080887,0.36776295580936053,0.33333333333333331,0.33333333333333331
5,2022-09-14,4104,7656.2653208372967,965.71579563546391,76.845745830038823,25.133818186583312,4.5495083671800858,1.4880006030775748,0.29572519024932725,0.43958213648619665,0.66666666666666663,0.66666666666666663
5,2022-09-15,4105,11261.668962910457,9803.4037557511092,99.733983352778523,92.269552513625285,5.991288460203557,5.5428800356606658,0.18625144639319066,0.16767511851829422,0.33333333333333331,0
5,2022-09-16,4106,8428.3107254509905,1449.391024163051,84.083757311118077,35.394771520341841,5.0526549476380174,2.126897907060171,0.44422366693211029,0.28589219647606717,0.66666666666666663,0.33333333333333331
5,2022-09-20,4107,8266.0131655306704,1799.671356837662,72.4455506272202,41.434939577884357,4.333515814399294,2.478536837319238,0.37762656086181617,0.21397465278791405,0.66666666666666663,0.66666666666666663
5,2022-09-21,4108,8486.9118587281937,1625.6427587814851,75.916850509059188,39.764153714424232,4.5408888661697633,2.3784522364102187,0.31742412993164193,0.36572417899687437,0.33333333333333331,0.66666666666666663
5,2022-09-22,4109,7940.2391018310218,171.33599705930393,85.416850509059188,11.264153714424234,5.197727234554975,0.68543850758659053,0.23466689894869039,0.52507752974962785,0.33333333333333331,0.66666666666666663
5,2022-09-26,4110,5867.614499985234,98.696882454123397,75.298271926969321,7.0735432800786384,4.6073714695569556,0.43281792082718212,0.24889809407369504,0.55072798840325043,0.33333333333333331,0.66666666666666663
5,2022-09-27,4111,7607.0855281078557,648.90995291866375,76.812547352838621,23.963311899312959,4.6492477894161306,1.4504319764738647,0.21268825706545261,0.22263382916283861,0.33333333333333331,0.33333333333333331
5,2022-09-28,4112,5875.5510750757458,782.93800598501514,68.779816648417338,26.613311899312823,4.1563824418913065,1.6082494500430762,0.19203885932639811,0.32464179894115525,0.33333333333333331,0.66666666666666663
5,2022-09-29,4113,6418.7831459292074,1972.4317793717237,62.214578755519746,43.563311899312872,3.72152407689665,2.6058508688089055,0.43125105049041329,0.24915692749525112,0.66666666666666663,0.33333333333333331
5,2022-09-30,4114,7838.6947041922685,1108.1378606652277,75.687019691994237,32.614153714424369,4.5465861531804066,1.9591610328842657,0.52943156716705853,0.61710961805603659,0.66666666666666663,1
5,2022-10-11,4115,8250.6418998838653,1531.6487898668811,75.705090494862816,38.564153714424414,4.5314752039543178,2.3083323086477967,0.28211164073765044,0.21801269701891937,0.33333333333333331,0.33333333333333331
5,2022-10-12,4116,7814.4477375888118,300.90795734633417,83.626155128326971,16.014153714424236,5.0740947229128679,0.97167366752164519,0.21935942354049751,0.31179928995084322,0.33333333333333331,0.33333333333333331
5,2022-10-13,4117,6454.2464774939772,443.24506979065268,76.518084764940724,18.984939577884308,4.639427924873627,1.1510907401857946,0.45783241328616109,0.49720970297584333,0.66666666666666663,1
5,2022-10-14,4118,8282.8873330864462,1111.4017760366671,72.608367204092175,32.664153714424323,4.3615177776898735,1.9621056443564697,0.39966153158291712,0.53975959311993904,0.66666666666666663,0.66666666666666663
5,2022-10-17,4119,6790.6770390367683,481.85666374769545,77.756525461322326,20.914153714424327,4.703964032747872,1.2652240601587614,0.20168977663538024,0.20324603653745466,0.33333333333333331,0.33333333333333331
5,2022-10-18,4120,6232.0250001419545,44.603715513219157,78.160842194856286,6.1694240832852456,4.7901478332325977,0.37809793977356404,0.11410899662369951,0.12682961947161683,0,0.33333333333333331
5,2022-10-19,4121,7433.0449724631835,351.85842800182644,82.36608598697542,17.077260221112585,5.036756924538337,1.0442891347833785,0.54185209070003582,0.39519930534036424,1,0.66666666666666663
5,2022-10-20,4122,7255.1513189148945,772.73754085151404,77.988768555131244,27.00491763546059,4.74600751894911,1.6433846119251845,0.24845105460266451,0.36154249910408992,0.33333333333333331,0.66666666666666663
5,2022-10-21,4123,7841.8970592433116,920.04786739055305,74.382752653642072,28.934939577884354,4.4829141270840482,1.7438565362594156,0.028641171663997479,0.19133190641833367,0,0.33333333333333331
5,2022-10-25,4124,6301.7575206966312,805.1450135715927,70.812246331058233,23.098887899684087,4.2664405079715761,1.3917088657740073,0.36398677346192504,0.14470012571578517,0.66666666666666663,0
5,2022-10-27,4125,6386.6590216629093,332.60060808709659,75.497494279352622,17.428102036224043,4.5810196462093158,1.057498379067628,0.22201746650390178,0.25410503287460351,0.33333333333333331,0.33333333333333331
5,2022-10-28,4126,6086.3972760828774,362.09260869063263,76.023253710453218,18.310593554445934,4.6383925387707885,1.1171808147923084,0.43165457624225639,0.45894481656470948,1,0.66666666666666663
5,2022-10-31,4127,7502.6397764001968,647.77791831563957,79.359322038201682,24.729526826709463,4.8235418348701833,1.5030862681482731,0.18789905454435929,0.23251413287639375,0,0.33333333333333331
5,2022-11-01,4128,7797.7234544218445,541.61135362763298,79.90773443712601,21.827260221112585,4.8442141455018648,1.3232251354073892,0.47814469625361927,0.1985792672995593,1,0.33333333333333331
5,2022-11-02,4129,6671.7531496546681,1844.1488239294886,64.223253710453193,38.632997390379309,3.8355980476859286,2.3072740916375607,0.26224694251826253,0.15928698819466824,0.66666666666666663,0
5,2022-11-04,4130,10025.787166153004,2053.4021639339489,85.412928113994283,44.276634312747547,5.0872824154378797,2.6371621735458199,0.12379755320570512,0.16454956965728426,0,0
5,2022-11-07,4131,13385.521878846615,6585.575815039414,89.811621980638776,80.576634312747501,5.2360659950816952,4.6976612337995922,0.2587173196923781,0.31957221909678074,0.66666666666666663,0.33333333333333331
5,2022-11-09,4132,10273.236961477727,4812.8730642151104,83.842893526077958,63.510811119969958,4.8054388036153002,3.640109535461812,0.36029773243230734,0.41268893613083213,0.66666666666666663,1
5,2022-11-10,4133,8164.7112563495348,4272.2182077276584,78.332921453378205,44.597792407735447,4.452378517826368,2.534901662985503,0.28425293000552759,0.18329702321122612,0.66666666666666663,0.33333333333333331
5,2022-11-11,4134,9143.068657907801,1191.4169082407623,76.643615862702447,28.346570501966578,4.3328405145967794,1.6024970604311477,0.25664794387112089,0.12640336517529982,0.33333333333333331,0
5,2022-11-14,4135,5732.7331878594368,15656.13353245803,66.049315320718122,123.61699025248708,3.7287557693690196,6.9786880205767972,0.60659718253074668,0.33344215387904058,1,1
5,2022-11-15,4136,3994.5764467965641,15172.57337198307,51.678202588430317,121.57070504376573,2.914732238490148,6.8567797543015088,0.2495898868777611,0.23344980966059481,0.33333333333333331,0.33333333333333331
5,2022-11-16,4137,5921.8468712059912,18881.16967724355,69.444606091023161,135.97070504376583,3.9488573917333767,7.7317585035690799,0.15573795918578184,0.082869051755462872,0.33333333333333331,0
5,2022-11-17,4138,6203.8617814351992,20833.759547856269,73.249329013439436,142.97070504376583,4.1818525355925686,8.162291907043036,0.22710040996684933,0.42412734055554263,0.66666666666666663,1
5,2022-11-18,4139,7758.1738412143304,24161.743340836565,76.938256798419317,154.17070504376565,4.4207226383830909,8.8583489452864654,0.24720681457710003,0.28271986902243329,0.33333333333333331,0.66666666666666663
5,2022-11-21,4140,8546.7037900817177,28315.552414239937,83.599263630240486,153.33105490382817,4.7964235135970901,8.797214774022672,0.29430687139581396,0.29892130438775616,0.33333333333333331,0.66666666666666663
5,2022-11-22,4141,7019.172461211575,1021.9659283954716,71.347452564270796,30.223562767284875,4.0726918722647945,1.7252369076852971,0.11763771024660802,0.28744646272234142,0,0.66666666666666663
5,2022-11-25,4142,6356.6337764941272,5840.6812633117652,74.478240243902817,61.91174998791697,4.2643062176234769,3.5448026101695898,0.41626095294791149,0.41283832206386867,0.66666666666666663,1
5,2022-11-28,4143,7613.2647669935604,5392.7829395487743,76.717328570204316,56.338237515006917,4.3770941159470711,3.2143685465286089,0.16738655472685682,0.23126178356203772,0.33333333333333331,0.33333333333333331
5,2022-11-29,4144,9482.0988960700979,7464.2062124428812,87.090568150510464,72.002563030861594,4.9666705532084672,4.1062197337246422,0.25740388257765573,0.21472574535098202,0.66666666666666663,0.33333333333333331
5,2022-11-30,4145,8293.657739433098,4175.3895904737155,72.570199149061864,49.129943246798121,4.0246346199185785,2.724673113540089,0.24050416394219112,0.28826903546267912,0.33333333333333331,0.66666666666666663
5,2022-12-01,4146,3879.7148404713007,12453.724303454574,50.876119165355327,109.82070504376573,2.8506019983390014,6.1532822548685102,0.36287162327330541,0.32237456148838006,0.33333333333333331,0.66666666666666663
5,2022-12-02,4147,4742.0079755034831,14263.07601365046,58.207272643533237,117.77070504376577,3.2759608646743157,6.6282476949440436,0.40034388138681026,0.286956435372199,0.66666666666666663,0.33333333333333331
5,2022-12-05,4148,5114.1438766745923,14978.700243913054,61.840385380616908,120.77070504376577,3.4863223238593366,6.808586370716303,0.19628777985853438,0.2124570824357904,0.33333333333333331,0
5,2022-12-06,4149,4029.8254317835817,13020.312399177768,52.762268842213189,112.37070504376568,2.9605133454277399,6.3051680531795355,0.13640069371134497,0.32693252065934131,0,0.33333333333333331
5,2022-12-07,4150,3359.2857747284065,11296.820688981885,48.443006428271623,104.42070504376564,2.7060864412631136,5.8330701362324744,0.25783874378115534,0.31480066255795913,0.66666666666666663,0.66666666666666663
5,2022-12-08,4151,2863.809024198737,10079.772228456697,47.076119165355294,98.420705043765636,2.6209458656212061,5.4795370678264979,0.27724289469781865,0.32353459667171924,0.33333333333333331,0.66666666666666663
5,2022-12-09,4152,3697.1854316902368,12050.810194792661,50.259452498688688,107.97070504376582,2.8131340254499437,6.0433619749113303,0.33371714864332142,0.43919719765351622,1,0.66666666666666663
5,2022-12-12,4153,1485.1904833331262,5437.0775920583592,37.942785832022004,71.020705043765773,2.0807099247085081,3.8946398532404252,0.4630413762428997,0.23198534764745915,1,0.66666666666666663
5,2022-12-13,4154,4762.0723163256253,7878.9694484150996,60.017577918066614,86.520705043765773,3.3194645014278712,4.7853048889005168,0.3111291731428823,0.43089442031126551,0.66666666666666663,0.66666666666666663
5,2022-12-14,4155,7774.1947612395488,12718.73399555962,71.328929209006219,111.02070504376577,3.9992671474871027,6.2247038234849477,0.50111936194421214,0.35841811552987107,1,0.66666666666666663
5,2022-12-15,4156,3156.5413872321865,10801.361304771837,48.27611916535534,102.02070504376577,2.6931532824945101,5.6913729069630294,0.34783671278544309,0.24736892989315959,0.66666666666666663,0.33333333333333331
5,2022-12-16,4157,3382.5242880518731,10864.753393349534,49.33205979185194,101.85841633387849,2.7547498208539167,5.6878722545163329,0.32685792050655027,0.46055211603616503,0.66666666666666663,0.66666666666666663
5,2022-12-19,4158,1799.4383453533117,6900.8996994030167,41.15945249868863,80.670705043765636,2.2691136500737983,4.4473623156604907,0.20931200370913997,0.13245023240991319,0.33333333333333331,0.33333333333333331
5,2022-12-20,4159,3906.2655695787016,6325.3260525835494,56.850911251399943,77.020705043765773,3.1278870595802011,4.2376113473503221,0.13664640101134418,0.44533835818418299,0,0.66666666666666663
5,2022-12-21,4160,5149.7493480247886,9204.8463125584385,60.277055858605763,93.870705043765682,3.3474235496532323,5.2130118866977115,0.16209735517835075,0.24554299656240408,0.33333333333333331,0.66666666666666663
5,2022-12-22,4161,6048.5790270212465,9835.2829658472838,66.905347016853511,97.170705043765636,3.7223404371232625,5.4061814311653293,0.27584823700083305,0.32605667003321193,0.66666666666666663,0.66666666666666663
5,2022-12-23,4162,5395.5288377970601,8714.3540758265062,64.922013683520234,91.220705043765818,3.600078392076981,5.0584026974112533,0.17454276763521501,0.17486618306269683,0.33333333333333331,0.33333333333333331
5,2022-12-28,4163,4424.1029608337294,6925.1234109161624,61.455347016853544,80.820705043765727,3.3883030746714566,4.4560002780849475,0.32987115047155818,0.28227127935702256,0.66666666666666663,0.66666666666666663
5,2022-12-29,4164,4114.0443345424683,7153.3813850387205,57.284710938056001,82.220705043765818,3.1607973591224656,4.536690211259736,0.24911617388921506,0.24276586980840331,0.33333333333333331,0.33333333333333331
5,2022-12-30,4165,2161.6027234551498,1782.2425016041698,42.301377604722653,37.27070504376578,2.2775737686277204,2.0067143188373326,0.27996401516326741,0.25675397722851523,0.33333333333333331,0.33333333333333331
5,2023-01-04,4166,7620.3803792965218,4061.9473566436495,78.880385836229379,60.570705043765734,4.3010024992491482,3.3026556730515666,0.31091669349933898,0.28323729145358639,0.33333333333333331,0.33333333333333331
5,2023-01-05,4167,6039.4916496104479,2188.4136930505729,74.830309647378343,42.370705043765689,4.0400771864473786,2.2875880058182534,0.25539475715446297,0.21072389154604343,0.66666666666666663,0.33333333333333331
5,2023-01-06,4168,4625.5449922860671,646.60589623536669,64.319336277820639,20.849476655783445,3.4236997992079758,1.109811654953474,0.17905574512878211,0.32880455252497565,0.33333333333333331,0.66666666666666663
5,2023-01-10,4169,6403.4897532993718,886.89677978682175,78.827209798228822,22.949476655783503,4.2100680854663297,1.225704417218122,0.16660626041075091,0.31264112074025269,0.33333333333333331,0.66666666666666663
5,2023-01-11,4170,5343.9368975803463,537.63439689399797,70.908903779490245,19.54947665578349,3.7666411930355239,1.0384572338468294,0.37970444976138168,0.32699766290005378,0.33333333333333331,1
5,2023-01-12,4171,3538.3516683401426,551.37570874072514,57.858883475688494,20.959531004062381,3.0337877710556849,1.0989975095856319,0.3247435446000968,0.27148543097926997,0.33333333333333331,0.33333333333333331
5,2023-01-13,4172,2937.3123773204302,762.90283165863684,54.153318300522109,23.176197670729,2.8296226512970066,1.2110041629600274,0.47256929080136212,0.32354106929922521,1,0.66666666666666663
5,2023-01-17,4173,6384.6481866310314,1075.877102054674,79.068806324723028,26.129294956234315,4.1166661282200776,1.3604047980545797,0.41811544657697031,0.43013449152985089,0.66666666666666663,0.66666666666666663
5,2023-01-18,4174,7542.8744475434314,970.54406323848309,84.092875486613138,24.776197670728987,4.3830332266555381,1.291368584943656,0.19599394023994429,0.33349539157314467,0,0.33333333333333331
5,2023-01-19,4175,6862.2974297218598,1313.0031796870448,78.431859339517587,30.32929495623436,4.0745939705708132,1.5756296408246848,0.43067962967292184,0.46266902369891066,0.66666666666666663,0.66666666666666663
5,2023-01-20,4176,7017.7350615583391,1265.1163077570593,73.035144066908742,29.529294956234178,3.795808121558585,1.5347068736673861,0.33418353870371559,0.44322007656397777,0.66666666666666663,0.66666666666666663
5,2023-01-30,4177,10088.014847483339,1253.3445897745762,86.702046217424069,29.32929495623436,4.5065775880983443,1.5244708641943117,0.41472461033010272,0.61626644059525726,0.66666666666666663,1
5,2023-01-31,4178,9636.4520368883586,1374.6617695995137,85.198006865027608,31.32929495623436,4.4238022153293324,1.6267352903179999,0.32158109684857378,0.22773018425856759,0.33333333333333331,0.33333333333333331
5,2023-02-01,4179,10933.502389066211,1126.4252624715216,89.474088575963378,27.07929495623436,4.6561074376688456,1.4091689410784669,0.38500841709718076,0.49939582142303623,0.66666666666666663,0.66666666666666663
5,2023-02-02,4180,20291.467741481083,762.57254952422682,126.05294186392651,21.949476655783503,6.7215688732197458,1.1704202765235026,0.34030272844114723,0.27832216453307373,0.66666666666666663,0.33333333333333331
5,2023-02-03,4181,9171.3440946239425,847.70951070803937,83.025864063678156,22.649476655783474,4.4321827873310102,1.2091005821851581,0.32450258434453771,0.42534746404771256,0.33333333333333331,1
5,2023-02-06,4182,6657.7107703077154,962.94760643124255,70.461983927513529,23.870705043765685,3.7666105697072503,1.2760306325848978,0.23118558806505027,0.26551431176006879,0.66666666666666663,0.66666666666666663
5,2023-02-07,4183,5590.4743950951988,873.65435676055438,66.169478256008389,22.849476655783445,3.5334674528613661,1.2201680322421937,0.29931182709418774,0.21334097462816207,0.66666666666666663,0.33333333333333331
5,2023-02-08,4184,4956.868625278792,632.47976169598326,64.019478256008441,20.699476655783503,3.4069223700712281,1.1015633364793522,0.1518631075340495,0.3418375330654822,0,0.66666666666666663
5,2023-02-09,4185,7273.2438406040064,1609.1031173940876,69.642842523904392,34.870705043765689,3.7448428522828618,1.8750715192647032,0.23171136467343079,0.13931299463504776,0.33333333333333331,0.33333333333333331
5,2023-02-10,4186,7761.8514225786266,1876.981764213584,76.825853398117943,38.52070504376578,4.1392124887862893,2.0754131108410756,0.26009913423219233,0.1095759557678531,0.66666666666666663,0.33333333333333331
5,2023-02-13,4187,6835.9192867046222,1346.1374770439622,74.275853398117917,30.870705043765685,3.9853975102279287,1.6564202953139286,0.20668291539524597,0.30999733268939789,0.33333333333333331,0.33333333333333331
5,2023-02-14,4188,11577.24290316276,4408.9833048887313,89.193440253202127,63.370705043765689,4.870764539820998,3.460610804050114,0.25457593455868338,0.068625555953043552,0.33333333333333331,0
5,2023-02-15,4189,10522.968833046622,4699.2139775856767,91.061229581205069,65.620705043765682,4.9788802089288975,3.587889501832509,0.25224050106780543,0.3852212303228415,0.33333333333333331,0.66666666666666663
5,2023-02-16,4190,5936.6055761443749,4068.0069271480206,70.093565305024796,60.620705043765689,3.8219997985236671,3.305472070872471,0.40097747382760246,0.34984059827898001,1,0.66666666666666663
5,2023-02-17,4191,5573.9916350687463,3724.8168378941955,68.390249727989229,57.720705043765825,3.7232354154116685,3.1423744477646967,0.26863785294366238,0.11984136911473636,0.66666666666666663,0.33333333333333331
5,2023-02-21,4192,5604.6845391505494,3853.0123889904694,67.725993130934583,58.820705043765734,3.6892819354996376,3.2041784035824996,0.43774594813572665,0.41788321006815438,0.66666666666666663,0.66666666666666663
5,2023-02-22,4193,10345.799442224064,7385.5593591612414,82.619980082875898,83.620705043765682,4.5622452349803089,4.6175049031594293,0.63860526725668898,0.52036695275107758,1,0.66666666666666663
5,2023-02-24,4194,5538.9857056017418,6157.0905014872433,63.893891487222994,75.920705043765636,3.5132593675101309,4.1745638272216006,0.32859764124982116,0.20110910271829763,0.66666666666666663,0.33333333333333331
5,2023-02-27,4195,4998.2645051925165,5289.0366114664575,61.910558153889724,69.970705043765818,3.3931030447160868,3.8348517507270543,0.16309733732487733,0.18216815312656043,0.33333333333333331,0.33333333333333331
5,2023-02-28,4196,3501.7808068799382,3236.2346335090465,56.846186538402286,53.320705043765734,3.0873692620992412,2.8958970831644657,0.06681272209054899,0.22327329942076599,0,0.33333333333333331
5,2023-03-01,4197,7172.8976754614514,3800.2762544510747,77.588669923967245,58.370705043765689,4.225502119810872,3.178886016978852,0.32845025760780139,0.33844180527673373,0.33333333333333331,0.66666666666666663
5,2023-03-02,4198,8963.754556037924,3246.9087745177899,87.076948032537601,53.420705043765643,4.7294868985437146,2.9014857585620746,0.32907075749725845,0.16352340533281409,0.33333333333333331,0.33333333333333331
5,2023-03-03,4199,8009.8237202070886,2465.2716348263052,84.056068764177851,45.52070504376578,4.5459056685421091,2.4618428405811512,0.19343275447650346,0.1349525587178739,0.66666666666666663,0.33333333333333331
5,2023-03-06,4200,12147.460472877434,6519.4403151929628,91.373375161852962,78.270705043765773,5.0307424523400854,4.3093489535740668,0.21150492618848318,0.14387797707447716,0.33333333333333331,0.33333333333333331
5,2023-03-08,4201,6180.8623218110151,4383.6750228712199,70.815112672096959,63.170705043765643,3.8667201415363626,3.4493122771522136,0.30240674809041673,0.33592027983423839,0.66666666666666663,0.66666666666666663
5,2023-03-09,4202,4967.2716708038652,1503.4064317584171,68.207746660245974,33.320705043765734,3.6646203712690926,1.7902326417066883,0.28232171744671342,0.29526412846034022,0.66666666666666663,0.66666666666666663
5,2023-03-10,4203,5618.7282419080721,673.00635687746581,70.824608733429685,22.342864337395667,3.7055725806220736,1.168987826997105,0.25715375154421211,0.24730497345880179,0.66666666666666663,0.33333333333333331
5,2023-03-13,4204,5799.4268507730694,561.59914470570914,73.77841065128041,21.092864337395667,3.8677052056973822,1.1057568261589823,0.23376600725499339,0.30334255333620935,0.33333333333333331,0.33333333333333331
5,2023-03-14,4205,9645.67588149127,1224.2652948183418,93.003086070642738,28.82929495623436,4.8353481371863749,1.498871527307599,0.31153377659018328,0.19688850402487459,0.66666666666666663,0
5,2023-03-15,4206,11198.661072972245,1187.209711375232,99.341923984083223,28.179294956234269,5.1666583790967744,1.4655724850466401,0.37726860059808165,0.53352696035834291,0.66666666666666663,1
5,2023-03-16,4207,4717.1199108100018,4953.3427244308568,67.886862488498537,67.529294956234182,3.4599083883848194,3.4416846723527943,0.3519312960761703,0.13228586161849831,0.66666666666666663,0.33333333333333331
5,2023-03-17,4208,6195.9412789269372,5985.0800012962527,77.821564246614642,74.779294956234182,3.9516370501238818,3.7971561660565256,0.37045873935496809,0.22096492538917331,0.66666666666666663,0.33333333333333331
5,2023-03-20,4209,4992.1329662639782,7345.2438745435029,70.331970727526439,83.379294956234318,3.5558012451035892,4.2154399735197705,0.35787674695332877,0.39464143580251926,0.66666666666666663,0.66666666666666663
5,2023-03-23,4210,4277.9788724892232,10239.590024656112,64.701930135021712,99.229294956234227,3.2451564918759011,4.9768931164727768,0.38810807560992044,0.33433868294968777,0.66666666666666663,0.66666666666666663
5,2023-03-24,4211,7248.5202376099742,3063.8865743182428,73.056516595576042,51.679294956234266,3.7537066972678765,2.6553266515727305,0.18978360018527515,0.34227259003347843,0.33333333333333331,1
5,2023-03-27,4212,6041.0645734224117,5055.1991668652081,75.018596801688389,68.279294956234182,3.8219220420148452,3.4785793594128016,0.6196677514472696,0.28221500329419125,1,0.33333333333333331
5,2023-03-28,4213,5907.519616970917,5353.4226351770276,74.414294300628015,70.429294956234273,3.786986987309314,3.584188038485205,0.32503246222091353,0.095984915679872981,0.66666666666666663,0
5,2023-03-29,4214,4870.5796142246081,7640.1339068903217,69.514294300628009,85.129294956234318,3.5113549679561551,4.300110873174436,0.40819243241006048,0.10771629363594799,0.66666666666666663,0
5,2023-03-31,4215,3207.7348578777928,8266.0248305751938,53.059672994568167,88.729294956234227,2.6753225933831577,4.4738211544513797,0.31595148449315835,0.24885853689088255,0.66666666666666663,0.33333333333333331
5,2023-04-03,4216,2106.8012294517603,11912.714602947135,45.588764050408521,107.32929495623436,2.277274791468531,5.3613714449390253,0.31606401452555294,0.40549058021771972,0.33333333333333331,0.66666666666666663
5,2023-04-06,4217,1595.6748174604938,12085.081474877101,35.018932425968238,108.12929495623432,1.7485860301576988,5.3991758604001747,0.17343879599474823,0.18837814699378122,0,0.33333333333333331
5,2023-04-11,4218,1239.0149776191085,13304.75371939568,29.104103548695473,113.62929495623432,1.4492631983216546,5.6582658577947571,0.27709603995636312,0.42268223223802037,0.66666666666666663,1
5,2023-04-12,4219,532.44093913081304,24071.974463372473,15.597772959654776,153.87929495623408,0.76144269860893743,7.5119868659832605,0.2842557451897636,0.089391210496144,0.66666666666666663,0
5,2023-04-13,4220,3257.4018191196278,10589.955057002931,57.044255076137766,100.97929495623423,2.8585730789074568,5.0602237456457724,0.12949042852457313,0.16238364197837851,0.33333333333333331,0.33333333333333331
5,2023-04-17,4221,2080.7481624667366,11382.318128165965,44.274386305742915,104.82929495623436,2.2143836303762581,5.2430376591094499,0.52858062856778376,0.59673156888903245,1,1
5,2023-04-18,4222,2577.9123328880673,9605.1621074405903,46.754103548695561,95.979294956234227,2.348803272899227,4.821747504771758,0.35327299214219082,0.3684124354656258,1,0.66666666666666663
5,2023-04-19,4223,1306.3227505675929,13067.234699987597,30.870015515949188,112.57929495623436,1.5380024171561262,5.6089128842505218,0.27129740729471719,0.22698492265931439,0.66666666666666663,0.33333333333333331
5,2023-04-20,4224,4429.0056427956206,6646.6719379198948,63.446555505780758,79.079294956234364,3.21468120010036,4.0067537281804961,0.3450406264091162,0.52111357802954705,0.33333333333333331,0.66666666666666663
5,2023-04-21,4225,3648.6031248209879,7386.9960220216199,54.183538615101874,83.629294956234318,2.7390323837378361,4.2275449881829088,0.11969954247071608,0.088262428228301285,0,0
5,2023-04-24,4226,2992.3222895159329,9010.415049216339,52.703273887671912,92.829294956234364,2.6518704783974996,4.6708913634011457,0.18074251752919193,0.082296882630718396,0.33333333333333331,0
5,2023-04-25,4227,2066.9208932643451,12150.04905185083,45.22209738374189,108.42929495623427,2.25771829174947,5.4133447307156395,0.17320076484583069,0.17791741964594932,0,0.33333333333333331
5,2023-04-26,4228,2955.1366926755586,8688.5750168695195,49.036564301787166,91.079294956234364,2.4695472163667898,4.5868755800989272,0.25238615593784502,0.47425540099961677,0.33333333333333331,0.66666666666666663
5,2023-04-27,4229,3315.5384051632559,8133.4933881408424,54.319940554338622,87.979294956234227,2.7399026785876082,4.4376835366691489,0.28560668792280974,0.38428722358659506,0.33333333333333331,1
5,2023-04-28,4230,2056.386414989865,18788.442697469985,37.608139856764033,135.6292949562343,1.852435221001085,6.6805878709602169,0.31997208430983531,0.15446811662715629,0.33333333333333331,0.33333333333333331
5,2023-05-09,4231,403.54309356146433,20721.992397361657,18.709183213749991,142.57929495623435,0.91839988286331342,6.9989590828478194,0.42786555428984885,0.22604252043466291,0.66666666666666663,0.33333333333333331
5,2023-05-10,4232,1268.834911277788,15126.070291217309,35.54061899347812,121.37929495623432,1.7629712539238629,6.0209476899840917,0.33973250571580249,0.62030690494498708,0.33333333333333331,0.66666666666666663
5,2023-05-11,4233,1114.4795827804628,16100.569221371574,33.320973750101224,125.32929495623436,1.6496348210357556,6.2047277071258158,0.25497979601744308,0.17609217873235017,0.33333333333333331,0.33333333333333331
5,2023-05-12,4234,1114.4795827804628,16100.569221371574,33.320973750101224,125.32929495623436,1.6496348210357556,6.2047277071258158,0.17471671918370357,0.28407600817298323,0.33333333333333331,0.33333333333333331
5,2023-05-15,4235,1945.2754341669161,13134.872276961329,44.04061899347812,112.87929495623432,2.193858825548737,5.6230190020291566,0.21598250545352829,0.50137548229219853,0.33333333333333331,0.66666666666666663
5,2023-05-16,4236,4348.892377510917,6765.8533803542459,62.904103548695424,79.829294956234364,3.1859857956186901,4.0432179374105734,0.36571025967830262,0.49096943680384442,1,1
5,2023-05-17,4237,5391.3230343577734,4713.4772625884189,60.277425539735681,65.729294956234227,3.0749082048531187,3.3530222392610427,0.39241636474400615,0.33644442443208217,0.66666666666666663,1
5,2023-05-18,4238,5392.0219071355868,4886.0634294746224,61.265068293630826,67.029294956234182,3.1232192237780807,3.4170725405910574,0.24000731823740021,0.13604403427923725,0.66666666666666663,0.33333333333333331
5,2023-05-19,4239,4448.3581366205808,6128.0631617131039,58.183268098101586,75.729294956234227,2.9530156878699483,3.8435413366611293,0.3208378745661466,0.27785288000018366,1,0.33333333333333331
5,2023-05-22,4240,4563.3942389478198,5962.6687128094027,58.731734960297445,74.629294956234318,2.9825175177888199,3.7898281005603445,0.19792612610817484,0.29549577348067224,0.33333333333333331,0.33333333333333331
5,2023-05-23,4241,4404.2016302870279,6030.0375782700203,58.619940554338577,75.079294956234364,2.9761602596572274,3.8118089486068265,0.41555807076042267,0.36741193291277069,0.66666666666666663,0.66666666666666663
5,2023-05-24,4242,6956.9499329575365,3274.6037541431797,70.874716400046808,53.679294956234266,3.6378655922005296,2.7552570232893245,0.13531540558127406,0.27768941877650771,0,0.66666666666666663
5,2023-05-25,4243,7557.1272736434466,3237.1507476738257,79.651981234518189,53.329294956234357,4.0891206547830068,2.737784021573713,0.20521744615310503,0.17527422486807254,0.33333333333333331,0.33333333333333331
5,2023-05-26,4244,7071.3100203881941,3743.1498317755527,78.293277094328531,57.879294956234311,4.0100016437977173,2.9644444137485881,0.35379591555607443,0.24291658432443064,0.66666666666666663,0.33333333333333331
5,2023-05-30,4245,5873.8713568445246,5269.2674812295591,74.151981234518189,69.829294956234364,3.7747903295926584,3.5547391038604332,0.34674566877619672,0.17640585958740632,0.66666666666666663,0.33333333333333331
5,2023-05-31,4246,5197.9468431152791,6757.872950858593,71.297627633961383,79.779294956234182,3.6111949570218749,4.0407878520137857,0.23593761305045369,0.16365546296792927,0.33333333333333331,0.33333333333333331
5,2023-06-01,4247,5053.5986733603886,5109.9826028302077,59.74300632790149,68.679294956234273,3.0430666663899903,3.4982449996808493,0.25165272051496523,0.25176345014519264,0.33333333333333331,0.66666666666666663
5,2023-06-02,4248,6111.7991493155896,4628.4516791453325,74.938464140375643,65.079294956234364,3.8240738979090985,3.3209652211483864,0.13780759480947846,0.11810667790431861,0,0
5,2023-06-05,4249,6336.7322314744852,4321.8310633553965,75.738464140375683,62.679294956234266,3.8696366912952187,3.2024163983259299,0.48914668492287139,0.41020957923061063,1,0.66666666666666663
5,2023-06-06,4250,5554.6629114782381,5689.9628214713157,72.637136321941554,72.779294956234182,3.6921308522602256,3.6993567467016124,0.29475440342623643,0.27336604742952036,0.66666666666666663,0.33333333333333331
5,2023-06-07,4251,5540.9373557437148,5552.5846610544968,72.688464140375643,71.829294956234364,3.6965248240630415,3.6528323309720476,0.17593205297982617,0.3195121095445132,0.33333333333333331,0.33333333333333331
5,2023-06-08,4252,6052.8622728975679,4713.4772625884189,74.721797473709032,65.729294956234227,3.811753174193186,3.3530222392610427,0.16194486441322262,0.26904770685202828,0,0.33333333333333331
5,2023-06-09,4253,6773.7859428874617,3795.4436972361691,77.188464140375643,58.329294956234357,3.9525046925278122,2.9868039815778769,0.23568274669501141,0.50588393940869281,0.66666666666666663,1
5,2023-06-12,4254,6923.4250611281068,3972.6815821048717,77.947627633961318,59.829294956234357,3.9883149628510708,3.0612615102453109,0.38435590726600649,0.21496458797485865,0.66666666666666663,0.33333333333333331
5,2023-06-13,4255,6776.368870390379,4142.1636079823111,77.480960967294706,61.22929495623422,3.9615993949941051,3.1306521605600892,0.24399454317857019,0.29556431567870572,0.33333333333333331,0.66666666666666663
5,2023-06-14,4256,7145.8298404226798,3731.5839727842904,78.630960967294712,57.779294956234175,4.0275033148408186,2.9594742211301344,0.26753792368792201,0.21484119866163987,0.66666666666666663,0.33333333333333331
5,2023-06-15,4257,6382.5928322374557,4641.477538136568,76.164294300628015,65.179294956234273,3.8864291006826392,3.3258984542025396,0.3217964739348827,0.34609502612362708,1,0.66666666666666663
5,2023-06-16,4258,9631.0449822487371,1680.460853701243,84.671797473708992,35.879294956234311,4.3861170956879993,1.8585974750050152,0.16948318984709795,0.23051768636959588,0.33333333333333331,0.33333333333333331
5,2023-06-20,4259,10730.352482729242,1359.0596221213964,87.226610427661853,31.07929495623436,4.5297229729006752,1.6139638540874177,0.42277791548849675,0.59355964603267564,1,1
5,2023-06-21,4260,11187.553538196138,1195.6859998621073,88.185464608763596,28.32929495623436,4.5860660777348583,1.4732588775409203,0.36728536983768628,0.48754506459628172,0.66666666666666663,0.66666666666666663
5,2023-06-26,4261,11918.297209969196,985.05164021223254,92.51568406017077,24.876197670729045,4.8212874073777039,1.2963780119198001,0.20932418668120314,0.15227176953607122,0.33333333333333331,0.33333333333333331
5,2023-06-27,4262,13935.222792769231,584.386446131311,96.397224148052373,21.376197670729045,5.0512064634276026,1.1201109657686568,0.46782939968047071,0.51992424580012264,1,1
5,2023-06-28,4263,13399.171603871102,705.69451729431228,95.838010994021417,22.659531004062348,5.0117929660881897,1.1849669762877422,0.2296043236624806,0.12637041880267366,0.33333333333333331,0
5,2023-06-30,4264,10598.96731232755,1561.361250850043,90.338010994021417,34.179294956234266,4.6837594812195151,1.7720956555403378,0.22311134082861042,0.17876312234944536,0.66666666666666663,0.33333333333333331
5,2023-07-03,4265,10625.337945696041,1297.9010322089277,89.572510027145199,30.07929495623436,4.6539635792037606,1.5628449305709795,0.33006993210804469,0.26714368900423818,1,0.33333333333333331
5,2023-07-05,4266,13746.422142642661,595.60988209629465,96.232299627340964,21.509531004062335,5.0415077340392367,1.1268614314785381,0.37122496131196797,0.26870132089270493,1,0.33333333333333331
5,2023-07-06,4267,11628.770126294583,1162.0508459146188,92.488010994021423,27.729294956234224,4.8113203451085385,1.4425061101926973,0.26795402813937957,0.32563417674014988,0.33333333333333331,0.66666666666666663
5,2023-07-07,4268,11370.221565005981,1190.0301408708531,91.629665047819117,28.229294956234224,4.7654288042344044,1.4681347491280541,0.12712743739222535,0.23422341480326114,0,0.33333333333333331
5,2023-07-10,4269,9668.9992492601814,1943.8659183948832,87.91299838115242,39.379294956234311,4.5457741090075965,2.0362106029749638,0.26852755202235562,0.32617055358273933,0.66666666666666663,0.66666666666666663
5,2023-07-11,4270,7283.378784733929,3842.267133201141,81.526896969673018,58.72929495623422,4.1738031520848322,3.006670504082027,0.37757380433966931,0.34858155478839165,1,1
5,2023-07-12,4271,6457.2173460368504,4422.7579352853654,76.268647901184906,63.47929495623422,3.8951328056579198,3.2419649629087215,0.18919378605577264,0.15373137616651625,0,0
5,2023-07-13,4272,6813.2268583530822,3889.4105691661389,77.187136321941509,59.129294956234311,3.9508182587880181,3.0265288916534936,0.3085662605661913,0.31167021564750724,0.66666666666666663,0.33333333333333331
5,2023-07-14,4273,5012.2588863066076,6862.0085343017126,70.087136321941514,80.429294956234273,3.5487157631362791,4.0723693648726211,0.19957733963352031,0.18928926424638695,0.33333333333333331,0.33333333333333331
5,2023-07-18,4274,4924.5319035262046,6918.4315407710628,69.70513080704238,80.779294956234182,3.5287483639376505,4.0893661860548347,0.31570762122518498,0.29266030923447012,0.66666666666666663,0.66666666666666663
5,2023-07-19,4275,3778.0686968540927,7040.1629832054132,55.459672994568187,81.529294956234182,2.8065215826409688,4.1257676714859661,0.35933782583935397,0.32023582891005881,0.33333333333333331,0.66666666666666663
5,2023-07-20,4276,5485.8592272980932,4753.0048395621534,62.331381785698646,66.029294956234182,3.1791993158063168,3.3678106169659379,0.256668904273615,0.35735924954440718,0.33333333333333331,1
5,2023-07-21,4277,6079.9589081674249,4674.1296856146855,74.821797473709012,65.429294956234273,3.817438646617807,3.3382293345017486,0.17531106733422722,0.38702551073413588,0.33333333333333331,1
5,2023-07-24,4278,6199.4576610034865,4505.7035187284819,75.255130807042335,64.129294956234318,3.8420958190147712,3.2740743838379696,0.17877480279359115,0.16621030789556215,0.33333333333333331,0
5,2023-07-25,4279,4720.9564221273795,5538.2288020632304,58.726339661234839,71.729294956234227,2.9866418990609187,3.6479324089017049,0.20771432332962603,0.17993751382951692,0.33333333333333331,0.33333333333333331
5,2023-07-26,4280,7376.4332880778202,2971.6738433970118,73.774716400046898,50.779294956234175,3.7923621147889528,2.6102909479648484,0.44316198751851538,0.42662401235945441,1,0.33333333333333331
5,2023-07-27,4281,6594.4892404490602,3954.7552936179909,76.21354121840811,59.679294956234266,3.8998869754846157,3.0538209009202646,0.25846592435380394,0.32574552228646431,0.33333333333333331,0.33333333333333331
5,2023-07-28,4282,5171.4290405227766,6181.1961681824878,70.746874551741413,76.079294956234364,3.5900273793794639,3.86061933657597,0.15037272981780911,0.2227772960146859,0,0.66666666666666663
5,2023-07-31,4283,7106.889337397628,3162.9797347350923,71.924716400046762,52.629294956234311,3.6937508422374061,2.7028191740054601,0.32678013777378156,0.42405023818140758,1,1
5,2023-08-01,4284,8028.5132429669475,2856.2039649976869,81.235263468355015,49.629294956234311,4.1783388266821833,2.5526846495337057,0.31292881154536567,0.34804855278960262,0.66666666666666663,0.66666666666666663
5,2023-08-02,4285,9210.2425868309383,2080.6455212460837,84.243225994832002,41.079294956234357,4.3521931131574405,2.1222480797785939,0.42067573727599883,0.54054068370958308,1,1
5,2023-08-03,4286,8472.1756175434348,2685.5639326508663,84.997006418080147,47.879294956234311,4.375762898302666,2.4648920155594385,0.20633726967570246,0.14196425232608628,0.33333333333333331,0.33333333333333331
5,2023-08-04,4287,9790.5478492780403,1771.7215910918285,85.602080175933608,37.129294956234311,4.4314376029369775,1.9221046206053896,0.31757456086632679,0.44461253329398254,0.66666666666666663,1
5,2023-08-07,4288,10739.591864649023,1406.2410645557477,90.49356363633963,31.82929495623436,4.6975479462385605,1.6522682182430624,0.40856284888733896,0.25022200594851501,0.66666666666666663,0.33333333333333331
5,2023-08-08,4289,11091.349798833284,1187.209711375232,90.580014639277422,28.179294956234269,4.710961624718629,1.4655724850466401,0.47967538487516487,0.62694613350480333,1,1
5,2023-08-09,4290,11759.837974802309,1086.3688200371701,92.573137572806445,26.32929495623436,4.8192585544695943,1.3706749417582567,0.30608134618680299,0.27164525720972726,0.66666666666666663,0.66666666666666663
5,2023-08-10,4291,15356.530224773642,477.39650303832985,102.62156208724628,19.826197670729016,5.3904957104265927,1.0414286366765078,0.33072829553268918,0.25551770329773243,0.66666666666666663,0.66666666666666663
5,2023-08-14,4292,14841.314256975194,396.30293768606231,102.47549042098338,17.359531004062319,5.4038279020741626,0.91541809286589082,0.33204649940095032,0.21295534203284275,1,0
5,2023-08-17,4293,14426.941603919222,393.89517441802099,103.92128667481097,16.476197670729032,5.4877375864609483,0.87005321174045669,0.44444211333912226,0.46244528468038348,0.66666666666666663,0.66666666666666663
5,2023-08-18,4294,12957.983802783929,415.42210325501793,97.249909503141978,17.116143322450171,5.1459062625680341,0.90568792880123672,0.30972656057332904,0.13006797628019459,0.66666666666666663,0
5,2023-08-21,4295,7716.3360050042347,396.45201400117588,77.131300512059099,16.159531004062348,4.0750918247026329,0.85375939791638356,0.051596396099967322,0.087547950501790914,0,0
5,2023-08-22,4296,5168.2252407245442,880.63231290917793,69.164633845392402,24.126197670729045,3.6086209712463098,1.2587690851605167,0.10788963802400446,0.25500054880051098,0,0.33333333333333331
5,2023-08-23,4297,11437.31000591207,898.45574887415933,99.299391037584044,24.259531004062335,5.1798018328986757,1.2654615687677595,0.03007097856495955,0.079251670331364862,0,0
5,2023-08-24,4298,11800.125013279903,831.17243450983506,100.08494764864811,23.742864337395684,5.2250037926728323,1.2395126252882109,0.21768011493144504,0.29728957272523948,0.33333333333333331,0.66666666666666663
5,2023-08-25,4299,9892.0776389803796,1648.3719882406288,95.251614315314782,35.429294956234266,4.9353168039023201,1.8357147645717236,0.33590370118490137,0.46418285269544873,0.66666666666666663,1
5,2023-08-29,4300,8303.8947465449,3199.9427412044465,85.321855504047178,52.97929495623422,4.3809840827730833,2.7203047396079292,0.34609285602220047,0.25820960475014038,0.33333333333333331,0.33333333333333331
5,2023-08-30,4301,8521.8001185282155,2671.2226441639878,85.193563636339675,47.72929495623422,4.3862206474972814,2.4573595714479857,0.19095406494908981,0.21210279879853075,0.33333333333333331,0.33333333333333331
5,2023-08-31,4302,8709.4678395876181,2507.2326118171673,85.630339751413501,45.97929495623422,4.4126840200671724,2.3693950146213303,0.10553577538804497,0.20032874028687564,0,0.33333333333333331
5,2023-09-01,4303,10786.29699193435,1387.2334875819959,90.593563636339695,31.529294956234178,4.7034714519671716,1.6369500522420528,0.20755490536923213,0.37472995031231843,0.33333333333333331,0.66666666666666663
5,2023-09-05,4304,11425.304551816947,1148.2486984365016,91.626055635602896,27.479294956234224,4.7671005247315579,1.4296867904702906,0.20829884904660731,0.18943560828067971,0.33333333333333331,0.33333333333333331
5,2023-09-06,4305,12300.504562755019,958.59191576036619,93.804677660688114,24.692864337395651,4.8898625204310013,1.2871928656082392,0.334001886662951,0.48037538809091823,0.66666666666666663,1
5,2023-09-07,4306,11008.180777655878,1497.3230904331949,91.905188837380521,33.22929495623422,4.7673611804845164,1.7236899551942229,0.32034229348192617,0.41304082476712339,0.66666666666666663,1
5,2023-09-08,4307,11195.602846137575,1316.0386091826656,91.604677660688068,30.379294956234315,4.7588081592087095,1.5781861843805975,0.23758140017265936,0.090887060506116266,0.33333333333333331,0
5,2023-09-11,4308,14101.836202580876,588.55773461817751,97.071344327354765,21.426197670729,5.0861305350844761,1.1226427219998953,0.20902819385527086,0.2174597145096506,0.33333333333333331,0.66666666666666663
5,2023-09-12,4309,12697.708229084885,762.90283165863684,94.062610354497565,23.176197670729,4.9149655321610188,1.2110041629600274,0.19588160672128999,0.2717753377225593,0.33333333333333331,0.33333333333333331
5,2023-09-13,4310,15007.782214645909,444.67932321339276,101.87869234693078,19.159531004062348,5.3571022661722507,1.0074684371795637,0.16794877701294708,0.31868294242097622,0.33333333333333331,0.66666666666666663
5,2023-09-14,4311,10166.673429386507,1490.6872314419541,96.018280981981434,33.129294956234311,4.9809763439322214,1.7185918429337717,0.19250821615974709,0.22063495710663072,0.33333333333333331,0.33333333333333331
5,2023-09-15,4312,8575.2707876890254,2772.5566635720752,85.471344327354771,48.779294956234175,4.3981446639748256,2.5100622613648689,0.44076684804328198,0.41738728278940257,1,0.66666666666666663
5,2023-09-20,4313,12640.926701490389,810.49313955360094,94.29356363633967,23.576197670729016,4.9239458817931938,1.2311330376359801,0.12764501164204586,0.33320080413743114,0,0.66666666666666663
5,2023-09-21,4314,10815.420403731261,1467.6192249725812,90.804677660688114,32.779294956234175,4.7113745640744087,1.7007442839252951,0.22170994509559991,0.21836463254491231,0.33333333333333331,0.33333333333333331
5,2023-09-22,4315,10583.295745676494,1309.9727501914103,89.188335359741814,30.279294956234178,4.633521332038435,1.5730729644509538,0.23811942885702275,0.38057845618635505,0.66666666666666663,0.66666666666666663
5,2023-09-25,4316,13678.893740943118,548.86984974947484,95.854999867040149,20.926197670729,5.0263495905739317,1.0973072373943527,0.25710093509904858,0.24397237252991011,0.66666666666666663,0.66666666666666663
5,2023-09-26,4317,18993.803714870795,446.00019897822307,118.83793749648044,17.966143322450154,6.2967168704753052,0.95194952166852931,0.25565628163784127,0.4053446634213338,0.66666666666666663,0.66666666666666663
5,2023-09-27,4318,19698.355003918772,835.00708768178185,114.98028932816662,22.54947665578349,6.1370280658731602,1.2035695154003623,0.27541206379491789,0.60593035016468455,0.66666666666666663,1
5,2023-09-28,4319,16172.060833844605,1804.6949246304259,109.29236327127349,37.570705043765734,5.8854261320018031,2.0231935941715524,0.50731395388299794,0.39176863301734438,0.66666666666666663,0.66666666666666663
5,2023-10-10,4320,9538.5984207475358,936.99233088310223,89.03202256334832,23.320705043765731,4.7578903173466029,1.2462634625926912,0.25460048651833872,0.15169189681017811,0.33333333333333331,0.33333333333333331
5,2023-10-11,4321,9101.5834989561317,816.290953142391,86.905188657880061,22.399476655783474,4.6374166839850615,1.1952762356341233,0.11084035000214143,0.088869054125731484,0.33333333333333331,0
5,2023-10-12,4322,5901.8796354813057,607.15331806128472,74.733841725221581,21.642864337395697,3.9144061243045036,1.1336090685834745,0.2537239049556313,0.48747397450880253,0.66666666666666663,1
5,2023-10-13,4323,10366.770943914918,944.41433878662781,94.981390741924017,24.592864337395667,4.9519767858983874,1.2821805655429037,0.15458814855352584,0.32530024544706665,0.33333333333333331,0.66666666666666663
5,2023-10-16,4324,11120.022674040163,1524.0665263981884,100.09908998596597,33.629294956234311,5.191322994812051,1.7440771162863973,0.22152058148764475,0.15721461846185547,0.33333333333333331,0
5,2023-10-17,4325,7218.6592442499241,4129.9277489910755,81.588302251453953,61.129294956234311,4.1718209465385252,3.1256989802236697,0.54483904286067342,0.43182433673082388,0.66666666666666663,0.66666666666666663
5,2023-10-18,4326,7230.1894782327554,3871.6942806792572,81.297006418080173,58.97929495623422,4.1615011859476425,3.0190829493094227,0.17967778310934523,0.39736993598417092,0.33333333333333331,0.66666666666666663
5,2023-10-19,4327,4471.3890288146022,9215.8494981200402,66.668746842600285,93.929294956234273,3.3527154560020258,4.7236255949828649,0.58171843045127047,0.44040458054653292,1,1
5,2023-10-20,4328,5011.5774265089567,6544.2913544767762,69.96354121840811,78.429294956234273,3.5460487186217997,3.9751289891654467,0.24048142500452693,0.4332455698969781,0.66666666666666663,1
5,2023-10-23,4329,4441.2462033845286,8266.0248305751938,66.530207885074788,88.729294956234227,3.354520641611193,4.4738211544513797,0.34297343470683561,0.24355900378338613,0.66666666666666663,0.33333333333333331
5,2023-10-25,4330,4945.6271446743704,6862.0085343017126,69.821797473709012,80.429294956234273,3.5352808847447599,4.0723693648726211,0.16833144708423067,0.53154084449869554,0.33333333333333331,1
5,2023-10-26,4331,4459.4349887485778,8195.2013946102306,66.663541218408071,88.329294956234364,3.3619214896569702,4.4545511602316985,0.30188411530366499,0.14437542994210356,0.33333333333333331,0.33333333333333331
5,2023-10-27,4332,4154.1719593538255,11008.172666323482,62.983238705069049,103.02929495623418,3.152945469817233,5.1576539325307449,0.33690504381095071,0.19522108817743491,0.66666666666666663,0.33333333333333331
5,2023-10-30,4333,2564.3609139018563,10864.421653384792,50.231381785698581,102.32929495623436,2.5154680647853462,5.1244075795600352,0.078212077407898969,0.25201389985867434,0,0.33333333333333331
5,2023-10-31,4334,3141.7840118723939,8816.576029808215,53.74804845236531,91.779294956234182,2.7058699852677179,4.6204996579774056,0.12929738013745118,0.27622047387903365,0,0.33333333333333331
5,2023-11-01,4335,3328.8721416751378,8319.3524075489258,54.664715119031975,89.029294956234182,2.7558335914010876,4.4882685499210622,0.12980237444040868,0.22344977878729219,0,0.33333333333333331
5,2023-11-02,4336,3211.5893610318235,8498.4109974613948,53.502914421457412,90.029294956234182,2.6959041832841586,4.5363949892287705,0.19280178717116081,0.22089604758419798,0,0.33333333333333331
5,2023-11-06,4337,5474.1910225779766,4766.2206985534185,62.298048452365265,66.129294956234318,3.1773370965657808,3.3727390705479841,0.32452308582204531,0.27683980055833407,0.66666666666666663,0.33333333333333331
5,2023-11-07,4338,6094.3222270573606,4589.4941021715686,74.513541218408136,64.779294956234182,3.8029724765053792,3.3061625006371593,0.55637964741034274,0.513090195166645,1,0.66666666666666663
5,2023-11-08,4339,6274.5789575366116,4346.9427813378961,75.146874551741419,62.879294956234311,3.8390188536995296,3.212306570090389,0.20058210628932685,0.29031815215221773,0.33333333333333331,0.33333333333333331
5,2023-11-09,4340,8233.9518261070716,2609.597060720896,81.20380298860816,47.079294956234357,4.1822060097653102,2.4247055316990371,0.19239682961607582,0.21472430534446238,0.33333333333333331,0.33333333333333331
5,2023-11-10,4341,9822.8245679696247,1731.1818666399747,85.235314567851518,36.579294956234357,4.4137076129690342,1.8941716053250319,0.23749491477039822,0.28264795229442785,0.66666666666666663,0.33333333333333331
5,2023-11-13,4342,6783.1354874404315,4441.824223772247,79.747006418080147,63.629294956234311,4.0724648359759037,3.2493767212866054,0.26091564194263389,0.44887748081815593,0.66666666666666663,0.66666666666666663
5,2023-11-15,4343,4777.767848132833,7708.3973428552863,68.918647901184912,85.529294956234182,3.4805640069281814,4.3194432077286082,0.15180969860641699,0.37285310529539889,0,0.66666666666666663
5,2023-11-16,4344,4547.7206210573413,7871.8055032721395,67.280207885074788,86.479294956234227,3.3961892877552202,4.36532621368639,0.20640662432937631,0.075606880733701518,0.33333333333333331,0
5,2023-11-17,4345,5367.2364853414501,5888.2894178531678,71.921797473708992,74.129294956234318,3.6532634466251328,3.7653931506189018,0.17945203751836911,0.2964410313836553,0,0.33333333333333331
5,2023-11-20,4346,3933.9594559282918,12943.699975535697,58.763541218408136,112.02929495623418,2.928512968125593,5.5830407134572999,0.22241488887925595,0.18720689142752625,0.33333333333333331,0.33333333333333331
5,2023-11-21,4347,2536.0650832212136,10997.872236827869,50.014715119031962,102.97929495623423,2.5038029145218874,5.1552799657697799,0.16089982873780803,0.32167642354629666,0,0.66666666666666663
5,2023-11-22,4348,2405.4443274579221,11688.425583539005,48.914715119031975,106.27929495623418,2.444696759828672,5.3117072722210148,0.31534418578414447,0.29435141776065121,0.66666666666666663,0.33333333333333331
5,2023-11-24,4349,1812.5538349106828,17574.918613368271,38.366871948435197,131.07929495623435,1.8940523757033638,6.4709744998511267,0.23526543875003439,0.16652416769017006,0.33333333333333331,0.33333333333333331
5,2023-11-28,4350,504.35087872145124,23612.586578503837,16.397000138810579,152.3792949562343,0.80104546465768978,7.4442118740679701,0.47083536208439764,0.43742217094534097,0.66666666666666663,0.66666666666666663
5,2023-11-29,4351,209.49886238014736,20240.112794510449,14.464735018061447,140.8792949562343,0.71064064546225392,6.9212849716885358,0.21666663270863593,0.16636744512553339,0.33333333333333331,0.33333333333333331
5,2023-11-30,4352,21.020773321075726,23142.613264139523,4.56244003289991,150.82929495623435,0.2230585720592505,7.3740732842590377,0.34559870580668678,0.27226387243893524,0.66666666666666663,0.33333333333333331
5,2023-12-01,4353,1.0180698888757691,24256.989617320069,0.86473501806131026,154.47929495623444,0.0422017529128772,7.5390690786576435,0.34114238533994223,0.29238322357800661,0.66666666666666663,0.33333333333333331
5,2023-12-04,4354,769.4143654840226,16977.243856569545,27.716076115559645,128.77929495623417,1.3698112593253586,6.3646573729821432,0.25385786668976462,0.35092637439059465,0.33333333333333331,0.66666666666666663
5,2023-12-05,4355,555.3934945712723,17772.100055802621,23.562440032899911,131.82929495623435,1.1627733928592532,6.5055909473072617,0.33050482933669428,0.087408468531480266,0.33333333333333331,0
5,2023-12-06,4356,532.08105453837243,17904.179350758852,23.062440032899911,132.32929495623435,1.1378183449060097,6.52865434684663,0.35175643261946271,0.1685240044694758,0.66666666666666663,0
5,2023-12-07,4357,1752.6687997754241,13282.0378604044,41.862440032900089,113.52929495623418,2.0846790514864844,5.6535677982288819,0.17401449437642613,0.12800831479095262,0,0
5,2023-12-08,4358,3067.2261938809165,8871.733606781987,51.401039097507997,92.079294956234364,2.5873223314377465,4.6349027234910203,0.1243897953313915,0.39390488661740886,0,0.66666666666666663
5,2023-12-11,4359,3427.3429642675255,7837.2537852896385,53.300205281768591,86.279294956234182,2.6907744292484836,4.3556702908465654,0.3174900557882504,0.1540692740582553,0.66666666666666663,0.33333333333333331
5,2023-12-12,4360,3319.1155300668329,8124.6979586452262,54.336607221005274,87.929294956234273,2.7408124701642009,4.4352733899739851,0.45644048977659391,0.17254822356464597,1,0.33333333333333331
5,2023-12-13,4361,2810.7926527123582,23354.264277078197,33.614746096296734,151.52929495623417,1.6428691704362806,7.4057619352052297,0.15397246379377727,0.15203493358334788,0.33333333333333331,0
5,2023-12-14,4362,373.97917019105716,19362.495736286146,19.190618993478211,137.72929495623421,0.94428081451942181,6.7770159403746604,0.25921740411515487,0.19307692894546089,0.33333333333333331,0
5,2023-12-15,4363,756.82113865150166,17132.139010517058,27.420633572608722,129.3792949562343,1.3548078545719371,6.39241557134486,0.27633368169419747,0.34645243713831791,0.66666666666666663,0.66666666666666663
5,2023-12-18,4364,105.34309032472088,21937.298474993975,10.020633572608858,146.77929495623417,0.49088267923721346,7.1903051880488,0.58484039308083113,0.33570189637914022,1,0.66666666666666663
5,2023-12-19,4365,207.92334196920788,20268.298653501672,14.412440032900045,140.97929495623421,0.70803665018791229,6.9258576284657325,0.12200032368334124,0.17238700528800951,0.33333333333333331,0
5,2023-12-20,4366,68.472829564535814,22040.16648146338,8.2624400328999545,147.1292949562343,0.40468433329578074,7.2062151616904693,0.38478060344801707,0.35023722986060185,0.66666666666666663,0.33333333333333331
5,2023-12-21,4367,32.592541152269497,26323.570881246647,5.6852649819384169,161.02929495623417,0.27657447859206158,7.8336882154229528,0.33676901733126102,0.12665639390742969,0.66666666666666663,0.33333333333333331
5,2023-12-22,4368,337.36625524098599,30958.419422038776,18.333923884440537,174.82929495623435,0.88595360415775282,8.4483084447779238,0.3163509638205656,0.1218192468065014,0.66666666666666663,0.33333333333333331
5,2023-12-27,4369,1142.2761069428504,34186.346731250989,32.770803235801772,183.82929495623435,1.5767322573037805,8.844750527147534,0.31240980026114468,0.18370714853501877,0.66666666666666663,0
5,2023-12-28,4370,329.76780479579998,28559.809292651495,15.510855149046998,167.82929495623435,0.75207792615627422,8.1375724862409982,0.2166237950578134,0.3965480826933403,0.33333333333333331,0.66666666666666663
5,2023-12-29,4371,105.30719552105431,21412.133013151542,9.7659113627044771,144.97929495623421,0.47882676878254893,7.1083962127054612,0.20342191722974587,0.26076840043055266,0,0.66666666666666663
5,2024-01-04,4372,29.153341857086062,26565.677323681,5.2839238844403553,161.77929495623417,0.25695644634621323,7.8673034724747337,0.48996318281411827,0.2833522437142299,0.66666666666666663,0.66666666666666663
5,2024-01-05,4373,183.46622542809612,20085.448070058603,11.315911362704432,140.32929495623435,0.55609176680448325,6.896127325973481,0.25863120290120101,0.43292290552666307,0.33333333333333331,0.66666666666666663
5,2024-01-09,4374,437.26572905494049,17877.723491767571,20.473730104004897,132.22929495623421,1.0101504886523041,6.5240425772762096,0.33113163396598549,0.15720770673820103,0.66666666666666663,0
5,2024-01-10,4375,431.44452360771965,18504.72367806191,20.764735018061401,134.57929495623435,1.0233218351556761,6.6322989900320017,0.27462670384182514,0.10408992490258819,0.33333333333333331,0
5,2024-01-11,4376,33.163567650465431,26339.676310742328,5.7352649819385988,161.07929495623435,0.27900007209099792,7.8359299956818695,0.3882620528500918,0.34589652553243927,0.66666666666666663,0.66666666666666663
5,2024-01-12,4377,124.28894646080767,21008.150987274126,10.232578029371098,143.57929495623435,0.5020522547099624,7.0445892086565935,0.12007617171845035,0.28698559474549606,0.33333333333333331,0.66666666666666663
5,2024-01-16,4378,1546.9873313649994,14124.124213584932,39.316076115559554,117.17929495623427,1.9543221630699417,5.8247443746108738,0.10239702153970416,0.22689072304959557,0.33333333333333331,0.33333333333333331
5,2024-01-17,4379,1461.9272604625892,14466.046668958021,38.170633572608722,118.62929495623432,1.8960179600938167,5.8925737609891868,0.30594102993300382,0.31730582087738579,0.66666666666666663,0.66666666666666663
5,2024-01-18,4380,505.87928272982981,18343.588524114391,22.281254871575054,133.97929495623421,1.0983833216620271,6.604682899422456,0.36858619154251687,0.33024262866630233,0.66666666666666663,0.66666666666666663
5,2024-01-19,4381,729.87683079828412,16874.38042060459,27.012440032899956,128.3792949562343,1.3352994405645198,6.3461427596447919,0.10526811760050458,0.19989630529039917,0,0.33333333333333331
5,2024-01-23,4382,718.922251649847,17313.760023455798,26.720633572608676,130.07929495623435,1.3197655680047748,6.4247793424164357,0.23209529583492242,0.16154923502948096,0.33333333333333331,0.33333333333333331
5,2024-01-24,4383,767.82939208054768,17080.427292534554,27.620633572608767,129.17929495623426,1.3648243890109335,6.3831646673864988,0.18993235741567135,0.26683658394739185,0,0.33333333333333331
5,2024-01-25,4384,754.39052682789645,16759.041555143969,27.462440032900002,127.92929495623427,1.3578462315401731,6.3253050658212251,0.29237613227811593,0.25973232387424888,0.33333333333333331,0.66666666666666663
5,2024-01-29,4385,47.986741475707191,22439.238077845181,6.9124400329000464,148.47929495623421,0.33833924930373938,7.2675311400227214,0.31648875224095441,0.26421451418573977,0.66666666666666663,0.66666666666666663
5,2024-01-30,4386,11.394295737159547,25572.255694952375,3.3352649819385078,158.67929495623426,0.16243832859800356,7.7282013859118122,0.53437829681442495,0.49010562299261179,0.66666666666666663,1
5,2024-01-31,4387,28.4409402838386,23278.562129600079,5.2160761155596447,151.27929495623417,0.25495887360068653,7.3944470492086012,0.14382547870976831,0.20082904358927492,0.33333333333333331,0.33333333333333331
5,2024-02-01,4388,190.32439652606487,19875.516627624253,13.123730104004759,139.57929495623435,0.64517022363172627,6.8617995209908003,0.12627153170370775,0.32385269473191414,0,0.66666666666666663
5,2024-02-02,4389,1021.8024871239967,15627.927900537858,31.962440032900002,123.42929495623427,1.5838671968731417,6.1164169948579916,0.16151109362633517,0.22917864801557256,0.33333333333333331,0.33333333333333331
5,2024-02-05,4390,315.10672708743971,18951.557851417445,15.082517251312387,136.22929495623421,0.74268846027734803,6.7081590977070222,0.34295120902880499,0.47217076943359854,0.66666666666666663,0.66666666666666663
5,2024-02-06,4391,70.13531757111808,22010.750622472089,8.362440032900091,147.02929495623417,0.40960227433875845,7.2016700115710321,0.54119665886389534,0.26949792140069356,1,0.33333333333333331
5,2024-02-07,4392,452.45925862578105,18370.394383105671,21.264735018061401,134.07929495623435,1.0482209852888078,6.6092867156105966,0.14329132200109232,0.34414373055814101,0.33333333333333331,0.66666666666666663
5,2024-02-08,4393,700.46564676209653,17015.900145056439,26.462440032900002,128.92929495623426,1.3077558701704968,6.3715984658381153,0.126281810898768,0.26393190597764898,0.33333333333333331,0.66666666666666663
5,2024-02-09,4394,500.91111285363786,18491.268248566234,22.270633572608858,134.52929495623417,1.0975621493572942,6.6299982729404263,0.3605953373139783,0.39446879469707574,0.33333333333333331,0.66666666666666663
5,2024-02-20,4395,611.10559064489507,17864.503062271961,24.620633572608767,132.17929495623426,1.2147839433876289,6.5217365218322074,0.40455627070383615,0.29131431065944002,0.66666666666666663,0.66666666666666663
5,2024-02-21,4396,674.25320672919656,17145.079440012672,25.962440032900002,129.42929495623426,1.2827292506373518,6.3947280116716536,0.36415757457580727,0.43000212476110705,1,0.66666666666666663
5,2024-02-22,4397,589.14952042954496,17983.666927732582,24.170633572608722,132.6292949562343,1.1923161786014562,6.5424869256232396,0.15986355103159114,0.16510149239454466,0.33333333333333331,0.33333333333333331
5,2024-02-26,4398,275.99326572692706,20127.569358545436,16.440618993478211,140.47929495623421,0.80787297577348038,6.9029898506785701,0.31410324549989072,0.10935418864150932,0.33333333333333331,0
5,2024-02-27,4399,306.89047017318501,19403.837024773042,17.512440032899956,137.8792949562343,0.86164186242711782,6.7838960346495272,0.15190418749120069,0.33298650163464311,0.33333333333333331,0.33333333333333331
5,2024-02-28,4400,3.8623411467058588,23949.031027407593,1.9124400328998188,153.47929495623444,0.09337858123091812,7.4939232419244854,0.59185805053423357,0.37342251049201286,1,1
5,2024-02-29,4401,2.8364389709167184,24489.271059754417,1.2660761155593718,155.22929495623444,0.061765836450354751,7.5728995490406099,0.32678458807024297,0.091219437643649967,0.33333333333333331,0
5,2024-03-01,4402,2208.7225938194374,41796.960523031041,46.983923884440628,203.47929495623444,2.2394091601458794,9.6984959822804235,0.22210953680399984,0.310694022966921,0.66666666666666663,0.33333333333333331
5,2024-03-04,4403,6469.5454150970518,57911.227766349242,79.812619635586771,239.82929495623435,3.7393468719821388,11.236380011067951,0.24649514834822361,0.25841959929717956,0.33333333333333331,0.66666666666666663
5,2024-03-05,4404,7889.7811869384377,62035.745351109515,88.262619635586589,248.27929495623417,4.1189359794473059,11.586405719309994,0.35760441293265927,0.32219987779508757,0.66666666666666663,0.66666666666666663
5,2024-03-06,4405,10045.365655983791,67411.626404181632,99.856520314712043,258.87929495623411,4.637048471741255,12.021606954247098,0.24391504570286204,0.3125037734436093,0.33333333333333331,0.33333333333333331
5,2024-03-07,4406,16166.617752978244,82120.108331818265,126.85652031471204,285.87929495623411,5.8179054926603238,13.111022722659731,0.30895161020810119,0.19284918337751256,0.33333333333333331,0.33333333333333331
5,2024-03-11,4407,11663.967372893339,71510.983405498977,107.65652031471222,266.67929495623429,4.981215514850768,12.339122959224257,0.17307996374886322,0.38627020062142942,0.33333333333333331,0.66666666666666663
5,2024-03-12,4408,13254.578113393743,75375.619823373185,114.80652031471232,273.82929495623438,5.2945268545799813,12.628172613735211,0.38724059785053333,0.15035510689810822,0.66666666666666663,0
5,2024-03-13,4409,11567.279004610135,71271.174540038453,107.20652031471241,266.22929495623447,4.9614272637315997,12.320867037959758,0.14008200485927713,0.38764273615941081,0,0.66666666666666663
5,2024-03-14,4410,12142.496062278033,72689.212303306311,109.85652031471204,268.87929495623411,5.0778395763577642,12.428264806500456,0.47584302098374337,0.20103659333461341,0.66666666666666663,0.33333333333333331
5,2024-03-15,4411,11006.106946942142,69867.181776770376,104.55652031471232,263.57929495623438,4.8447290649265495,12.213205521221155,0.15081241448976937,0.32235154418941808,0.33333333333333331,0.66666666666666663
5,2024-03-18,4412,10337.05206489651,68164.478859554845,101.30652031471232,260.32929495623438,4.7012167764031885,12.08080629988558,0.24477881506451279,0.36069034251127863,0.66666666666666663,0.66666666666666663
5,2024-03-19,4413,13741.175498715515,76530.112862189315,116.90652031471222,275.92929495623429,5.3861561997103076,12.712706517218811,0.29258030823067777,0.39985038947897927,0.33333333333333331,1
5,2024-03-21,4414,13999.579843407861,77138.367311092981,118.00652031471213,277.0292949562342,5.4340817975093074,12.75692093185827,0.15103582200948551,0.21873383091636925,0.33333333333333331,0.33333333333333331
5,2024-03-22,4415,16002.126776569208,81748.887748375375,126.20652031471241,285.22929495623447,5.7898210989408385,13.085113081761373,0.33408794369644346,0.35530372500182955,1,0.66666666666666663
5,2024-03-26,4416,19424.665000688688,89274.213558245989,139.10652031471204,298.12929495623411,6.3440744431391458,13.596447072387198,0.19751530621934529,0.19630148484446083,0,0
5,2024-03-27,4417,25916.699830315745,102651.934529851,160.75652031471213,319.7792949562342,7.2597611179222854,14.44122631725943,0.25742755379765764,0.2060590011899979,0.33333333333333331,0.33333333333333331
5,2024-03-28,4418,44555.60131788141,137240.82031396136,210.90652031471222,369.92929495623429,9.3136021335708659,16.336025389986059,0.30100248399756313,0.23352774521929534,0.66666666666666663,0.33333333333333331
5,2024-04-02,4419,51401.897903731944,149064.52974609158,226.55652031471232,385.57929495623438,9.9360358009215304,16.910260068689968,0.59186520886823801,0.22675005655510808,1,0.33333333333333331
5,2024-04-03,4420,71179.740832971831,181595.99920158146,266.65652031471222,425.67929495623429,11.49257710654939,18.346268503662721,0.35953625404185852,0.21421151203092378,0.33333333333333331,0.33333333333333331
5,2024-04-08,4421,78142.044600996989,192613.38372296546,279.40652031471222,438.42929495623429,11.976276052923799,18.792511571205932,0.3476550788786954,0.44661540973685737,0.33333333333333331,0.66666666666666663
5,2024-04-10,4422,121112.98788411258,257370.44713196953,347.90652031471222,506.92929495623429,14.487050606483956,21.108860918435738,0.46093657572260233,0.36818757854223128,0.66666666666666663,1
5,2024-04-12,4423,84526.190656046441,202559.63992998493,290.60652031471204,449.62929495623411,12.396831341810087,19.180500595351681,0.21047807169156887,0.25201144834437228,0.33333333333333331,0.33333333333333331
5,2024-04-15,4424,99649.95851975074,225618.64424830128,315.55652031471232,474.57929495623438,13.319398109647437,20.031627164013859,0.30362860321625135,0.25338220058045963,0.66666666666666663,0.33333333333333331
5,2024-04-16,4425,108385.14272027927,238663.34564161496,329.10652031471204,488.12929495623411,13.812335598888323,20.486393375424271,0.42063024104137475,0.10870063799367885,0.66666666666666663,0
5,2024-04-18,4426,106419.50359839101,235743.56987187755,326.10652031471204,485.12929495623411,13.703681989944618,20.386153504905412,0.39970836633107781,0.44875614891538307,0.66666666666666663,0.66666666666666663
5,2024-04-19,4427,79235.532530224256,194327.06047329461,281.35652031471204,440.37929495623411,12.049787803366755,18.860330840327805,0.37786060249954989,0.14235380847528878,0.66666666666666663,0.33333333333333331
5,2024-04-22,4428,75620.147766133014,188644.37963886358,274.85652031471204,433.87929495623411,11.804269806726021,18.633824860153069,0.40208657111199358,0.49172370442737751,1,1
5,2024-04-23,4429,71179.740832971831,181595.99920158146,266.65652031471222,425.67929495623429,11.49257710654939,18.346268503662721,0.39888760033851228,0.61307323227285682,0.66666666666666663,1
5,2024-04-24,4430,70355.508119996128,180278.79588721701,265.10652031471204,424.12929495623411,11.433411839164707,18.291684778377284,0.27011329882902702,0.50958322341950668,0.33333333333333331,0.66666666666666663
5,2024-04-25,4431,83888.066311354123,201571.66548108132,289.50652031471213,448.5292949562342,12.355704848905814,19.142558787769801,0.26766480134852372,0.26123634140559043,0.33333333333333331,0.66666666666666663
5,2024-04-26,4432,64288.905544631947,170491.06038524126,253.40652031471222,412.42929495623429,10.984244486983627,17.877299304561518,0.37441458920804666,0.46477318561543984,0.66666666666666663,0.66666666666666663
5,2024-04-30,4433,70833.509856562654,181043.03861813829,266.00652031471213,425.0292949562342,11.467775492098298,18.323387435602438,0.49412748667369216,0.49839547192477357,0.66666666666666663,0.66666666666666663
5,2024-05-07,4434,65332.074777922368,172186.22299456198,255.45652031471241,414.47929495623447,11.063273654304254,17.950208741960306,0.23164723542928667,0.34858090119832569,0.33333333333333331,0.66666666666666663
5,2024-05-08,4435,74115.999404402086,186265.60601660426,272.10652031471204,431.12929495623411,11.699983674365228,18.537614264790562,0.29841726158027526,0.1250442306984354,0.33333333333333331,0
5,2024-05-09,4436,101743.52155382767,228761.75759501217,318.85652031471204,477.87929495623411,13.439967978870451,20.142860543161465,0.38331138026372558,0.49882232301287005,1,0.66666666666666663
5,2024-05-10,4437,84293.865439794885,202200.09649402028,290.20652031471241,449.22929495623447,12.381880719972367,19.166707695035175,0.22357499939043043,0.18054061142064173,0.33333333333333331,0
5,2024-05-13,4438,90829.53203874985,212250.16641255282,301.25652031471213,460.2792949562342,12.793023772839552,19.546013332324105,0.16352884898003858,0.11069734433851391,0,0
5,2024-05-14,4439,92433.214096417883,214696.66917582092,303.90652031471222,462.92929495623429,12.891050702638907,19.636449414898589,0.17095432857193713,0.1357576317037428,0,0.33333333333333331
5,2024-05-15,4440,104924.70360494348,233517.26511507915,323.80652031471232,482.82929495623438,13.620195184433092,20.309131612527732,0.20860614211024645,0.1975424851937071,0.33333333333333331,0.33333333333333331
5,2024-05-16,4441,121879.59222880488,258486.90158087315,349.00652031471213,508.0292949562342,14.526201628015988,21.144980227929498,0.53716431759217231,0.44233138323302851,1,0.66666666666666663
5,2024-05-17,4442,139730.60433235185,284193.63875171146,373.70652031471241,532.72929495623441,15.395975788518617,21.947402255849482,0.17411430870809141,0.14879537780414512,0.33333333333333331,0
5,2024-05-21,4443,125607.15134414095,263900.10210740945,354.30652031471232,513.32929495623432,14.714336987196825,21.318547072396459,0.1880432261433902,0.32450546485370402,0.33333333333333331,0.66666666666666663
5,2024-05-22,4444,83656.621095102295,201213.00204511624,289.10652031471204,448.12929495623411,12.34074018503061,19.128752932779875,0.20338568791906061,0.1617398873514212,0.33333333333333331,0.33333333333333331
5,2024-05-24,4445,88316.617268106376,208401.46033492059,297.05652031471232,456.07929495623438,12.637207594270194,19.402262989225719,0.2382054929562101,0.34639507018816551,0.33333333333333331,0.66666666666666663
5,2024-05-28,4446,84032.882071511471,201795.99262855938,289.75652031471213,448.7792949562342,12.365055169509981,19.151185053715157,0.26091463842308699,0.42985999005346964,0.33333333333333331,0.66666666666666663
5,2024-05-29,4447,87073.389882784642,206490.3372961045,294.95652031471241,453.97929495623447,12.559090516050857,19.330195012081262,0.40658743930463936,0.29997713007786952,0.66666666666666663,0.66666666666666663
5,2024-05-30,4448,86896.50597059571,206218.03971913061,294.65652031471222,453.67929495623429,12.54791952793409,19.319889064462227,0.16369044445275524,0.32155251394815648,0.33333333333333331,0.66666666666666663
5,2024-05-31,4449,80790.555891955169,196756.70909555387,284.10652031471204,443.12929495623411,12.153249788882752,18.955781107765503,0.3022150855692769,0.51677271147130666,0.66666666666666663,0.66666666666666663
5,2024-06-03,4450,74279.353316591019,186524.3735935782,272.40652031471222,431.42929495623429,11.711372326513853,18.548121021334236,0.27272619983132884,0.5733081000231296,0.33333333333333331,1
5,2024-06-04,4451,82131.379037434526,198844.93928184852,286.45652031471241,445.47929495623447,12.241470067507635,19.037169930396118,0.41313116250814647,0.27213764114073419,0.66666666666666663,0.66666666666666663
5,2024-06-05,4452,94327.044522369048,217576.44080454949,307.00652031471213,466.0292949562342,13.005444391879697,19.741984874872244,0.54001085746851052,0.38891362346669139,1,1
5,2024-06-06,4453,66229.235099023863,173639.96302690881,257.20652031471241,416.22929495623447,11.130626636433808,18.012346155281048,0.099173807130163535,0.38411787228493921,0,0.66666666666666663
5,2024-06-07,4454,69193.879430611487,178417.46698940973,262.90652031471222,421.92929495623429,11.349299387641366,18.214085687728655,0.31581227430139663,0.21310619305483755,0.33333333333333331,0.33333333333333331
5,2024-06-11,4455,74415.619076748379,186740.15074105631,272.65652031471222,431.67929495623429,11.72086062610262,18.556874581675842,0.34194350597903056,0.13686571566468911,0.33333333333333331,0
5,2024-06-12,4456,66229.235099023863,173639.96302690881,257.20652031471241,416.22929495623447,11.130626636433808,18.012346155281048,0.30680212252957934,0.33725741787033098,0.66666666666666663,0.33333333333333331
5,2024-06-13,4457,76723.573847391861,190383.89681868849,276.85652031471204,435.87929495623411,11.879959677946838,18.703653584339254,0.25737933320681944,0.11039107922344359,0.33333333333333331,0.33333333333333331
5,2024-06-14,4458,73383.134299552417,185103.37942022251,270.75652031471213,429.7792949562342,11.648698359313878,18.490300297125398,0.24359152084587513,0.28435553469197977,0.66666666666666663,0.66666666666666663
5,2024-06-18,4459,88881.927156704231,209268.91349533727,298.00652031471213,457.0292949562342,12.672500438625283,19.434822884684223,0.23081684236545738,0.13077525224554046,0.33333333333333331,0.33333333333333331
5,2024-06-20,4460,79291.813834287401,194415.14633228615,281.45652031471241,440.47929495623447,12.053554327089884,18.863805698217785,0.25779177310229645,0.34669777976327371,0.33333333333333331,0.66666666666666663
5,2024-06-21,4461,75785.151678321927,188904.79721583743,275.15652031471222,434.17929495623429,11.815631575510992,18.644306815082523,0.35025417892677213,0.3961647011349278,0.66666666666666663,0.66666666666666663
5,2024-06-24,4462,73762.683427993165,185705.56043316147,271.45652031471241,430.47929495623447,11.675298179166573,18.514840324132141,0.36059578395184683,0.43868643264756124,0.66666666666666663,1
5,2024-06-25,4463,60617.852196005726,164482.37224938473,246.05652031471232,405.07929495623438,10.69973779987008,17.614823775628221,0.18476209400082746,0.22531435085070292,0.33333333333333331,0.33333333333333331
5,2024-06-26,4464,72977.562019080346,184459.27297778815,270.00652031471213,429.0292949562342,11.620180767546572,18.463991003453014,0.41064146860637868,0.31657182725257066,0.66666666666666663,0.66666666666666663
5,2024-06-27,4465,76972.947215675245,190776.39068414934,277.30652031471232,436.32929495623438,11.896971998571894,18.719348533023052,0.13061817383268162,0.1865987008197422,0.33333333333333331,0.33333333333333331
5,2024-06-28,4466,75977.883742542181,189208.84522230676,275.50652031471213,434.5292949562342,11.828883273140361,18.656532349673018,0.37543912124134698,0.47874673774264659,1,0.66666666666666663
5,2024-07-01,4467,77445.090800210208,191518.87298557488,278.15652031471222,437.17929495623429,11.929088466375566,18.74897801892288,0.36710910255411711,0.18632443453003847,0.66666666666666663,0.33333333333333331
5,2024-07-02,4468,94788.116802841119,218276.04724698383,307.75652031471213,466.7792949562342,13.033075161018575,19.767476018219838,0.22165745975996495,0.14376689004072638,0.33333333333333331,0
5,2024-07-03,4469,105995.98762198212,235113.32428843481,325.45652031471241,484.47929495623447,13.680104256518879,20.364401544996294,0.30131112891668121,0.25228694063014517,0.66666666666666663,0.33333333333333331
5,2024-07-05,4470,104439.55632447143,232793.5836726448,323.05652031471232,482.07929495623438,13.592936289092307,20.283983546430242,0.12191032689192949,0.074614484722471605,0,0
5,2024-07-08,4471,98862.629718963944,224433.75851091067,314.30652031471232,473.32929495623438,13.273639947409615,19.989412346646152,0.23206136846919001,0.35547747007149738,0.33333333333333331,0.33333333333333331
5,2024-07-09,4472,109473.91673731788,240276.89481497058,330.75652031471213,489.7792949562342,13.871978539841555,20.541417784982666,0.3555509281917148,0.11079999270929448,0.66666666666666663,0
5,2024-07-10,4473,126530.03829695901,265236.44827429537,355.60652031471204,514.62929495623405,14.760356978030551,21.361003443310398,0.44767458701878038,0.36984980641823056,0.66666666666666663,1
5,2024-07-11,4474,124864.21015147993,262823.21308800118,353.25652031471213,512.27929495623414,14.677130702566098,21.284221906484998,0.18246656234108802,0.30076679887706498,0.33333333333333331,0.66666666666666663
5,2024-07-12,4475,151867.2816783594,301387.24033131928,389.60652031471204,548.62929495623405,15.94656681052358,22.455357521129429,0.58346993607076558,0.67819103300151629,0.66666666666666663,1
5,2024-07-16,4476,168343.43031532585,324415.12728351651,410.20652031471241,569.22929495623441,16.649343303624988,23.103713570753893,0.32773081995035891,0.20482958866146447,0.66666666666666663,0.33333333333333331
5,2024-07-18,4477,122508.61396537141,259402.16431179448,349.90652031471222,508.92929495623429,14.558207626990315,21.174507799302443,0.1328084765700995,0.40699804942723422,0.33333333333333331,0.66666666666666663
5,2024-07-19,4478,115067.27312657349,248525.93154073964,339.10652031471204,498.12929495623411,14.172546508743764,20.81871086873549,0.13303043743723739,0.31956707271087331,0.33333333333333331,0.66666666666666663
5,2024-07-22,4479,122228.84874911957,258995.18087582942,349.50652031471213,508.5292949562342,14.543985698252762,21.161387164755283,0.59877211235307515,0.35677496439766926,1,0.66666666666666663
5,2024-07-23,4480,135392.46054466945,277994.92850072309,367.85652031471204,526.87929495623405,15.191580264499043,21.758834374289538,0.54414863374253419,0.45146385316260584,0.66666666666666663,1
5,2024-07-24,4481,96550.451468634928,220944.81172823429,310.60652031471204,469.62929495623411,13.137912203481603,19.864194863219446,0.15793382056033214,0.2738650442174872,0.33333333333333331,0.66666666666666663
5,2024-07-25,4482,110634.62705841936,241994.18484731743,332.50652031471213,491.5292949562342,13.935146067420147,20.599693850058014,0.49181617729032157,0.43961988149510539,1,0.66666666666666663
5,2024-07-26,4483,113984.69226156648,246934.4777968798,337.50652031471213,496.5292949562342,14.115115232098704,20.765726860283308,0.57494174612298821,0.22923996101373034,1,0.33333333333333331
5,2024-07-29,4484,113411.65367703153,246091.10049545427,336.65652031471222,495.67929495623429,14.084573593335938,20.737550254418334,0.23147675093314124,0.25115295007034355,0.33333333333333331,0.33333333333333331
5,2024-07-30,4485,138984.19129172244,283129.18016179895,372.70652031471241,531.72929495623441,15.3611062240742,21.915232863052154,0.32702864154677841,0.16358435796324355,0.33333333333333331,0
5,2024-07-31,4486,160840.17218950368,313969.94782682619,400.95652031471241,559.97929495623441,16.335235392015331,22.813929027978016,0.42455745616175761,0.20671082177563296,1,0.66666666666666663
5,2024-08-01,4487,173343.53171113366,331339.40425248671,416.25652031471213,575.27929495623414,16.853514193765292,23.292074213261301,0.40633902939701555,0.19131498787508705,0.66666666666666663,0.33333333333333331
5,2024-08-02,4488,115848.54062329741,249672.95141913908,340.25652031471213,499.2792949562342,14.213777818773613,20.856749376787775,0.2066678506941669,0.26135556596729287,0.33333333333333331,0.33333333333333331
5,2024-08-05,4489,117693.21583299704,252376.34961190305,342.95652031471241,501.97929495623447,14.310426250848613,20.945913707464246,0.43187265291927163,0.21192324869554069,0.66666666666666663,0.33333333333333331
5,2024-08-06,4490,120383.48669145153,256306.99811256127,346.85652031471204,505.87929495623411,14.4496457045434,21.074352515413114,0.18660708811548873,0.11363151863490099,0.33333333333333331,0
5,2024-08-07,4491,128135.33013837521,267557.34260159842,357.85652031471204,516.87929495623405,14.839889705974086,21.434377447437608,0.53594556439828356,0.40700821925536523,1,0.66666666666666663
5,2024-08-08,4492,139767.97748438313,284246.91418120678,373.75652031471213,532.77929495623414,15.397718512563584,21.949010029712824,0.43592765790422777,0.39955715712267942,0.66666666666666663,0.33333333333333331
5,2024-08-09,4493,174761.69388020391,333298.24385533819,417.95652031471241,576.97929495623441,16.910704631292607,23.344836032296911,0.39294204749160588,0.27990739222524552,0.66666666666666663,0.33333333333333331
5,2024-08-13,4494,162568.90772685665,316382.48129513761,403.10652031471204,562.12929495623405,16.408455257650999,22.881479014785452,0.18236587940217477,0.12648976113611035,0.33333333333333331,0.33333333333333331
5,2024-08-14,4495,186876.51720917318,349945.21626159083,432.20652031471241,591.22929495623441,17.387019080968397,23.784266431580757,0.51143439713854533,0.32036683784480297,1,0.66666666666666663
5,2024-08-16,4496,194516.69381468068,360368.29142332496,440.95652031471241,599.97929495623441,17.676796228366339,24.051604295613814,0.21807887792738376,0.17474628297727191,0.66666666666666663,0.33333333333333331
5,2024-08-19,4497,226799.07284483625,403845.87378824363,476.15652031471222,635.17929495623423,18.822275731385009,25.108382051832564,0.35523749351989564,0.22750827367554149,0.33333333333333331,0.33333333333333331
5,2024-08-20,4498,197526.7581528204,364459.71062902693,444.35652031471204,603.37929495623405,17.788847667675977,24.154978880931726,0.21985877396962397,0.32522312590214891,0.33333333333333331,0.33333333333333331
5,2024-08-21,4499,184464.00069541065,346642.17220983573,429.40652031471222,588.42929495623423,17.293859054156755,23.698320376811694,0.18271232252052327,0.11115580021195837,0.33333333333333331,0
5,2024-08-22,4500,209477.76844116024,380624.82444536709,457.60652031471204,616.62929495623405,18.222623459489967,24.555164660570014,0.49325558043393197,0.35012406011004371,0.66666666666666663,0.33333333333333331
5,2024-08-23,4501,207059.47638349261,377363.71168209956,454.95652031471241,613.97929495623441,18.1362348892672,24.47546570553644,0.13539522943246199,0.21146665825300062,0.33333333333333331,0.33333333333333331
5,2024-08-27,4502,204067.65334941537,373322.33833538817,451.65652031471222,610.67929495623423,18.028401170131215,24.375982235554705,0.21178328391410486,0.35350800040204416,0.33333333333333331,0.66666666666666663
5,2024-08-28,4503,215840.34842150335,389181.9187157632,464.50652031471213,623.52929495623414,18.446706656396177,24.761895673572706,0.52558946830104247,0.26293619302850213,0.66666666666666663,0.33333333333333331
5,2024-08-29,4504,211450.09897851359,383280.95291367901,459.75652031471213,618.77929495623414,18.292578443699131,24.619702586437793,0.20905903774515747,0.25960039665643692,0.33333333333333331,0.33333333333333331
